run_id,pair_id,role,repeat,sequence_index,sample_index,query_start_s,query_end_s,query_midpoint_s,query_latency_s,relative_to_kernel_start_s,energy_mJ,changed_from_previous,in_fit_window
softmax_1785110423114_softmax_full_f16io_f32acc_fp32_fast___expf_r0,softmax_oratc_main_crossplatform_smoke_20260727_cache_reuse_candidate_probe_g16_s00_p00,probe_before,0,0,0,43395.5297065,43395.5309348,43395.5303207,0.00122830100008,-0.000622580497293,7438724825,false,false
softmax_1785110423114_softmax_full_f16io_f32acc_fp32_fast___expf_r0,softmax_oratc_main_crossplatform_smoke_20260727_cache_reuse_candidate_probe_g16_s00_p00,probe_before,0,0,1,43396.0337428,43396.0351827,43396.0344628,0.00143990600191,0.503519539001,7438806258,true,false
softmax_1785110423114_softmax_full_f16io_f32acc_fp32_fast___expf_r0,softmax_oratc_main_crossplatform_smoke_20260727_cache_reuse_candidate_probe_g16_s00_p00,probe_before,0,0,2,43396.5362922,43396.5382804,43396.5372863,0.00198813000316,1.006343062,7438888889,true,false
softmax_1785110423114_softmax_full_f16io_f32acc_fp32_fast___expf_r0,softmax_oratc_main_crossplatform_smoke_20260727_cache_reuse_candidate_probe_g16_s00_p00,probe_before,0,0,3,43397.0414159,43397.0438293,43397.0426226,0.00241336700128,1.5116793855,7438955077,true,true
softmax_1785110423114_softmax_full_f16io_f32acc_fp32_fast___expf_r0,softmax_oratc_main_crossplatform_smoke_20260727_cache_reuse_candidate_probe_g16_s00_p00,probe_before,0,0,4,43397.5523705,43397.5538309,43397.5531007,0.00146035000216,2.022157446,7439038066,true,true
softmax_1785110423114_softmax_full_f16io_f32acc_fp32_fast___expf_r0,softmax_oratc_main_crossplatform_smoke_20260727_cache_reuse_candidate_probe_g16_s00_p00,probe_before,0,0,5,43398.0618808,43398.0633736,43398.0626272,0.00149270499969,2.53168396551,7439120577,true,true
softmax_1785110423114_softmax_full_f16io_f32acc_fp32_fast___expf_r0,softmax_oratc_main_crossplatform_smoke_20260727_cache_reuse_candidate_probe_g16_s00_p00,probe_before,0,0,6,43398.5715522,43398.573026,43398.5722891,0.00147373499931,3.0413458545,7439202602,true,true
softmax_1785110423114_softmax_full_f16io_f32acc_fp32_fast___expf_r0,softmax_oratc_main_crossplatform_smoke_20260727_cache_reuse_candidate_probe_g16_s00_p00,probe_before,0,0,7,43399.0806448,43399.0821334,43399.0813891,0.0014885940036,3.550445872,7439284244,true,true
softmax_1785110423114_softmax_full_f16io_f32acc_fp32_fast___expf_r0,softmax_oratc_main_crossplatform_smoke_20260727_cache_reuse_candidate_probe_g16_s00_p00,probe_before,0,0,8,43399.5881386,43399.5940711,43399.5911048,0.00593256300635,4.06016161451,7439365315,true,true
softmax_1785110423114_softmax_full_f16io_f32acc_fp32_fast___expf_r0,softmax_oratc_main_crossplatform_smoke_20260727_cache_reuse_candidate_probe_g16_s00_p00,probe_before,0,0,9,43400.1006648,43400.1021359,43400.1014003,0.00147110100079,4.5704570915,7439432012,true,true
softmax_1785110423114_softmax_full_f16io_f32acc_fp32_fast___expf_r0,softmax_oratc_main_crossplatform_smoke_20260727_cache_reuse_candidate_probe_g16_s00_p00,probe_before,0,0,10,43400.6040913,43400.6055848,43400.604838,0.00149344300007,5.07389481151,7439515354,true,true
softmax_1785110423114_softmax_full_f16io_f32acc_fp32_fast___expf_r0,softmax_oratc_main_crossplatform_smoke_20260727_cache_reuse_candidate_probe_g16_s00_p00,probe_before,0,0,11,43401.1065175,43401.1107859,43401.1086517,0.00426839300053,5.5777085005,7439598878,true,true
softmax_1785110423114_softmax_full_f16io_f32acc_fp32_fast___expf_r0,softmax_oratc_main_crossplatform_smoke_20260727_cache_reuse_candidate_probe_g16_s00_p00,probe_before,0,0,12,43401.6157238,43401.6172143,43401.6164691,0.00149049099855,6.08552584951,7439682435,true,true
softmax_1785110423114_softmax_full_f16io_f32acc_fp32_fast___expf_r0,softmax_oratc_main_crossplatform_smoke_20260727_cache_reuse_candidate_probe_g16_s00_p00,probe_before,0,0,13,43402.1235989,43402.1249881,43402.1242935,0.00138921399775,6.59335026,7439765982,true,true
softmax_1785110423114_softmax_full_f16io_f32acc_fp32_fast___expf_r0,softmax_oratc_main_crossplatform_smoke_20260727_cache_reuse_candidate_probe_g16_s00_p00,probe_before,0,0,14,43402.6253254,43402.6275819,43402.6264537,0.00225644600141,7.095510423,7439832402,true,true
softmax_1785110423114_softmax_full_f16io_f32acc_fp32_fast___expf_r0,softmax_oratc_main_crossplatform_smoke_20260727_cache_reuse_candidate_probe_g16_s00_p00,probe_before,0,0,15,43403.1319084,43403.1333752,43403.1326418,0.00146677900193,7.6016985915,7439916380,true,true
softmax_1785110423114_softmax_full_f16io_f32acc_fp32_fast___expf_r0,softmax_oratc_main_crossplatform_smoke_20260727_cache_reuse_candidate_probe_g16_s00_p00,probe_before,0,0,16,43403.6351108,43403.6392519,43403.6371814,0.00414108599944,8.10623813501,7440000509,true,true
softmax_1785110423114_softmax_full_f16io_f32acc_fp32_fast___expf_r0,softmax_oratc_main_crossplatform_smoke_20260727_cache_reuse_candidate_probe_g16_s00_p00,probe_before,0,0,17,43404.1445709,43404.1460541,43404.1453125,0.00148313300451,8.6143692535,7440084565,true,true
softmax_1785110423114_softmax_full_f16io_f32acc_fp32_fast___expf_r0,softmax_oratc_main_crossplatform_smoke_20260727_cache_reuse_candidate_probe_g16_s00_p00,probe_before,0,0,18,43404.6470116,43404.650742,43404.6488768,0.00373042799765,9.117933569,7440168231,true,true
softmax_1785110423114_softmax_full_f16io_f32acc_fp32_fast___expf_r0,softmax_oratc_main_crossplatform_smoke_20260727_cache_reuse_candidate_probe_g16_s00_p00,probe_before,0,0,19,43405.156274,43405.1577082,43405.1569911,0.00143425400165,9.626047886,7440235082,true,true
softmax_1785110423114_softmax_full_f16io_f32acc_fp32_fast___expf_r0,softmax_oratc_main_crossplatform_smoke_20260727_cache_reuse_candidate_probe_g16_s00_p00,probe_before,0,0,20,43405.6613614,43405.6628235,43405.6620925,0.0014620649963,10.1311492175,7440318435,true,true
softmax_1785110423114_softmax_full_f16io_f32acc_fp32_fast___expf_r0,softmax_oratc_main_crossplatform_smoke_20260727_cache_reuse_candidate_probe_g16_s00_p00,probe_before,0,0,21,43406.1897207,43406.1911602,43406.1904405,0.0014395199978,10.659497255,7440401763,true,true
softmax_1785110423114_softmax_full_f16io_f32acc_fp32_fast___expf_r0,softmax_oratc_main_crossplatform_smoke_20260727_cache_reuse_candidate_probe_g16_s00_p00,probe_before,0,0,22,43406.6961918,43406.6977282,43406.69696,0.00153633199807,11.166016775,7440484965,true,true
softmax_1785110423114_softmax_full_f16io_f32acc_fp32_fast___expf_r0,softmax_oratc_main_crossplatform_smoke_20260727_cache_reuse_candidate_probe_g16_s00_p00,probe_before,0,0,23,43407.2245534,43407.2259392,43407.2252463,0.00138579499617,11.6943030285,7440568216,true,true
softmax_1785110423114_softmax_full_f16io_f32acc_fp32_fast___expf_r0,softmax_oratc_main_crossplatform_smoke_20260727_cache_reuse_candidate_probe_g16_s00_p00,probe_before,0,0,24,43407.751529,43407.7530874,43407.7523082,0.0015584540015,12.221364978,7440651329,true,true
softmax_1785110423114_softmax_full_f16io_f32acc_fp32_fast___expf_r0,softmax_oratc_main_crossplatform_smoke_20260727_cache_reuse_candidate_probe_g16_s00_p00,probe_before,0,0,25,43408.25828,43408.2597129,43408.2589964,0.00143288400432,12.728053206,7440734331,true,false
softmax_1785110423114_softmax_full_f16io_f32acc_fp32_fast___expf_r0,softmax_oratc_main_crossplatform_smoke_20260727_cache_reuse_candidate_probe_g16_s00_p00,probe_before,0,0,26,43408.7648092,43408.7662746,43408.7655419,0.00146543500159,13.2345986405,7440816925,true,false
softmax_1785110423114_softmax_full_f16io_f32acc_fp32_fast___expf_r0,softmax_oratc_main_crossplatform_smoke_20260727_cache_reuse_candidate_probe_g16_s00_p00,probe_before,0,0,27,43409.1012091,43409.1026994,43409.1019542,0.00149029699969,13.5710110015,7440862388,true,false
softmax_1785110435050_softmax_full_f16io_f32acc_fp32_fast___expf_r0,softmax_oratc_main_crossplatform_smoke_20260727_cache_reuse_candidate_probe_g16_s00_p00,full,0,1,0,43409.1112589,43409.1157247,43409.1134918,0.00446583199664,-0.00223934200039,7440862388,false,false
softmax_1785110435050_softmax_full_f16io_f32acc_fp32_fast___expf_r0,softmax_oratc_main_crossplatform_smoke_20260727_cache_reuse_candidate_probe_g16_s00_p00,full,0,1,1,43409.616085,43409.6208207,43409.6184529,0.00473561800027,0.502721723999,7440942442,true,false
softmax_1785110435050_softmax_full_f16io_f32acc_fp32_fast___expf_r0,softmax_oratc_main_crossplatform_smoke_20260727_cache_reuse_candidate_probe_g16_s00_p00,full,0,1,2,43410.1214004,43410.1270465,43410.1242235,0.00564610300353,1.0084923565,7441026324,true,false
softmax_1785110435050_softmax_full_f16io_f32acc_fp32_fast___expf_r0,softmax_oratc_main_crossplatform_smoke_20260727_cache_reuse_candidate_probe_g16_s00_p00,full,0,1,3,43410.62744,43410.6316855,43410.6295627,0.00424555900099,1.5138316065,7441093274,true,true
softmax_1785110435050_softmax_full_f16io_f32acc_fp32_fast___expf_r0,softmax_oratc_main_crossplatform_smoke_20260727_cache_reuse_candidate_probe_g16_s00_p00,full,0,1,4,43411.1538583,43411.1583413,43411.1560998,0.00448300300195,2.0403686815,7441177492,true,true
softmax_1785110435050_softmax_full_f16io_f32acc_fp32_fast___expf_r0,softmax_oratc_main_crossplatform_smoke_20260727_cache_reuse_candidate_probe_g16_s00_p00,full,0,1,5,43411.6658022,43411.6672721,43411.6665372,0.0014698590021,2.5508060365,7441261825,true,true
softmax_1785110435050_softmax_full_f16io_f32acc_fp32_fast___expf_r0,softmax_oratc_main_crossplatform_smoke_20260727_cache_reuse_candidate_probe_g16_s00_p00,full,0,1,6,43412.1675751,43412.1694983,43412.1685367,0.00192315300228,3.0528055775,7441345734,true,true
softmax_1785110435050_softmax_full_f16io_f32acc_fp32_fast___expf_r0,softmax_oratc_main_crossplatform_smoke_20260727_cache_reuse_candidate_probe_g16_s00_p00,full,0,1,7,43412.6916667,43412.6961214,43412.693894,0.00445477200265,3.578162909,7441430131,true,true
softmax_1785110435050_softmax_full_f16io_f32acc_fp32_fast___expf_r0,softmax_oratc_main_crossplatform_smoke_20260727_cache_reuse_candidate_probe_g16_s00_p00,full,0,1,8,43413.2229573,43413.2245767,43413.223767,0.00161944800493,4.108035848,7441514306,true,true
softmax_1785110435050_softmax_full_f16io_f32acc_fp32_fast___expf_r0,softmax_oratc_main_crossplatform_smoke_20260727_cache_reuse_candidate_probe_g16_s00_p00,full,0,1,9,43413.7510845,43413.7525683,43413.7518264,0.00148382499901,4.6360952785,7441597977,true,true
softmax_1785110435050_softmax_full_f16io_f32acc_fp32_fast___expf_r0,softmax_oratc_main_crossplatform_smoke_20260727_cache_reuse_candidate_probe_g16_s00_p00,full,0,1,10,43414.2790358,43414.2805562,43414.279796,0.00152034900384,5.1640648915,7441681173,true,true
softmax_1785110435050_softmax_full_f16io_f32acc_fp32_fast___expf_r0,softmax_oratc_main_crossplatform_smoke_20260727_cache_reuse_candidate_probe_g16_s00_p00,full,0,1,11,43414.7806649,43414.7821097,43414.7813873,0.00144487900252,5.6656561785,7441764122,true,true
softmax_1785110435050_softmax_full_f16io_f32acc_fp32_fast___expf_r0,softmax_oratc_main_crossplatform_smoke_20260727_cache_reuse_candidate_probe_g16_s00_p00,full,0,1,12,43415.2913918,43415.2928547,43415.2921232,0.00146287800453,6.176392083,7441847818,true,true
softmax_1785110435050_softmax_full_f16io_f32acc_fp32_fast___expf_r0,softmax_oratc_main_crossplatform_smoke_20260727_cache_reuse_candidate_probe_g16_s00_p00,full,0,1,13,43415.8020648,43415.8034848,43415.8027748,0.00142003800283,6.687043677,7441913781,true,true
softmax_1785110435050_softmax_full_f16io_f32acc_fp32_fast___expf_r0,softmax_oratc_main_crossplatform_smoke_20260727_cache_reuse_candidate_probe_g16_s00_p00,full,0,1,14,43416.3117026,43416.3162983,43416.3140004,0.00459567700454,7.1982692955,7441995935,true,true
softmax_1785110435050_softmax_full_f16io_f32acc_fp32_fast___expf_r0,softmax_oratc_main_crossplatform_smoke_20260727_cache_reuse_candidate_probe_g16_s00_p00,full,0,1,15,43416.8164201,43416.8214217,43416.8189209,0.00500165700214,7.7031897925,7442080326,true,true
softmax_1785110435050_softmax_full_f16io_f32acc_fp32_fast___expf_r0,softmax_oratc_main_crossplatform_smoke_20260727_cache_reuse_candidate_probe_g16_s00_p00,full,0,1,16,43417.3241683,43417.3266302,43417.3253992,0.00246188299934,8.2096681105,7442164598,true,true
softmax_1785110435050_softmax_full_f16io_f32acc_fp32_fast___expf_r0,softmax_oratc_main_crossplatform_smoke_20260727_cache_reuse_candidate_probe_g16_s00_p00,full,0,1,17,43417.8286767,43417.8315924,43417.8301345,0.00291575700248,8.71440340549,7442248665,true,true
softmax_1785110435050_softmax_full_f16io_f32acc_fp32_fast___expf_r0,softmax_oratc_main_crossplatform_smoke_20260727_cache_reuse_candidate_probe_g16_s00_p00,full,0,1,18,43418.3325318,43418.3373619,43418.3349468,0.00483008599986,9.219215697,7442332491,true,true
softmax_1785110435050_softmax_full_f16io_f32acc_fp32_fast___expf_r0,softmax_oratc_main_crossplatform_smoke_20260727_cache_reuse_candidate_probe_g16_s00_p00,full,0,1,19,43418.8425075,43418.8439738,43418.8432406,0.001466351001,9.7275095075,7442399139,true,true
softmax_1785110435050_softmax_full_f16io_f32acc_fp32_fast___expf_r0,softmax_oratc_main_crossplatform_smoke_20260727_cache_reuse_candidate_probe_g16_s00_p00,full,0,1,20,43419.3556407,43419.3570958,43419.3563682,0.00145508900459,10.2406370885,7442482596,true,true
softmax_1785110435050_softmax_full_f16io_f32acc_fp32_fast___expf_r0,softmax_oratc_main_crossplatform_smoke_20260727_cache_reuse_candidate_probe_g16_s00_p00,full,0,1,21,43419.8684392,43419.8729323,43419.8706857,0.00449315500009,10.7549546135,7442565014,true,true
softmax_1785110435050_softmax_full_f16io_f32acc_fp32_fast___expf_r0,softmax_oratc_main_crossplatform_smoke_20260727_cache_reuse_candidate_probe_g16_s00_p00,full,0,1,22,43420.3847093,43420.3860987,43420.385404,0.00138940699981,11.2696728555,7442649273,true,true
softmax_1785110435050_softmax_full_f16io_f32acc_fp32_fast___expf_r0,softmax_oratc_main_crossplatform_smoke_20260727_cache_reuse_candidate_probe_g16_s00_p00,full,0,1,23,43420.8893819,43420.8908066,43420.8900943,0.00142466999387,11.774363153,7442732336,true,true
softmax_1785110435050_softmax_full_f16io_f32acc_fp32_fast___expf_r0,softmax_oratc_main_crossplatform_smoke_20260727_cache_reuse_candidate_probe_g16_s00_p00,full,0,1,24,43421.3932082,43421.394674,43421.3939411,0.00146572000085,12.278209964,7442815326,true,true
softmax_1785110435050_softmax_full_f16io_f32acc_fp32_fast___expf_r0,softmax_oratc_main_crossplatform_smoke_20260727_cache_reuse_candidate_probe_g16_s00_p00,full,0,1,25,43421.8960005,43421.8974986,43421.8967496,0.00149802800297,12.781018423,7442881372,true,false
softmax_1785110435050_softmax_full_f16io_f32acc_fp32_fast___expf_r0,softmax_oratc_main_crossplatform_smoke_20260727_cache_reuse_candidate_probe_g16_s00_p00,full,0,1,26,43422.399181,43422.4005574,43422.3998692,0.00137639800232,13.284138105,7442964678,true,false
softmax_1785110435050_softmax_full_f16io_f32acc_fp32_fast___expf_r0,softmax_oratc_main_crossplatform_smoke_20260727_cache_reuse_candidate_probe_g16_s00_p00,full,0,1,27,43422.7108268,43422.7154584,43422.7131426,0.00463152400334,13.597411475,7443011894,true,false
softmax_1785110448658_softmax_full_f16io_f32acc_fp32_fast___expf_r0,softmax_oratc_main_crossplatform_smoke_20260727_cache_reuse_candidate_probe_g16_s00_p00,probe_after,0,2,0,43422.7228054,43422.7239938,43422.7233996,0.00118847299746,-0.0006279645022,7443011894,false,false
softmax_1785110448658_softmax_full_f16io_f32acc_fp32_fast___expf_r0,softmax_oratc_main_crossplatform_smoke_20260727_cache_reuse_candidate_probe_g16_s00_p00,probe_after,0,2,1,43423.2251686,43423.226624,43423.2258963,0.00145534100011,0.501868707499,7443092258,true,false
softmax_1785110448658_softmax_full_f16io_f32acc_fp32_fast___expf_r0,softmax_oratc_main_crossplatform_smoke_20260727_cache_reuse_candidate_probe_g16_s00_p00,probe_after,0,2,2,43423.7289346,43423.7304193,43423.729677,0.00148474799789,1.005649396,7443174957,true,false
softmax_1785110448658_softmax_full_f16io_f32acc_fp32_fast___expf_r0,softmax_oratc_main_crossplatform_smoke_20260727_cache_reuse_candidate_probe_g16_s00_p00,probe_after,0,2,3,43424.2347496,43424.2362076,43424.2354786,0.00145797699952,1.51145104651,7443258197,true,true
softmax_1785110448658_softmax_full_f16io_f32acc_fp32_fast___expf_r0,softmax_oratc_main_crossplatform_smoke_20260727_cache_reuse_candidate_probe_g16_s00_p00,probe_after,0,2,4,43424.7369372,43424.7384168,43424.737677,0.00147958299931,2.0136493875,7443324491,true,true
softmax_1785110448658_softmax_full_f16io_f32acc_fp32_fast___expf_r0,softmax_oratc_main_crossplatform_smoke_20260727_cache_reuse_candidate_probe_g16_s00_p00,probe_after,0,2,5,43425.2396505,43425.2443131,43425.2419818,0.00466251099715,2.5179542225,7443408516,true,true
softmax_1785110448658_softmax_full_f16io_f32acc_fp32_fast___expf_r0,softmax_oratc_main_crossplatform_smoke_20260727_cache_reuse_candidate_probe_g16_s00_p00,probe_after,0,2,6,43425.7475175,43425.7500955,43425.7488065,0.00257804600551,3.02477892301,7443492463,true,true
softmax_1785110448658_softmax_full_f16io_f32acc_fp32_fast___expf_r0,softmax_oratc_main_crossplatform_smoke_20260727_cache_reuse_candidate_probe_g16_s00_p00,probe_after,0,2,7,43426.2615966,43426.263009,43426.2623028,0.00141244499537,3.5382752395,7443576299,true,true
softmax_1785110448658_softmax_full_f16io_f32acc_fp32_fast___expf_r0,softmax_oratc_main_crossplatform_smoke_20260727_cache_reuse_candidate_probe_g16_s00_p00,probe_after,0,2,8,43426.7898624,43426.7912786,43426.7905705,0.00141613299638,4.06654293751,7443658662,true,true
softmax_1785110448658_softmax_full_f16io_f32acc_fp32_fast___expf_r0,softmax_oratc_main_crossplatform_smoke_20260727_cache_reuse_candidate_probe_g16_s00_p00,probe_after,0,2,9,43427.2925871,43427.2940118,43427.2932994,0.00142467099795,4.5692718545,7443740635,true,true
softmax_1785110448658_softmax_full_f16io_f32acc_fp32_fast___expf_r0,softmax_oratc_main_crossplatform_smoke_20260727_cache_reuse_candidate_probe_g16_s00_p00,probe_after,0,2,10,43427.8039722,43427.8057174,43427.8048448,0.00174518799759,5.080817246,7443806371,true,true
softmax_1785110448658_softmax_full_f16io_f32acc_fp32_fast___expf_r0,softmax_oratc_main_crossplatform_smoke_20260727_cache_reuse_candidate_probe_g16_s00_p00,probe_after,0,2,11,43428.3110466,43428.3124549,43428.3117507,0.00140833399928,5.587723156,7443888150,true,true
softmax_1785110448658_softmax_full_f16io_f32acc_fp32_fast___expf_r0,softmax_oratc_main_crossplatform_smoke_20260727_cache_reuse_candidate_probe_g16_s00_p00,probe_after,0,2,12,43428.8220492,43428.8266469,43428.8243481,0.00459769099689,6.1003204765,7443969925,true,true
softmax_1785110448658_softmax_full_f16io_f32acc_fp32_fast___expf_r0,softmax_oratc_main_crossplatform_smoke_20260727_cache_reuse_candidate_probe_g16_s00_p00,probe_after,0,2,13,43429.3328323,43429.3343625,43429.3335974,0.0015301750027,6.6095698155,7444053934,true,true
softmax_1785110448658_softmax_full_f16io_f32acc_fp32_fast___expf_r0,softmax_oratc_main_crossplatform_smoke_20260727_cache_reuse_candidate_probe_g16_s00_p00,probe_after,0,2,14,43429.8434301,43429.8449038,43429.844167,0.00147368099715,7.1201393755,7444137660,true,true
softmax_1785110448658_softmax_full_f16io_f32acc_fp32_fast___expf_r0,softmax_oratc_main_crossplatform_smoke_20260727_cache_reuse_candidate_probe_g16_s00_p00,probe_after,0,2,15,43430.3487288,43430.3501692,43430.349449,0.00144046400237,7.625421434,7444220503,true,true
softmax_1785110448658_softmax_full_f16io_f32acc_fp32_fast___expf_r0,softmax_oratc_main_crossplatform_smoke_20260727_cache_reuse_candidate_probe_g16_s00_p00,probe_after,0,2,16,43430.8583898,43430.8598439,43430.8591168,0.00145406999945,8.135089242,7444286389,true,true
softmax_1785110448658_softmax_full_f16io_f32acc_fp32_fast___expf_r0,softmax_oratc_main_crossplatform_smoke_20260727_cache_reuse_candidate_probe_g16_s00_p00,probe_after,0,2,17,43431.3640426,43431.3654988,43431.3647707,0.0014562849974,8.6407431175,7444368468,true,true
softmax_1785110448658_softmax_full_f16io_f32acc_fp32_fast___expf_r0,softmax_oratc_main_crossplatform_smoke_20260727_cache_reuse_candidate_probe_g16_s00_p00,probe_after,0,2,18,43431.8657911,43431.8672521,43431.8665216,0.00146103099542,9.1424940195,7444450419,true,true
softmax_1785110448658_softmax_full_f16io_f32acc_fp32_fast___expf_r0,softmax_oratc_main_crossplatform_smoke_20260727_cache_reuse_candidate_probe_g16_s00_p00,probe_after,0,2,19,43432.3735087,43432.3749104,43432.3742095,0.00140164900222,9.6501819685,7444533276,true,true
softmax_1785110448658_softmax_full_f16io_f32acc_fp32_fast___expf_r0,softmax_oratc_main_crossplatform_smoke_20260727_cache_reuse_candidate_probe_g16_s00_p00,probe_after,0,2,20,43432.880483,43432.881899,43432.881191,0.00141599299968,10.1571633975,7444615968,true,true
softmax_1785110448658_softmax_full_f16io_f32acc_fp32_fast___expf_r0,softmax_oratc_main_crossplatform_smoke_20260727_cache_reuse_candidate_probe_g16_s00_p00,probe_after,0,2,21,43433.3831926,43433.3846728,43433.3839327,0.00148022700159,10.6599051255,7444681779,true,true
softmax_1785110448658_softmax_full_f16io_f32acc_fp32_fast___expf_r0,softmax_oratc_main_crossplatform_smoke_20260727_cache_reuse_candidate_probe_g16_s00_p00,probe_after,0,2,22,43433.9021253,43433.9035858,43433.9028556,0.00146050299372,11.1788279935,7444765205,true,true
softmax_1785110448658_softmax_full_f16io_f32acc_fp32_fast___expf_r0,softmax_oratc_main_crossplatform_smoke_20260727_cache_reuse_candidate_probe_g16_s00_p00,probe_after,0,2,23,43434.4138367,43434.415317,43434.4145769,0.0014802279984,11.690549282,7444846461,true,true
softmax_1785110448658_softmax_full_f16io_f32acc_fp32_fast___expf_r0,softmax_oratc_main_crossplatform_smoke_20260727_cache_reuse_candidate_probe_g16_s00_p00,probe_after,0,2,24,43434.9162739,43434.9206658,43434.9184698,0.00439184699644,12.1944422635,7444930105,true,true
softmax_1785110448658_softmax_full_f16io_f32acc_fp32_fast___expf_r0,softmax_oratc_main_crossplatform_smoke_20260727_cache_reuse_candidate_probe_g16_s00_p00,probe_after,0,2,25,43435.4207819,43435.4221642,43435.421473,0.00138234699989,12.6974454625,7445013718,true,false
softmax_1785110448658_softmax_full_f16io_f32acc_fp32_fast___expf_r0,softmax_oratc_main_crossplatform_smoke_20260727_cache_reuse_candidate_probe_g16_s00_p00,probe_after,0,2,26,43435.9240496,43435.9254582,43435.9247539,0.00140850400203,13.200726323,7445077597,true,false
softmax_1785110448658_softmax_full_f16io_f32acc_fp32_fast___expf_r0,softmax_oratc_main_crossplatform_smoke_20260727_cache_reuse_candidate_probe_g16_s00_p00,probe_after,0,2,27,43436.3089349,43436.3122136,43436.3105742,0.00327866999578,13.586546656,7445139483,true,false
softmax_1785110462256_softmax_full_f16io_f32acc_fp32_fast___expf_r1,softmax_oratc_main_crossplatform_smoke_20260727_cache_reuse_candidate_probe_g16_s00_p01,full_before,1,0,0,43436.3205723,43436.3217724,43436.3211723,0.00120008699741,-0.000606055495155,7445139483,false,false
softmax_1785110462256_softmax_full_f16io_f32acc_fp32_fast___expf_r1,softmax_oratc_main_crossplatform_smoke_20260727_cache_reuse_candidate_probe_g16_s00_p01,full_before,1,0,1,43436.8254926,43436.8270729,43436.8262827,0.00158032299805,0.504504310498,7445220231,true,false
softmax_1785110462256_softmax_full_f16io_f32acc_fp32_fast___expf_r1,softmax_oratc_main_crossplatform_smoke_20260727_cache_reuse_candidate_probe_g16_s00_p01,full_before,1,0,2,43437.3287311,43437.3301851,43437.3294581,0.0014539640033,1.007679697,7445303116,true,false
softmax_1785110462256_softmax_full_f16io_f32acc_fp32_fast___expf_r1,softmax_oratc_main_crossplatform_smoke_20260727_cache_reuse_candidate_probe_g16_s00_p01,full_before,1,0,3,43437.8319082,43437.8334145,43437.8326613,0.00150628000119,1.510882928,7445386588,true,true
softmax_1785110462256_softmax_full_f16io_f32acc_fp32_fast___expf_r1,softmax_oratc_main_crossplatform_smoke_20260727_cache_reuse_candidate_probe_g16_s00_p01,full_before,1,0,4,43438.3341175,43438.3361684,43438.335143,0.00205094299599,2.0133645555,7445453520,true,true
softmax_1785110462256_softmax_full_f16io_f32acc_fp32_fast___expf_r1,softmax_oratc_main_crossplatform_smoke_20260727_cache_reuse_candidate_probe_g16_s00_p01,full_before,1,0,5,43438.8411344,43438.8425742,43438.8418543,0.00143975300307,2.5200758695,7445537836,true,true
softmax_1785110462256_softmax_full_f16io_f32acc_fp32_fast___expf_r1,softmax_oratc_main_crossplatform_smoke_20260727_cache_reuse_candidate_probe_g16_s00_p01,full_before,1,0,6,43439.3446764,43439.3463405,43439.3455084,0.00166406999779,3.023730022,7445621751,true,true
softmax_1785110462256_softmax_full_f16io_f32acc_fp32_fast___expf_r1,softmax_oratc_main_crossplatform_smoke_20260727_cache_reuse_candidate_probe_g16_s00_p01,full_before,1,0,7,43439.85006,43439.8515491,43439.8508045,0.00148909800191,3.529026098,7445705663,true,true
softmax_1785110462256_softmax_full_f16io_f32acc_fp32_fast___expf_r1,softmax_oratc_main_crossplatform_smoke_20260727_cache_reuse_candidate_probe_g16_s00_p01,full_before,1,0,8,43440.354456,43440.3559298,43440.3551929,0.00147384300362,4.0334144895,7445789358,true,true
softmax_1785110462256_softmax_full_f16io_f32acc_fp32_fast___expf_r1,softmax_oratc_main_crossplatform_smoke_20260727_cache_reuse_candidate_probe_g16_s00_p01,full_before,1,0,9,43440.8577993,43440.8604709,43440.8591351,0.00267160300427,4.5373567195,7445856355,true,true
softmax_1785110462256_softmax_full_f16io_f32acc_fp32_fast___expf_r1,softmax_oratc_main_crossplatform_smoke_20260727_cache_reuse_candidate_probe_g16_s00_p01,full_before,1,0,10,43441.3613303,43441.3654525,43441.3633914,0.00412219299324,5.0416129615,7445940444,true,true
softmax_1785110462256_softmax_full_f16io_f32acc_fp32_fast___expf_r1,softmax_oratc_main_crossplatform_smoke_20260727_cache_reuse_candidate_probe_g16_s00_p01,full_before,1,0,11,43441.8660035,43441.8704363,43441.8682199,0.00443278600142,5.54644151701,7446024620,true,true
softmax_1785110462256_softmax_full_f16io_f32acc_fp32_fast___expf_r1,softmax_oratc_main_crossplatform_smoke_20260727_cache_reuse_candidate_probe_g16_s00_p01,full_before,1,0,12,43442.3882091,43442.38959,43442.3888995,0.00138093800342,6.067121141,7446108983,true,true
softmax_1785110462256_softmax_full_f16io_f32acc_fp32_fast___expf_r1,softmax_oratc_main_crossplatform_smoke_20260727_cache_reuse_candidate_probe_g16_s00_p01,full_before,1,0,13,43442.9158463,43442.9173091,43442.9165777,0.00146279500041,6.5947993075,7446190955,true,true
softmax_1785110462256_softmax_full_f16io_f32acc_fp32_fast___expf_r1,softmax_oratc_main_crossplatform_smoke_20260727_cache_reuse_candidate_probe_g16_s00_p01,full_before,1,0,14,43443.4435165,43443.4481823,43443.4458494,0.00466583600064,7.124070998,7446272521,true,true
softmax_1785110462256_softmax_full_f16io_f32acc_fp32_fast___expf_r1,softmax_oratc_main_crossplatform_smoke_20260727_cache_reuse_candidate_probe_g16_s00_p01,full_before,1,0,15,43443.9743911,43443.9759144,43443.9751527,0.00152329299453,7.6533743055,7446356587,true,true
softmax_1785110462256_softmax_full_f16io_f32acc_fp32_fast___expf_r1,softmax_oratc_main_crossplatform_smoke_20260727_cache_reuse_candidate_probe_g16_s00_p01,full_before,1,0,16,43444.4921391,43444.4936144,43444.4928768,0.00147531599941,8.171098353,7446440174,true,true
softmax_1785110462256_softmax_full_f16io_f32acc_fp32_fast___expf_r1,softmax_oratc_main_crossplatform_smoke_20260727_cache_reuse_candidate_probe_g16_s00_p01,full_before,1,0,17,43445.0196654,43445.0211106,43445.020388,0.00144511899998,8.69860959749,7446521715,true,true
softmax_1785110462256_softmax_full_f16io_f32acc_fp32_fast___expf_r1,softmax_oratc_main_crossplatform_smoke_20260727_cache_reuse_candidate_probe_g16_s00_p01,full_before,1,0,18,43445.5473668,43445.5518316,43445.5495992,0.0044648769981,9.2278207895,7446603166,true,true
softmax_1785110462256_softmax_full_f16io_f32acc_fp32_fast___expf_r1,softmax_oratc_main_crossplatform_smoke_20260727_cache_reuse_candidate_probe_g16_s00_p01,full_before,1,0,19,43446.0780776,43446.0794825,43446.0787801,0.00140492799983,9.75700168,7446687442,true,true
softmax_1785110462256_softmax_full_f16io_f32acc_fp32_fast___expf_r1,softmax_oratc_main_crossplatform_smoke_20260727_cache_reuse_candidate_probe_g16_s00_p01,full_before,1,0,20,43446.6057402,43446.6072257,43446.606483,0.00148552199971,10.284704572,7446771531,true,true
softmax_1785110462256_softmax_full_f16io_f32acc_fp32_fast___expf_r1,softmax_oratc_main_crossplatform_smoke_20260727_cache_reuse_candidate_probe_g16_s00_p01,full_before,1,0,21,43447.1333861,43447.1347593,43447.1340727,0.00137325799733,10.812294306,7446855200,true,true
softmax_1785110462256_softmax_full_f16io_f32acc_fp32_fast___expf_r1,softmax_oratc_main_crossplatform_smoke_20260727_cache_reuse_candidate_probe_g16_s00_p01,full_before,1,0,22,43447.6610195,43447.6624788,43447.6617491,0.0014592180014,11.339970737,7446938506,true,true
softmax_1785110462256_softmax_full_f16io_f32acc_fp32_fast___expf_r1,softmax_oratc_main_crossplatform_smoke_20260727_cache_reuse_candidate_probe_g16_s00_p01,full_before,1,0,23,43448.1841682,43448.1856005,43448.1848843,0.00143230399408,11.863105903,7447021436,true,true
softmax_1785110462256_softmax_full_f16io_f32acc_fp32_fast___expf_r1,softmax_oratc_main_crossplatform_smoke_20260727_cache_reuse_candidate_probe_g16_s00_p01,full_before,1,0,24,43448.7051896,43448.7083915,43448.7067906,0.00320184500015,12.3850121515,7447104668,true,true
softmax_1785110462256_softmax_full_f16io_f32acc_fp32_fast___expf_r1,softmax_oratc_main_crossplatform_smoke_20260727_cache_reuse_candidate_probe_g16_s00_p01,full_before,1,0,25,43449.2354985,43449.2371388,43449.2363187,0.00164033799956,12.914540251,7447188495,true,false
softmax_1785110462256_softmax_full_f16io_f32acc_fp32_fast___expf_r1,softmax_oratc_main_crossplatform_smoke_20260727_cache_reuse_candidate_probe_g16_s00_p01,full_before,1,0,26,43449.7640503,43449.7667918,43449.765421,0.00274141300179,13.4436426425,7447271416,true,false
softmax_1785110462256_softmax_full_f16io_f32acc_fp32_fast___expf_r1,softmax_oratc_main_crossplatform_smoke_20260727_cache_reuse_candidate_probe_g16_s00_p01,full_before,1,0,27,43449.9101679,43449.9116695,43449.9109187,0.00150164899969,13.5891402915,7447285663,true,false
softmax_1785110474197_softmax_full_f16io_f32acc_fp32_fast___expf_r1,softmax_oratc_main_crossplatform_smoke_20260727_cache_reuse_candidate_probe_g16_s00_p01,probe_middle,1,1,0,43449.9201814,43449.921382,43449.9207817,0.00120066499949,-0.000607393500104,7447285663,false,false
softmax_1785110474197_softmax_full_f16io_f32acc_fp32_fast___expf_r1,softmax_oratc_main_crossplatform_smoke_20260727_cache_reuse_candidate_probe_g16_s00_p01,probe_middle,1,1,1,43450.4326215,43450.4360132,43450.4343174,0.00339164600155,0.512928286997,7447365556,true,false
softmax_1785110474197_softmax_full_f16io_f32acc_fp32_fast___expf_r1,softmax_oratc_main_crossplatform_smoke_20260727_cache_reuse_candidate_probe_g16_s00_p01,probe_middle,1,1,2,43450.9630727,43450.9645369,43450.9638048,0.00146423700062,1.0424157075,7447449446,true,false
softmax_1785110474197_softmax_full_f16io_f32acc_fp32_fast___expf_r1,softmax_oratc_main_crossplatform_smoke_20260727_cache_reuse_candidate_probe_g16_s00_p01,probe_middle,1,1,3,43451.4710699,43451.4726238,43451.4718468,0.00155392099987,1.5504577605,7447533090,true,true
softmax_1785110474197_softmax_full_f16io_f32acc_fp32_fast___expf_r1,softmax_oratc_main_crossplatform_smoke_20260727_cache_reuse_candidate_probe_g16_s00_p01,probe_middle,1,1,4,43451.9736107,43451.9751119,43451.9743613,0.00150122700143,2.0529722515,7447616148,true,true
softmax_1785110474197_softmax_full_f16io_f32acc_fp32_fast___expf_r1,softmax_oratc_main_crossplatform_smoke_20260727_cache_reuse_candidate_probe_g16_s00_p01,probe_middle,1,1,5,43452.4780124,43452.4798171,43452.4789147,0.00180474000081,2.55752564999,7447699608,true,true
softmax_1785110474197_softmax_full_f16io_f32acc_fp32_fast___expf_r1,softmax_oratc_main_crossplatform_smoke_20260727_cache_reuse_candidate_probe_g16_s00_p01,probe_middle,1,1,6,43452.9816172,43452.9858669,43452.983742,0.00424970099994,3.0623529475,7447782974,true,true
softmax_1785110474197_softmax_full_f16io_f32acc_fp32_fast___expf_r1,softmax_oratc_main_crossplatform_smoke_20260727_cache_reuse_candidate_probe_g16_s00_p01,probe_middle,1,1,7,43453.4867125,43453.491194,43453.4889533,0.0044815509973,3.5675641675,7447849562,true,true
softmax_1785110474197_softmax_full_f16io_f32acc_fp32_fast___expf_r1,softmax_oratc_main_crossplatform_smoke_20260727_cache_reuse_candidate_probe_g16_s00_p01,probe_middle,1,1,8,43453.9967527,43453.9981991,43453.9974759,0.00144642600208,4.076086834,7447933290,true,true
softmax_1785110474197_softmax_full_f16io_f32acc_fp32_fast___expf_r1,softmax_oratc_main_crossplatform_smoke_20260727_cache_reuse_candidate_probe_g16_s00_p01,probe_middle,1,1,9,43454.5056772,43454.5071514,43454.5064143,0.00147414300591,4.5850251975,7448017001,true,true
softmax_1785110474197_softmax_full_f16io_f32acc_fp32_fast___expf_r1,softmax_oratc_main_crossplatform_smoke_20260727_cache_reuse_candidate_probe_g16_s00_p01,probe_middle,1,1,10,43455.013513,43455.0149791,43455.014246,0.00146613400284,5.092856952,7448100210,true,true
softmax_1785110474197_softmax_full_f16io_f32acc_fp32_fast___expf_r1,softmax_oratc_main_crossplatform_smoke_20260727_cache_reuse_candidate_probe_g16_s00_p01,probe_middle,1,1,11,43455.5420952,43455.5434842,43455.5427897,0.00138899100421,5.6214005855,7448183177,true,true
softmax_1785110474197_softmax_full_f16io_f32acc_fp32_fast___expf_r1,softmax_oratc_main_crossplatform_smoke_20260727_cache_reuse_candidate_probe_g16_s00_p01,probe_middle,1,1,12,43456.0705649,43456.0719618,43456.0712634,0.00139689500065,6.14987429549,7448265751,true,true
softmax_1785110474197_softmax_full_f16io_f32acc_fp32_fast___expf_r1,softmax_oratc_main_crossplatform_smoke_20260727_cache_reuse_candidate_probe_g16_s00_p01,probe_middle,1,1,13,43456.5874461,43456.5890619,43456.588254,0.00161580400163,6.666864897,7448347945,true,true
softmax_1785110474197_softmax_full_f16io_f32acc_fp32_fast___expf_r1,softmax_oratc_main_crossplatform_smoke_20260727_cache_reuse_candidate_probe_g16_s00_p01,probe_middle,1,1,14,43457.1165909,43457.1180769,43457.1173339,0.00148607500159,7.19594480949,7448431544,true,true
softmax_1785110474197_softmax_full_f16io_f32acc_fp32_fast___expf_r1,softmax_oratc_main_crossplatform_smoke_20260727_cache_reuse_candidate_probe_g16_s00_p01,probe_middle,1,1,15,43457.6185273,43457.6225104,43457.6205188,0.00398308200238,7.699129729,7448514609,true,true
softmax_1785110474197_softmax_full_f16io_f32acc_fp32_fast___expf_r1,softmax_oratc_main_crossplatform_smoke_20260727_cache_reuse_candidate_probe_g16_s00_p01,probe_middle,1,1,16,43458.1231395,43458.12847,43458.1258048,0.00533056999848,8.204415668,7448581213,true,true
softmax_1785110474197_softmax_full_f16io_f32acc_fp32_fast___expf_r1,softmax_oratc_main_crossplatform_smoke_20260727_cache_reuse_candidate_probe_g16_s00_p01,probe_middle,1,1,17,43458.6339522,43458.6354176,43458.6346849,0.00146540299465,8.7132957675,7448664858,true,true
softmax_1785110474197_softmax_full_f16io_f32acc_fp32_fast___expf_r1,softmax_oratc_main_crossplatform_smoke_20260727_cache_reuse_candidate_probe_g16_s00_p01,probe_middle,1,1,18,43459.1377541,43459.1407363,43459.1392452,0.00298217000091,9.217856124,7448748485,true,true
softmax_1785110474197_softmax_full_f16io_f32acc_fp32_fast___expf_r1,softmax_oratc_main_crossplatform_smoke_20260727_cache_reuse_candidate_probe_g16_s00_p01,probe_middle,1,1,19,43459.6511993,43459.6526713,43459.6519353,0.00147194199963,9.73054623,7448832457,true,true
softmax_1785110474197_softmax_full_f16io_f32acc_fp32_fast___expf_r1,softmax_oratc_main_crossplatform_smoke_20260727_cache_reuse_candidate_probe_g16_s00_p01,probe_middle,1,1,20,43460.1530792,43460.1546001,43460.1538397,0.00152088100003,10.2324505825,7448915393,true,true
softmax_1785110474197_softmax_full_f16io_f32acc_fp32_fast___expf_r1,softmax_oratc_main_crossplatform_smoke_20260727_cache_reuse_candidate_probe_g16_s00_p01,probe_middle,1,1,21,43460.6563618,43460.6588952,43460.6576285,0.0025333940066,10.736239372,7448981980,true,true
softmax_1785110474197_softmax_full_f16io_f32acc_fp32_fast___expf_r1,softmax_oratc_main_crossplatform_smoke_20260727_cache_reuse_candidate_probe_g16_s00_p01,probe_middle,1,1,22,43461.1594659,43461.1610913,43461.1602786,0.001625400997,11.2388895575,7449065621,true,true
softmax_1785110474197_softmax_full_f16io_f32acc_fp32_fast___expf_r1,softmax_oratc_main_crossplatform_smoke_20260727_cache_reuse_candidate_probe_g16_s00_p01,probe_middle,1,1,23,43461.6660437,43461.6712245,43461.6686341,0.00518080199981,11.747244996,7449146359,true,true
softmax_1785110474197_softmax_full_f16io_f32acc_fp32_fast___expf_r1,softmax_oratc_main_crossplatform_smoke_20260727_cache_reuse_candidate_probe_g16_s00_p01,probe_middle,1,1,24,43462.1756393,43462.1771278,43462.1763836,0.00148850100231,12.2549945075,7449229779,true,true
softmax_1785110474197_softmax_full_f16io_f32acc_fp32_fast___expf_r1,softmax_oratc_main_crossplatform_smoke_20260727_cache_reuse_candidate_probe_g16_s00_p01,probe_middle,1,1,25,43462.6789517,43462.6835631,43462.6812574,0.00461136899685,12.7598683215,7449313412,true,false
softmax_1785110474197_softmax_full_f16io_f32acc_fp32_fast___expf_r1,softmax_oratc_main_crossplatform_smoke_20260727_cache_reuse_candidate_probe_g16_s00_p01,probe_middle,1,1,26,43463.1959258,43463.1974193,43463.1966725,0.00149356399925,13.275283461,7449380280,true,false
softmax_1785110474197_softmax_full_f16io_f32acc_fp32_fast___expf_r1,softmax_oratc_main_crossplatform_smoke_20260727_cache_reuse_candidate_probe_g16_s00_p01,probe_middle,1,1,27,43463.496803,43463.498282,43463.4975425,0.00147900799493,13.576153369,7449426809,true,false
softmax_1785110487786_softmax_full_f16io_f32acc_fp32_fast___expf_r1,softmax_oratc_main_crossplatform_smoke_20260727_cache_reuse_candidate_probe_g16_s00_p01,full_after,1,2,0,43463.5089347,43463.5101507,43463.5095427,0.00121607199981,-0.000616789999185,7449426809,false,false
softmax_1785110487786_softmax_full_f16io_f32acc_fp32_fast___expf_r1,softmax_oratc_main_crossplatform_smoke_20260727_cache_reuse_candidate_probe_g16_s00_p01,full_after,1,2,1,43464.0106379,43464.0120886,43464.0113633,0.00145074199827,0.501203766995,7449505796,true,false
softmax_1785110487786_softmax_full_f16io_f32acc_fp32_fast___expf_r1,softmax_oratc_main_crossplatform_smoke_20260727_cache_reuse_candidate_probe_g16_s00_p01,full_after,1,2,2,43464.5137645,43464.5179872,43464.5158759,0.00422277200414,1.005716375,7449590052,true,false
softmax_1785110487786_softmax_full_f16io_f32acc_fp32_fast___expf_r1,softmax_oratc_main_crossplatform_smoke_20260727_cache_reuse_candidate_probe_g16_s00_p01,full_after,1,2,3,43465.0192332,43465.0235824,43465.0214078,0.00434924299771,1.5112483375,7449674193,true,true
softmax_1785110487786_softmax_full_f16io_f32acc_fp32_fast___expf_r1,softmax_oratc_main_crossplatform_smoke_20260727_cache_reuse_candidate_probe_g16_s00_p01,full_after,1,2,4,43465.5237462,43465.5250897,43465.5244179,0.00134344199614,2.014258462,7449758227,true,true
softmax_1785110487786_softmax_full_f16io_f32acc_fp32_fast___expf_r1,softmax_oratc_main_crossplatform_smoke_20260727_cache_reuse_candidate_probe_g16_s00_p01,full_after,1,2,5,43466.0277036,43466.0291639,43466.0284338,0.001460321997,2.51827429699,7449825508,true,true
softmax_1785110487786_softmax_full_f16io_f32acc_fp32_fast___expf_r1,softmax_oratc_main_crossplatform_smoke_20260727_cache_reuse_candidate_probe_g16_s00_p01,full_after,1,2,6,43466.5294265,43466.5308726,43466.5301495,0.00144609400013,3.019990041,7449906969,true,true
softmax_1785110487786_softmax_full_f16io_f32acc_fp32_fast___expf_r1,softmax_oratc_main_crossplatform_smoke_20260727_cache_reuse_candidate_probe_g16_s00_p01,full_after,1,2,7,43467.0338349,43467.0353102,43467.0345725,0.00147539300087,3.5244130605,7449989188,true,true
softmax_1785110487786_softmax_full_f16io_f32acc_fp32_fast___expf_r1,softmax_oratc_main_crossplatform_smoke_20260727_cache_reuse_candidate_probe_g16_s00_p01,full_after,1,2,8,43467.5373862,43467.5388431,43467.5381146,0.00145694900129,4.0279551555,7450071804,true,true
softmax_1785110487786_softmax_full_f16io_f32acc_fp32_fast___expf_r1,softmax_oratc_main_crossplatform_smoke_20260727_cache_reuse_candidate_probe_g16_s00_p01,full_after,1,2,9,43468.0398752,43468.0412965,43468.0405858,0.00142122100078,4.5304263545,7450137828,true,true
softmax_1785110487786_softmax_full_f16io_f32acc_fp32_fast___expf_r1,softmax_oratc_main_crossplatform_smoke_20260727_cache_reuse_candidate_probe_g16_s00_p01,full_after,1,2,10,43468.5414907,43468.5429591,43468.5422249,0.0014684370035,5.0320654245,7450221445,true,true
softmax_1785110487786_softmax_full_f16io_f32acc_fp32_fast___expf_r1,softmax_oratc_main_crossplatform_smoke_20260727_cache_reuse_candidate_probe_g16_s00_p01,full_after,1,2,11,43469.0432176,43469.048573,43469.0458953,0.00535542800208,5.535735782,7450305594,true,true
softmax_1785110487786_softmax_full_f16io_f32acc_fp32_fast___expf_r1,softmax_oratc_main_crossplatform_smoke_20260727_cache_reuse_candidate_probe_g16_s00_p01,full_after,1,2,12,43469.5490926,43469.553968,43469.5515303,0.00487546899967,6.04137081849,7450389675,true,true
softmax_1785110487786_softmax_full_f16io_f32acc_fp32_fast___expf_r1,softmax_oratc_main_crossplatform_smoke_20260727_cache_reuse_candidate_probe_g16_s00_p01,full_after,1,2,13,43470.0541881,43470.0555851,43470.0548866,0.0013969809952,6.5447271065,7450473629,true,true
softmax_1785110487786_softmax_full_f16io_f32acc_fp32_fast___expf_r1,softmax_oratc_main_crossplatform_smoke_20260727_cache_reuse_candidate_probe_g16_s00_p01,full_after,1,2,14,43470.5558615,43470.5573272,43470.5565944,0.00146569699427,7.0464348925,7450540889,true,true
softmax_1785110487786_softmax_full_f16io_f32acc_fp32_fast___expf_r1,softmax_oratc_main_crossplatform_smoke_20260727_cache_reuse_candidate_probe_g16_s00_p01,full_after,1,2,15,43471.0577462,43471.0592773,43471.0585117,0.00153114599379,7.54835225199,7450622651,true,true
softmax_1785110487786_softmax_full_f16io_f32acc_fp32_fast___expf_r1,softmax_oratc_main_crossplatform_smoke_20260727_cache_reuse_candidate_probe_g16_s00_p01,full_after,1,2,16,43471.5792726,43471.5807153,43471.5799939,0.0014426159978,8.06983446,7450705151,true,true
softmax_1785110487786_softmax_full_f16io_f32acc_fp32_fast___expf_r1,softmax_oratc_main_crossplatform_smoke_20260727_cache_reuse_candidate_probe_g16_s00_p01,full_after,1,2,17,43472.1014425,43472.1039498,43472.1026962,0.00250729399704,8.592536695,7450788717,true,true
softmax_1785110487786_softmax_full_f16io_f32acc_fp32_fast___expf_r1,softmax_oratc_main_crossplatform_smoke_20260727_cache_reuse_candidate_probe_g16_s00_p01,full_after,1,2,18,43472.616572,43472.6181344,43472.6173532,0.00156244800019,9.107193721,7450873017,true,true
softmax_1785110487786_softmax_full_f16io_f32acc_fp32_fast___expf_r1,softmax_oratc_main_crossplatform_smoke_20260727_cache_reuse_candidate_probe_g16_s00_p01,full_after,1,2,19,43473.1187117,43473.1201227,43473.1194172,0.00141099800385,9.60925768199,7450955903,true,true
softmax_1785110487786_softmax_full_f16io_f32acc_fp32_fast___expf_r1,softmax_oratc_main_crossplatform_smoke_20260727_cache_reuse_candidate_probe_g16_s00_p01,full_after,1,2,20,43473.6207841,43473.6222138,43473.6214989,0.00142965299892,10.1113394545,7451022290,true,true
softmax_1785110487786_softmax_full_f16io_f32acc_fp32_fast___expf_r1,softmax_oratc_main_crossplatform_smoke_20260727_cache_reuse_candidate_probe_g16_s00_p01,full_after,1,2,21,43474.1228838,43474.1267092,43474.1247965,0.00382544100285,10.6146369855,7451106018,true,true
softmax_1785110487786_softmax_full_f16io_f32acc_fp32_fast___expf_r1,softmax_oratc_main_crossplatform_smoke_20260727_cache_reuse_candidate_probe_g16_s00_p01,full_after,1,2,22,43474.6524562,43474.653925,43474.6531906,0.00146875300561,11.1430311315,7451189750,true,true
softmax_1785110487786_softmax_full_f16io_f32acc_fp32_fast___expf_r1,softmax_oratc_main_crossplatform_smoke_20260727_cache_reuse_candidate_probe_g16_s00_p01,full_after,1,2,23,43475.1744926,43475.1771499,43475.1758213,0.00265730299725,11.6656617725,7451273147,true,true
softmax_1785110487786_softmax_full_f16io_f32acc_fp32_fast___expf_r1,softmax_oratc_main_crossplatform_smoke_20260727_cache_reuse_candidate_probe_g16_s00_p01,full_after,1,2,24,43475.7022559,43475.7037513,43475.7030036,0.00149542900181,12.1928441305,7451357198,true,true
softmax_1785110487786_softmax_full_f16io_f32acc_fp32_fast___expf_r1,softmax_oratc_main_crossplatform_smoke_20260727_cache_reuse_candidate_probe_g16_s00_p01,full_after,1,2,25,43476.2061434,43476.2076053,43476.2068743,0.00146192599641,12.696714853,7451441195,true,false
softmax_1785110487786_softmax_full_f16io_f32acc_fp32_fast___expf_r1,softmax_oratc_main_crossplatform_smoke_20260727_cache_reuse_candidate_probe_g16_s00_p01,full_after,1,2,26,43476.7326768,43476.7342473,43476.7334621,0.00157041600323,13.223302568,7451525292,true,false
softmax_1785110487786_softmax_full_f16io_f32acc_fp32_fast___expf_r1,softmax_oratc_main_crossplatform_smoke_20260727_cache_reuse_candidate_probe_g16_s00_p01,full_after,1,2,27,43477.1118472,43477.1132568,43477.112552,0.00140962499427,13.6023925195,7451588492,true,false
softmax_1785110499743_softmax_full_f16io_f32acc_fp32_fast___expf_r2,softmax_oratc_main_crossplatform_smoke_20260727_cache_reuse_candidate_probe_g16_s00_p02,full_before,2,0,0,43477.1209515,43477.1221748,43477.1215631,0.00122331299644,-0.000619007500063,7451588492,false,false
softmax_1785110499743_softmax_full_f16io_f32acc_fp32_fast___expf_r2,softmax_oratc_main_crossplatform_smoke_20260727_cache_reuse_candidate_probe_g16_s00_p02,full_before,2,0,1,43477.6263179,43477.6276139,43477.6269659,0.00129598999774,0.504783744997,7451670080,true,false
softmax_1785110499743_softmax_full_f16io_f32acc_fp32_fast___expf_r2,softmax_oratc_main_crossplatform_smoke_20260727_cache_reuse_candidate_probe_g16_s00_p02,full_before,2,0,2,43478.1314658,43478.1328587,43478.1321623,0.00139282099553,1.0099801265,7451737742,true,false
softmax_1785110499743_softmax_full_f16io_f32acc_fp32_fast___expf_r2,softmax_oratc_main_crossplatform_smoke_20260727_cache_reuse_candidate_probe_g16_s00_p02,full_before,2,0,3,43478.6361896,43478.637612,43478.6369008,0.00142233299994,1.51471865849,7451819149,true,true
softmax_1785110499743_softmax_full_f16io_f32acc_fp32_fast___expf_r2,softmax_oratc_main_crossplatform_smoke_20260727_cache_reuse_candidate_probe_g16_s00_p02,full_before,2,0,4,43479.1402759,43479.1457521,43479.143014,0.00547623699822,2.0208318945,7451900267,true,true
softmax_1785110499743_softmax_full_f16io_f32acc_fp32_fast___expf_r2,softmax_oratc_main_crossplatform_smoke_20260727_cache_reuse_candidate_probe_g16_s00_p02,full_before,2,0,5,43479.6476118,43479.6496824,43479.6486471,0.00207053699705,2.5264649635,7451984220,true,true
softmax_1785110499743_softmax_full_f16io_f32acc_fp32_fast___expf_r2,softmax_oratc_main_crossplatform_smoke_20260727_cache_reuse_candidate_probe_g16_s00_p02,full_before,2,0,6,43480.150417,43480.153794,43480.1521055,0.00337692399626,3.029923365,7452068300,true,true
softmax_1785110499743_softmax_full_f16io_f32acc_fp32_fast___expf_r2,softmax_oratc_main_crossplatform_smoke_20260727_cache_reuse_candidate_probe_g16_s00_p02,full_before,2,0,7,43480.6540395,43480.6575956,43480.6558176,0.0035560940014,3.53363545,7452135508,true,true
softmax_1785110499743_softmax_full_f16io_f32acc_fp32_fast___expf_r2,softmax_oratc_main_crossplatform_smoke_20260727_cache_reuse_candidate_probe_g16_s00_p02,full_before,2,0,8,43481.1581268,43481.1616302,43481.1598785,0.00350347700441,4.03769637051,7452219919,true,true
softmax_1785110499743_softmax_full_f16io_f32acc_fp32_fast___expf_r2,softmax_oratc_main_crossplatform_smoke_20260727_cache_reuse_candidate_probe_g16_s00_p02,full_before,2,0,9,43481.66193,43481.6657265,43481.6638283,0.00379649200477,4.541646124,7452304312,true,true
softmax_1785110499743_softmax_full_f16io_f32acc_fp32_fast___expf_r2,softmax_oratc_main_crossplatform_smoke_20260727_cache_reuse_candidate_probe_g16_s00_p02,full_before,2,0,10,43482.1658984,43482.1694227,43482.1676605,0.00352437699621,5.0454784085,7452388514,true,true
softmax_1785110499743_softmax_full_f16io_f32acc_fp32_fast___expf_r2,softmax_oratc_main_crossplatform_smoke_20260727_cache_reuse_candidate_probe_g16_s00_p02,full_before,2,0,11,43482.669685,43482.6750638,43482.6723744,0.005378793001,5.5501922605,7452472600,true,true
softmax_1785110499743_softmax_full_f16io_f32acc_fp32_fast___expf_r2,softmax_oratc_main_crossplatform_smoke_20260727_cache_reuse_candidate_probe_g16_s00_p02,full_before,2,0,12,43483.1752577,43483.1768083,43483.176033,0.00155057399388,6.053850863,7452539560,true,true
softmax_1785110499743_softmax_full_f16io_f32acc_fp32_fast___expf_r2,softmax_oratc_main_crossplatform_smoke_20260727_cache_reuse_candidate_probe_g16_s00_p02,full_before,2,0,13,43483.6839836,43483.688556,43483.6862698,0.00457240100513,6.5640877055,7452620736,true,true
softmax_1785110499743_softmax_full_f16io_f32acc_fp32_fast___expf_r2,softmax_oratc_main_crossplatform_smoke_20260727_cache_reuse_candidate_probe_g16_s00_p02,full_before,2,0,14,43484.1911135,43484.1955405,43484.193327,0.00442707099864,7.0711448745,7452704748,true,true
softmax_1785110499743_softmax_full_f16io_f32acc_fp32_fast___expf_r2,softmax_oratc_main_crossplatform_smoke_20260727_cache_reuse_candidate_probe_g16_s00_p02,full_before,2,0,15,43484.7092287,43484.7106876,43484.7099582,0.00145889699343,7.5877760235,7452788913,true,true
softmax_1785110499743_softmax_full_f16io_f32acc_fp32_fast___expf_r2,softmax_oratc_main_crossplatform_smoke_20260727_cache_reuse_candidate_probe_g16_s00_p02,full_before,2,0,16,43485.2163702,43485.2178466,43485.2171084,0.00147642999946,8.094926242,7452871831,true,true
softmax_1785110499743_softmax_full_f16io_f32acc_fp32_fast___expf_r2,softmax_oratc_main_crossplatform_smoke_20260727_cache_reuse_candidate_probe_g16_s00_p02,full_before,2,0,17,43485.7425978,43485.7440795,43485.7433386,0.00148171099863,8.6211565085,7452954744,true,true
softmax_1785110499743_softmax_full_f16io_f32acc_fp32_fast___expf_r2,softmax_oratc_main_crossplatform_smoke_20260727_cache_reuse_candidate_probe_g16_s00_p02,full_before,2,0,18,43486.2446084,43486.2460716,43486.24534,0.00146312199649,9.123157864,7453020844,true,true
softmax_1785110499743_softmax_full_f16io_f32acc_fp32_fast___expf_r2,softmax_oratc_main_crossplatform_smoke_20260727_cache_reuse_candidate_probe_g16_s00_p02,full_before,2,0,19,43486.7484997,43486.7504816,43486.7494907,0.00198191600066,9.627308539,7453104658,true,true
softmax_1785110499743_softmax_full_f16io_f32acc_fp32_fast___expf_r2,softmax_oratc_main_crossplatform_smoke_20260727_cache_reuse_candidate_probe_g16_s00_p02,full_before,2,0,20,43487.2530211,43487.257478,43487.2552495,0.00445685500017,10.1330674025,7453188624,true,true
softmax_1785110499743_softmax_full_f16io_f32acc_fp32_fast___expf_r2,softmax_oratc_main_crossplatform_smoke_20260727_cache_reuse_candidate_probe_g16_s00_p02,full_before,2,0,21,43487.7691384,43487.7706211,43487.7698798,0.00148276700202,10.6476976245,7453272373,true,true
softmax_1785110499743_softmax_full_f16io_f32acc_fp32_fast___expf_r2,softmax_oratc_main_crossplatform_smoke_20260727_cache_reuse_candidate_probe_g16_s00_p02,full_before,2,0,22,43488.2779333,43488.2793809,43488.2786571,0.00144759599789,11.156474936,7453355226,true,true
softmax_1785110499743_softmax_full_f16io_f32acc_fp32_fast___expf_r2,softmax_oratc_main_crossplatform_smoke_20260727_cache_reuse_candidate_probe_g16_s00_p02,full_before,2,0,23,43488.7803514,43488.7817805,43488.7810659,0.00142911300645,11.6588838175,7453420966,true,true
softmax_1785110499743_softmax_full_f16io_f32acc_fp32_fast___expf_r2,softmax_oratc_main_crossplatform_smoke_20260727_cache_reuse_candidate_probe_g16_s00_p02,full_before,2,0,24,43489.2820076,43489.2845967,43489.2833021,0.00258911200217,12.161120013,7453504416,true,true
softmax_1785110499743_softmax_full_f16io_f32acc_fp32_fast___expf_r2,softmax_oratc_main_crossplatform_smoke_20260727_cache_reuse_candidate_probe_g16_s00_p02,full_before,2,0,25,43489.7964226,43489.7978743,43489.7971485,0.00145171499753,12.6749663405,7453588636,true,false
softmax_1785110499743_softmax_full_f16io_f32acc_fp32_fast___expf_r2,softmax_oratc_main_crossplatform_smoke_20260727_cache_reuse_candidate_probe_g16_s00_p02,full_before,2,0,26,43490.3012398,43490.302709,43490.3019744,0.00146914200013,13.179792283,7453671903,true,false
softmax_1785110499743_softmax_full_f16io_f32acc_fp32_fast___expf_r2,softmax_oratc_main_crossplatform_smoke_20260727_cache_reuse_candidate_probe_g16_s00_p02,full_before,2,0,27,43490.7292396,43490.7306828,43490.7299612,0.00144320300024,13.6077790555,7453735217,true,false
softmax_1785110513364_softmax_full_f16io_f32acc_fp32_fast___expf_r2,softmax_oratc_main_crossplatform_smoke_20260727_cache_reuse_candidate_probe_g16_s00_p02,probe_middle,2,1,0,43490.7397941,43490.7429645,43490.7413793,0.00317047799763,-0.00159115899442,7453735217,false,false
softmax_1785110513364_softmax_full_f16io_f32acc_fp32_fast___expf_r2,softmax_oratc_main_crossplatform_smoke_20260727_cache_reuse_candidate_probe_g16_s00_p02,probe_middle,2,1,1,43491.2719199,43491.2734089,43491.2726644,0.00148898000043,0.529693960008,7453814559,true,false
softmax_1785110513364_softmax_full_f16io_f32acc_fp32_fast___expf_r2,softmax_oratc_main_crossplatform_smoke_20260727_cache_reuse_candidate_probe_g16_s00_p02,probe_middle,2,1,2,43491.7835015,43491.7849977,43491.7842496,0.00149616799899,1.041279122,7453897506,true,false
softmax_1785110513364_softmax_full_f16io_f32acc_fp32_fast___expf_r2,softmax_oratc_main_crossplatform_smoke_20260727_cache_reuse_candidate_probe_g16_s00_p02,probe_middle,2,1,3,43492.2912001,43492.2927789,43492.2919895,0.00157873699936,1.54901903951,7453979618,true,true
softmax_1785110513364_softmax_full_f16io_f32acc_fp32_fast___expf_r2,softmax_oratc_main_crossplatform_smoke_20260727_cache_reuse_candidate_probe_g16_s00_p02,probe_middle,2,1,4,43492.804729,43492.8061752,43492.8054521,0.00144626800466,2.06248165401,7454045042,true,true
softmax_1785110513364_softmax_full_f16io_f32acc_fp32_fast___expf_r2,softmax_oratc_main_crossplatform_smoke_20260727_cache_reuse_candidate_probe_g16_s00_p02,probe_middle,2,1,5,43493.3348068,43493.3362111,43493.335509,0.00140429699968,2.5925385025,7454143379,true,true
softmax_1785110513364_softmax_full_f16io_f32acc_fp32_fast___expf_r2,softmax_oratc_main_crossplatform_smoke_20260727_cache_reuse_candidate_probe_g16_s00_p02,probe_middle,2,1,6,43493.8500962,43493.8516006,43493.8508484,0.00150430900248,3.1078779355,7454210883,true,true
softmax_1785110513364_softmax_full_f16io_f32acc_fp32_fast___expf_r2,softmax_oratc_main_crossplatform_smoke_20260727_cache_reuse_candidate_probe_g16_s00_p02,probe_middle,2,1,7,43494.3800998,43494.3815384,43494.3808191,0.00143865599966,3.63784862,7454294381,true,true
softmax_1785110513364_softmax_full_f16io_f32acc_fp32_fast___expf_r2,softmax_oratc_main_crossplatform_smoke_20260727_cache_reuse_candidate_probe_g16_s00_p02,probe_middle,2,1,8,43494.8973503,43494.8989147,43494.8981325,0.00156435799727,4.155162029,7454377484,true,true
softmax_1785110513364_softmax_full_f16io_f32acc_fp32_fast___expf_r2,softmax_oratc_main_crossplatform_smoke_20260727_cache_reuse_candidate_probe_g16_s00_p02,probe_middle,2,1,9,43495.4273183,43495.428759,43495.4280386,0.0014406650007,4.6850681715,7454458889,true,true
softmax_1785110513364_softmax_full_f16io_f32acc_fp32_fast___expf_r2,softmax_oratc_main_crossplatform_smoke_20260727_cache_reuse_candidate_probe_g16_s00_p02,probe_middle,2,1,10,43495.9305811,43495.9321343,43495.9313577,0.00155325800006,5.188387246,7454539869,true,true
softmax_1785110513364_softmax_full_f16io_f32acc_fp32_fast___expf_r2,softmax_oratc_main_crossplatform_smoke_20260727_cache_reuse_candidate_probe_g16_s00_p02,probe_middle,2,1,11,43496.4325611,43496.4340599,43496.4333105,0.00149881200196,5.69034008301,7454621300,true,true
softmax_1785110513364_softmax_full_f16io_f32acc_fp32_fast___expf_r2,softmax_oratc_main_crossplatform_smoke_20260727_cache_reuse_candidate_probe_g16_s00_p02,probe_middle,2,1,12,43496.934468,43496.9359477,43496.9352079,0.0014796760006,6.19223741701,7454703560,true,true
softmax_1785110513364_softmax_full_f16io_f32acc_fp32_fast___expf_r2,softmax_oratc_main_crossplatform_smoke_20260727_cache_reuse_candidate_probe_g16_s00_p02,probe_middle,2,1,13,43497.4363607,43497.437706,43497.4370333,0.00134530400101,6.69406286001,7454770123,true,true
softmax_1785110513364_softmax_full_f16io_f32acc_fp32_fast___expf_r2,softmax_oratc_main_crossplatform_smoke_20260727_cache_reuse_candidate_probe_g16_s00_p02,probe_middle,2,1,14,43497.9380955,43497.9396176,43497.9388565,0.00152217600407,7.19588608301,7454851287,true,true
softmax_1785110513364_softmax_full_f16io_f32acc_fp32_fast___expf_r2,softmax_oratc_main_crossplatform_smoke_20260727_cache_reuse_candidate_probe_g16_s00_p02,probe_middle,2,1,15,43498.4400495,43498.4414973,43498.4407734,0.00144774799992,7.697802922,7454933410,true,true
softmax_1785110513364_softmax_full_f16io_f32acc_fp32_fast___expf_r2,softmax_oratc_main_crossplatform_smoke_20260727_cache_reuse_candidate_probe_g16_s00_p02,probe_middle,2,1,16,43498.9464154,43498.9480758,43498.9472456,0.00166035100119,8.20427511451,7455016287,true,true
softmax_1785110513364_softmax_full_f16io_f32acc_fp32_fast___expf_r2,softmax_oratc_main_crossplatform_smoke_20260727_cache_reuse_candidate_probe_g16_s00_p02,probe_middle,2,1,17,43499.4745837,43499.4761876,43499.4753857,0.00160392800171,8.73241522,7455099053,true,true
softmax_1785110513364_softmax_full_f16io_f32acc_fp32_fast___expf_r2,softmax_oratc_main_crossplatform_smoke_20260727_cache_reuse_candidate_probe_g16_s00_p02,probe_middle,2,1,18,43499.976869,43499.978371,43499.97762,0.0015020320061,9.23464951001,7455164556,true,true
softmax_1785110513364_softmax_full_f16io_f32acc_fp32_fast___expf_r2,softmax_oratc_main_crossplatform_smoke_20260727_cache_reuse_candidate_probe_g16_s00_p02,probe_middle,2,1,19,43500.4959982,43500.5000388,43500.4980185,0.00404061200243,9.75504808201,7455247222,true,true
softmax_1785110513364_softmax_full_f16io_f32acc_fp32_fast___expf_r2,softmax_oratc_main_crossplatform_smoke_20260727_cache_reuse_candidate_probe_g16_s00_p02,probe_middle,2,1,20,43501.0187712,43501.0202646,43501.0195179,0.00149340100324,10.2765474145,7455330596,true,true
softmax_1785110513364_softmax_full_f16io_f32acc_fp32_fast___expf_r2,softmax_oratc_main_crossplatform_smoke_20260727_cache_reuse_candidate_probe_g16_s00_p02,probe_middle,2,1,21,43501.5467773,43501.5482968,43501.547537,0.00151950599684,10.80456657,7455411672,true,true
softmax_1785110513364_softmax_full_f16io_f32acc_fp32_fast___expf_r2,softmax_oratc_main_crossplatform_smoke_20260727_cache_reuse_candidate_probe_g16_s00_p02,probe_middle,2,1,22,43502.0521017,43502.0575671,43502.0548344,0.00546538000344,11.311863968,7455492640,true,true
softmax_1785110513364_softmax_full_f16io_f32acc_fp32_fast___expf_r2,softmax_oratc_main_crossplatform_smoke_20260727_cache_reuse_candidate_probe_g16_s00_p02,probe_middle,2,1,23,43502.584106,43502.5855934,43502.5848497,0.00148740100121,11.8418792715,7455576586,true,true
softmax_1785110513364_softmax_full_f16io_f32acc_fp32_fast___expf_r2,softmax_oratc_main_crossplatform_smoke_20260727_cache_reuse_candidate_probe_g16_s00_p02,probe_middle,2,1,24,43503.1070754,43503.1098871,43503.1084813,0.00281174400152,12.365510807,7455660218,true,true
softmax_1785110513364_softmax_full_f16io_f32acc_fp32_fast___expf_r2,softmax_oratc_main_crossplatform_smoke_20260727_cache_reuse_candidate_probe_g16_s00_p02,probe_middle,2,1,25,43503.6362439,43503.6377253,43503.6369846,0.0014813999951,12.894014184,7455744060,true,false
softmax_1785110513364_softmax_full_f16io_f32acc_fp32_fast___expf_r2,softmax_oratc_main_crossplatform_smoke_20260727_cache_reuse_candidate_probe_g16_s00_p02,probe_middle,2,1,26,43504.1570859,43504.1622093,43504.1596476,0.00512337200053,13.41667712,7455827016,true,false
softmax_1785110513364_softmax_full_f16io_f32acc_fp32_fast___expf_r2,softmax_oratc_main_crossplatform_smoke_20260727_cache_reuse_candidate_probe_g16_s00_p02,probe_middle,2,1,27,43504.3374353,43504.3389246,43504.33818,0.00148929500574,13.5952095065,7455857506,true,false
softmax_1785110525305_softmax_full_f16io_f32acc_fp32_fast___expf_r2,softmax_oratc_main_crossplatform_smoke_20260727_cache_reuse_candidate_probe_g16_s00_p02,full_after,2,2,0,43504.3468187,43504.3516711,43504.3492449,0.00485241899878,-0.00243305149343,7455857506,false,false
softmax_1785110525305_softmax_full_f16io_f32acc_fp32_fast___expf_r2,softmax_oratc_main_crossplatform_smoke_20260727_cache_reuse_candidate_probe_g16_s00_p02,full_after,2,2,1,43504.8561196,43504.857587,43504.8568533,0.00146739999764,0.505175406004,7455937431,true,false
softmax_1785110525305_softmax_full_f16io_f32acc_fp32_fast___expf_r2,softmax_oratc_main_crossplatform_smoke_20260727_cache_reuse_candidate_probe_g16_s00_p02,full_after,2,2,2,43505.3609547,43505.3624402,43505.3616975,0.00148550599988,1.01001954101,7456021152,true,false
softmax_1785110525305_softmax_full_f16io_f32acc_fp32_fast___expf_r2,softmax_oratc_main_crossplatform_smoke_20260727_cache_reuse_candidate_probe_g16_s00_p02,full_after,2,2,3,43505.8626421,43505.866916,43505.8647791,0.00427398600004,1.513101112,7456088084,true,true
softmax_1785110525305_softmax_full_f16io_f32acc_fp32_fast___expf_r2,softmax_oratc_main_crossplatform_smoke_20260727_cache_reuse_candidate_probe_g16_s00_p02,full_after,2,2,4,43506.3674404,43506.3721138,43506.3697771,0.00467336300062,2.01809914551,7456172245,true,true
softmax_1785110525305_softmax_full_f16io_f32acc_fp32_fast___expf_r2,softmax_oratc_main_crossplatform_smoke_20260727_cache_reuse_candidate_probe_g16_s00_p02,full_after,2,2,5,43506.8724158,43506.8774278,43506.8749218,0.00501200099825,2.5232438655,7456256772,true,true
softmax_1785110525305_softmax_full_f16io_f32acc_fp32_fast___expf_r2,softmax_oratc_main_crossplatform_smoke_20260727_cache_reuse_candidate_probe_g16_s00_p02,full_after,2,2,6,43507.3797526,43507.3823512,43507.3810519,0.00259858099889,3.02937397551,7456341270,true,true
softmax_1785110525305_softmax_full_f16io_f32acc_fp32_fast___expf_r2,softmax_oratc_main_crossplatform_smoke_20260727_cache_reuse_candidate_probe_g16_s00_p02,full_after,2,2,7,43507.8825715,43507.8880894,43507.8853304,0.00551790800091,3.53365246701,7456425611,true,true
softmax_1785110525305_softmax_full_f16io_f32acc_fp32_fast___expf_r2,softmax_oratc_main_crossplatform_smoke_20260727_cache_reuse_candidate_probe_g16_s00_p02,full_after,2,2,8,43508.3888828,43508.3925236,43508.3907032,0.00364081400039,4.039025245,7456492722,true,true
softmax_1785110525305_softmax_full_f16io_f32acc_fp32_fast___expf_r2,softmax_oratc_main_crossplatform_smoke_20260727_cache_reuse_candidate_probe_g16_s00_p02,full_after,2,2,9,43508.8975541,43508.8989787,43508.8982664,0.00142459999915,4.54658845301,7456576804,true,true
softmax_1785110525305_softmax_full_f16io_f32acc_fp32_fast___expf_r2,softmax_oratc_main_crossplatform_smoke_20260727_cache_reuse_candidate_probe_g16_s00_p02,full_after,2,2,10,43509.4034446,43509.4050996,43509.4042721,0.00165508400096,5.052594153,7456660318,true,true
softmax_1785110525305_softmax_full_f16io_f32acc_fp32_fast___expf_r2,softmax_oratc_main_crossplatform_smoke_20260727_cache_reuse_candidate_probe_g16_s00_p02,full_after,2,2,11,43509.9052483,43509.9081477,43509.906698,0.00289942399831,5.555020084,7456743842,true,true
softmax_1785110525305_softmax_full_f16io_f32acc_fp32_fast___expf_r2,softmax_oratc_main_crossplatform_smoke_20260727_cache_reuse_candidate_probe_g16_s00_p02,full_after,2,2,12,43510.4083636,43510.4140815,43510.4112225,0.00571787900117,6.0595445895,7456827905,true,true
softmax_1785110525305_softmax_full_f16io_f32acc_fp32_fast___expf_r2,softmax_oratc_main_crossplatform_smoke_20260727_cache_reuse_candidate_probe_g16_s00_p02,full_after,2,2,13,43510.9237186,43510.9251524,43510.9244355,0.00143376000051,6.572757576,7456895132,true,true
softmax_1785110525305_softmax_full_f16io_f32acc_fp32_fast___expf_r2,softmax_oratc_main_crossplatform_smoke_20260727_cache_reuse_candidate_probe_g16_s00_p02,full_after,2,2,14,43511.4264322,43511.4278784,43511.4271553,0.00144618500053,7.0754773765,7456978596,true,true
softmax_1785110525305_softmax_full_f16io_f32acc_fp32_fast___expf_r2,softmax_oratc_main_crossplatform_smoke_20260727_cache_reuse_candidate_probe_g16_s00_p02,full_after,2,2,15,43511.9380888,43511.9396105,43511.9388496,0.00152168000204,7.587171685,7457062456,true,true
softmax_1785110525305_softmax_full_f16io_f32acc_fp32_fast___expf_r2,softmax_oratc_main_crossplatform_smoke_20260727_cache_reuse_candidate_probe_g16_s00_p02,full_after,2,2,16,43512.440944,43512.4423824,43512.4416632,0.00143839299562,8.0899852485,7457145178,true,true
softmax_1785110525305_softmax_full_f16io_f32acc_fp32_fast___expf_r2,softmax_oratc_main_crossplatform_smoke_20260727_cache_reuse_candidate_probe_g16_s00_p02,full_after,2,2,17,43512.9690222,43512.9704447,43512.9697334,0.00142249399505,8.618055509,7457228103,true,true
softmax_1785110525305_softmax_full_f16io_f32acc_fp32_fast___expf_r2,softmax_oratc_main_crossplatform_smoke_20260727_cache_reuse_candidate_probe_g16_s00_p02,full_after,2,2,18,43513.4969856,43513.4984727,43513.4977292,0.00148703900049,9.1460512225,7457310579,true,true
softmax_1785110525305_softmax_full_f16io_f32acc_fp32_fast___expf_r2,softmax_oratc_main_crossplatform_smoke_20260727_cache_reuse_candidate_probe_g16_s00_p02,full_after,2,2,19,43513.9998873,43514.001283,43514.0005852,0.00139575000503,9.648907219,7457392806,true,true
softmax_1785110525305_softmax_full_f16io_f32acc_fp32_fast___expf_r2,softmax_oratc_main_crossplatform_smoke_20260727_cache_reuse_candidate_probe_g16_s00_p02,full_after,2,2,20,43514.5036953,43514.5051975,43514.5044464,0.00150220000069,10.152768437,7457458475,true,true
softmax_1785110525305_softmax_full_f16io_f32acc_fp32_fast___expf_r2,softmax_oratc_main_crossplatform_smoke_20260727_cache_reuse_candidate_probe_g16_s00_p02,full_after,2,2,21,43515.0074613,43515.0090607,43515.008261,0.00159949000226,10.656583064,7457541482,true,true
softmax_1785110525305_softmax_full_f16io_f32acc_fp32_fast___expf_r2,softmax_oratc_main_crossplatform_smoke_20260727_cache_reuse_candidate_probe_g16_s00_p02,full_after,2,2,22,43515.5094542,43515.5111941,43515.5103242,0.00173984399589,11.158646212,7457624880,true,true
softmax_1785110525305_softmax_full_f16io_f32acc_fp32_fast___expf_r2,softmax_oratc_main_crossplatform_smoke_20260727_cache_reuse_candidate_probe_g16_s00_p02,full_after,2,2,23,43516.0377632,43516.039191,43516.0384771,0.00142775900167,11.6867991785,7457708828,true,true
softmax_1785110525305_softmax_full_f16io_f32acc_fp32_fast___expf_r2,softmax_oratc_main_crossplatform_smoke_20260727_cache_reuse_candidate_probe_g16_s00_p02,full_after,2,2,24,43516.5401146,43516.5415583,43516.5408365,0.00144365800224,12.189158513,7457792490,true,true
softmax_1785110525305_softmax_full_f16io_f32acc_fp32_fast___expf_r2,softmax_oratc_main_crossplatform_smoke_20260727_cache_reuse_candidate_probe_g16_s00_p02,full_after,2,2,25,43517.0417316,43517.044986,43517.0433588,0.00325445499766,12.6916808615,7457876465,true,false
softmax_1785110525305_softmax_full_f16io_f32acc_fp32_fast___expf_r2,softmax_oratc_main_crossplatform_smoke_20260727_cache_reuse_candidate_probe_g16_s00_p02,full_after,2,2,26,43517.5495419,43517.5509964,43517.5502691,0.00145450399577,13.198591176,7457943601,true,false
softmax_1785110525305_softmax_full_f16io_f32acc_fp32_fast___expf_r2,softmax_oratc_main_crossplatform_smoke_20260727_cache_reuse_candidate_probe_g16_s00_p02,full_after,2,2,27,43517.9472591,43517.9509894,43517.9491242,0.00373026200396,13.597446298,7458007923,true,false
softmax_1785110538914_softmax_full_f16io_f32acc_fp32_fast___expf_r3,softmax_oratc_main_crossplatform_smoke_20260727_cache_reuse_candidate_probe_g16_s00_p03,probe_before,3,0,0,43517.9592117,43517.9604341,43517.9598229,0.00122234400624,-0.000618654004938,7458007923,false,false
softmax_1785110538914_softmax_full_f16io_f32acc_fp32_fast___expf_r3,softmax_oratc_main_crossplatform_smoke_20260727_cache_reuse_candidate_probe_g16_s00_p03,probe_before,3,0,1,43518.4762973,43518.4777915,43518.4770444,0.00149412800238,0.516602861993,7458088270,true,false
softmax_1785110538914_softmax_full_f16io_f32acc_fp32_fast___expf_r3,softmax_oratc_main_crossplatform_smoke_20260727_cache_reuse_candidate_probe_g16_s00_p03,probe_before,3,0,2,43518.9786538,43518.983531,43518.9810924,0.00487715099734,1.0206508535,7458172140,true,false
softmax_1785110538914_softmax_full_f16io_f32acc_fp32_fast___expf_r3,softmax_oratc_main_crossplatform_smoke_20260727_cache_reuse_candidate_probe_g16_s00_p03,probe_before,3,0,3,43519.5106266,43519.5122901,43519.5114583,0.001663584997,1.55101680849,7458256100,true,true
softmax_1785110538914_softmax_full_f16io_f32acc_fp32_fast___expf_r3,softmax_oratc_main_crossplatform_smoke_20260727_cache_reuse_candidate_probe_g16_s00_p03,probe_before,3,0,4,43520.0123269,43520.015705,43520.0140159,0.00337806999596,2.053574413,7458339896,true,true
softmax_1785110538914_softmax_full_f16io_f32acc_fp32_fast___expf_r3,softmax_oratc_main_crossplatform_smoke_20260727_cache_reuse_candidate_probe_g16_s00_p03,probe_before,3,0,5,43520.5315254,43520.5329527,43520.532239,0.00142731500091,2.5717974945,7458423892,true,true
softmax_1785110538914_softmax_full_f16io_f32acc_fp32_fast___expf_r3,softmax_oratc_main_crossplatform_smoke_20260727_cache_reuse_candidate_probe_g16_s00_p03,probe_before,3,0,6,43521.0339835,43521.0354851,43521.0347343,0.00150150500122,3.0742927645,7458489002,true,true
softmax_1785110538914_softmax_full_f16io_f32acc_fp32_fast___expf_r3,softmax_oratc_main_crossplatform_smoke_20260727_cache_reuse_candidate_probe_g16_s00_p03,probe_before,3,0,7,43521.5625817,43521.5643386,43521.5634602,0.00175695499638,3.6030186355,7458571472,true,true
softmax_1785110538914_softmax_full_f16io_f32acc_fp32_fast___expf_r3,softmax_oratc_main_crossplatform_smoke_20260727_cache_reuse_candidate_probe_g16_s00_p03,probe_before,3,0,8,43522.0661413,43522.0675912,43522.0668663,0.00144986699888,4.1064247355,7458653518,true,true
softmax_1785110538914_softmax_full_f16io_f32acc_fp32_fast___expf_r3,softmax_oratc_main_crossplatform_smoke_20260727_cache_reuse_candidate_probe_g16_s00_p03,probe_before,3,0,9,43522.58302,43522.5863682,43522.5846941,0.00334824700258,4.6242525765,7458735777,true,true
softmax_1785110538914_softmax_full_f16io_f32acc_fp32_fast___expf_r3,softmax_oratc_main_crossplatform_smoke_20260727_cache_reuse_candidate_probe_g16_s00_p03,probe_before,3,0,10,43523.0887408,43523.0921499,43523.0904454,0.00340905300254,5.13000382949,7458819639,true,true
softmax_1785110538914_softmax_full_f16io_f32acc_fp32_fast___expf_r3,softmax_oratc_main_crossplatform_smoke_20260727_cache_reuse_candidate_probe_g16_s00_p03,probe_before,3,0,11,43523.6192512,43523.6208826,43523.6200669,0.00163144300313,5.6596253555,7458903568,true,true
softmax_1785110538914_softmax_full_f16io_f32acc_fp32_fast___expf_r3,softmax_oratc_main_crossplatform_smoke_20260727_cache_reuse_candidate_probe_g16_s00_p03,probe_before,3,0,12,43524.1242608,43524.1258037,43524.1250322,0.00154292100342,6.1645907105,7458987145,true,true
softmax_1785110538914_softmax_full_f16io_f32acc_fp32_fast___expf_r3,softmax_oratc_main_crossplatform_smoke_20260727_cache_reuse_candidate_probe_g16_s00_p03,probe_before,3,0,13,43524.6415657,43524.6430092,43524.6422874,0.00144343799911,6.681845897,7459070932,true,true
softmax_1785110538914_softmax_full_f16io_f32acc_fp32_fast___expf_r3,softmax_oratc_main_crossplatform_smoke_20260727_cache_reuse_candidate_probe_g16_s00_p03,probe_before,3,0,14,43525.1456683,43525.1473863,43525.1465273,0.00171796300128,7.1860857395,7459135861,true,true
softmax_1785110538914_softmax_full_f16io_f32acc_fp32_fast___expf_r3,softmax_oratc_main_crossplatform_smoke_20260727_cache_reuse_candidate_probe_g16_s00_p03,probe_before,3,0,15,43525.674456,43525.6758563,43525.6751562,0.00140028599708,7.714714616,7459217639,true,true
softmax_1785110538914_softmax_full_f16io_f32acc_fp32_fast___expf_r3,softmax_oratc_main_crossplatform_smoke_20260727_cache_reuse_candidate_probe_g16_s00_p03,probe_before,3,0,16,43526.1771042,43526.1785801,43526.1778422,0.00147595500312,8.2174006335,7459299051,true,true
softmax_1785110538914_softmax_full_f16io_f32acc_fp32_fast___expf_r3,softmax_oratc_main_crossplatform_smoke_20260727_cache_reuse_candidate_probe_g16_s00_p03,probe_before,3,0,17,43526.6939827,43526.6954678,43526.6947252,0.00148512300075,8.73428369049,7459380822,true,true
softmax_1785110538914_softmax_full_f16io_f32acc_fp32_fast___expf_r3,softmax_oratc_main_crossplatform_smoke_20260727_cache_reuse_candidate_probe_g16_s00_p03,probe_before,3,0,18,43527.1974903,43527.2009017,43527.199196,0.00341140000091,9.238754449,7459464334,true,true
softmax_1785110538914_softmax_full_f16io_f32acc_fp32_fast___expf_r3,softmax_oratc_main_crossplatform_smoke_20260727_cache_reuse_candidate_probe_g16_s00_p03,probe_before,3,0,19,43527.7280235,43527.7296337,43527.7288286,0.00161021899839,9.7683870985,7459548035,true,true
softmax_1785110538914_softmax_full_f16io_f32acc_fp32_fast___expf_r3,softmax_oratc_main_crossplatform_smoke_20260727_cache_reuse_candidate_probe_g16_s00_p03,probe_before,3,0,20,43528.2318192,43528.2333096,43528.2325644,0.00149039299868,10.2721228305,7459631544,true,true
softmax_1785110538914_softmax_full_f16io_f32acc_fp32_fast___expf_r3,softmax_oratc_main_crossplatform_smoke_20260727_cache_reuse_candidate_probe_g16_s00_p03,probe_before,3,0,21,43528.7475247,43528.7489747,43528.7482497,0.00145002899808,10.7878081565,7459715562,true,true
softmax_1785110538914_softmax_full_f16io_f32acc_fp32_fast___expf_r3,softmax_oratc_main_crossplatform_smoke_20260727_cache_reuse_candidate_probe_g16_s00_p03,probe_before,3,0,22,43529.2526364,43529.2540941,43529.2533653,0.00145772199903,11.292923729,7459781026,true,true
softmax_1785110538914_softmax_full_f16io_f32acc_fp32_fast___expf_r3,softmax_oratc_main_crossplatform_smoke_20260727_cache_reuse_candidate_probe_g16_s00_p03,probe_before,3,0,23,43529.7638624,43529.7652848,43529.7645736,0.00142241799767,11.804132081,7459863362,true,true
softmax_1785110538914_softmax_full_f16io_f32acc_fp32_fast___expf_r3,softmax_oratc_main_crossplatform_smoke_20260727_cache_reuse_candidate_probe_g16_s00_p03,probe_before,3,0,24,43530.2686023,43530.2700102,43530.2693063,0.00140787399869,12.308864727,7459944641,true,true
softmax_1785110538914_softmax_full_f16io_f32acc_fp32_fast___expf_r3,softmax_oratc_main_crossplatform_smoke_20260727_cache_reuse_candidate_probe_g16_s00_p03,probe_before,3,0,25,43530.7823523,43530.7838584,43530.7831053,0.0015060959995,12.822663772,7460025949,true,false
softmax_1785110538914_softmax_full_f16io_f32acc_fp32_fast___expf_r3,softmax_oratc_main_crossplatform_smoke_20260727_cache_reuse_candidate_probe_g16_s00_p03,probe_before,3,0,26,43531.2874228,43531.2889038,43531.2881633,0.00148101300147,13.3277217505,7460109007,true,false
softmax_1785110538914_softmax_full_f16io_f32acc_fp32_fast___expf_r3,softmax_oratc_main_crossplatform_smoke_20260727_cache_reuse_candidate_probe_g16_s00_p03,probe_before,3,0,27,43531.5328417,43531.5343459,43531.5335938,0.00150419899728,13.5731522985,7460139608,true,false
softmax_1785110552500_softmax_full_f16io_f32acc_fp32_fast___expf_r3,softmax_oratc_main_crossplatform_smoke_20260727_cache_reuse_candidate_probe_g16_s00_p03,full,3,1,0,43531.5453234,43531.5467149,43531.5460191,0.00139143400156,-0.000701935001416,7460139608,false,false
softmax_1785110552500_softmax_full_f16io_f32acc_fp32_fast___expf_r3,softmax_oratc_main_crossplatform_smoke_20260727_cache_reuse_candidate_probe_g16_s00_p03,full,3,1,1,43532.0481923,43532.0498947,43532.0490435,0.00170243199682,0.502322430002,7460218324,true,false
softmax_1785110552500_softmax_full_f16io_f32acc_fp32_fast___expf_r3,softmax_oratc_main_crossplatform_smoke_20260727_cache_reuse_candidate_probe_g16_s00_p03,full,3,1,2,43532.5527502,43532.5542279,43532.553489,0.00147764100257,1.0067679475,7460302230,true,false
softmax_1785110552500_softmax_full_f16io_f32acc_fp32_fast___expf_r3,softmax_oratc_main_crossplatform_smoke_20260727_cache_reuse_candidate_probe_g16_s00_p03,full,3,1,3,43533.0604815,43533.0620018,43533.0612416,0.00152032299957,1.5145205315,7460386575,true,true
softmax_1785110552500_softmax_full_f16io_f32acc_fp32_fast___expf_r3,softmax_oratc_main_crossplatform_smoke_20260727_cache_reuse_candidate_probe_g16_s00_p03,full,3,1,4,43533.569736,43533.5712083,43533.5704722,0.00147237200144,2.023751072,7460453544,true,true
softmax_1785110552500_softmax_full_f16io_f32acc_fp32_fast___expf_r3,softmax_oratc_main_crossplatform_smoke_20260727_cache_reuse_candidate_probe_g16_s00_p03,full,3,1,5,43534.098044,43534.099542,43534.098793,0.00149796999904,2.552071892,7460536835,true,true
softmax_1785110552500_softmax_full_f16io_f32acc_fp32_fast___expf_r3,softmax_oratc_main_crossplatform_smoke_20260727_cache_reuse_candidate_probe_g16_s00_p03,full,3,1,6,43534.6263875,43534.6281866,43534.627287,0.00179903800017,3.080565954,7460619756,true,true
softmax_1785110552500_softmax_full_f16io_f32acc_fp32_fast___expf_r3,softmax_oratc_main_crossplatform_smoke_20260727_cache_reuse_candidate_probe_g16_s00_p03,full,3,1,7,43535.1529186,43535.1547388,43535.1538287,0.00182021200453,3.607107651,7460702124,true,true
softmax_1785110552500_softmax_full_f16io_f32acc_fp32_fast___expf_r3,softmax_oratc_main_crossplatform_smoke_20260727_cache_reuse_candidate_probe_g16_s00_p03,full,3,1,8,43535.6815145,43535.6829509,43535.6822327,0.00143644899799,4.1355115925,7460784411,true,true
softmax_1785110552500_softmax_full_f16io_f32acc_fp32_fast___expf_r3,softmax_oratc_main_crossplatform_smoke_20260727_cache_reuse_candidate_probe_g16_s00_p03,full,3,1,9,43536.1844138,43536.1858561,43536.185135,0.00144234899926,4.63841386751,7460866658,true,true
softmax_1785110552500_softmax_full_f16io_f32acc_fp32_fast___expf_r3,softmax_oratc_main_crossplatform_smoke_20260727_cache_reuse_candidate_probe_g16_s00_p03,full,3,1,10,43536.7125644,43536.7139107,43536.7132376,0.00134627600346,5.16651647699,7460949503,true,true
softmax_1785110552500_softmax_full_f16io_f32acc_fp32_fast___expf_r3,softmax_oratc_main_crossplatform_smoke_20260727_cache_reuse_candidate_probe_g16_s00_p03,full,3,1,11,43537.2397343,43537.2411793,43537.2404568,0.0014449819937,5.693735737,7461032134,true,true
softmax_1785110552500_softmax_full_f16io_f32acc_fp32_fast___expf_r3,softmax_oratc_main_crossplatform_smoke_20260727_cache_reuse_candidate_probe_g16_s00_p03,full,3,1,12,43537.7472297,43537.74863,43537.7479299,0.00140021200059,6.201208768,7461114665,true,true
softmax_1785110552500_softmax_full_f16io_f32acc_fp32_fast___expf_r3,softmax_oratc_main_crossplatform_smoke_20260727_cache_reuse_candidate_probe_g16_s00_p03,full,3,1,13,43538.2754462,43538.2768419,43538.2761441,0.00139568199666,6.729422987,7461196628,true,true
softmax_1785110552500_softmax_full_f16io_f32acc_fp32_fast___expf_r3,softmax_oratc_main_crossplatform_smoke_20260727_cache_reuse_candidate_probe_g16_s00_p03,full,3,1,14,43538.7771452,43538.7787489,43538.777947,0.00160373400286,7.231225961,7461278283,true,true
softmax_1785110552500_softmax_full_f16io_f32acc_fp32_fast___expf_r3,softmax_oratc_main_crossplatform_smoke_20260727_cache_reuse_candidate_probe_g16_s00_p03,full,3,1,15,43539.2887599,43539.2929928,43539.2908763,0.00423287000012,7.744155256,7461360369,true,true
softmax_1785110552500_softmax_full_f16io_f32acc_fp32_fast___expf_r3,softmax_oratc_main_crossplatform_smoke_20260727_cache_reuse_candidate_probe_g16_s00_p03,full,3,1,16,43539.8033837,43539.8047673,43539.8040755,0.00138356699608,8.2573544385,7461444419,true,true
softmax_1785110552500_softmax_full_f16io_f32acc_fp32_fast___expf_r3,softmax_oratc_main_crossplatform_smoke_20260727_cache_reuse_candidate_probe_g16_s00_p03,full,3,1,17,43540.3139751,43540.3156504,43540.3148127,0.00167536699882,8.7680916625,7461510580,true,true
softmax_1785110552500_softmax_full_f16io_f32acc_fp32_fast___expf_r3,softmax_oratc_main_crossplatform_smoke_20260727_cache_reuse_candidate_probe_g16_s00_p03,full,3,1,18,43540.8254923,43540.8306152,43540.8280537,0.00512280299881,9.2813326655,7461593012,true,true
softmax_1785110552500_softmax_full_f16io_f32acc_fp32_fast___expf_r3,softmax_oratc_main_crossplatform_smoke_20260727_cache_reuse_candidate_probe_g16_s00_p03,full,3,1,19,43541.335878,43541.3372973,43541.3365877,0.00141927899676,9.7898666005,7461677480,true,true
softmax_1785110552500_softmax_full_f16io_f32acc_fp32_fast___expf_r3,softmax_oratc_main_crossplatform_smoke_20260727_cache_reuse_candidate_probe_g16_s00_p03,full,3,1,20,43541.846592,43541.8480269,43541.8473094,0.00143487000605,10.300588339,7461761977,true,true
softmax_1785110552500_softmax_full_f16io_f32acc_fp32_fast___expf_r3,softmax_oratc_main_crossplatform_smoke_20260727_cache_reuse_candidate_probe_g16_s00_p03,full,3,1,21,43542.3569636,43542.358412,43542.3576878,0.00144845800241,10.810966714,7461845331,true,true
softmax_1785110552500_softmax_full_f16io_f32acc_fp32_fast___expf_r3,softmax_oratc_main_crossplatform_smoke_20260727_cache_reuse_candidate_probe_g16_s00_p03,full,3,1,22,43542.8675581,43542.8690154,43542.8682867,0.00145730700024,11.3215656235,7461927786,true,true
softmax_1785110552500_softmax_full_f16io_f32acc_fp32_fast___expf_r3,softmax_oratc_main_crossplatform_smoke_20260727_cache_reuse_candidate_probe_g16_s00_p03,full,3,1,23,43543.3707905,43543.37228,43543.3715352,0.00148954200267,11.824814159,7461992270,true,true
softmax_1785110552500_softmax_full_f16io_f32acc_fp32_fast___expf_r3,softmax_oratc_main_crossplatform_smoke_20260727_cache_reuse_candidate_probe_g16_s00_p03,full,3,1,24,43543.8758012,43543.8772648,43543.876533,0.00146356500045,12.3298119135,7462073945,true,true
softmax_1785110552500_softmax_full_f16io_f32acc_fp32_fast___expf_r3,softmax_oratc_main_crossplatform_smoke_20260727_cache_reuse_candidate_probe_g16_s00_p03,full,3,1,25,43544.3796471,43544.3811687,43544.3804079,0.00152161900041,12.8336868135,7462155934,true,false
softmax_1785110552500_softmax_full_f16io_f32acc_fp32_fast___expf_r3,softmax_oratc_main_crossplatform_smoke_20260727_cache_reuse_candidate_probe_g16_s00_p03,full,3,1,26,43544.8827954,43544.8842585,43544.8835269,0.00146314399899,13.336805856,7462238242,true,false
softmax_1785110552500_softmax_full_f16io_f32acc_fp32_fast___expf_r3,softmax_oratc_main_crossplatform_smoke_20260727_cache_reuse_candidate_probe_g16_s00_p03,full,3,1,27,43545.14665,43545.1487568,43545.1477034,0.00210679199517,13.600982346,7462267926,true,false
softmax_1785110564466_softmax_full_f16io_f32acc_fp32_fast___expf_r3,softmax_oratc_main_crossplatform_smoke_20260727_cache_reuse_candidate_probe_g16_s00_p03,probe_after,3,2,0,43545.1567391,43545.1579564,43545.1573477,0.00121733700507,-0.000616044497292,7462267926,false,false
softmax_1785110564466_softmax_full_f16io_f32acc_fp32_fast___expf_r3,softmax_oratc_main_crossplatform_smoke_20260727_cache_reuse_candidate_probe_g16_s00_p03,probe_after,3,2,1,43545.685046,43545.6866233,43545.6858347,0.0015773549967,0.527870901504,7462348685,true,false
softmax_1785110564466_softmax_full_f16io_f32acc_fp32_fast___expf_r3,softmax_oratc_main_crossplatform_smoke_20260727_cache_reuse_candidate_probe_g16_s00_p03,probe_after,3,2,2,43546.1869099,43546.1883822,43546.1876461,0.00147231099982,1.0296823125,7462430966,true,false
softmax_1785110564466_softmax_full_f16io_f32acc_fp32_fast___expf_r3,softmax_oratc_main_crossplatform_smoke_20260727_cache_reuse_candidate_probe_g16_s00_p03,probe_after,3,2,3,43546.7091523,43546.7106549,43546.7099036,0.00150254800246,1.551939808,7462513774,true,true
softmax_1785110564466_softmax_full_f16io_f32acc_fp32_fast___expf_r3,softmax_oratc_main_crossplatform_smoke_20260727_cache_reuse_candidate_probe_g16_s00_p03,probe_after,3,2,4,43547.2183873,43547.2198379,43547.2191126,0.00145060599607,2.061148804,7462597150,true,true
softmax_1785110564466_softmax_full_f16io_f32acc_fp32_fast___expf_r3,softmax_oratc_main_crossplatform_smoke_20260727_cache_reuse_candidate_probe_g16_s00_p03,probe_after,3,2,5,43547.7241454,43547.725625,43547.7248852,0.00147958000161,2.56692146,7462679730,true,true
softmax_1785110564466_softmax_full_f16io_f32acc_fp32_fast___expf_r3,softmax_oratc_main_crossplatform_smoke_20260727_cache_reuse_candidate_probe_g16_s00_p03,probe_after,3,2,6,43548.2301107,43548.231585,43548.2308479,0.00147420699795,3.0728840825,7462762007,true,true
softmax_1785110564466_softmax_full_f16io_f32acc_fp32_fast___expf_r3,softmax_oratc_main_crossplatform_smoke_20260727_cache_reuse_candidate_probe_g16_s00_p03,probe_after,3,2,7,43548.7360733,43548.7374704,43548.7367719,0.00139708299685,3.57880808951,7462827570,true,true
softmax_1785110564466_softmax_full_f16io_f32acc_fp32_fast___expf_r3,softmax_oratc_main_crossplatform_smoke_20260727_cache_reuse_candidate_probe_g16_s00_p03,probe_after,3,2,8,43549.2400563,43549.2416205,43549.2408384,0.0015641850041,4.0828745885,7462910079,true,true
softmax_1785110564466_softmax_full_f16io_f32acc_fp32_fast___expf_r3,softmax_oratc_main_crossplatform_smoke_20260727_cache_reuse_candidate_probe_g16_s00_p03,probe_after,3,2,9,43549.7469977,43549.7485454,43549.7477716,0.00154764299805,4.5898077925,7462992987,true,true
softmax_1785110564466_softmax_full_f16io_f32acc_fp32_fast___expf_r3,softmax_oratc_main_crossplatform_smoke_20260727_cache_reuse_candidate_probe_g16_s00_p03,probe_after,3,2,10,43550.2568022,43550.2582548,43550.2575285,0.00145260799763,5.099564717,7463075762,true,true
softmax_1785110564466_softmax_full_f16io_f32acc_fp32_fast___expf_r3,softmax_oratc_main_crossplatform_smoke_20260727_cache_reuse_candidate_probe_g16_s00_p03,probe_after,3,2,11,43550.7817112,43550.7832095,43550.7824604,0.0014982290013,5.6244965825,7463157870,true,true
softmax_1785110564466_softmax_full_f16io_f32acc_fp32_fast___expf_r3,softmax_oratc_main_crossplatform_smoke_20260727_cache_reuse_candidate_probe_g16_s00_p03,probe_after,3,2,12,43551.2850037,43551.2864783,43551.285741,0.0014746290035,6.1277771955,7463240162,true,true
softmax_1785110564466_softmax_full_f16io_f32acc_fp32_fast___expf_r3,softmax_oratc_main_crossplatform_smoke_20260727_cache_reuse_candidate_probe_g16_s00_p03,probe_after,3,2,13,43551.7889294,43551.7903818,43551.7896556,0.00145240499842,6.6316918185,7463305810,true,true
softmax_1785110564466_softmax_full_f16io_f32acc_fp32_fast___expf_r3,softmax_oratc_main_crossplatform_smoke_20260727_cache_reuse_candidate_probe_g16_s00_p03,probe_after,3,2,14,43552.2975245,43552.2990544,43552.2982894,0.00152986299508,7.1403256695,7463388370,true,true
softmax_1785110564466_softmax_full_f16io_f32acc_fp32_fast___expf_r3,softmax_oratc_main_crossplatform_smoke_20260727_cache_reuse_candidate_probe_g16_s00_p03,probe_after,3,2,15,43552.8069332,43552.8083883,43552.8076608,0.00145514500036,7.6496969985,7463470270,true,true
softmax_1785110564466_softmax_full_f16io_f32acc_fp32_fast___expf_r3,softmax_oratc_main_crossplatform_smoke_20260727_cache_reuse_candidate_probe_g16_s00_p03,probe_after,3,2,16,43553.3084891,43553.3098972,43553.3091931,0.00140814399492,8.15122937501,7463551761,true,true
softmax_1785110564466_softmax_full_f16io_f32acc_fp32_fast___expf_r3,softmax_oratc_main_crossplatform_smoke_20260727_cache_reuse_candidate_probe_g16_s00_p03,probe_after,3,2,17,43553.813035,43553.8144655,43553.8137503,0.0014304849974,8.65578648951,7463634188,true,true
softmax_1785110564466_softmax_full_f16io_f32acc_fp32_fast___expf_r3,softmax_oratc_main_crossplatform_smoke_20260727_cache_reuse_candidate_probe_g16_s00_p03,probe_after,3,2,18,43554.3415688,43554.34308,43554.3423244,0.00151120999362,9.184360669,7463716916,true,true
softmax_1785110564466_softmax_full_f16io_f32acc_fp32_fast___expf_r3,softmax_oratc_main_crossplatform_smoke_20260727_cache_reuse_candidate_probe_g16_s00_p03,probe_after,3,2,19,43554.8698577,43554.8713453,43554.8706015,0.00148760400043,9.71263777,7463799383,true,true
softmax_1785110564466_softmax_full_f16io_f32acc_fp32_fast___expf_r3,softmax_oratc_main_crossplatform_smoke_20260727_cache_reuse_candidate_probe_g16_s00_p03,probe_after,3,2,20,43555.3718896,43555.3732916,43555.3725906,0.00140192599792,10.214626829,7463864696,true,true
softmax_1785110564466_softmax_full_f16io_f32acc_fp32_fast___expf_r3,softmax_oratc_main_crossplatform_smoke_20260727_cache_reuse_candidate_probe_g16_s00_p03,probe_after,3,2,21,43555.8887114,43555.8930017,43555.8908565,0.00429029699444,10.7328927445,7463947370,true,true
softmax_1785110564466_softmax_full_f16io_f32acc_fp32_fast___expf_r3,softmax_oratc_main_crossplatform_smoke_20260727_cache_reuse_candidate_probe_g16_s00_p03,probe_after,3,2,22,43556.4068289,43556.4082775,43556.4075532,0.00144861199806,11.249589437,7464031039,true,true
softmax_1785110564466_softmax_full_f16io_f32acc_fp32_fast___expf_r3,softmax_oratc_main_crossplatform_smoke_20260727_cache_reuse_candidate_probe_g16_s00_p03,probe_after,3,2,23,43556.9172897,43556.9187869,43556.9180383,0.0014971940036,11.760074572,7464113001,true,true
softmax_1785110564466_softmax_full_f16io_f32acc_fp32_fast___expf_r3,softmax_oratc_main_crossplatform_smoke_20260727_cache_reuse_candidate_probe_g16_s00_p03,probe_after,3,2,24,43557.4199045,43557.4212428,43557.4205737,0.00133827399986,12.26260989,7464194384,true,true
softmax_1785110564466_softmax_full_f16io_f32acc_fp32_fast___expf_r3,softmax_oratc_main_crossplatform_smoke_20260727_cache_reuse_candidate_probe_g16_s00_p03,probe_after,3,2,25,43557.9215732,43557.9230763,43557.9223247,0.0015030949944,12.7643609385,7464276463,true,false
softmax_1785110564466_softmax_full_f16io_f32acc_fp32_fast___expf_r3,softmax_oratc_main_crossplatform_smoke_20260727_cache_reuse_candidate_probe_g16_s00_p03,probe_after,3,2,26,43558.4285727,43558.4300078,43558.4292902,0.00143512199429,13.271326452,7464342340,true,false
softmax_1785110564466_softmax_full_f16io_f32acc_fp32_fast___expf_r3,softmax_oratc_main_crossplatform_smoke_20260727_cache_reuse_candidate_probe_g16_s00_p03,probe_after,3,2,27,43558.7253869,43558.7269006,43558.7261438,0.00151373900007,13.5681800065,7464388863,true,false
softmax_1785110578047_softmax_full_f16io_f32acc_fp32_fast___expf_r4,softmax_oratc_main_crossplatform_smoke_20260727_cache_reuse_candidate_probe_g16_s00_p04,probe_before,4,0,0,43558.735949,43558.7390323,43558.7374907,0.00308322600176,-0.00154983299581,7464388863,false,false
softmax_1785110578047_softmax_full_f16io_f32acc_fp32_fast___expf_r4,softmax_oratc_main_crossplatform_smoke_20260727_cache_reuse_candidate_probe_g16_s00_p04,probe_before,4,0,1,43559.2505307,43559.2520211,43559.2512759,0.0014903429983,0.5122354095,7464467949,true,false
softmax_1785110578047_softmax_full_f16io_f32acc_fp32_fast___expf_r4,softmax_oratc_main_crossplatform_smoke_20260727_cache_reuse_candidate_probe_g16_s00_p04,probe_before,4,0,2,43559.7546843,43559.7561551,43559.7554197,0.00147074199776,1.016379207,7464550507,true,false
softmax_1785110578047_softmax_full_f16io_f32acc_fp32_fast___expf_r4,softmax_oratc_main_crossplatform_smoke_20260727_cache_reuse_candidate_probe_g16_s00_p04,probe_before,4,0,3,43560.2577218,43560.2592157,43560.2584687,0.00149382300151,1.5194282585,7464633122,true,true
softmax_1785110578047_softmax_full_f16io_f32acc_fp32_fast___expf_r4,softmax_oratc_main_crossplatform_smoke_20260727_cache_reuse_candidate_probe_g16_s00_p04,probe_before,4,0,4,43560.7595461,43560.7610726,43560.7603094,0.00152649200027,2.021268893,7464715998,true,true
softmax_1785110578047_softmax_full_f16io_f32acc_fp32_fast___expf_r4,softmax_oratc_main_crossplatform_smoke_20260727_cache_reuse_candidate_probe_g16_s00_p04,probe_before,4,0,5,43561.265687,43561.2671189,43561.266403,0.00143196200224,2.52736246899,7464782481,true,true
softmax_1785110578047_softmax_full_f16io_f32acc_fp32_fast___expf_r4,softmax_oratc_main_crossplatform_smoke_20260727_cache_reuse_candidate_probe_g16_s00_p04,probe_before,4,0,6,43561.7712261,43561.7726394,43561.7719327,0.00141330899351,3.0328922385,7464865806,true,true
softmax_1785110578047_softmax_full_f16io_f32acc_fp32_fast___expf_r4,softmax_oratc_main_crossplatform_smoke_20260727_cache_reuse_candidate_probe_g16_s00_p04,probe_before,4,0,7,43562.275764,43562.2774974,43562.2766307,0.00173335999716,3.53759021,7464949371,true,true
softmax_1785110578047_softmax_full_f16io_f32acc_fp32_fast___expf_r4,softmax_oratc_main_crossplatform_smoke_20260727_cache_reuse_candidate_probe_g16_s00_p04,probe_before,4,0,8,43562.7797563,43562.783004,43562.7813801,0.00324773300235,4.0423396615,7465033215,true,true
softmax_1785110578047_softmax_full_f16io_f32acc_fp32_fast___expf_r4,softmax_oratc_main_crossplatform_smoke_20260727_cache_reuse_candidate_probe_g16_s00_p04,probe_before,4,0,9,43563.2877343,43563.289321,43563.2885276,0.00158666600328,4.54948713299,7465117195,true,true
softmax_1785110578047_softmax_full_f16io_f32acc_fp32_fast___expf_r4,softmax_oratc_main_crossplatform_smoke_20260727_cache_reuse_candidate_probe_g16_s00_p04,probe_before,4,0,10,43563.7962279,43563.7976786,43563.7969532,0.00145061399962,5.057912758,7465184097,true,true
softmax_1785110578047_softmax_full_f16io_f32acc_fp32_fast___expf_r4,softmax_oratc_main_crossplatform_smoke_20260727_cache_reuse_candidate_probe_g16_s00_p04,probe_before,4,0,11,43564.2997293,43564.3011992,43564.3004643,0.00146990000212,5.561423786,7465267355,true,true
softmax_1785110578047_softmax_full_f16io_f32acc_fp32_fast___expf_r4,softmax_oratc_main_crossplatform_smoke_20260727_cache_reuse_candidate_probe_g16_s00_p04,probe_before,4,0,12,43564.8020353,43564.8058905,43564.8039629,0.00385516799724,6.064922432,7465350871,true,true
softmax_1785110578047_softmax_full_f16io_f32acc_fp32_fast___expf_r4,softmax_oratc_main_crossplatform_smoke_20260727_cache_reuse_candidate_probe_g16_s00_p04,probe_before,4,0,13,43565.3064694,43565.3114481,43565.3089588,0.00497877599992,6.56991827199,7465434378,true,true
softmax_1785110578047_softmax_full_f16io_f32acc_fp32_fast___expf_r4,softmax_oratc_main_crossplatform_smoke_20260727_cache_reuse_candidate_probe_g16_s00_p04,probe_before,4,0,14,43565.8119027,43565.8177432,43565.8148229,0.00584050299949,7.07578242649,7465518052,true,true
softmax_1785110578047_softmax_full_f16io_f32acc_fp32_fast___expf_r4,softmax_oratc_main_crossplatform_smoke_20260727_cache_reuse_candidate_probe_g16_s00_p04,probe_before,4,0,15,43566.3206655,43566.322865,43566.3217653,0.00219958099478,7.5827247675,7465584770,true,true
softmax_1785110578047_softmax_full_f16io_f32acc_fp32_fast___expf_r4,softmax_oratc_main_crossplatform_smoke_20260727_cache_reuse_candidate_probe_g16_s00_p04,probe_before,4,0,16,43566.8230533,43566.8245671,43566.8238102,0.00151384600031,8.084769689,7465668658,true,true
softmax_1785110578047_softmax_full_f16io_f32acc_fp32_fast___expf_r4,softmax_oratc_main_crossplatform_smoke_20260727_cache_reuse_candidate_probe_g16_s00_p04,probe_before,4,0,17,43567.3247899,43567.3262546,43567.3255222,0.00146473600034,8.586481755,7465749980,true,true
softmax_1785110578047_softmax_full_f16io_f32acc_fp32_fast___expf_r4,softmax_oratc_main_crossplatform_smoke_20260727_cache_reuse_candidate_probe_g16_s00_p04,probe_before,4,0,18,43567.8310244,43567.832473,43567.8317487,0.00144861199806,9.09270822,7465831983,true,true
softmax_1785110578047_softmax_full_f16io_f32acc_fp32_fast___expf_r4,softmax_oratc_main_crossplatform_smoke_20260727_cache_reuse_candidate_probe_g16_s00_p04,probe_before,4,0,19,43568.3409712,43568.3461085,43568.3435399,0.00513729899831,9.6044994015,7465913744,true,true
softmax_1785110578047_softmax_full_f16io_f32acc_fp32_fast___expf_r4,softmax_oratc_main_crossplatform_smoke_20260727_cache_reuse_candidate_probe_g16_s00_p04,probe_before,4,0,20,43568.8469726,43568.8507899,43568.8488812,0.00381732900132,10.1098407445,7465980628,true,true
softmax_1785110578047_softmax_full_f16io_f32acc_fp32_fast___expf_r4,softmax_oratc_main_crossplatform_smoke_20260727_cache_reuse_candidate_probe_g16_s00_p04,probe_before,4,0,21,43569.352441,43569.356163,43569.354302,0.00372203099687,10.6152614855,7466064230,true,true
softmax_1785110578047_softmax_full_f16io_f32acc_fp32_fast___expf_r4,softmax_oratc_main_crossplatform_smoke_20260727_cache_reuse_candidate_probe_g16_s00_p04,probe_before,4,0,22,43569.858877,43569.8615025,43569.8601897,0.00262551299966,11.1211492445,7466147666,true,true
softmax_1785110578047_softmax_full_f16io_f32acc_fp32_fast___expf_r4,softmax_oratc_main_crossplatform_smoke_20260727_cache_reuse_candidate_probe_g16_s00_p04,probe_before,4,0,23,43570.3616744,43570.3666916,43570.364183,0.00501725399954,11.625142502,7466231309,true,true
softmax_1785110578047_softmax_full_f16io_f32acc_fp32_fast___expf_r4,softmax_oratc_main_crossplatform_smoke_20260727_cache_reuse_candidate_probe_g16_s00_p04,probe_before,4,0,24,43570.8671089,43570.8726646,43570.8698868,0.00555566700496,12.1308462965,7466315172,true,true
softmax_1785110578047_softmax_full_f16io_f32acc_fp32_fast___expf_r4,softmax_oratc_main_crossplatform_smoke_20260727_cache_reuse_candidate_probe_g16_s00_p04,probe_before,4,0,25,43571.3728405,43571.3772604,43571.3750504,0.00441987100203,12.6360099415,7466382117,true,false
softmax_1785110578047_softmax_full_f16io_f32acc_fp32_fast___expf_r4,softmax_oratc_main_crossplatform_smoke_20260727_cache_reuse_candidate_probe_g16_s00_p04,probe_before,4,0,26,43571.877659,43571.8827668,43571.8802129,0.00510781499906,13.1411723755,7466466214,true,false
softmax_1785110578047_softmax_full_f16io_f32acc_fp32_fast___expf_r4,softmax_oratc_main_crossplatform_smoke_20260727_cache_reuse_candidate_probe_g16_s00_p04,probe_before,4,0,27,43572.3099218,43572.3113163,43572.310619,0.00139441899955,13.5715785555,7466531022,true,false
softmax_1785110589968_softmax_full_f16io_f32acc_fp32_fast___expf_r4,softmax_oratc_main_crossplatform_smoke_20260727_cache_reuse_candidate_probe_g16_s00_p04,full,4,1,0,43572.3189257,43572.3201197,43572.3195227,0.00119392300257,-0.000605069501034,7466531022,false,false
softmax_1785110589968_softmax_full_f16io_f32acc_fp32_fast___expf_r4,softmax_oratc_main_crossplatform_smoke_20260727_cache_reuse_candidate_probe_g16_s00_p04,full,4,1,1,43572.8214827,43572.8229908,43572.8222367,0.00150804100122,0.502108970497,7466611151,true,false
softmax_1785110589968_softmax_full_f16io_f32acc_fp32_fast___expf_r4,softmax_oratc_main_crossplatform_smoke_20260727_cache_reuse_candidate_probe_g16_s00_p04,full,4,1,2,43573.3255688,43573.3269974,43573.3262831,0.00142864199734,1.006155353,7466693170,true,false
softmax_1785110589968_softmax_full_f16io_f32acc_fp32_fast___expf_r4,softmax_oratc_main_crossplatform_smoke_20260727_cache_reuse_candidate_probe_g16_s00_p04,full,4,1,3,43573.8309488,43573.8323662,43573.8316575,0.00141737500235,1.5115297615,7466775171,true,true
softmax_1785110589968_softmax_full_f16io_f32acc_fp32_fast___expf_r4,softmax_oratc_main_crossplatform_smoke_20260727_cache_reuse_candidate_probe_g16_s00_p04,full,4,1,4,43574.3356604,43574.3370784,43574.3363694,0.0014180069993,2.0162416575,7466840065,true,true
softmax_1785110589968_softmax_full_f16io_f32acc_fp32_fast___expf_r4,softmax_oratc_main_crossplatform_smoke_20260727_cache_reuse_candidate_probe_g16_s00_p04,full,4,1,5,43574.8393814,43574.8407754,43574.8400784,0.00139399799809,2.51995065,7466922132,true,true
softmax_1785110589968_softmax_full_f16io_f32acc_fp32_fast___expf_r4,softmax_oratc_main_crossplatform_smoke_20260727_cache_reuse_candidate_probe_g16_s00_p04,full,4,1,6,43575.3419256,43575.3433851,43575.3426553,0.00145949600119,3.022527533,7467004688,true,true
softmax_1785110589968_softmax_full_f16io_f32acc_fp32_fast___expf_r4,softmax_oratc_main_crossplatform_smoke_20260727_cache_reuse_candidate_probe_g16_s00_p04,full,4,1,7,43575.846894,43575.8484163,43575.8476552,0.00152236200665,3.527527379,7467087850,true,true
softmax_1785110589968_softmax_full_f16io_f32acc_fp32_fast___expf_r4,softmax_oratc_main_crossplatform_smoke_20260727_cache_reuse_candidate_probe_g16_s00_p04,full,4,1,8,43576.3538727,43576.3553157,43576.3545942,0.00144296399958,4.034466428,7467171088,true,true
softmax_1785110589968_softmax_full_f16io_f32acc_fp32_fast___expf_r4,softmax_oratc_main_crossplatform_smoke_20260727_cache_reuse_candidate_probe_g16_s00_p04,full,4,1,9,43576.8627404,43576.8642361,43576.8634882,0.00149572000373,4.543360475,7467236952,true,true
softmax_1785110589968_softmax_full_f16io_f32acc_fp32_fast___expf_r4,softmax_oratc_main_crossplatform_smoke_20260727_cache_reuse_candidate_probe_g16_s00_p04,full,4,1,10,43577.3682408,43577.3697406,43577.3689907,0.00149982600124,5.048862931,7467319158,true,true
softmax_1785110589968_softmax_full_f16io_f32acc_fp32_fast___expf_r4,softmax_oratc_main_crossplatform_smoke_20260727_cache_reuse_candidate_probe_g16_s00_p04,full,4,1,11,43577.872214,43577.8736389,43577.8729265,0.00142495599721,5.552798693,7467401160,true,true
softmax_1785110589968_softmax_full_f16io_f32acc_fp32_fast___expf_r4,softmax_oratc_main_crossplatform_smoke_20260727_cache_reuse_candidate_probe_g16_s00_p04,full,4,1,12,43578.376332,43578.3778181,43578.3770751,0.0014860759984,6.056947285,7467483126,true,true
softmax_1785110589968_softmax_full_f16io_f32acc_fp32_fast___expf_r4,softmax_oratc_main_crossplatform_smoke_20260727_cache_reuse_candidate_probe_g16_s00_p04,full,4,1,13,43578.8847451,43578.8861679,43578.8854565,0.00142273800157,6.565328721,7467565370,true,true
softmax_1785110589968_softmax_full_f16io_f32acc_fp32_fast___expf_r4,softmax_oratc_main_crossplatform_smoke_20260727_cache_reuse_candidate_probe_g16_s00_p04,full,4,1,14,43579.3968089,43579.3998933,43579.3983511,0.00308439099899,7.0782232935,7467647437,true,true
softmax_1785110589968_softmax_full_f16io_f32acc_fp32_fast___expf_r4,softmax_oratc_main_crossplatform_smoke_20260727_cache_reuse_candidate_probe_g16_s00_p04,full,4,1,15,43579.9081166,43579.9095839,43579.9088502,0.00146731700079,7.5887224485,7467714729,true,true
softmax_1785110589968_softmax_full_f16io_f32acc_fp32_fast___expf_r4,softmax_oratc_main_crossplatform_smoke_20260727_cache_reuse_candidate_probe_g16_s00_p04,full,4,1,16,43580.4156258,43580.4170331,43580.4163294,0.00140735100285,8.0962016585,7467798474,true,true
softmax_1785110589968_softmax_full_f16io_f32acc_fp32_fast___expf_r4,softmax_oratc_main_crossplatform_smoke_20260727_cache_reuse_candidate_probe_g16_s00_p04,full,4,1,17,43580.926916,43580.9283773,43580.9276466,0.00146130999929,8.60751883499,7467881951,true,true
softmax_1785110589968_softmax_full_f16io_f32acc_fp32_fast___expf_r4,softmax_oratc_main_crossplatform_smoke_20260727_cache_reuse_candidate_probe_g16_s00_p04,full,4,1,18,43581.4384263,43581.4438831,43581.4411547,0.00545677899936,9.1210269235,7467964340,true,true
softmax_1785110589968_softmax_full_f16io_f32acc_fp32_fast___expf_r4,softmax_oratc_main_crossplatform_smoke_20260727_cache_reuse_candidate_probe_g16_s00_p04,full,4,1,19,43581.9522573,43581.9536853,43581.9529713,0.00142800700269,9.6328435345,7468048475,true,true
softmax_1785110589968_softmax_full_f16io_f32acc_fp32_fast___expf_r4,softmax_oratc_main_crossplatform_smoke_20260727_cache_reuse_candidate_probe_g16_s00_p04,full,4,1,20,43582.4560626,43582.4574882,43582.4567754,0.00142558299558,10.1366476535,7468131724,true,true
softmax_1785110589968_softmax_full_f16io_f32acc_fp32_fast___expf_r4,softmax_oratc_main_crossplatform_smoke_20260727_cache_reuse_candidate_probe_g16_s00_p04,full,4,1,21,43582.9678618,43582.9693241,43582.9685929,0.00146236400178,10.64846516,7468198311,true,true
softmax_1785110589968_softmax_full_f16io_f32acc_fp32_fast___expf_r4,softmax_oratc_main_crossplatform_smoke_20260727_cache_reuse_candidate_probe_g16_s00_p04,full,4,1,22,43583.479666,43583.481064,43583.480365,0.00139797099837,11.1602372445,7468281031,true,true
softmax_1785110589968_softmax_full_f16io_f32acc_fp32_fast___expf_r4,softmax_oratc_main_crossplatform_smoke_20260727_cache_reuse_candidate_probe_g16_s00_p04,full,4,1,23,43583.9891014,43583.9933363,43583.9912189,0.00423491099355,11.6710910835,7468362958,true,true
softmax_1785110589968_softmax_full_f16io_f32acc_fp32_fast___expf_r4,softmax_oratc_main_crossplatform_smoke_20260727_cache_reuse_candidate_probe_g16_s00_p04,full,4,1,24,43584.5037044,43584.5051427,43584.5044235,0.00143833499897,12.1842957595,7468447361,true,true
softmax_1785110589968_softmax_full_f16io_f32acc_fp32_fast___expf_r4,softmax_oratc_main_crossplatform_smoke_20260727_cache_reuse_candidate_probe_g16_s00_p04,full,4,1,25,43585.0150301,43585.0164301,43585.0157301,0.00139997400402,12.695602292,7468530945,true,false
softmax_1785110589968_softmax_full_f16io_f32acc_fp32_fast___expf_r4,softmax_oratc_main_crossplatform_smoke_20260727_cache_reuse_candidate_probe_g16_s00_p04,full,4,1,26,43585.5261995,43585.5314896,43585.5288445,0.00529005600401,13.208716756,7468613458,true,false
softmax_1785110589968_softmax_full_f16io_f32acc_fp32_fast___expf_r4,softmax_oratc_main_crossplatform_smoke_20260727_cache_reuse_candidate_probe_g16_s00_p04,full,4,1,27,43585.9230783,43585.924664,43585.9238712,0.00158577300317,13.6037433865,7468661700,true,false
softmax_1785110603585_softmax_full_f16io_f32acc_fp32_fast___expf_r4,softmax_oratc_main_crossplatform_smoke_20260727_cache_reuse_candidate_probe_g16_s00_p04,probe_after,4,2,0,43585.9360427,43585.9373186,43585.9366807,0.0012759329984,-0.000643551502435,7468674344,false,false
softmax_1785110603585_softmax_full_f16io_f32acc_fp32_fast___expf_r4,softmax_oratc_main_crossplatform_smoke_20260727_cache_reuse_candidate_probe_g16_s00_p04,probe_after,4,2,1,43586.4420287,43586.4434946,43586.4427616,0.00146593299723,0.505437435502,7468739740,true,false
softmax_1785110603585_softmax_full_f16io_f32acc_fp32_fast___expf_r4,softmax_oratc_main_crossplatform_smoke_20260727_cache_reuse_candidate_probe_g16_s00_p04,probe_after,4,2,2,43586.9473007,43586.9487526,43586.9480266,0.00145190700277,1.0107024415,7468822213,true,false
softmax_1785110603585_softmax_full_f16io_f32acc_fp32_fast___expf_r4,softmax_oratc_main_crossplatform_smoke_20260727_cache_reuse_candidate_probe_g16_s00_p04,probe_after,4,2,3,43587.4515361,43587.4530664,43587.4523013,0.00153036599659,1.514977065,7468904917,true,true
softmax_1785110603585_softmax_full_f16io_f32acc_fp32_fast___expf_r4,softmax_oratc_main_crossplatform_smoke_20260727_cache_reuse_candidate_probe_g16_s00_p04,probe_after,4,2,4,43587.9541802,43587.9557506,43587.9549654,0.00157043899526,2.0176411765,7468988170,true,true
softmax_1785110603585_softmax_full_f16io_f32acc_fp32_fast___expf_r4,softmax_oratc_main_crossplatform_smoke_20260727_cache_reuse_candidate_probe_g16_s00_p04,probe_after,4,2,5,43588.4565298,43588.4619127,43588.4592212,0.00538285499351,2.5218970295,7469072103,true,true
softmax_1785110603585_softmax_full_f16io_f32acc_fp32_fast___expf_r4,softmax_oratc_main_crossplatform_smoke_20260727_cache_reuse_candidate_probe_g16_s00_p04,probe_after,4,2,6,43588.9672727,43588.9686871,43588.9679799,0.00141436499689,3.0306557135,7469139169,true,true
softmax_1785110603585_softmax_full_f16io_f32acc_fp32_fast___expf_r4,softmax_oratc_main_crossplatform_smoke_20260727_cache_reuse_candidate_probe_g16_s00_p04,probe_after,4,2,7,43589.4961579,43589.4976371,43589.4968975,0.00147922000178,3.559573265,7469223072,true,true
softmax_1785110603585_softmax_full_f16io_f32acc_fp32_fast___expf_r4,softmax_oratc_main_crossplatform_smoke_20260727_cache_reuse_candidate_probe_g16_s00_p04,probe_after,4,2,8,43590.0172753,43590.0219349,43590.0196051,0.00465964400064,4.082280877,7469306621,true,true
softmax_1785110603585_softmax_full_f16io_f32acc_fp32_fast___expf_r4,softmax_oratc_main_crossplatform_smoke_20260727_cache_reuse_candidate_probe_g16_s00_p04,probe_after,4,2,9,43590.5256989,43590.5280855,43590.5268922,0.0023865569965,4.5895679865,7469390384,true,true
softmax_1785110603585_softmax_full_f16io_f32acc_fp32_fast___expf_r4,softmax_oratc_main_crossplatform_smoke_20260727_cache_reuse_candidate_probe_g16_s00_p04,probe_after,4,2,10,43591.0307936,43591.0342368,43591.0325152,0.00344321800367,5.09519096,7469473950,true,true
softmax_1785110603585_softmax_full_f16io_f32acc_fp32_fast___expf_r4,softmax_oratc_main_crossplatform_smoke_20260727_cache_reuse_candidate_probe_g16_s00_p04,probe_after,4,2,11,43591.535918,43591.5401483,43591.5380332,0.00423023000621,5.600708953,7469557393,true,true
softmax_1785110603585_softmax_full_f16io_f32acc_fp32_fast___expf_r4,softmax_oratc_main_crossplatform_smoke_20260727_cache_reuse_candidate_probe_g16_s00_p04,probe_after,4,2,12,43592.0407078,43592.0462462,43592.043477,0.00553840200155,6.10615281099,7469641065,true,true
softmax_1785110603585_softmax_full_f16io_f32acc_fp32_fast___expf_r4,softmax_oratc_main_crossplatform_smoke_20260727_cache_reuse_candidate_probe_g16_s00_p04,probe_after,4,2,13,43592.5514925,43592.5531145,43592.5523035,0.00162200700288,6.6149793025,7469707962,true,true
softmax_1785110603585_softmax_full_f16io_f32acc_fp32_fast___expf_r4,softmax_oratc_main_crossplatform_smoke_20260727_cache_reuse_candidate_probe_g16_s00_p04,probe_after,4,2,14,43593.0576925,43593.0591531,43593.0584228,0.00146055399819,7.121098601,7469791788,true,true
softmax_1785110603585_softmax_full_f16io_f32acc_fp32_fast___expf_r4,softmax_oratc_main_crossplatform_smoke_20260727_cache_reuse_candidate_probe_g16_s00_p04,probe_after,4,2,15,43593.5627606,43593.5644807,43593.5636206,0.00172007999936,7.626296432,7469875778,true,true
softmax_1785110603585_softmax_full_f16io_f32acc_fp32_fast___expf_r4,softmax_oratc_main_crossplatform_smoke_20260727_cache_reuse_candidate_probe_g16_s00_p04,probe_after,4,2,16,43594.0670489,43594.0701977,43594.0686233,0.0031487870001,8.1312991185,7469959793,true,true
softmax_1785110603585_softmax_full_f16io_f32acc_fp32_fast___expf_r4,softmax_oratc_main_crossplatform_smoke_20260727_cache_reuse_candidate_probe_g16_s00_p04,probe_after,4,2,17,43594.5704112,43594.5717579,43594.5710845,0.00134676799644,8.633760334,7470043693,true,true
softmax_1785110603585_softmax_full_f16io_f32acc_fp32_fast___expf_r4,softmax_oratc_main_crossplatform_smoke_20260727_cache_reuse_candidate_probe_g16_s00_p04,probe_after,4,2,18,43595.0725773,43595.074035,43595.0733061,0.00145773599797,9.135981923,7470110906,true,true
softmax_1785110603585_softmax_full_f16io_f32acc_fp32_fast___expf_r4,softmax_oratc_main_crossplatform_smoke_20260727_cache_reuse_candidate_probe_g16_s00_p04,probe_after,4,2,19,43595.5794138,43595.5810035,43595.5802086,0.00158968299365,9.6428844335,7470192260,true,true
softmax_1785110603585_softmax_full_f16io_f32acc_fp32_fast___expf_r4,softmax_oratc_main_crossplatform_smoke_20260727_cache_reuse_candidate_probe_g16_s00_p04,probe_after,4,2,20,43596.0824204,43596.0838924,43596.0831564,0.00147196399485,10.145832182,7470273458,true,true
softmax_1785110603585_softmax_full_f16io_f32acc_fp32_fast___expf_r4,softmax_oratc_main_crossplatform_smoke_20260727_cache_reuse_candidate_probe_g16_s00_p04,probe_after,4,2,21,43596.6078992,43596.6093712,43596.6086352,0.00147196399485,10.671311026,7470355347,true,true
softmax_1785110603585_softmax_full_f16io_f32acc_fp32_fast___expf_r4,softmax_oratc_main_crossplatform_smoke_20260727_cache_reuse_candidate_probe_g16_s00_p04,probe_after,4,2,22,43597.1363476,43597.1377939,43597.1370708,0.00144624899986,11.1997465485,7470437649,true,true
softmax_1785110603585_softmax_full_f16io_f32acc_fp32_fast___expf_r4,softmax_oratc_main_crossplatform_smoke_20260727_cache_reuse_candidate_probe_g16_s00_p04,probe_after,4,2,23,43597.6400246,43597.6414929,43597.6407587,0.00146827499702,11.7034345475,7470519873,true,true
softmax_1785110603585_softmax_full_f16io_f32acc_fp32_fast___expf_r4,softmax_oratc_main_crossplatform_smoke_20260727_cache_reuse_candidate_probe_g16_s00_p04,probe_after,4,2,24,43598.142525,43598.1440577,43598.1432914,0.00153266700363,12.2059671695,7470585437,true,true
softmax_1785110603585_softmax_full_f16io_f32acc_fp32_fast___expf_r4,softmax_oratc_main_crossplatform_smoke_20260727_cache_reuse_candidate_probe_g16_s00_p04,probe_after,4,2,25,43598.6442636,43598.6457188,43598.6449912,0.00145520600199,12.707667011,7470668322,true,false
softmax_1785110603585_softmax_full_f16io_f32acc_fp32_fast___expf_r4,softmax_oratc_main_crossplatform_smoke_20260727_cache_reuse_candidate_probe_g16_s00_p04,probe_after,4,2,26,43599.1716382,43599.1731222,43599.1723802,0.00148397800513,13.235055972,7470751729,true,false
softmax_1785110603585_softmax_full_f16io_f32acc_fp32_fast___expf_r4,softmax_oratc_main_crossplatform_smoke_20260727_cache_reuse_candidate_probe_g16_s00_p04,probe_after,4,2,27,43599.5111959,43599.5126749,43599.5119354,0.0014789199995,13.574611189,7470798963,true,false
softmax_1785110617170_softmax_full_f16io_f32acc_fp32_fast___expf_r5,softmax_oratc_main_crossplatform_smoke_20260727_cache_reuse_candidate_probe_g16_s00_p05,full_before,5,0,0,43599.520795,43599.5219949,43599.521395,0.00119984999765,-0.000606986002822,7470811813,false,false
softmax_1785110617170_softmax_full_f16io_f32acc_fp32_fast___expf_r5,softmax_oratc_main_crossplatform_smoke_20260727_cache_reuse_candidate_probe_g16_s00_p05,full_before,5,0,1,43600.0340177,43600.0354579,43600.0347378,0.00144013599493,0.512735826,7470878982,true,false
softmax_1785110617170_softmax_full_f16io_f32acc_fp32_fast___expf_r5,softmax_oratc_main_crossplatform_smoke_20260727_cache_reuse_candidate_probe_g16_s00_p05,full_before,5,0,2,43600.5461597,43600.5475549,43600.5468573,0.00139513499744,1.0248553395,7470962727,true,false
softmax_1785110617170_softmax_full_f16io_f32acc_fp32_fast___expf_r5,softmax_oratc_main_crossplatform_smoke_20260727_cache_reuse_candidate_probe_g16_s00_p05,full_before,5,0,3,43601.0599439,43601.0613988,43601.0606714,0.00145488999988,1.53866939699,7471045580,true,true
softmax_1785110617170_softmax_full_f16io_f32acc_fp32_fast___expf_r5,softmax_oratc_main_crossplatform_smoke_20260727_cache_reuse_candidate_probe_g16_s00_p05,full_before,5,0,4,43601.5708196,43601.5724692,43601.5716444,0.00164964900614,2.0496424395,7471127301,true,true
softmax_1785110617170_softmax_full_f16io_f32acc_fp32_fast___expf_r5,softmax_oratc_main_crossplatform_smoke_20260727_cache_reuse_candidate_probe_g16_s00_p05,full_before,5,0,5,43602.0844799,43602.0859427,43602.0852113,0.00146279500041,2.5632093605,7471211701,true,true
softmax_1785110617170_softmax_full_f16io_f32acc_fp32_fast___expf_r5,softmax_oratc_main_crossplatform_smoke_20260727_cache_reuse_candidate_probe_g16_s00_p05,full_before,5,0,6,43602.5933329,43602.5948517,43602.5940923,0.00151886200183,3.072090333,7471294774,true,true
softmax_1785110617170_softmax_full_f16io_f32acc_fp32_fast___expf_r5,softmax_oratc_main_crossplatform_smoke_20260727_cache_reuse_candidate_probe_g16_s00_p05,full_before,5,0,7,43603.1115174,43603.1129722,43603.1122448,0.00145478599734,3.590242873,7471377241,true,true
softmax_1785110617170_softmax_full_f16io_f32acc_fp32_fast___expf_r5,softmax_oratc_main_crossplatform_smoke_20260727_cache_reuse_candidate_probe_g16_s00_p05,full_before,5,0,8,43603.6160338,43603.6174798,43603.6167568,0.00144593200093,4.09475485299,7471444034,true,true
softmax_1785110617170_softmax_full_f16io_f32acc_fp32_fast___expf_r5,softmax_oratc_main_crossplatform_smoke_20260727_cache_reuse_candidate_probe_g16_s00_p05,full_before,5,0,9,43604.1216603,43604.1231048,43604.1223825,0.00144445699698,4.6003805795,7471527789,true,true
softmax_1785110617170_softmax_full_f16io_f32acc_fp32_fast___expf_r5,softmax_oratc_main_crossplatform_smoke_20260727_cache_reuse_candidate_probe_g16_s00_p05,full_before,5,0,10,43604.6272467,43604.6286856,43604.6279661,0.00143889800529,5.105964156,7471611429,true,true
softmax_1785110617170_softmax_full_f16io_f32acc_fp32_fast___expf_r5,softmax_oratc_main_crossplatform_smoke_20260727_cache_reuse_candidate_probe_g16_s00_p05,full_before,5,0,11,43605.1321494,43605.1335803,43605.1328649,0.00143091200152,5.610862905,7471695262,true,true
softmax_1785110617170_softmax_full_f16io_f32acc_fp32_fast___expf_r5,softmax_oratc_main_crossplatform_smoke_20260727_cache_reuse_candidate_probe_g16_s00_p05,full_before,5,0,12,43605.6361286,43605.6375162,43605.6368224,0.00138751600025,6.114820444,7471779178,true,true
softmax_1785110617170_softmax_full_f16io_f32acc_fp32_fast___expf_r5,softmax_oratc_main_crossplatform_smoke_20260727_cache_reuse_candidate_probe_g16_s00_p05,full_before,5,0,13,43606.1383334,43606.1398154,43606.1390744,0.00148197800445,6.617072404,7471846256,true,true
softmax_1785110617170_softmax_full_f16io_f32acc_fp32_fast___expf_r5,softmax_oratc_main_crossplatform_smoke_20260727_cache_reuse_candidate_probe_g16_s00_p05,full_before,5,0,14,43606.6653807,43606.6668809,43606.6661308,0.00150026100164,7.1441288585,7471930717,true,true
softmax_1785110617170_softmax_full_f16io_f32acc_fp32_fast___expf_r5,softmax_oratc_main_crossplatform_smoke_20260727_cache_reuse_candidate_probe_g16_s00_p05,full_before,5,0,15,43607.1777927,43607.179203,43607.1784979,0.00141031800013,7.656495923,7472014647,true,true
softmax_1785110617170_softmax_full_f16io_f32acc_fp32_fast___expf_r5,softmax_oratc_main_crossplatform_smoke_20260727_cache_reuse_candidate_probe_g16_s00_p05,full_before,5,0,16,43607.694471,43607.69589,43607.6951805,0.00141893399996,8.173178526,7472097075,true,true
softmax_1785110617170_softmax_full_f16io_f32acc_fp32_fast___expf_r5,softmax_oratc_main_crossplatform_smoke_20260727_cache_reuse_candidate_probe_g16_s00_p05,full_before,5,0,17,43608.1978314,43608.1993178,43608.1985746,0.00148639200052,8.6765726,7472180721,true,true
softmax_1785110617170_softmax_full_f16io_f32acc_fp32_fast___expf_r5,softmax_oratc_main_crossplatform_smoke_20260727_cache_reuse_candidate_probe_g16_s00_p05,full_before,5,0,18,43608.7126085,43608.7140586,43608.7133336,0.00145003599755,9.191331593,7472264475,true,true
softmax_1785110617170_softmax_full_f16io_f32acc_fp32_fast___expf_r5,softmax_oratc_main_crossplatform_smoke_20260727_cache_reuse_candidate_probe_g16_s00_p05,full_before,5,0,19,43609.2246352,43609.2280635,43609.2263493,0.00342838899815,9.7043473915,7472346740,true,true
softmax_1785110617170_softmax_full_f16io_f32acc_fp32_fast___expf_r5,softmax_oratc_main_crossplatform_smoke_20260727_cache_reuse_candidate_probe_g16_s00_p05,full_before,5,0,20,43609.7536386,43609.7552341,43609.7544364,0.00159546000214,10.232434422,7472431006,true,true
softmax_1785110617170_softmax_full_f16io_f32acc_fp32_fast___expf_r5,softmax_oratc_main_crossplatform_smoke_20260727_cache_reuse_candidate_probe_g16_s00_p05,full_before,5,0,21,43610.2804967,43610.2819758,43610.2812362,0.00147903700417,10.7592342835,7472515139,true,true
softmax_1785110617170_softmax_full_f16io_f32acc_fp32_fast___expf_r5,softmax_oratc_main_crossplatform_smoke_20260727_cache_reuse_candidate_probe_g16_s00_p05,full_before,5,0,22,43610.8020019,43610.8035558,43610.8027788,0.00155395599722,11.280776871,7472599055,true,true
softmax_1785110617170_softmax_full_f16io_f32acc_fp32_fast___expf_r5,softmax_oratc_main_crossplatform_smoke_20260727_cache_reuse_candidate_probe_g16_s00_p05,full_before,5,0,23,43611.3134059,43611.3148669,43611.3141364,0.0014609639984,11.792134427,7472683456,true,true
softmax_1785110617170_softmax_full_f16io_f32acc_fp32_fast___expf_r5,softmax_oratc_main_crossplatform_smoke_20260727_cache_reuse_candidate_probe_g16_s00_p05,full_before,5,0,24,43611.8256803,43611.8270316,43611.8263559,0.00135126600071,12.304353966,7472766481,true,true
softmax_1785110617170_softmax_full_f16io_f32acc_fp32_fast___expf_r5,softmax_oratc_main_crossplatform_smoke_20260727_cache_reuse_candidate_probe_g16_s00_p05,full_before,5,0,25,43612.3364162,43612.3378806,43612.3371484,0.00146443099948,12.8151464285,7472834199,true,false
softmax_1785110617170_softmax_full_f16io_f32acc_fp32_fast___expf_r5,softmax_oratc_main_crossplatform_smoke_20260727_cache_reuse_candidate_probe_g16_s00_p05,full_before,5,0,26,43612.8385837,43612.8414346,43612.8400092,0.00285089699901,13.3180071935,7472918041,true,false
softmax_1785110617170_softmax_full_f16io_f32acc_fp32_fast___expf_r5,softmax_oratc_main_crossplatform_smoke_20260727_cache_reuse_candidate_probe_g16_s00_p05,full_before,5,0,27,43613.1005178,43613.1018861,43613.101202,0.00136824800575,13.579200007,7472964697,true,false
softmax_1785110629103_softmax_full_f16io_f32acc_fp32_fast___expf_r5,softmax_oratc_main_crossplatform_smoke_20260727_cache_reuse_candidate_probe_g16_s00_p05,probe_middle,5,1,0,43613.1094547,43613.1106585,43613.1100566,0.0012037330016,-0.000611786497757,7472964697,false,false
softmax_1785110629103_softmax_full_f16io_f32acc_fp32_fast___expf_r5,softmax_oratc_main_crossplatform_smoke_20260727_cache_reuse_candidate_probe_g16_s00_p05,probe_middle,5,1,1,43613.6115018,43613.6129861,43613.612244,0.00148432700371,0.501575581504,7473028438,true,false
softmax_1785110629103_softmax_full_f16io_f32acc_fp32_fast___expf_r5,softmax_oratc_main_crossplatform_smoke_20260727_cache_reuse_candidate_probe_g16_s00_p05,probe_middle,5,1,2,43614.1184663,43614.1199225,43614.1191944,0.00145625699952,1.0085260195,7473110217,true,false
softmax_1785110629103_softmax_full_f16io_f32acc_fp32_fast___expf_r5,softmax_oratc_main_crossplatform_smoke_20260727_cache_reuse_candidate_probe_g16_s00_p05,probe_middle,5,1,3,43614.6316714,43614.6348563,43614.6332639,0.00318487599725,1.522595496,7473192031,true,true
softmax_1785110629103_softmax_full_f16io_f32acc_fp32_fast___expf_r5,softmax_oratc_main_crossplatform_smoke_20260727_cache_reuse_candidate_probe_g16_s00_p05,probe_middle,5,1,4,43615.1351652,43615.1366377,43615.1359014,0.00147250799637,2.025233038,7473275988,true,true
softmax_1785110629103_softmax_full_f16io_f32acc_fp32_fast___expf_r5,softmax_oratc_main_crossplatform_smoke_20260727_cache_reuse_candidate_probe_g16_s00_p05,probe_middle,5,1,5,43615.6600538,43615.6615355,43615.6607947,0.00148168899614,2.5501263045,7473357221,true,true
softmax_1785110629103_softmax_full_f16io_f32acc_fp32_fast___expf_r5,softmax_oratc_main_crossplatform_smoke_20260727_cache_reuse_candidate_probe_g16_s00_p05,probe_middle,5,1,6,43616.1627631,43616.1641951,43616.1634791,0.00143198699516,3.0528106995,7473438736,true,true
softmax_1785110629103_softmax_full_f16io_f32acc_fp32_fast___expf_r5,softmax_oratc_main_crossplatform_smoke_20260727_cache_reuse_candidate_probe_g16_s00_p05,probe_middle,5,1,7,43616.6676812,43616.6691492,43616.6684152,0.00146797000343,3.55774680601,7473503797,true,true
softmax_1785110629103_softmax_full_f16io_f32acc_fp32_fast___expf_r5,softmax_oratc_main_crossplatform_smoke_20260727_cache_reuse_candidate_probe_g16_s00_p05,probe_middle,5,1,8,43617.1715547,43617.1732011,43617.1723779,0.00164641399897,4.061709542,7473585833,true,true
softmax_1785110629103_softmax_full_f16io_f32acc_fp32_fast___expf_r5,softmax_oratc_main_crossplatform_smoke_20260727_cache_reuse_candidate_probe_g16_s00_p05,probe_middle,5,1,9,43617.6959989,43617.6975214,43617.6967602,0.00152252800035,4.58609179901,7473668309,true,true
softmax_1785110629103_softmax_full_f16io_f32acc_fp32_fast___expf_r5,softmax_oratc_main_crossplatform_smoke_20260727_cache_reuse_candidate_probe_g16_s00_p05,probe_middle,5,1,10,43618.225334,43618.2267889,43618.2260615,0.00145488499402,5.11539309251,7473751365,true,true
softmax_1785110629103_softmax_full_f16io_f32acc_fp32_fast___expf_r5,softmax_oratc_main_crossplatform_smoke_20260727_cache_reuse_candidate_probe_g16_s00_p05,probe_middle,5,1,11,43618.7545172,43618.7559941,43618.7552557,0.00147694000043,5.64458727701,7473834364,true,true
softmax_1785110629103_softmax_full_f16io_f32acc_fp32_fast___expf_r5,softmax_oratc_main_crossplatform_smoke_20260727_cache_reuse_candidate_probe_g16_s00_p05,probe_middle,5,1,12,43619.2562741,43619.2579801,43619.2571271,0.00170603700099,6.1464587005,7473917185,true,true
softmax_1785110629103_softmax_full_f16io_f32acc_fp32_fast___expf_r5,softmax_oratc_main_crossplatform_smoke_20260727_cache_reuse_candidate_probe_g16_s00_p05,probe_middle,5,1,13,43619.7827722,43619.7842301,43619.7835011,0.00145784000051,6.672832759,7474000763,true,true
softmax_1785110629103_softmax_full_f16io_f32acc_fp32_fast___expf_r5,softmax_oratc_main_crossplatform_smoke_20260727_cache_reuse_candidate_probe_g16_s00_p05,probe_middle,5,1,14,43620.2913637,43620.2928638,43620.2921138,0.00150015599502,7.181445387,7474084372,true,true
softmax_1785110629103_softmax_full_f16io_f32acc_fp32_fast___expf_r5,softmax_oratc_main_crossplatform_smoke_20260727_cache_reuse_candidate_probe_g16_s00_p05,probe_middle,5,1,15,43620.820444,43620.821906,43620.821175,0.00146206199861,7.710506609,7474167314,true,true
softmax_1785110629103_softmax_full_f16io_f32acc_fp32_fast___expf_r5,softmax_oratc_main_crossplatform_smoke_20260727_cache_reuse_candidate_probe_g16_s00_p05,probe_middle,5,1,16,43621.322104,43621.323494,43621.322799,0.00139002300421,8.21213062751,7474249862,true,true
softmax_1785110629103_softmax_full_f16io_f32acc_fp32_fast___expf_r5,softmax_oratc_main_crossplatform_smoke_20260727_cache_reuse_candidate_probe_g16_s00_p05,probe_middle,5,1,17,43621.8496599,43621.8517831,43621.8507215,0.00212315899989,8.7400531515,7474333324,true,true
softmax_1785110629103_softmax_full_f16io_f32acc_fp32_fast___expf_r5,softmax_oratc_main_crossplatform_smoke_20260727_cache_reuse_candidate_probe_g16_s00_p05,probe_middle,5,1,18,43622.3567218,43622.3582048,43622.3574633,0.00148306399933,9.246794938,7474400004,true,true
softmax_1785110629103_softmax_full_f16io_f32acc_fp32_fast___expf_r5,softmax_oratc_main_crossplatform_smoke_20260727_cache_reuse_candidate_probe_g16_s00_p05,probe_middle,5,1,19,43622.8617177,43622.8647716,43622.8632446,0.00305388899869,9.7525762665,7474483845,true,true
softmax_1785110629103_softmax_full_f16io_f32acc_fp32_fast___expf_r5,softmax_oratc_main_crossplatform_smoke_20260727_cache_reuse_candidate_probe_g16_s00_p05,probe_middle,5,1,20,43623.3649101,43623.3663508,43623.3656305,0.00144071400427,10.254962114,7474567824,true,true
softmax_1785110629103_softmax_full_f16io_f32acc_fp32_fast___expf_r5,softmax_oratc_main_crossplatform_smoke_20260727_cache_reuse_candidate_probe_g16_s00_p05,probe_middle,5,1,21,43623.8676817,43623.8691929,43623.8684373,0.00151115600602,10.757768918,7474649231,true,true
softmax_1785110629103_softmax_full_f16io_f32acc_fp32_fast___expf_r5,softmax_oratc_main_crossplatform_smoke_20260727_cache_reuse_candidate_probe_g16_s00_p05,probe_middle,5,1,22,43624.3694081,43624.370888,43624.370148,0.00147989499965,11.2594796615,7474714340,true,true
softmax_1785110629103_softmax_full_f16io_f32acc_fp32_fast___expf_r5,softmax_oratc_main_crossplatform_smoke_20260727_cache_reuse_candidate_probe_g16_s00_p05,probe_middle,5,1,23,43624.8755451,43624.8771455,43624.8763453,0.00160039500042,11.7656769295,7474797003,true,true
softmax_1785110629103_softmax_full_f16io_f32acc_fp32_fast___expf_r5,softmax_oratc_main_crossplatform_smoke_20260727_cache_reuse_candidate_probe_g16_s00_p05,probe_middle,5,1,24,43625.3807893,43625.3822967,43625.381543,0.0015073540053,12.270874611,7474879538,true,true
softmax_1785110629103_softmax_full_f16io_f32acc_fp32_fast___expf_r5,softmax_oratc_main_crossplatform_smoke_20260727_cache_reuse_candidate_probe_g16_s00_p05,probe_middle,5,1,25,43625.9036826,43625.905438,43625.9045603,0.00175532299909,12.7938919245,7474962137,true,false
softmax_1785110629103_softmax_full_f16io_f32acc_fp32_fast___expf_r5,softmax_oratc_main_crossplatform_smoke_20260727_cache_reuse_candidate_probe_g16_s00_p05,probe_middle,5,1,26,43626.4278674,43626.4332814,43626.4305744,0.00541403399984,13.319905992,7475045643,true,false
softmax_1785110629103_softmax_full_f16io_f32acc_fp32_fast___expf_r5,softmax_oratc_main_crossplatform_smoke_20260727_cache_reuse_candidate_probe_g16_s00_p05,probe_middle,5,1,27,43626.7025606,43626.708201,43626.7053808,0.0056403530034,13.5947124305,7475092161,true,false
softmax_1785110642711_softmax_full_f16io_f32acc_fp32_fast___expf_r5,softmax_oratc_main_crossplatform_smoke_20260727_cache_reuse_candidate_probe_g16_s00_p05,full_after,5,2,0,43626.7166596,43626.717991,43626.7173253,0.00133141000697,-0.000671303001582,7475092161,false,false
softmax_1785110642711_softmax_full_f16io_f32acc_fp32_fast___expf_r5,softmax_oratc_main_crossplatform_smoke_20260727_cache_reuse_candidate_probe_g16_s00_p05,full_after,5,2,1,43627.2197972,43627.2211989,43627.2204981,0.00140164000186,0.502501436,7475157236,true,false
softmax_1785110642711_softmax_full_f16io_f32acc_fp32_fast___expf_r5,softmax_oratc_main_crossplatform_smoke_20260727_cache_reuse_candidate_probe_g16_s00_p05,full_after,5,2,2,43627.7215525,43627.723003,43627.7222778,0.00145043100201,1.0042811415,7475240437,true,false
softmax_1785110642711_softmax_full_f16io_f32acc_fp32_fast___expf_r5,softmax_oratc_main_crossplatform_smoke_20260727_cache_reuse_candidate_probe_g16_s00_p05,full_after,5,2,3,43628.2278859,43628.2293698,43628.2286278,0.00148390899994,1.5106312255,7475324571,true,true
softmax_1785110642711_softmax_full_f16io_f32acc_fp32_fast___expf_r5,softmax_oratc_main_crossplatform_smoke_20260727_cache_reuse_candidate_probe_g16_s00_p05,full_after,5,2,4,43628.7330403,43628.7346348,43628.7338376,0.00159448100021,2.0158409465,7475408520,true,true
softmax_1785110642711_softmax_full_f16io_f32acc_fp32_fast___expf_r5,softmax_oratc_main_crossplatform_smoke_20260727_cache_reuse_candidate_probe_g16_s00_p05,full_after,5,2,5,43629.262825,43629.2643811,43629.2636031,0.00155604000611,2.545606449,7475492607,true,true
softmax_1785110642711_softmax_full_f16io_f32acc_fp32_fast___expf_r5,softmax_oratc_main_crossplatform_smoke_20260727_cache_reuse_candidate_probe_g16_s00_p05,full_after,5,2,6,43629.7698217,43629.7713281,43629.7705749,0.00150633000158,3.05257827199,7475576223,true,true
softmax_1785110642711_softmax_full_f16io_f32acc_fp32_fast___expf_r5,softmax_oratc_main_crossplatform_smoke_20260727_cache_reuse_candidate_probe_g16_s00_p05,full_after,5,2,7,43630.2769454,43630.2783958,43630.2776706,0.00145043399971,3.559674009,7475642492,true,true
softmax_1785110642711_softmax_full_f16io_f32acc_fp32_fast___expf_r5,softmax_oratc_main_crossplatform_smoke_20260727_cache_reuse_candidate_probe_g16_s00_p05,full_after,5,2,8,43630.7839116,43630.7853972,43630.7846544,0.00148559300578,4.0666577975,7475725514,true,true
softmax_1785110642711_softmax_full_f16io_f32acc_fp32_fast___expf_r5,softmax_oratc_main_crossplatform_smoke_20260727_cache_reuse_candidate_probe_g16_s00_p05,full_after,5,2,9,43631.311913,43631.3134627,43631.3126878,0.00154969799769,4.594691195,7475808496,true,true
softmax_1785110642711_softmax_full_f16io_f32acc_fp32_fast___expf_r5,softmax_oratc_main_crossplatform_smoke_20260727_cache_reuse_candidate_probe_g16_s00_p05,full_after,5,2,10,43631.8198128,43631.8212344,43631.8205236,0.00142159100506,5.1025269385,7475891358,true,true
softmax_1785110642711_softmax_full_f16io_f32acc_fp32_fast___expf_r5,softmax_oratc_main_crossplatform_smoke_20260727_cache_reuse_candidate_probe_g16_s00_p05,full_after,5,2,11,43632.3220758,43632.3235329,43632.3228044,0.00145717099804,5.6048077375,7475973831,true,true
softmax_1785110642711_softmax_full_f16io_f32acc_fp32_fast___expf_r5,softmax_oratc_main_crossplatform_smoke_20260727_cache_reuse_candidate_probe_g16_s00_p05,full_after,5,2,12,43632.8248531,43632.826364,43632.8256085,0.00151085599646,6.10761191,7476056814,true,true
softmax_1785110642711_softmax_full_f16io_f32acc_fp32_fast___expf_r5,softmax_oratc_main_crossplatform_smoke_20260727_cache_reuse_candidate_probe_g16_s00_p05,full_after,5,2,13,43633.3292374,43633.3306511,43633.3299442,0.0014136969985,6.6119476225,7476123032,true,true
softmax_1785110642711_softmax_full_f16io_f32acc_fp32_fast___expf_r5,softmax_oratc_main_crossplatform_smoke_20260727_cache_reuse_candidate_probe_g16_s00_p05,full_after,5,2,14,43633.832913,43633.8343791,43633.8336461,0.00146601400047,7.115649434,7476206257,true,true
softmax_1785110642711_softmax_full_f16io_f32acc_fp32_fast___expf_r5,softmax_oratc_main_crossplatform_smoke_20260727_cache_reuse_candidate_probe_g16_s00_p05,full_after,5,2,15,43634.3355009,43634.3369699,43634.3362354,0.00146896100341,7.6182387625,7476289479,true,true
softmax_1785110642711_softmax_full_f16io_f32acc_fp32_fast___expf_r5,softmax_oratc_main_crossplatform_smoke_20260727_cache_reuse_candidate_probe_g16_s00_p05,full_after,5,2,16,43634.8371741,43634.8402001,43634.8386871,0.00302602699958,8.1206905105,7476373092,true,true
softmax_1785110642711_softmax_full_f16io_f32acc_fp32_fast___expf_r5,softmax_oratc_main_crossplatform_smoke_20260727_cache_reuse_candidate_probe_g16_s00_p05,full_after,5,2,17,43635.3445299,43635.3460064,43635.3452682,0.00147653900058,8.62727155849,7476457178,true,true
softmax_1785110642711_softmax_full_f16io_f32acc_fp32_fast___expf_r5,softmax_oratc_main_crossplatform_smoke_20260727_cache_reuse_candidate_probe_g16_s00_p05,full_after,5,2,18,43635.8479595,43635.8504934,43635.8492264,0.00253391700244,9.13122979349,7476524225,true,true
softmax_1785110642711_softmax_full_f16io_f32acc_fp32_fast___expf_r5,softmax_oratc_main_crossplatform_smoke_20260727_cache_reuse_candidate_probe_g16_s00_p05,full_after,5,2,19,43636.3535809,43636.3556678,43636.3546243,0.00208686000406,9.63662772599,7476608496,true,true
softmax_1785110642711_softmax_full_f16io_f32acc_fp32_fast___expf_r5,softmax_oratc_main_crossplatform_smoke_20260727_cache_reuse_candidate_probe_g16_s00_p05,full_after,5,2,20,43636.8577524,43636.8609564,43636.8593544,0.00320402900252,10.1413577575,7476692820,true,true
softmax_1785110642711_softmax_full_f16io_f32acc_fp32_fast___expf_r5,softmax_oratc_main_crossplatform_smoke_20260727_cache_reuse_candidate_probe_g16_s00_p05,full_after,5,2,21,43637.3619803,43637.3658355,43637.3639079,0.00385519200063,10.645911314,7476777072,true,true
softmax_1785110642711_softmax_full_f16io_f32acc_fp32_fast___expf_r5,softmax_oratc_main_crossplatform_smoke_20260727_cache_reuse_candidate_probe_g16_s00_p05,full_after,5,2,22,43637.8660149,43637.8715829,43637.8687989,0.00556794400472,11.150802294,7476861186,true,true
softmax_1785110642711_softmax_full_f16io_f32acc_fp32_fast___expf_r5,softmax_oratc_main_crossplatform_smoke_20260727_cache_reuse_candidate_probe_g16_s00_p05,full_after,5,2,23,43638.3744666,43638.376065,43638.3752658,0.00159833000362,11.657269183,7476928109,true,true
softmax_1785110642711_softmax_full_f16io_f32acc_fp32_fast___expf_r5,softmax_oratc_main_crossplatform_smoke_20260727_cache_reuse_candidate_probe_g16_s00_p05,full_after,5,2,24,43638.8795659,43638.8811947,43638.8803803,0.00162885600002,12.162383692,7477011959,true,true
softmax_1785110642711_softmax_full_f16io_f32acc_fp32_fast___expf_r5,softmax_oratc_main_crossplatform_smoke_20260727_cache_reuse_candidate_probe_g16_s00_p05,full_after,5,2,25,43639.3839184,43639.3865135,43639.3852159,0.00259517599625,12.667219331,7477095933,true,false
softmax_1785110642711_softmax_full_f16io_f32acc_fp32_fast___expf_r5,softmax_oratc_main_crossplatform_smoke_20260727_cache_reuse_candidate_probe_g16_s00_p05,full_after,5,2,26,43639.8868131,43639.891646,43639.8892295,0.00483285100199,13.1712329205,7477179953,true,false
softmax_1785110642711_softmax_full_f16io_f32acc_fp32_fast___expf_r5,softmax_oratc_main_crossplatform_smoke_20260727_cache_reuse_candidate_probe_g16_s00_p05,full_after,5,2,27,43640.3273246,43640.3287677,43640.3280461,0.00144316800288,13.610049521,7477244070,true,false
