run_id,pair_id,role,repeat,sequence_index,sample_index,query_start_s,query_end_s,query_midpoint_s,query_latency_s,relative_to_kernel_start_s,energy_mJ,changed_from_previous,in_fit_window
softmax_1785109852458_softmax_full_f16io_f32acc_ptx_ex2_approx_f16_r0,softmax_oratc_main_crossplatform_smoke_20260727_cache_reuse_candidate_probe_ptx_f16_g16_s00_p00,probe_before,0,0,0,42795.0025491,42795.0038005,42795.0031748,0.00125133000256,-0.000633352996374,7345267624,false,false
softmax_1785109852458_softmax_full_f16io_f32acc_ptx_ex2_approx_f16_r0,softmax_oratc_main_crossplatform_smoke_20260727_cache_reuse_candidate_probe_ptx_f16_g16_s00_p00,probe_before,0,0,1,42795.5059781,42795.5073828,42795.5066805,0.00140467799793,0.502872336001,7345333978,true,false
softmax_1785109852458_softmax_full_f16io_f32acc_ptx_ex2_approx_f16_r0,softmax_oratc_main_crossplatform_smoke_20260727_cache_reuse_candidate_probe_ptx_f16_g16_s00_p00,probe_before,0,0,2,42796.0084511,42796.0099603,42796.0092057,0.00150925699563,1.0053975585,7345414224,true,false
softmax_1785109852458_softmax_full_f16io_f32acc_ptx_ex2_approx_f16_r0,softmax_oratc_main_crossplatform_smoke_20260727_cache_reuse_candidate_probe_ptx_f16_g16_s00_p00,probe_before,0,0,3,42796.511468,42796.5128987,42796.5121833,0.00143068799662,1.50837519301,7345494609,true,true
softmax_1785109852458_softmax_full_f16io_f32acc_ptx_ex2_approx_f16_r0,softmax_oratc_main_crossplatform_smoke_20260727_cache_reuse_candidate_probe_ptx_f16_g16_s00_p00,probe_before,0,0,4,42797.0146031,42797.0160319,42797.0153175,0.00142879100167,2.0115093345,7345575034,true,true
softmax_1785109852458_softmax_full_f16io_f32acc_ptx_ex2_approx_f16_r0,softmax_oratc_main_crossplatform_smoke_20260727_cache_reuse_candidate_probe_ptx_f16_g16_s00_p00,probe_before,0,0,5,42797.5165218,42797.5179573,42797.5172396,0.00143553200178,2.513431437,7345639388,true,true
softmax_1785109852458_softmax_full_f16io_f32acc_ptx_ex2_approx_f16_r0,softmax_oratc_main_crossplatform_smoke_20260727_cache_reuse_candidate_probe_ptx_f16_g16_s00_p00,probe_before,0,0,6,42798.0227388,42798.0241865,42798.0234626,0.00144764399738,3.0196545,7345721087,true,true
softmax_1785109852458_softmax_full_f16io_f32acc_ptx_ex2_approx_f16_r0,softmax_oratc_main_crossplatform_smoke_20260727_cache_reuse_candidate_probe_ptx_f16_g16_s00_p00,probe_before,0,0,7,42798.5242476,42798.5258286,42798.5250381,0.00158098099928,3.5212299895,7345802897,true,true
softmax_1785109852458_softmax_full_f16io_f32acc_ptx_ex2_approx_f16_r0,softmax_oratc_main_crossplatform_smoke_20260727_cache_reuse_candidate_probe_ptx_f16_g16_s00_p00,probe_before,0,0,8,42799.0322231,42799.0337032,42799.0329631,0.00148008300312,4.0291549955,7345885499,true,true
softmax_1785109852458_softmax_full_f16io_f32acc_ptx_ex2_approx_f16_r0,softmax_oratc_main_crossplatform_smoke_20260727_cache_reuse_candidate_probe_ptx_f16_g16_s00_p00,probe_before,0,0,9,42799.5495721,42799.551013,42799.5502925,0.00144090299727,4.5464843675,7345967727,true,true
softmax_1785109852458_softmax_full_f16io_f32acc_ptx_ex2_approx_f16_r0,softmax_oratc_main_crossplatform_smoke_20260727_cache_reuse_candidate_probe_ptx_f16_g16_s00_p00,probe_before,0,0,10,42800.0777928,42800.0792497,42800.0785213,0.00145691200305,5.074713145,7346047917,true,true
softmax_1785109852458_softmax_full_f16io_f32acc_ptx_ex2_approx_f16_r0,softmax_oratc_main_crossplatform_smoke_20260727_cache_reuse_candidate_probe_ptx_f16_g16_s00_p00,probe_before,0,0,11,42800.5802906,42800.5816868,42800.5809887,0.00139614100044,5.5771805495,7346111164,true,true
softmax_1785109852458_softmax_full_f16io_f32acc_ptx_ex2_approx_f16_r0,softmax_oratc_main_crossplatform_smoke_20260727_cache_reuse_candidate_probe_ptx_f16_g16_s00_p00,probe_before,0,0,12,42801.0836388,42801.0851173,42801.084378,0.00147850299982,6.0805698855,7346191229,true,true
softmax_1785109852458_softmax_full_f16io_f32acc_ptx_ex2_approx_f16_r0,softmax_oratc_main_crossplatform_smoke_20260727_cache_reuse_candidate_probe_ptx_f16_g16_s00_p00,probe_before,0,0,13,42801.5861178,42801.5877324,42801.5869251,0.00161457800277,6.583116965,7346271471,true,true
softmax_1785109852458_softmax_full_f16io_f32acc_ptx_ex2_approx_f16_r0,softmax_oratc_main_crossplatform_smoke_20260727_cache_reuse_candidate_probe_ptx_f16_g16_s00_p00,probe_before,0,0,14,42802.088029,42802.0894269,42802.0887279,0.00139793300332,7.0849197905,7346352325,true,true
softmax_1785109852458_softmax_full_f16io_f32acc_ptx_ex2_approx_f16_r0,softmax_oratc_main_crossplatform_smoke_20260727_cache_reuse_candidate_probe_ptx_f16_g16_s00_p00,probe_before,0,0,15,42802.5900153,42802.5914894,42802.5907524,0.00147407899931,7.5869442125,7346434046,true,true
softmax_1785109852458_softmax_full_f16io_f32acc_ptx_ex2_approx_f16_r0,softmax_oratc_main_crossplatform_smoke_20260727_cache_reuse_candidate_probe_ptx_f16_g16_s00_p00,probe_before,0,0,16,42803.0917556,42803.0951132,42803.0934344,0.00335754400294,8.089626262,7346499826,true,true
softmax_1785109852458_softmax_full_f16io_f32acc_ptx_ex2_approx_f16_r0,softmax_oratc_main_crossplatform_smoke_20260727_cache_reuse_candidate_probe_ptx_f16_g16_s00_p00,probe_before,0,0,17,42803.5956134,42803.6008076,42803.5982105,0.00519413999427,8.594402366,7346582667,true,true
softmax_1785109852458_softmax_full_f16io_f32acc_ptx_ex2_approx_f16_r0,softmax_oratc_main_crossplatform_smoke_20260727_cache_reuse_candidate_probe_ptx_f16_g16_s00_p00,probe_before,0,0,18,42804.1009694,42804.1060669,42804.1035182,0.00509751899517,9.0997100195,7346665450,true,true
softmax_1785109852458_softmax_full_f16io_f32acc_ptx_ex2_approx_f16_r0,softmax_oratc_main_crossplatform_smoke_20260727_cache_reuse_candidate_probe_ptx_f16_g16_s00_p00,probe_before,0,0,19,42804.6067225,42804.6117084,42804.6092155,0.00498590800271,9.60540734,7346748129,true,true
softmax_1785109852458_softmax_full_f16io_f32acc_ptx_ex2_approx_f16_r0,softmax_oratc_main_crossplatform_smoke_20260727_cache_reuse_candidate_probe_ptx_f16_g16_s00_p00,probe_before,0,0,20,42805.1291098,42805.1305491,42805.1298294,0.00143934500375,10.1260212835,7346830492,true,true
softmax_1785109852458_softmax_full_f16io_f32acc_ptx_ex2_approx_f16_r0,softmax_oratc_main_crossplatform_smoke_20260727_cache_reuse_candidate_probe_ptx_f16_g16_s00_p00,probe_before,0,0,21,42805.6343935,42805.6358945,42805.635144,0.00150099999883,10.631335818,7346893996,true,true
softmax_1785109852458_softmax_full_f16io_f32acc_ptx_ex2_approx_f16_r0,softmax_oratc_main_crossplatform_smoke_20260727_cache_reuse_candidate_probe_ptx_f16_g16_s00_p00,probe_before,0,0,22,42806.1415184,42806.1429524,42806.1422354,0.00143407600262,11.138427271,7346974272,true,false
softmax_1785109852458_softmax_full_f16io_f32acc_ptx_ex2_approx_f16_r0,softmax_oratc_main_crossplatform_smoke_20260727_cache_reuse_candidate_probe_ptx_f16_g16_s00_p00,probe_before,0,0,23,42806.6700606,42806.6715198,42806.6707902,0.00145915900066,11.6669820655,7347054694,true,false
softmax_1785109852458_softmax_full_f16io_f32acc_ptx_ex2_approx_f16_r0,softmax_oratc_main_crossplatform_smoke_20260727_cache_reuse_candidate_probe_ptx_f16_g16_s00_p00,probe_before,0,0,24,42807.1519374,42807.1533198,42807.1526286,0.00138243399851,12.148820473,7347132669,true,false
softmax_1785109864621_softmax_full_f16io_f32acc_ptx_ex2_approx_f16_r0,softmax_oratc_main_crossplatform_smoke_20260727_cache_reuse_candidate_probe_ptx_f16_g16_s00_p00,full,0,1,0,42807.1642172,42807.1667318,42807.1654745,0.00251456000115,-0.00126339199778,7347132669,false,false
softmax_1785109864621_softmax_full_f16io_f32acc_ptx_ex2_approx_f16_r0,softmax_oratc_main_crossplatform_smoke_20260727_cache_reuse_candidate_probe_ptx_f16_g16_s00_p00,full,0,1,1,42807.6939527,42807.6954752,42807.694714,0.00152250000247,0.527976084995,7347211120,true,false
softmax_1785109864621_softmax_full_f16io_f32acc_ptx_ex2_approx_f16_r0,softmax_oratc_main_crossplatform_smoke_20260727_cache_reuse_candidate_probe_ptx_f16_g16_s00_p00,full,0,1,2,42808.1964332,42808.1979137,42808.1971735,0.00148055399768,1.030435589,7347292994,true,false
softmax_1785109864621_softmax_full_f16io_f32acc_ptx_ex2_approx_f16_r0,softmax_oratc_main_crossplatform_smoke_20260727_cache_reuse_candidate_probe_ptx_f16_g16_s00_p00,full,0,1,3,42808.7250192,42808.7264908,42808.725755,0.00147159599874,1.559017101,7347375177,true,true
softmax_1785109864621_softmax_full_f16io_f32acc_ptx_ex2_approx_f16_r0,softmax_oratc_main_crossplatform_smoke_20260727_cache_reuse_candidate_probe_ptx_f16_g16_s00_p00,full,0,1,4,42809.2462948,42809.2477506,42809.2470227,0.00145578700176,2.0802848465,7347456951,true,true
softmax_1785109864621_softmax_full_f16io_f32acc_ptx_ex2_approx_f16_r0,softmax_oratc_main_crossplatform_smoke_20260727_cache_reuse_candidate_probe_ptx_f16_g16_s00_p00,full,0,1,5,42809.7746061,42809.7761123,42809.7753592,0.00150626899995,2.6086213205,7347539499,true,true
softmax_1785109864621_softmax_full_f16io_f32acc_ptx_ex2_approx_f16_r0,softmax_oratc_main_crossplatform_smoke_20260727_cache_reuse_candidate_probe_ptx_f16_g16_s00_p00,full,0,1,6,42810.3032514,42810.3046994,42810.3039754,0.00144798799738,3.137237506,7347621495,true,true
softmax_1785109864621_softmax_full_f16io_f32acc_ptx_ex2_approx_f16_r0,softmax_oratc_main_crossplatform_smoke_20260727_cache_reuse_candidate_probe_ptx_f16_g16_s00_p00,full,0,1,7,42810.8316255,42810.8331771,42810.8324013,0.00155158900452,3.66566345849,7347703463,true,true
softmax_1785109864621_softmax_full_f16io_f32acc_ptx_ex2_approx_f16_r0,softmax_oratc_main_crossplatform_smoke_20260727_cache_reuse_candidate_probe_ptx_f16_g16_s00_p00,full,0,1,8,42811.3549381,42811.3564303,42811.3556842,0.00149214699923,4.1889463085,7347785411,true,true
softmax_1785109864621_softmax_full_f16io_f32acc_ptx_ex2_approx_f16_r0,softmax_oratc_main_crossplatform_smoke_20260727_cache_reuse_candidate_probe_ptx_f16_g16_s00_p00,full,0,1,9,42811.883337,42811.8847818,42811.8840594,0.0014447210051,4.7173215145,7347868071,true,true
softmax_1785109864621_softmax_full_f16io_f32acc_ptx_ex2_approx_f16_r0,softmax_oratc_main_crossplatform_smoke_20260727_cache_reuse_candidate_probe_ptx_f16_g16_s00_p00,full,0,1,10,42812.3965555,42812.3979622,42812.3972588,0.00140670499968,5.2305209575,7347950539,true,true
softmax_1785109864621_softmax_full_f16io_f32acc_ptx_ex2_approx_f16_r0,softmax_oratc_main_crossplatform_smoke_20260727_cache_reuse_candidate_probe_ptx_f16_g16_s00_p00,full,0,1,11,42812.924911,42812.9263062,42812.9256086,0.00139521699748,5.7588707465,7348031687,true,true
softmax_1785109864621_softmax_full_f16io_f32acc_ptx_ex2_approx_f16_r0,softmax_oratc_main_crossplatform_smoke_20260727_cache_reuse_candidate_probe_ptx_f16_g16_s00_p00,full,0,1,12,42813.4534512,42813.4549305,42813.4541909,0.00147932200343,6.287452984,7348112470,true,true
softmax_1785109864621_softmax_full_f16io_f32acc_ptx_ex2_approx_f16_r0,softmax_oratc_main_crossplatform_smoke_20260727_cache_reuse_candidate_probe_ptx_f16_g16_s00_p00,full,0,1,13,42813.9632374,42813.967797,42813.9655172,0.00455959000101,6.798779348,7348192808,true,true
softmax_1785109864621_softmax_full_f16io_f32acc_ptx_ex2_approx_f16_r0,softmax_oratc_main_crossplatform_smoke_20260727_cache_reuse_candidate_probe_ptx_f16_g16_s00_p00,full,0,1,14,42814.4949133,42814.4963198,42814.4956166,0.00140649400419,7.328878691,7348275124,true,true
softmax_1785109864621_softmax_full_f16io_f32acc_ptx_ex2_approx_f16_r0,softmax_oratc_main_crossplatform_smoke_20260727_cache_reuse_candidate_probe_ptx_f16_g16_s00_p00,full,0,1,15,42815.0232217,42815.0247141,42815.0239679,0.00149239000166,7.857230061,7348357389,true,true
softmax_1785109864621_softmax_full_f16io_f32acc_ptx_ex2_approx_f16_r0,softmax_oratc_main_crossplatform_smoke_20260727_cache_reuse_candidate_probe_ptx_f16_g16_s00_p00,full,0,1,16,42815.5518613,42815.5533109,42815.5525861,0.00144960000034,8.385848238,7348439613,true,true
softmax_1785109864621_softmax_full_f16io_f32acc_ptx_ex2_approx_f16_r0,softmax_oratc_main_crossplatform_smoke_20260727_cache_reuse_candidate_probe_ptx_f16_g16_s00_p00,full,0,1,17,42816.08026,42816.0816728,42816.0809664,0.00141281799733,8.914228486,7348521705,true,true
softmax_1785109864621_softmax_full_f16io_f32acc_ptx_ex2_approx_f16_r0,softmax_oratc_main_crossplatform_smoke_20260727_cache_reuse_candidate_probe_ptx_f16_g16_s00_p00,full,0,1,18,42816.6041388,42816.6056301,42816.6048845,0.00149123199662,9.438146581,7348603713,true,true
softmax_1785109864621_softmax_full_f16io_f32acc_ptx_ex2_approx_f16_r0,softmax_oratc_main_crossplatform_smoke_20260727_cache_reuse_candidate_probe_ptx_f16_g16_s00_p00,full,0,1,19,42817.1325962,42817.1340493,42817.1333227,0.00145307800267,9.966584849,7348686009,true,true
softmax_1785109864621_softmax_full_f16io_f32acc_ptx_ex2_approx_f16_r0,softmax_oratc_main_crossplatform_smoke_20260727_cache_reuse_candidate_probe_ptx_f16_g16_s00_p00,full,0,1,20,42817.661197,42817.6626678,42817.6619324,0.00147078400187,10.495194489,7348767902,true,true
softmax_1785109864621_softmax_full_f16io_f32acc_ptx_ex2_approx_f16_r0,softmax_oratc_main_crossplatform_smoke_20260727_cache_reuse_candidate_probe_ptx_f16_g16_s00_p00,full,0,1,21,42818.1896578,42818.1911809,42818.1904193,0.00152306100063,11.0236814495,7348849365,true,true
softmax_1785109864621_softmax_full_f16io_f32acc_ptx_ex2_approx_f16_r0,softmax_oratc_main_crossplatform_smoke_20260727_cache_reuse_candidate_probe_ptx_f16_g16_s00_p00,full,0,1,22,42818.7183299,42818.7198055,42818.7190677,0.00147552799899,11.552329822,7348930300,true,false
softmax_1785109864621_softmax_full_f16io_f32acc_ptx_ex2_approx_f16_r0,softmax_oratc_main_crossplatform_smoke_20260727_cache_reuse_candidate_probe_ptx_f16_g16_s00_p00,full,0,1,23,42819.2201332,42819.2215358,42819.2208345,0.00140259399632,12.054096665,7348994202,true,false
softmax_1785109864621_softmax_full_f16io_f32acc_ptx_ex2_approx_f16_r0,softmax_oratc_main_crossplatform_smoke_20260727_cache_reuse_candidate_probe_ptx_f16_g16_s00_p00,full,0,1,24,42819.3494978,42819.3509751,42819.3502365,0.00147731999459,12.183498586,7349023546,true,false
softmax_1785109876817_softmax_full_f16io_f32acc_ptx_ex2_approx_f16_r0,softmax_oratc_main_crossplatform_smoke_20260727_cache_reuse_candidate_probe_ptx_f16_g16_s00_p00,probe_after,0,2,0,42819.3595292,42819.3630258,42819.3612775,0.00349657900369,-0.00175682649569,7349023546,false,false
softmax_1785109876817_softmax_full_f16io_f32acc_ptx_ex2_approx_f16_r0,softmax_oratc_main_crossplatform_smoke_20260727_cache_reuse_candidate_probe_ptx_f16_g16_s00_p00,probe_after,0,2,1,42819.8902218,42819.8916864,42819.8909541,0.00146456599759,0.527919831002,7349102730,true,false
softmax_1785109876817_softmax_full_f16io_f32acc_ptx_ex2_approx_f16_r0,softmax_oratc_main_crossplatform_smoke_20260727_cache_reuse_candidate_probe_ptx_f16_g16_s00_p00,probe_after,0,2,2,42820.4038999,42820.4053005,42820.4046002,0.00140059200203,1.041565883,7349185300,true,false
softmax_1785109876817_softmax_full_f16io_f32acc_ptx_ex2_approx_f16_r0,softmax_oratc_main_crossplatform_smoke_20260727_cache_reuse_candidate_probe_ptx_f16_g16_s00_p00,probe_after,0,2,3,42820.9321928,42820.9336781,42820.9329355,0.00148528999853,1.569901182,7349266669,true,true
softmax_1785109876817_softmax_full_f16io_f32acc_ptx_ex2_approx_f16_r0,softmax_oratc_main_crossplatform_smoke_20260727_cache_reuse_candidate_probe_ptx_f16_g16_s00_p00,probe_after,0,2,4,42821.444645,42821.448399,42821.446522,0.00375398400502,2.083487702,7349347661,true,true
softmax_1785109876817_softmax_full_f16io_f32acc_ptx_ex2_approx_f16_r0,softmax_oratc_main_crossplatform_smoke_20260727_cache_reuse_candidate_probe_ptx_f16_g16_s00_p00,probe_after,0,2,5,42821.9666516,42821.9679817,42821.9673167,0.00133014600578,2.604282384,7349430427,true,true
softmax_1785109876817_softmax_full_f16io_f32acc_ptx_ex2_approx_f16_r0,softmax_oratc_main_crossplatform_smoke_20260727_cache_reuse_candidate_probe_ptx_f16_g16_s00_p00,probe_after,0,2,6,42822.4944848,42822.4958234,42822.4951541,0.00133867800469,3.132119816,7349513692,true,true
softmax_1785109876817_softmax_full_f16io_f32acc_ptx_ex2_approx_f16_r0,softmax_oratc_main_crossplatform_smoke_20260727_cache_reuse_candidate_probe_ptx_f16_g16_s00_p00,probe_after,0,2,7,42823.0225816,42823.0274379,42823.0250097,0.00485631400079,3.661975428,7349596524,true,true
softmax_1785109876817_softmax_full_f16io_f32acc_ptx_ex2_approx_f16_r0,softmax_oratc_main_crossplatform_smoke_20260727_cache_reuse_candidate_probe_ptx_f16_g16_s00_p00,probe_after,0,2,8,42823.5394998,42823.5410031,42823.5402515,0.00150329999451,4.177217179,7349662357,true,true
softmax_1785109876817_softmax_full_f16io_f32acc_ptx_ex2_approx_f16_r0,softmax_oratc_main_crossplatform_smoke_20260727_cache_reuse_candidate_probe_ptx_f16_g16_s00_p00,probe_after,0,2,9,42824.0633706,42824.0648578,42824.0641142,0.00148718499986,4.7010798655,7349743671,true,true
softmax_1785109876817_softmax_full_f16io_f32acc_ptx_ex2_approx_f16_r0,softmax_oratc_main_crossplatform_smoke_20260727_cache_reuse_candidate_probe_ptx_f16_g16_s00_p00,probe_after,0,2,10,42824.5866261,42824.5881096,42824.5873679,0.00148349899973,5.2243335645,7349825558,true,true
softmax_1785109876817_softmax_full_f16io_f32acc_ptx_ex2_approx_f16_r0,softmax_oratc_main_crossplatform_smoke_20260727_cache_reuse_candidate_probe_ptx_f16_g16_s00_p00,probe_after,0,2,11,42825.1149168,42825.1164025,42825.1156597,0.00148571099999,5.7526253675,7349908198,true,true
softmax_1785109876817_softmax_full_f16io_f32acc_ptx_ex2_approx_f16_r0,softmax_oratc_main_crossplatform_smoke_20260727_cache_reuse_candidate_probe_ptx_f16_g16_s00_p00,probe_after,0,2,12,42825.6299382,42825.6314027,42825.6306704,0.0014645409974,6.2676361415,7349990507,true,true
softmax_1785109876817_softmax_full_f16io_f32acc_ptx_ex2_approx_f16_r0,softmax_oratc_main_crossplatform_smoke_20260727_cache_reuse_candidate_probe_ptx_f16_g16_s00_p00,probe_after,0,2,13,42826.1581175,42826.1595115,42826.1588145,0.0013939729979,6.7957802265,7350071034,true,true
softmax_1785109876817_softmax_full_f16io_f32acc_ptx_ex2_approx_f16_r0,softmax_oratc_main_crossplatform_smoke_20260727_cache_reuse_candidate_probe_ptx_f16_g16_s00_p00,probe_after,0,2,14,42826.6617943,42826.6632097,42826.662502,0.00141545999941,7.299467695,7350151135,true,true
softmax_1785109876817_softmax_full_f16io_f32acc_ptx_ex2_approx_f16_r0,softmax_oratc_main_crossplatform_smoke_20260727_cache_reuse_candidate_probe_ptx_f16_g16_s00_p00,probe_after,0,2,15,42827.1900115,42827.1915062,42827.1907589,0.00149466299627,7.8277245825,7350231325,true,true
softmax_1785109876817_softmax_full_f16io_f32acc_ptx_ex2_approx_f16_r0,softmax_oratc_main_crossplatform_smoke_20260727_cache_reuse_candidate_probe_ptx_f16_g16_s00_p00,probe_after,0,2,16,42827.7179852,42827.7233757,42827.7206805,0.00539052100066,8.3576461805,7350311198,true,true
softmax_1785109876817_softmax_full_f16io_f32acc_ptx_ex2_approx_f16_r0,softmax_oratc_main_crossplatform_smoke_20260727_cache_reuse_candidate_probe_ptx_f16_g16_s00_p00,probe_after,0,2,17,42828.2259775,42828.228851,42828.2274142,0.00287347000267,8.864379957,7350393770,true,true
softmax_1785109876817_softmax_full_f16io_f32acc_ptx_ex2_approx_f16_r0,softmax_oratc_main_crossplatform_smoke_20260727_cache_reuse_candidate_probe_ptx_f16_g16_s00_p00,probe_after,0,2,18,42828.7554288,42828.7569542,42828.7561915,0.00152541799616,9.393157201,7350476594,true,true
softmax_1785109876817_softmax_full_f16io_f32acc_ptx_ex2_approx_f16_r0,softmax_oratc_main_crossplatform_smoke_20260727_cache_reuse_candidate_probe_ptx_f16_g16_s00_p00,probe_after,0,2,19,42829.2803165,42829.2819395,42829.281128,0.00162294899928,9.9180937265,7350559306,true,true
softmax_1785109876817_softmax_full_f16io_f32acc_ptx_ex2_approx_f16_r0,softmax_oratc_main_crossplatform_smoke_20260727_cache_reuse_candidate_probe_ptx_f16_g16_s00_p00,probe_after,0,2,20,42829.7987846,42829.8002512,42829.7995179,0.00146664699423,10.4364835815,7350642281,true,true
softmax_1785109876817_softmax_full_f16io_f32acc_ptx_ex2_approx_f16_r0,softmax_oratc_main_crossplatform_smoke_20260727_cache_reuse_candidate_probe_ptx_f16_g16_s00_p00,probe_after,0,2,21,42830.3270073,42830.3284463,42830.3277268,0.00143894700159,10.9646924935,7350723051,true,true
softmax_1785109876817_softmax_full_f16io_f32acc_ptx_ex2_approx_f16_r0,softmax_oratc_main_crossplatform_smoke_20260727_cache_reuse_candidate_probe_ptx_f16_g16_s00_p00,probe_after,0,2,22,42830.8552933,42830.8567493,42830.8560213,0.00145595100184,11.4929869845,7350803401,true,false
softmax_1785109876817_softmax_full_f16io_f32acc_ptx_ex2_approx_f16_r0,softmax_oratc_main_crossplatform_smoke_20260727_cache_reuse_candidate_probe_ptx_f16_g16_s00_p00,probe_after,0,2,23,42831.3838816,42831.3883093,42831.3860955,0.00442771699454,12.0230611815,7350882586,true,false
softmax_1785109876817_softmax_full_f16io_f32acc_ptx_ex2_approx_f16_r0,softmax_oratc_main_crossplatform_smoke_20260727_cache_reuse_candidate_probe_ptx_f16_g16_s00_p00,probe_after,0,2,24,42831.5109226,42831.5146089,42831.5127657,0.00368625099509,12.1497314505,7350897360,true,false
softmax_1785109887324_softmax_full_f16io_f32acc_ptx_ex2_approx_f16_r1,softmax_oratc_main_crossplatform_smoke_20260727_cache_reuse_candidate_probe_ptx_f16_g16_s00_p01,full_before,1,0,0,42831.5229003,42831.5241463,42831.5235233,0.00124599999981,-0.000630167000054,7350897360,false,false
softmax_1785109887324_softmax_full_f16io_f32acc_ptx_ex2_approx_f16_r1,softmax_oratc_main_crossplatform_smoke_20260727_cache_reuse_candidate_probe_ptx_f16_g16_s00_p01,full_before,1,0,1,42832.0410145,42832.0424403,42832.0417274,0.00142580700049,0.5175739345,7350977048,true,false
softmax_1785109887324_softmax_full_f16io_f32acc_ptx_ex2_approx_f16_r1,softmax_oratc_main_crossplatform_smoke_20260727_cache_reuse_candidate_probe_ptx_f16_g16_s00_p01,full_before,1,0,2,42832.5641239,42832.5682713,42832.5661976,0.00414736099628,1.04204408151,7351059754,true,false
softmax_1785109887324_softmax_full_f16io_f32acc_ptx_ex2_approx_f16_r1,softmax_oratc_main_crossplatform_smoke_20260727_cache_reuse_candidate_probe_ptx_f16_g16_s00_p01,full_before,1,0,3,42833.079205,42833.0807138,42833.0799594,0.00150886000483,1.555805921,7351142791,true,true
softmax_1785109887324_softmax_full_f16io_f32acc_ptx_ex2_approx_f16_r1,softmax_oratc_main_crossplatform_smoke_20260727_cache_reuse_candidate_probe_ptx_f16_g16_s00_p01,full_before,1,0,4,42833.5836813,42833.5851453,42833.5844133,0.00146406600106,2.060259807,7351224858,true,true
softmax_1785109887324_softmax_full_f16io_f32acc_ptx_ex2_approx_f16_r1,softmax_oratc_main_crossplatform_smoke_20260727_cache_reuse_candidate_probe_ptx_f16_g16_s00_p01,full_before,1,0,5,42834.1121371,42834.1136206,42834.1128788,0.00148345899652,2.5887253335,7351307147,true,true
softmax_1785109887324_softmax_full_f16io_f32acc_ptx_ex2_approx_f16_r1,softmax_oratc_main_crossplatform_smoke_20260727_cache_reuse_candidate_probe_ptx_f16_g16_s00_p01,full_before,1,0,6,42834.614949,42834.6164629,42834.6157059,0.00151391800318,3.09155242,7351388948,true,true
softmax_1785109887324_softmax_full_f16io_f32acc_ptx_ex2_approx_f16_r1,softmax_oratc_main_crossplatform_smoke_20260727_cache_reuse_candidate_probe_ptx_f16_g16_s00_p01,full_before,1,0,7,42835.1171276,42835.1185344,42835.117831,0.00140683599602,3.59367751201,7351454330,true,true
softmax_1785109887324_softmax_full_f16io_f32acc_ptx_ex2_approx_f16_r1,softmax_oratc_main_crossplatform_smoke_20260727_cache_reuse_candidate_probe_ptx_f16_g16_s00_p01,full_before,1,0,8,42835.6188249,42835.6238852,42835.621355,0.00506030799443,4.097201535,7351536826,true,true
softmax_1785109887324_softmax_full_f16io_f32acc_ptx_ex2_approx_f16_r1,softmax_oratc_main_crossplatform_smoke_20260727_cache_reuse_candidate_probe_ptx_f16_g16_s00_p01,full_before,1,0,9,42836.1260305,42836.1295676,42836.1277991,0.00353711399657,4.603645574,7351619245,true,true
softmax_1785109887324_softmax_full_f16io_f32acc_ptx_ex2_approx_f16_r1,softmax_oratc_main_crossplatform_smoke_20260727_cache_reuse_candidate_probe_ptx_f16_g16_s00_p01,full_before,1,0,10,42836.6561097,42836.6575728,42836.6568412,0.00146311700519,5.1326877265,7351701969,true,true
softmax_1785109887324_softmax_full_f16io_f32acc_ptx_ex2_approx_f16_r1,softmax_oratc_main_crossplatform_smoke_20260727_cache_reuse_candidate_probe_ptx_f16_g16_s00_p01,full_before,1,0,11,42837.1605838,42837.1620461,42837.161315,0.00146227399819,5.637161479,7351784735,true,true
softmax_1785109887324_softmax_full_f16io_f32acc_ptx_ex2_approx_f16_r1,softmax_oratc_main_crossplatform_smoke_20260727_cache_reuse_candidate_probe_ptx_f16_g16_s00_p01,full_before,1,0,12,42837.6622608,42837.6637774,42837.6630191,0.00151665900194,6.1388656165,7351867812,true,true
softmax_1785109887324_softmax_full_f16io_f32acc_ptx_ex2_approx_f16_r1,softmax_oratc_main_crossplatform_smoke_20260727_cache_reuse_candidate_probe_ptx_f16_g16_s00_p01,full_before,1,0,13,42838.1735376,42838.1749497,42838.1742436,0.00141210500442,6.6500901355,7351934697,true,true
softmax_1785109887324_softmax_full_f16io_f32acc_ptx_ex2_approx_f16_r1,softmax_oratc_main_crossplatform_smoke_20260727_cache_reuse_candidate_probe_ptx_f16_g16_s00_p01,full_before,1,0,14,42838.6792105,42838.6806052,42838.6799079,0.00139471500006,7.1557543965,7352017532,true,true
softmax_1785109887324_softmax_full_f16io_f32acc_ptx_ex2_approx_f16_r1,softmax_oratc_main_crossplatform_smoke_20260727_cache_reuse_candidate_probe_ptx_f16_g16_s00_p01,full_before,1,0,15,42839.2018792,42839.2066578,42839.2042685,0.00477855800273,7.68011500301,7352100232,true,true
softmax_1785109887324_softmax_full_f16io_f32acc_ptx_ex2_approx_f16_r1,softmax_oratc_main_crossplatform_smoke_20260727_cache_reuse_candidate_probe_ptx_f16_g16_s00_p01,full_before,1,0,16,42839.7069114,42839.7083017,42839.7076066,0.00139028400008,8.183453067,7352182886,true,true
softmax_1785109887324_softmax_full_f16io_f32acc_ptx_ex2_approx_f16_r1,softmax_oratc_main_crossplatform_smoke_20260727_cache_reuse_candidate_probe_ptx_f16_g16_s00_p01,full_before,1,0,17,42840.2113897,42840.2127027,42840.2120462,0.00131297600456,8.687892695,7352262783,true,true
softmax_1785109887324_softmax_full_f16io_f32acc_ptx_ex2_approx_f16_r1,softmax_oratc_main_crossplatform_smoke_20260727_cache_reuse_candidate_probe_ptx_f16_g16_s00_p01,full_before,1,0,18,42840.735137,42840.7365068,42840.7358219,0.00136971699976,9.2116684105,7352343013,true,true
softmax_1785109887324_softmax_full_f16io_f32acc_ptx_ex2_approx_f16_r1,softmax_oratc_main_crossplatform_smoke_20260727_cache_reuse_candidate_probe_ptx_f16_g16_s00_p01,full_before,1,0,19,42841.2444187,42841.2457263,42841.2450725,0.00130759600142,9.720918976,7352423915,true,true
softmax_1785109887324_softmax_full_f16io_f32acc_ptx_ex2_approx_f16_r1,softmax_oratc_main_crossplatform_smoke_20260727_cache_reuse_candidate_probe_ptx_f16_g16_s00_p01,full_before,1,0,20,42841.7460139,42841.7474275,42841.7467207,0.00141359199915,10.222567174,7352490730,true,true
softmax_1785109887324_softmax_full_f16io_f32acc_ptx_ex2_approx_f16_r1,softmax_oratc_main_crossplatform_smoke_20260727_cache_reuse_candidate_probe_ptx_f16_g16_s00_p01,full_before,1,0,21,42842.2552959,42842.2568232,42842.2560596,0.0015272870005,10.7319060685,7352572147,true,true
softmax_1785109887324_softmax_full_f16io_f32acc_ptx_ex2_approx_f16_r1,softmax_oratc_main_crossplatform_smoke_20260727_cache_reuse_candidate_probe_ptx_f16_g16_s00_p01,full_before,1,0,22,42842.7641169,42842.7655911,42842.764854,0.00147423599992,11.240700484,7352653137,true,false
softmax_1785109887324_softmax_full_f16io_f32acc_ptx_ex2_approx_f16_r1,softmax_oratc_main_crossplatform_smoke_20260727_cache_reuse_candidate_probe_ptx_f16_g16_s00_p01,full_before,1,0,23,42843.2722749,42843.2764107,42843.2743428,0.00413572900288,11.7501893025,7352733486,true,false
softmax_1785109887324_softmax_full_f16io_f32acc_ptx_ex2_approx_f16_r1,softmax_oratc_main_crossplatform_smoke_20260727_cache_reuse_candidate_probe_ptx_f16_g16_s00_p01,full_before,1,0,24,42843.7203987,42843.7229582,42843.7216785,0.00255950500286,12.1975250065,7352797579,true,false
softmax_1785109899533_softmax_full_f16io_f32acc_ptx_ex2_approx_f16_r1,softmax_oratc_main_crossplatform_smoke_20260727_cache_reuse_candidate_probe_ptx_f16_g16_s00_p01,probe_middle,1,1,0,42843.7317481,42843.7329943,42843.7323712,0.00124621299619,-0.000630700495094,7352797579,false,false
softmax_1785109899533_softmax_full_f16io_f32acc_ptx_ex2_approx_f16_r1,softmax_oratc_main_crossplatform_smoke_20260727_cache_reuse_candidate_probe_ptx_f16_g16_s00_p01,probe_middle,1,1,1,42844.237064,42844.238481,42844.2377725,0.00141696700302,0.504770587504,7352877000,true,false
softmax_1785109899533_softmax_full_f16io_f32acc_ptx_ex2_approx_f16_r1,softmax_oratc_main_crossplatform_smoke_20260727_cache_reuse_candidate_probe_ptx_f16_g16_s00_p01,probe_middle,1,1,2,42844.7659974,42844.7674513,42844.7667244,0.00145388000237,1.033722477,7352957395,true,false
softmax_1785109899533_softmax_full_f16io_f32acc_ptx_ex2_approx_f16_r1,softmax_oratc_main_crossplatform_smoke_20260727_cache_reuse_candidate_probe_ptx_f16_g16_s00_p01,probe_middle,1,1,3,42845.2934533,42845.2948999,42845.2941766,0.00144660299702,1.5611746595,7353037728,true,true
softmax_1785109899533_softmax_full_f16io_f32acc_ptx_ex2_approx_f16_r1,softmax_oratc_main_crossplatform_smoke_20260727_cache_reuse_candidate_probe_ptx_f16_g16_s00_p01,probe_middle,1,1,4,42845.8221197,42845.8236087,42845.8228642,0.00148900200293,2.08986235101,7353118175,true,true
softmax_1785109899533_softmax_full_f16io_f32acc_ptx_ex2_approx_f16_r1,softmax_oratc_main_crossplatform_smoke_20260727_cache_reuse_candidate_probe_ptx_f16_g16_s00_p01,probe_middle,1,1,5,42846.3445089,42846.3459318,42846.3452204,0.00142297900311,2.61221846251,7353198579,true,true
softmax_1785109899533_softmax_full_f16io_f32acc_ptx_ex2_approx_f16_r1,softmax_oratc_main_crossplatform_smoke_20260727_cache_reuse_candidate_probe_ptx_f16_g16_s00_p01,probe_middle,1,1,6,42846.8733,42846.8747374,42846.8740187,0.00143742799992,3.141016843,7353279895,true,true
softmax_1785109899533_softmax_full_f16io_f32acc_ptx_ex2_approx_f16_r1,softmax_oratc_main_crossplatform_smoke_20260727_cache_reuse_candidate_probe_ptx_f16_g16_s00_p01,probe_middle,1,1,7,42847.4019775,42847.4034871,42847.4027323,0.00150961500185,3.6697304135,7353360699,true,true
softmax_1785109899533_softmax_full_f16io_f32acc_ptx_ex2_approx_f16_r1,softmax_oratc_main_crossplatform_smoke_20260727_cache_reuse_candidate_probe_ptx_f16_g16_s00_p01,probe_middle,1,1,8,42847.9092853,42847.9107179,42847.9100016,0.00143256899901,4.17699967451,7353441085,true,true
softmax_1785109899533_softmax_full_f16io_f32acc_ptx_ex2_approx_f16_r1,softmax_oratc_main_crossplatform_smoke_20260727_cache_reuse_candidate_probe_ptx_f16_g16_s00_p01,probe_middle,1,1,9,42848.4254591,42848.4268401,42848.4261496,0.0013809239972,4.693147712,7353521004,true,true
softmax_1785109899533_softmax_full_f16io_f32acc_ptx_ex2_approx_f16_r1,softmax_oratc_main_crossplatform_smoke_20260727_cache_reuse_candidate_probe_ptx_f16_g16_s00_p01,probe_middle,1,1,10,42848.953694,42848.9551082,42848.9544011,0.00141422999877,5.22139923,7353602425,true,true
softmax_1785109899533_softmax_full_f16io_f32acc_ptx_ex2_approx_f16_r1,softmax_oratc_main_crossplatform_smoke_20260727_cache_reuse_candidate_probe_ptx_f16_g16_s00_p01,probe_middle,1,1,11,42849.4822664,42849.4837136,42849.48299,0.00144721900142,5.74998807451,7353683802,true,true
softmax_1785109899533_softmax_full_f16io_f32acc_ptx_ex2_approx_f16_r1,softmax_oratc_main_crossplatform_smoke_20260727_cache_reuse_candidate_probe_ptx_f16_g16_s00_p01,probe_middle,1,1,12,42849.9840246,42849.9854298,42849.9847272,0.0014051649996,6.2517253125,7353748370,true,true
softmax_1785109899533_softmax_full_f16io_f32acc_ptx_ex2_approx_f16_r1,softmax_oratc_main_crossplatform_smoke_20260727_cache_reuse_candidate_probe_ptx_f16_g16_s00_p01,probe_middle,1,1,13,42850.5062177,42850.5076127,42850.5069152,0.00139504799881,6.77391328601,7353830348,true,true
softmax_1785109899533_softmax_full_f16io_f32acc_ptx_ex2_approx_f16_r1,softmax_oratc_main_crossplatform_smoke_20260727_cache_reuse_candidate_probe_ptx_f16_g16_s00_p01,probe_middle,1,1,14,42851.0188156,42851.0204029,42851.0196092,0.00158729300165,7.2866073275,7353913269,true,true
softmax_1785109899533_softmax_full_f16io_f32acc_ptx_ex2_approx_f16_r1,softmax_oratc_main_crossplatform_smoke_20260727_cache_reuse_candidate_probe_ptx_f16_g16_s00_p01,probe_middle,1,1,15,42851.5300551,42851.5315833,42851.5308192,0.00152816499758,7.7978173125,7353995122,true,true
softmax_1785109899533_softmax_full_f16io_f32acc_ptx_ex2_approx_f16_r1,softmax_oratc_main_crossplatform_smoke_20260727_cache_reuse_candidate_probe_ptx_f16_g16_s00_p01,probe_middle,1,1,16,42852.0318687,42852.0332563,42852.0325625,0.00138756399974,8.29956061101,7354075861,true,true
softmax_1785109899533_softmax_full_f16io_f32acc_ptx_ex2_approx_f16_r1,softmax_oratc_main_crossplatform_smoke_20260727_cache_reuse_candidate_probe_ptx_f16_g16_s00_p01,probe_middle,1,1,17,42852.5485707,42852.5509464,42852.5497586,0.00237567000295,8.81675667401,7354157124,true,true
softmax_1785109899533_softmax_full_f16io_f32acc_ptx_ex2_approx_f16_r1,softmax_oratc_main_crossplatform_smoke_20260727_cache_reuse_candidate_probe_ptx_f16_g16_s00_p01,probe_middle,1,1,18,42853.0561028,42853.0575244,42853.0568136,0.00142160699761,9.3238117135,7354239641,true,true
softmax_1785109899533_softmax_full_f16io_f32acc_ptx_ex2_approx_f16_r1,softmax_oratc_main_crossplatform_smoke_20260727_cache_reuse_candidate_probe_ptx_f16_g16_s00_p01,probe_middle,1,1,19,42853.5847255,42853.5862878,42853.5855067,0.00156231399887,9.85250479601,7354322068,true,true
softmax_1785109899533_softmax_full_f16io_f32acc_ptx_ex2_approx_f16_r1,softmax_oratc_main_crossplatform_smoke_20260727_cache_reuse_candidate_probe_ptx_f16_g16_s00_p01,probe_middle,1,1,20,42854.086549,42854.0891772,42854.0878631,0.00262820300122,10.3548612475,7354387603,true,true
softmax_1785109899533_softmax_full_f16io_f32acc_ptx_ex2_approx_f16_r1,softmax_oratc_main_crossplatform_smoke_20260727_cache_reuse_candidate_probe_ptx_f16_g16_s00_p01,probe_middle,1,1,21,42854.5987142,42854.60015,42854.5994321,0.00143583700265,10.8664302185,7354470502,true,true
softmax_1785109899533_softmax_full_f16io_f32acc_ptx_ex2_approx_f16_r1,softmax_oratc_main_crossplatform_smoke_20260727_cache_reuse_candidate_probe_ptx_f16_g16_s00_p01,probe_middle,1,1,22,42855.126679,42855.1282245,42855.1274518,0.0015454500026,11.394449861,7354552890,true,false
softmax_1785109899533_softmax_full_f16io_f32acc_ptx_ex2_approx_f16_r1,softmax_oratc_main_crossplatform_smoke_20260727_cache_reuse_candidate_probe_ptx_f16_g16_s00_p01,probe_middle,1,1,23,42855.6426858,42855.6441736,42855.6434297,0.00148779799929,11.910427839,7354635068,true,false
softmax_1785109899533_softmax_full_f16io_f32acc_ptx_ex2_approx_f16_r1,softmax_oratc_main_crossplatform_smoke_20260727_cache_reuse_candidate_probe_ptx_f16_g16_s00_p01,probe_middle,1,1,24,42855.8906641,42855.8921359,42855.8914,0.00147177700273,12.1583981465,7354664015,true,false
softmax_1785109910044_softmax_full_f16io_f32acc_ptx_ex2_approx_f16_r1,softmax_oratc_main_crossplatform_smoke_20260727_cache_reuse_candidate_probe_ptx_f16_g16_s00_p01,full_after,1,2,0,42855.9040426,42855.905308,42855.9046753,0.00126540799829,-0.000641346996417,7354676807,false,false
softmax_1785109910044_softmax_full_f16io_f32acc_ptx_ex2_approx_f16_r1,softmax_oratc_main_crossplatform_smoke_20260727_cache_reuse_candidate_probe_ptx_f16_g16_s00_p01,full_after,1,2,1,42856.4140857,42856.4156041,42856.4148449,0.00151836300211,0.509528202499,7354742257,true,false
softmax_1785109910044_softmax_full_f16io_f32acc_ptx_ex2_approx_f16_r1,softmax_oratc_main_crossplatform_smoke_20260727_cache_reuse_candidate_probe_ptx_f16_g16_s00_p01,full_after,1,2,2,42856.9171931,42856.9185583,42856.9178757,0.00136521999957,1.01255899,7354823801,true,false
softmax_1785109910044_softmax_full_f16io_f32acc_ptx_ex2_approx_f16_r1,softmax_oratc_main_crossplatform_smoke_20260727_cache_reuse_candidate_probe_ptx_f16_g16_s00_p01,full_after,1,2,3,42857.4264107,42857.4278873,42857.427149,0.00147663000098,1.521832308,7354905656,true,true
softmax_1785109910044_softmax_full_f16io_f32acc_ptx_ex2_approx_f16_r1,softmax_oratc_main_crossplatform_smoke_20260727_cache_reuse_candidate_probe_ptx_f16_g16_s00_p01,full_after,1,2,4,42857.9343186,42857.9357377,42857.9350282,0.0014191299997,2.02971149,7354986869,true,true
softmax_1785109910044_softmax_full_f16io_f32acc_ptx_ex2_approx_f16_r1,softmax_oratc_main_crossplatform_smoke_20260727_cache_reuse_candidate_probe_ptx_f16_g16_s00_p01,full_after,1,2,5,42858.4423766,42858.4475229,42858.4449498,0.00514628800011,2.53963311399,7355067753,true,true
softmax_1785109910044_softmax_full_f16io_f32acc_ptx_ex2_approx_f16_r1,softmax_oratc_main_crossplatform_smoke_20260727_cache_reuse_candidate_probe_ptx_f16_g16_s00_p01,full_after,1,2,6,42858.9546922,42858.9561658,42858.955429,0.00147358200047,3.050112299,7355150942,true,true
softmax_1785109910044_softmax_full_f16io_f32acc_ptx_ex2_approx_f16_r1,softmax_oratc_main_crossplatform_smoke_20260727_cache_reuse_candidate_probe_ptx_f16_g16_s00_p01,full_after,1,2,7,42859.4628322,42859.4643205,42859.4635764,0.0014882980031,3.558259696,7355216837,true,true
softmax_1785109910044_softmax_full_f16io_f32acc_ptx_ex2_approx_f16_r1,softmax_oratc_main_crossplatform_smoke_20260727_cache_reuse_candidate_probe_ptx_f16_g16_s00_p01,full_after,1,2,8,42859.9703849,42859.9717266,42859.9710557,0.00134176099527,4.0657390515,7355299021,true,true
softmax_1785109910044_softmax_full_f16io_f32acc_ptx_ex2_approx_f16_r1,softmax_oratc_main_crossplatform_smoke_20260727_cache_reuse_candidate_probe_ptx_f16_g16_s00_p01,full_after,1,2,9,42860.47715,42860.4786692,42860.4779096,0.00151920399367,4.572592939,7355380558,true,true
softmax_1785109910044_softmax_full_f16io_f32acc_ptx_ex2_approx_f16_r1,softmax_oratc_main_crossplatform_smoke_20260727_cache_reuse_candidate_probe_ptx_f16_g16_s00_p01,full_after,1,2,10,42860.9847329,42860.98621,42860.9854714,0.00147705100244,5.0801547615,7355461405,true,true
softmax_1785109910044_softmax_full_f16io_f32acc_ptx_ex2_approx_f16_r1,softmax_oratc_main_crossplatform_smoke_20260727_cache_reuse_candidate_probe_ptx_f16_g16_s00_p01,full_after,1,2,11,42861.4919426,42861.495026,42861.4934843,0.00308339999901,5.588167657,7355541621,true,true
softmax_1785109910044_softmax_full_f16io_f32acc_ptx_ex2_approx_f16_r1,softmax_oratc_main_crossplatform_smoke_20260727_cache_reuse_candidate_probe_ptx_f16_g16_s00_p01,full_after,1,2,12,42862.0012073,42862.0026842,42862.0019457,0.00147694599582,6.09662905,7355624303,true,true
softmax_1785109910044_softmax_full_f16io_f32acc_ptx_ex2_approx_f16_r1,softmax_oratc_main_crossplatform_smoke_20260727_cache_reuse_candidate_probe_ptx_f16_g16_s00_p01,full_after,1,2,13,42862.505989,42862.507438,42862.5067135,0.00144898299914,6.6013968175,7355689936,true,true
softmax_1785109910044_softmax_full_f16io_f32acc_ptx_ex2_approx_f16_r1,softmax_oratc_main_crossplatform_smoke_20260727_cache_reuse_candidate_probe_ptx_f16_g16_s00_p01,full_after,1,2,14,42863.0101183,42863.0115871,42863.0108527,0.00146885099821,7.1055360155,7355772468,true,true
softmax_1785109910044_softmax_full_f16io_f32acc_ptx_ex2_approx_f16_r1,softmax_oratc_main_crossplatform_smoke_20260727_cache_reuse_candidate_probe_ptx_f16_g16_s00_p01,full_after,1,2,15,42863.5137302,42863.5158741,42863.5148022,0.00214383099956,7.6094854715,7355855210,true,true
softmax_1785109910044_softmax_full_f16io_f32acc_ptx_ex2_approx_f16_r1,softmax_oratc_main_crossplatform_smoke_20260727_cache_reuse_candidate_probe_ptx_f16_g16_s00_p01,full_after,1,2,16,42864.0171985,42864.0186889,42864.0179437,0.00149040099495,8.1126270215,7355938170,true,true
softmax_1785109910044_softmax_full_f16io_f32acc_ptx_ex2_approx_f16_r1,softmax_oratc_main_crossplatform_smoke_20260727_cache_reuse_candidate_probe_ptx_f16_g16_s00_p01,full_after,1,2,17,42864.5205822,42864.5220448,42864.5213135,0.0014625440017,8.615996842,7356021207,true,true
softmax_1785109910044_softmax_full_f16io_f32acc_ptx_ex2_approx_f16_r1,softmax_oratc_main_crossplatform_smoke_20260727_cache_reuse_candidate_probe_ptx_f16_g16_s00_p01,full_after,1,2,18,42865.0259168,42865.0272943,42865.0266056,0.00137750099384,9.1212888985,7356087519,true,true
softmax_1785109910044_softmax_full_f16io_f32acc_ptx_ex2_approx_f16_r1,softmax_oratc_main_crossplatform_smoke_20260727_cache_reuse_candidate_probe_ptx_f16_g16_s00_p01,full_after,1,2,19,42865.5391663,42865.5406689,42865.5399176,0.00150257800124,9.634600897,7356170226,true,true
softmax_1785109910044_softmax_full_f16io_f32acc_ptx_ex2_approx_f16_r1,softmax_oratc_main_crossplatform_smoke_20260727_cache_reuse_candidate_probe_ptx_f16_g16_s00_p01,full_after,1,2,20,42866.044369,42866.0458578,42866.0451134,0.00148875000014,10.139796731,7356251573,true,true
softmax_1785109910044_softmax_full_f16io_f32acc_ptx_ex2_approx_f16_r1,softmax_oratc_main_crossplatform_smoke_20260727_cache_reuse_candidate_probe_ptx_f16_g16_s00_p01,full_after,1,2,21,42866.5465169,42866.5479834,42866.5472502,0.00146647700603,10.6419334715,7356333192,true,true
softmax_1785109910044_softmax_full_f16io_f32acc_ptx_ex2_approx_f16_r1,softmax_oratc_main_crossplatform_smoke_20260727_cache_reuse_candidate_probe_ptx_f16_g16_s00_p01,full_after,1,2,22,42867.0507552,42867.0522264,42867.0514908,0.00147122699855,11.1461741375,7356415647,true,false
softmax_1785109910044_softmax_full_f16io_f32acc_ptx_ex2_approx_f16_r1,softmax_oratc_main_crossplatform_smoke_20260727_cache_reuse_candidate_probe_ptx_f16_g16_s00_p01,full_after,1,2,23,42867.5647949,42867.566302,42867.5655485,0.00150711600145,11.660231801,7356481864,true,false
softmax_1785109910044_softmax_full_f16io_f32acc_ptx_ex2_approx_f16_r1,softmax_oratc_main_crossplatform_smoke_20260727_cache_reuse_candidate_probe_ptx_f16_g16_s00_p01,full_after,1,2,24,42868.0688547,42868.0703902,42868.0696225,0.00153551000403,12.164305795,7356562041,true,false
softmax_1785109922218_softmax_full_f16io_f32acc_ptx_ex2_approx_f16_r2,softmax_oratc_main_crossplatform_smoke_20260727_cache_reuse_candidate_probe_ptx_f16_g16_s00_p02,full_before,2,0,0,42868.0776806,42868.078961,42868.0783208,0.00128038399998,-0.000648741995974,7356562041,false,false
softmax_1785109922218_softmax_full_f16io_f32acc_ptx_ex2_approx_f16_r2,softmax_oratc_main_crossplatform_smoke_20260727_cache_reuse_candidate_probe_ptx_f16_g16_s00_p02,full_before,2,0,1,42868.5812123,42868.5827196,42868.581966,0.00150732700422,0.502996434501,7356641776,true,false
softmax_1785109922218_softmax_full_f16io_f32acc_ptx_ex2_approx_f16_r2,softmax_oratc_main_crossplatform_smoke_20260727_cache_reuse_candidate_probe_ptx_f16_g16_s00_p02,full_before,2,0,2,42869.0838105,42869.0852562,42869.0845333,0.00144568300311,1.0055637875,7356723110,true,false
softmax_1785109922218_softmax_full_f16io_f32acc_ptx_ex2_approx_f16_r2,softmax_oratc_main_crossplatform_smoke_20260727_cache_reuse_candidate_probe_ptx_f16_g16_s00_p02,full_before,2,0,3,42869.5908237,42869.5922307,42869.5915272,0.00140694400034,1.512557648,7356804901,true,true
softmax_1785109922218_softmax_full_f16io_f32acc_ptx_ex2_approx_f16_r2,softmax_oratc_main_crossplatform_smoke_20260727_cache_reuse_candidate_probe_ptx_f16_g16_s00_p02,full_before,2,0,4,42870.1194536,42870.1208425,42870.120148,0.00138889500522,2.0411784905,7356886363,true,true
softmax_1785109922218_softmax_full_f16io_f32acc_ptx_ex2_approx_f16_r2,softmax_oratc_main_crossplatform_smoke_20260727_cache_reuse_candidate_probe_ptx_f16_g16_s00_p02,full_before,2,0,5,42870.6210081,42870.6224737,42870.6217409,0.00146552700608,2.5427713585,7356950787,true,true
softmax_1785109922218_softmax_full_f16io_f32acc_ptx_ex2_approx_f16_r2,softmax_oratc_main_crossplatform_smoke_20260727_cache_reuse_candidate_probe_ptx_f16_g16_s00_p02,full_before,2,0,6,42871.127874,42871.1292624,42871.1285682,0.00138836599945,3.049598653,7357032800,true,true
softmax_1785109922218_softmax_full_f16io_f32acc_ptx_ex2_approx_f16_r2,softmax_oratc_main_crossplatform_smoke_20260727_cache_reuse_candidate_probe_ptx_f16_g16_s00_p02,full_before,2,0,7,42871.6572058,42871.6588555,42871.6580307,0.00164972099446,3.5790611395,7357114989,true,true
softmax_1785109922218_softmax_full_f16io_f32acc_ptx_ex2_approx_f16_r2,softmax_oratc_main_crossplatform_smoke_20260727_cache_reuse_candidate_probe_ptx_f16_g16_s00_p02,full_before,2,0,8,42872.1598248,42872.1620038,42872.1609143,0.00217897500261,4.0819447355,7357197131,true,true
softmax_1785109922218_softmax_full_f16io_f32acc_ptx_ex2_approx_f16_r2,softmax_oratc_main_crossplatform_smoke_20260727_cache_reuse_candidate_probe_ptx_f16_g16_s00_p02,full_before,2,0,9,42872.6622322,42872.6652454,42872.6637388,0.00301317699632,4.5847692735,7357279979,true,true
softmax_1785109922218_softmax_full_f16io_f32acc_ptx_ex2_approx_f16_r2,softmax_oratc_main_crossplatform_smoke_20260727_cache_reuse_candidate_probe_ptx_f16_g16_s00_p02,full_before,2,0,10,42873.1662212,42873.167544,42873.1668826,0.00132281699916,5.0879130635,7357363181,true,true
softmax_1785109922218_softmax_full_f16io_f32acc_ptx_ex2_approx_f16_r2,softmax_oratc_main_crossplatform_smoke_20260727_cache_reuse_candidate_probe_ptx_f16_g16_s00_p02,full_before,2,0,11,42873.6958375,42873.7005273,42873.6981824,0.00468980000005,5.619212855,7357446588,true,true
softmax_1785109922218_softmax_full_f16io_f32acc_ptx_ex2_approx_f16_r2,softmax_oratc_main_crossplatform_smoke_20260727_cache_reuse_candidate_probe_ptx_f16_g16_s00_p02,full_before,2,0,12,42874.2095367,42874.2110169,42874.2102768,0.00148018300388,6.13130725751,7357512610,true,true
softmax_1785109922218_softmax_full_f16io_f32acc_ptx_ex2_approx_f16_r2,softmax_oratc_main_crossplatform_smoke_20260727_cache_reuse_candidate_probe_ptx_f16_g16_s00_p02,full_before,2,0,13,42874.7112773,42874.7139748,42874.712626,0.00269748600113,6.633656478,7357594638,true,true
softmax_1785109922218_softmax_full_f16io_f32acc_ptx_ex2_approx_f16_r2,softmax_oratc_main_crossplatform_smoke_20260727_cache_reuse_candidate_probe_ptx_f16_g16_s00_p02,full_before,2,0,14,42875.2227797,42875.2259061,42875.2243429,0.00312635800219,7.145373359,7357677370,true,true
softmax_1785109922218_softmax_full_f16io_f32acc_ptx_ex2_approx_f16_r2,softmax_oratc_main_crossplatform_smoke_20260727_cache_reuse_candidate_probe_ptx_f16_g16_s00_p02,full_before,2,0,15,42875.753365,42875.7549147,42875.7541399,0.00154970700532,7.67517031451,7357759668,true,true
softmax_1785109922218_softmax_full_f16io_f32acc_ptx_ex2_approx_f16_r2,softmax_oratc_main_crossplatform_smoke_20260727_cache_reuse_candidate_probe_ptx_f16_g16_s00_p02,full_before,2,0,16,42876.2575566,42876.2590002,42876.2582784,0.0014436249985,8.1793088245,7357841929,true,true
softmax_1785109922218_softmax_full_f16io_f32acc_ptx_ex2_approx_f16_r2,softmax_oratc_main_crossplatform_smoke_20260727_cache_reuse_candidate_probe_ptx_f16_g16_s00_p02,full_before,2,0,17,42876.7873987,42876.7887989,42876.7880988,0.00140019899845,8.7091292895,7357924819,true,true
softmax_1785109922218_softmax_full_f16io_f32acc_ptx_ex2_approx_f16_r2,softmax_oratc_main_crossplatform_smoke_20260727_cache_reuse_candidate_probe_ptx_f16_g16_s00_p02,full_before,2,0,18,42877.3170743,42877.3185667,42877.3178205,0.00149244000204,9.238850963,7358007372,true,true
softmax_1785109922218_softmax_full_f16io_f32acc_ptx_ex2_approx_f16_r2,softmax_oratc_main_crossplatform_smoke_20260727_cache_reuse_candidate_probe_ptx_f16_g16_s00_p02,full_before,2,0,19,42877.8470353,42877.8485363,42877.8477858,0.00150099799794,9.768816287,7358089522,true,true
softmax_1785109922218_softmax_full_f16io_f32acc_ptx_ex2_approx_f16_r2,softmax_oratc_main_crossplatform_smoke_20260727_cache_reuse_candidate_probe_ptx_f16_g16_s00_p02,full_before,2,0,20,42878.3767638,42878.3782208,42878.3774923,0.00145693800005,10.298522745,7358171169,true,true
softmax_1785109922218_softmax_full_f16io_f32acc_ptx_ex2_approx_f16_r2,softmax_oratc_main_crossplatform_smoke_20260727_cache_reuse_candidate_probe_ptx_f16_g16_s00_p02,full_before,2,0,21,42878.8784617,42878.8799671,42878.8792144,0.00150543600466,10.800244877,7358252376,true,true
softmax_1785109922218_softmax_full_f16io_f32acc_ptx_ex2_approx_f16_r2,softmax_oratc_main_crossplatform_smoke_20260727_cache_reuse_candidate_probe_ptx_f16_g16_s00_p02,full_before,2,0,22,42879.4065737,42879.4080422,42879.4073079,0.00146845499694,11.3283383905,7358334475,true,false
softmax_1785109922218_softmax_full_f16io_f32acc_ptx_ex2_approx_f16_r2,softmax_oratc_main_crossplatform_smoke_20260727_cache_reuse_candidate_probe_ptx_f16_g16_s00_p02,full_before,2,0,23,42879.9259302,42879.9273131,42879.9266217,0.001382870003,11.847652133,7358416888,true,false
softmax_1785109922218_softmax_full_f16io_f32acc_ptx_ex2_approx_f16_r2,softmax_oratc_main_crossplatform_smoke_20260727_cache_reuse_candidate_probe_ptx_f16_g16_s00_p02,full_before,2,0,24,42880.2833175,42880.2848434,42880.2840805,0.0015259339998,12.205110926,7358464795,true,false
softmax_1785109934437_softmax_full_f16io_f32acc_ptx_ex2_approx_f16_r2,softmax_oratc_main_crossplatform_smoke_20260727_cache_reuse_candidate_probe_ptx_f16_g16_s00_p02,probe_middle,2,1,0,42880.297023,42880.2984232,42880.2977231,0.00140019899845,-0.000713834502676,7358464795,false,false
softmax_1785109934437_softmax_full_f16io_f32acc_ptx_ex2_approx_f16_r2,softmax_oratc_main_crossplatform_smoke_20260727_cache_reuse_candidate_probe_ptx_f16_g16_s00_p02,probe_middle,2,1,1,42880.8270534,42880.8285801,42880.8278168,0.00152677900041,0.529379812499,7358542903,true,false
softmax_1785109934437_softmax_full_f16io_f32acc_ptx_ex2_approx_f16_r2,softmax_oratc_main_crossplatform_smoke_20260727_cache_reuse_candidate_probe_ptx_f16_g16_s00_p02,probe_middle,2,1,2,42881.3305834,42881.3321284,42881.3313559,0.00154505899991,1.0329189695,7358624755,true,false
softmax_1785109934437_softmax_full_f16io_f32acc_ptx_ex2_approx_f16_r2,softmax_oratc_main_crossplatform_smoke_20260727_cache_reuse_candidate_probe_ptx_f16_g16_s00_p02,probe_middle,2,1,3,42881.8596412,42881.8610683,42881.8603547,0.00142714100366,1.5619177985,7358707111,true,true
softmax_1785109934437_softmax_full_f16io_f32acc_ptx_ex2_approx_f16_r2,softmax_oratc_main_crossplatform_smoke_20260727_cache_reuse_candidate_probe_ptx_f16_g16_s00_p02,probe_middle,2,1,4,42882.3875897,42882.3891387,42882.3883642,0.00154893899889,2.08992724249,7358788819,true,true
softmax_1785109934437_softmax_full_f16io_f32acc_ptx_ex2_approx_f16_r2,softmax_oratc_main_crossplatform_smoke_20260727_cache_reuse_candidate_probe_ptx_f16_g16_s00_p02,probe_middle,2,1,5,42882.91547,42882.9168971,42882.9161836,0.00142703599704,2.617746622,7358870159,true,true
softmax_1785109934437_softmax_full_f16io_f32acc_ptx_ex2_approx_f16_r2,softmax_oratc_main_crossplatform_smoke_20260727_cache_reuse_candidate_probe_ptx_f16_g16_s00_p02,probe_middle,2,1,6,42883.4346305,42883.4360634,42883.4353469,0.00143293099973,3.1369099895,7358950952,true,true
softmax_1785109934437_softmax_full_f16io_f32acc_ptx_ex2_approx_f16_r2,softmax_oratc_main_crossplatform_smoke_20260727_cache_reuse_candidate_probe_ptx_f16_g16_s00_p02,probe_middle,2,1,7,42883.9625313,42883.9639628,42883.9632471,0.00143145800394,3.664810111,7359033040,true,true
softmax_1785109934437_softmax_full_f16io_f32acc_ptx_ex2_approx_f16_r2,softmax_oratc_main_crossplatform_smoke_20260727_cache_reuse_candidate_probe_ptx_f16_g16_s00_p02,probe_middle,2,1,8,42884.479915,42884.4842222,42884.4820686,0.00430721500015,4.1836316675,7359115095,true,true
softmax_1785109934437_softmax_full_f16io_f32acc_ptx_ex2_approx_f16_r2,softmax_oratc_main_crossplatform_smoke_20260727_cache_reuse_candidate_probe_ptx_f16_g16_s00_p02,probe_middle,2,1,9,42885.0107541,42885.0122651,42885.0115096,0.00151093700697,4.7130726745,7359198430,true,true
softmax_1785109934437_softmax_full_f16io_f32acc_ptx_ex2_approx_f16_r2,softmax_oratc_main_crossplatform_smoke_20260727_cache_reuse_candidate_probe_ptx_f16_g16_s00_p02,probe_middle,2,1,10,42885.5315699,42885.5366273,42885.5340986,0.00505736799823,5.235661676,7359281664,true,true
softmax_1785109934437_softmax_full_f16io_f32acc_ptx_ex2_approx_f16_r2,softmax_oratc_main_crossplatform_smoke_20260727_cache_reuse_candidate_probe_ptx_f16_g16_s00_p02,probe_middle,2,1,11,42886.0631446,42886.0645696,42886.0638571,0.00142503700044,5.7654201765,7359365148,true,true
softmax_1785109934437_softmax_full_f16io_f32acc_ptx_ex2_approx_f16_r2,softmax_oratc_main_crossplatform_smoke_20260727_cache_reuse_candidate_probe_ptx_f16_g16_s00_p02,probe_middle,2,1,12,42886.5866619,42886.5889065,42886.5877842,0.00224456100113,6.2893472615,7359448140,true,true
softmax_1785109934437_softmax_full_f16io_f32acc_ptx_ex2_approx_f16_r2,softmax_oratc_main_crossplatform_smoke_20260727_cache_reuse_candidate_probe_ptx_f16_g16_s00_p02,probe_middle,2,1,13,42887.1105979,42887.1151355,42887.1128667,0.00453754600312,6.814429734,7359531234,true,true
softmax_1785109934437_softmax_full_f16io_f32acc_ptx_ex2_approx_f16_r2,softmax_oratc_main_crossplatform_smoke_20260727_cache_reuse_candidate_probe_ptx_f16_g16_s00_p02,probe_middle,2,1,14,42887.6357024,42887.6371866,42887.6364445,0.00148419800098,7.338007534,7359614119,true,true
softmax_1785109934437_softmax_full_f16io_f32acc_ptx_ex2_approx_f16_r2,softmax_oratc_main_crossplatform_smoke_20260727_cache_reuse_candidate_probe_ptx_f16_g16_s00_p02,probe_middle,2,1,15,42888.1635089,42888.1675882,42888.1655486,0.0040793060034,7.867111625,7359694290,true,true
softmax_1785109934437_softmax_full_f16io_f32acc_ptx_ex2_approx_f16_r2,softmax_oratc_main_crossplatform_smoke_20260727_cache_reuse_candidate_probe_ptx_f16_g16_s00_p02,probe_middle,2,1,16,42888.6941585,42888.6956892,42888.6949238,0.0015307270005,8.3964868915,7359777321,true,true
softmax_1785109934437_softmax_full_f16io_f32acc_ptx_ex2_approx_f16_r2,softmax_oratc_main_crossplatform_smoke_20260727_cache_reuse_candidate_probe_ptx_f16_g16_s00_p02,probe_middle,2,1,17,42889.2221221,42889.2235254,42889.2228237,0.00140335000469,8.924386802,7359860302,true,true
softmax_1785109934437_softmax_full_f16io_f32acc_ptx_ex2_approx_f16_r2,softmax_oratc_main_crossplatform_smoke_20260727_cache_reuse_candidate_probe_ptx_f16_g16_s00_p02,probe_middle,2,1,18,42889.7500525,42889.7515317,42889.7507921,0.00147914500121,9.4523551385,7359943153,true,true
softmax_1785109934437_softmax_full_f16io_f32acc_ptx_ex2_approx_f16_r2,softmax_oratc_main_crossplatform_smoke_20260727_cache_reuse_candidate_probe_ptx_f16_g16_s00_p02,probe_middle,2,1,19,42890.277952,42890.2795015,42890.2787267,0.0015494649997,9.98028978849,7360025636,true,true
softmax_1785109934437_softmax_full_f16io_f32acc_ptx_ex2_approx_f16_r2,softmax_oratc_main_crossplatform_smoke_20260727_cache_reuse_candidate_probe_ptx_f16_g16_s00_p02,probe_middle,2,1,20,42890.8060256,42890.8074491,42890.8067373,0.00142345700442,10.5083003905,7360107637,true,true
softmax_1785109934437_softmax_full_f16io_f32acc_ptx_ex2_approx_f16_r2,softmax_oratc_main_crossplatform_smoke_20260727_cache_reuse_candidate_probe_ptx_f16_g16_s00_p02,probe_middle,2,1,21,42891.3338946,42891.3352452,42891.3345699,0.00135061000037,11.036132929,7360189144,true,true
softmax_1785109934437_softmax_full_f16io_f32acc_ptx_ex2_approx_f16_r2,softmax_oratc_main_crossplatform_smoke_20260727_cache_reuse_candidate_probe_ptx_f16_g16_s00_p02,probe_middle,2,1,22,42891.8618777,42891.8634145,42891.8626461,0.0015368730019,11.5642091545,7360270269,true,false
softmax_1785109934437_softmax_full_f16io_f32acc_ptx_ex2_approx_f16_r2,softmax_oratc_main_crossplatform_smoke_20260727_cache_reuse_candidate_probe_ptx_f16_g16_s00_p02,probe_middle,2,1,23,42892.3738689,42892.3773269,42892.3755979,0.00345799099887,12.0771609585,7360349621,true,false
softmax_1785109934437_softmax_full_f16io_f32acc_ptx_ex2_approx_f16_r2,softmax_oratc_main_crossplatform_smoke_20260727_cache_reuse_candidate_probe_ptx_f16_g16_s00_p02,probe_middle,2,1,24,42892.4418349,42892.4432981,42892.4425665,0.00146316199971,12.14412956,7360349621,false,false
softmax_1785109944919_softmax_full_f16io_f32acc_ptx_ex2_approx_f16_r2,softmax_oratc_main_crossplatform_smoke_20260727_cache_reuse_candidate_probe_ptx_f16_g16_s00_p02,full_after,2,2,0,42892.4515065,42892.4528645,42892.4521855,0.0013579660008,-0.000687197003572,7360349621,false,false
softmax_1785109944919_softmax_full_f16io_f32acc_ptx_ex2_approx_f16_r2,softmax_oratc_main_crossplatform_smoke_20260727_cache_reuse_candidate_probe_ptx_f16_g16_s00_p02,full_after,2,2,1,42892.9574129,42892.9589557,42892.9581843,0.00154277000547,0.505311613,7360428676,true,false
softmax_1785109944919_softmax_full_f16io_f32acc_ptx_ex2_approx_f16_r2,softmax_oratc_main_crossplatform_smoke_20260727_cache_reuse_candidate_probe_ptx_f16_g16_s00_p02,full_after,2,2,2,42893.4626295,42893.4641288,42893.4633792,0.00149928100291,1.0105064465,7360509775,true,false
softmax_1785109944919_softmax_full_f16io_f32acc_ptx_ex2_approx_f16_r2,softmax_oratc_main_crossplatform_smoke_20260727_cache_reuse_candidate_probe_ptx_f16_g16_s00_p02,full_after,2,2,3,42893.967238,42893.9687452,42893.9679916,0.00150717799988,1.515118859,7360591126,true,true
softmax_1785109944919_softmax_full_f16io_f32acc_ptx_ex2_approx_f16_r2,softmax_oratc_main_crossplatform_smoke_20260727_cache_reuse_candidate_probe_ptx_f16_g16_s00_p02,full_after,2,2,4,42894.4706048,42894.472084,42894.4713444,0.00147916800051,2.01847170899,7360672651,true,true
softmax_1785109944919_softmax_full_f16io_f32acc_ptx_ex2_approx_f16_r2,softmax_oratc_main_crossplatform_smoke_20260727_cache_reuse_candidate_probe_ptx_f16_g16_s00_p02,full_after,2,2,5,42894.9730116,42894.9744985,42894.973755,0.00148695999815,2.52088232199,7360737533,true,true
softmax_1785109944919_softmax_full_f16io_f32acc_ptx_ex2_approx_f16_r2,softmax_oratc_main_crossplatform_smoke_20260727_cache_reuse_candidate_probe_ptx_f16_g16_s00_p02,full_after,2,2,6,42895.4747813,42895.4762387,42895.47551,0.00145737000275,3.022637277,7360819523,true,true
softmax_1785109944919_softmax_full_f16io_f32acc_ptx_ex2_approx_f16_r2,softmax_oratc_main_crossplatform_smoke_20260727_cache_reuse_candidate_probe_ptx_f16_g16_s00_p02,full_after,2,2,7,42895.9805607,42895.982586,42895.9815734,0.00202526000066,3.528700636,7360901876,true,true
softmax_1785109944919_softmax_full_f16io_f32acc_ptx_ex2_approx_f16_r2,softmax_oratc_main_crossplatform_smoke_20260727_cache_reuse_candidate_probe_ptx_f16_g16_s00_p02,full_after,2,2,8,42896.4863859,42896.4878671,42896.4871265,0.001481168998,4.0342538105,7360983923,true,true
softmax_1785109944919_softmax_full_f16io_f32acc_ptx_ex2_approx_f16_r2,softmax_oratc_main_crossplatform_smoke_20260727_cache_reuse_candidate_probe_ptx_f16_g16_s00_p02,full_after,2,2,9,42896.9909572,42896.9924439,42896.9917006,0.00148664400331,4.53882784,7361066156,true,true
softmax_1785109944919_softmax_full_f16io_f32acc_ptx_ex2_approx_f16_r2,softmax_oratc_main_crossplatform_smoke_20260727_cache_reuse_candidate_probe_ptx_f16_g16_s00_p02,full_after,2,2,10,42897.4926808,42897.4941461,42897.4934134,0.00146537399996,5.040540727,7361131896,true,true
softmax_1785109944919_softmax_full_f16io_f32acc_ptx_ex2_approx_f16_r2,softmax_oratc_main_crossplatform_smoke_20260727_cache_reuse_candidate_probe_ptx_f16_g16_s00_p02,full_after,2,2,11,42897.9953478,42897.9988319,42897.9970898,0.0034841059969,5.544217115,7361215165,true,true
softmax_1785109944919_softmax_full_f16io_f32acc_ptx_ex2_approx_f16_r2,softmax_oratc_main_crossplatform_smoke_20260727_cache_reuse_candidate_probe_ptx_f16_g16_s00_p02,full_after,2,2,12,42898.5000526,42898.5040611,42898.5020568,0.00400850699953,6.0491841295,7361298637,true,true
softmax_1785109944919_softmax_full_f16io_f32acc_ptx_ex2_approx_f16_r2,softmax_oratc_main_crossplatform_smoke_20260727_cache_reuse_candidate_probe_ptx_f16_g16_s00_p02,full_after,2,2,13,42899.0046361,42899.0091029,42899.0068695,0.0044667780021,6.553996772,7361382128,true,true
softmax_1785109944919_softmax_full_f16io_f32acc_ptx_ex2_approx_f16_r2,softmax_oratc_main_crossplatform_smoke_20260727_cache_reuse_candidate_probe_ptx_f16_g16_s00_p02,full_after,2,2,14,42899.5092541,42899.5147192,42899.5119867,0.00546503399528,7.059113946,7361465406,true,true
softmax_1785109944919_softmax_full_f16io_f32acc_ptx_ex2_approx_f16_r2,softmax_oratc_main_crossplatform_smoke_20260727_cache_reuse_candidate_probe_ptx_f16_g16_s00_p02,full_after,2,2,15,42900.0176775,42900.0199968,42900.0188372,0.00231929100119,7.5659644555,7361531663,true,true
softmax_1785109944919_softmax_full_f16io_f32acc_ptx_ex2_approx_f16_r2,softmax_oratc_main_crossplatform_smoke_20260727_cache_reuse_candidate_probe_ptx_f16_g16_s00_p02,full_after,2,2,16,42900.5224031,42900.5257241,42900.5240636,0.00332094899932,8.07119090449,7361614496,true,true
softmax_1785109944919_softmax_full_f16io_f32acc_ptx_ex2_approx_f16_r2,softmax_oratc_main_crossplatform_smoke_20260727_cache_reuse_candidate_probe_ptx_f16_g16_s00_p02,full_after,2,2,17,42901.0271123,42901.0312702,42901.0291912,0.00415782499476,8.5763185255,7361697234,true,true
softmax_1785109944919_softmax_full_f16io_f32acc_ptx_ex2_approx_f16_r2,softmax_oratc_main_crossplatform_smoke_20260727_cache_reuse_candidate_probe_ptx_f16_g16_s00_p02,full_after,2,2,18,42901.5319311,42901.5366809,42901.534306,0.00474984299944,9.08143329249,7361780120,true,true
softmax_1785109944919_softmax_full_f16io_f32acc_ptx_ex2_approx_f16_r2,softmax_oratc_main_crossplatform_smoke_20260727_cache_reuse_candidate_probe_ptx_f16_g16_s00_p02,full_after,2,2,19,42902.0369751,42902.0424381,42902.0397066,0.00546302500152,9.5868339015,7361863246,true,true
softmax_1785109944919_softmax_full_f16io_f32acc_ptx_ex2_approx_f16_r2,softmax_oratc_main_crossplatform_smoke_20260727_cache_reuse_candidate_probe_ptx_f16_g16_s00_p02,full_after,2,2,20,42902.547341,42902.5487552,42902.5480481,0.00141424799949,10.095175374,7361929744,true,true
softmax_1785109944919_softmax_full_f16io_f32acc_ptx_ex2_approx_f16_r2,softmax_oratc_main_crossplatform_smoke_20260727_cache_reuse_candidate_probe_ptx_f16_g16_s00_p02,full_after,2,2,21,42903.052791,42903.0544604,42903.0536257,0.00166932499997,10.6007529875,7362013031,true,true
softmax_1785109944919_softmax_full_f16io_f32acc_ptx_ex2_approx_f16_r2,softmax_oratc_main_crossplatform_smoke_20260727_cache_reuse_candidate_probe_ptx_f16_g16_s00_p02,full_after,2,2,22,42903.5575347,42903.5592319,42903.5583833,0.00169724599982,11.105510584,7362096285,true,true
softmax_1785109944919_softmax_full_f16io_f32acc_ptx_ex2_approx_f16_r2,softmax_oratc_main_crossplatform_smoke_20260727_cache_reuse_candidate_probe_ptx_f16_g16_s00_p02,full_after,2,2,23,42904.061473,42904.0644754,42904.0629742,0.00300234000315,11.610101501,7362179549,true,false
softmax_1785109944919_softmax_full_f16io_f32acc_ptx_ex2_approx_f16_r2,softmax_oratc_main_crossplatform_smoke_20260727_cache_reuse_candidate_probe_ptx_f16_g16_s00_p02,full_after,2,2,24,42904.5656838,42904.5704195,42904.5680516,0.00473572400369,12.115178918,7362260712,true,false
softmax_1785109944919_softmax_full_f16io_f32acc_ptx_ex2_approx_f16_r2,softmax_oratc_main_crossplatform_smoke_20260727_cache_reuse_candidate_probe_ptx_f16_g16_s00_p02,full_after,2,2,25,42904.6221325,42904.6236135,42904.622873,0.00148094099859,12.1700002905,7362260712,false,false
softmax_1785109957103_softmax_full_f16io_f32acc_ptx_ex2_approx_f16_r3,softmax_oratc_main_crossplatform_smoke_20260727_cache_reuse_candidate_probe_ptx_f16_g16_s00_p03,probe_before,3,0,0,42904.6358772,42904.6371908,42904.636534,0.00131362999673,-0.000662819998979,7362260712,false,false
softmax_1785109957103_softmax_full_f16io_f32acc_ptx_ex2_approx_f16_r3,softmax_oratc_main_crossplatform_smoke_20260727_cache_reuse_candidate_probe_ptx_f16_g16_s00_p03,probe_before,3,0,1,42905.1643148,42905.1659363,42905.1651256,0.00162149199605,0.527928752002,7362338342,true,false
softmax_1785109957103_softmax_full_f16io_f32acc_ptx_ex2_approx_f16_r3,softmax_oratc_main_crossplatform_smoke_20260727_cache_reuse_candidate_probe_ptx_f16_g16_s00_p03,probe_before,3,0,2,42905.6661226,42905.6678222,42905.6669724,0.00169956299942,1.0297755655,7362420222,true,false
softmax_1785109957103_softmax_full_f16io_f32acc_ptx_ex2_approx_f16_r3,softmax_oratc_main_crossplatform_smoke_20260727_cache_reuse_candidate_probe_ptx_f16_g16_s00_p03,probe_before,3,0,3,42906.1773572,42906.1787588,42906.178058,0.00140160499723,1.5408611405,7362502957,true,true
softmax_1785109957103_softmax_full_f16io_f32acc_ptx_ex2_approx_f16_r3,softmax_oratc_main_crossplatform_smoke_20260727_cache_reuse_candidate_probe_ptx_f16_g16_s00_p03,probe_before,3,0,4,42906.6865223,42906.6880346,42906.6872784,0.00151223300054,2.0500816315,7362585011,true,true
softmax_1785109957103_softmax_full_f16io_f32acc_ptx_ex2_approx_f16_r3,softmax_oratc_main_crossplatform_smoke_20260727_cache_reuse_candidate_probe_ptx_f16_g16_s00_p03,probe_before,3,0,5,42907.1956553,42907.1971981,42907.1964267,0.00154278700211,2.55922984549,7362666610,true,true
softmax_1785109957103_softmax_full_f16io_f32acc_ptx_ex2_approx_f16_r3,softmax_oratc_main_crossplatform_smoke_20260727_cache_reuse_candidate_probe_ptx_f16_g16_s00_p03,probe_before,3,0,6,42907.7160428,42907.7175518,42907.7167973,0.00150907300122,3.0796004875,7362733773,true,true
softmax_1785109957103_softmax_full_f16io_f32acc_ptx_ex2_approx_f16_r3,softmax_oratc_main_crossplatform_smoke_20260727_cache_reuse_candidate_probe_ptx_f16_g16_s00_p03,probe_before,3,0,7,42908.2209584,42908.2223972,42908.2216778,0.00143881900294,3.5844809685,7362815509,true,true
softmax_1785109957103_softmax_full_f16io_f32acc_ptx_ex2_approx_f16_r3,softmax_oratc_main_crossplatform_smoke_20260727_cache_reuse_candidate_probe_ptx_f16_g16_s00_p03,probe_before,3,0,8,42908.7387633,42908.741407,42908.7400851,0.00264370100194,4.1028882985,7362897301,true,true
softmax_1785109957103_softmax_full_f16io_f32acc_ptx_ex2_approx_f16_r3,softmax_oratc_main_crossplatform_smoke_20260727_cache_reuse_candidate_probe_ptx_f16_g16_s00_p03,probe_before,3,0,9,42909.2461083,42909.2476054,42909.2468569,0.00149709200196,4.609660047,7362980087,true,true
softmax_1785109957103_softmax_full_f16io_f32acc_ptx_ex2_approx_f16_r3,softmax_oratc_main_crossplatform_smoke_20260727_cache_reuse_candidate_probe_ptx_f16_g16_s00_p03,probe_before,3,0,10,42909.769418,42909.7737937,42909.7716058,0.00437568000052,5.134409025,7363062785,true,true
softmax_1785109957103_softmax_full_f16io_f32acc_ptx_ex2_approx_f16_r3,softmax_oratc_main_crossplatform_smoke_20260727_cache_reuse_candidate_probe_ptx_f16_g16_s00_p03,probe_before,3,0,11,42910.2772215,42910.2792871,42910.2782543,0.00206560199877,5.64105753499,7363145755,true,true
softmax_1785109957103_softmax_full_f16io_f32acc_ptx_ex2_approx_f16_r3,softmax_oratc_main_crossplatform_smoke_20260727_cache_reuse_candidate_probe_ptx_f16_g16_s00_p03,probe_before,3,0,12,42910.8022059,42910.8059832,42910.8040946,0.00377734799986,6.166897745,7363228937,true,true
softmax_1785109957103_softmax_full_f16io_f32acc_ptx_ex2_approx_f16_r3,softmax_oratc_main_crossplatform_smoke_20260727_cache_reuse_candidate_probe_ptx_f16_g16_s00_p03,probe_before,3,0,13,42911.3100727,42911.3117724,42911.3109225,0.00169973300217,6.6737257125,7363312351,true,true
softmax_1785109957103_softmax_full_f16io_f32acc_ptx_ex2_approx_f16_r3,softmax_oratc_main_crossplatform_smoke_20260727_cache_reuse_candidate_probe_ptx_f16_g16_s00_p03,probe_before,3,0,14,42911.8363945,42911.8390946,42911.8377446,0.00270007800282,7.20054777399,7363395714,true,true
softmax_1785109957103_softmax_full_f16io_f32acc_ptx_ex2_approx_f16_r3,softmax_oratc_main_crossplatform_smoke_20260727_cache_reuse_candidate_probe_ptx_f16_g16_s00_p03,probe_before,3,0,15,42912.3447796,42912.3462164,42912.345498,0.0014368169941,7.7083011625,7363462092,true,true
softmax_1785109957103_softmax_full_f16io_f32acc_ptx_ex2_approx_f16_r3,softmax_oratc_main_crossplatform_smoke_20260727_cache_reuse_candidate_probe_ptx_f16_g16_s00_p03,probe_before,3,0,16,42912.8724778,42912.8739429,42912.8732104,0.00146516300447,8.2360135555,7363544831,true,true
softmax_1785109957103_softmax_full_f16io_f32acc_ptx_ex2_approx_f16_r3,softmax_oratc_main_crossplatform_smoke_20260727_cache_reuse_candidate_probe_ptx_f16_g16_s00_p03,probe_before,3,0,17,42913.3743648,42913.376555,42913.3754599,0.00219015800394,8.738263098,7363627199,true,true
softmax_1785109957103_softmax_full_f16io_f32acc_ptx_ex2_approx_f16_r3,softmax_oratc_main_crossplatform_smoke_20260727_cache_reuse_candidate_probe_ptx_f16_g16_s00_p03,probe_before,3,0,18,42913.9036181,42913.9050857,42913.9043519,0.00146758699702,9.2671550825,7363709878,true,true
softmax_1785109957103_softmax_full_f16io_f32acc_ptx_ex2_approx_f16_r3,softmax_oratc_main_crossplatform_smoke_20260727_cache_reuse_candidate_probe_ptx_f16_g16_s00_p03,probe_before,3,0,19,42914.4065384,42914.4090762,42914.4078073,0.00253779599734,9.770610455,7363792499,true,true
softmax_1785109957103_softmax_full_f16io_f32acc_ptx_ex2_approx_f16_r3,softmax_oratc_main_crossplatform_smoke_20260727_cache_reuse_candidate_probe_ptx_f16_g16_s00_p03,probe_before,3,0,20,42914.9360687,42914.9374957,42914.9367822,0.00142701699951,10.2995853715,7363875591,true,true
softmax_1785109957103_softmax_full_f16io_f32acc_ptx_ex2_approx_f16_r3,softmax_oratc_main_crossplatform_smoke_20260727_cache_reuse_candidate_probe_ptx_f16_g16_s00_p03,probe_before,3,0,21,42915.4381073,42915.4410898,42915.4395985,0.00298259400006,10.802401737,7363958541,true,true
softmax_1785109957103_softmax_full_f16io_f32acc_ptx_ex2_approx_f16_r3,softmax_oratc_main_crossplatform_smoke_20260727_cache_reuse_candidate_probe_ptx_f16_g16_s00_p03,probe_before,3,0,22,42915.9681556,42915.9695836,42915.9688696,0.00142796499858,11.3316727625,7364042060,true,false
softmax_1785109957103_softmax_full_f16io_f32acc_ptx_ex2_approx_f16_r3,softmax_oratc_main_crossplatform_smoke_20260727_cache_reuse_candidate_probe_ptx_f16_g16_s00_p03,probe_before,3,0,23,42916.4718998,42916.4742229,42916.4730613,0.00232306300313,11.8358645255,7364125176,true,false
softmax_1785109957103_softmax_full_f16io_f32acc_ptx_ex2_approx_f16_r3,softmax_oratc_main_crossplatform_smoke_20260727_cache_reuse_candidate_probe_ptx_f16_g16_s00_p03,probe_before,3,0,24,42916.8008754,42916.8023726,42916.801624,0.0014971749988,12.1644271835,7364172238,true,false
softmax_1785109969280_softmax_full_f16io_f32acc_ptx_ex2_approx_f16_r3,softmax_oratc_main_crossplatform_smoke_20260727_cache_reuse_candidate_probe_ptx_f16_g16_s00_p03,full,3,1,0,42916.8133699,42916.8145792,42916.8139746,0.00120934600272,-0.000633634997939,7364172238,false,false
softmax_1785109969280_softmax_full_f16io_f32acc_ptx_ex2_approx_f16_r3,softmax_oratc_main_crossplatform_smoke_20260727_cache_reuse_candidate_probe_ptx_f16_g16_s00_p03,full,3,1,1,42917.3414941,42917.3429811,42917.3422376,0.00148695899406,0.5276293805,7364251272,true,false
softmax_1785109969280_softmax_full_f16io_f32acc_ptx_ex2_approx_f16_r3,softmax_oratc_main_crossplatform_smoke_20260727_cache_reuse_candidate_probe_ptx_f16_g16_s00_p03,full,3,1,2,42917.8651648,42917.8665388,42917.8658518,0.00137395400088,1.051243584,7364333136,true,false
softmax_1785109969280_softmax_full_f16io_f32acc_ptx_ex2_approx_f16_r3,softmax_oratc_main_crossplatform_smoke_20260727_cache_reuse_candidate_probe_ptx_f16_g16_s00_p03,full,3,1,3,42918.3799803,42918.3814985,42918.3807394,0.00151813199773,1.56613118599,7364415564,true,true
softmax_1785109969280_softmax_full_f16io_f32acc_ptx_ex2_approx_f16_r3,softmax_oratc_main_crossplatform_smoke_20260727_cache_reuse_candidate_probe_ptx_f16_g16_s00_p03,full,3,1,4,42918.9055197,42918.9070076,42918.9062636,0.00148790599633,2.091655403,7364496688,true,true
softmax_1785109969280_softmax_full_f16io_f32acc_ptx_ex2_approx_f16_r3,softmax_oratc_main_crossplatform_smoke_20260727_cache_reuse_candidate_probe_ptx_f16_g16_s00_p03,full,3,1,5,42919.4337834,42919.435243,42919.4345132,0.00145957699715,2.6199049905,7364578199,true,true
softmax_1785109969280_softmax_full_f16io_f32acc_ptx_ex2_approx_f16_r3,softmax_oratc_main_crossplatform_smoke_20260727_cache_reuse_candidate_probe_ptx_f16_g16_s00_p03,full,3,1,6,42919.9618828,42919.9633593,42919.962621,0.00147653200111,3.148012823,7364659590,true,true
softmax_1785109969280_softmax_full_f16io_f32acc_ptx_ex2_approx_f16_r3,softmax_oratc_main_crossplatform_smoke_20260727_cache_reuse_candidate_probe_ptx_f16_g16_s00_p03,full,3,1,7,42920.4794354,42920.4809196,42920.4801775,0.00148411499686,3.6655692945,7364740794,true,true
softmax_1785109969280_softmax_full_f16io_f32acc_ptx_ex2_approx_f16_r3,softmax_oratc_main_crossplatform_smoke_20260727_cache_reuse_candidate_probe_ptx_f16_g16_s00_p03,full,3,1,8,42921.0074537,42921.0089761,42921.0082149,0.00152234399866,4.19360667,7364823210,true,true
softmax_1785109969280_softmax_full_f16io_f32acc_ptx_ex2_approx_f16_r3,softmax_oratc_main_crossplatform_smoke_20260727_cache_reuse_candidate_probe_ptx_f16_g16_s00_p03,full,3,1,9,42921.5097794,42921.5112617,42921.5105205,0.00148232500214,4.6959123115,7364888283,true,true
softmax_1785109969280_softmax_full_f16io_f32acc_ptx_ex2_approx_f16_r3,softmax_oratc_main_crossplatform_smoke_20260727_cache_reuse_candidate_probe_ptx_f16_g16_s00_p03,full,3,1,10,42922.0291254,42922.0324358,42922.0307806,0.0033104030008,5.2161723535,7364970451,true,true
softmax_1785109969280_softmax_full_f16io_f32acc_ptx_ex2_approx_f16_r3,softmax_oratc_main_crossplatform_smoke_20260727_cache_reuse_candidate_probe_ptx_f16_g16_s00_p03,full,3,1,11,42922.5591848,42922.5606833,42922.559934,0.00149854399933,5.74532581701,7365053442,true,true
softmax_1785109969280_softmax_full_f16io_f32acc_ptx_ex2_approx_f16_r3,softmax_oratc_main_crossplatform_smoke_20260727_cache_reuse_candidate_probe_ptx_f16_g16_s00_p03,full,3,1,12,42923.0872095,42923.0886653,42923.0879374,0.00145578500087,6.2733292285,7365136329,true,true
softmax_1785109969280_softmax_full_f16io_f32acc_ptx_ex2_approx_f16_r3,softmax_oratc_main_crossplatform_smoke_20260727_cache_reuse_candidate_probe_ptx_f16_g16_s00_p03,full,3,1,13,42923.6154062,42923.6169052,42923.6161557,0.00149896500079,6.80154748449,7365219022,true,true
softmax_1785109969280_softmax_full_f16io_f32acc_ptx_ex2_approx_f16_r3,softmax_oratc_main_crossplatform_smoke_20260727_cache_reuse_candidate_probe_ptx_f16_g16_s00_p03,full,3,1,14,42924.1434344,42924.1448858,42924.1441601,0.00145146699651,7.3295518965,7365301594,true,true
softmax_1785109969280_softmax_full_f16io_f32acc_ptx_ex2_approx_f16_r3,softmax_oratc_main_crossplatform_smoke_20260727_cache_reuse_candidate_probe_ptx_f16_g16_s00_p03,full,3,1,15,42924.6710834,42924.6726613,42924.6718724,0.00157795200357,7.857264161,7365384133,true,true
softmax_1785109969280_softmax_full_f16io_f32acc_ptx_ex2_approx_f16_r3,softmax_oratc_main_crossplatform_smoke_20260727_cache_reuse_candidate_probe_ptx_f16_g16_s00_p03,full,3,1,16,42925.1991886,42925.2006495,42925.1999191,0.00146084000153,8.385310857,7365466270,true,true
softmax_1785109969280_softmax_full_f16io_f32acc_ptx_ex2_approx_f16_r3,softmax_oratc_main_crossplatform_smoke_20260727_cache_reuse_candidate_probe_ptx_f16_g16_s00_p03,full,3,1,17,42925.7273772,42925.7289414,42925.7281593,0.00156415499805,8.9135510715,7365547909,true,true
softmax_1785109969280_softmax_full_f16io_f32acc_ptx_ex2_approx_f16_r3,softmax_oratc_main_crossplatform_smoke_20260727_cache_reuse_candidate_probe_ptx_f16_g16_s00_p03,full,3,1,18,42926.2555089,42926.2569387,42926.2562238,0.0014297710004,9.4416155725,7365629153,true,true
softmax_1785109969280_softmax_full_f16io_f32acc_ptx_ex2_approx_f16_r3,softmax_oratc_main_crossplatform_smoke_20260727_cache_reuse_candidate_probe_ptx_f16_g16_s00_p03,full,3,1,19,42926.7837733,42926.7851775,42926.7844754,0.00140417499642,9.9698671975,7365726739,true,true
softmax_1785109969280_softmax_full_f16io_f32acc_ptx_ex2_approx_f16_r3,softmax_oratc_main_crossplatform_smoke_20260727_cache_reuse_candidate_probe_ptx_f16_g16_s00_p03,full,3,1,20,42927.3118241,42927.3130984,42927.3124613,0.00127430200519,10.497853071,7365810519,true,true
softmax_1785109969280_softmax_full_f16io_f32acc_ptx_ex2_approx_f16_r3,softmax_oratc_main_crossplatform_smoke_20260727_cache_reuse_candidate_probe_ptx_f16_g16_s00_p03,full,3,1,21,42927.8399269,42927.8451482,42927.8425375,0.00522128600278,11.027929302,7365894314,true,true
softmax_1785109969280_softmax_full_f16io_f32acc_ptx_ex2_approx_f16_r3,softmax_oratc_main_crossplatform_smoke_20260727_cache_reuse_candidate_probe_ptx_f16_g16_s00_p03,full,3,1,22,42928.3546173,42928.3562471,42928.3554322,0.00162979600282,11.540824007,7365960891,true,false
softmax_1785109969280_softmax_full_f16io_f32acc_ptx_ex2_approx_f16_r3,softmax_oratc_main_crossplatform_smoke_20260727_cache_reuse_candidate_probe_ptx_f16_g16_s00_p03,full,3,1,23,42928.8788257,42928.8803046,42928.8795652,0.00147885499609,12.0649569575,7366043326,true,false
softmax_1785109969280_softmax_full_f16io_f32acc_ptx_ex2_approx_f16_r3,softmax_oratc_main_crossplatform_smoke_20260727_cache_reuse_candidate_probe_ptx_f16_g16_s00_p03,full,3,1,24,42928.9840379,42928.9853956,42928.9847167,0.00135772400245,12.170108506,7366057834,true,false
softmax_1785109979815_softmax_full_f16io_f32acc_ptx_ex2_approx_f16_r3,softmax_oratc_main_crossplatform_smoke_20260727_cache_reuse_candidate_probe_ptx_f16_g16_s00_p03,probe_after,3,2,0,42928.9937046,42928.9949472,42928.9943259,0.00124259599397,-0.000626775006822,7366057834,false,false
softmax_1785109979815_softmax_full_f16io_f32acc_ptx_ex2_approx_f16_r3,softmax_oratc_main_crossplatform_smoke_20260727_cache_reuse_candidate_probe_ptx_f16_g16_s00_p03,probe_after,3,2,1,42929.4977657,42929.499216,42929.4984908,0.00145031000284,0.503538208002,7366137895,true,false
softmax_1785109979815_softmax_full_f16io_f32acc_ptx_ex2_approx_f16_r3,softmax_oratc_main_crossplatform_smoke_20260727_cache_reuse_candidate_probe_ptx_f16_g16_s00_p03,probe_after,3,2,2,42930.0114525,42930.0135967,42930.0125246,0.00214412900095,1.0175719685,7366219206,true,false
softmax_1785109979815_softmax_full_f16io_f32acc_ptx_ex2_approx_f16_r3,softmax_oratc_main_crossplatform_smoke_20260727_cache_reuse_candidate_probe_ptx_f16_g16_s00_p03,probe_after,3,2,3,42930.5140343,42930.5190116,42930.5165229,0.0049773369974,1.5215703175,7366302225,true,true
softmax_1785109979815_softmax_full_f16io_f32acc_ptx_ex2_approx_f16_r3,softmax_oratc_main_crossplatform_smoke_20260727_cache_reuse_candidate_probe_ptx_f16_g16_s00_p03,probe_after,3,2,4,42931.0330137,42931.0344576,42931.0337357,0.00144388499757,2.0387830365,7366385135,true,true
softmax_1785109979815_softmax_full_f16io_f32acc_ptx_ex2_approx_f16_r3,softmax_oratc_main_crossplatform_smoke_20260727_cache_reuse_candidate_probe_ptx_f16_g16_s00_p03,probe_after,3,2,5,42931.5356076,42931.5370927,42931.5363501,0.00148507000267,2.541397487,7366466551,true,true
softmax_1785109979815_softmax_full_f16io_f32acc_ptx_ex2_approx_f16_r3,softmax_oratc_main_crossplatform_smoke_20260727_cache_reuse_candidate_probe_ptx_f16_g16_s00_p03,probe_after,3,2,6,42932.0406789,42932.0421444,42932.0414117,0.0014654780025,3.04645905199,7366531791,true,true
softmax_1785109979815_softmax_full_f16io_f32acc_ptx_ex2_approx_f16_r3,softmax_oratc_main_crossplatform_smoke_20260727_cache_reuse_candidate_probe_ptx_f16_g16_s00_p03,probe_after,3,2,7,42932.542808,42932.544254,42932.543531,0.00144599200576,3.548578339,7366614106,true,true
softmax_1785109979815_softmax_full_f16io_f32acc_ptx_ex2_approx_f16_r3,softmax_oratc_main_crossplatform_smoke_20260727_cache_reuse_candidate_probe_ptx_f16_g16_s00_p03,probe_after,3,2,8,42933.0638556,42933.0673828,42933.0656192,0.00352723800461,4.070666593,7366697110,true,true
softmax_1785109979815_softmax_full_f16io_f32acc_ptx_ex2_approx_f16_r3,softmax_oratc_main_crossplatform_smoke_20260727_cache_reuse_candidate_probe_ptx_f16_g16_s00_p03,probe_after,3,2,9,42933.5699056,42933.5727265,42933.571316,0.00282088400127,4.57636341299,7366780611,true,true
softmax_1785109979815_softmax_full_f16io_f32acc_ptx_ex2_approx_f16_r3,softmax_oratc_main_crossplatform_smoke_20260727_cache_reuse_candidate_probe_ptx_f16_g16_s00_p03,probe_after,3,2,10,42934.0728763,42934.0780658,42934.0754711,0.0051894749995,5.08051844249,7366863861,true,true
softmax_1785109979815_softmax_full_f16io_f32acc_ptx_ex2_approx_f16_r3,softmax_oratc_main_crossplatform_smoke_20260727_cache_reuse_candidate_probe_ptx_f16_g16_s00_p03,probe_after,3,2,11,42934.5782603,42934.5840942,42934.5811772,0.00583388899395,5.5862246215,7366946879,true,true
softmax_1785109979815_softmax_full_f16io_f32acc_ptx_ex2_approx_f16_r3,softmax_oratc_main_crossplatform_smoke_20260727_cache_reuse_candidate_probe_ptx_f16_g16_s00_p03,probe_after,3,2,12,42935.1107207,42935.1122159,42935.1114683,0.0014951980047,6.116515654,7367029664,true,true
softmax_1785109979815_softmax_full_f16io_f32acc_ptx_ex2_approx_f16_r3,softmax_oratc_main_crossplatform_smoke_20260727_cache_reuse_candidate_probe_ptx_f16_g16_s00_p03,probe_after,3,2,13,42935.6161725,42935.6176545,42935.6169135,0.00148192000051,6.621960865,7367095628,true,true
softmax_1785109979815_softmax_full_f16io_f32acc_ptx_ex2_approx_f16_r3,softmax_oratc_main_crossplatform_smoke_20260727_cache_reuse_candidate_probe_ptx_f16_g16_s00_p03,probe_after,3,2,14,42936.1447257,42936.1461554,42936.1454405,0.0014297549933,7.1504879155,7367178527,true,true
softmax_1785109979815_softmax_full_f16io_f32acc_ptx_ex2_approx_f16_r3,softmax_oratc_main_crossplatform_smoke_20260727_cache_reuse_candidate_probe_ptx_f16_g16_s00_p03,probe_after,3,2,15,42936.6465955,42936.6485917,42936.6475936,0.00199619700288,7.65264096049,7367261302,true,true
softmax_1785109979815_softmax_full_f16io_f32acc_ptx_ex2_approx_f16_r3,softmax_oratc_main_crossplatform_smoke_20260727_cache_reuse_candidate_probe_ptx_f16_g16_s00_p03,probe_after,3,2,16,42937.1576431,42937.1592208,42937.1584319,0.0015777150038,8.16347928849,7367344856,true,true
softmax_1785109979815_softmax_full_f16io_f32acc_ptx_ex2_approx_f16_r3,softmax_oratc_main_crossplatform_smoke_20260727_cache_reuse_candidate_probe_ptx_f16_g16_s00_p03,probe_after,3,2,17,42937.6643648,42937.6658541,42937.6651094,0.00148929700663,8.6701568155,7367427662,true,true
softmax_1785109979815_softmax_full_f16io_f32acc_ptx_ex2_approx_f16_r3,softmax_oratc_main_crossplatform_smoke_20260727_cache_reuse_candidate_probe_ptx_f16_g16_s00_p03,probe_after,3,2,18,42938.1701192,42938.1715572,42938.1708382,0.00143797499913,9.17588556449,7367510160,true,true
softmax_1785109979815_softmax_full_f16io_f32acc_ptx_ex2_approx_f16_r3,softmax_oratc_main_crossplatform_smoke_20260727_cache_reuse_candidate_probe_ptx_f16_g16_s00_p03,probe_after,3,2,19,42938.6718826,42938.6733065,42938.6725946,0.00142395899456,9.6776419415,7367575611,true,true
softmax_1785109979815_softmax_full_f16io_f32acc_ptx_ex2_approx_f16_r3,softmax_oratc_main_crossplatform_smoke_20260727_cache_reuse_candidate_probe_ptx_f16_g16_s00_p03,probe_after,3,2,20,42939.1880248,42939.1894689,42939.1887468,0.00144408699998,10.1937941895,7367658344,true,true
softmax_1785109979815_softmax_full_f16io_f32acc_ptx_ex2_approx_f16_r3,softmax_oratc_main_crossplatform_smoke_20260727_cache_reuse_candidate_probe_ptx_f16_g16_s00_p03,probe_after,3,2,21,42939.6923808,42939.6938625,42939.6931217,0.00148170899774,10.6981690605,7367739288,true,true
softmax_1785109979815_softmax_full_f16io_f32acc_ptx_ex2_approx_f16_r3,softmax_oratc_main_crossplatform_smoke_20260727_cache_reuse_candidate_probe_ptx_f16_g16_s00_p03,probe_after,3,2,22,42940.1960555,42940.197526,42940.1967907,0.00147053899855,11.2018381175,7367820581,true,false
softmax_1785109979815_softmax_full_f16io_f32acc_ptx_ex2_approx_f16_r3,softmax_oratc_main_crossplatform_smoke_20260727_cache_reuse_candidate_probe_ptx_f16_g16_s00_p03,probe_after,3,2,23,42940.6981077,42940.6995249,42940.6988163,0.00141721300315,11.7038636995,7367902404,true,false
softmax_1785109979815_softmax_full_f16io_f32acc_ptx_ex2_approx_f16_r3,softmax_oratc_main_crossplatform_smoke_20260727_cache_reuse_candidate_probe_ptx_f16_g16_s00_p03,probe_after,3,2,24,42941.1432426,42941.1446893,42941.143966,0.00144672199531,12.149013351,7367965860,true,false
softmax_1785109991977_softmax_full_f16io_f32acc_ptx_ex2_approx_f16_r4,softmax_oratc_main_crossplatform_smoke_20260727_cache_reuse_candidate_probe_ptx_f16_g16_s00_p04,probe_before,4,0,0,42941.1522802,42941.1575472,42941.1549137,0.00526702400384,-0.00264067800163,7367965860,false,false
softmax_1785109991977_softmax_full_f16io_f32acc_ptx_ex2_approx_f16_r4,softmax_oratc_main_crossplatform_smoke_20260727_cache_reuse_candidate_probe_ptx_f16_g16_s00_p04,probe_before,4,0,1,42941.6609294,42941.6632443,42941.6620869,0.00231488099962,0.504532474501,7368045805,true,false
softmax_1785109991977_softmax_full_f16io_f32acc_ptx_ex2_approx_f16_r4,softmax_oratc_main_crossplatform_smoke_20260727_cache_reuse_candidate_probe_ptx_f16_g16_s00_p04,probe_before,4,0,2,42942.1706976,42942.1721588,42942.1714282,0.00146115900134,1.01387381151,7368129367,true,false
softmax_1785109991977_softmax_full_f16io_f32acc_ptx_ex2_approx_f16_r4,softmax_oratc_main_crossplatform_smoke_20260727_cache_reuse_candidate_probe_ptx_f16_g16_s00_p04,probe_before,4,0,3,42942.6790746,42942.6805509,42942.6798128,0.00147622899385,1.5222583615,7368195405,true,true
softmax_1785109991977_softmax_full_f16io_f32acc_ptx_ex2_approx_f16_r4,softmax_oratc_main_crossplatform_smoke_20260727_cache_reuse_candidate_probe_ptx_f16_g16_s00_p04,probe_before,4,0,4,42943.1869582,42943.1883868,42943.1876725,0.00142866399983,2.030118107,7368277690,true,true
softmax_1785109991977_softmax_full_f16io_f32acc_ptx_ex2_approx_f16_r4,softmax_oratc_main_crossplatform_smoke_20260727_cache_reuse_candidate_probe_ptx_f16_g16_s00_p04,probe_before,4,0,5,42943.6942916,42943.6958022,42943.6950469,0.00151055199967,2.537492508,7368359577,true,true
softmax_1785109991977_softmax_full_f16io_f32acc_ptx_ex2_approx_f16_r4,softmax_oratc_main_crossplatform_smoke_20260727_cache_reuse_candidate_probe_ptx_f16_g16_s00_p04,probe_before,4,0,6,42944.1989322,42944.2003988,42944.1996655,0.0014666040006,3.04211107101,7368441125,true,true
softmax_1785109991977_softmax_full_f16io_f32acc_ptx_ex2_approx_f16_r4,softmax_oratc_main_crossplatform_smoke_20260727_cache_reuse_candidate_probe_ptx_f16_g16_s00_p04,probe_before,4,0,7,42944.7051352,42944.7066531,42944.7058942,0.00151792899851,3.54833977851,7368522932,true,true
softmax_1785109991977_softmax_full_f16io_f32acc_ptx_ex2_approx_f16_r4,softmax_oratc_main_crossplatform_smoke_20260727_cache_reuse_candidate_probe_ptx_f16_g16_s00_p04,probe_before,4,0,8,42945.2107917,42945.2122895,42945.2115406,0.00149779899948,4.05398620851,7368588033,true,true
softmax_1785109991977_softmax_full_f16io_f32acc_ptx_ex2_approx_f16_r4,softmax_oratc_main_crossplatform_smoke_20260727_cache_reuse_candidate_probe_ptx_f16_g16_s00_p04,probe_before,4,0,9,42945.7157335,42945.717117,42945.7164253,0.00138345100277,4.5588708805,7368670099,true,true
softmax_1785109991977_softmax_full_f16io_f32acc_ptx_ex2_approx_f16_r4,softmax_oratc_main_crossplatform_smoke_20260727_cache_reuse_candidate_probe_ptx_f16_g16_s00_p04,probe_before,4,0,10,42946.2192145,42946.2206676,42946.219941,0.00145311400411,5.062386645,7368752456,true,true
softmax_1785109991977_softmax_full_f16io_f32acc_ptx_ex2_approx_f16_r4,softmax_oratc_main_crossplatform_smoke_20260727_cache_reuse_candidate_probe_ptx_f16_g16_s00_p04,probe_before,4,0,11,42946.7223866,42946.7237969,42946.7230918,0.00141032600368,5.565537392,7368834938,true,true
softmax_1785109991977_softmax_full_f16io_f32acc_ptx_ex2_approx_f16_r4,softmax_oratc_main_crossplatform_smoke_20260727_cache_reuse_candidate_probe_ptx_f16_g16_s00_p04,probe_before,4,0,12,42947.2245551,42947.226628,42947.2255916,0.00207291100378,6.0680371985,7368917556,true,true
softmax_1785109991977_softmax_full_f16io_f32acc_ptx_ex2_approx_f16_r4,softmax_oratc_main_crossplatform_smoke_20260727_cache_reuse_candidate_probe_ptx_f16_g16_s00_p04,probe_before,4,0,13,42947.7318074,42947.7332404,42947.7325239,0.00143298500188,6.57496954151,7368983605,true,true
softmax_1785109991977_softmax_full_f16io_f32acc_ptx_ex2_approx_f16_r4,softmax_oratc_main_crossplatform_smoke_20260727_cache_reuse_candidate_probe_ptx_f16_g16_s00_p04,probe_before,4,0,14,42948.2376644,42948.2391193,42948.2383918,0.00145490599971,7.080837448,7369066176,true,true
softmax_1785109991977_softmax_full_f16io_f32acc_ptx_ex2_approx_f16_r4,softmax_oratc_main_crossplatform_smoke_20260727_cache_reuse_candidate_probe_ptx_f16_g16_s00_p04,probe_before,4,0,15,42948.7426761,42948.7441356,42948.7434059,0.00145954300388,7.5858514855,7369148957,true,true
softmax_1785109991977_softmax_full_f16io_f32acc_ptx_ex2_approx_f16_r4,softmax_oratc_main_crossplatform_smoke_20260727_cache_reuse_candidate_probe_ptx_f16_g16_s00_p04,probe_before,4,0,16,42949.2450868,42949.2487351,42949.2469109,0.00364827800513,8.08935655301,7369232019,true,true
softmax_1785109991977_softmax_full_f16io_f32acc_ptx_ex2_approx_f16_r4,softmax_oratc_main_crossplatform_smoke_20260727_cache_reuse_candidate_probe_ptx_f16_g16_s00_p04,probe_before,4,0,17,42949.7510455,42949.7551169,42949.7530812,0.00407141799951,8.59552677,7369315459,true,true
softmax_1785109991977_softmax_full_f16io_f32acc_ptx_ex2_approx_f16_r4,softmax_oratc_main_crossplatform_smoke_20260727_cache_reuse_candidate_probe_ptx_f16_g16_s00_p04,probe_before,4,0,18,42950.2558181,42950.2602262,42950.2580222,0.00440803400124,9.100467773,7369382204,true,true
softmax_1785109991977_softmax_full_f16io_f32acc_ptx_ex2_approx_f16_r4,softmax_oratc_main_crossplatform_smoke_20260727_cache_reuse_candidate_probe_ptx_f16_g16_s00_p04,probe_before,4,0,19,42950.7602856,42950.7617228,42950.7610042,0.00143720100459,9.6034498435,7369465892,true,true
softmax_1785109991977_softmax_full_f16io_f32acc_ptx_ex2_approx_f16_r4,softmax_oratc_main_crossplatform_smoke_20260727_cache_reuse_candidate_probe_ptx_f16_g16_s00_p04,probe_before,4,0,20,42951.2628668,42951.2643398,42951.2636033,0.00147298899537,10.1060489075,7369546704,true,true
softmax_1785109991977_softmax_full_f16io_f32acc_ptx_ex2_approx_f16_r4,softmax_oratc_main_crossplatform_smoke_20260727_cache_reuse_candidate_probe_ptx_f16_g16_s00_p04,probe_before,4,0,21,42951.7723349,42951.7769015,42951.7746182,0.00456650900014,10.6170638115,7369627742,true,true
softmax_1785109991977_softmax_full_f16io_f32acc_ptx_ex2_approx_f16_r4,softmax_oratc_main_crossplatform_smoke_20260727_cache_reuse_candidate_probe_ptx_f16_g16_s00_p04,probe_before,4,0,22,42952.2800527,42952.2829349,42952.2814938,0.00288215999899,11.123939402,7369710750,true,false
softmax_1785109991977_softmax_full_f16io_f32acc_ptx_ex2_approx_f16_r4,softmax_oratc_main_crossplatform_smoke_20260727_cache_reuse_candidate_probe_ptx_f16_g16_s00_p04,probe_before,4,0,23,42952.8096207,42952.8111345,42952.8103776,0.00151384999481,11.652823211,7369793714,true,false
softmax_1785109991977_softmax_full_f16io_f32acc_ptx_ex2_approx_f16_r4,softmax_oratc_main_crossplatform_smoke_20260727_cache_reuse_candidate_probe_ptx_f16_g16_s00_p04,probe_before,4,0,24,42953.3080449,42953.3094671,42953.308756,0.00142212300125,12.1512016015,7369858314,true,false
softmax_1785110002496_softmax_full_f16io_f32acc_ptx_ex2_approx_f16_r4,softmax_oratc_main_crossplatform_smoke_20260727_cache_reuse_candidate_probe_ptx_f16_g16_s00_p04,full,4,1,0,42953.3213653,42953.3226308,42953.321998,0.00126542100043,-0.000637975499558,7369858314,false,false
softmax_1785110002496_softmax_full_f16io_f32acc_ptx_ex2_approx_f16_r4,softmax_oratc_main_crossplatform_smoke_20260727_cache_reuse_candidate_probe_ptx_f16_g16_s00_p04,full,4,1,1,42953.8247549,42953.8262085,42953.8254817,0.00145361199975,0.502845695999,7369936053,true,false
softmax_1785110002496_softmax_full_f16io_f32acc_ptx_ex2_approx_f16_r4,softmax_oratc_main_crossplatform_smoke_20260727_cache_reuse_candidate_probe_ptx_f16_g16_s00_p04,full,4,1,2,42954.3279,42954.3298,42954.32885,0.00190002599993,1.006213947,7370018628,true,false
softmax_1785110002496_softmax_full_f16io_f32acc_ptx_ex2_approx_f16_r4,softmax_oratc_main_crossplatform_smoke_20260727_cache_reuse_candidate_probe_ptx_f16_g16_s00_p04,full,4,1,3,42954.8310112,42954.8325165,42954.8317639,0.0015053199968,1.509127832,7370101533,true,true
softmax_1785110002496_softmax_full_f16io_f32acc_ptx_ex2_approx_f16_r4,softmax_oratc_main_crossplatform_smoke_20260727_cache_reuse_candidate_probe_ptx_f16_g16_s00_p04,full,4,1,4,42955.3332018,42955.3355109,42955.3343563,0.00230905500212,2.0117203065,7370184609,true,true
softmax_1785110002496_softmax_full_f16io_f32acc_ptx_ex2_approx_f16_r4,softmax_oratc_main_crossplatform_smoke_20260727_cache_reuse_candidate_probe_ptx_f16_g16_s00_p04,full,4,1,5,42955.8484526,42955.8499303,42955.8491915,0.00147772800119,2.52655543,7370251111,true,true
softmax_1785110002496_softmax_full_f16io_f32acc_ptx_ex2_approx_f16_r4,softmax_oratc_main_crossplatform_smoke_20260727_cache_reuse_candidate_probe_ptx_f16_g16_s00_p04,full,4,1,6,42956.3535596,42956.3549637,42956.3542616,0.00140411599568,3.031625617,7370332770,true,true
softmax_1785110002496_softmax_full_f16io_f32acc_ptx_ex2_approx_f16_r4,softmax_oratc_main_crossplatform_smoke_20260727_cache_reuse_candidate_probe_ptx_f16_g16_s00_p04,full,4,1,7,42956.8563701,42956.8578224,42956.8570962,0.00145234799857,3.534460202,7370414399,true,true
softmax_1785110002496_softmax_full_f16io_f32acc_ptx_ex2_approx_f16_r4,softmax_oratc_main_crossplatform_smoke_20260727_cache_reuse_candidate_probe_ptx_f16_g16_s00_p04,full,4,1,8,42957.3612671,42957.3626749,42957.361971,0.00140780199581,4.039334931,7370496554,true,true
softmax_1785110002496_softmax_full_f16io_f32acc_ptx_ex2_approx_f16_r4,softmax_oratc_main_crossplatform_smoke_20260727_cache_reuse_candidate_probe_ptx_f16_g16_s00_p04,full,4,1,9,42957.8660289,42957.867523,42957.866776,0.00149405100092,4.5441399435,7370578929,true,true
softmax_1785110002496_softmax_full_f16io_f32acc_ptx_ex2_approx_f16_r4,softmax_oratc_main_crossplatform_smoke_20260727_cache_reuse_candidate_probe_ptx_f16_g16_s00_p04,full,4,1,10,42958.3701125,42958.3715919,42958.3708522,0.00147941300384,5.0482162015,7370644711,true,true
softmax_1785110002496_softmax_full_f16io_f32acc_ptx_ex2_approx_f16_r4,softmax_oratc_main_crossplatform_smoke_20260727_cache_reuse_candidate_probe_ptx_f16_g16_s00_p04,full,4,1,11,42958.8730893,42958.8744896,42958.8737894,0.00140032499621,5.5511534135,7370727738,true,true
softmax_1785110002496_softmax_full_f16io_f32acc_ptx_ex2_approx_f16_r4,softmax_oratc_main_crossplatform_smoke_20260727_cache_reuse_candidate_probe_ptx_f16_g16_s00_p04,full,4,1,12,42959.3751416,42959.3783098,42959.3767257,0.0031681860055,6.054089677,7370811163,true,true
softmax_1785110002496_softmax_full_f16io_f32acc_ptx_ex2_approx_f16_r4,softmax_oratc_main_crossplatform_smoke_20260727_cache_reuse_candidate_probe_ptx_f16_g16_s00_p04,full,4,1,13,42959.8828824,42959.8843234,42959.8836029,0.00144097400334,6.5609669,7370894709,true,true
softmax_1785110002496_softmax_full_f16io_f32acc_ptx_ex2_approx_f16_r4,softmax_oratc_main_crossplatform_smoke_20260727_cache_reuse_candidate_probe_ptx_f16_g16_s00_p04,full,4,1,14,42960.3895775,42960.391038,42960.3903078,0.00146045700239,7.0676717285,7370977906,true,true
softmax_1785110002496_softmax_full_f16io_f32acc_ptx_ex2_approx_f16_r4,softmax_oratc_main_crossplatform_smoke_20260727_cache_reuse_candidate_probe_ptx_f16_g16_s00_p04,full,4,1,15,42960.8987572,42960.9001909,42960.8994741,0.00143370799924,7.57683804999,7371043864,true,true
softmax_1785110002496_softmax_full_f16io_f32acc_ptx_ex2_approx_f16_r4,softmax_oratc_main_crossplatform_smoke_20260727_cache_reuse_candidate_probe_ptx_f16_g16_s00_p04,full,4,1,16,42961.4055064,42961.4069559,42961.4062311,0.00144947900117,8.0835951175,7371125953,true,true
softmax_1785110002496_softmax_full_f16io_f32acc_ptx_ex2_approx_f16_r4,softmax_oratc_main_crossplatform_smoke_20260727_cache_reuse_candidate_probe_ptx_f16_g16_s00_p04,full,4,1,17,42961.9143607,42961.9158501,42961.9151054,0.00148931799777,8.592469375,7371208109,true,true
softmax_1785110002496_softmax_full_f16io_f32acc_ptx_ex2_approx_f16_r4,softmax_oratc_main_crossplatform_smoke_20260727_cache_reuse_candidate_probe_ptx_f16_g16_s00_p04,full,4,1,18,42962.4228971,42962.4242751,42962.4235861,0.00137802199606,9.100950092,7371289971,true,true
softmax_1785110002496_softmax_full_f16io_f32acc_ptx_ex2_approx_f16_r4,softmax_oratc_main_crossplatform_smoke_20260727_cache_reuse_candidate_probe_ptx_f16_g16_s00_p04,full,4,1,19,42962.9304624,42962.9319399,42962.9312011,0.00147751299664,9.6085651065,7371371606,true,true
softmax_1785110002496_softmax_full_f16io_f32acc_ptx_ex2_approx_f16_r4,softmax_oratc_main_crossplatform_smoke_20260727_cache_reuse_candidate_probe_ptx_f16_g16_s00_p04,full,4,1,20,42963.4347438,42963.4361763,42963.43546,0.00143250999827,10.112824018,7371436185,true,true
softmax_1785110002496_softmax_full_f16io_f32acc_ptx_ex2_approx_f16_r4,softmax_oratc_main_crossplatform_smoke_20260727_cache_reuse_candidate_probe_ptx_f16_g16_s00_p04,full,4,1,21,42963.9412762,42963.9427902,42963.9420332,0.00151398000162,10.619397163,7371517742,true,true
softmax_1785110002496_softmax_full_f16io_f32acc_ptx_ex2_approx_f16_r4,softmax_oratc_main_crossplatform_smoke_20260727_cache_reuse_candidate_probe_ptx_f16_g16_s00_p04,full,4,1,22,42964.4480686,42964.4495929,42964.4488308,0.0015243079979,11.126194744,7371599106,true,true
softmax_1785110002496_softmax_full_f16io_f32acc_ptx_ex2_approx_f16_r4,softmax_oratc_main_crossplatform_smoke_20260727_cache_reuse_candidate_probe_ptx_f16_g16_s00_p04,full,4,1,23,42964.9536731,42964.9551593,42964.9544162,0.00148615599755,11.631780193,7371680043,true,false
softmax_1785110002496_softmax_full_f16io_f32acc_ptx_ex2_approx_f16_r4,softmax_oratc_main_crossplatform_smoke_20260727_cache_reuse_candidate_probe_ptx_f16_g16_s00_p04,full,4,1,24,42965.4581936,42965.459593,42965.4588933,0.00139941700036,12.1362572695,7371758828,true,false
softmax_1785110002496_softmax_full_f16io_f32acc_ptx_ex2_approx_f16_r4,softmax_oratc_main_crossplatform_smoke_20260727_cache_reuse_candidate_probe_ptx_f16_g16_s00_p04,full,4,1,25,42965.4933171,42965.4947808,42965.4940489,0.00146370699804,12.1714129015,7371758828,false,false
softmax_1785110014677_softmax_full_f16io_f32acc_ptx_ex2_approx_f16_r4,softmax_oratc_main_crossplatform_smoke_20260727_cache_reuse_candidate_probe_ptx_f16_g16_s00_p04,probe_after,4,2,0,42965.5029578,42965.5042112,42965.5035845,0.00125334199402,-0.000633205003396,7371758828,false,false
softmax_1785110014677_softmax_full_f16io_f32acc_ptx_ex2_approx_f16_r4,softmax_oratc_main_crossplatform_smoke_20260727_cache_reuse_candidate_probe_ptx_f16_g16_s00_p04,probe_after,4,2,1,42966.0084478,42966.0099738,42966.0092108,0.00152599499415,0.504993083501,7371835880,true,false
softmax_1785110014677_softmax_full_f16io_f32acc_ptx_ex2_approx_f16_r4,softmax_oratc_main_crossplatform_smoke_20260727_cache_reuse_candidate_probe_ptx_f16_g16_s00_p04,probe_after,4,2,2,42966.5135649,42966.5149928,42966.5142788,0.0014278729941,1.0100611025,7371916724,true,false
softmax_1785110014677_softmax_full_f16io_f32acc_ptx_ex2_approx_f16_r4,softmax_oratc_main_crossplatform_smoke_20260727_cache_reuse_candidate_probe_ptx_f16_g16_s00_p04,probe_after,4,2,3,42967.0175744,42967.0190128,42967.0182936,0.00143841300451,1.5140758695,7371980801,true,true
softmax_1785110014677_softmax_full_f16io_f32acc_ptx_ex2_approx_f16_r4,softmax_oratc_main_crossplatform_smoke_20260727_cache_reuse_candidate_probe_ptx_f16_g16_s00_p04,probe_after,4,2,4,42967.5201682,42967.521625,42967.5208966,0.00145675100066,2.0166788885,7372062211,true,true
softmax_1785110014677_softmax_full_f16io_f32acc_ptx_ex2_approx_f16_r4,softmax_oratc_main_crossplatform_smoke_20260727_cache_reuse_candidate_probe_ptx_f16_g16_s00_p04,probe_after,4,2,5,42968.0222035,42968.0237189,42968.0229612,0.00151534900215,2.5187434515,7372144170,true,true
softmax_1785110014677_softmax_full_f16io_f32acc_ptx_ex2_approx_f16_r4,softmax_oratc_main_crossplatform_smoke_20260727_cache_reuse_candidate_probe_ptx_f16_g16_s00_p04,probe_after,4,2,6,42968.5287265,42968.5302051,42968.5294658,0.00147856799595,3.025248091,7372226516,true,true
softmax_1785110014677_softmax_full_f16io_f32acc_ptx_ex2_approx_f16_r4,softmax_oratc_main_crossplatform_smoke_20260727_cache_reuse_candidate_probe_ptx_f16_g16_s00_p04,probe_after,4,2,7,42969.0343026,42969.0357215,42969.0350121,0.00141891400563,3.530794333,7372308501,true,true
softmax_1785110014677_softmax_full_f16io_f32acc_ptx_ex2_approx_f16_r4,softmax_oratc_main_crossplatform_smoke_20260727_cache_reuse_candidate_probe_ptx_f16_g16_s00_p04,probe_after,4,2,8,42969.536932,42969.5384641,42969.5376981,0.0015320570019,4.03348033749,7372373606,true,true
softmax_1785110014677_softmax_full_f16io_f32acc_ptx_ex2_approx_f16_r4,softmax_oratc_main_crossplatform_smoke_20260727_cache_reuse_candidate_probe_ptx_f16_g16_s00_p04,probe_after,4,2,9,42970.0656977,42970.0671527,42970.0664252,0.00145500099461,4.5622074495,7372455885,true,true
softmax_1785110014677_softmax_full_f16io_f32acc_ptx_ex2_approx_f16_r4,softmax_oratc_main_crossplatform_smoke_20260727_cache_reuse_candidate_probe_ptx_f16_g16_s00_p04,probe_after,4,2,10,42970.5702063,42970.5716576,42970.570932,0.00145131099998,5.06671426849,7372538093,true,true
softmax_1785110014677_softmax_full_f16io_f32acc_ptx_ex2_approx_f16_r4,softmax_oratc_main_crossplatform_smoke_20260727_cache_reuse_candidate_probe_ptx_f16_g16_s00_p04,probe_after,4,2,11,42971.0897041,42971.0934147,42971.0915594,0.00371060700127,5.58734163149,7372620592,true,true
softmax_1785110014677_softmax_full_f16io_f32acc_ptx_ex2_approx_f16_r4,softmax_oratc_main_crossplatform_smoke_20260727_cache_reuse_candidate_probe_ptx_f16_g16_s00_p04,probe_after,4,2,12,42971.5944351,42971.5992365,42971.5968358,0.00480140900618,6.0926181155,7372704048,true,true
softmax_1785110014677_softmax_full_f16io_f32acc_ptx_ex2_approx_f16_r4,softmax_oratc_main_crossplatform_smoke_20260727_cache_reuse_candidate_probe_ptx_f16_g16_s00_p04,probe_after,4,2,13,42972.1013375,42972.1048376,42972.1030875,0.00350009900285,6.5988698185,7372787632,true,true
softmax_1785110014677_softmax_full_f16io_f32acc_ptx_ex2_approx_f16_r4,softmax_oratc_main_crossplatform_smoke_20260727_cache_reuse_candidate_probe_ptx_f16_g16_s00_p04,probe_after,4,2,14,42972.6301493,42972.6317859,42972.6309676,0.00163662600244,7.126749893,7372871113,true,true
softmax_1785110014677_softmax_full_f16io_f32acc_ptx_ex2_approx_f16_r4,softmax_oratc_main_crossplatform_smoke_20260727_cache_reuse_candidate_probe_ptx_f16_g16_s00_p04,probe_after,4,2,15,42973.1589815,42973.1604452,42973.1597133,0.00146375000622,7.65549560999,7372954316,true,true
softmax_1785110014677_softmax_full_f16io_f32acc_ptx_ex2_approx_f16_r4,softmax_oratc_main_crossplatform_smoke_20260727_cache_reuse_candidate_probe_ptx_f16_g16_s00_p04,probe_after,4,2,16,42973.6618762,42973.6646819,42973.663279,0.00280575000215,8.15906131099,7373037071,true,true
softmax_1785110014677_softmax_full_f16io_f32acc_ptx_ex2_approx_f16_r4,softmax_oratc_main_crossplatform_smoke_20260727_cache_reuse_candidate_probe_ptx_f16_g16_s00_p04,probe_after,4,2,17,42974.1761439,42974.1776138,42974.1768788,0.00146996999683,8.672661123,7373103215,true,true
softmax_1785110014677_softmax_full_f16io_f32acc_ptx_ex2_approx_f16_r4,softmax_oratc_main_crossplatform_smoke_20260727_cache_reuse_candidate_probe_ptx_f16_g16_s00_p04,probe_after,4,2,18,42974.6914487,42974.6930279,42974.6922383,0.00157917600154,9.188020576,7373185086,true,true
softmax_1785110014677_softmax_full_f16io_f32acc_ptx_ex2_approx_f16_r4,softmax_oratc_main_crossplatform_smoke_20260727_cache_reuse_candidate_probe_ptx_f16_g16_s00_p04,probe_after,4,2,19,42975.2100803,42975.2115307,42975.2108055,0.00145046800026,9.706587768,7373265764,true,true
softmax_1785110014677_softmax_full_f16io_f32acc_ptx_ex2_approx_f16_r4,softmax_oratc_main_crossplatform_smoke_20260727_cache_reuse_candidate_probe_ptx_f16_g16_s00_p04,probe_after,4,2,20,42975.7124798,42975.7139536,42975.7132167,0.00147376499808,10.2089989975,7373347943,true,true
softmax_1785110014677_softmax_full_f16io_f32acc_ptx_ex2_approx_f16_r4,softmax_oratc_main_crossplatform_smoke_20260727_cache_reuse_candidate_probe_ptx_f16_g16_s00_p04,probe_after,4,2,21,42976.2181077,42976.2195011,42976.2188044,0.00139344100171,10.7145866575,7373430783,true,true
softmax_1785110014677_softmax_full_f16io_f32acc_ptx_ex2_approx_f16_r4,softmax_oratc_main_crossplatform_smoke_20260727_cache_reuse_candidate_probe_ptx_f16_g16_s00_p04,probe_after,4,2,22,42976.7229333,42976.7244129,42976.7236731,0.0014795629977,11.2194553555,7373513539,true,false
softmax_1785110014677_softmax_full_f16io_f32acc_ptx_ex2_approx_f16_r4,softmax_oratc_main_crossplatform_smoke_20260727_cache_reuse_candidate_probe_ptx_f16_g16_s00_p04,probe_after,4,2,23,42977.2269409,42977.2284426,42977.2276918,0.00150169800327,11.723474064,7373579425,true,false
softmax_1785110014677_softmax_full_f16io_f32acc_ptx_ex2_approx_f16_r4,softmax_oratc_main_crossplatform_smoke_20260727_cache_reuse_candidate_probe_ptx_f16_g16_s00_p04,probe_after,4,2,24,42977.6561377,42977.6575835,42977.6568606,0.0014457829966,12.1526428745,7373644173,true,false
softmax_1785110026843_softmax_full_f16io_f32acc_ptx_ex2_approx_f16_r5,softmax_oratc_main_crossplatform_smoke_20260727_cache_reuse_candidate_probe_ptx_f16_g16_s00_p05,full_before,5,0,0,42977.6659755,42977.6699145,42977.667945,0.00393896400055,-0.00197822899645,7373657152,false,false
softmax_1785110026843_softmax_full_f16io_f32acc_ptx_ex2_approx_f16_r5,softmax_oratc_main_crossplatform_smoke_20260727_cache_reuse_candidate_probe_ptx_f16_g16_s00_p05,full_before,5,0,1,42978.1971422,42978.1985853,42978.1978637,0.001443147994,0.527940489003,7373739687,true,false
softmax_1785110026843_softmax_full_f16io_f32acc_ptx_ex2_approx_f16_r5,softmax_oratc_main_crossplatform_smoke_20260727_cache_reuse_candidate_probe_ptx_f16_g16_s00_p05,full_before,5,0,2,42978.7257304,42978.7271954,42978.7264629,0.00146496500383,1.0565396845,7373822180,true,false
softmax_1785110026843_softmax_full_f16io_f32acc_ptx_ex2_approx_f16_r5,softmax_oratc_main_crossplatform_smoke_20260727_cache_reuse_candidate_probe_ptx_f16_g16_s00_p05,full_before,5,0,3,42979.2542138,42979.2557375,42979.2549756,0.00152377400082,1.585052405,7373904590,true,true
softmax_1785110026843_softmax_full_f16io_f32acc_ptx_ex2_approx_f16_r5,softmax_oratc_main_crossplatform_smoke_20260727_cache_reuse_candidate_probe_ptx_f16_g16_s00_p05,full_before,5,0,4,42979.7828436,42979.7842899,42979.7835667,0.00144631100557,2.1136434855,7373986939,true,true
softmax_1785110026843_softmax_full_f16io_f32acc_ptx_ex2_approx_f16_r5,softmax_oratc_main_crossplatform_smoke_20260727_cache_reuse_candidate_probe_ptx_f16_g16_s00_p05,full_before,5,0,5,42980.2912897,42980.2930457,42980.2921677,0.00175595499604,2.62224448851,7374052308,true,true
softmax_1785110026843_softmax_full_f16io_f32acc_ptx_ex2_approx_f16_r5,softmax_oratc_main_crossplatform_smoke_20260727_cache_reuse_candidate_probe_ptx_f16_g16_s00_p05,full_before,5,0,6,42980.7965261,42980.7979803,42980.7972532,0.00145421499474,3.12732994551,7374134185,true,true
softmax_1785110026843_softmax_full_f16io_f32acc_ptx_ex2_approx_f16_r5,softmax_oratc_main_crossplatform_smoke_20260727_cache_reuse_candidate_probe_ptx_f16_g16_s00_p05,full_before,5,0,7,42981.3249611,42981.3264145,42981.3256878,0.00145337099821,3.6557645695,7374216114,true,true
softmax_1785110026843_softmax_full_f16io_f32acc_ptx_ex2_approx_f16_r5,softmax_oratc_main_crossplatform_smoke_20260727_cache_reuse_candidate_probe_ptx_f16_g16_s00_p05,full_before,5,0,8,42981.826656,42981.8282873,42981.8274717,0.00163127500127,4.15754842751,7374297451,true,true
softmax_1785110026843_softmax_full_f16io_f32acc_ptx_ex2_approx_f16_r5,softmax_oratc_main_crossplatform_smoke_20260727_cache_reuse_candidate_probe_ptx_f16_g16_s00_p05,full_before,5,0,9,42982.3379245,42982.3394431,42982.3386838,0.00151860999904,4.668760599,7374379251,true,true
softmax_1785110026843_softmax_full_f16io_f32acc_ptx_ex2_approx_f16_r5,softmax_oratc_main_crossplatform_smoke_20260727_cache_reuse_candidate_probe_ptx_f16_g16_s00_p05,full_before,5,0,10,42982.8665771,42982.8680762,42982.8673267,0.00149911199696,5.197403427,7374459933,true,true
softmax_1785110026843_softmax_full_f16io_f32acc_ptx_ex2_approx_f16_r5,softmax_oratc_main_crossplatform_smoke_20260727_cache_reuse_candidate_probe_ptx_f16_g16_s00_p05,full_before,5,0,11,42983.3949876,42983.3964918,42983.3957397,0.0015041709994,5.72581644551,7374540520,true,true
softmax_1785110026843_softmax_full_f16io_f32acc_ptx_ex2_approx_f16_r5,softmax_oratc_main_crossplatform_smoke_20260727_cache_reuse_candidate_probe_ptx_f16_g16_s00_p05,full_before,5,0,12,42983.9236033,42983.9274153,42983.9255093,0.00381196499802,6.2555860325,7374621058,true,true
softmax_1785110026843_softmax_full_f16io_f32acc_ptx_ex2_approx_f16_r5,softmax_oratc_main_crossplatform_smoke_20260727_cache_reuse_candidate_probe_ptx_f16_g16_s00_p05,full_before,5,0,13,42984.4430436,42984.4445458,42984.4437947,0.00150227399718,6.773871454,7374704515,true,true
softmax_1785110026843_softmax_full_f16io_f32acc_ptx_ex2_approx_f16_r5,softmax_oratc_main_crossplatform_smoke_20260727_cache_reuse_candidate_probe_ptx_f16_g16_s00_p05,full_before,5,0,14,42984.9716459,42984.9731091,42984.9723775,0.0014632780003,7.30245426101,7374786199,true,true
softmax_1785110026843_softmax_full_f16io_f32acc_ptx_ex2_approx_f16_r5,softmax_oratc_main_crossplatform_smoke_20260727_cache_reuse_candidate_probe_ptx_f16_g16_s00_p05,full_before,5,0,15,42985.5000341,42985.5014427,42985.5007384,0.00140857999941,7.830815163,7374867563,true,true
softmax_1785110026843_softmax_full_f16io_f32acc_ptx_ex2_approx_f16_r5,softmax_oratc_main_crossplatform_smoke_20260727_cache_reuse_candidate_probe_ptx_f16_g16_s00_p05,full_before,5,0,16,42986.0016002,42986.002975,42986.0022876,0.00137474800431,8.332364363,7374948410,true,true
softmax_1785110026843_softmax_full_f16io_f32acc_ptx_ex2_approx_f16_r5,softmax_oratc_main_crossplatform_smoke_20260727_cache_reuse_candidate_probe_ptx_f16_g16_s00_p05,full_before,5,0,17,42986.523659,42986.5251317,42986.5243954,0.00147276399366,8.854472131,7375029790,true,true
softmax_1785110026843_softmax_full_f16io_f32acc_ptx_ex2_approx_f16_r5,softmax_oratc_main_crossplatform_smoke_20260727_cache_reuse_candidate_probe_ptx_f16_g16_s00_p05,full_before,5,0,18,42987.0522329,42987.0536396,42987.0529363,0.00140668200038,9.383013044,7375111751,true,true
softmax_1785110026843_softmax_full_f16io_f32acc_ptx_ex2_approx_f16_r5,softmax_oratc_main_crossplatform_smoke_20260727_cache_reuse_candidate_probe_ptx_f16_g16_s00_p05,full_before,5,0,19,42987.5547023,42987.5561671,42987.5554347,0.00146476100053,9.8855114685,7375176832,true,true
softmax_1785110026843_softmax_full_f16io_f32acc_ptx_ex2_approx_f16_r5,softmax_oratc_main_crossplatform_smoke_20260727_cache_reuse_candidate_probe_ptx_f16_g16_s00_p05,full_before,5,0,20,42988.0570155,42988.0584879,42988.0577517,0.00147245399421,10.387828459,7375259392,true,true
softmax_1785110026843_softmax_full_f16io_f32acc_ptx_ex2_approx_f16_r5,softmax_oratc_main_crossplatform_smoke_20260727_cache_reuse_candidate_probe_ptx_f16_g16_s00_p05,full_before,5,0,21,42988.560682,42988.5632708,42988.5619764,0.00258880900219,10.8920531485,7375342682,true,true
softmax_1785110026843_softmax_full_f16io_f32acc_ptx_ex2_approx_f16_r5,softmax_oratc_main_crossplatform_smoke_20260727_cache_reuse_candidate_probe_ptx_f16_g16_s00_p05,full_before,5,0,22,42989.0903351,42989.0918879,42989.0911115,0.00155275800353,11.421188255,7375426376,true,false
softmax_1785110026843_softmax_full_f16io_f32acc_ptx_ex2_approx_f16_r5,softmax_oratc_main_crossplatform_smoke_20260727_cache_reuse_candidate_probe_ptx_f16_g16_s00_p05,full_before,5,0,23,42989.6150535,42989.6167723,42989.6159129,0.0017187409976,11.9459896765,7375509555,true,false
softmax_1785110026843_softmax_full_f16io_f32acc_ptx_ex2_approx_f16_r5,softmax_oratc_main_crossplatform_smoke_20260727_cache_reuse_candidate_probe_ptx_f16_g16_s00_p05,full_before,5,0,24,42989.8450962,42989.848647,42989.8468716,0.0035507720022,12.176948379,7375540833,true,false
softmax_1785110037373_softmax_full_f16io_f32acc_ptx_ex2_approx_f16_r5,softmax_oratc_main_crossplatform_smoke_20260727_cache_reuse_candidate_probe_ptx_f16_g16_s00_p05,probe_middle,5,1,0,42989.8570113,42989.8582729,42989.8576421,0.0012615759988,-0.000637427001493,7375540833,false,false
softmax_1785110037373_softmax_full_f16io_f32acc_ptx_ex2_approx_f16_r5,softmax_oratc_main_crossplatform_smoke_20260727_cache_reuse_candidate_probe_ptx_f16_g16_s00_p05,probe_middle,5,1,1,42990.3855652,42990.3870712,42990.3863182,0.00150596700405,0.528038723496,7375621123,true,false
softmax_1785110037373_softmax_full_f16io_f32acc_ptx_ex2_approx_f16_r5,softmax_oratc_main_crossplatform_smoke_20260727_cache_reuse_candidate_probe_ptx_f16_g16_s00_p05,probe_middle,5,1,2,42990.9138594,42990.9152279,42990.9145436,0.00136843799555,1.056264138,7375702307,true,false
softmax_1785110037373_softmax_full_f16io_f32acc_ptx_ex2_approx_f16_r5,softmax_oratc_main_crossplatform_smoke_20260727_cache_reuse_candidate_probe_ptx_f16_g16_s00_p05,probe_middle,5,1,3,42991.4423279,42991.4437784,42991.4430532,0.00145053300366,1.5847736735,7375783110,true,true
softmax_1785110037373_softmax_full_f16io_f32acc_ptx_ex2_approx_f16_r5,softmax_oratc_main_crossplatform_smoke_20260727_cache_reuse_candidate_probe_ptx_f16_g16_s00_p05,probe_middle,5,1,4,42991.9706001,42991.9722593,42991.9714297,0.00165919800202,2.113150159,7375863813,true,true
softmax_1785110037373_softmax_full_f16io_f32acc_ptx_ex2_approx_f16_r5,softmax_oratc_main_crossplatform_smoke_20260727_cache_reuse_candidate_probe_ptx_f16_g16_s00_p05,probe_middle,5,1,5,42992.48902,42992.4904131,42992.4897165,0.00139309799852,2.63143703601,7375944438,true,true
softmax_1785110037373_softmax_full_f16io_f32acc_ptx_ex2_approx_f16_r5,softmax_oratc_main_crossplatform_smoke_20260727_cache_reuse_candidate_probe_ptx_f16_g16_s00_p05,probe_middle,5,1,6,42993.0173855,42993.0188628,42993.0181242,0.00147730199387,3.159844663,7376026716,true,true
softmax_1785110037373_softmax_full_f16io_f32acc_ptx_ex2_approx_f16_r5,softmax_oratc_main_crossplatform_smoke_20260727_cache_reuse_candidate_probe_ptx_f16_g16_s00_p05,probe_middle,5,1,7,42993.5459622,42993.5473826,42993.5466724,0.00142039299681,3.68839292751,7376108792,true,true
softmax_1785110037373_softmax_full_f16io_f32acc_ptx_ex2_approx_f16_r5,softmax_oratc_main_crossplatform_smoke_20260727_cache_reuse_candidate_probe_ptx_f16_g16_s00_p05,probe_middle,5,1,8,42994.0744122,42994.0758782,42994.0751452,0.00146602599852,4.216865683,7376190482,true,true
softmax_1785110037373_softmax_full_f16io_f32acc_ptx_ex2_approx_f16_r5,softmax_oratc_main_crossplatform_smoke_20260727_cache_reuse_candidate_probe_ptx_f16_g16_s00_p05,probe_middle,5,1,9,42994.6029513,42994.6043965,42994.6036739,0.00144526499935,4.7453943985,7376271729,true,true
softmax_1785110037373_softmax_full_f16io_f32acc_ptx_ex2_approx_f16_r5,softmax_oratc_main_crossplatform_smoke_20260727_cache_reuse_candidate_probe_ptx_f16_g16_s00_p05,probe_middle,5,1,10,42995.1312543,42995.1327148,42995.1319846,0.00146054499783,5.2737050705,7376352555,true,true
softmax_1785110037373_softmax_full_f16io_f32acc_ptx_ex2_approx_f16_r5,softmax_oratc_main_crossplatform_smoke_20260727_cache_reuse_candidate_probe_ptx_f16_g16_s00_p05,probe_middle,5,1,11,42995.6598163,42995.6639217,42995.661869,0.00410541900055,5.8035894725,7376432912,true,true
softmax_1785110037373_softmax_full_f16io_f32acc_ptx_ex2_approx_f16_r5,softmax_oratc_main_crossplatform_smoke_20260727_cache_reuse_candidate_probe_ptx_f16_g16_s00_p05,probe_middle,5,1,12,42996.1804826,42996.181871,42996.1811768,0.00138834999962,6.32289728,7376516029,true,true
softmax_1785110037373_softmax_full_f16io_f32acc_ptx_ex2_approx_f16_r5,softmax_oratc_main_crossplatform_smoke_20260727_cache_reuse_candidate_probe_ptx_f16_g16_s00_p05,probe_middle,5,1,13,42996.6870135,42996.6885128,42996.6877631,0.00149932999921,6.829483651,7376597374,true,true
softmax_1785110037373_softmax_full_f16io_f32acc_ptx_ex2_approx_f16_r5,softmax_oratc_main_crossplatform_smoke_20260727_cache_reuse_candidate_probe_ptx_f16_g16_s00_p05,probe_middle,5,1,14,42997.2156586,42997.2171341,42997.2163963,0.00147551099508,7.3581168415,7376678699,true,true
softmax_1785110037373_softmax_full_f16io_f32acc_ptx_ex2_approx_f16_r5,softmax_oratc_main_crossplatform_smoke_20260727_cache_reuse_candidate_probe_ptx_f16_g16_s00_p05,probe_middle,5,1,15,42997.7440683,42997.7458005,42997.7449344,0.00173214400274,7.886654915,7376759888,true,true
softmax_1785110037373_softmax_full_f16io_f32acc_ptx_ex2_approx_f16_r5,softmax_oratc_main_crossplatform_smoke_20260727_cache_reuse_candidate_probe_ptx_f16_g16_s00_p05,probe_middle,5,1,16,42998.2729068,42998.2771025,42998.2750046,0.00419561500166,8.41672514851,7376840793,true,true
softmax_1785110037373_softmax_full_f16io_f32acc_ptx_ex2_approx_f16_r5,softmax_oratc_main_crossplatform_smoke_20260727_cache_reuse_candidate_probe_ptx_f16_g16_s00_p05,probe_middle,5,1,17,42998.8040407,42998.8054568,42998.8047487,0.00141606900434,8.9464692405,7376924233,true,true
softmax_1785110037373_softmax_full_f16io_f32acc_ptx_ex2_approx_f16_r5,softmax_oratc_main_crossplatform_smoke_20260727_cache_reuse_candidate_probe_ptx_f16_g16_s00_p05,probe_middle,5,1,18,42999.3325685,42999.3340336,42999.333301,0.00146507700265,9.4750215425,7377007336,true,true
softmax_1785110037373_softmax_full_f16io_f32acc_ptx_ex2_approx_f16_r5,softmax_oratc_main_crossplatform_smoke_20260727_cache_reuse_candidate_probe_ptx_f16_g16_s00_p05,probe_middle,5,1,19,42999.8610219,42999.8624381,42999.86173,0.00141617500049,10.0034504805,7377089834,true,true
softmax_1785110037373_softmax_full_f16io_f32acc_ptx_ex2_approx_f16_r5,softmax_oratc_main_crossplatform_smoke_20260727_cache_reuse_candidate_probe_ptx_f16_g16_s00_p05,probe_middle,5,1,20,43000.372994,43000.3746054,43000.3737997,0.00161136300449,10.5155202185,7377172122,true,true
softmax_1785110037373_softmax_full_f16io_f32acc_ptx_ex2_approx_f16_r5,softmax_oratc_main_crossplatform_smoke_20260727_cache_reuse_candidate_probe_ptx_f16_g16_s00_p05,probe_middle,5,1,21,43000.9016224,43000.9030782,43000.9023503,0.00145580199751,11.044070781,7377253617,true,true
softmax_1785110037373_softmax_full_f16io_f32acc_ptx_ex2_approx_f16_r5,softmax_oratc_main_crossplatform_smoke_20260727_cache_reuse_candidate_probe_ptx_f16_g16_s00_p05,probe_middle,5,1,22,43001.4290547,43001.4305688,43001.4298118,0.00151408499369,11.5715322575,7377335084,true,false
softmax_1785110037373_softmax_full_f16io_f32acc_ptx_ex2_approx_f16_r5,softmax_oratc_main_crossplatform_smoke_20260727_cache_reuse_candidate_probe_ptx_f16_g16_s00_p05,probe_middle,5,1,23,43001.9575787,43001.9590437,43001.9583112,0.00146497099922,12.1000317045,7377415324,true,false
softmax_1785110037373_softmax_full_f16io_f32acc_ptx_ex2_approx_f16_r5,softmax_oratc_main_crossplatform_smoke_20260727_cache_reuse_candidate_probe_ptx_f16_g16_s00_p05,probe_middle,5,1,24,43002.0074677,43002.008984,43002.0082259,0.0015162980053,12.149946394,7377427816,true,false
softmax_1785110049533_softmax_full_f16io_f32acc_ptx_ex2_approx_f16_r5,softmax_oratc_main_crossplatform_smoke_20260727_cache_reuse_candidate_probe_ptx_f16_g16_s00_p05,full_after,5,2,0,43002.0169864,43002.0182376,43002.017612,0.00125123400358,-0.000636051001493,7377427816,false,false
softmax_1785110049533_softmax_full_f16io_f32acc_ptx_ex2_approx_f16_r5,softmax_oratc_main_crossplatform_smoke_20260727_cache_reuse_candidate_probe_ptx_f16_g16_s00_p05,full_after,5,2,1,43002.5455824,43002.5470844,43002.5463334,0.00150207000115,0.528085353995,7377509422,true,false
softmax_1785110049533_softmax_full_f16io_f32acc_ptx_ex2_approx_f16_r5,softmax_oratc_main_crossplatform_smoke_20260727_cache_reuse_candidate_probe_ptx_f16_g16_s00_p05,full_after,5,2,2,43003.0739116,43003.075368,43003.0746398,0.00145643500582,1.0563917725,7377590866,true,false
softmax_1785110049533_softmax_full_f16io_f32acc_ptx_ex2_approx_f16_r5,softmax_oratc_main_crossplatform_smoke_20260727_cache_reuse_candidate_probe_ptx_f16_g16_s00_p05,full_after,5,2,3,43003.602523,43003.6038881,43003.6032055,0.00136516299972,1.5849575115,7377671880,true,true
softmax_1785110049533_softmax_full_f16io_f32acc_ptx_ex2_approx_f16_r5,softmax_oratc_main_crossplatform_smoke_20260727_cache_reuse_candidate_probe_ptx_f16_g16_s00_p05,full_after,5,2,4,43004.1307529,43004.134986,43004.1328694,0.00423311600025,2.114621398,7377752552,true,true
softmax_1785110049533_softmax_full_f16io_f32acc_ptx_ex2_approx_f16_r5,softmax_oratc_main_crossplatform_smoke_20260727_cache_reuse_candidate_probe_ptx_f16_g16_s00_p05,full_after,5,2,5,43004.6610361,43004.6625215,43004.6617788,0.00148544799595,2.643530762,7377835857,true,true
softmax_1785110049533_softmax_full_f16io_f32acc_ptx_ex2_approx_f16_r5,softmax_oratc_main_crossplatform_smoke_20260727_cache_reuse_candidate_probe_ptx_f16_g16_s00_p05,full_after,5,2,6,43005.1895447,43005.1910391,43005.1902919,0.00149440699897,3.1720438895,7377919206,true,true
softmax_1785110049533_softmax_full_f16io_f32acc_ptx_ex2_approx_f16_r5,softmax_oratc_main_crossplatform_smoke_20260727_cache_reuse_candidate_probe_ptx_f16_g16_s00_p05,full_after,5,2,7,43005.7182017,43005.7197319,43005.7189668,0.00153024099563,3.7007187475,7378002427,true,true
softmax_1785110049533_softmax_full_f16io_f32acc_ptx_ex2_approx_f16_r5,softmax_oratc_main_crossplatform_smoke_20260727_cache_reuse_candidate_probe_ptx_f16_g16_s00_p05,full_after,5,2,8,43006.2466037,43006.248232,43006.2474178,0.00162836499658,4.22916979749,7378085533,true,true
softmax_1785110049533_softmax_full_f16io_f32acc_ptx_ex2_approx_f16_r5,softmax_oratc_main_crossplatform_smoke_20260727_cache_reuse_candidate_probe_ptx_f16_g16_s00_p05,full_after,5,2,9,43006.7753685,43006.7768904,43006.7761295,0.00152191499365,4.7578814385,7378168393,true,true
softmax_1785110049533_softmax_full_f16io_f32acc_ptx_ex2_approx_f16_r5,softmax_oratc_main_crossplatform_smoke_20260727_cache_reuse_candidate_probe_ptx_f16_g16_s00_p05,full_after,5,2,10,43007.3038233,43007.3052767,43007.30455,0.00145340699964,5.2863019765,7378250806,true,true
softmax_1785110049533_softmax_full_f16io_f32acc_ptx_ex2_approx_f16_r5,softmax_oratc_main_crossplatform_smoke_20260727_cache_reuse_candidate_probe_ptx_f16_g16_s00_p05,full_after,5,2,11,43007.8323926,43007.8338353,43007.8331139,0.00144276300125,5.81486590549,7378332848,true,true
softmax_1785110049533_softmax_full_f16io_f32acc_ptx_ex2_approx_f16_r5,softmax_oratc_main_crossplatform_smoke_20260727_cache_reuse_candidate_probe_ptx_f16_g16_s00_p05,full_after,5,2,12,43008.3427553,43008.3442081,43008.3434817,0.00145277500269,6.3252336765,7378414317,true,true
softmax_1785110049533_softmax_full_f16io_f32acc_ptx_ex2_approx_f16_r5,softmax_oratc_main_crossplatform_smoke_20260727_cache_reuse_candidate_probe_ptx_f16_g16_s00_p05,full_after,5,2,13,43008.8713277,43008.8763057,43008.8738167,0.00497794799594,6.855568676,7378495032,true,true
softmax_1785110049533_softmax_full_f16io_f32acc_ptx_ex2_approx_f16_r5,softmax_oratc_main_crossplatform_smoke_20260727_cache_reuse_candidate_probe_ptx_f16_g16_s00_p05,full_after,5,2,14,43009.4034663,43009.4049096,43009.404188,0.00144328900205,7.3859399315,7378578446,true,true
softmax_1785110049533_softmax_full_f16io_f32acc_ptx_ex2_approx_f16_r5,softmax_oratc_main_crossplatform_smoke_20260727_cache_reuse_candidate_probe_ptx_f16_g16_s00_p05,full_after,5,2,15,43009.9320413,43009.9336333,43009.9328373,0.0015920040023,7.914589231,7378661693,true,true
softmax_1785110049533_softmax_full_f16io_f32acc_ptx_ex2_approx_f16_r5,softmax_oratc_main_crossplatform_smoke_20260727_cache_reuse_candidate_probe_ptx_f16_g16_s00_p05,full_after,5,2,16,43010.4606055,43010.4620868,43010.4613461,0.00148133699986,8.44309809049,7378744830,true,true
softmax_1785110049533_softmax_full_f16io_f32acc_ptx_ex2_approx_f16_r5,softmax_oratc_main_crossplatform_smoke_20260727_cache_reuse_candidate_probe_ptx_f16_g16_s00_p05,full_after,5,2,17,43010.973348,43010.9747451,43010.9740465,0.00139712599776,8.955798481,7378827836,true,true
softmax_1785110049533_softmax_full_f16io_f32acc_ptx_ex2_approx_f16_r5,softmax_oratc_main_crossplatform_smoke_20260727_cache_reuse_candidate_probe_ptx_f16_g16_s00_p05,full_after,5,2,18,43011.5017508,43011.503179,43011.5024649,0.00142821799818,9.484216858,7378909582,true,true
softmax_1785110049533_softmax_full_f16io_f32acc_ptx_ex2_approx_f16_r5,softmax_oratc_main_crossplatform_smoke_20260727_cache_reuse_candidate_probe_ptx_f16_g16_s00_p05,full_after,5,2,19,43012.0303318,43012.0318765,43012.0311042,0.00154468000255,10.012856145,7378991016,true,true
softmax_1785110049533_softmax_full_f16io_f32acc_ptx_ex2_approx_f16_r5,softmax_oratc_main_crossplatform_smoke_20260727_cache_reuse_candidate_probe_ptx_f16_g16_s00_p05,full_after,5,2,20,43012.5520408,43012.5535227,43012.5527817,0.00148194700159,10.5345336885,7379071881,true,true
softmax_1785110049533_softmax_full_f16io_f32acc_ptx_ex2_approx_f16_r5,softmax_oratc_main_crossplatform_smoke_20260727_cache_reuse_candidate_probe_ptx_f16_g16_s00_p05,full_after,5,2,21,43013.0543762,43013.055807,43013.0550916,0.00143083400326,11.036843553,7379136598,true,true
softmax_1785110049533_softmax_full_f16io_f32acc_ptx_ex2_approx_f16_r5,softmax_oratc_main_crossplatform_smoke_20260727_cache_reuse_candidate_probe_ptx_f16_g16_s00_p05,full_after,5,2,22,43013.5829044,43013.5843706,43013.5836375,0.00146624499757,11.5653894745,7379218823,true,false
softmax_1785110049533_softmax_full_f16io_f32acc_ptx_ex2_approx_f16_r5,softmax_oratc_main_crossplatform_smoke_20260727_cache_reuse_candidate_probe_ptx_f16_g16_s00_p05,full_after,5,2,23,43014.1114706,43014.11338,43014.1124253,0.00190939500317,12.0941773105,7379300589,true,false
softmax_1785110049533_softmax_full_f16io_f32acc_ptx_ex2_approx_f16_r5,softmax_oratc_main_crossplatform_smoke_20260727_cache_reuse_candidate_probe_ptx_f16_g16_s00_p05,full_after,5,2,24,43014.2052965,43014.2080319,43014.2066642,0.00273541599745,12.18841615,7379314014,true,false
