protocol_revision,matrix_tag,order_algorithm,order_seed,order_index,macroblock_index,macroblock_id,within_macroblock_index,implementation_permutation,cell_id,cell_tag,exp_impl,exp_impl_canonical,grid_blocks,cta_grid_blocks,softmax_cols,target_profile,control_mode,blocks_per_sm,logit_scale,cache_condition,cache_policy,role_target_seconds,idle_measure_seconds,pairs,bracket_warmup_pairs,bracket_order,bracket_idle_policy,energy_trace_sample_ms,energy_trace_min_fit_points,preheat_requested_seconds,preheat_actual_min_seconds,preheat_actual_max_seconds,binary,binary_sha256,cell_runner,cell_runner_sha256,cell_analyzer,cell_analyzer_sha256,analyzer_helper,analyzer_helper_sha256,orchestrator,orchestrator_sha256,raw_csv,manifest_csv,trace_csv,preheat_csv,triplets_csv,matched_csv,summary_csv,analysis_report_md,log_path,runner_command_sha256,runner_command,analyzer_command_sha256,analyzer_command
rtx3090_softmax_ex2_factorial_matrix_v1,matrix60_p20_repro_v1_20260724,sha256_ranked_macroblocks_stratified_balanced_impl_permutations_v2,20260723,1,1,mb01_g64_s512,1,fp32>ptx_f16>ptx_f16x2,c001_mb01_fp32_g64_s512,matrix60_p20_repro_v1_20260724_mb01_o001_fp32_g64_s512,fp32,fp32_fast___expf,64,64,512,rtx3090,probe,2,4.0,cache_reuse_candidate,default,13.0,1.0,6,1,counterbalanced6,batch_once,500.0,16,20.0,16.0,30.0,build-softmax/a100_fp16_softmax_energy,eeda8c0a1df3628d04c5bf15a486ba3dd0fc43935fbc51a18505a1dffb409b66,scripts/run_softmax_operand_rate_atc.py,a64b58006b3abf237c7d0da5f3109a5422ee2891ae0748d33453a3148a64c23a,scripts/analyze_softmax_probe_counterbalanced.py,3c3695c92b215666065f2706ecdec7dd63a803bf024376ef3bf111665ec5faf5,scripts/analyze_softmax_operand_rate_atc.py,1222055375cff076ef165f71d3f738492be9e92d82f0289a94f368be82fecbdb,scripts/run_softmax_ex2_factorial_matrix.py,a985e33c279938f578cb2358ea6e4374216d58e226d7c6c809ec0741d6cb48ab,results/raw/rtx3090_fp16_softmax_operand_rate_atc_matrix60_p20_repro_v1_20260724_mb01_o001_fp32_g64_s512_raw.csv,results/raw/rtx3090_fp16_softmax_operand_rate_atc_matrix60_p20_repro_v1_20260724_mb01_o001_fp32_g64_s512_manifest.csv,results/raw/rtx3090_fp16_softmax_operand_rate_atc_matrix60_p20_repro_v1_20260724_mb01_o001_fp32_g64_s512_raw_energy_trace.csv,results/raw/rtx3090_fp16_softmax_operand_rate_atc_matrix60_p20_repro_v1_20260724_mb01_o001_fp32_g64_s512_cache_reuse_candidate_g64_preheat.csv,results/summary/rtx3090_softmax_ex2_matrix_matrix60_p20_repro_v1_20260724_c001_mb01_fp32_g64_s512_triplets.csv,results/summary/rtx3090_softmax_ex2_matrix_matrix60_p20_repro_v1_20260724_c001_mb01_fp32_g64_s512_matched.csv,results/summary/rtx3090_softmax_ex2_matrix_matrix60_p20_repro_v1_20260724_c001_mb01_fp32_g64_s512_summary.csv,docs/results/rtx3090_softmax_ex2_matrix_matrix60_p20_repro_v1_20260724_c001_mb01_fp32_g64_s512_ko.md,results/logs/rtx3090_softmax_ex2_matrix_matrix60_p20_repro_v1_20260724_c001_mb01_fp32_g64_s512.log,f7e78c30362458864aaede4828f34764c98231f06f0b404372afe1fb303c75e4,python3 scripts/run_softmax_operand_rate_atc.py --binary build-softmax/a100_fp16_softmax_energy --gpu-id 0 --target-profile rtx3090 --exp-impl fp32 --softmax-cols 512 --blocks-per-sm 2 --grid-blocks-list 64 --control-mode probe --logit-scale 4.0 --seconds 13.0 --idle-measure-seconds 1.0 --pairs 6 --bracket-warmup-pairs 1 --execution-mode persistent_bracket --bracket-idle-policy batch_once --bracket-order counterbalanced6 --preheat-seconds 20.0 --preheat-actual-min-seconds 16.0 --preheat-actual-max-seconds 30.0 --conditions cache_reuse_candidate --cache-policy default --energy-trace 1 --energy-trace-sample-ms 500.0 --energy-trace-min-updates 16 --tag matrix60_p20_repro_v1_20260724_mb01_o001_fp32_g64_s512 --out-dir results/raw --max-gpu-util-pct 10.0 --max-memory-util-pct 15.0 --quiescence-timeout-s 60.0 --quiescence-poll-s 1.0 --quiescence-consecutive-samples 2,29a3ffe5c13cb0260096467d83f4a74635decc9964cda20b7fcd0668af361b75,python3 scripts/analyze_softmax_probe_counterbalanced.py --input results/raw/rtx3090_fp16_softmax_operand_rate_atc_matrix60_p20_repro_v1_20260724_mb01_o001_fp32_g64_s512_raw.csv --energy-trace-input results/raw/rtx3090_fp16_softmax_operand_rate_atc_matrix60_p20_repro_v1_20260724_mb01_o001_fp32_g64_s512_raw_energy_trace.csv --manifest results/raw/rtx3090_fp16_softmax_operand_rate_atc_matrix60_p20_repro_v1_20260724_mb01_o001_fp32_g64_s512_manifest.csv --exp-impl fp32 --grid-blocks 64 --triplet-out results/summary/rtx3090_softmax_ex2_matrix_matrix60_p20_repro_v1_20260724_c001_mb01_fp32_g64_s512_triplets.csv --matched-out results/summary/rtx3090_softmax_ex2_matrix_matrix60_p20_repro_v1_20260724_c001_mb01_fp32_g64_s512_matched.csv --summary-out results/summary/rtx3090_softmax_ex2_matrix_matrix60_p20_repro_v1_20260724_c001_mb01_fp32_g64_s512_summary.csv --report-out docs/results/rtx3090_softmax_ex2_matrix_matrix60_p20_repro_v1_20260724_c001_mb01_fp32_g64_s512_ko.md --decision-stage pilot --energy-trace-min-fit-points 16 --bootstrap-samples 4000 --seed 20261732
rtx3090_softmax_ex2_factorial_matrix_v1,matrix60_p20_repro_v1_20260724,sha256_ranked_macroblocks_stratified_balanced_impl_permutations_v2,20260723,2,1,mb01_g64_s512,2,fp32>ptx_f16>ptx_f16x2,c002_mb01_ptx_f16_g64_s512,matrix60_p20_repro_v1_20260724_mb01_o002_ptx_f16_g64_s512,ptx_f16,ptx_ex2_approx_f16,64,64,512,rtx3090,probe,2,4.0,cache_reuse_candidate,default,13.0,1.0,6,1,counterbalanced6,batch_once,500.0,16,20.0,16.0,30.0,build-softmax/a100_fp16_softmax_energy,eeda8c0a1df3628d04c5bf15a486ba3dd0fc43935fbc51a18505a1dffb409b66,scripts/run_softmax_operand_rate_atc.py,a64b58006b3abf237c7d0da5f3109a5422ee2891ae0748d33453a3148a64c23a,scripts/analyze_softmax_probe_counterbalanced.py,3c3695c92b215666065f2706ecdec7dd63a803bf024376ef3bf111665ec5faf5,scripts/analyze_softmax_operand_rate_atc.py,1222055375cff076ef165f71d3f738492be9e92d82f0289a94f368be82fecbdb,scripts/run_softmax_ex2_factorial_matrix.py,a985e33c279938f578cb2358ea6e4374216d58e226d7c6c809ec0741d6cb48ab,results/raw/rtx3090_fp16_softmax_operand_rate_atc_matrix60_p20_repro_v1_20260724_mb01_o002_ptx_f16_g64_s512_ptx_f16_raw.csv,results/raw/rtx3090_fp16_softmax_operand_rate_atc_matrix60_p20_repro_v1_20260724_mb01_o002_ptx_f16_g64_s512_ptx_f16_manifest.csv,results/raw/rtx3090_fp16_softmax_operand_rate_atc_matrix60_p20_repro_v1_20260724_mb01_o002_ptx_f16_g64_s512_ptx_f16_raw_energy_trace.csv,results/raw/rtx3090_fp16_softmax_operand_rate_atc_matrix60_p20_repro_v1_20260724_mb01_o002_ptx_f16_g64_s512_ptx_f16_cache_reuse_candidate_g64_preheat.csv,results/summary/rtx3090_softmax_ex2_matrix_matrix60_p20_repro_v1_20260724_c002_mb01_ptx_f16_g64_s512_triplets.csv,results/summary/rtx3090_softmax_ex2_matrix_matrix60_p20_repro_v1_20260724_c002_mb01_ptx_f16_g64_s512_matched.csv,results/summary/rtx3090_softmax_ex2_matrix_matrix60_p20_repro_v1_20260724_c002_mb01_ptx_f16_g64_s512_summary.csv,docs/results/rtx3090_softmax_ex2_matrix_matrix60_p20_repro_v1_20260724_c002_mb01_ptx_f16_g64_s512_ko.md,results/logs/rtx3090_softmax_ex2_matrix_matrix60_p20_repro_v1_20260724_c002_mb01_ptx_f16_g64_s512.log,ea7feaaa960d226dccfb9b925139d84f51d58a5b79fd38d341b200e8c52bb04e,python3 scripts/run_softmax_operand_rate_atc.py --binary build-softmax/a100_fp16_softmax_energy --gpu-id 0 --target-profile rtx3090 --exp-impl ptx_f16 --softmax-cols 512 --blocks-per-sm 2 --grid-blocks-list 64 --control-mode probe --logit-scale 4.0 --seconds 13.0 --idle-measure-seconds 1.0 --pairs 6 --bracket-warmup-pairs 1 --execution-mode persistent_bracket --bracket-idle-policy batch_once --bracket-order counterbalanced6 --preheat-seconds 20.0 --preheat-actual-min-seconds 16.0 --preheat-actual-max-seconds 30.0 --conditions cache_reuse_candidate --cache-policy default --energy-trace 1 --energy-trace-sample-ms 500.0 --energy-trace-min-updates 16 --tag matrix60_p20_repro_v1_20260724_mb01_o002_ptx_f16_g64_s512 --out-dir results/raw --max-gpu-util-pct 10.0 --max-memory-util-pct 15.0 --quiescence-timeout-s 60.0 --quiescence-poll-s 1.0 --quiescence-consecutive-samples 2,8931da44946f5d4fa95fe4fda02bfa219b4e4788313654466cc0fcfa58e4d063,python3 scripts/analyze_softmax_probe_counterbalanced.py --input results/raw/rtx3090_fp16_softmax_operand_rate_atc_matrix60_p20_repro_v1_20260724_mb01_o002_ptx_f16_g64_s512_ptx_f16_raw.csv --energy-trace-input results/raw/rtx3090_fp16_softmax_operand_rate_atc_matrix60_p20_repro_v1_20260724_mb01_o002_ptx_f16_g64_s512_ptx_f16_raw_energy_trace.csv --manifest results/raw/rtx3090_fp16_softmax_operand_rate_atc_matrix60_p20_repro_v1_20260724_mb01_o002_ptx_f16_g64_s512_ptx_f16_manifest.csv --exp-impl ptx_f16 --grid-blocks 64 --triplet-out results/summary/rtx3090_softmax_ex2_matrix_matrix60_p20_repro_v1_20260724_c002_mb01_ptx_f16_g64_s512_triplets.csv --matched-out results/summary/rtx3090_softmax_ex2_matrix_matrix60_p20_repro_v1_20260724_c002_mb01_ptx_f16_g64_s512_matched.csv --summary-out results/summary/rtx3090_softmax_ex2_matrix_matrix60_p20_repro_v1_20260724_c002_mb01_ptx_f16_g64_s512_summary.csv --report-out docs/results/rtx3090_softmax_ex2_matrix_matrix60_p20_repro_v1_20260724_c002_mb01_ptx_f16_g64_s512_ko.md --decision-stage pilot --energy-trace-min-fit-points 16 --bootstrap-samples 4000 --seed 20262741
rtx3090_softmax_ex2_factorial_matrix_v1,matrix60_p20_repro_v1_20260724,sha256_ranked_macroblocks_stratified_balanced_impl_permutations_v2,20260723,3,1,mb01_g64_s512,3,fp32>ptx_f16>ptx_f16x2,c003_mb01_ptx_f16x2_g64_s512,matrix60_p20_repro_v1_20260724_mb01_o003_ptx_f16x2_g64_s512,ptx_f16x2,ptx_ex2_approx_f16x2,64,64,512,rtx3090,probe,2,4.0,cache_reuse_candidate,default,13.0,1.0,6,1,counterbalanced6,batch_once,500.0,16,20.0,16.0,30.0,build-softmax/a100_fp16_softmax_energy,eeda8c0a1df3628d04c5bf15a486ba3dd0fc43935fbc51a18505a1dffb409b66,scripts/run_softmax_operand_rate_atc.py,a64b58006b3abf237c7d0da5f3109a5422ee2891ae0748d33453a3148a64c23a,scripts/analyze_softmax_probe_counterbalanced.py,3c3695c92b215666065f2706ecdec7dd63a803bf024376ef3bf111665ec5faf5,scripts/analyze_softmax_operand_rate_atc.py,1222055375cff076ef165f71d3f738492be9e92d82f0289a94f368be82fecbdb,scripts/run_softmax_ex2_factorial_matrix.py,a985e33c279938f578cb2358ea6e4374216d58e226d7c6c809ec0741d6cb48ab,results/raw/rtx3090_fp16_softmax_operand_rate_atc_matrix60_p20_repro_v1_20260724_mb01_o003_ptx_f16x2_g64_s512_ptx_f16x2_raw.csv,results/raw/rtx3090_fp16_softmax_operand_rate_atc_matrix60_p20_repro_v1_20260724_mb01_o003_ptx_f16x2_g64_s512_ptx_f16x2_manifest.csv,results/raw/rtx3090_fp16_softmax_operand_rate_atc_matrix60_p20_repro_v1_20260724_mb01_o003_ptx_f16x2_g64_s512_ptx_f16x2_raw_energy_trace.csv,results/raw/rtx3090_fp16_softmax_operand_rate_atc_matrix60_p20_repro_v1_20260724_mb01_o003_ptx_f16x2_g64_s512_ptx_f16x2_cache_reuse_candidate_g64_preheat.csv,results/summary/rtx3090_softmax_ex2_matrix_matrix60_p20_repro_v1_20260724_c003_mb01_ptx_f16x2_g64_s512_triplets.csv,results/summary/rtx3090_softmax_ex2_matrix_matrix60_p20_repro_v1_20260724_c003_mb01_ptx_f16x2_g64_s512_matched.csv,results/summary/rtx3090_softmax_ex2_matrix_matrix60_p20_repro_v1_20260724_c003_mb01_ptx_f16x2_g64_s512_summary.csv,docs/results/rtx3090_softmax_ex2_matrix_matrix60_p20_repro_v1_20260724_c003_mb01_ptx_f16x2_g64_s512_ko.md,results/logs/rtx3090_softmax_ex2_matrix_matrix60_p20_repro_v1_20260724_c003_mb01_ptx_f16x2_g64_s512.log,34a3d66b7badd433ddefd75125b5ee03f9ec2ea2bd78cf97e45c44311f6530eb,python3 scripts/run_softmax_operand_rate_atc.py --binary build-softmax/a100_fp16_softmax_energy --gpu-id 0 --target-profile rtx3090 --exp-impl ptx_f16x2 --softmax-cols 512 --blocks-per-sm 2 --grid-blocks-list 64 --control-mode probe --logit-scale 4.0 --seconds 13.0 --idle-measure-seconds 1.0 --pairs 6 --bracket-warmup-pairs 1 --execution-mode persistent_bracket --bracket-idle-policy batch_once --bracket-order counterbalanced6 --preheat-seconds 20.0 --preheat-actual-min-seconds 16.0 --preheat-actual-max-seconds 30.0 --conditions cache_reuse_candidate --cache-policy default --energy-trace 1 --energy-trace-sample-ms 500.0 --energy-trace-min-updates 16 --tag matrix60_p20_repro_v1_20260724_mb01_o003_ptx_f16x2_g64_s512 --out-dir results/raw --max-gpu-util-pct 10.0 --max-memory-util-pct 15.0 --quiescence-timeout-s 60.0 --quiescence-poll-s 1.0 --quiescence-consecutive-samples 2,440e90743fcfd64c5a3042b3171ff66f33654e3de2fc4b16bb574cea318c101c,python3 scripts/analyze_softmax_probe_counterbalanced.py --input results/raw/rtx3090_fp16_softmax_operand_rate_atc_matrix60_p20_repro_v1_20260724_mb01_o003_ptx_f16x2_g64_s512_ptx_f16x2_raw.csv --energy-trace-input results/raw/rtx3090_fp16_softmax_operand_rate_atc_matrix60_p20_repro_v1_20260724_mb01_o003_ptx_f16x2_g64_s512_ptx_f16x2_raw_energy_trace.csv --manifest results/raw/rtx3090_fp16_softmax_operand_rate_atc_matrix60_p20_repro_v1_20260724_mb01_o003_ptx_f16x2_g64_s512_ptx_f16x2_manifest.csv --exp-impl ptx_f16x2 --grid-blocks 64 --triplet-out results/summary/rtx3090_softmax_ex2_matrix_matrix60_p20_repro_v1_20260724_c003_mb01_ptx_f16x2_g64_s512_triplets.csv --matched-out results/summary/rtx3090_softmax_ex2_matrix_matrix60_p20_repro_v1_20260724_c003_mb01_ptx_f16x2_g64_s512_matched.csv --summary-out results/summary/rtx3090_softmax_ex2_matrix_matrix60_p20_repro_v1_20260724_c003_mb01_ptx_f16x2_g64_s512_summary.csv --report-out docs/results/rtx3090_softmax_ex2_matrix_matrix60_p20_repro_v1_20260724_c003_mb01_ptx_f16x2_g64_s512_ko.md --decision-stage pilot --energy-trace-min-fit-points 16 --bootstrap-samples 4000 --seed 20263750
rtx3090_softmax_ex2_factorial_matrix_v1,matrix60_p20_repro_v1_20260724,sha256_ranked_macroblocks_stratified_balanced_impl_permutations_v2,20260723,4,2,mb02_g32_s512,1,ptx_f16>fp32>ptx_f16x2,c004_mb02_ptx_f16_g32_s512,matrix60_p20_repro_v1_20260724_mb02_o004_ptx_f16_g32_s512,ptx_f16,ptx_ex2_approx_f16,32,32,512,rtx3090,probe,2,4.0,cache_reuse_candidate,default,13.0,1.0,6,1,counterbalanced6,batch_once,500.0,16,20.0,16.0,30.0,build-softmax/a100_fp16_softmax_energy,eeda8c0a1df3628d04c5bf15a486ba3dd0fc43935fbc51a18505a1dffb409b66,scripts/run_softmax_operand_rate_atc.py,a64b58006b3abf237c7d0da5f3109a5422ee2891ae0748d33453a3148a64c23a,scripts/analyze_softmax_probe_counterbalanced.py,3c3695c92b215666065f2706ecdec7dd63a803bf024376ef3bf111665ec5faf5,scripts/analyze_softmax_operand_rate_atc.py,1222055375cff076ef165f71d3f738492be9e92d82f0289a94f368be82fecbdb,scripts/run_softmax_ex2_factorial_matrix.py,a985e33c279938f578cb2358ea6e4374216d58e226d7c6c809ec0741d6cb48ab,results/raw/rtx3090_fp16_softmax_operand_rate_atc_matrix60_p20_repro_v1_20260724_mb02_o004_ptx_f16_g32_s512_ptx_f16_raw.csv,results/raw/rtx3090_fp16_softmax_operand_rate_atc_matrix60_p20_repro_v1_20260724_mb02_o004_ptx_f16_g32_s512_ptx_f16_manifest.csv,results/raw/rtx3090_fp16_softmax_operand_rate_atc_matrix60_p20_repro_v1_20260724_mb02_o004_ptx_f16_g32_s512_ptx_f16_raw_energy_trace.csv,results/raw/rtx3090_fp16_softmax_operand_rate_atc_matrix60_p20_repro_v1_20260724_mb02_o004_ptx_f16_g32_s512_ptx_f16_cache_reuse_candidate_g32_preheat.csv,results/summary/rtx3090_softmax_ex2_matrix_matrix60_p20_repro_v1_20260724_c004_mb02_ptx_f16_g32_s512_triplets.csv,results/summary/rtx3090_softmax_ex2_matrix_matrix60_p20_repro_v1_20260724_c004_mb02_ptx_f16_g32_s512_matched.csv,results/summary/rtx3090_softmax_ex2_matrix_matrix60_p20_repro_v1_20260724_c004_mb02_ptx_f16_g32_s512_summary.csv,docs/results/rtx3090_softmax_ex2_matrix_matrix60_p20_repro_v1_20260724_c004_mb02_ptx_f16_g32_s512_ko.md,results/logs/rtx3090_softmax_ex2_matrix_matrix60_p20_repro_v1_20260724_c004_mb02_ptx_f16_g32_s512.log,1e7c47df16938d3eb9615da95c3f9f5ebad064e214c8f539fbde5764a61995b4,python3 scripts/run_softmax_operand_rate_atc.py --binary build-softmax/a100_fp16_softmax_energy --gpu-id 0 --target-profile rtx3090 --exp-impl ptx_f16 --softmax-cols 512 --blocks-per-sm 2 --grid-blocks-list 32 --control-mode probe --logit-scale 4.0 --seconds 13.0 --idle-measure-seconds 1.0 --pairs 6 --bracket-warmup-pairs 1 --execution-mode persistent_bracket --bracket-idle-policy batch_once --bracket-order counterbalanced6 --preheat-seconds 20.0 --preheat-actual-min-seconds 16.0 --preheat-actual-max-seconds 30.0 --conditions cache_reuse_candidate --cache-policy default --energy-trace 1 --energy-trace-sample-ms 500.0 --energy-trace-min-updates 16 --tag matrix60_p20_repro_v1_20260724_mb02_o004_ptx_f16_g32_s512 --out-dir results/raw --max-gpu-util-pct 10.0 --max-memory-util-pct 15.0 --quiescence-timeout-s 60.0 --quiescence-poll-s 1.0 --quiescence-consecutive-samples 2,8a88565c19120f4f4f93d06fad19fd37c6ae25953784ad9ca68127f95c78d003,python3 scripts/analyze_softmax_probe_counterbalanced.py --input results/raw/rtx3090_fp16_softmax_operand_rate_atc_matrix60_p20_repro_v1_20260724_mb02_o004_ptx_f16_g32_s512_ptx_f16_raw.csv --energy-trace-input results/raw/rtx3090_fp16_softmax_operand_rate_atc_matrix60_p20_repro_v1_20260724_mb02_o004_ptx_f16_g32_s512_ptx_f16_raw_energy_trace.csv --manifest results/raw/rtx3090_fp16_softmax_operand_rate_atc_matrix60_p20_repro_v1_20260724_mb02_o004_ptx_f16_g32_s512_ptx_f16_manifest.csv --exp-impl ptx_f16 --grid-blocks 32 --triplet-out results/summary/rtx3090_softmax_ex2_matrix_matrix60_p20_repro_v1_20260724_c004_mb02_ptx_f16_g32_s512_triplets.csv --matched-out results/summary/rtx3090_softmax_ex2_matrix_matrix60_p20_repro_v1_20260724_c004_mb02_ptx_f16_g32_s512_matched.csv --summary-out results/summary/rtx3090_softmax_ex2_matrix_matrix60_p20_repro_v1_20260724_c004_mb02_ptx_f16_g32_s512_summary.csv --report-out docs/results/rtx3090_softmax_ex2_matrix_matrix60_p20_repro_v1_20260724_c004_mb02_ptx_f16_g32_s512_ko.md --decision-stage pilot --energy-trace-min-fit-points 16 --bootstrap-samples 4000 --seed 20264759
rtx3090_softmax_ex2_factorial_matrix_v1,matrix60_p20_repro_v1_20260724,sha256_ranked_macroblocks_stratified_balanced_impl_permutations_v2,20260723,5,2,mb02_g32_s512,2,ptx_f16>fp32>ptx_f16x2,c005_mb02_fp32_g32_s512,matrix60_p20_repro_v1_20260724_mb02_o005_fp32_g32_s512,fp32,fp32_fast___expf,32,32,512,rtx3090,probe,2,4.0,cache_reuse_candidate,default,13.0,1.0,6,1,counterbalanced6,batch_once,500.0,16,20.0,16.0,30.0,build-softmax/a100_fp16_softmax_energy,eeda8c0a1df3628d04c5bf15a486ba3dd0fc43935fbc51a18505a1dffb409b66,scripts/run_softmax_operand_rate_atc.py,a64b58006b3abf237c7d0da5f3109a5422ee2891ae0748d33453a3148a64c23a,scripts/analyze_softmax_probe_counterbalanced.py,3c3695c92b215666065f2706ecdec7dd63a803bf024376ef3bf111665ec5faf5,scripts/analyze_softmax_operand_rate_atc.py,1222055375cff076ef165f71d3f738492be9e92d82f0289a94f368be82fecbdb,scripts/run_softmax_ex2_factorial_matrix.py,a985e33c279938f578cb2358ea6e4374216d58e226d7c6c809ec0741d6cb48ab,results/raw/rtx3090_fp16_softmax_operand_rate_atc_matrix60_p20_repro_v1_20260724_mb02_o005_fp32_g32_s512_raw.csv,results/raw/rtx3090_fp16_softmax_operand_rate_atc_matrix60_p20_repro_v1_20260724_mb02_o005_fp32_g32_s512_manifest.csv,results/raw/rtx3090_fp16_softmax_operand_rate_atc_matrix60_p20_repro_v1_20260724_mb02_o005_fp32_g32_s512_raw_energy_trace.csv,results/raw/rtx3090_fp16_softmax_operand_rate_atc_matrix60_p20_repro_v1_20260724_mb02_o005_fp32_g32_s512_cache_reuse_candidate_g32_preheat.csv,results/summary/rtx3090_softmax_ex2_matrix_matrix60_p20_repro_v1_20260724_c005_mb02_fp32_g32_s512_triplets.csv,results/summary/rtx3090_softmax_ex2_matrix_matrix60_p20_repro_v1_20260724_c005_mb02_fp32_g32_s512_matched.csv,results/summary/rtx3090_softmax_ex2_matrix_matrix60_p20_repro_v1_20260724_c005_mb02_fp32_g32_s512_summary.csv,docs/results/rtx3090_softmax_ex2_matrix_matrix60_p20_repro_v1_20260724_c005_mb02_fp32_g32_s512_ko.md,results/logs/rtx3090_softmax_ex2_matrix_matrix60_p20_repro_v1_20260724_c005_mb02_fp32_g32_s512.log,9a79bfb9a1708ff0b768d83ea3fff9390ecdf03a7067563b086da2f277e71614,python3 scripts/run_softmax_operand_rate_atc.py --binary build-softmax/a100_fp16_softmax_energy --gpu-id 0 --target-profile rtx3090 --exp-impl fp32 --softmax-cols 512 --blocks-per-sm 2 --grid-blocks-list 32 --control-mode probe --logit-scale 4.0 --seconds 13.0 --idle-measure-seconds 1.0 --pairs 6 --bracket-warmup-pairs 1 --execution-mode persistent_bracket --bracket-idle-policy batch_once --bracket-order counterbalanced6 --preheat-seconds 20.0 --preheat-actual-min-seconds 16.0 --preheat-actual-max-seconds 30.0 --conditions cache_reuse_candidate --cache-policy default --energy-trace 1 --energy-trace-sample-ms 500.0 --energy-trace-min-updates 16 --tag matrix60_p20_repro_v1_20260724_mb02_o005_fp32_g32_s512 --out-dir results/raw --max-gpu-util-pct 10.0 --max-memory-util-pct 15.0 --quiescence-timeout-s 60.0 --quiescence-poll-s 1.0 --quiescence-consecutive-samples 2,eaed4ccd8c77568f85c6fc394f08fc513fde484301e32e11d9a2d3159ec3bffd,python3 scripts/analyze_softmax_probe_counterbalanced.py --input results/raw/rtx3090_fp16_softmax_operand_rate_atc_matrix60_p20_repro_v1_20260724_mb02_o005_fp32_g32_s512_raw.csv --energy-trace-input results/raw/rtx3090_fp16_softmax_operand_rate_atc_matrix60_p20_repro_v1_20260724_mb02_o005_fp32_g32_s512_raw_energy_trace.csv --manifest results/raw/rtx3090_fp16_softmax_operand_rate_atc_matrix60_p20_repro_v1_20260724_mb02_o005_fp32_g32_s512_manifest.csv --exp-impl fp32 --grid-blocks 32 --triplet-out results/summary/rtx3090_softmax_ex2_matrix_matrix60_p20_repro_v1_20260724_c005_mb02_fp32_g32_s512_triplets.csv --matched-out results/summary/rtx3090_softmax_ex2_matrix_matrix60_p20_repro_v1_20260724_c005_mb02_fp32_g32_s512_matched.csv --summary-out results/summary/rtx3090_softmax_ex2_matrix_matrix60_p20_repro_v1_20260724_c005_mb02_fp32_g32_s512_summary.csv --report-out docs/results/rtx3090_softmax_ex2_matrix_matrix60_p20_repro_v1_20260724_c005_mb02_fp32_g32_s512_ko.md --decision-stage pilot --energy-trace-min-fit-points 16 --bootstrap-samples 4000 --seed 20265768
rtx3090_softmax_ex2_factorial_matrix_v1,matrix60_p20_repro_v1_20260724,sha256_ranked_macroblocks_stratified_balanced_impl_permutations_v2,20260723,6,2,mb02_g32_s512,3,ptx_f16>fp32>ptx_f16x2,c006_mb02_ptx_f16x2_g32_s512,matrix60_p20_repro_v1_20260724_mb02_o006_ptx_f16x2_g32_s512,ptx_f16x2,ptx_ex2_approx_f16x2,32,32,512,rtx3090,probe,2,4.0,cache_reuse_candidate,default,13.0,1.0,6,1,counterbalanced6,batch_once,500.0,16,20.0,16.0,30.0,build-softmax/a100_fp16_softmax_energy,eeda8c0a1df3628d04c5bf15a486ba3dd0fc43935fbc51a18505a1dffb409b66,scripts/run_softmax_operand_rate_atc.py,a64b58006b3abf237c7d0da5f3109a5422ee2891ae0748d33453a3148a64c23a,scripts/analyze_softmax_probe_counterbalanced.py,3c3695c92b215666065f2706ecdec7dd63a803bf024376ef3bf111665ec5faf5,scripts/analyze_softmax_operand_rate_atc.py,1222055375cff076ef165f71d3f738492be9e92d82f0289a94f368be82fecbdb,scripts/run_softmax_ex2_factorial_matrix.py,a985e33c279938f578cb2358ea6e4374216d58e226d7c6c809ec0741d6cb48ab,results/raw/rtx3090_fp16_softmax_operand_rate_atc_matrix60_p20_repro_v1_20260724_mb02_o006_ptx_f16x2_g32_s512_ptx_f16x2_raw.csv,results/raw/rtx3090_fp16_softmax_operand_rate_atc_matrix60_p20_repro_v1_20260724_mb02_o006_ptx_f16x2_g32_s512_ptx_f16x2_manifest.csv,results/raw/rtx3090_fp16_softmax_operand_rate_atc_matrix60_p20_repro_v1_20260724_mb02_o006_ptx_f16x2_g32_s512_ptx_f16x2_raw_energy_trace.csv,results/raw/rtx3090_fp16_softmax_operand_rate_atc_matrix60_p20_repro_v1_20260724_mb02_o006_ptx_f16x2_g32_s512_ptx_f16x2_cache_reuse_candidate_g32_preheat.csv,results/summary/rtx3090_softmax_ex2_matrix_matrix60_p20_repro_v1_20260724_c006_mb02_ptx_f16x2_g32_s512_triplets.csv,results/summary/rtx3090_softmax_ex2_matrix_matrix60_p20_repro_v1_20260724_c006_mb02_ptx_f16x2_g32_s512_matched.csv,results/summary/rtx3090_softmax_ex2_matrix_matrix60_p20_repro_v1_20260724_c006_mb02_ptx_f16x2_g32_s512_summary.csv,docs/results/rtx3090_softmax_ex2_matrix_matrix60_p20_repro_v1_20260724_c006_mb02_ptx_f16x2_g32_s512_ko.md,results/logs/rtx3090_softmax_ex2_matrix_matrix60_p20_repro_v1_20260724_c006_mb02_ptx_f16x2_g32_s512.log,6d28c9858e3991705a2941060371c796efa78cdebb971326e1a74fb29dd020d8,python3 scripts/run_softmax_operand_rate_atc.py --binary build-softmax/a100_fp16_softmax_energy --gpu-id 0 --target-profile rtx3090 --exp-impl ptx_f16x2 --softmax-cols 512 --blocks-per-sm 2 --grid-blocks-list 32 --control-mode probe --logit-scale 4.0 --seconds 13.0 --idle-measure-seconds 1.0 --pairs 6 --bracket-warmup-pairs 1 --execution-mode persistent_bracket --bracket-idle-policy batch_once --bracket-order counterbalanced6 --preheat-seconds 20.0 --preheat-actual-min-seconds 16.0 --preheat-actual-max-seconds 30.0 --conditions cache_reuse_candidate --cache-policy default --energy-trace 1 --energy-trace-sample-ms 500.0 --energy-trace-min-updates 16 --tag matrix60_p20_repro_v1_20260724_mb02_o006_ptx_f16x2_g32_s512 --out-dir results/raw --max-gpu-util-pct 10.0 --max-memory-util-pct 15.0 --quiescence-timeout-s 60.0 --quiescence-poll-s 1.0 --quiescence-consecutive-samples 2,a49387c2b4eed5688eb30bd97567a8742a87f782013466543130944332095502,python3 scripts/analyze_softmax_probe_counterbalanced.py --input results/raw/rtx3090_fp16_softmax_operand_rate_atc_matrix60_p20_repro_v1_20260724_mb02_o006_ptx_f16x2_g32_s512_ptx_f16x2_raw.csv --energy-trace-input results/raw/rtx3090_fp16_softmax_operand_rate_atc_matrix60_p20_repro_v1_20260724_mb02_o006_ptx_f16x2_g32_s512_ptx_f16x2_raw_energy_trace.csv --manifest results/raw/rtx3090_fp16_softmax_operand_rate_atc_matrix60_p20_repro_v1_20260724_mb02_o006_ptx_f16x2_g32_s512_ptx_f16x2_manifest.csv --exp-impl ptx_f16x2 --grid-blocks 32 --triplet-out results/summary/rtx3090_softmax_ex2_matrix_matrix60_p20_repro_v1_20260724_c006_mb02_ptx_f16x2_g32_s512_triplets.csv --matched-out results/summary/rtx3090_softmax_ex2_matrix_matrix60_p20_repro_v1_20260724_c006_mb02_ptx_f16x2_g32_s512_matched.csv --summary-out results/summary/rtx3090_softmax_ex2_matrix_matrix60_p20_repro_v1_20260724_c006_mb02_ptx_f16x2_g32_s512_summary.csv --report-out docs/results/rtx3090_softmax_ex2_matrix_matrix60_p20_repro_v1_20260724_c006_mb02_ptx_f16x2_g32_s512_ko.md --decision-stage pilot --energy-trace-min-fit-points 16 --bootstrap-samples 4000 --seed 20266777
rtx3090_softmax_ex2_factorial_matrix_v1,matrix60_p20_repro_v1_20260724,sha256_ranked_macroblocks_stratified_balanced_impl_permutations_v2,20260723,7,3,mb03_g48_s512,1,ptx_f16x2>fp32>ptx_f16,c007_mb03_ptx_f16x2_g48_s512,matrix60_p20_repro_v1_20260724_mb03_o007_ptx_f16x2_g48_s512,ptx_f16x2,ptx_ex2_approx_f16x2,48,48,512,rtx3090,probe,2,4.0,cache_reuse_candidate,default,13.0,1.0,6,1,counterbalanced6,batch_once,500.0,16,20.0,16.0,30.0,build-softmax/a100_fp16_softmax_energy,eeda8c0a1df3628d04c5bf15a486ba3dd0fc43935fbc51a18505a1dffb409b66,scripts/run_softmax_operand_rate_atc.py,a64b58006b3abf237c7d0da5f3109a5422ee2891ae0748d33453a3148a64c23a,scripts/analyze_softmax_probe_counterbalanced.py,3c3695c92b215666065f2706ecdec7dd63a803bf024376ef3bf111665ec5faf5,scripts/analyze_softmax_operand_rate_atc.py,1222055375cff076ef165f71d3f738492be9e92d82f0289a94f368be82fecbdb,scripts/run_softmax_ex2_factorial_matrix.py,a985e33c279938f578cb2358ea6e4374216d58e226d7c6c809ec0741d6cb48ab,results/raw/rtx3090_fp16_softmax_operand_rate_atc_matrix60_p20_repro_v1_20260724_mb03_o007_ptx_f16x2_g48_s512_ptx_f16x2_raw.csv,results/raw/rtx3090_fp16_softmax_operand_rate_atc_matrix60_p20_repro_v1_20260724_mb03_o007_ptx_f16x2_g48_s512_ptx_f16x2_manifest.csv,results/raw/rtx3090_fp16_softmax_operand_rate_atc_matrix60_p20_repro_v1_20260724_mb03_o007_ptx_f16x2_g48_s512_ptx_f16x2_raw_energy_trace.csv,results/raw/rtx3090_fp16_softmax_operand_rate_atc_matrix60_p20_repro_v1_20260724_mb03_o007_ptx_f16x2_g48_s512_ptx_f16x2_cache_reuse_candidate_g48_preheat.csv,results/summary/rtx3090_softmax_ex2_matrix_matrix60_p20_repro_v1_20260724_c007_mb03_ptx_f16x2_g48_s512_triplets.csv,results/summary/rtx3090_softmax_ex2_matrix_matrix60_p20_repro_v1_20260724_c007_mb03_ptx_f16x2_g48_s512_matched.csv,results/summary/rtx3090_softmax_ex2_matrix_matrix60_p20_repro_v1_20260724_c007_mb03_ptx_f16x2_g48_s512_summary.csv,docs/results/rtx3090_softmax_ex2_matrix_matrix60_p20_repro_v1_20260724_c007_mb03_ptx_f16x2_g48_s512_ko.md,results/logs/rtx3090_softmax_ex2_matrix_matrix60_p20_repro_v1_20260724_c007_mb03_ptx_f16x2_g48_s512.log,afc60fbcab031e76e8ed5b3a0b758ab1a004acaa4ed2f1fd9e2b084a820e02ae,python3 scripts/run_softmax_operand_rate_atc.py --binary build-softmax/a100_fp16_softmax_energy --gpu-id 0 --target-profile rtx3090 --exp-impl ptx_f16x2 --softmax-cols 512 --blocks-per-sm 2 --grid-blocks-list 48 --control-mode probe --logit-scale 4.0 --seconds 13.0 --idle-measure-seconds 1.0 --pairs 6 --bracket-warmup-pairs 1 --execution-mode persistent_bracket --bracket-idle-policy batch_once --bracket-order counterbalanced6 --preheat-seconds 20.0 --preheat-actual-min-seconds 16.0 --preheat-actual-max-seconds 30.0 --conditions cache_reuse_candidate --cache-policy default --energy-trace 1 --energy-trace-sample-ms 500.0 --energy-trace-min-updates 16 --tag matrix60_p20_repro_v1_20260724_mb03_o007_ptx_f16x2_g48_s512 --out-dir results/raw --max-gpu-util-pct 10.0 --max-memory-util-pct 15.0 --quiescence-timeout-s 60.0 --quiescence-poll-s 1.0 --quiescence-consecutive-samples 2,9403b5b851b0ecd51339d71da7b86a762c29fdca6bc9fd7ef11256abdcadc788,python3 scripts/analyze_softmax_probe_counterbalanced.py --input results/raw/rtx3090_fp16_softmax_operand_rate_atc_matrix60_p20_repro_v1_20260724_mb03_o007_ptx_f16x2_g48_s512_ptx_f16x2_raw.csv --energy-trace-input results/raw/rtx3090_fp16_softmax_operand_rate_atc_matrix60_p20_repro_v1_20260724_mb03_o007_ptx_f16x2_g48_s512_ptx_f16x2_raw_energy_trace.csv --manifest results/raw/rtx3090_fp16_softmax_operand_rate_atc_matrix60_p20_repro_v1_20260724_mb03_o007_ptx_f16x2_g48_s512_ptx_f16x2_manifest.csv --exp-impl ptx_f16x2 --grid-blocks 48 --triplet-out results/summary/rtx3090_softmax_ex2_matrix_matrix60_p20_repro_v1_20260724_c007_mb03_ptx_f16x2_g48_s512_triplets.csv --matched-out results/summary/rtx3090_softmax_ex2_matrix_matrix60_p20_repro_v1_20260724_c007_mb03_ptx_f16x2_g48_s512_matched.csv --summary-out results/summary/rtx3090_softmax_ex2_matrix_matrix60_p20_repro_v1_20260724_c007_mb03_ptx_f16x2_g48_s512_summary.csv --report-out docs/results/rtx3090_softmax_ex2_matrix_matrix60_p20_repro_v1_20260724_c007_mb03_ptx_f16x2_g48_s512_ko.md --decision-stage pilot --energy-trace-min-fit-points 16 --bootstrap-samples 4000 --seed 20267786
rtx3090_softmax_ex2_factorial_matrix_v1,matrix60_p20_repro_v1_20260724,sha256_ranked_macroblocks_stratified_balanced_impl_permutations_v2,20260723,8,3,mb03_g48_s512,2,ptx_f16x2>fp32>ptx_f16,c008_mb03_fp32_g48_s512,matrix60_p20_repro_v1_20260724_mb03_o008_fp32_g48_s512,fp32,fp32_fast___expf,48,48,512,rtx3090,probe,2,4.0,cache_reuse_candidate,default,13.0,1.0,6,1,counterbalanced6,batch_once,500.0,16,20.0,16.0,30.0,build-softmax/a100_fp16_softmax_energy,eeda8c0a1df3628d04c5bf15a486ba3dd0fc43935fbc51a18505a1dffb409b66,scripts/run_softmax_operand_rate_atc.py,a64b58006b3abf237c7d0da5f3109a5422ee2891ae0748d33453a3148a64c23a,scripts/analyze_softmax_probe_counterbalanced.py,3c3695c92b215666065f2706ecdec7dd63a803bf024376ef3bf111665ec5faf5,scripts/analyze_softmax_operand_rate_atc.py,1222055375cff076ef165f71d3f738492be9e92d82f0289a94f368be82fecbdb,scripts/run_softmax_ex2_factorial_matrix.py,a985e33c279938f578cb2358ea6e4374216d58e226d7c6c809ec0741d6cb48ab,results/raw/rtx3090_fp16_softmax_operand_rate_atc_matrix60_p20_repro_v1_20260724_mb03_o008_fp32_g48_s512_raw.csv,results/raw/rtx3090_fp16_softmax_operand_rate_atc_matrix60_p20_repro_v1_20260724_mb03_o008_fp32_g48_s512_manifest.csv,results/raw/rtx3090_fp16_softmax_operand_rate_atc_matrix60_p20_repro_v1_20260724_mb03_o008_fp32_g48_s512_raw_energy_trace.csv,results/raw/rtx3090_fp16_softmax_operand_rate_atc_matrix60_p20_repro_v1_20260724_mb03_o008_fp32_g48_s512_cache_reuse_candidate_g48_preheat.csv,results/summary/rtx3090_softmax_ex2_matrix_matrix60_p20_repro_v1_20260724_c008_mb03_fp32_g48_s512_triplets.csv,results/summary/rtx3090_softmax_ex2_matrix_matrix60_p20_repro_v1_20260724_c008_mb03_fp32_g48_s512_matched.csv,results/summary/rtx3090_softmax_ex2_matrix_matrix60_p20_repro_v1_20260724_c008_mb03_fp32_g48_s512_summary.csv,docs/results/rtx3090_softmax_ex2_matrix_matrix60_p20_repro_v1_20260724_c008_mb03_fp32_g48_s512_ko.md,results/logs/rtx3090_softmax_ex2_matrix_matrix60_p20_repro_v1_20260724_c008_mb03_fp32_g48_s512.log,dc33eef90c5e2bd9434b57a5a3de7ef4102fee3af198c811b710faf36c171fed,python3 scripts/run_softmax_operand_rate_atc.py --binary build-softmax/a100_fp16_softmax_energy --gpu-id 0 --target-profile rtx3090 --exp-impl fp32 --softmax-cols 512 --blocks-per-sm 2 --grid-blocks-list 48 --control-mode probe --logit-scale 4.0 --seconds 13.0 --idle-measure-seconds 1.0 --pairs 6 --bracket-warmup-pairs 1 --execution-mode persistent_bracket --bracket-idle-policy batch_once --bracket-order counterbalanced6 --preheat-seconds 20.0 --preheat-actual-min-seconds 16.0 --preheat-actual-max-seconds 30.0 --conditions cache_reuse_candidate --cache-policy default --energy-trace 1 --energy-trace-sample-ms 500.0 --energy-trace-min-updates 16 --tag matrix60_p20_repro_v1_20260724_mb03_o008_fp32_g48_s512 --out-dir results/raw --max-gpu-util-pct 10.0 --max-memory-util-pct 15.0 --quiescence-timeout-s 60.0 --quiescence-poll-s 1.0 --quiescence-consecutive-samples 2,68c8f7ab7dfd2e944f0ed0dbb3ce533c4b9a04bb59aeffc45a057418d824861e,python3 scripts/analyze_softmax_probe_counterbalanced.py --input results/raw/rtx3090_fp16_softmax_operand_rate_atc_matrix60_p20_repro_v1_20260724_mb03_o008_fp32_g48_s512_raw.csv --energy-trace-input results/raw/rtx3090_fp16_softmax_operand_rate_atc_matrix60_p20_repro_v1_20260724_mb03_o008_fp32_g48_s512_raw_energy_trace.csv --manifest results/raw/rtx3090_fp16_softmax_operand_rate_atc_matrix60_p20_repro_v1_20260724_mb03_o008_fp32_g48_s512_manifest.csv --exp-impl fp32 --grid-blocks 48 --triplet-out results/summary/rtx3090_softmax_ex2_matrix_matrix60_p20_repro_v1_20260724_c008_mb03_fp32_g48_s512_triplets.csv --matched-out results/summary/rtx3090_softmax_ex2_matrix_matrix60_p20_repro_v1_20260724_c008_mb03_fp32_g48_s512_matched.csv --summary-out results/summary/rtx3090_softmax_ex2_matrix_matrix60_p20_repro_v1_20260724_c008_mb03_fp32_g48_s512_summary.csv --report-out docs/results/rtx3090_softmax_ex2_matrix_matrix60_p20_repro_v1_20260724_c008_mb03_fp32_g48_s512_ko.md --decision-stage pilot --energy-trace-min-fit-points 16 --bootstrap-samples 4000 --seed 20268795
rtx3090_softmax_ex2_factorial_matrix_v1,matrix60_p20_repro_v1_20260724,sha256_ranked_macroblocks_stratified_balanced_impl_permutations_v2,20260723,9,3,mb03_g48_s512,3,ptx_f16x2>fp32>ptx_f16,c009_mb03_ptx_f16_g48_s512,matrix60_p20_repro_v1_20260724_mb03_o009_ptx_f16_g48_s512,ptx_f16,ptx_ex2_approx_f16,48,48,512,rtx3090,probe,2,4.0,cache_reuse_candidate,default,13.0,1.0,6,1,counterbalanced6,batch_once,500.0,16,20.0,16.0,30.0,build-softmax/a100_fp16_softmax_energy,eeda8c0a1df3628d04c5bf15a486ba3dd0fc43935fbc51a18505a1dffb409b66,scripts/run_softmax_operand_rate_atc.py,a64b58006b3abf237c7d0da5f3109a5422ee2891ae0748d33453a3148a64c23a,scripts/analyze_softmax_probe_counterbalanced.py,3c3695c92b215666065f2706ecdec7dd63a803bf024376ef3bf111665ec5faf5,scripts/analyze_softmax_operand_rate_atc.py,1222055375cff076ef165f71d3f738492be9e92d82f0289a94f368be82fecbdb,scripts/run_softmax_ex2_factorial_matrix.py,a985e33c279938f578cb2358ea6e4374216d58e226d7c6c809ec0741d6cb48ab,results/raw/rtx3090_fp16_softmax_operand_rate_atc_matrix60_p20_repro_v1_20260724_mb03_o009_ptx_f16_g48_s512_ptx_f16_raw.csv,results/raw/rtx3090_fp16_softmax_operand_rate_atc_matrix60_p20_repro_v1_20260724_mb03_o009_ptx_f16_g48_s512_ptx_f16_manifest.csv,results/raw/rtx3090_fp16_softmax_operand_rate_atc_matrix60_p20_repro_v1_20260724_mb03_o009_ptx_f16_g48_s512_ptx_f16_raw_energy_trace.csv,results/raw/rtx3090_fp16_softmax_operand_rate_atc_matrix60_p20_repro_v1_20260724_mb03_o009_ptx_f16_g48_s512_ptx_f16_cache_reuse_candidate_g48_preheat.csv,results/summary/rtx3090_softmax_ex2_matrix_matrix60_p20_repro_v1_20260724_c009_mb03_ptx_f16_g48_s512_triplets.csv,results/summary/rtx3090_softmax_ex2_matrix_matrix60_p20_repro_v1_20260724_c009_mb03_ptx_f16_g48_s512_matched.csv,results/summary/rtx3090_softmax_ex2_matrix_matrix60_p20_repro_v1_20260724_c009_mb03_ptx_f16_g48_s512_summary.csv,docs/results/rtx3090_softmax_ex2_matrix_matrix60_p20_repro_v1_20260724_c009_mb03_ptx_f16_g48_s512_ko.md,results/logs/rtx3090_softmax_ex2_matrix_matrix60_p20_repro_v1_20260724_c009_mb03_ptx_f16_g48_s512.log,fadba650242576c56e052d6da142c60a7f147bcd3309ced2ca195877aadff2f7,python3 scripts/run_softmax_operand_rate_atc.py --binary build-softmax/a100_fp16_softmax_energy --gpu-id 0 --target-profile rtx3090 --exp-impl ptx_f16 --softmax-cols 512 --blocks-per-sm 2 --grid-blocks-list 48 --control-mode probe --logit-scale 4.0 --seconds 13.0 --idle-measure-seconds 1.0 --pairs 6 --bracket-warmup-pairs 1 --execution-mode persistent_bracket --bracket-idle-policy batch_once --bracket-order counterbalanced6 --preheat-seconds 20.0 --preheat-actual-min-seconds 16.0 --preheat-actual-max-seconds 30.0 --conditions cache_reuse_candidate --cache-policy default --energy-trace 1 --energy-trace-sample-ms 500.0 --energy-trace-min-updates 16 --tag matrix60_p20_repro_v1_20260724_mb03_o009_ptx_f16_g48_s512 --out-dir results/raw --max-gpu-util-pct 10.0 --max-memory-util-pct 15.0 --quiescence-timeout-s 60.0 --quiescence-poll-s 1.0 --quiescence-consecutive-samples 2,11d236f08ff44da1870d2648064cb8ad752f7e6990a49f8385339e6b1fc1354a,python3 scripts/analyze_softmax_probe_counterbalanced.py --input results/raw/rtx3090_fp16_softmax_operand_rate_atc_matrix60_p20_repro_v1_20260724_mb03_o009_ptx_f16_g48_s512_ptx_f16_raw.csv --energy-trace-input results/raw/rtx3090_fp16_softmax_operand_rate_atc_matrix60_p20_repro_v1_20260724_mb03_o009_ptx_f16_g48_s512_ptx_f16_raw_energy_trace.csv --manifest results/raw/rtx3090_fp16_softmax_operand_rate_atc_matrix60_p20_repro_v1_20260724_mb03_o009_ptx_f16_g48_s512_ptx_f16_manifest.csv --exp-impl ptx_f16 --grid-blocks 48 --triplet-out results/summary/rtx3090_softmax_ex2_matrix_matrix60_p20_repro_v1_20260724_c009_mb03_ptx_f16_g48_s512_triplets.csv --matched-out results/summary/rtx3090_softmax_ex2_matrix_matrix60_p20_repro_v1_20260724_c009_mb03_ptx_f16_g48_s512_matched.csv --summary-out results/summary/rtx3090_softmax_ex2_matrix_matrix60_p20_repro_v1_20260724_c009_mb03_ptx_f16_g48_s512_summary.csv --report-out docs/results/rtx3090_softmax_ex2_matrix_matrix60_p20_repro_v1_20260724_c009_mb03_ptx_f16_g48_s512_ko.md --decision-stage pilot --energy-trace-min-fit-points 16 --bootstrap-samples 4000 --seed 20269804
rtx3090_softmax_ex2_factorial_matrix_v1,matrix60_p20_repro_v1_20260724,sha256_ranked_macroblocks_stratified_balanced_impl_permutations_v2,20260723,10,4,mb04_g64_s1024,1,ptx_f16>ptx_f16x2>fp32,c010_mb04_ptx_f16_g64_s1024,matrix60_p20_repro_v1_20260724_mb04_o010_ptx_f16_g64_s1024,ptx_f16,ptx_ex2_approx_f16,64,64,1024,rtx3090,probe,2,4.0,cache_reuse_candidate,default,13.0,1.0,6,1,counterbalanced6,batch_once,500.0,16,20.0,16.0,30.0,build-softmax/a100_fp16_softmax_energy,eeda8c0a1df3628d04c5bf15a486ba3dd0fc43935fbc51a18505a1dffb409b66,scripts/run_softmax_operand_rate_atc.py,a64b58006b3abf237c7d0da5f3109a5422ee2891ae0748d33453a3148a64c23a,scripts/analyze_softmax_probe_counterbalanced.py,3c3695c92b215666065f2706ecdec7dd63a803bf024376ef3bf111665ec5faf5,scripts/analyze_softmax_operand_rate_atc.py,1222055375cff076ef165f71d3f738492be9e92d82f0289a94f368be82fecbdb,scripts/run_softmax_ex2_factorial_matrix.py,a985e33c279938f578cb2358ea6e4374216d58e226d7c6c809ec0741d6cb48ab,results/raw/rtx3090_fp16_softmax_operand_rate_atc_matrix60_p20_repro_v1_20260724_mb04_o010_ptx_f16_g64_s1024_ptx_f16_raw.csv,results/raw/rtx3090_fp16_softmax_operand_rate_atc_matrix60_p20_repro_v1_20260724_mb04_o010_ptx_f16_g64_s1024_ptx_f16_manifest.csv,results/raw/rtx3090_fp16_softmax_operand_rate_atc_matrix60_p20_repro_v1_20260724_mb04_o010_ptx_f16_g64_s1024_ptx_f16_raw_energy_trace.csv,results/raw/rtx3090_fp16_softmax_operand_rate_atc_matrix60_p20_repro_v1_20260724_mb04_o010_ptx_f16_g64_s1024_ptx_f16_cache_reuse_candidate_g64_preheat.csv,results/summary/rtx3090_softmax_ex2_matrix_matrix60_p20_repro_v1_20260724_c010_mb04_ptx_f16_g64_s1024_triplets.csv,results/summary/rtx3090_softmax_ex2_matrix_matrix60_p20_repro_v1_20260724_c010_mb04_ptx_f16_g64_s1024_matched.csv,results/summary/rtx3090_softmax_ex2_matrix_matrix60_p20_repro_v1_20260724_c010_mb04_ptx_f16_g64_s1024_summary.csv,docs/results/rtx3090_softmax_ex2_matrix_matrix60_p20_repro_v1_20260724_c010_mb04_ptx_f16_g64_s1024_ko.md,results/logs/rtx3090_softmax_ex2_matrix_matrix60_p20_repro_v1_20260724_c010_mb04_ptx_f16_g64_s1024.log,22405b6915fa880afacdd129b261b334b87b15948b927af8b72259df1cb09ca0,python3 scripts/run_softmax_operand_rate_atc.py --binary build-softmax/a100_fp16_softmax_energy --gpu-id 0 --target-profile rtx3090 --exp-impl ptx_f16 --softmax-cols 1024 --blocks-per-sm 2 --grid-blocks-list 64 --control-mode probe --logit-scale 4.0 --seconds 13.0 --idle-measure-seconds 1.0 --pairs 6 --bracket-warmup-pairs 1 --execution-mode persistent_bracket --bracket-idle-policy batch_once --bracket-order counterbalanced6 --preheat-seconds 20.0 --preheat-actual-min-seconds 16.0 --preheat-actual-max-seconds 30.0 --conditions cache_reuse_candidate --cache-policy default --energy-trace 1 --energy-trace-sample-ms 500.0 --energy-trace-min-updates 16 --tag matrix60_p20_repro_v1_20260724_mb04_o010_ptx_f16_g64_s1024 --out-dir results/raw --max-gpu-util-pct 10.0 --max-memory-util-pct 15.0 --quiescence-timeout-s 60.0 --quiescence-poll-s 1.0 --quiescence-consecutive-samples 2,176f8a9bfc4cd8e4279211512a75b4d02274666a48f80c5f98b5e8a73c14755e,python3 scripts/analyze_softmax_probe_counterbalanced.py --input results/raw/rtx3090_fp16_softmax_operand_rate_atc_matrix60_p20_repro_v1_20260724_mb04_o010_ptx_f16_g64_s1024_ptx_f16_raw.csv --energy-trace-input results/raw/rtx3090_fp16_softmax_operand_rate_atc_matrix60_p20_repro_v1_20260724_mb04_o010_ptx_f16_g64_s1024_ptx_f16_raw_energy_trace.csv --manifest results/raw/rtx3090_fp16_softmax_operand_rate_atc_matrix60_p20_repro_v1_20260724_mb04_o010_ptx_f16_g64_s1024_ptx_f16_manifest.csv --exp-impl ptx_f16 --grid-blocks 64 --triplet-out results/summary/rtx3090_softmax_ex2_matrix_matrix60_p20_repro_v1_20260724_c010_mb04_ptx_f16_g64_s1024_triplets.csv --matched-out results/summary/rtx3090_softmax_ex2_matrix_matrix60_p20_repro_v1_20260724_c010_mb04_ptx_f16_g64_s1024_matched.csv --summary-out results/summary/rtx3090_softmax_ex2_matrix_matrix60_p20_repro_v1_20260724_c010_mb04_ptx_f16_g64_s1024_summary.csv --report-out docs/results/rtx3090_softmax_ex2_matrix_matrix60_p20_repro_v1_20260724_c010_mb04_ptx_f16_g64_s1024_ko.md --decision-stage pilot --energy-trace-min-fit-points 16 --bootstrap-samples 4000 --seed 20270813
rtx3090_softmax_ex2_factorial_matrix_v1,matrix60_p20_repro_v1_20260724,sha256_ranked_macroblocks_stratified_balanced_impl_permutations_v2,20260723,11,4,mb04_g64_s1024,2,ptx_f16>ptx_f16x2>fp32,c011_mb04_ptx_f16x2_g64_s1024,matrix60_p20_repro_v1_20260724_mb04_o011_ptx_f16x2_g64_s1024,ptx_f16x2,ptx_ex2_approx_f16x2,64,64,1024,rtx3090,probe,2,4.0,cache_reuse_candidate,default,13.0,1.0,6,1,counterbalanced6,batch_once,500.0,16,20.0,16.0,30.0,build-softmax/a100_fp16_softmax_energy,eeda8c0a1df3628d04c5bf15a486ba3dd0fc43935fbc51a18505a1dffb409b66,scripts/run_softmax_operand_rate_atc.py,a64b58006b3abf237c7d0da5f3109a5422ee2891ae0748d33453a3148a64c23a,scripts/analyze_softmax_probe_counterbalanced.py,3c3695c92b215666065f2706ecdec7dd63a803bf024376ef3bf111665ec5faf5,scripts/analyze_softmax_operand_rate_atc.py,1222055375cff076ef165f71d3f738492be9e92d82f0289a94f368be82fecbdb,scripts/run_softmax_ex2_factorial_matrix.py,a985e33c279938f578cb2358ea6e4374216d58e226d7c6c809ec0741d6cb48ab,results/raw/rtx3090_fp16_softmax_operand_rate_atc_matrix60_p20_repro_v1_20260724_mb04_o011_ptx_f16x2_g64_s1024_ptx_f16x2_raw.csv,results/raw/rtx3090_fp16_softmax_operand_rate_atc_matrix60_p20_repro_v1_20260724_mb04_o011_ptx_f16x2_g64_s1024_ptx_f16x2_manifest.csv,results/raw/rtx3090_fp16_softmax_operand_rate_atc_matrix60_p20_repro_v1_20260724_mb04_o011_ptx_f16x2_g64_s1024_ptx_f16x2_raw_energy_trace.csv,results/raw/rtx3090_fp16_softmax_operand_rate_atc_matrix60_p20_repro_v1_20260724_mb04_o011_ptx_f16x2_g64_s1024_ptx_f16x2_cache_reuse_candidate_g64_preheat.csv,results/summary/rtx3090_softmax_ex2_matrix_matrix60_p20_repro_v1_20260724_c011_mb04_ptx_f16x2_g64_s1024_triplets.csv,results/summary/rtx3090_softmax_ex2_matrix_matrix60_p20_repro_v1_20260724_c011_mb04_ptx_f16x2_g64_s1024_matched.csv,results/summary/rtx3090_softmax_ex2_matrix_matrix60_p20_repro_v1_20260724_c011_mb04_ptx_f16x2_g64_s1024_summary.csv,docs/results/rtx3090_softmax_ex2_matrix_matrix60_p20_repro_v1_20260724_c011_mb04_ptx_f16x2_g64_s1024_ko.md,results/logs/rtx3090_softmax_ex2_matrix_matrix60_p20_repro_v1_20260724_c011_mb04_ptx_f16x2_g64_s1024.log,8a010dbb948d16116daf1f922cf6277e28d1f0b9d39aa408fee8222a8018347c,python3 scripts/run_softmax_operand_rate_atc.py --binary build-softmax/a100_fp16_softmax_energy --gpu-id 0 --target-profile rtx3090 --exp-impl ptx_f16x2 --softmax-cols 1024 --blocks-per-sm 2 --grid-blocks-list 64 --control-mode probe --logit-scale 4.0 --seconds 13.0 --idle-measure-seconds 1.0 --pairs 6 --bracket-warmup-pairs 1 --execution-mode persistent_bracket --bracket-idle-policy batch_once --bracket-order counterbalanced6 --preheat-seconds 20.0 --preheat-actual-min-seconds 16.0 --preheat-actual-max-seconds 30.0 --conditions cache_reuse_candidate --cache-policy default --energy-trace 1 --energy-trace-sample-ms 500.0 --energy-trace-min-updates 16 --tag matrix60_p20_repro_v1_20260724_mb04_o011_ptx_f16x2_g64_s1024 --out-dir results/raw --max-gpu-util-pct 10.0 --max-memory-util-pct 15.0 --quiescence-timeout-s 60.0 --quiescence-poll-s 1.0 --quiescence-consecutive-samples 2,ad9883d742d385036a04bca0913a79db1c953a9e2c1b32659124f78bf17b0f39,python3 scripts/analyze_softmax_probe_counterbalanced.py --input results/raw/rtx3090_fp16_softmax_operand_rate_atc_matrix60_p20_repro_v1_20260724_mb04_o011_ptx_f16x2_g64_s1024_ptx_f16x2_raw.csv --energy-trace-input results/raw/rtx3090_fp16_softmax_operand_rate_atc_matrix60_p20_repro_v1_20260724_mb04_o011_ptx_f16x2_g64_s1024_ptx_f16x2_raw_energy_trace.csv --manifest results/raw/rtx3090_fp16_softmax_operand_rate_atc_matrix60_p20_repro_v1_20260724_mb04_o011_ptx_f16x2_g64_s1024_ptx_f16x2_manifest.csv --exp-impl ptx_f16x2 --grid-blocks 64 --triplet-out results/summary/rtx3090_softmax_ex2_matrix_matrix60_p20_repro_v1_20260724_c011_mb04_ptx_f16x2_g64_s1024_triplets.csv --matched-out results/summary/rtx3090_softmax_ex2_matrix_matrix60_p20_repro_v1_20260724_c011_mb04_ptx_f16x2_g64_s1024_matched.csv --summary-out results/summary/rtx3090_softmax_ex2_matrix_matrix60_p20_repro_v1_20260724_c011_mb04_ptx_f16x2_g64_s1024_summary.csv --report-out docs/results/rtx3090_softmax_ex2_matrix_matrix60_p20_repro_v1_20260724_c011_mb04_ptx_f16x2_g64_s1024_ko.md --decision-stage pilot --energy-trace-min-fit-points 16 --bootstrap-samples 4000 --seed 20271822
rtx3090_softmax_ex2_factorial_matrix_v1,matrix60_p20_repro_v1_20260724,sha256_ranked_macroblocks_stratified_balanced_impl_permutations_v2,20260723,12,4,mb04_g64_s1024,3,ptx_f16>ptx_f16x2>fp32,c012_mb04_fp32_g64_s1024,matrix60_p20_repro_v1_20260724_mb04_o012_fp32_g64_s1024,fp32,fp32_fast___expf,64,64,1024,rtx3090,probe,2,4.0,cache_reuse_candidate,default,13.0,1.0,6,1,counterbalanced6,batch_once,500.0,16,20.0,16.0,30.0,build-softmax/a100_fp16_softmax_energy,eeda8c0a1df3628d04c5bf15a486ba3dd0fc43935fbc51a18505a1dffb409b66,scripts/run_softmax_operand_rate_atc.py,a64b58006b3abf237c7d0da5f3109a5422ee2891ae0748d33453a3148a64c23a,scripts/analyze_softmax_probe_counterbalanced.py,3c3695c92b215666065f2706ecdec7dd63a803bf024376ef3bf111665ec5faf5,scripts/analyze_softmax_operand_rate_atc.py,1222055375cff076ef165f71d3f738492be9e92d82f0289a94f368be82fecbdb,scripts/run_softmax_ex2_factorial_matrix.py,a985e33c279938f578cb2358ea6e4374216d58e226d7c6c809ec0741d6cb48ab,results/raw/rtx3090_fp16_softmax_operand_rate_atc_matrix60_p20_repro_v1_20260724_mb04_o012_fp32_g64_s1024_raw.csv,results/raw/rtx3090_fp16_softmax_operand_rate_atc_matrix60_p20_repro_v1_20260724_mb04_o012_fp32_g64_s1024_manifest.csv,results/raw/rtx3090_fp16_softmax_operand_rate_atc_matrix60_p20_repro_v1_20260724_mb04_o012_fp32_g64_s1024_raw_energy_trace.csv,results/raw/rtx3090_fp16_softmax_operand_rate_atc_matrix60_p20_repro_v1_20260724_mb04_o012_fp32_g64_s1024_cache_reuse_candidate_g64_preheat.csv,results/summary/rtx3090_softmax_ex2_matrix_matrix60_p20_repro_v1_20260724_c012_mb04_fp32_g64_s1024_triplets.csv,results/summary/rtx3090_softmax_ex2_matrix_matrix60_p20_repro_v1_20260724_c012_mb04_fp32_g64_s1024_matched.csv,results/summary/rtx3090_softmax_ex2_matrix_matrix60_p20_repro_v1_20260724_c012_mb04_fp32_g64_s1024_summary.csv,docs/results/rtx3090_softmax_ex2_matrix_matrix60_p20_repro_v1_20260724_c012_mb04_fp32_g64_s1024_ko.md,results/logs/rtx3090_softmax_ex2_matrix_matrix60_p20_repro_v1_20260724_c012_mb04_fp32_g64_s1024.log,e00a52a69149f695b6ead63dbf754eaa74abe2d6fcf4d88ef3b58c0016789af2,python3 scripts/run_softmax_operand_rate_atc.py --binary build-softmax/a100_fp16_softmax_energy --gpu-id 0 --target-profile rtx3090 --exp-impl fp32 --softmax-cols 1024 --blocks-per-sm 2 --grid-blocks-list 64 --control-mode probe --logit-scale 4.0 --seconds 13.0 --idle-measure-seconds 1.0 --pairs 6 --bracket-warmup-pairs 1 --execution-mode persistent_bracket --bracket-idle-policy batch_once --bracket-order counterbalanced6 --preheat-seconds 20.0 --preheat-actual-min-seconds 16.0 --preheat-actual-max-seconds 30.0 --conditions cache_reuse_candidate --cache-policy default --energy-trace 1 --energy-trace-sample-ms 500.0 --energy-trace-min-updates 16 --tag matrix60_p20_repro_v1_20260724_mb04_o012_fp32_g64_s1024 --out-dir results/raw --max-gpu-util-pct 10.0 --max-memory-util-pct 15.0 --quiescence-timeout-s 60.0 --quiescence-poll-s 1.0 --quiescence-consecutive-samples 2,3edc30ce070338ad8c1b227cd380f81c2cf4ecc0d5ece651b97a52075354f816,python3 scripts/analyze_softmax_probe_counterbalanced.py --input results/raw/rtx3090_fp16_softmax_operand_rate_atc_matrix60_p20_repro_v1_20260724_mb04_o012_fp32_g64_s1024_raw.csv --energy-trace-input results/raw/rtx3090_fp16_softmax_operand_rate_atc_matrix60_p20_repro_v1_20260724_mb04_o012_fp32_g64_s1024_raw_energy_trace.csv --manifest results/raw/rtx3090_fp16_softmax_operand_rate_atc_matrix60_p20_repro_v1_20260724_mb04_o012_fp32_g64_s1024_manifest.csv --exp-impl fp32 --grid-blocks 64 --triplet-out results/summary/rtx3090_softmax_ex2_matrix_matrix60_p20_repro_v1_20260724_c012_mb04_fp32_g64_s1024_triplets.csv --matched-out results/summary/rtx3090_softmax_ex2_matrix_matrix60_p20_repro_v1_20260724_c012_mb04_fp32_g64_s1024_matched.csv --summary-out results/summary/rtx3090_softmax_ex2_matrix_matrix60_p20_repro_v1_20260724_c012_mb04_fp32_g64_s1024_summary.csv --report-out docs/results/rtx3090_softmax_ex2_matrix_matrix60_p20_repro_v1_20260724_c012_mb04_fp32_g64_s1024_ko.md --decision-stage pilot --energy-trace-min-fit-points 16 --bootstrap-samples 4000 --seed 20272831
rtx3090_softmax_ex2_factorial_matrix_v1,matrix60_p20_repro_v1_20260724,sha256_ranked_macroblocks_stratified_balanced_impl_permutations_v2,20260723,13,5,mb05_g16_s128,1,fp32>ptx_f16x2>ptx_f16,c013_mb05_fp32_g16_s128,matrix60_p20_repro_v1_20260724_mb05_o013_fp32_g16_s128,fp32,fp32_fast___expf,16,16,128,rtx3090,probe,2,4.0,cache_reuse_candidate,default,13.0,1.0,6,1,counterbalanced6,batch_once,500.0,16,20.0,16.0,30.0,build-softmax/a100_fp16_softmax_energy,eeda8c0a1df3628d04c5bf15a486ba3dd0fc43935fbc51a18505a1dffb409b66,scripts/run_softmax_operand_rate_atc.py,a64b58006b3abf237c7d0da5f3109a5422ee2891ae0748d33453a3148a64c23a,scripts/analyze_softmax_probe_counterbalanced.py,3c3695c92b215666065f2706ecdec7dd63a803bf024376ef3bf111665ec5faf5,scripts/analyze_softmax_operand_rate_atc.py,1222055375cff076ef165f71d3f738492be9e92d82f0289a94f368be82fecbdb,scripts/run_softmax_ex2_factorial_matrix.py,a985e33c279938f578cb2358ea6e4374216d58e226d7c6c809ec0741d6cb48ab,results/raw/rtx3090_fp16_softmax_operand_rate_atc_matrix60_p20_repro_v1_20260724_mb05_o013_fp32_g16_s128_raw.csv,results/raw/rtx3090_fp16_softmax_operand_rate_atc_matrix60_p20_repro_v1_20260724_mb05_o013_fp32_g16_s128_manifest.csv,results/raw/rtx3090_fp16_softmax_operand_rate_atc_matrix60_p20_repro_v1_20260724_mb05_o013_fp32_g16_s128_raw_energy_trace.csv,results/raw/rtx3090_fp16_softmax_operand_rate_atc_matrix60_p20_repro_v1_20260724_mb05_o013_fp32_g16_s128_cache_reuse_candidate_g16_preheat.csv,results/summary/rtx3090_softmax_ex2_matrix_matrix60_p20_repro_v1_20260724_c013_mb05_fp32_g16_s128_triplets.csv,results/summary/rtx3090_softmax_ex2_matrix_matrix60_p20_repro_v1_20260724_c013_mb05_fp32_g16_s128_matched.csv,results/summary/rtx3090_softmax_ex2_matrix_matrix60_p20_repro_v1_20260724_c013_mb05_fp32_g16_s128_summary.csv,docs/results/rtx3090_softmax_ex2_matrix_matrix60_p20_repro_v1_20260724_c013_mb05_fp32_g16_s128_ko.md,results/logs/rtx3090_softmax_ex2_matrix_matrix60_p20_repro_v1_20260724_c013_mb05_fp32_g16_s128.log,a3996e4dc8110960f2846b347ee52f702b41e40281cfc2fe99993df509a487cc,python3 scripts/run_softmax_operand_rate_atc.py --binary build-softmax/a100_fp16_softmax_energy --gpu-id 0 --target-profile rtx3090 --exp-impl fp32 --softmax-cols 128 --blocks-per-sm 2 --grid-blocks-list 16 --control-mode probe --logit-scale 4.0 --seconds 13.0 --idle-measure-seconds 1.0 --pairs 6 --bracket-warmup-pairs 1 --execution-mode persistent_bracket --bracket-idle-policy batch_once --bracket-order counterbalanced6 --preheat-seconds 20.0 --preheat-actual-min-seconds 16.0 --preheat-actual-max-seconds 30.0 --conditions cache_reuse_candidate --cache-policy default --energy-trace 1 --energy-trace-sample-ms 500.0 --energy-trace-min-updates 16 --tag matrix60_p20_repro_v1_20260724_mb05_o013_fp32_g16_s128 --out-dir results/raw --max-gpu-util-pct 10.0 --max-memory-util-pct 15.0 --quiescence-timeout-s 60.0 --quiescence-poll-s 1.0 --quiescence-consecutive-samples 2,9f8b7f41d5410726884e52420a3f24f4ca3985d143e19c93cdccdb00e8037418,python3 scripts/analyze_softmax_probe_counterbalanced.py --input results/raw/rtx3090_fp16_softmax_operand_rate_atc_matrix60_p20_repro_v1_20260724_mb05_o013_fp32_g16_s128_raw.csv --energy-trace-input results/raw/rtx3090_fp16_softmax_operand_rate_atc_matrix60_p20_repro_v1_20260724_mb05_o013_fp32_g16_s128_raw_energy_trace.csv --manifest results/raw/rtx3090_fp16_softmax_operand_rate_atc_matrix60_p20_repro_v1_20260724_mb05_o013_fp32_g16_s128_manifest.csv --exp-impl fp32 --grid-blocks 16 --triplet-out results/summary/rtx3090_softmax_ex2_matrix_matrix60_p20_repro_v1_20260724_c013_mb05_fp32_g16_s128_triplets.csv --matched-out results/summary/rtx3090_softmax_ex2_matrix_matrix60_p20_repro_v1_20260724_c013_mb05_fp32_g16_s128_matched.csv --summary-out results/summary/rtx3090_softmax_ex2_matrix_matrix60_p20_repro_v1_20260724_c013_mb05_fp32_g16_s128_summary.csv --report-out docs/results/rtx3090_softmax_ex2_matrix_matrix60_p20_repro_v1_20260724_c013_mb05_fp32_g16_s128_ko.md --decision-stage pilot --energy-trace-min-fit-points 16 --bootstrap-samples 4000 --seed 20273840
rtx3090_softmax_ex2_factorial_matrix_v1,matrix60_p20_repro_v1_20260724,sha256_ranked_macroblocks_stratified_balanced_impl_permutations_v2,20260723,14,5,mb05_g16_s128,2,fp32>ptx_f16x2>ptx_f16,c014_mb05_ptx_f16x2_g16_s128,matrix60_p20_repro_v1_20260724_mb05_o014_ptx_f16x2_g16_s128,ptx_f16x2,ptx_ex2_approx_f16x2,16,16,128,rtx3090,probe,2,4.0,cache_reuse_candidate,default,13.0,1.0,6,1,counterbalanced6,batch_once,500.0,16,20.0,16.0,30.0,build-softmax/a100_fp16_softmax_energy,eeda8c0a1df3628d04c5bf15a486ba3dd0fc43935fbc51a18505a1dffb409b66,scripts/run_softmax_operand_rate_atc.py,a64b58006b3abf237c7d0da5f3109a5422ee2891ae0748d33453a3148a64c23a,scripts/analyze_softmax_probe_counterbalanced.py,3c3695c92b215666065f2706ecdec7dd63a803bf024376ef3bf111665ec5faf5,scripts/analyze_softmax_operand_rate_atc.py,1222055375cff076ef165f71d3f738492be9e92d82f0289a94f368be82fecbdb,scripts/run_softmax_ex2_factorial_matrix.py,a985e33c279938f578cb2358ea6e4374216d58e226d7c6c809ec0741d6cb48ab,results/raw/rtx3090_fp16_softmax_operand_rate_atc_matrix60_p20_repro_v1_20260724_mb05_o014_ptx_f16x2_g16_s128_ptx_f16x2_raw.csv,results/raw/rtx3090_fp16_softmax_operand_rate_atc_matrix60_p20_repro_v1_20260724_mb05_o014_ptx_f16x2_g16_s128_ptx_f16x2_manifest.csv,results/raw/rtx3090_fp16_softmax_operand_rate_atc_matrix60_p20_repro_v1_20260724_mb05_o014_ptx_f16x2_g16_s128_ptx_f16x2_raw_energy_trace.csv,results/raw/rtx3090_fp16_softmax_operand_rate_atc_matrix60_p20_repro_v1_20260724_mb05_o014_ptx_f16x2_g16_s128_ptx_f16x2_cache_reuse_candidate_g16_preheat.csv,results/summary/rtx3090_softmax_ex2_matrix_matrix60_p20_repro_v1_20260724_c014_mb05_ptx_f16x2_g16_s128_triplets.csv,results/summary/rtx3090_softmax_ex2_matrix_matrix60_p20_repro_v1_20260724_c014_mb05_ptx_f16x2_g16_s128_matched.csv,results/summary/rtx3090_softmax_ex2_matrix_matrix60_p20_repro_v1_20260724_c014_mb05_ptx_f16x2_g16_s128_summary.csv,docs/results/rtx3090_softmax_ex2_matrix_matrix60_p20_repro_v1_20260724_c014_mb05_ptx_f16x2_g16_s128_ko.md,results/logs/rtx3090_softmax_ex2_matrix_matrix60_p20_repro_v1_20260724_c014_mb05_ptx_f16x2_g16_s128.log,81c610041803c98593d1bd2c1aec4de200b12bc96e2fc2db650aa0a0c9dce241,python3 scripts/run_softmax_operand_rate_atc.py --binary build-softmax/a100_fp16_softmax_energy --gpu-id 0 --target-profile rtx3090 --exp-impl ptx_f16x2 --softmax-cols 128 --blocks-per-sm 2 --grid-blocks-list 16 --control-mode probe --logit-scale 4.0 --seconds 13.0 --idle-measure-seconds 1.0 --pairs 6 --bracket-warmup-pairs 1 --execution-mode persistent_bracket --bracket-idle-policy batch_once --bracket-order counterbalanced6 --preheat-seconds 20.0 --preheat-actual-min-seconds 16.0 --preheat-actual-max-seconds 30.0 --conditions cache_reuse_candidate --cache-policy default --energy-trace 1 --energy-trace-sample-ms 500.0 --energy-trace-min-updates 16 --tag matrix60_p20_repro_v1_20260724_mb05_o014_ptx_f16x2_g16_s128 --out-dir results/raw --max-gpu-util-pct 10.0 --max-memory-util-pct 15.0 --quiescence-timeout-s 60.0 --quiescence-poll-s 1.0 --quiescence-consecutive-samples 2,53ead893ab4a9e5422489de5aa1f6bb90a011448b81fe08ab3344cdebf773d96,python3 scripts/analyze_softmax_probe_counterbalanced.py --input results/raw/rtx3090_fp16_softmax_operand_rate_atc_matrix60_p20_repro_v1_20260724_mb05_o014_ptx_f16x2_g16_s128_ptx_f16x2_raw.csv --energy-trace-input results/raw/rtx3090_fp16_softmax_operand_rate_atc_matrix60_p20_repro_v1_20260724_mb05_o014_ptx_f16x2_g16_s128_ptx_f16x2_raw_energy_trace.csv --manifest results/raw/rtx3090_fp16_softmax_operand_rate_atc_matrix60_p20_repro_v1_20260724_mb05_o014_ptx_f16x2_g16_s128_ptx_f16x2_manifest.csv --exp-impl ptx_f16x2 --grid-blocks 16 --triplet-out results/summary/rtx3090_softmax_ex2_matrix_matrix60_p20_repro_v1_20260724_c014_mb05_ptx_f16x2_g16_s128_triplets.csv --matched-out results/summary/rtx3090_softmax_ex2_matrix_matrix60_p20_repro_v1_20260724_c014_mb05_ptx_f16x2_g16_s128_matched.csv --summary-out results/summary/rtx3090_softmax_ex2_matrix_matrix60_p20_repro_v1_20260724_c014_mb05_ptx_f16x2_g16_s128_summary.csv --report-out docs/results/rtx3090_softmax_ex2_matrix_matrix60_p20_repro_v1_20260724_c014_mb05_ptx_f16x2_g16_s128_ko.md --decision-stage pilot --energy-trace-min-fit-points 16 --bootstrap-samples 4000 --seed 20274849
rtx3090_softmax_ex2_factorial_matrix_v1,matrix60_p20_repro_v1_20260724,sha256_ranked_macroblocks_stratified_balanced_impl_permutations_v2,20260723,15,5,mb05_g16_s128,3,fp32>ptx_f16x2>ptx_f16,c015_mb05_ptx_f16_g16_s128,matrix60_p20_repro_v1_20260724_mb05_o015_ptx_f16_g16_s128,ptx_f16,ptx_ex2_approx_f16,16,16,128,rtx3090,probe,2,4.0,cache_reuse_candidate,default,13.0,1.0,6,1,counterbalanced6,batch_once,500.0,16,20.0,16.0,30.0,build-softmax/a100_fp16_softmax_energy,eeda8c0a1df3628d04c5bf15a486ba3dd0fc43935fbc51a18505a1dffb409b66,scripts/run_softmax_operand_rate_atc.py,a64b58006b3abf237c7d0da5f3109a5422ee2891ae0748d33453a3148a64c23a,scripts/analyze_softmax_probe_counterbalanced.py,3c3695c92b215666065f2706ecdec7dd63a803bf024376ef3bf111665ec5faf5,scripts/analyze_softmax_operand_rate_atc.py,1222055375cff076ef165f71d3f738492be9e92d82f0289a94f368be82fecbdb,scripts/run_softmax_ex2_factorial_matrix.py,a985e33c279938f578cb2358ea6e4374216d58e226d7c6c809ec0741d6cb48ab,results/raw/rtx3090_fp16_softmax_operand_rate_atc_matrix60_p20_repro_v1_20260724_mb05_o015_ptx_f16_g16_s128_ptx_f16_raw.csv,results/raw/rtx3090_fp16_softmax_operand_rate_atc_matrix60_p20_repro_v1_20260724_mb05_o015_ptx_f16_g16_s128_ptx_f16_manifest.csv,results/raw/rtx3090_fp16_softmax_operand_rate_atc_matrix60_p20_repro_v1_20260724_mb05_o015_ptx_f16_g16_s128_ptx_f16_raw_energy_trace.csv,results/raw/rtx3090_fp16_softmax_operand_rate_atc_matrix60_p20_repro_v1_20260724_mb05_o015_ptx_f16_g16_s128_ptx_f16_cache_reuse_candidate_g16_preheat.csv,results/summary/rtx3090_softmax_ex2_matrix_matrix60_p20_repro_v1_20260724_c015_mb05_ptx_f16_g16_s128_triplets.csv,results/summary/rtx3090_softmax_ex2_matrix_matrix60_p20_repro_v1_20260724_c015_mb05_ptx_f16_g16_s128_matched.csv,results/summary/rtx3090_softmax_ex2_matrix_matrix60_p20_repro_v1_20260724_c015_mb05_ptx_f16_g16_s128_summary.csv,docs/results/rtx3090_softmax_ex2_matrix_matrix60_p20_repro_v1_20260724_c015_mb05_ptx_f16_g16_s128_ko.md,results/logs/rtx3090_softmax_ex2_matrix_matrix60_p20_repro_v1_20260724_c015_mb05_ptx_f16_g16_s128.log,20aec83e66aa8b52e25f6ca63332606da901e57a480c38615fe32da9b2a61672,python3 scripts/run_softmax_operand_rate_atc.py --binary build-softmax/a100_fp16_softmax_energy --gpu-id 0 --target-profile rtx3090 --exp-impl ptx_f16 --softmax-cols 128 --blocks-per-sm 2 --grid-blocks-list 16 --control-mode probe --logit-scale 4.0 --seconds 13.0 --idle-measure-seconds 1.0 --pairs 6 --bracket-warmup-pairs 1 --execution-mode persistent_bracket --bracket-idle-policy batch_once --bracket-order counterbalanced6 --preheat-seconds 20.0 --preheat-actual-min-seconds 16.0 --preheat-actual-max-seconds 30.0 --conditions cache_reuse_candidate --cache-policy default --energy-trace 1 --energy-trace-sample-ms 500.0 --energy-trace-min-updates 16 --tag matrix60_p20_repro_v1_20260724_mb05_o015_ptx_f16_g16_s128 --out-dir results/raw --max-gpu-util-pct 10.0 --max-memory-util-pct 15.0 --quiescence-timeout-s 60.0 --quiescence-poll-s 1.0 --quiescence-consecutive-samples 2,9e707db739a8ed5d697c55305c679cdeca30e7ff4e45b2b464e653e2fc887f72,python3 scripts/analyze_softmax_probe_counterbalanced.py --input results/raw/rtx3090_fp16_softmax_operand_rate_atc_matrix60_p20_repro_v1_20260724_mb05_o015_ptx_f16_g16_s128_ptx_f16_raw.csv --energy-trace-input results/raw/rtx3090_fp16_softmax_operand_rate_atc_matrix60_p20_repro_v1_20260724_mb05_o015_ptx_f16_g16_s128_ptx_f16_raw_energy_trace.csv --manifest results/raw/rtx3090_fp16_softmax_operand_rate_atc_matrix60_p20_repro_v1_20260724_mb05_o015_ptx_f16_g16_s128_ptx_f16_manifest.csv --exp-impl ptx_f16 --grid-blocks 16 --triplet-out results/summary/rtx3090_softmax_ex2_matrix_matrix60_p20_repro_v1_20260724_c015_mb05_ptx_f16_g16_s128_triplets.csv --matched-out results/summary/rtx3090_softmax_ex2_matrix_matrix60_p20_repro_v1_20260724_c015_mb05_ptx_f16_g16_s128_matched.csv --summary-out results/summary/rtx3090_softmax_ex2_matrix_matrix60_p20_repro_v1_20260724_c015_mb05_ptx_f16_g16_s128_summary.csv --report-out docs/results/rtx3090_softmax_ex2_matrix_matrix60_p20_repro_v1_20260724_c015_mb05_ptx_f16_g16_s128_ko.md --decision-stage pilot --energy-trace-min-fit-points 16 --bootstrap-samples 4000 --seed 20275858
rtx3090_softmax_ex2_factorial_matrix_v1,matrix60_p20_repro_v1_20260724,sha256_ranked_macroblocks_stratified_balanced_impl_permutations_v2,20260723,16,6,mb06_g32_s2048,1,ptx_f16x2>ptx_f16>fp32,c016_mb06_ptx_f16x2_g32_s2048,matrix60_p20_repro_v1_20260724_mb06_o016_ptx_f16x2_g32_s2048,ptx_f16x2,ptx_ex2_approx_f16x2,32,32,2048,rtx3090,probe,2,4.0,cache_reuse_candidate,default,13.0,1.0,6,1,counterbalanced6,batch_once,500.0,16,20.0,16.0,30.0,build-softmax/a100_fp16_softmax_energy,eeda8c0a1df3628d04c5bf15a486ba3dd0fc43935fbc51a18505a1dffb409b66,scripts/run_softmax_operand_rate_atc.py,a64b58006b3abf237c7d0da5f3109a5422ee2891ae0748d33453a3148a64c23a,scripts/analyze_softmax_probe_counterbalanced.py,3c3695c92b215666065f2706ecdec7dd63a803bf024376ef3bf111665ec5faf5,scripts/analyze_softmax_operand_rate_atc.py,1222055375cff076ef165f71d3f738492be9e92d82f0289a94f368be82fecbdb,scripts/run_softmax_ex2_factorial_matrix.py,a985e33c279938f578cb2358ea6e4374216d58e226d7c6c809ec0741d6cb48ab,results/raw/rtx3090_fp16_softmax_operand_rate_atc_matrix60_p20_repro_v1_20260724_mb06_o016_ptx_f16x2_g32_s2048_ptx_f16x2_raw.csv,results/raw/rtx3090_fp16_softmax_operand_rate_atc_matrix60_p20_repro_v1_20260724_mb06_o016_ptx_f16x2_g32_s2048_ptx_f16x2_manifest.csv,results/raw/rtx3090_fp16_softmax_operand_rate_atc_matrix60_p20_repro_v1_20260724_mb06_o016_ptx_f16x2_g32_s2048_ptx_f16x2_raw_energy_trace.csv,results/raw/rtx3090_fp16_softmax_operand_rate_atc_matrix60_p20_repro_v1_20260724_mb06_o016_ptx_f16x2_g32_s2048_ptx_f16x2_cache_reuse_candidate_g32_preheat.csv,results/summary/rtx3090_softmax_ex2_matrix_matrix60_p20_repro_v1_20260724_c016_mb06_ptx_f16x2_g32_s2048_triplets.csv,results/summary/rtx3090_softmax_ex2_matrix_matrix60_p20_repro_v1_20260724_c016_mb06_ptx_f16x2_g32_s2048_matched.csv,results/summary/rtx3090_softmax_ex2_matrix_matrix60_p20_repro_v1_20260724_c016_mb06_ptx_f16x2_g32_s2048_summary.csv,docs/results/rtx3090_softmax_ex2_matrix_matrix60_p20_repro_v1_20260724_c016_mb06_ptx_f16x2_g32_s2048_ko.md,results/logs/rtx3090_softmax_ex2_matrix_matrix60_p20_repro_v1_20260724_c016_mb06_ptx_f16x2_g32_s2048.log,1738a9e922c6b3ef4f5e7cca36dc509ee82ef2e6ba8a5e38c9b03bade19ee472,python3 scripts/run_softmax_operand_rate_atc.py --binary build-softmax/a100_fp16_softmax_energy --gpu-id 0 --target-profile rtx3090 --exp-impl ptx_f16x2 --softmax-cols 2048 --blocks-per-sm 2 --grid-blocks-list 32 --control-mode probe --logit-scale 4.0 --seconds 13.0 --idle-measure-seconds 1.0 --pairs 6 --bracket-warmup-pairs 1 --execution-mode persistent_bracket --bracket-idle-policy batch_once --bracket-order counterbalanced6 --preheat-seconds 20.0 --preheat-actual-min-seconds 16.0 --preheat-actual-max-seconds 30.0 --conditions cache_reuse_candidate --cache-policy default --energy-trace 1 --energy-trace-sample-ms 500.0 --energy-trace-min-updates 16 --tag matrix60_p20_repro_v1_20260724_mb06_o016_ptx_f16x2_g32_s2048 --out-dir results/raw --max-gpu-util-pct 10.0 --max-memory-util-pct 15.0 --quiescence-timeout-s 60.0 --quiescence-poll-s 1.0 --quiescence-consecutive-samples 2,b86b68744a13db27b27972f103c47937e024ca14af53a80dab9df0dac56da48c,python3 scripts/analyze_softmax_probe_counterbalanced.py --input results/raw/rtx3090_fp16_softmax_operand_rate_atc_matrix60_p20_repro_v1_20260724_mb06_o016_ptx_f16x2_g32_s2048_ptx_f16x2_raw.csv --energy-trace-input results/raw/rtx3090_fp16_softmax_operand_rate_atc_matrix60_p20_repro_v1_20260724_mb06_o016_ptx_f16x2_g32_s2048_ptx_f16x2_raw_energy_trace.csv --manifest results/raw/rtx3090_fp16_softmax_operand_rate_atc_matrix60_p20_repro_v1_20260724_mb06_o016_ptx_f16x2_g32_s2048_ptx_f16x2_manifest.csv --exp-impl ptx_f16x2 --grid-blocks 32 --triplet-out results/summary/rtx3090_softmax_ex2_matrix_matrix60_p20_repro_v1_20260724_c016_mb06_ptx_f16x2_g32_s2048_triplets.csv --matched-out results/summary/rtx3090_softmax_ex2_matrix_matrix60_p20_repro_v1_20260724_c016_mb06_ptx_f16x2_g32_s2048_matched.csv --summary-out results/summary/rtx3090_softmax_ex2_matrix_matrix60_p20_repro_v1_20260724_c016_mb06_ptx_f16x2_g32_s2048_summary.csv --report-out docs/results/rtx3090_softmax_ex2_matrix_matrix60_p20_repro_v1_20260724_c016_mb06_ptx_f16x2_g32_s2048_ko.md --decision-stage pilot --energy-trace-min-fit-points 16 --bootstrap-samples 4000 --seed 20276867
rtx3090_softmax_ex2_factorial_matrix_v1,matrix60_p20_repro_v1_20260724,sha256_ranked_macroblocks_stratified_balanced_impl_permutations_v2,20260723,17,6,mb06_g32_s2048,2,ptx_f16x2>ptx_f16>fp32,c017_mb06_ptx_f16_g32_s2048,matrix60_p20_repro_v1_20260724_mb06_o017_ptx_f16_g32_s2048,ptx_f16,ptx_ex2_approx_f16,32,32,2048,rtx3090,probe,2,4.0,cache_reuse_candidate,default,13.0,1.0,6,1,counterbalanced6,batch_once,500.0,16,20.0,16.0,30.0,build-softmax/a100_fp16_softmax_energy,eeda8c0a1df3628d04c5bf15a486ba3dd0fc43935fbc51a18505a1dffb409b66,scripts/run_softmax_operand_rate_atc.py,a64b58006b3abf237c7d0da5f3109a5422ee2891ae0748d33453a3148a64c23a,scripts/analyze_softmax_probe_counterbalanced.py,3c3695c92b215666065f2706ecdec7dd63a803bf024376ef3bf111665ec5faf5,scripts/analyze_softmax_operand_rate_atc.py,1222055375cff076ef165f71d3f738492be9e92d82f0289a94f368be82fecbdb,scripts/run_softmax_ex2_factorial_matrix.py,a985e33c279938f578cb2358ea6e4374216d58e226d7c6c809ec0741d6cb48ab,results/raw/rtx3090_fp16_softmax_operand_rate_atc_matrix60_p20_repro_v1_20260724_mb06_o017_ptx_f16_g32_s2048_ptx_f16_raw.csv,results/raw/rtx3090_fp16_softmax_operand_rate_atc_matrix60_p20_repro_v1_20260724_mb06_o017_ptx_f16_g32_s2048_ptx_f16_manifest.csv,results/raw/rtx3090_fp16_softmax_operand_rate_atc_matrix60_p20_repro_v1_20260724_mb06_o017_ptx_f16_g32_s2048_ptx_f16_raw_energy_trace.csv,results/raw/rtx3090_fp16_softmax_operand_rate_atc_matrix60_p20_repro_v1_20260724_mb06_o017_ptx_f16_g32_s2048_ptx_f16_cache_reuse_candidate_g32_preheat.csv,results/summary/rtx3090_softmax_ex2_matrix_matrix60_p20_repro_v1_20260724_c017_mb06_ptx_f16_g32_s2048_triplets.csv,results/summary/rtx3090_softmax_ex2_matrix_matrix60_p20_repro_v1_20260724_c017_mb06_ptx_f16_g32_s2048_matched.csv,results/summary/rtx3090_softmax_ex2_matrix_matrix60_p20_repro_v1_20260724_c017_mb06_ptx_f16_g32_s2048_summary.csv,docs/results/rtx3090_softmax_ex2_matrix_matrix60_p20_repro_v1_20260724_c017_mb06_ptx_f16_g32_s2048_ko.md,results/logs/rtx3090_softmax_ex2_matrix_matrix60_p20_repro_v1_20260724_c017_mb06_ptx_f16_g32_s2048.log,eab4addcf84f468d4bda551b118aa208e14be02f394f5e07747c1ae2acf7b6eb,python3 scripts/run_softmax_operand_rate_atc.py --binary build-softmax/a100_fp16_softmax_energy --gpu-id 0 --target-profile rtx3090 --exp-impl ptx_f16 --softmax-cols 2048 --blocks-per-sm 2 --grid-blocks-list 32 --control-mode probe --logit-scale 4.0 --seconds 13.0 --idle-measure-seconds 1.0 --pairs 6 --bracket-warmup-pairs 1 --execution-mode persistent_bracket --bracket-idle-policy batch_once --bracket-order counterbalanced6 --preheat-seconds 20.0 --preheat-actual-min-seconds 16.0 --preheat-actual-max-seconds 30.0 --conditions cache_reuse_candidate --cache-policy default --energy-trace 1 --energy-trace-sample-ms 500.0 --energy-trace-min-updates 16 --tag matrix60_p20_repro_v1_20260724_mb06_o017_ptx_f16_g32_s2048 --out-dir results/raw --max-gpu-util-pct 10.0 --max-memory-util-pct 15.0 --quiescence-timeout-s 60.0 --quiescence-poll-s 1.0 --quiescence-consecutive-samples 2,f4758f45d6dffea79a184274b107f9a2e626d95d2d3fe5c31d02a87d2b410204,python3 scripts/analyze_softmax_probe_counterbalanced.py --input results/raw/rtx3090_fp16_softmax_operand_rate_atc_matrix60_p20_repro_v1_20260724_mb06_o017_ptx_f16_g32_s2048_ptx_f16_raw.csv --energy-trace-input results/raw/rtx3090_fp16_softmax_operand_rate_atc_matrix60_p20_repro_v1_20260724_mb06_o017_ptx_f16_g32_s2048_ptx_f16_raw_energy_trace.csv --manifest results/raw/rtx3090_fp16_softmax_operand_rate_atc_matrix60_p20_repro_v1_20260724_mb06_o017_ptx_f16_g32_s2048_ptx_f16_manifest.csv --exp-impl ptx_f16 --grid-blocks 32 --triplet-out results/summary/rtx3090_softmax_ex2_matrix_matrix60_p20_repro_v1_20260724_c017_mb06_ptx_f16_g32_s2048_triplets.csv --matched-out results/summary/rtx3090_softmax_ex2_matrix_matrix60_p20_repro_v1_20260724_c017_mb06_ptx_f16_g32_s2048_matched.csv --summary-out results/summary/rtx3090_softmax_ex2_matrix_matrix60_p20_repro_v1_20260724_c017_mb06_ptx_f16_g32_s2048_summary.csv --report-out docs/results/rtx3090_softmax_ex2_matrix_matrix60_p20_repro_v1_20260724_c017_mb06_ptx_f16_g32_s2048_ko.md --decision-stage pilot --energy-trace-min-fit-points 16 --bootstrap-samples 4000 --seed 20277876
rtx3090_softmax_ex2_factorial_matrix_v1,matrix60_p20_repro_v1_20260724,sha256_ranked_macroblocks_stratified_balanced_impl_permutations_v2,20260723,18,6,mb06_g32_s2048,3,ptx_f16x2>ptx_f16>fp32,c018_mb06_fp32_g32_s2048,matrix60_p20_repro_v1_20260724_mb06_o018_fp32_g32_s2048,fp32,fp32_fast___expf,32,32,2048,rtx3090,probe,2,4.0,cache_reuse_candidate,default,13.0,1.0,6,1,counterbalanced6,batch_once,500.0,16,20.0,16.0,30.0,build-softmax/a100_fp16_softmax_energy,eeda8c0a1df3628d04c5bf15a486ba3dd0fc43935fbc51a18505a1dffb409b66,scripts/run_softmax_operand_rate_atc.py,a64b58006b3abf237c7d0da5f3109a5422ee2891ae0748d33453a3148a64c23a,scripts/analyze_softmax_probe_counterbalanced.py,3c3695c92b215666065f2706ecdec7dd63a803bf024376ef3bf111665ec5faf5,scripts/analyze_softmax_operand_rate_atc.py,1222055375cff076ef165f71d3f738492be9e92d82f0289a94f368be82fecbdb,scripts/run_softmax_ex2_factorial_matrix.py,a985e33c279938f578cb2358ea6e4374216d58e226d7c6c809ec0741d6cb48ab,results/raw/rtx3090_fp16_softmax_operand_rate_atc_matrix60_p20_repro_v1_20260724_mb06_o018_fp32_g32_s2048_raw.csv,results/raw/rtx3090_fp16_softmax_operand_rate_atc_matrix60_p20_repro_v1_20260724_mb06_o018_fp32_g32_s2048_manifest.csv,results/raw/rtx3090_fp16_softmax_operand_rate_atc_matrix60_p20_repro_v1_20260724_mb06_o018_fp32_g32_s2048_raw_energy_trace.csv,results/raw/rtx3090_fp16_softmax_operand_rate_atc_matrix60_p20_repro_v1_20260724_mb06_o018_fp32_g32_s2048_cache_reuse_candidate_g32_preheat.csv,results/summary/rtx3090_softmax_ex2_matrix_matrix60_p20_repro_v1_20260724_c018_mb06_fp32_g32_s2048_triplets.csv,results/summary/rtx3090_softmax_ex2_matrix_matrix60_p20_repro_v1_20260724_c018_mb06_fp32_g32_s2048_matched.csv,results/summary/rtx3090_softmax_ex2_matrix_matrix60_p20_repro_v1_20260724_c018_mb06_fp32_g32_s2048_summary.csv,docs/results/rtx3090_softmax_ex2_matrix_matrix60_p20_repro_v1_20260724_c018_mb06_fp32_g32_s2048_ko.md,results/logs/rtx3090_softmax_ex2_matrix_matrix60_p20_repro_v1_20260724_c018_mb06_fp32_g32_s2048.log,866c9089a743ffdd224c447125d05769b91ee73b0343b17466dcb6b93f757d00,python3 scripts/run_softmax_operand_rate_atc.py --binary build-softmax/a100_fp16_softmax_energy --gpu-id 0 --target-profile rtx3090 --exp-impl fp32 --softmax-cols 2048 --blocks-per-sm 2 --grid-blocks-list 32 --control-mode probe --logit-scale 4.0 --seconds 13.0 --idle-measure-seconds 1.0 --pairs 6 --bracket-warmup-pairs 1 --execution-mode persistent_bracket --bracket-idle-policy batch_once --bracket-order counterbalanced6 --preheat-seconds 20.0 --preheat-actual-min-seconds 16.0 --preheat-actual-max-seconds 30.0 --conditions cache_reuse_candidate --cache-policy default --energy-trace 1 --energy-trace-sample-ms 500.0 --energy-trace-min-updates 16 --tag matrix60_p20_repro_v1_20260724_mb06_o018_fp32_g32_s2048 --out-dir results/raw --max-gpu-util-pct 10.0 --max-memory-util-pct 15.0 --quiescence-timeout-s 60.0 --quiescence-poll-s 1.0 --quiescence-consecutive-samples 2,b1532e6c0662d7a8186ed2717ea9340cefe97ba385187badd8fb43eab36e0d32,python3 scripts/analyze_softmax_probe_counterbalanced.py --input results/raw/rtx3090_fp16_softmax_operand_rate_atc_matrix60_p20_repro_v1_20260724_mb06_o018_fp32_g32_s2048_raw.csv --energy-trace-input results/raw/rtx3090_fp16_softmax_operand_rate_atc_matrix60_p20_repro_v1_20260724_mb06_o018_fp32_g32_s2048_raw_energy_trace.csv --manifest results/raw/rtx3090_fp16_softmax_operand_rate_atc_matrix60_p20_repro_v1_20260724_mb06_o018_fp32_g32_s2048_manifest.csv --exp-impl fp32 --grid-blocks 32 --triplet-out results/summary/rtx3090_softmax_ex2_matrix_matrix60_p20_repro_v1_20260724_c018_mb06_fp32_g32_s2048_triplets.csv --matched-out results/summary/rtx3090_softmax_ex2_matrix_matrix60_p20_repro_v1_20260724_c018_mb06_fp32_g32_s2048_matched.csv --summary-out results/summary/rtx3090_softmax_ex2_matrix_matrix60_p20_repro_v1_20260724_c018_mb06_fp32_g32_s2048_summary.csv --report-out docs/results/rtx3090_softmax_ex2_matrix_matrix60_p20_repro_v1_20260724_c018_mb06_fp32_g32_s2048_ko.md --decision-stage pilot --energy-trace-min-fit-points 16 --bootstrap-samples 4000 --seed 20278885
rtx3090_softmax_ex2_factorial_matrix_v1,matrix60_p20_repro_v1_20260724,sha256_ranked_macroblocks_stratified_balanced_impl_permutations_v2,20260723,19,7,mb07_g32_s1024,1,fp32>ptx_f16x2>ptx_f16,c019_mb07_fp32_g32_s1024,matrix60_p20_repro_v1_20260724_mb07_o019_fp32_g32_s1024,fp32,fp32_fast___expf,32,32,1024,rtx3090,probe,2,4.0,cache_reuse_candidate,default,13.0,1.0,6,1,counterbalanced6,batch_once,500.0,16,20.0,16.0,30.0,build-softmax/a100_fp16_softmax_energy,eeda8c0a1df3628d04c5bf15a486ba3dd0fc43935fbc51a18505a1dffb409b66,scripts/run_softmax_operand_rate_atc.py,a64b58006b3abf237c7d0da5f3109a5422ee2891ae0748d33453a3148a64c23a,scripts/analyze_softmax_probe_counterbalanced.py,3c3695c92b215666065f2706ecdec7dd63a803bf024376ef3bf111665ec5faf5,scripts/analyze_softmax_operand_rate_atc.py,1222055375cff076ef165f71d3f738492be9e92d82f0289a94f368be82fecbdb,scripts/run_softmax_ex2_factorial_matrix.py,a985e33c279938f578cb2358ea6e4374216d58e226d7c6c809ec0741d6cb48ab,results/raw/rtx3090_fp16_softmax_operand_rate_atc_matrix60_p20_repro_v1_20260724_mb07_o019_fp32_g32_s1024_raw.csv,results/raw/rtx3090_fp16_softmax_operand_rate_atc_matrix60_p20_repro_v1_20260724_mb07_o019_fp32_g32_s1024_manifest.csv,results/raw/rtx3090_fp16_softmax_operand_rate_atc_matrix60_p20_repro_v1_20260724_mb07_o019_fp32_g32_s1024_raw_energy_trace.csv,results/raw/rtx3090_fp16_softmax_operand_rate_atc_matrix60_p20_repro_v1_20260724_mb07_o019_fp32_g32_s1024_cache_reuse_candidate_g32_preheat.csv,results/summary/rtx3090_softmax_ex2_matrix_matrix60_p20_repro_v1_20260724_c019_mb07_fp32_g32_s1024_triplets.csv,results/summary/rtx3090_softmax_ex2_matrix_matrix60_p20_repro_v1_20260724_c019_mb07_fp32_g32_s1024_matched.csv,results/summary/rtx3090_softmax_ex2_matrix_matrix60_p20_repro_v1_20260724_c019_mb07_fp32_g32_s1024_summary.csv,docs/results/rtx3090_softmax_ex2_matrix_matrix60_p20_repro_v1_20260724_c019_mb07_fp32_g32_s1024_ko.md,results/logs/rtx3090_softmax_ex2_matrix_matrix60_p20_repro_v1_20260724_c019_mb07_fp32_g32_s1024.log,8c9d76253692bc0fe39663c10c67e7e6c0ff19ba2ca3fb033a825049160c1da8,python3 scripts/run_softmax_operand_rate_atc.py --binary build-softmax/a100_fp16_softmax_energy --gpu-id 0 --target-profile rtx3090 --exp-impl fp32 --softmax-cols 1024 --blocks-per-sm 2 --grid-blocks-list 32 --control-mode probe --logit-scale 4.0 --seconds 13.0 --idle-measure-seconds 1.0 --pairs 6 --bracket-warmup-pairs 1 --execution-mode persistent_bracket --bracket-idle-policy batch_once --bracket-order counterbalanced6 --preheat-seconds 20.0 --preheat-actual-min-seconds 16.0 --preheat-actual-max-seconds 30.0 --conditions cache_reuse_candidate --cache-policy default --energy-trace 1 --energy-trace-sample-ms 500.0 --energy-trace-min-updates 16 --tag matrix60_p20_repro_v1_20260724_mb07_o019_fp32_g32_s1024 --out-dir results/raw --max-gpu-util-pct 10.0 --max-memory-util-pct 15.0 --quiescence-timeout-s 60.0 --quiescence-poll-s 1.0 --quiescence-consecutive-samples 2,43ce00f9f80a8432a4d1eda8d33c6c5d564491fc7c1d967aa080f0890a15503e,python3 scripts/analyze_softmax_probe_counterbalanced.py --input results/raw/rtx3090_fp16_softmax_operand_rate_atc_matrix60_p20_repro_v1_20260724_mb07_o019_fp32_g32_s1024_raw.csv --energy-trace-input results/raw/rtx3090_fp16_softmax_operand_rate_atc_matrix60_p20_repro_v1_20260724_mb07_o019_fp32_g32_s1024_raw_energy_trace.csv --manifest results/raw/rtx3090_fp16_softmax_operand_rate_atc_matrix60_p20_repro_v1_20260724_mb07_o019_fp32_g32_s1024_manifest.csv --exp-impl fp32 --grid-blocks 32 --triplet-out results/summary/rtx3090_softmax_ex2_matrix_matrix60_p20_repro_v1_20260724_c019_mb07_fp32_g32_s1024_triplets.csv --matched-out results/summary/rtx3090_softmax_ex2_matrix_matrix60_p20_repro_v1_20260724_c019_mb07_fp32_g32_s1024_matched.csv --summary-out results/summary/rtx3090_softmax_ex2_matrix_matrix60_p20_repro_v1_20260724_c019_mb07_fp32_g32_s1024_summary.csv --report-out docs/results/rtx3090_softmax_ex2_matrix_matrix60_p20_repro_v1_20260724_c019_mb07_fp32_g32_s1024_ko.md --decision-stage pilot --energy-trace-min-fit-points 16 --bootstrap-samples 4000 --seed 20279894
rtx3090_softmax_ex2_factorial_matrix_v1,matrix60_p20_repro_v1_20260724,sha256_ranked_macroblocks_stratified_balanced_impl_permutations_v2,20260723,20,7,mb07_g32_s1024,2,fp32>ptx_f16x2>ptx_f16,c020_mb07_ptx_f16x2_g32_s1024,matrix60_p20_repro_v1_20260724_mb07_o020_ptx_f16x2_g32_s1024,ptx_f16x2,ptx_ex2_approx_f16x2,32,32,1024,rtx3090,probe,2,4.0,cache_reuse_candidate,default,13.0,1.0,6,1,counterbalanced6,batch_once,500.0,16,20.0,16.0,30.0,build-softmax/a100_fp16_softmax_energy,eeda8c0a1df3628d04c5bf15a486ba3dd0fc43935fbc51a18505a1dffb409b66,scripts/run_softmax_operand_rate_atc.py,a64b58006b3abf237c7d0da5f3109a5422ee2891ae0748d33453a3148a64c23a,scripts/analyze_softmax_probe_counterbalanced.py,3c3695c92b215666065f2706ecdec7dd63a803bf024376ef3bf111665ec5faf5,scripts/analyze_softmax_operand_rate_atc.py,1222055375cff076ef165f71d3f738492be9e92d82f0289a94f368be82fecbdb,scripts/run_softmax_ex2_factorial_matrix.py,a985e33c279938f578cb2358ea6e4374216d58e226d7c6c809ec0741d6cb48ab,results/raw/rtx3090_fp16_softmax_operand_rate_atc_matrix60_p20_repro_v1_20260724_mb07_o020_ptx_f16x2_g32_s1024_ptx_f16x2_raw.csv,results/raw/rtx3090_fp16_softmax_operand_rate_atc_matrix60_p20_repro_v1_20260724_mb07_o020_ptx_f16x2_g32_s1024_ptx_f16x2_manifest.csv,results/raw/rtx3090_fp16_softmax_operand_rate_atc_matrix60_p20_repro_v1_20260724_mb07_o020_ptx_f16x2_g32_s1024_ptx_f16x2_raw_energy_trace.csv,results/raw/rtx3090_fp16_softmax_operand_rate_atc_matrix60_p20_repro_v1_20260724_mb07_o020_ptx_f16x2_g32_s1024_ptx_f16x2_cache_reuse_candidate_g32_preheat.csv,results/summary/rtx3090_softmax_ex2_matrix_matrix60_p20_repro_v1_20260724_c020_mb07_ptx_f16x2_g32_s1024_triplets.csv,results/summary/rtx3090_softmax_ex2_matrix_matrix60_p20_repro_v1_20260724_c020_mb07_ptx_f16x2_g32_s1024_matched.csv,results/summary/rtx3090_softmax_ex2_matrix_matrix60_p20_repro_v1_20260724_c020_mb07_ptx_f16x2_g32_s1024_summary.csv,docs/results/rtx3090_softmax_ex2_matrix_matrix60_p20_repro_v1_20260724_c020_mb07_ptx_f16x2_g32_s1024_ko.md,results/logs/rtx3090_softmax_ex2_matrix_matrix60_p20_repro_v1_20260724_c020_mb07_ptx_f16x2_g32_s1024.log,a661969f927e6df06cde128bf8cdec75e7f2a484673f71b42a7cf1b648a0a1f3,python3 scripts/run_softmax_operand_rate_atc.py --binary build-softmax/a100_fp16_softmax_energy --gpu-id 0 --target-profile rtx3090 --exp-impl ptx_f16x2 --softmax-cols 1024 --blocks-per-sm 2 --grid-blocks-list 32 --control-mode probe --logit-scale 4.0 --seconds 13.0 --idle-measure-seconds 1.0 --pairs 6 --bracket-warmup-pairs 1 --execution-mode persistent_bracket --bracket-idle-policy batch_once --bracket-order counterbalanced6 --preheat-seconds 20.0 --preheat-actual-min-seconds 16.0 --preheat-actual-max-seconds 30.0 --conditions cache_reuse_candidate --cache-policy default --energy-trace 1 --energy-trace-sample-ms 500.0 --energy-trace-min-updates 16 --tag matrix60_p20_repro_v1_20260724_mb07_o020_ptx_f16x2_g32_s1024 --out-dir results/raw --max-gpu-util-pct 10.0 --max-memory-util-pct 15.0 --quiescence-timeout-s 60.0 --quiescence-poll-s 1.0 --quiescence-consecutive-samples 2,20601b2f09f8fe38aee7c2aaf8c9f5c440d7e64f792583a867e066f5b10b1c62,python3 scripts/analyze_softmax_probe_counterbalanced.py --input results/raw/rtx3090_fp16_softmax_operand_rate_atc_matrix60_p20_repro_v1_20260724_mb07_o020_ptx_f16x2_g32_s1024_ptx_f16x2_raw.csv --energy-trace-input results/raw/rtx3090_fp16_softmax_operand_rate_atc_matrix60_p20_repro_v1_20260724_mb07_o020_ptx_f16x2_g32_s1024_ptx_f16x2_raw_energy_trace.csv --manifest results/raw/rtx3090_fp16_softmax_operand_rate_atc_matrix60_p20_repro_v1_20260724_mb07_o020_ptx_f16x2_g32_s1024_ptx_f16x2_manifest.csv --exp-impl ptx_f16x2 --grid-blocks 32 --triplet-out results/summary/rtx3090_softmax_ex2_matrix_matrix60_p20_repro_v1_20260724_c020_mb07_ptx_f16x2_g32_s1024_triplets.csv --matched-out results/summary/rtx3090_softmax_ex2_matrix_matrix60_p20_repro_v1_20260724_c020_mb07_ptx_f16x2_g32_s1024_matched.csv --summary-out results/summary/rtx3090_softmax_ex2_matrix_matrix60_p20_repro_v1_20260724_c020_mb07_ptx_f16x2_g32_s1024_summary.csv --report-out docs/results/rtx3090_softmax_ex2_matrix_matrix60_p20_repro_v1_20260724_c020_mb07_ptx_f16x2_g32_s1024_ko.md --decision-stage pilot --energy-trace-min-fit-points 16 --bootstrap-samples 4000 --seed 20280903
rtx3090_softmax_ex2_factorial_matrix_v1,matrix60_p20_repro_v1_20260724,sha256_ranked_macroblocks_stratified_balanced_impl_permutations_v2,20260723,21,7,mb07_g32_s1024,3,fp32>ptx_f16x2>ptx_f16,c021_mb07_ptx_f16_g32_s1024,matrix60_p20_repro_v1_20260724_mb07_o021_ptx_f16_g32_s1024,ptx_f16,ptx_ex2_approx_f16,32,32,1024,rtx3090,probe,2,4.0,cache_reuse_candidate,default,13.0,1.0,6,1,counterbalanced6,batch_once,500.0,16,20.0,16.0,30.0,build-softmax/a100_fp16_softmax_energy,eeda8c0a1df3628d04c5bf15a486ba3dd0fc43935fbc51a18505a1dffb409b66,scripts/run_softmax_operand_rate_atc.py,a64b58006b3abf237c7d0da5f3109a5422ee2891ae0748d33453a3148a64c23a,scripts/analyze_softmax_probe_counterbalanced.py,3c3695c92b215666065f2706ecdec7dd63a803bf024376ef3bf111665ec5faf5,scripts/analyze_softmax_operand_rate_atc.py,1222055375cff076ef165f71d3f738492be9e92d82f0289a94f368be82fecbdb,scripts/run_softmax_ex2_factorial_matrix.py,a985e33c279938f578cb2358ea6e4374216d58e226d7c6c809ec0741d6cb48ab,results/raw/rtx3090_fp16_softmax_operand_rate_atc_matrix60_p20_repro_v1_20260724_mb07_o021_ptx_f16_g32_s1024_ptx_f16_raw.csv,results/raw/rtx3090_fp16_softmax_operand_rate_atc_matrix60_p20_repro_v1_20260724_mb07_o021_ptx_f16_g32_s1024_ptx_f16_manifest.csv,results/raw/rtx3090_fp16_softmax_operand_rate_atc_matrix60_p20_repro_v1_20260724_mb07_o021_ptx_f16_g32_s1024_ptx_f16_raw_energy_trace.csv,results/raw/rtx3090_fp16_softmax_operand_rate_atc_matrix60_p20_repro_v1_20260724_mb07_o021_ptx_f16_g32_s1024_ptx_f16_cache_reuse_candidate_g32_preheat.csv,results/summary/rtx3090_softmax_ex2_matrix_matrix60_p20_repro_v1_20260724_c021_mb07_ptx_f16_g32_s1024_triplets.csv,results/summary/rtx3090_softmax_ex2_matrix_matrix60_p20_repro_v1_20260724_c021_mb07_ptx_f16_g32_s1024_matched.csv,results/summary/rtx3090_softmax_ex2_matrix_matrix60_p20_repro_v1_20260724_c021_mb07_ptx_f16_g32_s1024_summary.csv,docs/results/rtx3090_softmax_ex2_matrix_matrix60_p20_repro_v1_20260724_c021_mb07_ptx_f16_g32_s1024_ko.md,results/logs/rtx3090_softmax_ex2_matrix_matrix60_p20_repro_v1_20260724_c021_mb07_ptx_f16_g32_s1024.log,9d375cc35cb4b8174d4fb53ed52f9d0b200781c0d5f544cb4d5d7f14c5e762c0,python3 scripts/run_softmax_operand_rate_atc.py --binary build-softmax/a100_fp16_softmax_energy --gpu-id 0 --target-profile rtx3090 --exp-impl ptx_f16 --softmax-cols 1024 --blocks-per-sm 2 --grid-blocks-list 32 --control-mode probe --logit-scale 4.0 --seconds 13.0 --idle-measure-seconds 1.0 --pairs 6 --bracket-warmup-pairs 1 --execution-mode persistent_bracket --bracket-idle-policy batch_once --bracket-order counterbalanced6 --preheat-seconds 20.0 --preheat-actual-min-seconds 16.0 --preheat-actual-max-seconds 30.0 --conditions cache_reuse_candidate --cache-policy default --energy-trace 1 --energy-trace-sample-ms 500.0 --energy-trace-min-updates 16 --tag matrix60_p20_repro_v1_20260724_mb07_o021_ptx_f16_g32_s1024 --out-dir results/raw --max-gpu-util-pct 10.0 --max-memory-util-pct 15.0 --quiescence-timeout-s 60.0 --quiescence-poll-s 1.0 --quiescence-consecutive-samples 2,a5452b1533b8dffbf178b2a0a52ae62906a75a4a525a8a7777131b1b8d5a6a6a,python3 scripts/analyze_softmax_probe_counterbalanced.py --input results/raw/rtx3090_fp16_softmax_operand_rate_atc_matrix60_p20_repro_v1_20260724_mb07_o021_ptx_f16_g32_s1024_ptx_f16_raw.csv --energy-trace-input results/raw/rtx3090_fp16_softmax_operand_rate_atc_matrix60_p20_repro_v1_20260724_mb07_o021_ptx_f16_g32_s1024_ptx_f16_raw_energy_trace.csv --manifest results/raw/rtx3090_fp16_softmax_operand_rate_atc_matrix60_p20_repro_v1_20260724_mb07_o021_ptx_f16_g32_s1024_ptx_f16_manifest.csv --exp-impl ptx_f16 --grid-blocks 32 --triplet-out results/summary/rtx3090_softmax_ex2_matrix_matrix60_p20_repro_v1_20260724_c021_mb07_ptx_f16_g32_s1024_triplets.csv --matched-out results/summary/rtx3090_softmax_ex2_matrix_matrix60_p20_repro_v1_20260724_c021_mb07_ptx_f16_g32_s1024_matched.csv --summary-out results/summary/rtx3090_softmax_ex2_matrix_matrix60_p20_repro_v1_20260724_c021_mb07_ptx_f16_g32_s1024_summary.csv --report-out docs/results/rtx3090_softmax_ex2_matrix_matrix60_p20_repro_v1_20260724_c021_mb07_ptx_f16_g32_s1024_ko.md --decision-stage pilot --energy-trace-min-fit-points 16 --bootstrap-samples 4000 --seed 20281912
rtx3090_softmax_ex2_factorial_matrix_v1,matrix60_p20_repro_v1_20260724,sha256_ranked_macroblocks_stratified_balanced_impl_permutations_v2,20260723,22,8,mb08_g16_s512,1,ptx_f16>ptx_f16x2>fp32,c022_mb08_ptx_f16_g16_s512,matrix60_p20_repro_v1_20260724_mb08_o022_ptx_f16_g16_s512,ptx_f16,ptx_ex2_approx_f16,16,16,512,rtx3090,probe,2,4.0,cache_reuse_candidate,default,13.0,1.0,6,1,counterbalanced6,batch_once,500.0,16,20.0,16.0,30.0,build-softmax/a100_fp16_softmax_energy,eeda8c0a1df3628d04c5bf15a486ba3dd0fc43935fbc51a18505a1dffb409b66,scripts/run_softmax_operand_rate_atc.py,a64b58006b3abf237c7d0da5f3109a5422ee2891ae0748d33453a3148a64c23a,scripts/analyze_softmax_probe_counterbalanced.py,3c3695c92b215666065f2706ecdec7dd63a803bf024376ef3bf111665ec5faf5,scripts/analyze_softmax_operand_rate_atc.py,1222055375cff076ef165f71d3f738492be9e92d82f0289a94f368be82fecbdb,scripts/run_softmax_ex2_factorial_matrix.py,a985e33c279938f578cb2358ea6e4374216d58e226d7c6c809ec0741d6cb48ab,results/raw/rtx3090_fp16_softmax_operand_rate_atc_matrix60_p20_repro_v1_20260724_mb08_o022_ptx_f16_g16_s512_ptx_f16_raw.csv,results/raw/rtx3090_fp16_softmax_operand_rate_atc_matrix60_p20_repro_v1_20260724_mb08_o022_ptx_f16_g16_s512_ptx_f16_manifest.csv,results/raw/rtx3090_fp16_softmax_operand_rate_atc_matrix60_p20_repro_v1_20260724_mb08_o022_ptx_f16_g16_s512_ptx_f16_raw_energy_trace.csv,results/raw/rtx3090_fp16_softmax_operand_rate_atc_matrix60_p20_repro_v1_20260724_mb08_o022_ptx_f16_g16_s512_ptx_f16_cache_reuse_candidate_g16_preheat.csv,results/summary/rtx3090_softmax_ex2_matrix_matrix60_p20_repro_v1_20260724_c022_mb08_ptx_f16_g16_s512_triplets.csv,results/summary/rtx3090_softmax_ex2_matrix_matrix60_p20_repro_v1_20260724_c022_mb08_ptx_f16_g16_s512_matched.csv,results/summary/rtx3090_softmax_ex2_matrix_matrix60_p20_repro_v1_20260724_c022_mb08_ptx_f16_g16_s512_summary.csv,docs/results/rtx3090_softmax_ex2_matrix_matrix60_p20_repro_v1_20260724_c022_mb08_ptx_f16_g16_s512_ko.md,results/logs/rtx3090_softmax_ex2_matrix_matrix60_p20_repro_v1_20260724_c022_mb08_ptx_f16_g16_s512.log,7ed5e798cc0389b0d58ef3f1d6f28bb9f6d70d60a9cf0e8d3d36117781d7689a,python3 scripts/run_softmax_operand_rate_atc.py --binary build-softmax/a100_fp16_softmax_energy --gpu-id 0 --target-profile rtx3090 --exp-impl ptx_f16 --softmax-cols 512 --blocks-per-sm 2 --grid-blocks-list 16 --control-mode probe --logit-scale 4.0 --seconds 13.0 --idle-measure-seconds 1.0 --pairs 6 --bracket-warmup-pairs 1 --execution-mode persistent_bracket --bracket-idle-policy batch_once --bracket-order counterbalanced6 --preheat-seconds 20.0 --preheat-actual-min-seconds 16.0 --preheat-actual-max-seconds 30.0 --conditions cache_reuse_candidate --cache-policy default --energy-trace 1 --energy-trace-sample-ms 500.0 --energy-trace-min-updates 16 --tag matrix60_p20_repro_v1_20260724_mb08_o022_ptx_f16_g16_s512 --out-dir results/raw --max-gpu-util-pct 10.0 --max-memory-util-pct 15.0 --quiescence-timeout-s 60.0 --quiescence-poll-s 1.0 --quiescence-consecutive-samples 2,9d1cb2a68a5be62246316e89d11b8e6c6950b145aa6598bd6090e0088e2203cd,python3 scripts/analyze_softmax_probe_counterbalanced.py --input results/raw/rtx3090_fp16_softmax_operand_rate_atc_matrix60_p20_repro_v1_20260724_mb08_o022_ptx_f16_g16_s512_ptx_f16_raw.csv --energy-trace-input results/raw/rtx3090_fp16_softmax_operand_rate_atc_matrix60_p20_repro_v1_20260724_mb08_o022_ptx_f16_g16_s512_ptx_f16_raw_energy_trace.csv --manifest results/raw/rtx3090_fp16_softmax_operand_rate_atc_matrix60_p20_repro_v1_20260724_mb08_o022_ptx_f16_g16_s512_ptx_f16_manifest.csv --exp-impl ptx_f16 --grid-blocks 16 --triplet-out results/summary/rtx3090_softmax_ex2_matrix_matrix60_p20_repro_v1_20260724_c022_mb08_ptx_f16_g16_s512_triplets.csv --matched-out results/summary/rtx3090_softmax_ex2_matrix_matrix60_p20_repro_v1_20260724_c022_mb08_ptx_f16_g16_s512_matched.csv --summary-out results/summary/rtx3090_softmax_ex2_matrix_matrix60_p20_repro_v1_20260724_c022_mb08_ptx_f16_g16_s512_summary.csv --report-out docs/results/rtx3090_softmax_ex2_matrix_matrix60_p20_repro_v1_20260724_c022_mb08_ptx_f16_g16_s512_ko.md --decision-stage pilot --energy-trace-min-fit-points 16 --bootstrap-samples 4000 --seed 20282921
rtx3090_softmax_ex2_factorial_matrix_v1,matrix60_p20_repro_v1_20260724,sha256_ranked_macroblocks_stratified_balanced_impl_permutations_v2,20260723,23,8,mb08_g16_s512,2,ptx_f16>ptx_f16x2>fp32,c023_mb08_ptx_f16x2_g16_s512,matrix60_p20_repro_v1_20260724_mb08_o023_ptx_f16x2_g16_s512,ptx_f16x2,ptx_ex2_approx_f16x2,16,16,512,rtx3090,probe,2,4.0,cache_reuse_candidate,default,13.0,1.0,6,1,counterbalanced6,batch_once,500.0,16,20.0,16.0,30.0,build-softmax/a100_fp16_softmax_energy,eeda8c0a1df3628d04c5bf15a486ba3dd0fc43935fbc51a18505a1dffb409b66,scripts/run_softmax_operand_rate_atc.py,a64b58006b3abf237c7d0da5f3109a5422ee2891ae0748d33453a3148a64c23a,scripts/analyze_softmax_probe_counterbalanced.py,3c3695c92b215666065f2706ecdec7dd63a803bf024376ef3bf111665ec5faf5,scripts/analyze_softmax_operand_rate_atc.py,1222055375cff076ef165f71d3f738492be9e92d82f0289a94f368be82fecbdb,scripts/run_softmax_ex2_factorial_matrix.py,a985e33c279938f578cb2358ea6e4374216d58e226d7c6c809ec0741d6cb48ab,results/raw/rtx3090_fp16_softmax_operand_rate_atc_matrix60_p20_repro_v1_20260724_mb08_o023_ptx_f16x2_g16_s512_ptx_f16x2_raw.csv,results/raw/rtx3090_fp16_softmax_operand_rate_atc_matrix60_p20_repro_v1_20260724_mb08_o023_ptx_f16x2_g16_s512_ptx_f16x2_manifest.csv,results/raw/rtx3090_fp16_softmax_operand_rate_atc_matrix60_p20_repro_v1_20260724_mb08_o023_ptx_f16x2_g16_s512_ptx_f16x2_raw_energy_trace.csv,results/raw/rtx3090_fp16_softmax_operand_rate_atc_matrix60_p20_repro_v1_20260724_mb08_o023_ptx_f16x2_g16_s512_ptx_f16x2_cache_reuse_candidate_g16_preheat.csv,results/summary/rtx3090_softmax_ex2_matrix_matrix60_p20_repro_v1_20260724_c023_mb08_ptx_f16x2_g16_s512_triplets.csv,results/summary/rtx3090_softmax_ex2_matrix_matrix60_p20_repro_v1_20260724_c023_mb08_ptx_f16x2_g16_s512_matched.csv,results/summary/rtx3090_softmax_ex2_matrix_matrix60_p20_repro_v1_20260724_c023_mb08_ptx_f16x2_g16_s512_summary.csv,docs/results/rtx3090_softmax_ex2_matrix_matrix60_p20_repro_v1_20260724_c023_mb08_ptx_f16x2_g16_s512_ko.md,results/logs/rtx3090_softmax_ex2_matrix_matrix60_p20_repro_v1_20260724_c023_mb08_ptx_f16x2_g16_s512.log,663ca2afb18a063cc3c801bff518f01abc8280c158455de90dfa9dc132f56bb6,python3 scripts/run_softmax_operand_rate_atc.py --binary build-softmax/a100_fp16_softmax_energy --gpu-id 0 --target-profile rtx3090 --exp-impl ptx_f16x2 --softmax-cols 512 --blocks-per-sm 2 --grid-blocks-list 16 --control-mode probe --logit-scale 4.0 --seconds 13.0 --idle-measure-seconds 1.0 --pairs 6 --bracket-warmup-pairs 1 --execution-mode persistent_bracket --bracket-idle-policy batch_once --bracket-order counterbalanced6 --preheat-seconds 20.0 --preheat-actual-min-seconds 16.0 --preheat-actual-max-seconds 30.0 --conditions cache_reuse_candidate --cache-policy default --energy-trace 1 --energy-trace-sample-ms 500.0 --energy-trace-min-updates 16 --tag matrix60_p20_repro_v1_20260724_mb08_o023_ptx_f16x2_g16_s512 --out-dir results/raw --max-gpu-util-pct 10.0 --max-memory-util-pct 15.0 --quiescence-timeout-s 60.0 --quiescence-poll-s 1.0 --quiescence-consecutive-samples 2,bebf568378fc4e5d9c7cb00d987e13bf138ff0b8c6792b0248f8d0931a1c5edc,python3 scripts/analyze_softmax_probe_counterbalanced.py --input results/raw/rtx3090_fp16_softmax_operand_rate_atc_matrix60_p20_repro_v1_20260724_mb08_o023_ptx_f16x2_g16_s512_ptx_f16x2_raw.csv --energy-trace-input results/raw/rtx3090_fp16_softmax_operand_rate_atc_matrix60_p20_repro_v1_20260724_mb08_o023_ptx_f16x2_g16_s512_ptx_f16x2_raw_energy_trace.csv --manifest results/raw/rtx3090_fp16_softmax_operand_rate_atc_matrix60_p20_repro_v1_20260724_mb08_o023_ptx_f16x2_g16_s512_ptx_f16x2_manifest.csv --exp-impl ptx_f16x2 --grid-blocks 16 --triplet-out results/summary/rtx3090_softmax_ex2_matrix_matrix60_p20_repro_v1_20260724_c023_mb08_ptx_f16x2_g16_s512_triplets.csv --matched-out results/summary/rtx3090_softmax_ex2_matrix_matrix60_p20_repro_v1_20260724_c023_mb08_ptx_f16x2_g16_s512_matched.csv --summary-out results/summary/rtx3090_softmax_ex2_matrix_matrix60_p20_repro_v1_20260724_c023_mb08_ptx_f16x2_g16_s512_summary.csv --report-out docs/results/rtx3090_softmax_ex2_matrix_matrix60_p20_repro_v1_20260724_c023_mb08_ptx_f16x2_g16_s512_ko.md --decision-stage pilot --energy-trace-min-fit-points 16 --bootstrap-samples 4000 --seed 20283930
rtx3090_softmax_ex2_factorial_matrix_v1,matrix60_p20_repro_v1_20260724,sha256_ranked_macroblocks_stratified_balanced_impl_permutations_v2,20260723,24,8,mb08_g16_s512,3,ptx_f16>ptx_f16x2>fp32,c024_mb08_fp32_g16_s512,matrix60_p20_repro_v1_20260724_mb08_o024_fp32_g16_s512,fp32,fp32_fast___expf,16,16,512,rtx3090,probe,2,4.0,cache_reuse_candidate,default,13.0,1.0,6,1,counterbalanced6,batch_once,500.0,16,20.0,16.0,30.0,build-softmax/a100_fp16_softmax_energy,eeda8c0a1df3628d04c5bf15a486ba3dd0fc43935fbc51a18505a1dffb409b66,scripts/run_softmax_operand_rate_atc.py,a64b58006b3abf237c7d0da5f3109a5422ee2891ae0748d33453a3148a64c23a,scripts/analyze_softmax_probe_counterbalanced.py,3c3695c92b215666065f2706ecdec7dd63a803bf024376ef3bf111665ec5faf5,scripts/analyze_softmax_operand_rate_atc.py,1222055375cff076ef165f71d3f738492be9e92d82f0289a94f368be82fecbdb,scripts/run_softmax_ex2_factorial_matrix.py,a985e33c279938f578cb2358ea6e4374216d58e226d7c6c809ec0741d6cb48ab,results/raw/rtx3090_fp16_softmax_operand_rate_atc_matrix60_p20_repro_v1_20260724_mb08_o024_fp32_g16_s512_raw.csv,results/raw/rtx3090_fp16_softmax_operand_rate_atc_matrix60_p20_repro_v1_20260724_mb08_o024_fp32_g16_s512_manifest.csv,results/raw/rtx3090_fp16_softmax_operand_rate_atc_matrix60_p20_repro_v1_20260724_mb08_o024_fp32_g16_s512_raw_energy_trace.csv,results/raw/rtx3090_fp16_softmax_operand_rate_atc_matrix60_p20_repro_v1_20260724_mb08_o024_fp32_g16_s512_cache_reuse_candidate_g16_preheat.csv,results/summary/rtx3090_softmax_ex2_matrix_matrix60_p20_repro_v1_20260724_c024_mb08_fp32_g16_s512_triplets.csv,results/summary/rtx3090_softmax_ex2_matrix_matrix60_p20_repro_v1_20260724_c024_mb08_fp32_g16_s512_matched.csv,results/summary/rtx3090_softmax_ex2_matrix_matrix60_p20_repro_v1_20260724_c024_mb08_fp32_g16_s512_summary.csv,docs/results/rtx3090_softmax_ex2_matrix_matrix60_p20_repro_v1_20260724_c024_mb08_fp32_g16_s512_ko.md,results/logs/rtx3090_softmax_ex2_matrix_matrix60_p20_repro_v1_20260724_c024_mb08_fp32_g16_s512.log,e2dcc9e7d0c804ef7ef2392d600fd94be1b4d39651ed40649dbc54b91caf7410,python3 scripts/run_softmax_operand_rate_atc.py --binary build-softmax/a100_fp16_softmax_energy --gpu-id 0 --target-profile rtx3090 --exp-impl fp32 --softmax-cols 512 --blocks-per-sm 2 --grid-blocks-list 16 --control-mode probe --logit-scale 4.0 --seconds 13.0 --idle-measure-seconds 1.0 --pairs 6 --bracket-warmup-pairs 1 --execution-mode persistent_bracket --bracket-idle-policy batch_once --bracket-order counterbalanced6 --preheat-seconds 20.0 --preheat-actual-min-seconds 16.0 --preheat-actual-max-seconds 30.0 --conditions cache_reuse_candidate --cache-policy default --energy-trace 1 --energy-trace-sample-ms 500.0 --energy-trace-min-updates 16 --tag matrix60_p20_repro_v1_20260724_mb08_o024_fp32_g16_s512 --out-dir results/raw --max-gpu-util-pct 10.0 --max-memory-util-pct 15.0 --quiescence-timeout-s 60.0 --quiescence-poll-s 1.0 --quiescence-consecutive-samples 2,94efa465bf9165c1a94b6c8f6d6ada7f158ed0a20a2f1bd7b846ce460585e959,python3 scripts/analyze_softmax_probe_counterbalanced.py --input results/raw/rtx3090_fp16_softmax_operand_rate_atc_matrix60_p20_repro_v1_20260724_mb08_o024_fp32_g16_s512_raw.csv --energy-trace-input results/raw/rtx3090_fp16_softmax_operand_rate_atc_matrix60_p20_repro_v1_20260724_mb08_o024_fp32_g16_s512_raw_energy_trace.csv --manifest results/raw/rtx3090_fp16_softmax_operand_rate_atc_matrix60_p20_repro_v1_20260724_mb08_o024_fp32_g16_s512_manifest.csv --exp-impl fp32 --grid-blocks 16 --triplet-out results/summary/rtx3090_softmax_ex2_matrix_matrix60_p20_repro_v1_20260724_c024_mb08_fp32_g16_s512_triplets.csv --matched-out results/summary/rtx3090_softmax_ex2_matrix_matrix60_p20_repro_v1_20260724_c024_mb08_fp32_g16_s512_matched.csv --summary-out results/summary/rtx3090_softmax_ex2_matrix_matrix60_p20_repro_v1_20260724_c024_mb08_fp32_g16_s512_summary.csv --report-out docs/results/rtx3090_softmax_ex2_matrix_matrix60_p20_repro_v1_20260724_c024_mb08_fp32_g16_s512_ko.md --decision-stage pilot --energy-trace-min-fit-points 16 --bootstrap-samples 4000 --seed 20284939
rtx3090_softmax_ex2_factorial_matrix_v1,matrix60_p20_repro_v1_20260724,sha256_ranked_macroblocks_stratified_balanced_impl_permutations_v2,20260723,25,9,mb09_g16_s256,1,ptx_f16x2>ptx_f16>fp32,c025_mb09_ptx_f16x2_g16_s256,matrix60_p20_repro_v1_20260724_mb09_o025_ptx_f16x2_g16_s256,ptx_f16x2,ptx_ex2_approx_f16x2,16,16,256,rtx3090,probe,2,4.0,cache_reuse_candidate,default,13.0,1.0,6,1,counterbalanced6,batch_once,500.0,16,20.0,16.0,30.0,build-softmax/a100_fp16_softmax_energy,eeda8c0a1df3628d04c5bf15a486ba3dd0fc43935fbc51a18505a1dffb409b66,scripts/run_softmax_operand_rate_atc.py,a64b58006b3abf237c7d0da5f3109a5422ee2891ae0748d33453a3148a64c23a,scripts/analyze_softmax_probe_counterbalanced.py,3c3695c92b215666065f2706ecdec7dd63a803bf024376ef3bf111665ec5faf5,scripts/analyze_softmax_operand_rate_atc.py,1222055375cff076ef165f71d3f738492be9e92d82f0289a94f368be82fecbdb,scripts/run_softmax_ex2_factorial_matrix.py,a985e33c279938f578cb2358ea6e4374216d58e226d7c6c809ec0741d6cb48ab,results/raw/rtx3090_fp16_softmax_operand_rate_atc_matrix60_p20_repro_v1_20260724_mb09_o025_ptx_f16x2_g16_s256_ptx_f16x2_raw.csv,results/raw/rtx3090_fp16_softmax_operand_rate_atc_matrix60_p20_repro_v1_20260724_mb09_o025_ptx_f16x2_g16_s256_ptx_f16x2_manifest.csv,results/raw/rtx3090_fp16_softmax_operand_rate_atc_matrix60_p20_repro_v1_20260724_mb09_o025_ptx_f16x2_g16_s256_ptx_f16x2_raw_energy_trace.csv,results/raw/rtx3090_fp16_softmax_operand_rate_atc_matrix60_p20_repro_v1_20260724_mb09_o025_ptx_f16x2_g16_s256_ptx_f16x2_cache_reuse_candidate_g16_preheat.csv,results/summary/rtx3090_softmax_ex2_matrix_matrix60_p20_repro_v1_20260724_c025_mb09_ptx_f16x2_g16_s256_triplets.csv,results/summary/rtx3090_softmax_ex2_matrix_matrix60_p20_repro_v1_20260724_c025_mb09_ptx_f16x2_g16_s256_matched.csv,results/summary/rtx3090_softmax_ex2_matrix_matrix60_p20_repro_v1_20260724_c025_mb09_ptx_f16x2_g16_s256_summary.csv,docs/results/rtx3090_softmax_ex2_matrix_matrix60_p20_repro_v1_20260724_c025_mb09_ptx_f16x2_g16_s256_ko.md,results/logs/rtx3090_softmax_ex2_matrix_matrix60_p20_repro_v1_20260724_c025_mb09_ptx_f16x2_g16_s256.log,daa0b0d8e37fbeaff27fbca37ff3b95f419d7db2baaf968b76736cabf40183c9,python3 scripts/run_softmax_operand_rate_atc.py --binary build-softmax/a100_fp16_softmax_energy --gpu-id 0 --target-profile rtx3090 --exp-impl ptx_f16x2 --softmax-cols 256 --blocks-per-sm 2 --grid-blocks-list 16 --control-mode probe --logit-scale 4.0 --seconds 13.0 --idle-measure-seconds 1.0 --pairs 6 --bracket-warmup-pairs 1 --execution-mode persistent_bracket --bracket-idle-policy batch_once --bracket-order counterbalanced6 --preheat-seconds 20.0 --preheat-actual-min-seconds 16.0 --preheat-actual-max-seconds 30.0 --conditions cache_reuse_candidate --cache-policy default --energy-trace 1 --energy-trace-sample-ms 500.0 --energy-trace-min-updates 16 --tag matrix60_p20_repro_v1_20260724_mb09_o025_ptx_f16x2_g16_s256 --out-dir results/raw --max-gpu-util-pct 10.0 --max-memory-util-pct 15.0 --quiescence-timeout-s 60.0 --quiescence-poll-s 1.0 --quiescence-consecutive-samples 2,e6e1801acd2fb4d76a18124cb0cc75b427cac65cd0c05b069f554f023876603f,python3 scripts/analyze_softmax_probe_counterbalanced.py --input results/raw/rtx3090_fp16_softmax_operand_rate_atc_matrix60_p20_repro_v1_20260724_mb09_o025_ptx_f16x2_g16_s256_ptx_f16x2_raw.csv --energy-trace-input results/raw/rtx3090_fp16_softmax_operand_rate_atc_matrix60_p20_repro_v1_20260724_mb09_o025_ptx_f16x2_g16_s256_ptx_f16x2_raw_energy_trace.csv --manifest results/raw/rtx3090_fp16_softmax_operand_rate_atc_matrix60_p20_repro_v1_20260724_mb09_o025_ptx_f16x2_g16_s256_ptx_f16x2_manifest.csv --exp-impl ptx_f16x2 --grid-blocks 16 --triplet-out results/summary/rtx3090_softmax_ex2_matrix_matrix60_p20_repro_v1_20260724_c025_mb09_ptx_f16x2_g16_s256_triplets.csv --matched-out results/summary/rtx3090_softmax_ex2_matrix_matrix60_p20_repro_v1_20260724_c025_mb09_ptx_f16x2_g16_s256_matched.csv --summary-out results/summary/rtx3090_softmax_ex2_matrix_matrix60_p20_repro_v1_20260724_c025_mb09_ptx_f16x2_g16_s256_summary.csv --report-out docs/results/rtx3090_softmax_ex2_matrix_matrix60_p20_repro_v1_20260724_c025_mb09_ptx_f16x2_g16_s256_ko.md --decision-stage pilot --energy-trace-min-fit-points 16 --bootstrap-samples 4000 --seed 20285948
rtx3090_softmax_ex2_factorial_matrix_v1,matrix60_p20_repro_v1_20260724,sha256_ranked_macroblocks_stratified_balanced_impl_permutations_v2,20260723,26,9,mb09_g16_s256,2,ptx_f16x2>ptx_f16>fp32,c026_mb09_ptx_f16_g16_s256,matrix60_p20_repro_v1_20260724_mb09_o026_ptx_f16_g16_s256,ptx_f16,ptx_ex2_approx_f16,16,16,256,rtx3090,probe,2,4.0,cache_reuse_candidate,default,13.0,1.0,6,1,counterbalanced6,batch_once,500.0,16,20.0,16.0,30.0,build-softmax/a100_fp16_softmax_energy,eeda8c0a1df3628d04c5bf15a486ba3dd0fc43935fbc51a18505a1dffb409b66,scripts/run_softmax_operand_rate_atc.py,a64b58006b3abf237c7d0da5f3109a5422ee2891ae0748d33453a3148a64c23a,scripts/analyze_softmax_probe_counterbalanced.py,3c3695c92b215666065f2706ecdec7dd63a803bf024376ef3bf111665ec5faf5,scripts/analyze_softmax_operand_rate_atc.py,1222055375cff076ef165f71d3f738492be9e92d82f0289a94f368be82fecbdb,scripts/run_softmax_ex2_factorial_matrix.py,a985e33c279938f578cb2358ea6e4374216d58e226d7c6c809ec0741d6cb48ab,results/raw/rtx3090_fp16_softmax_operand_rate_atc_matrix60_p20_repro_v1_20260724_mb09_o026_ptx_f16_g16_s256_ptx_f16_raw.csv,results/raw/rtx3090_fp16_softmax_operand_rate_atc_matrix60_p20_repro_v1_20260724_mb09_o026_ptx_f16_g16_s256_ptx_f16_manifest.csv,results/raw/rtx3090_fp16_softmax_operand_rate_atc_matrix60_p20_repro_v1_20260724_mb09_o026_ptx_f16_g16_s256_ptx_f16_raw_energy_trace.csv,results/raw/rtx3090_fp16_softmax_operand_rate_atc_matrix60_p20_repro_v1_20260724_mb09_o026_ptx_f16_g16_s256_ptx_f16_cache_reuse_candidate_g16_preheat.csv,results/summary/rtx3090_softmax_ex2_matrix_matrix60_p20_repro_v1_20260724_c026_mb09_ptx_f16_g16_s256_triplets.csv,results/summary/rtx3090_softmax_ex2_matrix_matrix60_p20_repro_v1_20260724_c026_mb09_ptx_f16_g16_s256_matched.csv,results/summary/rtx3090_softmax_ex2_matrix_matrix60_p20_repro_v1_20260724_c026_mb09_ptx_f16_g16_s256_summary.csv,docs/results/rtx3090_softmax_ex2_matrix_matrix60_p20_repro_v1_20260724_c026_mb09_ptx_f16_g16_s256_ko.md,results/logs/rtx3090_softmax_ex2_matrix_matrix60_p20_repro_v1_20260724_c026_mb09_ptx_f16_g16_s256.log,9257dfc9519619d9ccc26fb621386c78a6ba5b1c15a0f8446e2689a80e076057,python3 scripts/run_softmax_operand_rate_atc.py --binary build-softmax/a100_fp16_softmax_energy --gpu-id 0 --target-profile rtx3090 --exp-impl ptx_f16 --softmax-cols 256 --blocks-per-sm 2 --grid-blocks-list 16 --control-mode probe --logit-scale 4.0 --seconds 13.0 --idle-measure-seconds 1.0 --pairs 6 --bracket-warmup-pairs 1 --execution-mode persistent_bracket --bracket-idle-policy batch_once --bracket-order counterbalanced6 --preheat-seconds 20.0 --preheat-actual-min-seconds 16.0 --preheat-actual-max-seconds 30.0 --conditions cache_reuse_candidate --cache-policy default --energy-trace 1 --energy-trace-sample-ms 500.0 --energy-trace-min-updates 16 --tag matrix60_p20_repro_v1_20260724_mb09_o026_ptx_f16_g16_s256 --out-dir results/raw --max-gpu-util-pct 10.0 --max-memory-util-pct 15.0 --quiescence-timeout-s 60.0 --quiescence-poll-s 1.0 --quiescence-consecutive-samples 2,bba73538cd456c11ad6e26b8eeaf7329e0b15d32a341d3690227977be5a1301d,python3 scripts/analyze_softmax_probe_counterbalanced.py --input results/raw/rtx3090_fp16_softmax_operand_rate_atc_matrix60_p20_repro_v1_20260724_mb09_o026_ptx_f16_g16_s256_ptx_f16_raw.csv --energy-trace-input results/raw/rtx3090_fp16_softmax_operand_rate_atc_matrix60_p20_repro_v1_20260724_mb09_o026_ptx_f16_g16_s256_ptx_f16_raw_energy_trace.csv --manifest results/raw/rtx3090_fp16_softmax_operand_rate_atc_matrix60_p20_repro_v1_20260724_mb09_o026_ptx_f16_g16_s256_ptx_f16_manifest.csv --exp-impl ptx_f16 --grid-blocks 16 --triplet-out results/summary/rtx3090_softmax_ex2_matrix_matrix60_p20_repro_v1_20260724_c026_mb09_ptx_f16_g16_s256_triplets.csv --matched-out results/summary/rtx3090_softmax_ex2_matrix_matrix60_p20_repro_v1_20260724_c026_mb09_ptx_f16_g16_s256_matched.csv --summary-out results/summary/rtx3090_softmax_ex2_matrix_matrix60_p20_repro_v1_20260724_c026_mb09_ptx_f16_g16_s256_summary.csv --report-out docs/results/rtx3090_softmax_ex2_matrix_matrix60_p20_repro_v1_20260724_c026_mb09_ptx_f16_g16_s256_ko.md --decision-stage pilot --energy-trace-min-fit-points 16 --bootstrap-samples 4000 --seed 20286957
rtx3090_softmax_ex2_factorial_matrix_v1,matrix60_p20_repro_v1_20260724,sha256_ranked_macroblocks_stratified_balanced_impl_permutations_v2,20260723,27,9,mb09_g16_s256,3,ptx_f16x2>ptx_f16>fp32,c027_mb09_fp32_g16_s256,matrix60_p20_repro_v1_20260724_mb09_o027_fp32_g16_s256,fp32,fp32_fast___expf,16,16,256,rtx3090,probe,2,4.0,cache_reuse_candidate,default,13.0,1.0,6,1,counterbalanced6,batch_once,500.0,16,20.0,16.0,30.0,build-softmax/a100_fp16_softmax_energy,eeda8c0a1df3628d04c5bf15a486ba3dd0fc43935fbc51a18505a1dffb409b66,scripts/run_softmax_operand_rate_atc.py,a64b58006b3abf237c7d0da5f3109a5422ee2891ae0748d33453a3148a64c23a,scripts/analyze_softmax_probe_counterbalanced.py,3c3695c92b215666065f2706ecdec7dd63a803bf024376ef3bf111665ec5faf5,scripts/analyze_softmax_operand_rate_atc.py,1222055375cff076ef165f71d3f738492be9e92d82f0289a94f368be82fecbdb,scripts/run_softmax_ex2_factorial_matrix.py,a985e33c279938f578cb2358ea6e4374216d58e226d7c6c809ec0741d6cb48ab,results/raw/rtx3090_fp16_softmax_operand_rate_atc_matrix60_p20_repro_v1_20260724_mb09_o027_fp32_g16_s256_raw.csv,results/raw/rtx3090_fp16_softmax_operand_rate_atc_matrix60_p20_repro_v1_20260724_mb09_o027_fp32_g16_s256_manifest.csv,results/raw/rtx3090_fp16_softmax_operand_rate_atc_matrix60_p20_repro_v1_20260724_mb09_o027_fp32_g16_s256_raw_energy_trace.csv,results/raw/rtx3090_fp16_softmax_operand_rate_atc_matrix60_p20_repro_v1_20260724_mb09_o027_fp32_g16_s256_cache_reuse_candidate_g16_preheat.csv,results/summary/rtx3090_softmax_ex2_matrix_matrix60_p20_repro_v1_20260724_c027_mb09_fp32_g16_s256_triplets.csv,results/summary/rtx3090_softmax_ex2_matrix_matrix60_p20_repro_v1_20260724_c027_mb09_fp32_g16_s256_matched.csv,results/summary/rtx3090_softmax_ex2_matrix_matrix60_p20_repro_v1_20260724_c027_mb09_fp32_g16_s256_summary.csv,docs/results/rtx3090_softmax_ex2_matrix_matrix60_p20_repro_v1_20260724_c027_mb09_fp32_g16_s256_ko.md,results/logs/rtx3090_softmax_ex2_matrix_matrix60_p20_repro_v1_20260724_c027_mb09_fp32_g16_s256.log,54fe99f8d0f9df7aeb4e831c5d91cb354faf9d96618fc4a8eb5fa45deced739f,python3 scripts/run_softmax_operand_rate_atc.py --binary build-softmax/a100_fp16_softmax_energy --gpu-id 0 --target-profile rtx3090 --exp-impl fp32 --softmax-cols 256 --blocks-per-sm 2 --grid-blocks-list 16 --control-mode probe --logit-scale 4.0 --seconds 13.0 --idle-measure-seconds 1.0 --pairs 6 --bracket-warmup-pairs 1 --execution-mode persistent_bracket --bracket-idle-policy batch_once --bracket-order counterbalanced6 --preheat-seconds 20.0 --preheat-actual-min-seconds 16.0 --preheat-actual-max-seconds 30.0 --conditions cache_reuse_candidate --cache-policy default --energy-trace 1 --energy-trace-sample-ms 500.0 --energy-trace-min-updates 16 --tag matrix60_p20_repro_v1_20260724_mb09_o027_fp32_g16_s256 --out-dir results/raw --max-gpu-util-pct 10.0 --max-memory-util-pct 15.0 --quiescence-timeout-s 60.0 --quiescence-poll-s 1.0 --quiescence-consecutive-samples 2,f7da36989c78a83ee545dd34eccd56878ebb3585035133d65970a79d17c94789,python3 scripts/analyze_softmax_probe_counterbalanced.py --input results/raw/rtx3090_fp16_softmax_operand_rate_atc_matrix60_p20_repro_v1_20260724_mb09_o027_fp32_g16_s256_raw.csv --energy-trace-input results/raw/rtx3090_fp16_softmax_operand_rate_atc_matrix60_p20_repro_v1_20260724_mb09_o027_fp32_g16_s256_raw_energy_trace.csv --manifest results/raw/rtx3090_fp16_softmax_operand_rate_atc_matrix60_p20_repro_v1_20260724_mb09_o027_fp32_g16_s256_manifest.csv --exp-impl fp32 --grid-blocks 16 --triplet-out results/summary/rtx3090_softmax_ex2_matrix_matrix60_p20_repro_v1_20260724_c027_mb09_fp32_g16_s256_triplets.csv --matched-out results/summary/rtx3090_softmax_ex2_matrix_matrix60_p20_repro_v1_20260724_c027_mb09_fp32_g16_s256_matched.csv --summary-out results/summary/rtx3090_softmax_ex2_matrix_matrix60_p20_repro_v1_20260724_c027_mb09_fp32_g16_s256_summary.csv --report-out docs/results/rtx3090_softmax_ex2_matrix_matrix60_p20_repro_v1_20260724_c027_mb09_fp32_g16_s256_ko.md --decision-stage pilot --energy-trace-min-fit-points 16 --bootstrap-samples 4000 --seed 20287966
rtx3090_softmax_ex2_factorial_matrix_v1,matrix60_p20_repro_v1_20260724,sha256_ranked_macroblocks_stratified_balanced_impl_permutations_v2,20260723,28,10,mb10_g32_s128,1,ptx_f16>ptx_f16x2>fp32,c028_mb10_ptx_f16_g32_s128,matrix60_p20_repro_v1_20260724_mb10_o028_ptx_f16_g32_s128,ptx_f16,ptx_ex2_approx_f16,32,32,128,rtx3090,probe,2,4.0,cache_reuse_candidate,default,13.0,1.0,6,1,counterbalanced6,batch_once,500.0,16,20.0,16.0,30.0,build-softmax/a100_fp16_softmax_energy,eeda8c0a1df3628d04c5bf15a486ba3dd0fc43935fbc51a18505a1dffb409b66,scripts/run_softmax_operand_rate_atc.py,a64b58006b3abf237c7d0da5f3109a5422ee2891ae0748d33453a3148a64c23a,scripts/analyze_softmax_probe_counterbalanced.py,3c3695c92b215666065f2706ecdec7dd63a803bf024376ef3bf111665ec5faf5,scripts/analyze_softmax_operand_rate_atc.py,1222055375cff076ef165f71d3f738492be9e92d82f0289a94f368be82fecbdb,scripts/run_softmax_ex2_factorial_matrix.py,a985e33c279938f578cb2358ea6e4374216d58e226d7c6c809ec0741d6cb48ab,results/raw/rtx3090_fp16_softmax_operand_rate_atc_matrix60_p20_repro_v1_20260724_mb10_o028_ptx_f16_g32_s128_ptx_f16_raw.csv,results/raw/rtx3090_fp16_softmax_operand_rate_atc_matrix60_p20_repro_v1_20260724_mb10_o028_ptx_f16_g32_s128_ptx_f16_manifest.csv,results/raw/rtx3090_fp16_softmax_operand_rate_atc_matrix60_p20_repro_v1_20260724_mb10_o028_ptx_f16_g32_s128_ptx_f16_raw_energy_trace.csv,results/raw/rtx3090_fp16_softmax_operand_rate_atc_matrix60_p20_repro_v1_20260724_mb10_o028_ptx_f16_g32_s128_ptx_f16_cache_reuse_candidate_g32_preheat.csv,results/summary/rtx3090_softmax_ex2_matrix_matrix60_p20_repro_v1_20260724_c028_mb10_ptx_f16_g32_s128_triplets.csv,results/summary/rtx3090_softmax_ex2_matrix_matrix60_p20_repro_v1_20260724_c028_mb10_ptx_f16_g32_s128_matched.csv,results/summary/rtx3090_softmax_ex2_matrix_matrix60_p20_repro_v1_20260724_c028_mb10_ptx_f16_g32_s128_summary.csv,docs/results/rtx3090_softmax_ex2_matrix_matrix60_p20_repro_v1_20260724_c028_mb10_ptx_f16_g32_s128_ko.md,results/logs/rtx3090_softmax_ex2_matrix_matrix60_p20_repro_v1_20260724_c028_mb10_ptx_f16_g32_s128.log,75e34fd4a5fea0d083ebfff744f4d47da937c9cb76938c8f1c1d453ae5e5908f,python3 scripts/run_softmax_operand_rate_atc.py --binary build-softmax/a100_fp16_softmax_energy --gpu-id 0 --target-profile rtx3090 --exp-impl ptx_f16 --softmax-cols 128 --blocks-per-sm 2 --grid-blocks-list 32 --control-mode probe --logit-scale 4.0 --seconds 13.0 --idle-measure-seconds 1.0 --pairs 6 --bracket-warmup-pairs 1 --execution-mode persistent_bracket --bracket-idle-policy batch_once --bracket-order counterbalanced6 --preheat-seconds 20.0 --preheat-actual-min-seconds 16.0 --preheat-actual-max-seconds 30.0 --conditions cache_reuse_candidate --cache-policy default --energy-trace 1 --energy-trace-sample-ms 500.0 --energy-trace-min-updates 16 --tag matrix60_p20_repro_v1_20260724_mb10_o028_ptx_f16_g32_s128 --out-dir results/raw --max-gpu-util-pct 10.0 --max-memory-util-pct 15.0 --quiescence-timeout-s 60.0 --quiescence-poll-s 1.0 --quiescence-consecutive-samples 2,e205ced42c562aba9c5aa53c59d13e0f859ad60045474ec6101f37e746842753,python3 scripts/analyze_softmax_probe_counterbalanced.py --input results/raw/rtx3090_fp16_softmax_operand_rate_atc_matrix60_p20_repro_v1_20260724_mb10_o028_ptx_f16_g32_s128_ptx_f16_raw.csv --energy-trace-input results/raw/rtx3090_fp16_softmax_operand_rate_atc_matrix60_p20_repro_v1_20260724_mb10_o028_ptx_f16_g32_s128_ptx_f16_raw_energy_trace.csv --manifest results/raw/rtx3090_fp16_softmax_operand_rate_atc_matrix60_p20_repro_v1_20260724_mb10_o028_ptx_f16_g32_s128_ptx_f16_manifest.csv --exp-impl ptx_f16 --grid-blocks 32 --triplet-out results/summary/rtx3090_softmax_ex2_matrix_matrix60_p20_repro_v1_20260724_c028_mb10_ptx_f16_g32_s128_triplets.csv --matched-out results/summary/rtx3090_softmax_ex2_matrix_matrix60_p20_repro_v1_20260724_c028_mb10_ptx_f16_g32_s128_matched.csv --summary-out results/summary/rtx3090_softmax_ex2_matrix_matrix60_p20_repro_v1_20260724_c028_mb10_ptx_f16_g32_s128_summary.csv --report-out docs/results/rtx3090_softmax_ex2_matrix_matrix60_p20_repro_v1_20260724_c028_mb10_ptx_f16_g32_s128_ko.md --decision-stage pilot --energy-trace-min-fit-points 16 --bootstrap-samples 4000 --seed 20288975
rtx3090_softmax_ex2_factorial_matrix_v1,matrix60_p20_repro_v1_20260724,sha256_ranked_macroblocks_stratified_balanced_impl_permutations_v2,20260723,29,10,mb10_g32_s128,2,ptx_f16>ptx_f16x2>fp32,c029_mb10_ptx_f16x2_g32_s128,matrix60_p20_repro_v1_20260724_mb10_o029_ptx_f16x2_g32_s128,ptx_f16x2,ptx_ex2_approx_f16x2,32,32,128,rtx3090,probe,2,4.0,cache_reuse_candidate,default,13.0,1.0,6,1,counterbalanced6,batch_once,500.0,16,20.0,16.0,30.0,build-softmax/a100_fp16_softmax_energy,eeda8c0a1df3628d04c5bf15a486ba3dd0fc43935fbc51a18505a1dffb409b66,scripts/run_softmax_operand_rate_atc.py,a64b58006b3abf237c7d0da5f3109a5422ee2891ae0748d33453a3148a64c23a,scripts/analyze_softmax_probe_counterbalanced.py,3c3695c92b215666065f2706ecdec7dd63a803bf024376ef3bf111665ec5faf5,scripts/analyze_softmax_operand_rate_atc.py,1222055375cff076ef165f71d3f738492be9e92d82f0289a94f368be82fecbdb,scripts/run_softmax_ex2_factorial_matrix.py,a985e33c279938f578cb2358ea6e4374216d58e226d7c6c809ec0741d6cb48ab,results/raw/rtx3090_fp16_softmax_operand_rate_atc_matrix60_p20_repro_v1_20260724_mb10_o029_ptx_f16x2_g32_s128_ptx_f16x2_raw.csv,results/raw/rtx3090_fp16_softmax_operand_rate_atc_matrix60_p20_repro_v1_20260724_mb10_o029_ptx_f16x2_g32_s128_ptx_f16x2_manifest.csv,results/raw/rtx3090_fp16_softmax_operand_rate_atc_matrix60_p20_repro_v1_20260724_mb10_o029_ptx_f16x2_g32_s128_ptx_f16x2_raw_energy_trace.csv,results/raw/rtx3090_fp16_softmax_operand_rate_atc_matrix60_p20_repro_v1_20260724_mb10_o029_ptx_f16x2_g32_s128_ptx_f16x2_cache_reuse_candidate_g32_preheat.csv,results/summary/rtx3090_softmax_ex2_matrix_matrix60_p20_repro_v1_20260724_c029_mb10_ptx_f16x2_g32_s128_triplets.csv,results/summary/rtx3090_softmax_ex2_matrix_matrix60_p20_repro_v1_20260724_c029_mb10_ptx_f16x2_g32_s128_matched.csv,results/summary/rtx3090_softmax_ex2_matrix_matrix60_p20_repro_v1_20260724_c029_mb10_ptx_f16x2_g32_s128_summary.csv,docs/results/rtx3090_softmax_ex2_matrix_matrix60_p20_repro_v1_20260724_c029_mb10_ptx_f16x2_g32_s128_ko.md,results/logs/rtx3090_softmax_ex2_matrix_matrix60_p20_repro_v1_20260724_c029_mb10_ptx_f16x2_g32_s128.log,68095e6a9fdb4f0e2b685b59e3fc8aff4abaa02d185ebf1271d1fc8446e6bd79,python3 scripts/run_softmax_operand_rate_atc.py --binary build-softmax/a100_fp16_softmax_energy --gpu-id 0 --target-profile rtx3090 --exp-impl ptx_f16x2 --softmax-cols 128 --blocks-per-sm 2 --grid-blocks-list 32 --control-mode probe --logit-scale 4.0 --seconds 13.0 --idle-measure-seconds 1.0 --pairs 6 --bracket-warmup-pairs 1 --execution-mode persistent_bracket --bracket-idle-policy batch_once --bracket-order counterbalanced6 --preheat-seconds 20.0 --preheat-actual-min-seconds 16.0 --preheat-actual-max-seconds 30.0 --conditions cache_reuse_candidate --cache-policy default --energy-trace 1 --energy-trace-sample-ms 500.0 --energy-trace-min-updates 16 --tag matrix60_p20_repro_v1_20260724_mb10_o029_ptx_f16x2_g32_s128 --out-dir results/raw --max-gpu-util-pct 10.0 --max-memory-util-pct 15.0 --quiescence-timeout-s 60.0 --quiescence-poll-s 1.0 --quiescence-consecutive-samples 2,95417ea077a769a688531bfcd1d90ccbd01989f1a89c91c880fba613ba2c4e04,python3 scripts/analyze_softmax_probe_counterbalanced.py --input results/raw/rtx3090_fp16_softmax_operand_rate_atc_matrix60_p20_repro_v1_20260724_mb10_o029_ptx_f16x2_g32_s128_ptx_f16x2_raw.csv --energy-trace-input results/raw/rtx3090_fp16_softmax_operand_rate_atc_matrix60_p20_repro_v1_20260724_mb10_o029_ptx_f16x2_g32_s128_ptx_f16x2_raw_energy_trace.csv --manifest results/raw/rtx3090_fp16_softmax_operand_rate_atc_matrix60_p20_repro_v1_20260724_mb10_o029_ptx_f16x2_g32_s128_ptx_f16x2_manifest.csv --exp-impl ptx_f16x2 --grid-blocks 32 --triplet-out results/summary/rtx3090_softmax_ex2_matrix_matrix60_p20_repro_v1_20260724_c029_mb10_ptx_f16x2_g32_s128_triplets.csv --matched-out results/summary/rtx3090_softmax_ex2_matrix_matrix60_p20_repro_v1_20260724_c029_mb10_ptx_f16x2_g32_s128_matched.csv --summary-out results/summary/rtx3090_softmax_ex2_matrix_matrix60_p20_repro_v1_20260724_c029_mb10_ptx_f16x2_g32_s128_summary.csv --report-out docs/results/rtx3090_softmax_ex2_matrix_matrix60_p20_repro_v1_20260724_c029_mb10_ptx_f16x2_g32_s128_ko.md --decision-stage pilot --energy-trace-min-fit-points 16 --bootstrap-samples 4000 --seed 20289984
rtx3090_softmax_ex2_factorial_matrix_v1,matrix60_p20_repro_v1_20260724,sha256_ranked_macroblocks_stratified_balanced_impl_permutations_v2,20260723,30,10,mb10_g32_s128,3,ptx_f16>ptx_f16x2>fp32,c030_mb10_fp32_g32_s128,matrix60_p20_repro_v1_20260724_mb10_o030_fp32_g32_s128,fp32,fp32_fast___expf,32,32,128,rtx3090,probe,2,4.0,cache_reuse_candidate,default,13.0,1.0,6,1,counterbalanced6,batch_once,500.0,16,20.0,16.0,30.0,build-softmax/a100_fp16_softmax_energy,eeda8c0a1df3628d04c5bf15a486ba3dd0fc43935fbc51a18505a1dffb409b66,scripts/run_softmax_operand_rate_atc.py,a64b58006b3abf237c7d0da5f3109a5422ee2891ae0748d33453a3148a64c23a,scripts/analyze_softmax_probe_counterbalanced.py,3c3695c92b215666065f2706ecdec7dd63a803bf024376ef3bf111665ec5faf5,scripts/analyze_softmax_operand_rate_atc.py,1222055375cff076ef165f71d3f738492be9e92d82f0289a94f368be82fecbdb,scripts/run_softmax_ex2_factorial_matrix.py,a985e33c279938f578cb2358ea6e4374216d58e226d7c6c809ec0741d6cb48ab,results/raw/rtx3090_fp16_softmax_operand_rate_atc_matrix60_p20_repro_v1_20260724_mb10_o030_fp32_g32_s128_raw.csv,results/raw/rtx3090_fp16_softmax_operand_rate_atc_matrix60_p20_repro_v1_20260724_mb10_o030_fp32_g32_s128_manifest.csv,results/raw/rtx3090_fp16_softmax_operand_rate_atc_matrix60_p20_repro_v1_20260724_mb10_o030_fp32_g32_s128_raw_energy_trace.csv,results/raw/rtx3090_fp16_softmax_operand_rate_atc_matrix60_p20_repro_v1_20260724_mb10_o030_fp32_g32_s128_cache_reuse_candidate_g32_preheat.csv,results/summary/rtx3090_softmax_ex2_matrix_matrix60_p20_repro_v1_20260724_c030_mb10_fp32_g32_s128_triplets.csv,results/summary/rtx3090_softmax_ex2_matrix_matrix60_p20_repro_v1_20260724_c030_mb10_fp32_g32_s128_matched.csv,results/summary/rtx3090_softmax_ex2_matrix_matrix60_p20_repro_v1_20260724_c030_mb10_fp32_g32_s128_summary.csv,docs/results/rtx3090_softmax_ex2_matrix_matrix60_p20_repro_v1_20260724_c030_mb10_fp32_g32_s128_ko.md,results/logs/rtx3090_softmax_ex2_matrix_matrix60_p20_repro_v1_20260724_c030_mb10_fp32_g32_s128.log,3e57001e9fc2d9e4e009d9e5bc52dd319c6e44cb98482fd64d8469bae3aec194,python3 scripts/run_softmax_operand_rate_atc.py --binary build-softmax/a100_fp16_softmax_energy --gpu-id 0 --target-profile rtx3090 --exp-impl fp32 --softmax-cols 128 --blocks-per-sm 2 --grid-blocks-list 32 --control-mode probe --logit-scale 4.0 --seconds 13.0 --idle-measure-seconds 1.0 --pairs 6 --bracket-warmup-pairs 1 --execution-mode persistent_bracket --bracket-idle-policy batch_once --bracket-order counterbalanced6 --preheat-seconds 20.0 --preheat-actual-min-seconds 16.0 --preheat-actual-max-seconds 30.0 --conditions cache_reuse_candidate --cache-policy default --energy-trace 1 --energy-trace-sample-ms 500.0 --energy-trace-min-updates 16 --tag matrix60_p20_repro_v1_20260724_mb10_o030_fp32_g32_s128 --out-dir results/raw --max-gpu-util-pct 10.0 --max-memory-util-pct 15.0 --quiescence-timeout-s 60.0 --quiescence-poll-s 1.0 --quiescence-consecutive-samples 2,40ba84ccc545fe4005a657fd506ab4ae9177ab369db9ecf8e56e0ec3ae4a931c,python3 scripts/analyze_softmax_probe_counterbalanced.py --input results/raw/rtx3090_fp16_softmax_operand_rate_atc_matrix60_p20_repro_v1_20260724_mb10_o030_fp32_g32_s128_raw.csv --energy-trace-input results/raw/rtx3090_fp16_softmax_operand_rate_atc_matrix60_p20_repro_v1_20260724_mb10_o030_fp32_g32_s128_raw_energy_trace.csv --manifest results/raw/rtx3090_fp16_softmax_operand_rate_atc_matrix60_p20_repro_v1_20260724_mb10_o030_fp32_g32_s128_manifest.csv --exp-impl fp32 --grid-blocks 32 --triplet-out results/summary/rtx3090_softmax_ex2_matrix_matrix60_p20_repro_v1_20260724_c030_mb10_fp32_g32_s128_triplets.csv --matched-out results/summary/rtx3090_softmax_ex2_matrix_matrix60_p20_repro_v1_20260724_c030_mb10_fp32_g32_s128_matched.csv --summary-out results/summary/rtx3090_softmax_ex2_matrix_matrix60_p20_repro_v1_20260724_c030_mb10_fp32_g32_s128_summary.csv --report-out docs/results/rtx3090_softmax_ex2_matrix_matrix60_p20_repro_v1_20260724_c030_mb10_fp32_g32_s128_ko.md --decision-stage pilot --energy-trace-min-fit-points 16 --bootstrap-samples 4000 --seed 20290993
rtx3090_softmax_ex2_factorial_matrix_v1,matrix60_p20_repro_v1_20260724,sha256_ranked_macroblocks_stratified_balanced_impl_permutations_v2,20260723,31,11,mb11_g32_s256,1,fp32>ptx_f16>ptx_f16x2,c031_mb11_fp32_g32_s256,matrix60_p20_repro_v1_20260724_mb11_o031_fp32_g32_s256,fp32,fp32_fast___expf,32,32,256,rtx3090,probe,2,4.0,cache_reuse_candidate,default,13.0,1.0,6,1,counterbalanced6,batch_once,500.0,16,20.0,16.0,30.0,build-softmax/a100_fp16_softmax_energy,eeda8c0a1df3628d04c5bf15a486ba3dd0fc43935fbc51a18505a1dffb409b66,scripts/run_softmax_operand_rate_atc.py,a64b58006b3abf237c7d0da5f3109a5422ee2891ae0748d33453a3148a64c23a,scripts/analyze_softmax_probe_counterbalanced.py,3c3695c92b215666065f2706ecdec7dd63a803bf024376ef3bf111665ec5faf5,scripts/analyze_softmax_operand_rate_atc.py,1222055375cff076ef165f71d3f738492be9e92d82f0289a94f368be82fecbdb,scripts/run_softmax_ex2_factorial_matrix.py,a985e33c279938f578cb2358ea6e4374216d58e226d7c6c809ec0741d6cb48ab,results/raw/rtx3090_fp16_softmax_operand_rate_atc_matrix60_p20_repro_v1_20260724_mb11_o031_fp32_g32_s256_raw.csv,results/raw/rtx3090_fp16_softmax_operand_rate_atc_matrix60_p20_repro_v1_20260724_mb11_o031_fp32_g32_s256_manifest.csv,results/raw/rtx3090_fp16_softmax_operand_rate_atc_matrix60_p20_repro_v1_20260724_mb11_o031_fp32_g32_s256_raw_energy_trace.csv,results/raw/rtx3090_fp16_softmax_operand_rate_atc_matrix60_p20_repro_v1_20260724_mb11_o031_fp32_g32_s256_cache_reuse_candidate_g32_preheat.csv,results/summary/rtx3090_softmax_ex2_matrix_matrix60_p20_repro_v1_20260724_c031_mb11_fp32_g32_s256_triplets.csv,results/summary/rtx3090_softmax_ex2_matrix_matrix60_p20_repro_v1_20260724_c031_mb11_fp32_g32_s256_matched.csv,results/summary/rtx3090_softmax_ex2_matrix_matrix60_p20_repro_v1_20260724_c031_mb11_fp32_g32_s256_summary.csv,docs/results/rtx3090_softmax_ex2_matrix_matrix60_p20_repro_v1_20260724_c031_mb11_fp32_g32_s256_ko.md,results/logs/rtx3090_softmax_ex2_matrix_matrix60_p20_repro_v1_20260724_c031_mb11_fp32_g32_s256.log,bf58b175d4df65a36b9cd97303c539e822c92f99a9ba1e27fd3daf530bb72973,python3 scripts/run_softmax_operand_rate_atc.py --binary build-softmax/a100_fp16_softmax_energy --gpu-id 0 --target-profile rtx3090 --exp-impl fp32 --softmax-cols 256 --blocks-per-sm 2 --grid-blocks-list 32 --control-mode probe --logit-scale 4.0 --seconds 13.0 --idle-measure-seconds 1.0 --pairs 6 --bracket-warmup-pairs 1 --execution-mode persistent_bracket --bracket-idle-policy batch_once --bracket-order counterbalanced6 --preheat-seconds 20.0 --preheat-actual-min-seconds 16.0 --preheat-actual-max-seconds 30.0 --conditions cache_reuse_candidate --cache-policy default --energy-trace 1 --energy-trace-sample-ms 500.0 --energy-trace-min-updates 16 --tag matrix60_p20_repro_v1_20260724_mb11_o031_fp32_g32_s256 --out-dir results/raw --max-gpu-util-pct 10.0 --max-memory-util-pct 15.0 --quiescence-timeout-s 60.0 --quiescence-poll-s 1.0 --quiescence-consecutive-samples 2,0cc6e1c36d099d34b3c5f6296c311bf5d38e152e0fd015436ab37f4734dba002,python3 scripts/analyze_softmax_probe_counterbalanced.py --input results/raw/rtx3090_fp16_softmax_operand_rate_atc_matrix60_p20_repro_v1_20260724_mb11_o031_fp32_g32_s256_raw.csv --energy-trace-input results/raw/rtx3090_fp16_softmax_operand_rate_atc_matrix60_p20_repro_v1_20260724_mb11_o031_fp32_g32_s256_raw_energy_trace.csv --manifest results/raw/rtx3090_fp16_softmax_operand_rate_atc_matrix60_p20_repro_v1_20260724_mb11_o031_fp32_g32_s256_manifest.csv --exp-impl fp32 --grid-blocks 32 --triplet-out results/summary/rtx3090_softmax_ex2_matrix_matrix60_p20_repro_v1_20260724_c031_mb11_fp32_g32_s256_triplets.csv --matched-out results/summary/rtx3090_softmax_ex2_matrix_matrix60_p20_repro_v1_20260724_c031_mb11_fp32_g32_s256_matched.csv --summary-out results/summary/rtx3090_softmax_ex2_matrix_matrix60_p20_repro_v1_20260724_c031_mb11_fp32_g32_s256_summary.csv --report-out docs/results/rtx3090_softmax_ex2_matrix_matrix60_p20_repro_v1_20260724_c031_mb11_fp32_g32_s256_ko.md --decision-stage pilot --energy-trace-min-fit-points 16 --bootstrap-samples 4000 --seed 20292002
rtx3090_softmax_ex2_factorial_matrix_v1,matrix60_p20_repro_v1_20260724,sha256_ranked_macroblocks_stratified_balanced_impl_permutations_v2,20260723,32,11,mb11_g32_s256,2,fp32>ptx_f16>ptx_f16x2,c032_mb11_ptx_f16_g32_s256,matrix60_p20_repro_v1_20260724_mb11_o032_ptx_f16_g32_s256,ptx_f16,ptx_ex2_approx_f16,32,32,256,rtx3090,probe,2,4.0,cache_reuse_candidate,default,13.0,1.0,6,1,counterbalanced6,batch_once,500.0,16,20.0,16.0,30.0,build-softmax/a100_fp16_softmax_energy,eeda8c0a1df3628d04c5bf15a486ba3dd0fc43935fbc51a18505a1dffb409b66,scripts/run_softmax_operand_rate_atc.py,a64b58006b3abf237c7d0da5f3109a5422ee2891ae0748d33453a3148a64c23a,scripts/analyze_softmax_probe_counterbalanced.py,3c3695c92b215666065f2706ecdec7dd63a803bf024376ef3bf111665ec5faf5,scripts/analyze_softmax_operand_rate_atc.py,1222055375cff076ef165f71d3f738492be9e92d82f0289a94f368be82fecbdb,scripts/run_softmax_ex2_factorial_matrix.py,a985e33c279938f578cb2358ea6e4374216d58e226d7c6c809ec0741d6cb48ab,results/raw/rtx3090_fp16_softmax_operand_rate_atc_matrix60_p20_repro_v1_20260724_mb11_o032_ptx_f16_g32_s256_ptx_f16_raw.csv,results/raw/rtx3090_fp16_softmax_operand_rate_atc_matrix60_p20_repro_v1_20260724_mb11_o032_ptx_f16_g32_s256_ptx_f16_manifest.csv,results/raw/rtx3090_fp16_softmax_operand_rate_atc_matrix60_p20_repro_v1_20260724_mb11_o032_ptx_f16_g32_s256_ptx_f16_raw_energy_trace.csv,results/raw/rtx3090_fp16_softmax_operand_rate_atc_matrix60_p20_repro_v1_20260724_mb11_o032_ptx_f16_g32_s256_ptx_f16_cache_reuse_candidate_g32_preheat.csv,results/summary/rtx3090_softmax_ex2_matrix_matrix60_p20_repro_v1_20260724_c032_mb11_ptx_f16_g32_s256_triplets.csv,results/summary/rtx3090_softmax_ex2_matrix_matrix60_p20_repro_v1_20260724_c032_mb11_ptx_f16_g32_s256_matched.csv,results/summary/rtx3090_softmax_ex2_matrix_matrix60_p20_repro_v1_20260724_c032_mb11_ptx_f16_g32_s256_summary.csv,docs/results/rtx3090_softmax_ex2_matrix_matrix60_p20_repro_v1_20260724_c032_mb11_ptx_f16_g32_s256_ko.md,results/logs/rtx3090_softmax_ex2_matrix_matrix60_p20_repro_v1_20260724_c032_mb11_ptx_f16_g32_s256.log,5592a91684189ca3f10d44568fede8eadf5435777bd0fa9c86e8397741699b46,python3 scripts/run_softmax_operand_rate_atc.py --binary build-softmax/a100_fp16_softmax_energy --gpu-id 0 --target-profile rtx3090 --exp-impl ptx_f16 --softmax-cols 256 --blocks-per-sm 2 --grid-blocks-list 32 --control-mode probe --logit-scale 4.0 --seconds 13.0 --idle-measure-seconds 1.0 --pairs 6 --bracket-warmup-pairs 1 --execution-mode persistent_bracket --bracket-idle-policy batch_once --bracket-order counterbalanced6 --preheat-seconds 20.0 --preheat-actual-min-seconds 16.0 --preheat-actual-max-seconds 30.0 --conditions cache_reuse_candidate --cache-policy default --energy-trace 1 --energy-trace-sample-ms 500.0 --energy-trace-min-updates 16 --tag matrix60_p20_repro_v1_20260724_mb11_o032_ptx_f16_g32_s256 --out-dir results/raw --max-gpu-util-pct 10.0 --max-memory-util-pct 15.0 --quiescence-timeout-s 60.0 --quiescence-poll-s 1.0 --quiescence-consecutive-samples 2,41c30d8f62b297407c8ed3503e1f9409b57ca2673653ca9a2b00df61eea05226,python3 scripts/analyze_softmax_probe_counterbalanced.py --input results/raw/rtx3090_fp16_softmax_operand_rate_atc_matrix60_p20_repro_v1_20260724_mb11_o032_ptx_f16_g32_s256_ptx_f16_raw.csv --energy-trace-input results/raw/rtx3090_fp16_softmax_operand_rate_atc_matrix60_p20_repro_v1_20260724_mb11_o032_ptx_f16_g32_s256_ptx_f16_raw_energy_trace.csv --manifest results/raw/rtx3090_fp16_softmax_operand_rate_atc_matrix60_p20_repro_v1_20260724_mb11_o032_ptx_f16_g32_s256_ptx_f16_manifest.csv --exp-impl ptx_f16 --grid-blocks 32 --triplet-out results/summary/rtx3090_softmax_ex2_matrix_matrix60_p20_repro_v1_20260724_c032_mb11_ptx_f16_g32_s256_triplets.csv --matched-out results/summary/rtx3090_softmax_ex2_matrix_matrix60_p20_repro_v1_20260724_c032_mb11_ptx_f16_g32_s256_matched.csv --summary-out results/summary/rtx3090_softmax_ex2_matrix_matrix60_p20_repro_v1_20260724_c032_mb11_ptx_f16_g32_s256_summary.csv --report-out docs/results/rtx3090_softmax_ex2_matrix_matrix60_p20_repro_v1_20260724_c032_mb11_ptx_f16_g32_s256_ko.md --decision-stage pilot --energy-trace-min-fit-points 16 --bootstrap-samples 4000 --seed 20293011
rtx3090_softmax_ex2_factorial_matrix_v1,matrix60_p20_repro_v1_20260724,sha256_ranked_macroblocks_stratified_balanced_impl_permutations_v2,20260723,33,11,mb11_g32_s256,3,fp32>ptx_f16>ptx_f16x2,c033_mb11_ptx_f16x2_g32_s256,matrix60_p20_repro_v1_20260724_mb11_o033_ptx_f16x2_g32_s256,ptx_f16x2,ptx_ex2_approx_f16x2,32,32,256,rtx3090,probe,2,4.0,cache_reuse_candidate,default,13.0,1.0,6,1,counterbalanced6,batch_once,500.0,16,20.0,16.0,30.0,build-softmax/a100_fp16_softmax_energy,eeda8c0a1df3628d04c5bf15a486ba3dd0fc43935fbc51a18505a1dffb409b66,scripts/run_softmax_operand_rate_atc.py,a64b58006b3abf237c7d0da5f3109a5422ee2891ae0748d33453a3148a64c23a,scripts/analyze_softmax_probe_counterbalanced.py,3c3695c92b215666065f2706ecdec7dd63a803bf024376ef3bf111665ec5faf5,scripts/analyze_softmax_operand_rate_atc.py,1222055375cff076ef165f71d3f738492be9e92d82f0289a94f368be82fecbdb,scripts/run_softmax_ex2_factorial_matrix.py,a985e33c279938f578cb2358ea6e4374216d58e226d7c6c809ec0741d6cb48ab,results/raw/rtx3090_fp16_softmax_operand_rate_atc_matrix60_p20_repro_v1_20260724_mb11_o033_ptx_f16x2_g32_s256_ptx_f16x2_raw.csv,results/raw/rtx3090_fp16_softmax_operand_rate_atc_matrix60_p20_repro_v1_20260724_mb11_o033_ptx_f16x2_g32_s256_ptx_f16x2_manifest.csv,results/raw/rtx3090_fp16_softmax_operand_rate_atc_matrix60_p20_repro_v1_20260724_mb11_o033_ptx_f16x2_g32_s256_ptx_f16x2_raw_energy_trace.csv,results/raw/rtx3090_fp16_softmax_operand_rate_atc_matrix60_p20_repro_v1_20260724_mb11_o033_ptx_f16x2_g32_s256_ptx_f16x2_cache_reuse_candidate_g32_preheat.csv,results/summary/rtx3090_softmax_ex2_matrix_matrix60_p20_repro_v1_20260724_c033_mb11_ptx_f16x2_g32_s256_triplets.csv,results/summary/rtx3090_softmax_ex2_matrix_matrix60_p20_repro_v1_20260724_c033_mb11_ptx_f16x2_g32_s256_matched.csv,results/summary/rtx3090_softmax_ex2_matrix_matrix60_p20_repro_v1_20260724_c033_mb11_ptx_f16x2_g32_s256_summary.csv,docs/results/rtx3090_softmax_ex2_matrix_matrix60_p20_repro_v1_20260724_c033_mb11_ptx_f16x2_g32_s256_ko.md,results/logs/rtx3090_softmax_ex2_matrix_matrix60_p20_repro_v1_20260724_c033_mb11_ptx_f16x2_g32_s256.log,4c13ec9a417208f630a999dbb6c7862b4d82b8bfca5c59a93ee52aba7b426de8,python3 scripts/run_softmax_operand_rate_atc.py --binary build-softmax/a100_fp16_softmax_energy --gpu-id 0 --target-profile rtx3090 --exp-impl ptx_f16x2 --softmax-cols 256 --blocks-per-sm 2 --grid-blocks-list 32 --control-mode probe --logit-scale 4.0 --seconds 13.0 --idle-measure-seconds 1.0 --pairs 6 --bracket-warmup-pairs 1 --execution-mode persistent_bracket --bracket-idle-policy batch_once --bracket-order counterbalanced6 --preheat-seconds 20.0 --preheat-actual-min-seconds 16.0 --preheat-actual-max-seconds 30.0 --conditions cache_reuse_candidate --cache-policy default --energy-trace 1 --energy-trace-sample-ms 500.0 --energy-trace-min-updates 16 --tag matrix60_p20_repro_v1_20260724_mb11_o033_ptx_f16x2_g32_s256 --out-dir results/raw --max-gpu-util-pct 10.0 --max-memory-util-pct 15.0 --quiescence-timeout-s 60.0 --quiescence-poll-s 1.0 --quiescence-consecutive-samples 2,20e20d3d3f8b51bdd13bd7c707d3796959dfa820d82069793ec544f9aca3e325,python3 scripts/analyze_softmax_probe_counterbalanced.py --input results/raw/rtx3090_fp16_softmax_operand_rate_atc_matrix60_p20_repro_v1_20260724_mb11_o033_ptx_f16x2_g32_s256_ptx_f16x2_raw.csv --energy-trace-input results/raw/rtx3090_fp16_softmax_operand_rate_atc_matrix60_p20_repro_v1_20260724_mb11_o033_ptx_f16x2_g32_s256_ptx_f16x2_raw_energy_trace.csv --manifest results/raw/rtx3090_fp16_softmax_operand_rate_atc_matrix60_p20_repro_v1_20260724_mb11_o033_ptx_f16x2_g32_s256_ptx_f16x2_manifest.csv --exp-impl ptx_f16x2 --grid-blocks 32 --triplet-out results/summary/rtx3090_softmax_ex2_matrix_matrix60_p20_repro_v1_20260724_c033_mb11_ptx_f16x2_g32_s256_triplets.csv --matched-out results/summary/rtx3090_softmax_ex2_matrix_matrix60_p20_repro_v1_20260724_c033_mb11_ptx_f16x2_g32_s256_matched.csv --summary-out results/summary/rtx3090_softmax_ex2_matrix_matrix60_p20_repro_v1_20260724_c033_mb11_ptx_f16x2_g32_s256_summary.csv --report-out docs/results/rtx3090_softmax_ex2_matrix_matrix60_p20_repro_v1_20260724_c033_mb11_ptx_f16x2_g32_s256_ko.md --decision-stage pilot --energy-trace-min-fit-points 16 --bootstrap-samples 4000 --seed 20294020
rtx3090_softmax_ex2_factorial_matrix_v1,matrix60_p20_repro_v1_20260724,sha256_ranked_macroblocks_stratified_balanced_impl_permutations_v2,20260723,34,12,mb12_g64_s128,1,ptx_f16>fp32>ptx_f16x2,c034_mb12_ptx_f16_g64_s128,matrix60_p20_repro_v1_20260724_mb12_o034_ptx_f16_g64_s128,ptx_f16,ptx_ex2_approx_f16,64,64,128,rtx3090,probe,2,4.0,cache_reuse_candidate,default,13.0,1.0,6,1,counterbalanced6,batch_once,500.0,16,20.0,16.0,30.0,build-softmax/a100_fp16_softmax_energy,eeda8c0a1df3628d04c5bf15a486ba3dd0fc43935fbc51a18505a1dffb409b66,scripts/run_softmax_operand_rate_atc.py,a64b58006b3abf237c7d0da5f3109a5422ee2891ae0748d33453a3148a64c23a,scripts/analyze_softmax_probe_counterbalanced.py,3c3695c92b215666065f2706ecdec7dd63a803bf024376ef3bf111665ec5faf5,scripts/analyze_softmax_operand_rate_atc.py,1222055375cff076ef165f71d3f738492be9e92d82f0289a94f368be82fecbdb,scripts/run_softmax_ex2_factorial_matrix.py,a985e33c279938f578cb2358ea6e4374216d58e226d7c6c809ec0741d6cb48ab,results/raw/rtx3090_fp16_softmax_operand_rate_atc_matrix60_p20_repro_v1_20260724_mb12_o034_ptx_f16_g64_s128_ptx_f16_raw.csv,results/raw/rtx3090_fp16_softmax_operand_rate_atc_matrix60_p20_repro_v1_20260724_mb12_o034_ptx_f16_g64_s128_ptx_f16_manifest.csv,results/raw/rtx3090_fp16_softmax_operand_rate_atc_matrix60_p20_repro_v1_20260724_mb12_o034_ptx_f16_g64_s128_ptx_f16_raw_energy_trace.csv,results/raw/rtx3090_fp16_softmax_operand_rate_atc_matrix60_p20_repro_v1_20260724_mb12_o034_ptx_f16_g64_s128_ptx_f16_cache_reuse_candidate_g64_preheat.csv,results/summary/rtx3090_softmax_ex2_matrix_matrix60_p20_repro_v1_20260724_c034_mb12_ptx_f16_g64_s128_triplets.csv,results/summary/rtx3090_softmax_ex2_matrix_matrix60_p20_repro_v1_20260724_c034_mb12_ptx_f16_g64_s128_matched.csv,results/summary/rtx3090_softmax_ex2_matrix_matrix60_p20_repro_v1_20260724_c034_mb12_ptx_f16_g64_s128_summary.csv,docs/results/rtx3090_softmax_ex2_matrix_matrix60_p20_repro_v1_20260724_c034_mb12_ptx_f16_g64_s128_ko.md,results/logs/rtx3090_softmax_ex2_matrix_matrix60_p20_repro_v1_20260724_c034_mb12_ptx_f16_g64_s128.log,c03c7d2715650892b7bb2076a0083ba4474fec9dcd0045939c3d6efb1bbf3100,python3 scripts/run_softmax_operand_rate_atc.py --binary build-softmax/a100_fp16_softmax_energy --gpu-id 0 --target-profile rtx3090 --exp-impl ptx_f16 --softmax-cols 128 --blocks-per-sm 2 --grid-blocks-list 64 --control-mode probe --logit-scale 4.0 --seconds 13.0 --idle-measure-seconds 1.0 --pairs 6 --bracket-warmup-pairs 1 --execution-mode persistent_bracket --bracket-idle-policy batch_once --bracket-order counterbalanced6 --preheat-seconds 20.0 --preheat-actual-min-seconds 16.0 --preheat-actual-max-seconds 30.0 --conditions cache_reuse_candidate --cache-policy default --energy-trace 1 --energy-trace-sample-ms 500.0 --energy-trace-min-updates 16 --tag matrix60_p20_repro_v1_20260724_mb12_o034_ptx_f16_g64_s128 --out-dir results/raw --max-gpu-util-pct 10.0 --max-memory-util-pct 15.0 --quiescence-timeout-s 60.0 --quiescence-poll-s 1.0 --quiescence-consecutive-samples 2,5b8003d493e8d6509dcab27436a0e04181e21b4254374f027e061aad0b74b0b8,python3 scripts/analyze_softmax_probe_counterbalanced.py --input results/raw/rtx3090_fp16_softmax_operand_rate_atc_matrix60_p20_repro_v1_20260724_mb12_o034_ptx_f16_g64_s128_ptx_f16_raw.csv --energy-trace-input results/raw/rtx3090_fp16_softmax_operand_rate_atc_matrix60_p20_repro_v1_20260724_mb12_o034_ptx_f16_g64_s128_ptx_f16_raw_energy_trace.csv --manifest results/raw/rtx3090_fp16_softmax_operand_rate_atc_matrix60_p20_repro_v1_20260724_mb12_o034_ptx_f16_g64_s128_ptx_f16_manifest.csv --exp-impl ptx_f16 --grid-blocks 64 --triplet-out results/summary/rtx3090_softmax_ex2_matrix_matrix60_p20_repro_v1_20260724_c034_mb12_ptx_f16_g64_s128_triplets.csv --matched-out results/summary/rtx3090_softmax_ex2_matrix_matrix60_p20_repro_v1_20260724_c034_mb12_ptx_f16_g64_s128_matched.csv --summary-out results/summary/rtx3090_softmax_ex2_matrix_matrix60_p20_repro_v1_20260724_c034_mb12_ptx_f16_g64_s128_summary.csv --report-out docs/results/rtx3090_softmax_ex2_matrix_matrix60_p20_repro_v1_20260724_c034_mb12_ptx_f16_g64_s128_ko.md --decision-stage pilot --energy-trace-min-fit-points 16 --bootstrap-samples 4000 --seed 20295029
rtx3090_softmax_ex2_factorial_matrix_v1,matrix60_p20_repro_v1_20260724,sha256_ranked_macroblocks_stratified_balanced_impl_permutations_v2,20260723,35,12,mb12_g64_s128,2,ptx_f16>fp32>ptx_f16x2,c035_mb12_fp32_g64_s128,matrix60_p20_repro_v1_20260724_mb12_o035_fp32_g64_s128,fp32,fp32_fast___expf,64,64,128,rtx3090,probe,2,4.0,cache_reuse_candidate,default,13.0,1.0,6,1,counterbalanced6,batch_once,500.0,16,20.0,16.0,30.0,build-softmax/a100_fp16_softmax_energy,eeda8c0a1df3628d04c5bf15a486ba3dd0fc43935fbc51a18505a1dffb409b66,scripts/run_softmax_operand_rate_atc.py,a64b58006b3abf237c7d0da5f3109a5422ee2891ae0748d33453a3148a64c23a,scripts/analyze_softmax_probe_counterbalanced.py,3c3695c92b215666065f2706ecdec7dd63a803bf024376ef3bf111665ec5faf5,scripts/analyze_softmax_operand_rate_atc.py,1222055375cff076ef165f71d3f738492be9e92d82f0289a94f368be82fecbdb,scripts/run_softmax_ex2_factorial_matrix.py,a985e33c279938f578cb2358ea6e4374216d58e226d7c6c809ec0741d6cb48ab,results/raw/rtx3090_fp16_softmax_operand_rate_atc_matrix60_p20_repro_v1_20260724_mb12_o035_fp32_g64_s128_raw.csv,results/raw/rtx3090_fp16_softmax_operand_rate_atc_matrix60_p20_repro_v1_20260724_mb12_o035_fp32_g64_s128_manifest.csv,results/raw/rtx3090_fp16_softmax_operand_rate_atc_matrix60_p20_repro_v1_20260724_mb12_o035_fp32_g64_s128_raw_energy_trace.csv,results/raw/rtx3090_fp16_softmax_operand_rate_atc_matrix60_p20_repro_v1_20260724_mb12_o035_fp32_g64_s128_cache_reuse_candidate_g64_preheat.csv,results/summary/rtx3090_softmax_ex2_matrix_matrix60_p20_repro_v1_20260724_c035_mb12_fp32_g64_s128_triplets.csv,results/summary/rtx3090_softmax_ex2_matrix_matrix60_p20_repro_v1_20260724_c035_mb12_fp32_g64_s128_matched.csv,results/summary/rtx3090_softmax_ex2_matrix_matrix60_p20_repro_v1_20260724_c035_mb12_fp32_g64_s128_summary.csv,docs/results/rtx3090_softmax_ex2_matrix_matrix60_p20_repro_v1_20260724_c035_mb12_fp32_g64_s128_ko.md,results/logs/rtx3090_softmax_ex2_matrix_matrix60_p20_repro_v1_20260724_c035_mb12_fp32_g64_s128.log,3a67e635d4f9053c9f4a04e53df097c74bf74198a1e159f85c2f2c9e3d39e434,python3 scripts/run_softmax_operand_rate_atc.py --binary build-softmax/a100_fp16_softmax_energy --gpu-id 0 --target-profile rtx3090 --exp-impl fp32 --softmax-cols 128 --blocks-per-sm 2 --grid-blocks-list 64 --control-mode probe --logit-scale 4.0 --seconds 13.0 --idle-measure-seconds 1.0 --pairs 6 --bracket-warmup-pairs 1 --execution-mode persistent_bracket --bracket-idle-policy batch_once --bracket-order counterbalanced6 --preheat-seconds 20.0 --preheat-actual-min-seconds 16.0 --preheat-actual-max-seconds 30.0 --conditions cache_reuse_candidate --cache-policy default --energy-trace 1 --energy-trace-sample-ms 500.0 --energy-trace-min-updates 16 --tag matrix60_p20_repro_v1_20260724_mb12_o035_fp32_g64_s128 --out-dir results/raw --max-gpu-util-pct 10.0 --max-memory-util-pct 15.0 --quiescence-timeout-s 60.0 --quiescence-poll-s 1.0 --quiescence-consecutive-samples 2,dcc7211daa1efe3f7fd3752da1c6f4b0002e82314f3498eed4eb05de2d5aaaa4,python3 scripts/analyze_softmax_probe_counterbalanced.py --input results/raw/rtx3090_fp16_softmax_operand_rate_atc_matrix60_p20_repro_v1_20260724_mb12_o035_fp32_g64_s128_raw.csv --energy-trace-input results/raw/rtx3090_fp16_softmax_operand_rate_atc_matrix60_p20_repro_v1_20260724_mb12_o035_fp32_g64_s128_raw_energy_trace.csv --manifest results/raw/rtx3090_fp16_softmax_operand_rate_atc_matrix60_p20_repro_v1_20260724_mb12_o035_fp32_g64_s128_manifest.csv --exp-impl fp32 --grid-blocks 64 --triplet-out results/summary/rtx3090_softmax_ex2_matrix_matrix60_p20_repro_v1_20260724_c035_mb12_fp32_g64_s128_triplets.csv --matched-out results/summary/rtx3090_softmax_ex2_matrix_matrix60_p20_repro_v1_20260724_c035_mb12_fp32_g64_s128_matched.csv --summary-out results/summary/rtx3090_softmax_ex2_matrix_matrix60_p20_repro_v1_20260724_c035_mb12_fp32_g64_s128_summary.csv --report-out docs/results/rtx3090_softmax_ex2_matrix_matrix60_p20_repro_v1_20260724_c035_mb12_fp32_g64_s128_ko.md --decision-stage pilot --energy-trace-min-fit-points 16 --bootstrap-samples 4000 --seed 20296038
rtx3090_softmax_ex2_factorial_matrix_v1,matrix60_p20_repro_v1_20260724,sha256_ranked_macroblocks_stratified_balanced_impl_permutations_v2,20260723,36,12,mb12_g64_s128,3,ptx_f16>fp32>ptx_f16x2,c036_mb12_ptx_f16x2_g64_s128,matrix60_p20_repro_v1_20260724_mb12_o036_ptx_f16x2_g64_s128,ptx_f16x2,ptx_ex2_approx_f16x2,64,64,128,rtx3090,probe,2,4.0,cache_reuse_candidate,default,13.0,1.0,6,1,counterbalanced6,batch_once,500.0,16,20.0,16.0,30.0,build-softmax/a100_fp16_softmax_energy,eeda8c0a1df3628d04c5bf15a486ba3dd0fc43935fbc51a18505a1dffb409b66,scripts/run_softmax_operand_rate_atc.py,a64b58006b3abf237c7d0da5f3109a5422ee2891ae0748d33453a3148a64c23a,scripts/analyze_softmax_probe_counterbalanced.py,3c3695c92b215666065f2706ecdec7dd63a803bf024376ef3bf111665ec5faf5,scripts/analyze_softmax_operand_rate_atc.py,1222055375cff076ef165f71d3f738492be9e92d82f0289a94f368be82fecbdb,scripts/run_softmax_ex2_factorial_matrix.py,a985e33c279938f578cb2358ea6e4374216d58e226d7c6c809ec0741d6cb48ab,results/raw/rtx3090_fp16_softmax_operand_rate_atc_matrix60_p20_repro_v1_20260724_mb12_o036_ptx_f16x2_g64_s128_ptx_f16x2_raw.csv,results/raw/rtx3090_fp16_softmax_operand_rate_atc_matrix60_p20_repro_v1_20260724_mb12_o036_ptx_f16x2_g64_s128_ptx_f16x2_manifest.csv,results/raw/rtx3090_fp16_softmax_operand_rate_atc_matrix60_p20_repro_v1_20260724_mb12_o036_ptx_f16x2_g64_s128_ptx_f16x2_raw_energy_trace.csv,results/raw/rtx3090_fp16_softmax_operand_rate_atc_matrix60_p20_repro_v1_20260724_mb12_o036_ptx_f16x2_g64_s128_ptx_f16x2_cache_reuse_candidate_g64_preheat.csv,results/summary/rtx3090_softmax_ex2_matrix_matrix60_p20_repro_v1_20260724_c036_mb12_ptx_f16x2_g64_s128_triplets.csv,results/summary/rtx3090_softmax_ex2_matrix_matrix60_p20_repro_v1_20260724_c036_mb12_ptx_f16x2_g64_s128_matched.csv,results/summary/rtx3090_softmax_ex2_matrix_matrix60_p20_repro_v1_20260724_c036_mb12_ptx_f16x2_g64_s128_summary.csv,docs/results/rtx3090_softmax_ex2_matrix_matrix60_p20_repro_v1_20260724_c036_mb12_ptx_f16x2_g64_s128_ko.md,results/logs/rtx3090_softmax_ex2_matrix_matrix60_p20_repro_v1_20260724_c036_mb12_ptx_f16x2_g64_s128.log,c096f6d0f68b6cb0209c6419c3aa993e9fe481e61a2cb836e1453541fe30e633,python3 scripts/run_softmax_operand_rate_atc.py --binary build-softmax/a100_fp16_softmax_energy --gpu-id 0 --target-profile rtx3090 --exp-impl ptx_f16x2 --softmax-cols 128 --blocks-per-sm 2 --grid-blocks-list 64 --control-mode probe --logit-scale 4.0 --seconds 13.0 --idle-measure-seconds 1.0 --pairs 6 --bracket-warmup-pairs 1 --execution-mode persistent_bracket --bracket-idle-policy batch_once --bracket-order counterbalanced6 --preheat-seconds 20.0 --preheat-actual-min-seconds 16.0 --preheat-actual-max-seconds 30.0 --conditions cache_reuse_candidate --cache-policy default --energy-trace 1 --energy-trace-sample-ms 500.0 --energy-trace-min-updates 16 --tag matrix60_p20_repro_v1_20260724_mb12_o036_ptx_f16x2_g64_s128 --out-dir results/raw --max-gpu-util-pct 10.0 --max-memory-util-pct 15.0 --quiescence-timeout-s 60.0 --quiescence-poll-s 1.0 --quiescence-consecutive-samples 2,ac4e3d8c3d20594b0c81414cb2650104b94d576e1b7de86ada114743737ca3d7,python3 scripts/analyze_softmax_probe_counterbalanced.py --input results/raw/rtx3090_fp16_softmax_operand_rate_atc_matrix60_p20_repro_v1_20260724_mb12_o036_ptx_f16x2_g64_s128_ptx_f16x2_raw.csv --energy-trace-input results/raw/rtx3090_fp16_softmax_operand_rate_atc_matrix60_p20_repro_v1_20260724_mb12_o036_ptx_f16x2_g64_s128_ptx_f16x2_raw_energy_trace.csv --manifest results/raw/rtx3090_fp16_softmax_operand_rate_atc_matrix60_p20_repro_v1_20260724_mb12_o036_ptx_f16x2_g64_s128_ptx_f16x2_manifest.csv --exp-impl ptx_f16x2 --grid-blocks 64 --triplet-out results/summary/rtx3090_softmax_ex2_matrix_matrix60_p20_repro_v1_20260724_c036_mb12_ptx_f16x2_g64_s128_triplets.csv --matched-out results/summary/rtx3090_softmax_ex2_matrix_matrix60_p20_repro_v1_20260724_c036_mb12_ptx_f16x2_g64_s128_matched.csv --summary-out results/summary/rtx3090_softmax_ex2_matrix_matrix60_p20_repro_v1_20260724_c036_mb12_ptx_f16x2_g64_s128_summary.csv --report-out docs/results/rtx3090_softmax_ex2_matrix_matrix60_p20_repro_v1_20260724_c036_mb12_ptx_f16x2_g64_s128_ko.md --decision-stage pilot --energy-trace-min-fit-points 16 --bootstrap-samples 4000 --seed 20297047
rtx3090_softmax_ex2_factorial_matrix_v1,matrix60_p20_repro_v1_20260724,sha256_ranked_macroblocks_stratified_balanced_impl_permutations_v2,20260723,37,13,mb13_g64_s256,1,ptx_f16x2>fp32>ptx_f16,c037_mb13_ptx_f16x2_g64_s256,matrix60_p20_repro_v1_20260724_mb13_o037_ptx_f16x2_g64_s256,ptx_f16x2,ptx_ex2_approx_f16x2,64,64,256,rtx3090,probe,2,4.0,cache_reuse_candidate,default,13.0,1.0,6,1,counterbalanced6,batch_once,500.0,16,20.0,16.0,30.0,build-softmax/a100_fp16_softmax_energy,eeda8c0a1df3628d04c5bf15a486ba3dd0fc43935fbc51a18505a1dffb409b66,scripts/run_softmax_operand_rate_atc.py,a64b58006b3abf237c7d0da5f3109a5422ee2891ae0748d33453a3148a64c23a,scripts/analyze_softmax_probe_counterbalanced.py,3c3695c92b215666065f2706ecdec7dd63a803bf024376ef3bf111665ec5faf5,scripts/analyze_softmax_operand_rate_atc.py,1222055375cff076ef165f71d3f738492be9e92d82f0289a94f368be82fecbdb,scripts/run_softmax_ex2_factorial_matrix.py,a985e33c279938f578cb2358ea6e4374216d58e226d7c6c809ec0741d6cb48ab,results/raw/rtx3090_fp16_softmax_operand_rate_atc_matrix60_p20_repro_v1_20260724_mb13_o037_ptx_f16x2_g64_s256_ptx_f16x2_raw.csv,results/raw/rtx3090_fp16_softmax_operand_rate_atc_matrix60_p20_repro_v1_20260724_mb13_o037_ptx_f16x2_g64_s256_ptx_f16x2_manifest.csv,results/raw/rtx3090_fp16_softmax_operand_rate_atc_matrix60_p20_repro_v1_20260724_mb13_o037_ptx_f16x2_g64_s256_ptx_f16x2_raw_energy_trace.csv,results/raw/rtx3090_fp16_softmax_operand_rate_atc_matrix60_p20_repro_v1_20260724_mb13_o037_ptx_f16x2_g64_s256_ptx_f16x2_cache_reuse_candidate_g64_preheat.csv,results/summary/rtx3090_softmax_ex2_matrix_matrix60_p20_repro_v1_20260724_c037_mb13_ptx_f16x2_g64_s256_triplets.csv,results/summary/rtx3090_softmax_ex2_matrix_matrix60_p20_repro_v1_20260724_c037_mb13_ptx_f16x2_g64_s256_matched.csv,results/summary/rtx3090_softmax_ex2_matrix_matrix60_p20_repro_v1_20260724_c037_mb13_ptx_f16x2_g64_s256_summary.csv,docs/results/rtx3090_softmax_ex2_matrix_matrix60_p20_repro_v1_20260724_c037_mb13_ptx_f16x2_g64_s256_ko.md,results/logs/rtx3090_softmax_ex2_matrix_matrix60_p20_repro_v1_20260724_c037_mb13_ptx_f16x2_g64_s256.log,e21a1e47e9981756444114c932034fb890ef69cdf6eeb5b03c7ac2ad061a7683,python3 scripts/run_softmax_operand_rate_atc.py --binary build-softmax/a100_fp16_softmax_energy --gpu-id 0 --target-profile rtx3090 --exp-impl ptx_f16x2 --softmax-cols 256 --blocks-per-sm 2 --grid-blocks-list 64 --control-mode probe --logit-scale 4.0 --seconds 13.0 --idle-measure-seconds 1.0 --pairs 6 --bracket-warmup-pairs 1 --execution-mode persistent_bracket --bracket-idle-policy batch_once --bracket-order counterbalanced6 --preheat-seconds 20.0 --preheat-actual-min-seconds 16.0 --preheat-actual-max-seconds 30.0 --conditions cache_reuse_candidate --cache-policy default --energy-trace 1 --energy-trace-sample-ms 500.0 --energy-trace-min-updates 16 --tag matrix60_p20_repro_v1_20260724_mb13_o037_ptx_f16x2_g64_s256 --out-dir results/raw --max-gpu-util-pct 10.0 --max-memory-util-pct 15.0 --quiescence-timeout-s 60.0 --quiescence-poll-s 1.0 --quiescence-consecutive-samples 2,364b8889695ba3f24c97a3a0e1749a1f0ce52ec1bf90f7a4a9ca6df636a8bc2e,python3 scripts/analyze_softmax_probe_counterbalanced.py --input results/raw/rtx3090_fp16_softmax_operand_rate_atc_matrix60_p20_repro_v1_20260724_mb13_o037_ptx_f16x2_g64_s256_ptx_f16x2_raw.csv --energy-trace-input results/raw/rtx3090_fp16_softmax_operand_rate_atc_matrix60_p20_repro_v1_20260724_mb13_o037_ptx_f16x2_g64_s256_ptx_f16x2_raw_energy_trace.csv --manifest results/raw/rtx3090_fp16_softmax_operand_rate_atc_matrix60_p20_repro_v1_20260724_mb13_o037_ptx_f16x2_g64_s256_ptx_f16x2_manifest.csv --exp-impl ptx_f16x2 --grid-blocks 64 --triplet-out results/summary/rtx3090_softmax_ex2_matrix_matrix60_p20_repro_v1_20260724_c037_mb13_ptx_f16x2_g64_s256_triplets.csv --matched-out results/summary/rtx3090_softmax_ex2_matrix_matrix60_p20_repro_v1_20260724_c037_mb13_ptx_f16x2_g64_s256_matched.csv --summary-out results/summary/rtx3090_softmax_ex2_matrix_matrix60_p20_repro_v1_20260724_c037_mb13_ptx_f16x2_g64_s256_summary.csv --report-out docs/results/rtx3090_softmax_ex2_matrix_matrix60_p20_repro_v1_20260724_c037_mb13_ptx_f16x2_g64_s256_ko.md --decision-stage pilot --energy-trace-min-fit-points 16 --bootstrap-samples 4000 --seed 20298056
rtx3090_softmax_ex2_factorial_matrix_v1,matrix60_p20_repro_v1_20260724,sha256_ranked_macroblocks_stratified_balanced_impl_permutations_v2,20260723,38,13,mb13_g64_s256,2,ptx_f16x2>fp32>ptx_f16,c038_mb13_fp32_g64_s256,matrix60_p20_repro_v1_20260724_mb13_o038_fp32_g64_s256,fp32,fp32_fast___expf,64,64,256,rtx3090,probe,2,4.0,cache_reuse_candidate,default,13.0,1.0,6,1,counterbalanced6,batch_once,500.0,16,20.0,16.0,30.0,build-softmax/a100_fp16_softmax_energy,eeda8c0a1df3628d04c5bf15a486ba3dd0fc43935fbc51a18505a1dffb409b66,scripts/run_softmax_operand_rate_atc.py,a64b58006b3abf237c7d0da5f3109a5422ee2891ae0748d33453a3148a64c23a,scripts/analyze_softmax_probe_counterbalanced.py,3c3695c92b215666065f2706ecdec7dd63a803bf024376ef3bf111665ec5faf5,scripts/analyze_softmax_operand_rate_atc.py,1222055375cff076ef165f71d3f738492be9e92d82f0289a94f368be82fecbdb,scripts/run_softmax_ex2_factorial_matrix.py,a985e33c279938f578cb2358ea6e4374216d58e226d7c6c809ec0741d6cb48ab,results/raw/rtx3090_fp16_softmax_operand_rate_atc_matrix60_p20_repro_v1_20260724_mb13_o038_fp32_g64_s256_raw.csv,results/raw/rtx3090_fp16_softmax_operand_rate_atc_matrix60_p20_repro_v1_20260724_mb13_o038_fp32_g64_s256_manifest.csv,results/raw/rtx3090_fp16_softmax_operand_rate_atc_matrix60_p20_repro_v1_20260724_mb13_o038_fp32_g64_s256_raw_energy_trace.csv,results/raw/rtx3090_fp16_softmax_operand_rate_atc_matrix60_p20_repro_v1_20260724_mb13_o038_fp32_g64_s256_cache_reuse_candidate_g64_preheat.csv,results/summary/rtx3090_softmax_ex2_matrix_matrix60_p20_repro_v1_20260724_c038_mb13_fp32_g64_s256_triplets.csv,results/summary/rtx3090_softmax_ex2_matrix_matrix60_p20_repro_v1_20260724_c038_mb13_fp32_g64_s256_matched.csv,results/summary/rtx3090_softmax_ex2_matrix_matrix60_p20_repro_v1_20260724_c038_mb13_fp32_g64_s256_summary.csv,docs/results/rtx3090_softmax_ex2_matrix_matrix60_p20_repro_v1_20260724_c038_mb13_fp32_g64_s256_ko.md,results/logs/rtx3090_softmax_ex2_matrix_matrix60_p20_repro_v1_20260724_c038_mb13_fp32_g64_s256.log,f82e1ac9157c76b677161c5f0b1460fc28d545ed93a45a2f10da8fc0f2384898,python3 scripts/run_softmax_operand_rate_atc.py --binary build-softmax/a100_fp16_softmax_energy --gpu-id 0 --target-profile rtx3090 --exp-impl fp32 --softmax-cols 256 --blocks-per-sm 2 --grid-blocks-list 64 --control-mode probe --logit-scale 4.0 --seconds 13.0 --idle-measure-seconds 1.0 --pairs 6 --bracket-warmup-pairs 1 --execution-mode persistent_bracket --bracket-idle-policy batch_once --bracket-order counterbalanced6 --preheat-seconds 20.0 --preheat-actual-min-seconds 16.0 --preheat-actual-max-seconds 30.0 --conditions cache_reuse_candidate --cache-policy default --energy-trace 1 --energy-trace-sample-ms 500.0 --energy-trace-min-updates 16 --tag matrix60_p20_repro_v1_20260724_mb13_o038_fp32_g64_s256 --out-dir results/raw --max-gpu-util-pct 10.0 --max-memory-util-pct 15.0 --quiescence-timeout-s 60.0 --quiescence-poll-s 1.0 --quiescence-consecutive-samples 2,edc38aa8613b533c0d176701aec26d7d0faa735a3013f5d14b5a00a785dda5f7,python3 scripts/analyze_softmax_probe_counterbalanced.py --input results/raw/rtx3090_fp16_softmax_operand_rate_atc_matrix60_p20_repro_v1_20260724_mb13_o038_fp32_g64_s256_raw.csv --energy-trace-input results/raw/rtx3090_fp16_softmax_operand_rate_atc_matrix60_p20_repro_v1_20260724_mb13_o038_fp32_g64_s256_raw_energy_trace.csv --manifest results/raw/rtx3090_fp16_softmax_operand_rate_atc_matrix60_p20_repro_v1_20260724_mb13_o038_fp32_g64_s256_manifest.csv --exp-impl fp32 --grid-blocks 64 --triplet-out results/summary/rtx3090_softmax_ex2_matrix_matrix60_p20_repro_v1_20260724_c038_mb13_fp32_g64_s256_triplets.csv --matched-out results/summary/rtx3090_softmax_ex2_matrix_matrix60_p20_repro_v1_20260724_c038_mb13_fp32_g64_s256_matched.csv --summary-out results/summary/rtx3090_softmax_ex2_matrix_matrix60_p20_repro_v1_20260724_c038_mb13_fp32_g64_s256_summary.csv --report-out docs/results/rtx3090_softmax_ex2_matrix_matrix60_p20_repro_v1_20260724_c038_mb13_fp32_g64_s256_ko.md --decision-stage pilot --energy-trace-min-fit-points 16 --bootstrap-samples 4000 --seed 20299065
rtx3090_softmax_ex2_factorial_matrix_v1,matrix60_p20_repro_v1_20260724,sha256_ranked_macroblocks_stratified_balanced_impl_permutations_v2,20260723,39,13,mb13_g64_s256,3,ptx_f16x2>fp32>ptx_f16,c039_mb13_ptx_f16_g64_s256,matrix60_p20_repro_v1_20260724_mb13_o039_ptx_f16_g64_s256,ptx_f16,ptx_ex2_approx_f16,64,64,256,rtx3090,probe,2,4.0,cache_reuse_candidate,default,13.0,1.0,6,1,counterbalanced6,batch_once,500.0,16,20.0,16.0,30.0,build-softmax/a100_fp16_softmax_energy,eeda8c0a1df3628d04c5bf15a486ba3dd0fc43935fbc51a18505a1dffb409b66,scripts/run_softmax_operand_rate_atc.py,a64b58006b3abf237c7d0da5f3109a5422ee2891ae0748d33453a3148a64c23a,scripts/analyze_softmax_probe_counterbalanced.py,3c3695c92b215666065f2706ecdec7dd63a803bf024376ef3bf111665ec5faf5,scripts/analyze_softmax_operand_rate_atc.py,1222055375cff076ef165f71d3f738492be9e92d82f0289a94f368be82fecbdb,scripts/run_softmax_ex2_factorial_matrix.py,a985e33c279938f578cb2358ea6e4374216d58e226d7c6c809ec0741d6cb48ab,results/raw/rtx3090_fp16_softmax_operand_rate_atc_matrix60_p20_repro_v1_20260724_mb13_o039_ptx_f16_g64_s256_ptx_f16_raw.csv,results/raw/rtx3090_fp16_softmax_operand_rate_atc_matrix60_p20_repro_v1_20260724_mb13_o039_ptx_f16_g64_s256_ptx_f16_manifest.csv,results/raw/rtx3090_fp16_softmax_operand_rate_atc_matrix60_p20_repro_v1_20260724_mb13_o039_ptx_f16_g64_s256_ptx_f16_raw_energy_trace.csv,results/raw/rtx3090_fp16_softmax_operand_rate_atc_matrix60_p20_repro_v1_20260724_mb13_o039_ptx_f16_g64_s256_ptx_f16_cache_reuse_candidate_g64_preheat.csv,results/summary/rtx3090_softmax_ex2_matrix_matrix60_p20_repro_v1_20260724_c039_mb13_ptx_f16_g64_s256_triplets.csv,results/summary/rtx3090_softmax_ex2_matrix_matrix60_p20_repro_v1_20260724_c039_mb13_ptx_f16_g64_s256_matched.csv,results/summary/rtx3090_softmax_ex2_matrix_matrix60_p20_repro_v1_20260724_c039_mb13_ptx_f16_g64_s256_summary.csv,docs/results/rtx3090_softmax_ex2_matrix_matrix60_p20_repro_v1_20260724_c039_mb13_ptx_f16_g64_s256_ko.md,results/logs/rtx3090_softmax_ex2_matrix_matrix60_p20_repro_v1_20260724_c039_mb13_ptx_f16_g64_s256.log,2d8963f9c48a976b02cfaac0ee65b25b664b1c480bc9866bb7d55cffd11539d9,python3 scripts/run_softmax_operand_rate_atc.py --binary build-softmax/a100_fp16_softmax_energy --gpu-id 0 --target-profile rtx3090 --exp-impl ptx_f16 --softmax-cols 256 --blocks-per-sm 2 --grid-blocks-list 64 --control-mode probe --logit-scale 4.0 --seconds 13.0 --idle-measure-seconds 1.0 --pairs 6 --bracket-warmup-pairs 1 --execution-mode persistent_bracket --bracket-idle-policy batch_once --bracket-order counterbalanced6 --preheat-seconds 20.0 --preheat-actual-min-seconds 16.0 --preheat-actual-max-seconds 30.0 --conditions cache_reuse_candidate --cache-policy default --energy-trace 1 --energy-trace-sample-ms 500.0 --energy-trace-min-updates 16 --tag matrix60_p20_repro_v1_20260724_mb13_o039_ptx_f16_g64_s256 --out-dir results/raw --max-gpu-util-pct 10.0 --max-memory-util-pct 15.0 --quiescence-timeout-s 60.0 --quiescence-poll-s 1.0 --quiescence-consecutive-samples 2,df169ee1053183187538e5d1f8cdbbdcfd2278eb7293678641abd6d07beb5713,python3 scripts/analyze_softmax_probe_counterbalanced.py --input results/raw/rtx3090_fp16_softmax_operand_rate_atc_matrix60_p20_repro_v1_20260724_mb13_o039_ptx_f16_g64_s256_ptx_f16_raw.csv --energy-trace-input results/raw/rtx3090_fp16_softmax_operand_rate_atc_matrix60_p20_repro_v1_20260724_mb13_o039_ptx_f16_g64_s256_ptx_f16_raw_energy_trace.csv --manifest results/raw/rtx3090_fp16_softmax_operand_rate_atc_matrix60_p20_repro_v1_20260724_mb13_o039_ptx_f16_g64_s256_ptx_f16_manifest.csv --exp-impl ptx_f16 --grid-blocks 64 --triplet-out results/summary/rtx3090_softmax_ex2_matrix_matrix60_p20_repro_v1_20260724_c039_mb13_ptx_f16_g64_s256_triplets.csv --matched-out results/summary/rtx3090_softmax_ex2_matrix_matrix60_p20_repro_v1_20260724_c039_mb13_ptx_f16_g64_s256_matched.csv --summary-out results/summary/rtx3090_softmax_ex2_matrix_matrix60_p20_repro_v1_20260724_c039_mb13_ptx_f16_g64_s256_summary.csv --report-out docs/results/rtx3090_softmax_ex2_matrix_matrix60_p20_repro_v1_20260724_c039_mb13_ptx_f16_g64_s256_ko.md --decision-stage pilot --energy-trace-min-fit-points 16 --bootstrap-samples 4000 --seed 20300074
rtx3090_softmax_ex2_factorial_matrix_v1,matrix60_p20_repro_v1_20260724,sha256_ranked_macroblocks_stratified_balanced_impl_permutations_v2,20260723,40,14,mb14_g48_s2048,1,ptx_f16>fp32>ptx_f16x2,c040_mb14_ptx_f16_g48_s2048,matrix60_p20_repro_v1_20260724_mb14_o040_ptx_f16_g48_s2048,ptx_f16,ptx_ex2_approx_f16,48,48,2048,rtx3090,probe,2,4.0,cache_reuse_candidate,default,13.0,1.0,6,1,counterbalanced6,batch_once,500.0,16,20.0,16.0,30.0,build-softmax/a100_fp16_softmax_energy,eeda8c0a1df3628d04c5bf15a486ba3dd0fc43935fbc51a18505a1dffb409b66,scripts/run_softmax_operand_rate_atc.py,a64b58006b3abf237c7d0da5f3109a5422ee2891ae0748d33453a3148a64c23a,scripts/analyze_softmax_probe_counterbalanced.py,3c3695c92b215666065f2706ecdec7dd63a803bf024376ef3bf111665ec5faf5,scripts/analyze_softmax_operand_rate_atc.py,1222055375cff076ef165f71d3f738492be9e92d82f0289a94f368be82fecbdb,scripts/run_softmax_ex2_factorial_matrix.py,a985e33c279938f578cb2358ea6e4374216d58e226d7c6c809ec0741d6cb48ab,results/raw/rtx3090_fp16_softmax_operand_rate_atc_matrix60_p20_repro_v1_20260724_mb14_o040_ptx_f16_g48_s2048_ptx_f16_raw.csv,results/raw/rtx3090_fp16_softmax_operand_rate_atc_matrix60_p20_repro_v1_20260724_mb14_o040_ptx_f16_g48_s2048_ptx_f16_manifest.csv,results/raw/rtx3090_fp16_softmax_operand_rate_atc_matrix60_p20_repro_v1_20260724_mb14_o040_ptx_f16_g48_s2048_ptx_f16_raw_energy_trace.csv,results/raw/rtx3090_fp16_softmax_operand_rate_atc_matrix60_p20_repro_v1_20260724_mb14_o040_ptx_f16_g48_s2048_ptx_f16_cache_reuse_candidate_g48_preheat.csv,results/summary/rtx3090_softmax_ex2_matrix_matrix60_p20_repro_v1_20260724_c040_mb14_ptx_f16_g48_s2048_triplets.csv,results/summary/rtx3090_softmax_ex2_matrix_matrix60_p20_repro_v1_20260724_c040_mb14_ptx_f16_g48_s2048_matched.csv,results/summary/rtx3090_softmax_ex2_matrix_matrix60_p20_repro_v1_20260724_c040_mb14_ptx_f16_g48_s2048_summary.csv,docs/results/rtx3090_softmax_ex2_matrix_matrix60_p20_repro_v1_20260724_c040_mb14_ptx_f16_g48_s2048_ko.md,results/logs/rtx3090_softmax_ex2_matrix_matrix60_p20_repro_v1_20260724_c040_mb14_ptx_f16_g48_s2048.log,f16b3152b6757e0126eeb21c7b321bf68f91de0b2134f12a7d3eeae6e0e20e58,python3 scripts/run_softmax_operand_rate_atc.py --binary build-softmax/a100_fp16_softmax_energy --gpu-id 0 --target-profile rtx3090 --exp-impl ptx_f16 --softmax-cols 2048 --blocks-per-sm 2 --grid-blocks-list 48 --control-mode probe --logit-scale 4.0 --seconds 13.0 --idle-measure-seconds 1.0 --pairs 6 --bracket-warmup-pairs 1 --execution-mode persistent_bracket --bracket-idle-policy batch_once --bracket-order counterbalanced6 --preheat-seconds 20.0 --preheat-actual-min-seconds 16.0 --preheat-actual-max-seconds 30.0 --conditions cache_reuse_candidate --cache-policy default --energy-trace 1 --energy-trace-sample-ms 500.0 --energy-trace-min-updates 16 --tag matrix60_p20_repro_v1_20260724_mb14_o040_ptx_f16_g48_s2048 --out-dir results/raw --max-gpu-util-pct 10.0 --max-memory-util-pct 15.0 --quiescence-timeout-s 60.0 --quiescence-poll-s 1.0 --quiescence-consecutive-samples 2,1f338ecac461645befeaa2945d973e63c1fd29c3414a0770b90ee50f3dcc756d,python3 scripts/analyze_softmax_probe_counterbalanced.py --input results/raw/rtx3090_fp16_softmax_operand_rate_atc_matrix60_p20_repro_v1_20260724_mb14_o040_ptx_f16_g48_s2048_ptx_f16_raw.csv --energy-trace-input results/raw/rtx3090_fp16_softmax_operand_rate_atc_matrix60_p20_repro_v1_20260724_mb14_o040_ptx_f16_g48_s2048_ptx_f16_raw_energy_trace.csv --manifest results/raw/rtx3090_fp16_softmax_operand_rate_atc_matrix60_p20_repro_v1_20260724_mb14_o040_ptx_f16_g48_s2048_ptx_f16_manifest.csv --exp-impl ptx_f16 --grid-blocks 48 --triplet-out results/summary/rtx3090_softmax_ex2_matrix_matrix60_p20_repro_v1_20260724_c040_mb14_ptx_f16_g48_s2048_triplets.csv --matched-out results/summary/rtx3090_softmax_ex2_matrix_matrix60_p20_repro_v1_20260724_c040_mb14_ptx_f16_g48_s2048_matched.csv --summary-out results/summary/rtx3090_softmax_ex2_matrix_matrix60_p20_repro_v1_20260724_c040_mb14_ptx_f16_g48_s2048_summary.csv --report-out docs/results/rtx3090_softmax_ex2_matrix_matrix60_p20_repro_v1_20260724_c040_mb14_ptx_f16_g48_s2048_ko.md --decision-stage pilot --energy-trace-min-fit-points 16 --bootstrap-samples 4000 --seed 20301083
rtx3090_softmax_ex2_factorial_matrix_v1,matrix60_p20_repro_v1_20260724,sha256_ranked_macroblocks_stratified_balanced_impl_permutations_v2,20260723,41,14,mb14_g48_s2048,2,ptx_f16>fp32>ptx_f16x2,c041_mb14_fp32_g48_s2048,matrix60_p20_repro_v1_20260724_mb14_o041_fp32_g48_s2048,fp32,fp32_fast___expf,48,48,2048,rtx3090,probe,2,4.0,cache_reuse_candidate,default,13.0,1.0,6,1,counterbalanced6,batch_once,500.0,16,20.0,16.0,30.0,build-softmax/a100_fp16_softmax_energy,eeda8c0a1df3628d04c5bf15a486ba3dd0fc43935fbc51a18505a1dffb409b66,scripts/run_softmax_operand_rate_atc.py,a64b58006b3abf237c7d0da5f3109a5422ee2891ae0748d33453a3148a64c23a,scripts/analyze_softmax_probe_counterbalanced.py,3c3695c92b215666065f2706ecdec7dd63a803bf024376ef3bf111665ec5faf5,scripts/analyze_softmax_operand_rate_atc.py,1222055375cff076ef165f71d3f738492be9e92d82f0289a94f368be82fecbdb,scripts/run_softmax_ex2_factorial_matrix.py,a985e33c279938f578cb2358ea6e4374216d58e226d7c6c809ec0741d6cb48ab,results/raw/rtx3090_fp16_softmax_operand_rate_atc_matrix60_p20_repro_v1_20260724_mb14_o041_fp32_g48_s2048_raw.csv,results/raw/rtx3090_fp16_softmax_operand_rate_atc_matrix60_p20_repro_v1_20260724_mb14_o041_fp32_g48_s2048_manifest.csv,results/raw/rtx3090_fp16_softmax_operand_rate_atc_matrix60_p20_repro_v1_20260724_mb14_o041_fp32_g48_s2048_raw_energy_trace.csv,results/raw/rtx3090_fp16_softmax_operand_rate_atc_matrix60_p20_repro_v1_20260724_mb14_o041_fp32_g48_s2048_cache_reuse_candidate_g48_preheat.csv,results/summary/rtx3090_softmax_ex2_matrix_matrix60_p20_repro_v1_20260724_c041_mb14_fp32_g48_s2048_triplets.csv,results/summary/rtx3090_softmax_ex2_matrix_matrix60_p20_repro_v1_20260724_c041_mb14_fp32_g48_s2048_matched.csv,results/summary/rtx3090_softmax_ex2_matrix_matrix60_p20_repro_v1_20260724_c041_mb14_fp32_g48_s2048_summary.csv,docs/results/rtx3090_softmax_ex2_matrix_matrix60_p20_repro_v1_20260724_c041_mb14_fp32_g48_s2048_ko.md,results/logs/rtx3090_softmax_ex2_matrix_matrix60_p20_repro_v1_20260724_c041_mb14_fp32_g48_s2048.log,50793a0c614a3c2f68ed2d01a9950bc0fe5e21f5e425bd2071254c1e63ea57ba,python3 scripts/run_softmax_operand_rate_atc.py --binary build-softmax/a100_fp16_softmax_energy --gpu-id 0 --target-profile rtx3090 --exp-impl fp32 --softmax-cols 2048 --blocks-per-sm 2 --grid-blocks-list 48 --control-mode probe --logit-scale 4.0 --seconds 13.0 --idle-measure-seconds 1.0 --pairs 6 --bracket-warmup-pairs 1 --execution-mode persistent_bracket --bracket-idle-policy batch_once --bracket-order counterbalanced6 --preheat-seconds 20.0 --preheat-actual-min-seconds 16.0 --preheat-actual-max-seconds 30.0 --conditions cache_reuse_candidate --cache-policy default --energy-trace 1 --energy-trace-sample-ms 500.0 --energy-trace-min-updates 16 --tag matrix60_p20_repro_v1_20260724_mb14_o041_fp32_g48_s2048 --out-dir results/raw --max-gpu-util-pct 10.0 --max-memory-util-pct 15.0 --quiescence-timeout-s 60.0 --quiescence-poll-s 1.0 --quiescence-consecutive-samples 2,05ab816beff072b6f00fd86b4d3d1082c4a04bcf4a4fef3cd7324eaa62990320,python3 scripts/analyze_softmax_probe_counterbalanced.py --input results/raw/rtx3090_fp16_softmax_operand_rate_atc_matrix60_p20_repro_v1_20260724_mb14_o041_fp32_g48_s2048_raw.csv --energy-trace-input results/raw/rtx3090_fp16_softmax_operand_rate_atc_matrix60_p20_repro_v1_20260724_mb14_o041_fp32_g48_s2048_raw_energy_trace.csv --manifest results/raw/rtx3090_fp16_softmax_operand_rate_atc_matrix60_p20_repro_v1_20260724_mb14_o041_fp32_g48_s2048_manifest.csv --exp-impl fp32 --grid-blocks 48 --triplet-out results/summary/rtx3090_softmax_ex2_matrix_matrix60_p20_repro_v1_20260724_c041_mb14_fp32_g48_s2048_triplets.csv --matched-out results/summary/rtx3090_softmax_ex2_matrix_matrix60_p20_repro_v1_20260724_c041_mb14_fp32_g48_s2048_matched.csv --summary-out results/summary/rtx3090_softmax_ex2_matrix_matrix60_p20_repro_v1_20260724_c041_mb14_fp32_g48_s2048_summary.csv --report-out docs/results/rtx3090_softmax_ex2_matrix_matrix60_p20_repro_v1_20260724_c041_mb14_fp32_g48_s2048_ko.md --decision-stage pilot --energy-trace-min-fit-points 16 --bootstrap-samples 4000 --seed 20302092
rtx3090_softmax_ex2_factorial_matrix_v1,matrix60_p20_repro_v1_20260724,sha256_ranked_macroblocks_stratified_balanced_impl_permutations_v2,20260723,42,14,mb14_g48_s2048,3,ptx_f16>fp32>ptx_f16x2,c042_mb14_ptx_f16x2_g48_s2048,matrix60_p20_repro_v1_20260724_mb14_o042_ptx_f16x2_g48_s2048,ptx_f16x2,ptx_ex2_approx_f16x2,48,48,2048,rtx3090,probe,2,4.0,cache_reuse_candidate,default,13.0,1.0,6,1,counterbalanced6,batch_once,500.0,16,20.0,16.0,30.0,build-softmax/a100_fp16_softmax_energy,eeda8c0a1df3628d04c5bf15a486ba3dd0fc43935fbc51a18505a1dffb409b66,scripts/run_softmax_operand_rate_atc.py,a64b58006b3abf237c7d0da5f3109a5422ee2891ae0748d33453a3148a64c23a,scripts/analyze_softmax_probe_counterbalanced.py,3c3695c92b215666065f2706ecdec7dd63a803bf024376ef3bf111665ec5faf5,scripts/analyze_softmax_operand_rate_atc.py,1222055375cff076ef165f71d3f738492be9e92d82f0289a94f368be82fecbdb,scripts/run_softmax_ex2_factorial_matrix.py,a985e33c279938f578cb2358ea6e4374216d58e226d7c6c809ec0741d6cb48ab,results/raw/rtx3090_fp16_softmax_operand_rate_atc_matrix60_p20_repro_v1_20260724_mb14_o042_ptx_f16x2_g48_s2048_ptx_f16x2_raw.csv,results/raw/rtx3090_fp16_softmax_operand_rate_atc_matrix60_p20_repro_v1_20260724_mb14_o042_ptx_f16x2_g48_s2048_ptx_f16x2_manifest.csv,results/raw/rtx3090_fp16_softmax_operand_rate_atc_matrix60_p20_repro_v1_20260724_mb14_o042_ptx_f16x2_g48_s2048_ptx_f16x2_raw_energy_trace.csv,results/raw/rtx3090_fp16_softmax_operand_rate_atc_matrix60_p20_repro_v1_20260724_mb14_o042_ptx_f16x2_g48_s2048_ptx_f16x2_cache_reuse_candidate_g48_preheat.csv,results/summary/rtx3090_softmax_ex2_matrix_matrix60_p20_repro_v1_20260724_c042_mb14_ptx_f16x2_g48_s2048_triplets.csv,results/summary/rtx3090_softmax_ex2_matrix_matrix60_p20_repro_v1_20260724_c042_mb14_ptx_f16x2_g48_s2048_matched.csv,results/summary/rtx3090_softmax_ex2_matrix_matrix60_p20_repro_v1_20260724_c042_mb14_ptx_f16x2_g48_s2048_summary.csv,docs/results/rtx3090_softmax_ex2_matrix_matrix60_p20_repro_v1_20260724_c042_mb14_ptx_f16x2_g48_s2048_ko.md,results/logs/rtx3090_softmax_ex2_matrix_matrix60_p20_repro_v1_20260724_c042_mb14_ptx_f16x2_g48_s2048.log,2e4ebb867af632c677b0aec2d6f9207188ba775d71fe642690d326adccc2fc21,python3 scripts/run_softmax_operand_rate_atc.py --binary build-softmax/a100_fp16_softmax_energy --gpu-id 0 --target-profile rtx3090 --exp-impl ptx_f16x2 --softmax-cols 2048 --blocks-per-sm 2 --grid-blocks-list 48 --control-mode probe --logit-scale 4.0 --seconds 13.0 --idle-measure-seconds 1.0 --pairs 6 --bracket-warmup-pairs 1 --execution-mode persistent_bracket --bracket-idle-policy batch_once --bracket-order counterbalanced6 --preheat-seconds 20.0 --preheat-actual-min-seconds 16.0 --preheat-actual-max-seconds 30.0 --conditions cache_reuse_candidate --cache-policy default --energy-trace 1 --energy-trace-sample-ms 500.0 --energy-trace-min-updates 16 --tag matrix60_p20_repro_v1_20260724_mb14_o042_ptx_f16x2_g48_s2048 --out-dir results/raw --max-gpu-util-pct 10.0 --max-memory-util-pct 15.0 --quiescence-timeout-s 60.0 --quiescence-poll-s 1.0 --quiescence-consecutive-samples 2,45f1ee125b32d896d28f98c038df2405eaf526671071dfe3dcbeddc3beecd804,python3 scripts/analyze_softmax_probe_counterbalanced.py --input results/raw/rtx3090_fp16_softmax_operand_rate_atc_matrix60_p20_repro_v1_20260724_mb14_o042_ptx_f16x2_g48_s2048_ptx_f16x2_raw.csv --energy-trace-input results/raw/rtx3090_fp16_softmax_operand_rate_atc_matrix60_p20_repro_v1_20260724_mb14_o042_ptx_f16x2_g48_s2048_ptx_f16x2_raw_energy_trace.csv --manifest results/raw/rtx3090_fp16_softmax_operand_rate_atc_matrix60_p20_repro_v1_20260724_mb14_o042_ptx_f16x2_g48_s2048_ptx_f16x2_manifest.csv --exp-impl ptx_f16x2 --grid-blocks 48 --triplet-out results/summary/rtx3090_softmax_ex2_matrix_matrix60_p20_repro_v1_20260724_c042_mb14_ptx_f16x2_g48_s2048_triplets.csv --matched-out results/summary/rtx3090_softmax_ex2_matrix_matrix60_p20_repro_v1_20260724_c042_mb14_ptx_f16x2_g48_s2048_matched.csv --summary-out results/summary/rtx3090_softmax_ex2_matrix_matrix60_p20_repro_v1_20260724_c042_mb14_ptx_f16x2_g48_s2048_summary.csv --report-out docs/results/rtx3090_softmax_ex2_matrix_matrix60_p20_repro_v1_20260724_c042_mb14_ptx_f16x2_g48_s2048_ko.md --decision-stage pilot --energy-trace-min-fit-points 16 --bootstrap-samples 4000 --seed 20303101
rtx3090_softmax_ex2_factorial_matrix_v1,matrix60_p20_repro_v1_20260724,sha256_ranked_macroblocks_stratified_balanced_impl_permutations_v2,20260723,43,15,mb15_g48_s1024,1,fp32>ptx_f16>ptx_f16x2,c043_mb15_fp32_g48_s1024,matrix60_p20_repro_v1_20260724_mb15_o043_fp32_g48_s1024,fp32,fp32_fast___expf,48,48,1024,rtx3090,probe,2,4.0,cache_reuse_candidate,default,13.0,1.0,6,1,counterbalanced6,batch_once,500.0,16,20.0,16.0,30.0,build-softmax/a100_fp16_softmax_energy,eeda8c0a1df3628d04c5bf15a486ba3dd0fc43935fbc51a18505a1dffb409b66,scripts/run_softmax_operand_rate_atc.py,a64b58006b3abf237c7d0da5f3109a5422ee2891ae0748d33453a3148a64c23a,scripts/analyze_softmax_probe_counterbalanced.py,3c3695c92b215666065f2706ecdec7dd63a803bf024376ef3bf111665ec5faf5,scripts/analyze_softmax_operand_rate_atc.py,1222055375cff076ef165f71d3f738492be9e92d82f0289a94f368be82fecbdb,scripts/run_softmax_ex2_factorial_matrix.py,a985e33c279938f578cb2358ea6e4374216d58e226d7c6c809ec0741d6cb48ab,results/raw/rtx3090_fp16_softmax_operand_rate_atc_matrix60_p20_repro_v1_20260724_mb15_o043_fp32_g48_s1024_raw.csv,results/raw/rtx3090_fp16_softmax_operand_rate_atc_matrix60_p20_repro_v1_20260724_mb15_o043_fp32_g48_s1024_manifest.csv,results/raw/rtx3090_fp16_softmax_operand_rate_atc_matrix60_p20_repro_v1_20260724_mb15_o043_fp32_g48_s1024_raw_energy_trace.csv,results/raw/rtx3090_fp16_softmax_operand_rate_atc_matrix60_p20_repro_v1_20260724_mb15_o043_fp32_g48_s1024_cache_reuse_candidate_g48_preheat.csv,results/summary/rtx3090_softmax_ex2_matrix_matrix60_p20_repro_v1_20260724_c043_mb15_fp32_g48_s1024_triplets.csv,results/summary/rtx3090_softmax_ex2_matrix_matrix60_p20_repro_v1_20260724_c043_mb15_fp32_g48_s1024_matched.csv,results/summary/rtx3090_softmax_ex2_matrix_matrix60_p20_repro_v1_20260724_c043_mb15_fp32_g48_s1024_summary.csv,docs/results/rtx3090_softmax_ex2_matrix_matrix60_p20_repro_v1_20260724_c043_mb15_fp32_g48_s1024_ko.md,results/logs/rtx3090_softmax_ex2_matrix_matrix60_p20_repro_v1_20260724_c043_mb15_fp32_g48_s1024.log,37607005530afbc6815b24826a5f199d20f798018e5c723447d397dd50df0948,python3 scripts/run_softmax_operand_rate_atc.py --binary build-softmax/a100_fp16_softmax_energy --gpu-id 0 --target-profile rtx3090 --exp-impl fp32 --softmax-cols 1024 --blocks-per-sm 2 --grid-blocks-list 48 --control-mode probe --logit-scale 4.0 --seconds 13.0 --idle-measure-seconds 1.0 --pairs 6 --bracket-warmup-pairs 1 --execution-mode persistent_bracket --bracket-idle-policy batch_once --bracket-order counterbalanced6 --preheat-seconds 20.0 --preheat-actual-min-seconds 16.0 --preheat-actual-max-seconds 30.0 --conditions cache_reuse_candidate --cache-policy default --energy-trace 1 --energy-trace-sample-ms 500.0 --energy-trace-min-updates 16 --tag matrix60_p20_repro_v1_20260724_mb15_o043_fp32_g48_s1024 --out-dir results/raw --max-gpu-util-pct 10.0 --max-memory-util-pct 15.0 --quiescence-timeout-s 60.0 --quiescence-poll-s 1.0 --quiescence-consecutive-samples 2,7bd868cba3602e4561ccadde935372c45d9a4586536231962e1603783f5a35bd,python3 scripts/analyze_softmax_probe_counterbalanced.py --input results/raw/rtx3090_fp16_softmax_operand_rate_atc_matrix60_p20_repro_v1_20260724_mb15_o043_fp32_g48_s1024_raw.csv --energy-trace-input results/raw/rtx3090_fp16_softmax_operand_rate_atc_matrix60_p20_repro_v1_20260724_mb15_o043_fp32_g48_s1024_raw_energy_trace.csv --manifest results/raw/rtx3090_fp16_softmax_operand_rate_atc_matrix60_p20_repro_v1_20260724_mb15_o043_fp32_g48_s1024_manifest.csv --exp-impl fp32 --grid-blocks 48 --triplet-out results/summary/rtx3090_softmax_ex2_matrix_matrix60_p20_repro_v1_20260724_c043_mb15_fp32_g48_s1024_triplets.csv --matched-out results/summary/rtx3090_softmax_ex2_matrix_matrix60_p20_repro_v1_20260724_c043_mb15_fp32_g48_s1024_matched.csv --summary-out results/summary/rtx3090_softmax_ex2_matrix_matrix60_p20_repro_v1_20260724_c043_mb15_fp32_g48_s1024_summary.csv --report-out docs/results/rtx3090_softmax_ex2_matrix_matrix60_p20_repro_v1_20260724_c043_mb15_fp32_g48_s1024_ko.md --decision-stage pilot --energy-trace-min-fit-points 16 --bootstrap-samples 4000 --seed 20304110
rtx3090_softmax_ex2_factorial_matrix_v1,matrix60_p20_repro_v1_20260724,sha256_ranked_macroblocks_stratified_balanced_impl_permutations_v2,20260723,44,15,mb15_g48_s1024,2,fp32>ptx_f16>ptx_f16x2,c044_mb15_ptx_f16_g48_s1024,matrix60_p20_repro_v1_20260724_mb15_o044_ptx_f16_g48_s1024,ptx_f16,ptx_ex2_approx_f16,48,48,1024,rtx3090,probe,2,4.0,cache_reuse_candidate,default,13.0,1.0,6,1,counterbalanced6,batch_once,500.0,16,20.0,16.0,30.0,build-softmax/a100_fp16_softmax_energy,eeda8c0a1df3628d04c5bf15a486ba3dd0fc43935fbc51a18505a1dffb409b66,scripts/run_softmax_operand_rate_atc.py,a64b58006b3abf237c7d0da5f3109a5422ee2891ae0748d33453a3148a64c23a,scripts/analyze_softmax_probe_counterbalanced.py,3c3695c92b215666065f2706ecdec7dd63a803bf024376ef3bf111665ec5faf5,scripts/analyze_softmax_operand_rate_atc.py,1222055375cff076ef165f71d3f738492be9e92d82f0289a94f368be82fecbdb,scripts/run_softmax_ex2_factorial_matrix.py,a985e33c279938f578cb2358ea6e4374216d58e226d7c6c809ec0741d6cb48ab,results/raw/rtx3090_fp16_softmax_operand_rate_atc_matrix60_p20_repro_v1_20260724_mb15_o044_ptx_f16_g48_s1024_ptx_f16_raw.csv,results/raw/rtx3090_fp16_softmax_operand_rate_atc_matrix60_p20_repro_v1_20260724_mb15_o044_ptx_f16_g48_s1024_ptx_f16_manifest.csv,results/raw/rtx3090_fp16_softmax_operand_rate_atc_matrix60_p20_repro_v1_20260724_mb15_o044_ptx_f16_g48_s1024_ptx_f16_raw_energy_trace.csv,results/raw/rtx3090_fp16_softmax_operand_rate_atc_matrix60_p20_repro_v1_20260724_mb15_o044_ptx_f16_g48_s1024_ptx_f16_cache_reuse_candidate_g48_preheat.csv,results/summary/rtx3090_softmax_ex2_matrix_matrix60_p20_repro_v1_20260724_c044_mb15_ptx_f16_g48_s1024_triplets.csv,results/summary/rtx3090_softmax_ex2_matrix_matrix60_p20_repro_v1_20260724_c044_mb15_ptx_f16_g48_s1024_matched.csv,results/summary/rtx3090_softmax_ex2_matrix_matrix60_p20_repro_v1_20260724_c044_mb15_ptx_f16_g48_s1024_summary.csv,docs/results/rtx3090_softmax_ex2_matrix_matrix60_p20_repro_v1_20260724_c044_mb15_ptx_f16_g48_s1024_ko.md,results/logs/rtx3090_softmax_ex2_matrix_matrix60_p20_repro_v1_20260724_c044_mb15_ptx_f16_g48_s1024.log,257fcaa4736d112be616d3919b2953fdfc3ffed3c8291c7ba2b8fecacf989045,python3 scripts/run_softmax_operand_rate_atc.py --binary build-softmax/a100_fp16_softmax_energy --gpu-id 0 --target-profile rtx3090 --exp-impl ptx_f16 --softmax-cols 1024 --blocks-per-sm 2 --grid-blocks-list 48 --control-mode probe --logit-scale 4.0 --seconds 13.0 --idle-measure-seconds 1.0 --pairs 6 --bracket-warmup-pairs 1 --execution-mode persistent_bracket --bracket-idle-policy batch_once --bracket-order counterbalanced6 --preheat-seconds 20.0 --preheat-actual-min-seconds 16.0 --preheat-actual-max-seconds 30.0 --conditions cache_reuse_candidate --cache-policy default --energy-trace 1 --energy-trace-sample-ms 500.0 --energy-trace-min-updates 16 --tag matrix60_p20_repro_v1_20260724_mb15_o044_ptx_f16_g48_s1024 --out-dir results/raw --max-gpu-util-pct 10.0 --max-memory-util-pct 15.0 --quiescence-timeout-s 60.0 --quiescence-poll-s 1.0 --quiescence-consecutive-samples 2,80767799fe4f328cdf7fcc36397eb4f85ec26d6b486eaa85de87bcb746d82a82,python3 scripts/analyze_softmax_probe_counterbalanced.py --input results/raw/rtx3090_fp16_softmax_operand_rate_atc_matrix60_p20_repro_v1_20260724_mb15_o044_ptx_f16_g48_s1024_ptx_f16_raw.csv --energy-trace-input results/raw/rtx3090_fp16_softmax_operand_rate_atc_matrix60_p20_repro_v1_20260724_mb15_o044_ptx_f16_g48_s1024_ptx_f16_raw_energy_trace.csv --manifest results/raw/rtx3090_fp16_softmax_operand_rate_atc_matrix60_p20_repro_v1_20260724_mb15_o044_ptx_f16_g48_s1024_ptx_f16_manifest.csv --exp-impl ptx_f16 --grid-blocks 48 --triplet-out results/summary/rtx3090_softmax_ex2_matrix_matrix60_p20_repro_v1_20260724_c044_mb15_ptx_f16_g48_s1024_triplets.csv --matched-out results/summary/rtx3090_softmax_ex2_matrix_matrix60_p20_repro_v1_20260724_c044_mb15_ptx_f16_g48_s1024_matched.csv --summary-out results/summary/rtx3090_softmax_ex2_matrix_matrix60_p20_repro_v1_20260724_c044_mb15_ptx_f16_g48_s1024_summary.csv --report-out docs/results/rtx3090_softmax_ex2_matrix_matrix60_p20_repro_v1_20260724_c044_mb15_ptx_f16_g48_s1024_ko.md --decision-stage pilot --energy-trace-min-fit-points 16 --bootstrap-samples 4000 --seed 20305119
rtx3090_softmax_ex2_factorial_matrix_v1,matrix60_p20_repro_v1_20260724,sha256_ranked_macroblocks_stratified_balanced_impl_permutations_v2,20260723,45,15,mb15_g48_s1024,3,fp32>ptx_f16>ptx_f16x2,c045_mb15_ptx_f16x2_g48_s1024,matrix60_p20_repro_v1_20260724_mb15_o045_ptx_f16x2_g48_s1024,ptx_f16x2,ptx_ex2_approx_f16x2,48,48,1024,rtx3090,probe,2,4.0,cache_reuse_candidate,default,13.0,1.0,6,1,counterbalanced6,batch_once,500.0,16,20.0,16.0,30.0,build-softmax/a100_fp16_softmax_energy,eeda8c0a1df3628d04c5bf15a486ba3dd0fc43935fbc51a18505a1dffb409b66,scripts/run_softmax_operand_rate_atc.py,a64b58006b3abf237c7d0da5f3109a5422ee2891ae0748d33453a3148a64c23a,scripts/analyze_softmax_probe_counterbalanced.py,3c3695c92b215666065f2706ecdec7dd63a803bf024376ef3bf111665ec5faf5,scripts/analyze_softmax_operand_rate_atc.py,1222055375cff076ef165f71d3f738492be9e92d82f0289a94f368be82fecbdb,scripts/run_softmax_ex2_factorial_matrix.py,a985e33c279938f578cb2358ea6e4374216d58e226d7c6c809ec0741d6cb48ab,results/raw/rtx3090_fp16_softmax_operand_rate_atc_matrix60_p20_repro_v1_20260724_mb15_o045_ptx_f16x2_g48_s1024_ptx_f16x2_raw.csv,results/raw/rtx3090_fp16_softmax_operand_rate_atc_matrix60_p20_repro_v1_20260724_mb15_o045_ptx_f16x2_g48_s1024_ptx_f16x2_manifest.csv,results/raw/rtx3090_fp16_softmax_operand_rate_atc_matrix60_p20_repro_v1_20260724_mb15_o045_ptx_f16x2_g48_s1024_ptx_f16x2_raw_energy_trace.csv,results/raw/rtx3090_fp16_softmax_operand_rate_atc_matrix60_p20_repro_v1_20260724_mb15_o045_ptx_f16x2_g48_s1024_ptx_f16x2_cache_reuse_candidate_g48_preheat.csv,results/summary/rtx3090_softmax_ex2_matrix_matrix60_p20_repro_v1_20260724_c045_mb15_ptx_f16x2_g48_s1024_triplets.csv,results/summary/rtx3090_softmax_ex2_matrix_matrix60_p20_repro_v1_20260724_c045_mb15_ptx_f16x2_g48_s1024_matched.csv,results/summary/rtx3090_softmax_ex2_matrix_matrix60_p20_repro_v1_20260724_c045_mb15_ptx_f16x2_g48_s1024_summary.csv,docs/results/rtx3090_softmax_ex2_matrix_matrix60_p20_repro_v1_20260724_c045_mb15_ptx_f16x2_g48_s1024_ko.md,results/logs/rtx3090_softmax_ex2_matrix_matrix60_p20_repro_v1_20260724_c045_mb15_ptx_f16x2_g48_s1024.log,c8b95998cc89f484fa7c866e80ceb121dc797d6f506a760519f39ef1b378447e,python3 scripts/run_softmax_operand_rate_atc.py --binary build-softmax/a100_fp16_softmax_energy --gpu-id 0 --target-profile rtx3090 --exp-impl ptx_f16x2 --softmax-cols 1024 --blocks-per-sm 2 --grid-blocks-list 48 --control-mode probe --logit-scale 4.0 --seconds 13.0 --idle-measure-seconds 1.0 --pairs 6 --bracket-warmup-pairs 1 --execution-mode persistent_bracket --bracket-idle-policy batch_once --bracket-order counterbalanced6 --preheat-seconds 20.0 --preheat-actual-min-seconds 16.0 --preheat-actual-max-seconds 30.0 --conditions cache_reuse_candidate --cache-policy default --energy-trace 1 --energy-trace-sample-ms 500.0 --energy-trace-min-updates 16 --tag matrix60_p20_repro_v1_20260724_mb15_o045_ptx_f16x2_g48_s1024 --out-dir results/raw --max-gpu-util-pct 10.0 --max-memory-util-pct 15.0 --quiescence-timeout-s 60.0 --quiescence-poll-s 1.0 --quiescence-consecutive-samples 2,950e9f948a5a9d9dde6a0a134dcb8131c23684b1fcf5d13cdda1ebc6e966e8db,python3 scripts/analyze_softmax_probe_counterbalanced.py --input results/raw/rtx3090_fp16_softmax_operand_rate_atc_matrix60_p20_repro_v1_20260724_mb15_o045_ptx_f16x2_g48_s1024_ptx_f16x2_raw.csv --energy-trace-input results/raw/rtx3090_fp16_softmax_operand_rate_atc_matrix60_p20_repro_v1_20260724_mb15_o045_ptx_f16x2_g48_s1024_ptx_f16x2_raw_energy_trace.csv --manifest results/raw/rtx3090_fp16_softmax_operand_rate_atc_matrix60_p20_repro_v1_20260724_mb15_o045_ptx_f16x2_g48_s1024_ptx_f16x2_manifest.csv --exp-impl ptx_f16x2 --grid-blocks 48 --triplet-out results/summary/rtx3090_softmax_ex2_matrix_matrix60_p20_repro_v1_20260724_c045_mb15_ptx_f16x2_g48_s1024_triplets.csv --matched-out results/summary/rtx3090_softmax_ex2_matrix_matrix60_p20_repro_v1_20260724_c045_mb15_ptx_f16x2_g48_s1024_matched.csv --summary-out results/summary/rtx3090_softmax_ex2_matrix_matrix60_p20_repro_v1_20260724_c045_mb15_ptx_f16x2_g48_s1024_summary.csv --report-out docs/results/rtx3090_softmax_ex2_matrix_matrix60_p20_repro_v1_20260724_c045_mb15_ptx_f16x2_g48_s1024_ko.md --decision-stage pilot --energy-trace-min-fit-points 16 --bootstrap-samples 4000 --seed 20306128
rtx3090_softmax_ex2_factorial_matrix_v1,matrix60_p20_repro_v1_20260724,sha256_ranked_macroblocks_stratified_balanced_impl_permutations_v2,20260723,46,16,mb16_g48_s128,1,ptx_f16x2>ptx_f16>fp32,c046_mb16_ptx_f16x2_g48_s128,matrix60_p20_repro_v1_20260724_mb16_o046_ptx_f16x2_g48_s128,ptx_f16x2,ptx_ex2_approx_f16x2,48,48,128,rtx3090,probe,2,4.0,cache_reuse_candidate,default,13.0,1.0,6,1,counterbalanced6,batch_once,500.0,16,20.0,16.0,30.0,build-softmax/a100_fp16_softmax_energy,eeda8c0a1df3628d04c5bf15a486ba3dd0fc43935fbc51a18505a1dffb409b66,scripts/run_softmax_operand_rate_atc.py,a64b58006b3abf237c7d0da5f3109a5422ee2891ae0748d33453a3148a64c23a,scripts/analyze_softmax_probe_counterbalanced.py,3c3695c92b215666065f2706ecdec7dd63a803bf024376ef3bf111665ec5faf5,scripts/analyze_softmax_operand_rate_atc.py,1222055375cff076ef165f71d3f738492be9e92d82f0289a94f368be82fecbdb,scripts/run_softmax_ex2_factorial_matrix.py,a985e33c279938f578cb2358ea6e4374216d58e226d7c6c809ec0741d6cb48ab,results/raw/rtx3090_fp16_softmax_operand_rate_atc_matrix60_p20_repro_v1_20260724_mb16_o046_ptx_f16x2_g48_s128_ptx_f16x2_raw.csv,results/raw/rtx3090_fp16_softmax_operand_rate_atc_matrix60_p20_repro_v1_20260724_mb16_o046_ptx_f16x2_g48_s128_ptx_f16x2_manifest.csv,results/raw/rtx3090_fp16_softmax_operand_rate_atc_matrix60_p20_repro_v1_20260724_mb16_o046_ptx_f16x2_g48_s128_ptx_f16x2_raw_energy_trace.csv,results/raw/rtx3090_fp16_softmax_operand_rate_atc_matrix60_p20_repro_v1_20260724_mb16_o046_ptx_f16x2_g48_s128_ptx_f16x2_cache_reuse_candidate_g48_preheat.csv,results/summary/rtx3090_softmax_ex2_matrix_matrix60_p20_repro_v1_20260724_c046_mb16_ptx_f16x2_g48_s128_triplets.csv,results/summary/rtx3090_softmax_ex2_matrix_matrix60_p20_repro_v1_20260724_c046_mb16_ptx_f16x2_g48_s128_matched.csv,results/summary/rtx3090_softmax_ex2_matrix_matrix60_p20_repro_v1_20260724_c046_mb16_ptx_f16x2_g48_s128_summary.csv,docs/results/rtx3090_softmax_ex2_matrix_matrix60_p20_repro_v1_20260724_c046_mb16_ptx_f16x2_g48_s128_ko.md,results/logs/rtx3090_softmax_ex2_matrix_matrix60_p20_repro_v1_20260724_c046_mb16_ptx_f16x2_g48_s128.log,5918015f5b7003b5a11510e8eb4ddf7ec9bab74e7d73cd783a81b2c0a8053696,python3 scripts/run_softmax_operand_rate_atc.py --binary build-softmax/a100_fp16_softmax_energy --gpu-id 0 --target-profile rtx3090 --exp-impl ptx_f16x2 --softmax-cols 128 --blocks-per-sm 2 --grid-blocks-list 48 --control-mode probe --logit-scale 4.0 --seconds 13.0 --idle-measure-seconds 1.0 --pairs 6 --bracket-warmup-pairs 1 --execution-mode persistent_bracket --bracket-idle-policy batch_once --bracket-order counterbalanced6 --preheat-seconds 20.0 --preheat-actual-min-seconds 16.0 --preheat-actual-max-seconds 30.0 --conditions cache_reuse_candidate --cache-policy default --energy-trace 1 --energy-trace-sample-ms 500.0 --energy-trace-min-updates 16 --tag matrix60_p20_repro_v1_20260724_mb16_o046_ptx_f16x2_g48_s128 --out-dir results/raw --max-gpu-util-pct 10.0 --max-memory-util-pct 15.0 --quiescence-timeout-s 60.0 --quiescence-poll-s 1.0 --quiescence-consecutive-samples 2,6e8cfc3ec701c1d48c36cb2bf16820e43c0bf6cd68ec17b763acf00904dd79ca,python3 scripts/analyze_softmax_probe_counterbalanced.py --input results/raw/rtx3090_fp16_softmax_operand_rate_atc_matrix60_p20_repro_v1_20260724_mb16_o046_ptx_f16x2_g48_s128_ptx_f16x2_raw.csv --energy-trace-input results/raw/rtx3090_fp16_softmax_operand_rate_atc_matrix60_p20_repro_v1_20260724_mb16_o046_ptx_f16x2_g48_s128_ptx_f16x2_raw_energy_trace.csv --manifest results/raw/rtx3090_fp16_softmax_operand_rate_atc_matrix60_p20_repro_v1_20260724_mb16_o046_ptx_f16x2_g48_s128_ptx_f16x2_manifest.csv --exp-impl ptx_f16x2 --grid-blocks 48 --triplet-out results/summary/rtx3090_softmax_ex2_matrix_matrix60_p20_repro_v1_20260724_c046_mb16_ptx_f16x2_g48_s128_triplets.csv --matched-out results/summary/rtx3090_softmax_ex2_matrix_matrix60_p20_repro_v1_20260724_c046_mb16_ptx_f16x2_g48_s128_matched.csv --summary-out results/summary/rtx3090_softmax_ex2_matrix_matrix60_p20_repro_v1_20260724_c046_mb16_ptx_f16x2_g48_s128_summary.csv --report-out docs/results/rtx3090_softmax_ex2_matrix_matrix60_p20_repro_v1_20260724_c046_mb16_ptx_f16x2_g48_s128_ko.md --decision-stage pilot --energy-trace-min-fit-points 16 --bootstrap-samples 4000 --seed 20307137
rtx3090_softmax_ex2_factorial_matrix_v1,matrix60_p20_repro_v1_20260724,sha256_ranked_macroblocks_stratified_balanced_impl_permutations_v2,20260723,47,16,mb16_g48_s128,2,ptx_f16x2>ptx_f16>fp32,c047_mb16_ptx_f16_g48_s128,matrix60_p20_repro_v1_20260724_mb16_o047_ptx_f16_g48_s128,ptx_f16,ptx_ex2_approx_f16,48,48,128,rtx3090,probe,2,4.0,cache_reuse_candidate,default,13.0,1.0,6,1,counterbalanced6,batch_once,500.0,16,20.0,16.0,30.0,build-softmax/a100_fp16_softmax_energy,eeda8c0a1df3628d04c5bf15a486ba3dd0fc43935fbc51a18505a1dffb409b66,scripts/run_softmax_operand_rate_atc.py,a64b58006b3abf237c7d0da5f3109a5422ee2891ae0748d33453a3148a64c23a,scripts/analyze_softmax_probe_counterbalanced.py,3c3695c92b215666065f2706ecdec7dd63a803bf024376ef3bf111665ec5faf5,scripts/analyze_softmax_operand_rate_atc.py,1222055375cff076ef165f71d3f738492be9e92d82f0289a94f368be82fecbdb,scripts/run_softmax_ex2_factorial_matrix.py,a985e33c279938f578cb2358ea6e4374216d58e226d7c6c809ec0741d6cb48ab,results/raw/rtx3090_fp16_softmax_operand_rate_atc_matrix60_p20_repro_v1_20260724_mb16_o047_ptx_f16_g48_s128_ptx_f16_raw.csv,results/raw/rtx3090_fp16_softmax_operand_rate_atc_matrix60_p20_repro_v1_20260724_mb16_o047_ptx_f16_g48_s128_ptx_f16_manifest.csv,results/raw/rtx3090_fp16_softmax_operand_rate_atc_matrix60_p20_repro_v1_20260724_mb16_o047_ptx_f16_g48_s128_ptx_f16_raw_energy_trace.csv,results/raw/rtx3090_fp16_softmax_operand_rate_atc_matrix60_p20_repro_v1_20260724_mb16_o047_ptx_f16_g48_s128_ptx_f16_cache_reuse_candidate_g48_preheat.csv,results/summary/rtx3090_softmax_ex2_matrix_matrix60_p20_repro_v1_20260724_c047_mb16_ptx_f16_g48_s128_triplets.csv,results/summary/rtx3090_softmax_ex2_matrix_matrix60_p20_repro_v1_20260724_c047_mb16_ptx_f16_g48_s128_matched.csv,results/summary/rtx3090_softmax_ex2_matrix_matrix60_p20_repro_v1_20260724_c047_mb16_ptx_f16_g48_s128_summary.csv,docs/results/rtx3090_softmax_ex2_matrix_matrix60_p20_repro_v1_20260724_c047_mb16_ptx_f16_g48_s128_ko.md,results/logs/rtx3090_softmax_ex2_matrix_matrix60_p20_repro_v1_20260724_c047_mb16_ptx_f16_g48_s128.log,2f87ab7f73f8cc0c928d5b4d884c4730c10699674ef8c4935d77963d7304fd15,python3 scripts/run_softmax_operand_rate_atc.py --binary build-softmax/a100_fp16_softmax_energy --gpu-id 0 --target-profile rtx3090 --exp-impl ptx_f16 --softmax-cols 128 --blocks-per-sm 2 --grid-blocks-list 48 --control-mode probe --logit-scale 4.0 --seconds 13.0 --idle-measure-seconds 1.0 --pairs 6 --bracket-warmup-pairs 1 --execution-mode persistent_bracket --bracket-idle-policy batch_once --bracket-order counterbalanced6 --preheat-seconds 20.0 --preheat-actual-min-seconds 16.0 --preheat-actual-max-seconds 30.0 --conditions cache_reuse_candidate --cache-policy default --energy-trace 1 --energy-trace-sample-ms 500.0 --energy-trace-min-updates 16 --tag matrix60_p20_repro_v1_20260724_mb16_o047_ptx_f16_g48_s128 --out-dir results/raw --max-gpu-util-pct 10.0 --max-memory-util-pct 15.0 --quiescence-timeout-s 60.0 --quiescence-poll-s 1.0 --quiescence-consecutive-samples 2,8f987ace9ff261e0fd18201836bebf2e10155527e57b9d1f0192a3f84ab9a58b,python3 scripts/analyze_softmax_probe_counterbalanced.py --input results/raw/rtx3090_fp16_softmax_operand_rate_atc_matrix60_p20_repro_v1_20260724_mb16_o047_ptx_f16_g48_s128_ptx_f16_raw.csv --energy-trace-input results/raw/rtx3090_fp16_softmax_operand_rate_atc_matrix60_p20_repro_v1_20260724_mb16_o047_ptx_f16_g48_s128_ptx_f16_raw_energy_trace.csv --manifest results/raw/rtx3090_fp16_softmax_operand_rate_atc_matrix60_p20_repro_v1_20260724_mb16_o047_ptx_f16_g48_s128_ptx_f16_manifest.csv --exp-impl ptx_f16 --grid-blocks 48 --triplet-out results/summary/rtx3090_softmax_ex2_matrix_matrix60_p20_repro_v1_20260724_c047_mb16_ptx_f16_g48_s128_triplets.csv --matched-out results/summary/rtx3090_softmax_ex2_matrix_matrix60_p20_repro_v1_20260724_c047_mb16_ptx_f16_g48_s128_matched.csv --summary-out results/summary/rtx3090_softmax_ex2_matrix_matrix60_p20_repro_v1_20260724_c047_mb16_ptx_f16_g48_s128_summary.csv --report-out docs/results/rtx3090_softmax_ex2_matrix_matrix60_p20_repro_v1_20260724_c047_mb16_ptx_f16_g48_s128_ko.md --decision-stage pilot --energy-trace-min-fit-points 16 --bootstrap-samples 4000 --seed 20308146
rtx3090_softmax_ex2_factorial_matrix_v1,matrix60_p20_repro_v1_20260724,sha256_ranked_macroblocks_stratified_balanced_impl_permutations_v2,20260723,48,16,mb16_g48_s128,3,ptx_f16x2>ptx_f16>fp32,c048_mb16_fp32_g48_s128,matrix60_p20_repro_v1_20260724_mb16_o048_fp32_g48_s128,fp32,fp32_fast___expf,48,48,128,rtx3090,probe,2,4.0,cache_reuse_candidate,default,13.0,1.0,6,1,counterbalanced6,batch_once,500.0,16,20.0,16.0,30.0,build-softmax/a100_fp16_softmax_energy,eeda8c0a1df3628d04c5bf15a486ba3dd0fc43935fbc51a18505a1dffb409b66,scripts/run_softmax_operand_rate_atc.py,a64b58006b3abf237c7d0da5f3109a5422ee2891ae0748d33453a3148a64c23a,scripts/analyze_softmax_probe_counterbalanced.py,3c3695c92b215666065f2706ecdec7dd63a803bf024376ef3bf111665ec5faf5,scripts/analyze_softmax_operand_rate_atc.py,1222055375cff076ef165f71d3f738492be9e92d82f0289a94f368be82fecbdb,scripts/run_softmax_ex2_factorial_matrix.py,a985e33c279938f578cb2358ea6e4374216d58e226d7c6c809ec0741d6cb48ab,results/raw/rtx3090_fp16_softmax_operand_rate_atc_matrix60_p20_repro_v1_20260724_mb16_o048_fp32_g48_s128_raw.csv,results/raw/rtx3090_fp16_softmax_operand_rate_atc_matrix60_p20_repro_v1_20260724_mb16_o048_fp32_g48_s128_manifest.csv,results/raw/rtx3090_fp16_softmax_operand_rate_atc_matrix60_p20_repro_v1_20260724_mb16_o048_fp32_g48_s128_raw_energy_trace.csv,results/raw/rtx3090_fp16_softmax_operand_rate_atc_matrix60_p20_repro_v1_20260724_mb16_o048_fp32_g48_s128_cache_reuse_candidate_g48_preheat.csv,results/summary/rtx3090_softmax_ex2_matrix_matrix60_p20_repro_v1_20260724_c048_mb16_fp32_g48_s128_triplets.csv,results/summary/rtx3090_softmax_ex2_matrix_matrix60_p20_repro_v1_20260724_c048_mb16_fp32_g48_s128_matched.csv,results/summary/rtx3090_softmax_ex2_matrix_matrix60_p20_repro_v1_20260724_c048_mb16_fp32_g48_s128_summary.csv,docs/results/rtx3090_softmax_ex2_matrix_matrix60_p20_repro_v1_20260724_c048_mb16_fp32_g48_s128_ko.md,results/logs/rtx3090_softmax_ex2_matrix_matrix60_p20_repro_v1_20260724_c048_mb16_fp32_g48_s128.log,cfb2443541c9f1ca8842e6085462880aeccea97c808fe1ba6663a6ede6a863f4,python3 scripts/run_softmax_operand_rate_atc.py --binary build-softmax/a100_fp16_softmax_energy --gpu-id 0 --target-profile rtx3090 --exp-impl fp32 --softmax-cols 128 --blocks-per-sm 2 --grid-blocks-list 48 --control-mode probe --logit-scale 4.0 --seconds 13.0 --idle-measure-seconds 1.0 --pairs 6 --bracket-warmup-pairs 1 --execution-mode persistent_bracket --bracket-idle-policy batch_once --bracket-order counterbalanced6 --preheat-seconds 20.0 --preheat-actual-min-seconds 16.0 --preheat-actual-max-seconds 30.0 --conditions cache_reuse_candidate --cache-policy default --energy-trace 1 --energy-trace-sample-ms 500.0 --energy-trace-min-updates 16 --tag matrix60_p20_repro_v1_20260724_mb16_o048_fp32_g48_s128 --out-dir results/raw --max-gpu-util-pct 10.0 --max-memory-util-pct 15.0 --quiescence-timeout-s 60.0 --quiescence-poll-s 1.0 --quiescence-consecutive-samples 2,e74f4d1d8476e97a0380b92fa0e59381fa8ca241e07e42976a0f7e62eb2b11ea,python3 scripts/analyze_softmax_probe_counterbalanced.py --input results/raw/rtx3090_fp16_softmax_operand_rate_atc_matrix60_p20_repro_v1_20260724_mb16_o048_fp32_g48_s128_raw.csv --energy-trace-input results/raw/rtx3090_fp16_softmax_operand_rate_atc_matrix60_p20_repro_v1_20260724_mb16_o048_fp32_g48_s128_raw_energy_trace.csv --manifest results/raw/rtx3090_fp16_softmax_operand_rate_atc_matrix60_p20_repro_v1_20260724_mb16_o048_fp32_g48_s128_manifest.csv --exp-impl fp32 --grid-blocks 48 --triplet-out results/summary/rtx3090_softmax_ex2_matrix_matrix60_p20_repro_v1_20260724_c048_mb16_fp32_g48_s128_triplets.csv --matched-out results/summary/rtx3090_softmax_ex2_matrix_matrix60_p20_repro_v1_20260724_c048_mb16_fp32_g48_s128_matched.csv --summary-out results/summary/rtx3090_softmax_ex2_matrix_matrix60_p20_repro_v1_20260724_c048_mb16_fp32_g48_s128_summary.csv --report-out docs/results/rtx3090_softmax_ex2_matrix_matrix60_p20_repro_v1_20260724_c048_mb16_fp32_g48_s128_ko.md --decision-stage pilot --energy-trace-min-fit-points 16 --bootstrap-samples 4000 --seed 20309155
rtx3090_softmax_ex2_factorial_matrix_v1,matrix60_p20_repro_v1_20260724,sha256_ranked_macroblocks_stratified_balanced_impl_permutations_v2,20260723,49,17,mb17_g16_s2048,1,fp32>ptx_f16>ptx_f16x2,c049_mb17_fp32_g16_s2048,matrix60_p20_repro_v1_20260724_mb17_o049_fp32_g16_s2048,fp32,fp32_fast___expf,16,16,2048,rtx3090,probe,2,4.0,cache_reuse_candidate,default,13.0,1.0,6,1,counterbalanced6,batch_once,500.0,16,20.0,16.0,30.0,build-softmax/a100_fp16_softmax_energy,eeda8c0a1df3628d04c5bf15a486ba3dd0fc43935fbc51a18505a1dffb409b66,scripts/run_softmax_operand_rate_atc.py,a64b58006b3abf237c7d0da5f3109a5422ee2891ae0748d33453a3148a64c23a,scripts/analyze_softmax_probe_counterbalanced.py,3c3695c92b215666065f2706ecdec7dd63a803bf024376ef3bf111665ec5faf5,scripts/analyze_softmax_operand_rate_atc.py,1222055375cff076ef165f71d3f738492be9e92d82f0289a94f368be82fecbdb,scripts/run_softmax_ex2_factorial_matrix.py,a985e33c279938f578cb2358ea6e4374216d58e226d7c6c809ec0741d6cb48ab,results/raw/rtx3090_fp16_softmax_operand_rate_atc_matrix60_p20_repro_v1_20260724_mb17_o049_fp32_g16_s2048_raw.csv,results/raw/rtx3090_fp16_softmax_operand_rate_atc_matrix60_p20_repro_v1_20260724_mb17_o049_fp32_g16_s2048_manifest.csv,results/raw/rtx3090_fp16_softmax_operand_rate_atc_matrix60_p20_repro_v1_20260724_mb17_o049_fp32_g16_s2048_raw_energy_trace.csv,results/raw/rtx3090_fp16_softmax_operand_rate_atc_matrix60_p20_repro_v1_20260724_mb17_o049_fp32_g16_s2048_cache_reuse_candidate_g16_preheat.csv,results/summary/rtx3090_softmax_ex2_matrix_matrix60_p20_repro_v1_20260724_c049_mb17_fp32_g16_s2048_triplets.csv,results/summary/rtx3090_softmax_ex2_matrix_matrix60_p20_repro_v1_20260724_c049_mb17_fp32_g16_s2048_matched.csv,results/summary/rtx3090_softmax_ex2_matrix_matrix60_p20_repro_v1_20260724_c049_mb17_fp32_g16_s2048_summary.csv,docs/results/rtx3090_softmax_ex2_matrix_matrix60_p20_repro_v1_20260724_c049_mb17_fp32_g16_s2048_ko.md,results/logs/rtx3090_softmax_ex2_matrix_matrix60_p20_repro_v1_20260724_c049_mb17_fp32_g16_s2048.log,3f5ad5bed19f3420739f668f353bcbb3de266c4a2790d55063916a4592568aa3,python3 scripts/run_softmax_operand_rate_atc.py --binary build-softmax/a100_fp16_softmax_energy --gpu-id 0 --target-profile rtx3090 --exp-impl fp32 --softmax-cols 2048 --blocks-per-sm 2 --grid-blocks-list 16 --control-mode probe --logit-scale 4.0 --seconds 13.0 --idle-measure-seconds 1.0 --pairs 6 --bracket-warmup-pairs 1 --execution-mode persistent_bracket --bracket-idle-policy batch_once --bracket-order counterbalanced6 --preheat-seconds 20.0 --preheat-actual-min-seconds 16.0 --preheat-actual-max-seconds 30.0 --conditions cache_reuse_candidate --cache-policy default --energy-trace 1 --energy-trace-sample-ms 500.0 --energy-trace-min-updates 16 --tag matrix60_p20_repro_v1_20260724_mb17_o049_fp32_g16_s2048 --out-dir results/raw --max-gpu-util-pct 10.0 --max-memory-util-pct 15.0 --quiescence-timeout-s 60.0 --quiescence-poll-s 1.0 --quiescence-consecutive-samples 2,d16496fe7bd70eb8eb1ac5c83f0d37fc252b023f3e85e868e0cd61174d50e42b,python3 scripts/analyze_softmax_probe_counterbalanced.py --input results/raw/rtx3090_fp16_softmax_operand_rate_atc_matrix60_p20_repro_v1_20260724_mb17_o049_fp32_g16_s2048_raw.csv --energy-trace-input results/raw/rtx3090_fp16_softmax_operand_rate_atc_matrix60_p20_repro_v1_20260724_mb17_o049_fp32_g16_s2048_raw_energy_trace.csv --manifest results/raw/rtx3090_fp16_softmax_operand_rate_atc_matrix60_p20_repro_v1_20260724_mb17_o049_fp32_g16_s2048_manifest.csv --exp-impl fp32 --grid-blocks 16 --triplet-out results/summary/rtx3090_softmax_ex2_matrix_matrix60_p20_repro_v1_20260724_c049_mb17_fp32_g16_s2048_triplets.csv --matched-out results/summary/rtx3090_softmax_ex2_matrix_matrix60_p20_repro_v1_20260724_c049_mb17_fp32_g16_s2048_matched.csv --summary-out results/summary/rtx3090_softmax_ex2_matrix_matrix60_p20_repro_v1_20260724_c049_mb17_fp32_g16_s2048_summary.csv --report-out docs/results/rtx3090_softmax_ex2_matrix_matrix60_p20_repro_v1_20260724_c049_mb17_fp32_g16_s2048_ko.md --decision-stage pilot --energy-trace-min-fit-points 16 --bootstrap-samples 4000 --seed 20310164
rtx3090_softmax_ex2_factorial_matrix_v1,matrix60_p20_repro_v1_20260724,sha256_ranked_macroblocks_stratified_balanced_impl_permutations_v2,20260723,50,17,mb17_g16_s2048,2,fp32>ptx_f16>ptx_f16x2,c050_mb17_ptx_f16_g16_s2048,matrix60_p20_repro_v1_20260724_mb17_o050_ptx_f16_g16_s2048,ptx_f16,ptx_ex2_approx_f16,16,16,2048,rtx3090,probe,2,4.0,cache_reuse_candidate,default,13.0,1.0,6,1,counterbalanced6,batch_once,500.0,16,20.0,16.0,30.0,build-softmax/a100_fp16_softmax_energy,eeda8c0a1df3628d04c5bf15a486ba3dd0fc43935fbc51a18505a1dffb409b66,scripts/run_softmax_operand_rate_atc.py,a64b58006b3abf237c7d0da5f3109a5422ee2891ae0748d33453a3148a64c23a,scripts/analyze_softmax_probe_counterbalanced.py,3c3695c92b215666065f2706ecdec7dd63a803bf024376ef3bf111665ec5faf5,scripts/analyze_softmax_operand_rate_atc.py,1222055375cff076ef165f71d3f738492be9e92d82f0289a94f368be82fecbdb,scripts/run_softmax_ex2_factorial_matrix.py,a985e33c279938f578cb2358ea6e4374216d58e226d7c6c809ec0741d6cb48ab,results/raw/rtx3090_fp16_softmax_operand_rate_atc_matrix60_p20_repro_v1_20260724_mb17_o050_ptx_f16_g16_s2048_ptx_f16_raw.csv,results/raw/rtx3090_fp16_softmax_operand_rate_atc_matrix60_p20_repro_v1_20260724_mb17_o050_ptx_f16_g16_s2048_ptx_f16_manifest.csv,results/raw/rtx3090_fp16_softmax_operand_rate_atc_matrix60_p20_repro_v1_20260724_mb17_o050_ptx_f16_g16_s2048_ptx_f16_raw_energy_trace.csv,results/raw/rtx3090_fp16_softmax_operand_rate_atc_matrix60_p20_repro_v1_20260724_mb17_o050_ptx_f16_g16_s2048_ptx_f16_cache_reuse_candidate_g16_preheat.csv,results/summary/rtx3090_softmax_ex2_matrix_matrix60_p20_repro_v1_20260724_c050_mb17_ptx_f16_g16_s2048_triplets.csv,results/summary/rtx3090_softmax_ex2_matrix_matrix60_p20_repro_v1_20260724_c050_mb17_ptx_f16_g16_s2048_matched.csv,results/summary/rtx3090_softmax_ex2_matrix_matrix60_p20_repro_v1_20260724_c050_mb17_ptx_f16_g16_s2048_summary.csv,docs/results/rtx3090_softmax_ex2_matrix_matrix60_p20_repro_v1_20260724_c050_mb17_ptx_f16_g16_s2048_ko.md,results/logs/rtx3090_softmax_ex2_matrix_matrix60_p20_repro_v1_20260724_c050_mb17_ptx_f16_g16_s2048.log,02cd7386464c11bce037963174921fc53878577ee4f7bb19342b96cb64b58392,python3 scripts/run_softmax_operand_rate_atc.py --binary build-softmax/a100_fp16_softmax_energy --gpu-id 0 --target-profile rtx3090 --exp-impl ptx_f16 --softmax-cols 2048 --blocks-per-sm 2 --grid-blocks-list 16 --control-mode probe --logit-scale 4.0 --seconds 13.0 --idle-measure-seconds 1.0 --pairs 6 --bracket-warmup-pairs 1 --execution-mode persistent_bracket --bracket-idle-policy batch_once --bracket-order counterbalanced6 --preheat-seconds 20.0 --preheat-actual-min-seconds 16.0 --preheat-actual-max-seconds 30.0 --conditions cache_reuse_candidate --cache-policy default --energy-trace 1 --energy-trace-sample-ms 500.0 --energy-trace-min-updates 16 --tag matrix60_p20_repro_v1_20260724_mb17_o050_ptx_f16_g16_s2048 --out-dir results/raw --max-gpu-util-pct 10.0 --max-memory-util-pct 15.0 --quiescence-timeout-s 60.0 --quiescence-poll-s 1.0 --quiescence-consecutive-samples 2,92057030d10f932536f3c0713b1470a44dbe8375b4a1e2b02570b2187a5510ea,python3 scripts/analyze_softmax_probe_counterbalanced.py --input results/raw/rtx3090_fp16_softmax_operand_rate_atc_matrix60_p20_repro_v1_20260724_mb17_o050_ptx_f16_g16_s2048_ptx_f16_raw.csv --energy-trace-input results/raw/rtx3090_fp16_softmax_operand_rate_atc_matrix60_p20_repro_v1_20260724_mb17_o050_ptx_f16_g16_s2048_ptx_f16_raw_energy_trace.csv --manifest results/raw/rtx3090_fp16_softmax_operand_rate_atc_matrix60_p20_repro_v1_20260724_mb17_o050_ptx_f16_g16_s2048_ptx_f16_manifest.csv --exp-impl ptx_f16 --grid-blocks 16 --triplet-out results/summary/rtx3090_softmax_ex2_matrix_matrix60_p20_repro_v1_20260724_c050_mb17_ptx_f16_g16_s2048_triplets.csv --matched-out results/summary/rtx3090_softmax_ex2_matrix_matrix60_p20_repro_v1_20260724_c050_mb17_ptx_f16_g16_s2048_matched.csv --summary-out results/summary/rtx3090_softmax_ex2_matrix_matrix60_p20_repro_v1_20260724_c050_mb17_ptx_f16_g16_s2048_summary.csv --report-out docs/results/rtx3090_softmax_ex2_matrix_matrix60_p20_repro_v1_20260724_c050_mb17_ptx_f16_g16_s2048_ko.md --decision-stage pilot --energy-trace-min-fit-points 16 --bootstrap-samples 4000 --seed 20311173
rtx3090_softmax_ex2_factorial_matrix_v1,matrix60_p20_repro_v1_20260724,sha256_ranked_macroblocks_stratified_balanced_impl_permutations_v2,20260723,51,17,mb17_g16_s2048,3,fp32>ptx_f16>ptx_f16x2,c051_mb17_ptx_f16x2_g16_s2048,matrix60_p20_repro_v1_20260724_mb17_o051_ptx_f16x2_g16_s2048,ptx_f16x2,ptx_ex2_approx_f16x2,16,16,2048,rtx3090,probe,2,4.0,cache_reuse_candidate,default,13.0,1.0,6,1,counterbalanced6,batch_once,500.0,16,20.0,16.0,30.0,build-softmax/a100_fp16_softmax_energy,eeda8c0a1df3628d04c5bf15a486ba3dd0fc43935fbc51a18505a1dffb409b66,scripts/run_softmax_operand_rate_atc.py,a64b58006b3abf237c7d0da5f3109a5422ee2891ae0748d33453a3148a64c23a,scripts/analyze_softmax_probe_counterbalanced.py,3c3695c92b215666065f2706ecdec7dd63a803bf024376ef3bf111665ec5faf5,scripts/analyze_softmax_operand_rate_atc.py,1222055375cff076ef165f71d3f738492be9e92d82f0289a94f368be82fecbdb,scripts/run_softmax_ex2_factorial_matrix.py,a985e33c279938f578cb2358ea6e4374216d58e226d7c6c809ec0741d6cb48ab,results/raw/rtx3090_fp16_softmax_operand_rate_atc_matrix60_p20_repro_v1_20260724_mb17_o051_ptx_f16x2_g16_s2048_ptx_f16x2_raw.csv,results/raw/rtx3090_fp16_softmax_operand_rate_atc_matrix60_p20_repro_v1_20260724_mb17_o051_ptx_f16x2_g16_s2048_ptx_f16x2_manifest.csv,results/raw/rtx3090_fp16_softmax_operand_rate_atc_matrix60_p20_repro_v1_20260724_mb17_o051_ptx_f16x2_g16_s2048_ptx_f16x2_raw_energy_trace.csv,results/raw/rtx3090_fp16_softmax_operand_rate_atc_matrix60_p20_repro_v1_20260724_mb17_o051_ptx_f16x2_g16_s2048_ptx_f16x2_cache_reuse_candidate_g16_preheat.csv,results/summary/rtx3090_softmax_ex2_matrix_matrix60_p20_repro_v1_20260724_c051_mb17_ptx_f16x2_g16_s2048_triplets.csv,results/summary/rtx3090_softmax_ex2_matrix_matrix60_p20_repro_v1_20260724_c051_mb17_ptx_f16x2_g16_s2048_matched.csv,results/summary/rtx3090_softmax_ex2_matrix_matrix60_p20_repro_v1_20260724_c051_mb17_ptx_f16x2_g16_s2048_summary.csv,docs/results/rtx3090_softmax_ex2_matrix_matrix60_p20_repro_v1_20260724_c051_mb17_ptx_f16x2_g16_s2048_ko.md,results/logs/rtx3090_softmax_ex2_matrix_matrix60_p20_repro_v1_20260724_c051_mb17_ptx_f16x2_g16_s2048.log,881a0b59d0afbbce0ab2f85c948a3d8b7eb85dd43c5ffdd7dfd1ceaf849da2b9,python3 scripts/run_softmax_operand_rate_atc.py --binary build-softmax/a100_fp16_softmax_energy --gpu-id 0 --target-profile rtx3090 --exp-impl ptx_f16x2 --softmax-cols 2048 --blocks-per-sm 2 --grid-blocks-list 16 --control-mode probe --logit-scale 4.0 --seconds 13.0 --idle-measure-seconds 1.0 --pairs 6 --bracket-warmup-pairs 1 --execution-mode persistent_bracket --bracket-idle-policy batch_once --bracket-order counterbalanced6 --preheat-seconds 20.0 --preheat-actual-min-seconds 16.0 --preheat-actual-max-seconds 30.0 --conditions cache_reuse_candidate --cache-policy default --energy-trace 1 --energy-trace-sample-ms 500.0 --energy-trace-min-updates 16 --tag matrix60_p20_repro_v1_20260724_mb17_o051_ptx_f16x2_g16_s2048 --out-dir results/raw --max-gpu-util-pct 10.0 --max-memory-util-pct 15.0 --quiescence-timeout-s 60.0 --quiescence-poll-s 1.0 --quiescence-consecutive-samples 2,b48b21b8d55741db4cae5b4d88f097e7bab731c186e6428e6ecbfea508bd89ce,python3 scripts/analyze_softmax_probe_counterbalanced.py --input results/raw/rtx3090_fp16_softmax_operand_rate_atc_matrix60_p20_repro_v1_20260724_mb17_o051_ptx_f16x2_g16_s2048_ptx_f16x2_raw.csv --energy-trace-input results/raw/rtx3090_fp16_softmax_operand_rate_atc_matrix60_p20_repro_v1_20260724_mb17_o051_ptx_f16x2_g16_s2048_ptx_f16x2_raw_energy_trace.csv --manifest results/raw/rtx3090_fp16_softmax_operand_rate_atc_matrix60_p20_repro_v1_20260724_mb17_o051_ptx_f16x2_g16_s2048_ptx_f16x2_manifest.csv --exp-impl ptx_f16x2 --grid-blocks 16 --triplet-out results/summary/rtx3090_softmax_ex2_matrix_matrix60_p20_repro_v1_20260724_c051_mb17_ptx_f16x2_g16_s2048_triplets.csv --matched-out results/summary/rtx3090_softmax_ex2_matrix_matrix60_p20_repro_v1_20260724_c051_mb17_ptx_f16x2_g16_s2048_matched.csv --summary-out results/summary/rtx3090_softmax_ex2_matrix_matrix60_p20_repro_v1_20260724_c051_mb17_ptx_f16x2_g16_s2048_summary.csv --report-out docs/results/rtx3090_softmax_ex2_matrix_matrix60_p20_repro_v1_20260724_c051_mb17_ptx_f16x2_g16_s2048_ko.md --decision-stage pilot --energy-trace-min-fit-points 16 --bootstrap-samples 4000 --seed 20312182
rtx3090_softmax_ex2_factorial_matrix_v1,matrix60_p20_repro_v1_20260724,sha256_ranked_macroblocks_stratified_balanced_impl_permutations_v2,20260723,52,18,mb18_g16_s1024,1,ptx_f16x2>fp32>ptx_f16,c052_mb18_ptx_f16x2_g16_s1024,matrix60_p20_repro_v1_20260724_mb18_o052_ptx_f16x2_g16_s1024,ptx_f16x2,ptx_ex2_approx_f16x2,16,16,1024,rtx3090,probe,2,4.0,cache_reuse_candidate,default,13.0,1.0,6,1,counterbalanced6,batch_once,500.0,16,20.0,16.0,30.0,build-softmax/a100_fp16_softmax_energy,eeda8c0a1df3628d04c5bf15a486ba3dd0fc43935fbc51a18505a1dffb409b66,scripts/run_softmax_operand_rate_atc.py,a64b58006b3abf237c7d0da5f3109a5422ee2891ae0748d33453a3148a64c23a,scripts/analyze_softmax_probe_counterbalanced.py,3c3695c92b215666065f2706ecdec7dd63a803bf024376ef3bf111665ec5faf5,scripts/analyze_softmax_operand_rate_atc.py,1222055375cff076ef165f71d3f738492be9e92d82f0289a94f368be82fecbdb,scripts/run_softmax_ex2_factorial_matrix.py,a985e33c279938f578cb2358ea6e4374216d58e226d7c6c809ec0741d6cb48ab,results/raw/rtx3090_fp16_softmax_operand_rate_atc_matrix60_p20_repro_v1_20260724_mb18_o052_ptx_f16x2_g16_s1024_ptx_f16x2_raw.csv,results/raw/rtx3090_fp16_softmax_operand_rate_atc_matrix60_p20_repro_v1_20260724_mb18_o052_ptx_f16x2_g16_s1024_ptx_f16x2_manifest.csv,results/raw/rtx3090_fp16_softmax_operand_rate_atc_matrix60_p20_repro_v1_20260724_mb18_o052_ptx_f16x2_g16_s1024_ptx_f16x2_raw_energy_trace.csv,results/raw/rtx3090_fp16_softmax_operand_rate_atc_matrix60_p20_repro_v1_20260724_mb18_o052_ptx_f16x2_g16_s1024_ptx_f16x2_cache_reuse_candidate_g16_preheat.csv,results/summary/rtx3090_softmax_ex2_matrix_matrix60_p20_repro_v1_20260724_c052_mb18_ptx_f16x2_g16_s1024_triplets.csv,results/summary/rtx3090_softmax_ex2_matrix_matrix60_p20_repro_v1_20260724_c052_mb18_ptx_f16x2_g16_s1024_matched.csv,results/summary/rtx3090_softmax_ex2_matrix_matrix60_p20_repro_v1_20260724_c052_mb18_ptx_f16x2_g16_s1024_summary.csv,docs/results/rtx3090_softmax_ex2_matrix_matrix60_p20_repro_v1_20260724_c052_mb18_ptx_f16x2_g16_s1024_ko.md,results/logs/rtx3090_softmax_ex2_matrix_matrix60_p20_repro_v1_20260724_c052_mb18_ptx_f16x2_g16_s1024.log,0934bd487b2f8b639c31d062f83038ac6562d96d842255bae2c9ac57d22c71f5,python3 scripts/run_softmax_operand_rate_atc.py --binary build-softmax/a100_fp16_softmax_energy --gpu-id 0 --target-profile rtx3090 --exp-impl ptx_f16x2 --softmax-cols 1024 --blocks-per-sm 2 --grid-blocks-list 16 --control-mode probe --logit-scale 4.0 --seconds 13.0 --idle-measure-seconds 1.0 --pairs 6 --bracket-warmup-pairs 1 --execution-mode persistent_bracket --bracket-idle-policy batch_once --bracket-order counterbalanced6 --preheat-seconds 20.0 --preheat-actual-min-seconds 16.0 --preheat-actual-max-seconds 30.0 --conditions cache_reuse_candidate --cache-policy default --energy-trace 1 --energy-trace-sample-ms 500.0 --energy-trace-min-updates 16 --tag matrix60_p20_repro_v1_20260724_mb18_o052_ptx_f16x2_g16_s1024 --out-dir results/raw --max-gpu-util-pct 10.0 --max-memory-util-pct 15.0 --quiescence-timeout-s 60.0 --quiescence-poll-s 1.0 --quiescence-consecutive-samples 2,fb92de30663713370197b48232dc5d20220731852346ebe0e8a1fddbf47560f1,python3 scripts/analyze_softmax_probe_counterbalanced.py --input results/raw/rtx3090_fp16_softmax_operand_rate_atc_matrix60_p20_repro_v1_20260724_mb18_o052_ptx_f16x2_g16_s1024_ptx_f16x2_raw.csv --energy-trace-input results/raw/rtx3090_fp16_softmax_operand_rate_atc_matrix60_p20_repro_v1_20260724_mb18_o052_ptx_f16x2_g16_s1024_ptx_f16x2_raw_energy_trace.csv --manifest results/raw/rtx3090_fp16_softmax_operand_rate_atc_matrix60_p20_repro_v1_20260724_mb18_o052_ptx_f16x2_g16_s1024_ptx_f16x2_manifest.csv --exp-impl ptx_f16x2 --grid-blocks 16 --triplet-out results/summary/rtx3090_softmax_ex2_matrix_matrix60_p20_repro_v1_20260724_c052_mb18_ptx_f16x2_g16_s1024_triplets.csv --matched-out results/summary/rtx3090_softmax_ex2_matrix_matrix60_p20_repro_v1_20260724_c052_mb18_ptx_f16x2_g16_s1024_matched.csv --summary-out results/summary/rtx3090_softmax_ex2_matrix_matrix60_p20_repro_v1_20260724_c052_mb18_ptx_f16x2_g16_s1024_summary.csv --report-out docs/results/rtx3090_softmax_ex2_matrix_matrix60_p20_repro_v1_20260724_c052_mb18_ptx_f16x2_g16_s1024_ko.md --decision-stage pilot --energy-trace-min-fit-points 16 --bootstrap-samples 4000 --seed 20313191
rtx3090_softmax_ex2_factorial_matrix_v1,matrix60_p20_repro_v1_20260724,sha256_ranked_macroblocks_stratified_balanced_impl_permutations_v2,20260723,53,18,mb18_g16_s1024,2,ptx_f16x2>fp32>ptx_f16,c053_mb18_fp32_g16_s1024,matrix60_p20_repro_v1_20260724_mb18_o053_fp32_g16_s1024,fp32,fp32_fast___expf,16,16,1024,rtx3090,probe,2,4.0,cache_reuse_candidate,default,13.0,1.0,6,1,counterbalanced6,batch_once,500.0,16,20.0,16.0,30.0,build-softmax/a100_fp16_softmax_energy,eeda8c0a1df3628d04c5bf15a486ba3dd0fc43935fbc51a18505a1dffb409b66,scripts/run_softmax_operand_rate_atc.py,a64b58006b3abf237c7d0da5f3109a5422ee2891ae0748d33453a3148a64c23a,scripts/analyze_softmax_probe_counterbalanced.py,3c3695c92b215666065f2706ecdec7dd63a803bf024376ef3bf111665ec5faf5,scripts/analyze_softmax_operand_rate_atc.py,1222055375cff076ef165f71d3f738492be9e92d82f0289a94f368be82fecbdb,scripts/run_softmax_ex2_factorial_matrix.py,a985e33c279938f578cb2358ea6e4374216d58e226d7c6c809ec0741d6cb48ab,results/raw/rtx3090_fp16_softmax_operand_rate_atc_matrix60_p20_repro_v1_20260724_mb18_o053_fp32_g16_s1024_raw.csv,results/raw/rtx3090_fp16_softmax_operand_rate_atc_matrix60_p20_repro_v1_20260724_mb18_o053_fp32_g16_s1024_manifest.csv,results/raw/rtx3090_fp16_softmax_operand_rate_atc_matrix60_p20_repro_v1_20260724_mb18_o053_fp32_g16_s1024_raw_energy_trace.csv,results/raw/rtx3090_fp16_softmax_operand_rate_atc_matrix60_p20_repro_v1_20260724_mb18_o053_fp32_g16_s1024_cache_reuse_candidate_g16_preheat.csv,results/summary/rtx3090_softmax_ex2_matrix_matrix60_p20_repro_v1_20260724_c053_mb18_fp32_g16_s1024_triplets.csv,results/summary/rtx3090_softmax_ex2_matrix_matrix60_p20_repro_v1_20260724_c053_mb18_fp32_g16_s1024_matched.csv,results/summary/rtx3090_softmax_ex2_matrix_matrix60_p20_repro_v1_20260724_c053_mb18_fp32_g16_s1024_summary.csv,docs/results/rtx3090_softmax_ex2_matrix_matrix60_p20_repro_v1_20260724_c053_mb18_fp32_g16_s1024_ko.md,results/logs/rtx3090_softmax_ex2_matrix_matrix60_p20_repro_v1_20260724_c053_mb18_fp32_g16_s1024.log,59ab375c1a45f0023afc8d7a784b3e5ba278b43a4facabd313324594406cb768,python3 scripts/run_softmax_operand_rate_atc.py --binary build-softmax/a100_fp16_softmax_energy --gpu-id 0 --target-profile rtx3090 --exp-impl fp32 --softmax-cols 1024 --blocks-per-sm 2 --grid-blocks-list 16 --control-mode probe --logit-scale 4.0 --seconds 13.0 --idle-measure-seconds 1.0 --pairs 6 --bracket-warmup-pairs 1 --execution-mode persistent_bracket --bracket-idle-policy batch_once --bracket-order counterbalanced6 --preheat-seconds 20.0 --preheat-actual-min-seconds 16.0 --preheat-actual-max-seconds 30.0 --conditions cache_reuse_candidate --cache-policy default --energy-trace 1 --energy-trace-sample-ms 500.0 --energy-trace-min-updates 16 --tag matrix60_p20_repro_v1_20260724_mb18_o053_fp32_g16_s1024 --out-dir results/raw --max-gpu-util-pct 10.0 --max-memory-util-pct 15.0 --quiescence-timeout-s 60.0 --quiescence-poll-s 1.0 --quiescence-consecutive-samples 2,b5b22c08eaa734954e9bb57a2f728011d984e033d4e7739d7bbf197121aaf221,python3 scripts/analyze_softmax_probe_counterbalanced.py --input results/raw/rtx3090_fp16_softmax_operand_rate_atc_matrix60_p20_repro_v1_20260724_mb18_o053_fp32_g16_s1024_raw.csv --energy-trace-input results/raw/rtx3090_fp16_softmax_operand_rate_atc_matrix60_p20_repro_v1_20260724_mb18_o053_fp32_g16_s1024_raw_energy_trace.csv --manifest results/raw/rtx3090_fp16_softmax_operand_rate_atc_matrix60_p20_repro_v1_20260724_mb18_o053_fp32_g16_s1024_manifest.csv --exp-impl fp32 --grid-blocks 16 --triplet-out results/summary/rtx3090_softmax_ex2_matrix_matrix60_p20_repro_v1_20260724_c053_mb18_fp32_g16_s1024_triplets.csv --matched-out results/summary/rtx3090_softmax_ex2_matrix_matrix60_p20_repro_v1_20260724_c053_mb18_fp32_g16_s1024_matched.csv --summary-out results/summary/rtx3090_softmax_ex2_matrix_matrix60_p20_repro_v1_20260724_c053_mb18_fp32_g16_s1024_summary.csv --report-out docs/results/rtx3090_softmax_ex2_matrix_matrix60_p20_repro_v1_20260724_c053_mb18_fp32_g16_s1024_ko.md --decision-stage pilot --energy-trace-min-fit-points 16 --bootstrap-samples 4000 --seed 20314200
rtx3090_softmax_ex2_factorial_matrix_v1,matrix60_p20_repro_v1_20260724,sha256_ranked_macroblocks_stratified_balanced_impl_permutations_v2,20260723,54,18,mb18_g16_s1024,3,ptx_f16x2>fp32>ptx_f16,c054_mb18_ptx_f16_g16_s1024,matrix60_p20_repro_v1_20260724_mb18_o054_ptx_f16_g16_s1024,ptx_f16,ptx_ex2_approx_f16,16,16,1024,rtx3090,probe,2,4.0,cache_reuse_candidate,default,13.0,1.0,6,1,counterbalanced6,batch_once,500.0,16,20.0,16.0,30.0,build-softmax/a100_fp16_softmax_energy,eeda8c0a1df3628d04c5bf15a486ba3dd0fc43935fbc51a18505a1dffb409b66,scripts/run_softmax_operand_rate_atc.py,a64b58006b3abf237c7d0da5f3109a5422ee2891ae0748d33453a3148a64c23a,scripts/analyze_softmax_probe_counterbalanced.py,3c3695c92b215666065f2706ecdec7dd63a803bf024376ef3bf111665ec5faf5,scripts/analyze_softmax_operand_rate_atc.py,1222055375cff076ef165f71d3f738492be9e92d82f0289a94f368be82fecbdb,scripts/run_softmax_ex2_factorial_matrix.py,a985e33c279938f578cb2358ea6e4374216d58e226d7c6c809ec0741d6cb48ab,results/raw/rtx3090_fp16_softmax_operand_rate_atc_matrix60_p20_repro_v1_20260724_mb18_o054_ptx_f16_g16_s1024_ptx_f16_raw.csv,results/raw/rtx3090_fp16_softmax_operand_rate_atc_matrix60_p20_repro_v1_20260724_mb18_o054_ptx_f16_g16_s1024_ptx_f16_manifest.csv,results/raw/rtx3090_fp16_softmax_operand_rate_atc_matrix60_p20_repro_v1_20260724_mb18_o054_ptx_f16_g16_s1024_ptx_f16_raw_energy_trace.csv,results/raw/rtx3090_fp16_softmax_operand_rate_atc_matrix60_p20_repro_v1_20260724_mb18_o054_ptx_f16_g16_s1024_ptx_f16_cache_reuse_candidate_g16_preheat.csv,results/summary/rtx3090_softmax_ex2_matrix_matrix60_p20_repro_v1_20260724_c054_mb18_ptx_f16_g16_s1024_triplets.csv,results/summary/rtx3090_softmax_ex2_matrix_matrix60_p20_repro_v1_20260724_c054_mb18_ptx_f16_g16_s1024_matched.csv,results/summary/rtx3090_softmax_ex2_matrix_matrix60_p20_repro_v1_20260724_c054_mb18_ptx_f16_g16_s1024_summary.csv,docs/results/rtx3090_softmax_ex2_matrix_matrix60_p20_repro_v1_20260724_c054_mb18_ptx_f16_g16_s1024_ko.md,results/logs/rtx3090_softmax_ex2_matrix_matrix60_p20_repro_v1_20260724_c054_mb18_ptx_f16_g16_s1024.log,92e1bb6738c36b13349542e98191626b30aa271d6284f40653d5d4e511aaaed9,python3 scripts/run_softmax_operand_rate_atc.py --binary build-softmax/a100_fp16_softmax_energy --gpu-id 0 --target-profile rtx3090 --exp-impl ptx_f16 --softmax-cols 1024 --blocks-per-sm 2 --grid-blocks-list 16 --control-mode probe --logit-scale 4.0 --seconds 13.0 --idle-measure-seconds 1.0 --pairs 6 --bracket-warmup-pairs 1 --execution-mode persistent_bracket --bracket-idle-policy batch_once --bracket-order counterbalanced6 --preheat-seconds 20.0 --preheat-actual-min-seconds 16.0 --preheat-actual-max-seconds 30.0 --conditions cache_reuse_candidate --cache-policy default --energy-trace 1 --energy-trace-sample-ms 500.0 --energy-trace-min-updates 16 --tag matrix60_p20_repro_v1_20260724_mb18_o054_ptx_f16_g16_s1024 --out-dir results/raw --max-gpu-util-pct 10.0 --max-memory-util-pct 15.0 --quiescence-timeout-s 60.0 --quiescence-poll-s 1.0 --quiescence-consecutive-samples 2,366702e1dcd7bf3624996285edf5cb749dfc0ce8b03eaf8b09d8dbc8061248ed,python3 scripts/analyze_softmax_probe_counterbalanced.py --input results/raw/rtx3090_fp16_softmax_operand_rate_atc_matrix60_p20_repro_v1_20260724_mb18_o054_ptx_f16_g16_s1024_ptx_f16_raw.csv --energy-trace-input results/raw/rtx3090_fp16_softmax_operand_rate_atc_matrix60_p20_repro_v1_20260724_mb18_o054_ptx_f16_g16_s1024_ptx_f16_raw_energy_trace.csv --manifest results/raw/rtx3090_fp16_softmax_operand_rate_atc_matrix60_p20_repro_v1_20260724_mb18_o054_ptx_f16_g16_s1024_ptx_f16_manifest.csv --exp-impl ptx_f16 --grid-blocks 16 --triplet-out results/summary/rtx3090_softmax_ex2_matrix_matrix60_p20_repro_v1_20260724_c054_mb18_ptx_f16_g16_s1024_triplets.csv --matched-out results/summary/rtx3090_softmax_ex2_matrix_matrix60_p20_repro_v1_20260724_c054_mb18_ptx_f16_g16_s1024_matched.csv --summary-out results/summary/rtx3090_softmax_ex2_matrix_matrix60_p20_repro_v1_20260724_c054_mb18_ptx_f16_g16_s1024_summary.csv --report-out docs/results/rtx3090_softmax_ex2_matrix_matrix60_p20_repro_v1_20260724_c054_mb18_ptx_f16_g16_s1024_ko.md --decision-stage pilot --energy-trace-min-fit-points 16 --bootstrap-samples 4000 --seed 20315209
rtx3090_softmax_ex2_factorial_matrix_v1,matrix60_p20_repro_v1_20260724,sha256_ranked_macroblocks_stratified_balanced_impl_permutations_v2,20260723,55,19,mb19_g64_s2048,1,fp32>ptx_f16x2>ptx_f16,c055_mb19_fp32_g64_s2048,matrix60_p20_repro_v1_20260724_mb19_o055_fp32_g64_s2048,fp32,fp32_fast___expf,64,64,2048,rtx3090,probe,2,4.0,cache_reuse_candidate,default,13.0,1.0,6,1,counterbalanced6,batch_once,500.0,16,20.0,16.0,30.0,build-softmax/a100_fp16_softmax_energy,eeda8c0a1df3628d04c5bf15a486ba3dd0fc43935fbc51a18505a1dffb409b66,scripts/run_softmax_operand_rate_atc.py,a64b58006b3abf237c7d0da5f3109a5422ee2891ae0748d33453a3148a64c23a,scripts/analyze_softmax_probe_counterbalanced.py,3c3695c92b215666065f2706ecdec7dd63a803bf024376ef3bf111665ec5faf5,scripts/analyze_softmax_operand_rate_atc.py,1222055375cff076ef165f71d3f738492be9e92d82f0289a94f368be82fecbdb,scripts/run_softmax_ex2_factorial_matrix.py,a985e33c279938f578cb2358ea6e4374216d58e226d7c6c809ec0741d6cb48ab,results/raw/rtx3090_fp16_softmax_operand_rate_atc_matrix60_p20_repro_v1_20260724_mb19_o055_fp32_g64_s2048_raw.csv,results/raw/rtx3090_fp16_softmax_operand_rate_atc_matrix60_p20_repro_v1_20260724_mb19_o055_fp32_g64_s2048_manifest.csv,results/raw/rtx3090_fp16_softmax_operand_rate_atc_matrix60_p20_repro_v1_20260724_mb19_o055_fp32_g64_s2048_raw_energy_trace.csv,results/raw/rtx3090_fp16_softmax_operand_rate_atc_matrix60_p20_repro_v1_20260724_mb19_o055_fp32_g64_s2048_cache_reuse_candidate_g64_preheat.csv,results/summary/rtx3090_softmax_ex2_matrix_matrix60_p20_repro_v1_20260724_c055_mb19_fp32_g64_s2048_triplets.csv,results/summary/rtx3090_softmax_ex2_matrix_matrix60_p20_repro_v1_20260724_c055_mb19_fp32_g64_s2048_matched.csv,results/summary/rtx3090_softmax_ex2_matrix_matrix60_p20_repro_v1_20260724_c055_mb19_fp32_g64_s2048_summary.csv,docs/results/rtx3090_softmax_ex2_matrix_matrix60_p20_repro_v1_20260724_c055_mb19_fp32_g64_s2048_ko.md,results/logs/rtx3090_softmax_ex2_matrix_matrix60_p20_repro_v1_20260724_c055_mb19_fp32_g64_s2048.log,5a88acf873ab60210ee36f0fe7d1223cadd53570372cc2cb49f11dd6011a6a7d,python3 scripts/run_softmax_operand_rate_atc.py --binary build-softmax/a100_fp16_softmax_energy --gpu-id 0 --target-profile rtx3090 --exp-impl fp32 --softmax-cols 2048 --blocks-per-sm 2 --grid-blocks-list 64 --control-mode probe --logit-scale 4.0 --seconds 13.0 --idle-measure-seconds 1.0 --pairs 6 --bracket-warmup-pairs 1 --execution-mode persistent_bracket --bracket-idle-policy batch_once --bracket-order counterbalanced6 --preheat-seconds 20.0 --preheat-actual-min-seconds 16.0 --preheat-actual-max-seconds 30.0 --conditions cache_reuse_candidate --cache-policy default --energy-trace 1 --energy-trace-sample-ms 500.0 --energy-trace-min-updates 16 --tag matrix60_p20_repro_v1_20260724_mb19_o055_fp32_g64_s2048 --out-dir results/raw --max-gpu-util-pct 10.0 --max-memory-util-pct 15.0 --quiescence-timeout-s 60.0 --quiescence-poll-s 1.0 --quiescence-consecutive-samples 2,6f9b073d2e1cd7352007a83c2afd53baf9ad4016952293e1e4372237c5750528,python3 scripts/analyze_softmax_probe_counterbalanced.py --input results/raw/rtx3090_fp16_softmax_operand_rate_atc_matrix60_p20_repro_v1_20260724_mb19_o055_fp32_g64_s2048_raw.csv --energy-trace-input results/raw/rtx3090_fp16_softmax_operand_rate_atc_matrix60_p20_repro_v1_20260724_mb19_o055_fp32_g64_s2048_raw_energy_trace.csv --manifest results/raw/rtx3090_fp16_softmax_operand_rate_atc_matrix60_p20_repro_v1_20260724_mb19_o055_fp32_g64_s2048_manifest.csv --exp-impl fp32 --grid-blocks 64 --triplet-out results/summary/rtx3090_softmax_ex2_matrix_matrix60_p20_repro_v1_20260724_c055_mb19_fp32_g64_s2048_triplets.csv --matched-out results/summary/rtx3090_softmax_ex2_matrix_matrix60_p20_repro_v1_20260724_c055_mb19_fp32_g64_s2048_matched.csv --summary-out results/summary/rtx3090_softmax_ex2_matrix_matrix60_p20_repro_v1_20260724_c055_mb19_fp32_g64_s2048_summary.csv --report-out docs/results/rtx3090_softmax_ex2_matrix_matrix60_p20_repro_v1_20260724_c055_mb19_fp32_g64_s2048_ko.md --decision-stage pilot --energy-trace-min-fit-points 16 --bootstrap-samples 4000 --seed 20316218
rtx3090_softmax_ex2_factorial_matrix_v1,matrix60_p20_repro_v1_20260724,sha256_ranked_macroblocks_stratified_balanced_impl_permutations_v2,20260723,56,19,mb19_g64_s2048,2,fp32>ptx_f16x2>ptx_f16,c056_mb19_ptx_f16x2_g64_s2048,matrix60_p20_repro_v1_20260724_mb19_o056_ptx_f16x2_g64_s2048,ptx_f16x2,ptx_ex2_approx_f16x2,64,64,2048,rtx3090,probe,2,4.0,cache_reuse_candidate,default,13.0,1.0,6,1,counterbalanced6,batch_once,500.0,16,20.0,16.0,30.0,build-softmax/a100_fp16_softmax_energy,eeda8c0a1df3628d04c5bf15a486ba3dd0fc43935fbc51a18505a1dffb409b66,scripts/run_softmax_operand_rate_atc.py,a64b58006b3abf237c7d0da5f3109a5422ee2891ae0748d33453a3148a64c23a,scripts/analyze_softmax_probe_counterbalanced.py,3c3695c92b215666065f2706ecdec7dd63a803bf024376ef3bf111665ec5faf5,scripts/analyze_softmax_operand_rate_atc.py,1222055375cff076ef165f71d3f738492be9e92d82f0289a94f368be82fecbdb,scripts/run_softmax_ex2_factorial_matrix.py,a985e33c279938f578cb2358ea6e4374216d58e226d7c6c809ec0741d6cb48ab,results/raw/rtx3090_fp16_softmax_operand_rate_atc_matrix60_p20_repro_v1_20260724_mb19_o056_ptx_f16x2_g64_s2048_ptx_f16x2_raw.csv,results/raw/rtx3090_fp16_softmax_operand_rate_atc_matrix60_p20_repro_v1_20260724_mb19_o056_ptx_f16x2_g64_s2048_ptx_f16x2_manifest.csv,results/raw/rtx3090_fp16_softmax_operand_rate_atc_matrix60_p20_repro_v1_20260724_mb19_o056_ptx_f16x2_g64_s2048_ptx_f16x2_raw_energy_trace.csv,results/raw/rtx3090_fp16_softmax_operand_rate_atc_matrix60_p20_repro_v1_20260724_mb19_o056_ptx_f16x2_g64_s2048_ptx_f16x2_cache_reuse_candidate_g64_preheat.csv,results/summary/rtx3090_softmax_ex2_matrix_matrix60_p20_repro_v1_20260724_c056_mb19_ptx_f16x2_g64_s2048_triplets.csv,results/summary/rtx3090_softmax_ex2_matrix_matrix60_p20_repro_v1_20260724_c056_mb19_ptx_f16x2_g64_s2048_matched.csv,results/summary/rtx3090_softmax_ex2_matrix_matrix60_p20_repro_v1_20260724_c056_mb19_ptx_f16x2_g64_s2048_summary.csv,docs/results/rtx3090_softmax_ex2_matrix_matrix60_p20_repro_v1_20260724_c056_mb19_ptx_f16x2_g64_s2048_ko.md,results/logs/rtx3090_softmax_ex2_matrix_matrix60_p20_repro_v1_20260724_c056_mb19_ptx_f16x2_g64_s2048.log,29752f0189113df7c91dfcfd3d8a9bd2682838c811c19cacdd3d2af3f2517f63,python3 scripts/run_softmax_operand_rate_atc.py --binary build-softmax/a100_fp16_softmax_energy --gpu-id 0 --target-profile rtx3090 --exp-impl ptx_f16x2 --softmax-cols 2048 --blocks-per-sm 2 --grid-blocks-list 64 --control-mode probe --logit-scale 4.0 --seconds 13.0 --idle-measure-seconds 1.0 --pairs 6 --bracket-warmup-pairs 1 --execution-mode persistent_bracket --bracket-idle-policy batch_once --bracket-order counterbalanced6 --preheat-seconds 20.0 --preheat-actual-min-seconds 16.0 --preheat-actual-max-seconds 30.0 --conditions cache_reuse_candidate --cache-policy default --energy-trace 1 --energy-trace-sample-ms 500.0 --energy-trace-min-updates 16 --tag matrix60_p20_repro_v1_20260724_mb19_o056_ptx_f16x2_g64_s2048 --out-dir results/raw --max-gpu-util-pct 10.0 --max-memory-util-pct 15.0 --quiescence-timeout-s 60.0 --quiescence-poll-s 1.0 --quiescence-consecutive-samples 2,d034b27e7069670cb5b87a7af939e282213fdcfa486a22bd6efe72c61be6778e,python3 scripts/analyze_softmax_probe_counterbalanced.py --input results/raw/rtx3090_fp16_softmax_operand_rate_atc_matrix60_p20_repro_v1_20260724_mb19_o056_ptx_f16x2_g64_s2048_ptx_f16x2_raw.csv --energy-trace-input results/raw/rtx3090_fp16_softmax_operand_rate_atc_matrix60_p20_repro_v1_20260724_mb19_o056_ptx_f16x2_g64_s2048_ptx_f16x2_raw_energy_trace.csv --manifest results/raw/rtx3090_fp16_softmax_operand_rate_atc_matrix60_p20_repro_v1_20260724_mb19_o056_ptx_f16x2_g64_s2048_ptx_f16x2_manifest.csv --exp-impl ptx_f16x2 --grid-blocks 64 --triplet-out results/summary/rtx3090_softmax_ex2_matrix_matrix60_p20_repro_v1_20260724_c056_mb19_ptx_f16x2_g64_s2048_triplets.csv --matched-out results/summary/rtx3090_softmax_ex2_matrix_matrix60_p20_repro_v1_20260724_c056_mb19_ptx_f16x2_g64_s2048_matched.csv --summary-out results/summary/rtx3090_softmax_ex2_matrix_matrix60_p20_repro_v1_20260724_c056_mb19_ptx_f16x2_g64_s2048_summary.csv --report-out docs/results/rtx3090_softmax_ex2_matrix_matrix60_p20_repro_v1_20260724_c056_mb19_ptx_f16x2_g64_s2048_ko.md --decision-stage pilot --energy-trace-min-fit-points 16 --bootstrap-samples 4000 --seed 20317227
rtx3090_softmax_ex2_factorial_matrix_v1,matrix60_p20_repro_v1_20260724,sha256_ranked_macroblocks_stratified_balanced_impl_permutations_v2,20260723,57,19,mb19_g64_s2048,3,fp32>ptx_f16x2>ptx_f16,c057_mb19_ptx_f16_g64_s2048,matrix60_p20_repro_v1_20260724_mb19_o057_ptx_f16_g64_s2048,ptx_f16,ptx_ex2_approx_f16,64,64,2048,rtx3090,probe,2,4.0,cache_reuse_candidate,default,13.0,1.0,6,1,counterbalanced6,batch_once,500.0,16,20.0,16.0,30.0,build-softmax/a100_fp16_softmax_energy,eeda8c0a1df3628d04c5bf15a486ba3dd0fc43935fbc51a18505a1dffb409b66,scripts/run_softmax_operand_rate_atc.py,a64b58006b3abf237c7d0da5f3109a5422ee2891ae0748d33453a3148a64c23a,scripts/analyze_softmax_probe_counterbalanced.py,3c3695c92b215666065f2706ecdec7dd63a803bf024376ef3bf111665ec5faf5,scripts/analyze_softmax_operand_rate_atc.py,1222055375cff076ef165f71d3f738492be9e92d82f0289a94f368be82fecbdb,scripts/run_softmax_ex2_factorial_matrix.py,a985e33c279938f578cb2358ea6e4374216d58e226d7c6c809ec0741d6cb48ab,results/raw/rtx3090_fp16_softmax_operand_rate_atc_matrix60_p20_repro_v1_20260724_mb19_o057_ptx_f16_g64_s2048_ptx_f16_raw.csv,results/raw/rtx3090_fp16_softmax_operand_rate_atc_matrix60_p20_repro_v1_20260724_mb19_o057_ptx_f16_g64_s2048_ptx_f16_manifest.csv,results/raw/rtx3090_fp16_softmax_operand_rate_atc_matrix60_p20_repro_v1_20260724_mb19_o057_ptx_f16_g64_s2048_ptx_f16_raw_energy_trace.csv,results/raw/rtx3090_fp16_softmax_operand_rate_atc_matrix60_p20_repro_v1_20260724_mb19_o057_ptx_f16_g64_s2048_ptx_f16_cache_reuse_candidate_g64_preheat.csv,results/summary/rtx3090_softmax_ex2_matrix_matrix60_p20_repro_v1_20260724_c057_mb19_ptx_f16_g64_s2048_triplets.csv,results/summary/rtx3090_softmax_ex2_matrix_matrix60_p20_repro_v1_20260724_c057_mb19_ptx_f16_g64_s2048_matched.csv,results/summary/rtx3090_softmax_ex2_matrix_matrix60_p20_repro_v1_20260724_c057_mb19_ptx_f16_g64_s2048_summary.csv,docs/results/rtx3090_softmax_ex2_matrix_matrix60_p20_repro_v1_20260724_c057_mb19_ptx_f16_g64_s2048_ko.md,results/logs/rtx3090_softmax_ex2_matrix_matrix60_p20_repro_v1_20260724_c057_mb19_ptx_f16_g64_s2048.log,ce50b3bf3493a429c28f517ba55548767d84a087f1748c8dd3c9b8cb47c36054,python3 scripts/run_softmax_operand_rate_atc.py --binary build-softmax/a100_fp16_softmax_energy --gpu-id 0 --target-profile rtx3090 --exp-impl ptx_f16 --softmax-cols 2048 --blocks-per-sm 2 --grid-blocks-list 64 --control-mode probe --logit-scale 4.0 --seconds 13.0 --idle-measure-seconds 1.0 --pairs 6 --bracket-warmup-pairs 1 --execution-mode persistent_bracket --bracket-idle-policy batch_once --bracket-order counterbalanced6 --preheat-seconds 20.0 --preheat-actual-min-seconds 16.0 --preheat-actual-max-seconds 30.0 --conditions cache_reuse_candidate --cache-policy default --energy-trace 1 --energy-trace-sample-ms 500.0 --energy-trace-min-updates 16 --tag matrix60_p20_repro_v1_20260724_mb19_o057_ptx_f16_g64_s2048 --out-dir results/raw --max-gpu-util-pct 10.0 --max-memory-util-pct 15.0 --quiescence-timeout-s 60.0 --quiescence-poll-s 1.0 --quiescence-consecutive-samples 2,2dc86363f6043c4bddd3dba6473ad5883d26e3e5e46ea02fd6e69dcd938a6bdc,python3 scripts/analyze_softmax_probe_counterbalanced.py --input results/raw/rtx3090_fp16_softmax_operand_rate_atc_matrix60_p20_repro_v1_20260724_mb19_o057_ptx_f16_g64_s2048_ptx_f16_raw.csv --energy-trace-input results/raw/rtx3090_fp16_softmax_operand_rate_atc_matrix60_p20_repro_v1_20260724_mb19_o057_ptx_f16_g64_s2048_ptx_f16_raw_energy_trace.csv --manifest results/raw/rtx3090_fp16_softmax_operand_rate_atc_matrix60_p20_repro_v1_20260724_mb19_o057_ptx_f16_g64_s2048_ptx_f16_manifest.csv --exp-impl ptx_f16 --grid-blocks 64 --triplet-out results/summary/rtx3090_softmax_ex2_matrix_matrix60_p20_repro_v1_20260724_c057_mb19_ptx_f16_g64_s2048_triplets.csv --matched-out results/summary/rtx3090_softmax_ex2_matrix_matrix60_p20_repro_v1_20260724_c057_mb19_ptx_f16_g64_s2048_matched.csv --summary-out results/summary/rtx3090_softmax_ex2_matrix_matrix60_p20_repro_v1_20260724_c057_mb19_ptx_f16_g64_s2048_summary.csv --report-out docs/results/rtx3090_softmax_ex2_matrix_matrix60_p20_repro_v1_20260724_c057_mb19_ptx_f16_g64_s2048_ko.md --decision-stage pilot --energy-trace-min-fit-points 16 --bootstrap-samples 4000 --seed 20318236
rtx3090_softmax_ex2_factorial_matrix_v1,matrix60_p20_repro_v1_20260724,sha256_ranked_macroblocks_stratified_balanced_impl_permutations_v2,20260723,58,20,mb20_g48_s256,1,ptx_f16>ptx_f16x2>fp32,c058_mb20_ptx_f16_g48_s256,matrix60_p20_repro_v1_20260724_mb20_o058_ptx_f16_g48_s256,ptx_f16,ptx_ex2_approx_f16,48,48,256,rtx3090,probe,2,4.0,cache_reuse_candidate,default,13.0,1.0,6,1,counterbalanced6,batch_once,500.0,16,20.0,16.0,30.0,build-softmax/a100_fp16_softmax_energy,eeda8c0a1df3628d04c5bf15a486ba3dd0fc43935fbc51a18505a1dffb409b66,scripts/run_softmax_operand_rate_atc.py,a64b58006b3abf237c7d0da5f3109a5422ee2891ae0748d33453a3148a64c23a,scripts/analyze_softmax_probe_counterbalanced.py,3c3695c92b215666065f2706ecdec7dd63a803bf024376ef3bf111665ec5faf5,scripts/analyze_softmax_operand_rate_atc.py,1222055375cff076ef165f71d3f738492be9e92d82f0289a94f368be82fecbdb,scripts/run_softmax_ex2_factorial_matrix.py,a985e33c279938f578cb2358ea6e4374216d58e226d7c6c809ec0741d6cb48ab,results/raw/rtx3090_fp16_softmax_operand_rate_atc_matrix60_p20_repro_v1_20260724_mb20_o058_ptx_f16_g48_s256_ptx_f16_raw.csv,results/raw/rtx3090_fp16_softmax_operand_rate_atc_matrix60_p20_repro_v1_20260724_mb20_o058_ptx_f16_g48_s256_ptx_f16_manifest.csv,results/raw/rtx3090_fp16_softmax_operand_rate_atc_matrix60_p20_repro_v1_20260724_mb20_o058_ptx_f16_g48_s256_ptx_f16_raw_energy_trace.csv,results/raw/rtx3090_fp16_softmax_operand_rate_atc_matrix60_p20_repro_v1_20260724_mb20_o058_ptx_f16_g48_s256_ptx_f16_cache_reuse_candidate_g48_preheat.csv,results/summary/rtx3090_softmax_ex2_matrix_matrix60_p20_repro_v1_20260724_c058_mb20_ptx_f16_g48_s256_triplets.csv,results/summary/rtx3090_softmax_ex2_matrix_matrix60_p20_repro_v1_20260724_c058_mb20_ptx_f16_g48_s256_matched.csv,results/summary/rtx3090_softmax_ex2_matrix_matrix60_p20_repro_v1_20260724_c058_mb20_ptx_f16_g48_s256_summary.csv,docs/results/rtx3090_softmax_ex2_matrix_matrix60_p20_repro_v1_20260724_c058_mb20_ptx_f16_g48_s256_ko.md,results/logs/rtx3090_softmax_ex2_matrix_matrix60_p20_repro_v1_20260724_c058_mb20_ptx_f16_g48_s256.log,be84754da506b4a08fd333d05f5a59a27596f4d0d3bb0ec603e796e3d7db1291,python3 scripts/run_softmax_operand_rate_atc.py --binary build-softmax/a100_fp16_softmax_energy --gpu-id 0 --target-profile rtx3090 --exp-impl ptx_f16 --softmax-cols 256 --blocks-per-sm 2 --grid-blocks-list 48 --control-mode probe --logit-scale 4.0 --seconds 13.0 --idle-measure-seconds 1.0 --pairs 6 --bracket-warmup-pairs 1 --execution-mode persistent_bracket --bracket-idle-policy batch_once --bracket-order counterbalanced6 --preheat-seconds 20.0 --preheat-actual-min-seconds 16.0 --preheat-actual-max-seconds 30.0 --conditions cache_reuse_candidate --cache-policy default --energy-trace 1 --energy-trace-sample-ms 500.0 --energy-trace-min-updates 16 --tag matrix60_p20_repro_v1_20260724_mb20_o058_ptx_f16_g48_s256 --out-dir results/raw --max-gpu-util-pct 10.0 --max-memory-util-pct 15.0 --quiescence-timeout-s 60.0 --quiescence-poll-s 1.0 --quiescence-consecutive-samples 2,5a3c72b418d042b8d91811287410f437d2a54e3ed2248a59320b20a4dbab4442,python3 scripts/analyze_softmax_probe_counterbalanced.py --input results/raw/rtx3090_fp16_softmax_operand_rate_atc_matrix60_p20_repro_v1_20260724_mb20_o058_ptx_f16_g48_s256_ptx_f16_raw.csv --energy-trace-input results/raw/rtx3090_fp16_softmax_operand_rate_atc_matrix60_p20_repro_v1_20260724_mb20_o058_ptx_f16_g48_s256_ptx_f16_raw_energy_trace.csv --manifest results/raw/rtx3090_fp16_softmax_operand_rate_atc_matrix60_p20_repro_v1_20260724_mb20_o058_ptx_f16_g48_s256_ptx_f16_manifest.csv --exp-impl ptx_f16 --grid-blocks 48 --triplet-out results/summary/rtx3090_softmax_ex2_matrix_matrix60_p20_repro_v1_20260724_c058_mb20_ptx_f16_g48_s256_triplets.csv --matched-out results/summary/rtx3090_softmax_ex2_matrix_matrix60_p20_repro_v1_20260724_c058_mb20_ptx_f16_g48_s256_matched.csv --summary-out results/summary/rtx3090_softmax_ex2_matrix_matrix60_p20_repro_v1_20260724_c058_mb20_ptx_f16_g48_s256_summary.csv --report-out docs/results/rtx3090_softmax_ex2_matrix_matrix60_p20_repro_v1_20260724_c058_mb20_ptx_f16_g48_s256_ko.md --decision-stage pilot --energy-trace-min-fit-points 16 --bootstrap-samples 4000 --seed 20319245
rtx3090_softmax_ex2_factorial_matrix_v1,matrix60_p20_repro_v1_20260724,sha256_ranked_macroblocks_stratified_balanced_impl_permutations_v2,20260723,59,20,mb20_g48_s256,2,ptx_f16>ptx_f16x2>fp32,c059_mb20_ptx_f16x2_g48_s256,matrix60_p20_repro_v1_20260724_mb20_o059_ptx_f16x2_g48_s256,ptx_f16x2,ptx_ex2_approx_f16x2,48,48,256,rtx3090,probe,2,4.0,cache_reuse_candidate,default,13.0,1.0,6,1,counterbalanced6,batch_once,500.0,16,20.0,16.0,30.0,build-softmax/a100_fp16_softmax_energy,eeda8c0a1df3628d04c5bf15a486ba3dd0fc43935fbc51a18505a1dffb409b66,scripts/run_softmax_operand_rate_atc.py,a64b58006b3abf237c7d0da5f3109a5422ee2891ae0748d33453a3148a64c23a,scripts/analyze_softmax_probe_counterbalanced.py,3c3695c92b215666065f2706ecdec7dd63a803bf024376ef3bf111665ec5faf5,scripts/analyze_softmax_operand_rate_atc.py,1222055375cff076ef165f71d3f738492be9e92d82f0289a94f368be82fecbdb,scripts/run_softmax_ex2_factorial_matrix.py,a985e33c279938f578cb2358ea6e4374216d58e226d7c6c809ec0741d6cb48ab,results/raw/rtx3090_fp16_softmax_operand_rate_atc_matrix60_p20_repro_v1_20260724_mb20_o059_ptx_f16x2_g48_s256_ptx_f16x2_raw.csv,results/raw/rtx3090_fp16_softmax_operand_rate_atc_matrix60_p20_repro_v1_20260724_mb20_o059_ptx_f16x2_g48_s256_ptx_f16x2_manifest.csv,results/raw/rtx3090_fp16_softmax_operand_rate_atc_matrix60_p20_repro_v1_20260724_mb20_o059_ptx_f16x2_g48_s256_ptx_f16x2_raw_energy_trace.csv,results/raw/rtx3090_fp16_softmax_operand_rate_atc_matrix60_p20_repro_v1_20260724_mb20_o059_ptx_f16x2_g48_s256_ptx_f16x2_cache_reuse_candidate_g48_preheat.csv,results/summary/rtx3090_softmax_ex2_matrix_matrix60_p20_repro_v1_20260724_c059_mb20_ptx_f16x2_g48_s256_triplets.csv,results/summary/rtx3090_softmax_ex2_matrix_matrix60_p20_repro_v1_20260724_c059_mb20_ptx_f16x2_g48_s256_matched.csv,results/summary/rtx3090_softmax_ex2_matrix_matrix60_p20_repro_v1_20260724_c059_mb20_ptx_f16x2_g48_s256_summary.csv,docs/results/rtx3090_softmax_ex2_matrix_matrix60_p20_repro_v1_20260724_c059_mb20_ptx_f16x2_g48_s256_ko.md,results/logs/rtx3090_softmax_ex2_matrix_matrix60_p20_repro_v1_20260724_c059_mb20_ptx_f16x2_g48_s256.log,d102aea967e1a7188b9a3698d88bf92a071e58db7bd192de07a4253aea32bf80,python3 scripts/run_softmax_operand_rate_atc.py --binary build-softmax/a100_fp16_softmax_energy --gpu-id 0 --target-profile rtx3090 --exp-impl ptx_f16x2 --softmax-cols 256 --blocks-per-sm 2 --grid-blocks-list 48 --control-mode probe --logit-scale 4.0 --seconds 13.0 --idle-measure-seconds 1.0 --pairs 6 --bracket-warmup-pairs 1 --execution-mode persistent_bracket --bracket-idle-policy batch_once --bracket-order counterbalanced6 --preheat-seconds 20.0 --preheat-actual-min-seconds 16.0 --preheat-actual-max-seconds 30.0 --conditions cache_reuse_candidate --cache-policy default --energy-trace 1 --energy-trace-sample-ms 500.0 --energy-trace-min-updates 16 --tag matrix60_p20_repro_v1_20260724_mb20_o059_ptx_f16x2_g48_s256 --out-dir results/raw --max-gpu-util-pct 10.0 --max-memory-util-pct 15.0 --quiescence-timeout-s 60.0 --quiescence-poll-s 1.0 --quiescence-consecutive-samples 2,414f7223f6372a739b5797b9c7b03e37f18fee89f006875b573d17995c0a7d15,python3 scripts/analyze_softmax_probe_counterbalanced.py --input results/raw/rtx3090_fp16_softmax_operand_rate_atc_matrix60_p20_repro_v1_20260724_mb20_o059_ptx_f16x2_g48_s256_ptx_f16x2_raw.csv --energy-trace-input results/raw/rtx3090_fp16_softmax_operand_rate_atc_matrix60_p20_repro_v1_20260724_mb20_o059_ptx_f16x2_g48_s256_ptx_f16x2_raw_energy_trace.csv --manifest results/raw/rtx3090_fp16_softmax_operand_rate_atc_matrix60_p20_repro_v1_20260724_mb20_o059_ptx_f16x2_g48_s256_ptx_f16x2_manifest.csv --exp-impl ptx_f16x2 --grid-blocks 48 --triplet-out results/summary/rtx3090_softmax_ex2_matrix_matrix60_p20_repro_v1_20260724_c059_mb20_ptx_f16x2_g48_s256_triplets.csv --matched-out results/summary/rtx3090_softmax_ex2_matrix_matrix60_p20_repro_v1_20260724_c059_mb20_ptx_f16x2_g48_s256_matched.csv --summary-out results/summary/rtx3090_softmax_ex2_matrix_matrix60_p20_repro_v1_20260724_c059_mb20_ptx_f16x2_g48_s256_summary.csv --report-out docs/results/rtx3090_softmax_ex2_matrix_matrix60_p20_repro_v1_20260724_c059_mb20_ptx_f16x2_g48_s256_ko.md --decision-stage pilot --energy-trace-min-fit-points 16 --bootstrap-samples 4000 --seed 20320254
rtx3090_softmax_ex2_factorial_matrix_v1,matrix60_p20_repro_v1_20260724,sha256_ranked_macroblocks_stratified_balanced_impl_permutations_v2,20260723,60,20,mb20_g48_s256,3,ptx_f16>ptx_f16x2>fp32,c060_mb20_fp32_g48_s256,matrix60_p20_repro_v1_20260724_mb20_o060_fp32_g48_s256,fp32,fp32_fast___expf,48,48,256,rtx3090,probe,2,4.0,cache_reuse_candidate,default,13.0,1.0,6,1,counterbalanced6,batch_once,500.0,16,20.0,16.0,30.0,build-softmax/a100_fp16_softmax_energy,eeda8c0a1df3628d04c5bf15a486ba3dd0fc43935fbc51a18505a1dffb409b66,scripts/run_softmax_operand_rate_atc.py,a64b58006b3abf237c7d0da5f3109a5422ee2891ae0748d33453a3148a64c23a,scripts/analyze_softmax_probe_counterbalanced.py,3c3695c92b215666065f2706ecdec7dd63a803bf024376ef3bf111665ec5faf5,scripts/analyze_softmax_operand_rate_atc.py,1222055375cff076ef165f71d3f738492be9e92d82f0289a94f368be82fecbdb,scripts/run_softmax_ex2_factorial_matrix.py,a985e33c279938f578cb2358ea6e4374216d58e226d7c6c809ec0741d6cb48ab,results/raw/rtx3090_fp16_softmax_operand_rate_atc_matrix60_p20_repro_v1_20260724_mb20_o060_fp32_g48_s256_raw.csv,results/raw/rtx3090_fp16_softmax_operand_rate_atc_matrix60_p20_repro_v1_20260724_mb20_o060_fp32_g48_s256_manifest.csv,results/raw/rtx3090_fp16_softmax_operand_rate_atc_matrix60_p20_repro_v1_20260724_mb20_o060_fp32_g48_s256_raw_energy_trace.csv,results/raw/rtx3090_fp16_softmax_operand_rate_atc_matrix60_p20_repro_v1_20260724_mb20_o060_fp32_g48_s256_cache_reuse_candidate_g48_preheat.csv,results/summary/rtx3090_softmax_ex2_matrix_matrix60_p20_repro_v1_20260724_c060_mb20_fp32_g48_s256_triplets.csv,results/summary/rtx3090_softmax_ex2_matrix_matrix60_p20_repro_v1_20260724_c060_mb20_fp32_g48_s256_matched.csv,results/summary/rtx3090_softmax_ex2_matrix_matrix60_p20_repro_v1_20260724_c060_mb20_fp32_g48_s256_summary.csv,docs/results/rtx3090_softmax_ex2_matrix_matrix60_p20_repro_v1_20260724_c060_mb20_fp32_g48_s256_ko.md,results/logs/rtx3090_softmax_ex2_matrix_matrix60_p20_repro_v1_20260724_c060_mb20_fp32_g48_s256.log,69a838548f4bbfe6dc16c89781fe739f6711249fbaeef7eeb388e4c9f0c44eea,python3 scripts/run_softmax_operand_rate_atc.py --binary build-softmax/a100_fp16_softmax_energy --gpu-id 0 --target-profile rtx3090 --exp-impl fp32 --softmax-cols 256 --blocks-per-sm 2 --grid-blocks-list 48 --control-mode probe --logit-scale 4.0 --seconds 13.0 --idle-measure-seconds 1.0 --pairs 6 --bracket-warmup-pairs 1 --execution-mode persistent_bracket --bracket-idle-policy batch_once --bracket-order counterbalanced6 --preheat-seconds 20.0 --preheat-actual-min-seconds 16.0 --preheat-actual-max-seconds 30.0 --conditions cache_reuse_candidate --cache-policy default --energy-trace 1 --energy-trace-sample-ms 500.0 --energy-trace-min-updates 16 --tag matrix60_p20_repro_v1_20260724_mb20_o060_fp32_g48_s256 --out-dir results/raw --max-gpu-util-pct 10.0 --max-memory-util-pct 15.0 --quiescence-timeout-s 60.0 --quiescence-poll-s 1.0 --quiescence-consecutive-samples 2,f43d30c84cba801daa0721bfa50d22a31564df84e7c29181c043ebcfe027d94f,python3 scripts/analyze_softmax_probe_counterbalanced.py --input results/raw/rtx3090_fp16_softmax_operand_rate_atc_matrix60_p20_repro_v1_20260724_mb20_o060_fp32_g48_s256_raw.csv --energy-trace-input results/raw/rtx3090_fp16_softmax_operand_rate_atc_matrix60_p20_repro_v1_20260724_mb20_o060_fp32_g48_s256_raw_energy_trace.csv --manifest results/raw/rtx3090_fp16_softmax_operand_rate_atc_matrix60_p20_repro_v1_20260724_mb20_o060_fp32_g48_s256_manifest.csv --exp-impl fp32 --grid-blocks 48 --triplet-out results/summary/rtx3090_softmax_ex2_matrix_matrix60_p20_repro_v1_20260724_c060_mb20_fp32_g48_s256_triplets.csv --matched-out results/summary/rtx3090_softmax_ex2_matrix_matrix60_p20_repro_v1_20260724_c060_mb20_fp32_g48_s256_matched.csv --summary-out results/summary/rtx3090_softmax_ex2_matrix_matrix60_p20_repro_v1_20260724_c060_mb20_fp32_g48_s256_summary.csv --report-out docs/results/rtx3090_softmax_ex2_matrix_matrix60_p20_repro_v1_20260724_c060_mb20_fp32_g48_s256_ko.md --decision-stage pilot --energy-trace-min-fit-points 16 --bootstrap-samples 4000 --seed 20321263
