component,rows,ncu_denominator_rows,expected_denominator_rows,unit,energy_source,energy_integration_method,measurement_scope,power_semantics,min,median,mean,max,stdev,q1,q3,iqr,mad,cv,relative_iqr,median_ci_low,median_ci_high,median_ci_relative_width,confidence_class,median_pJ_per_bit,min_pJ_per_bit,max_pJ_per_bit,median_pJ_per_bit_ci_low,median_pJ_per_bit_ci_high,median_pJ_per_bit_ci_relative_width
tensor_mma_increment,6,0,0,pJ/FLOP,nvml_total_energy,total_energy_mj_delta,gpu_device_total_energy_counter,one_sec_average,0.07775143565292086,0.12921553816052547,0.1169128105117493,0.14213431729240303,0.026174676746233427,0.0996148233362449,0.1323629710971086,0.0327481477608637,0.008157867063253,0.20256601581240502,0.25343815633210004,0.08414948815094397,0.13737340522377847,0.41190028560430564,medium,,,,,,
global_l1_hit_path,6,6,0,pJ/byte,nvml_total_energy,total_energy_mj_delta,gpu_device_total_energy_counter,one_sec_average,1.1987184962098283,1.387863853117116,1.3900072558956362,1.6209269299171996,0.15379949495919457,1.2878273162964646,1.4646074125215116,0.17678009622504698,0.1177329291776642,0.11081742248258993,0.12737567581142936,1.2266603842692216,1.5554975303005714,0.23693761120212745,medium,0.1734829816396395,0.14983981202622854,0.20261586623964994,0.1533325480336527,0.19443719128757142,0.23693761120212745
l2_hit_cg_path,6,6,0,pJ/byte,nvml_total_energy,total_energy_mj_delta,gpu_device_total_energy_counter,one_sec_average,6.48279142887485,9.048582200658185,8.927606400938894,11.019240028842912,1.8020729082387783,7.6665647285035226,10.332558281774991,2.665993553271469,1.690097163690297,0.19915527850403983,0.2946310807761184,6.887957769242084,10.846279232916412,0.4374521196686928,medium,1.131072775082273,0.8103489286093563,1.377405003605364,0.8609947211552605,1.3557849041145515,0.4374521196686928
shared_l1_scalar_path,6,6,0,pJ/byte,nvml_total_energy,total_energy_mj_delta,gpu_device_total_energy_counter,one_sec_average,0.878464003065473,1.3647160210490872,1.321495694632167,1.6843003704373665,0.307574868103701,1.120414039283551,1.5395272853849837,0.41911324610143263,0.245036942271594,0.2253764617398288,0.30710656256475327,0.9759079684449365,1.6238630944024774,0.47479117703875384,medium,0.1705895026311359,0.10980800038318413,0.2105375463046708,0.12198849605561707,0.20298288680030968,0.47479117703875384
