schema_version,experiment_kind,protocol_revision,session_id,stage,policy,cell_id,bracket_index,role_index,role_id,role,variant,run_id,sample_index,query_start_s,query_end_s,query_midpoint_s,query_latency_s,relative_to_kernel_start_s,energy_mJ,changed_from_previous,in_fit_window,binary_sha256
softmax_whole_stage_atc_trace_v1,softmax_whole_stage_operand_rate_atc,softmax_whole_stage_operand_rate_atc_v2,20260728_operand_rate_v2_final_exp_session03_CAB,exp,fp16x2,20260728_operand_rate_v2_final_exp_session03_CAB_exp_fp16x2,0,0,20260728_operand_rate_v2_final_exp_session03_CAB_exp_fp16x2_b0_r0_control,control,control,20260728_operand_rate_v2_final_exp_session03_CAB_exp_fp16x2_b0_r0_control_1785247197097,0,183937.51842247901,183937.51981142399,183937.5191169515,0.0013889449764974415,0.00072123651625588536,10556504810,false,false,5dff3859ad319cb37301e68cfc6fde00723e3a42110ca93adb44c05e97098167
softmax_whole_stage_atc_trace_v1,softmax_whole_stage_operand_rate_atc,softmax_whole_stage_operand_rate_atc_v2,20260728_operand_rate_v2_final_exp_session03_CAB,exp,fp16x2,20260728_operand_rate_v2_final_exp_session03_CAB_exp_fp16x2,0,0,20260728_operand_rate_v2_final_exp_session03_CAB_exp_fp16x2_b0_r0_control,control,control,20260728_operand_rate_v2_final_exp_session03_CAB_exp_fp16x2_b0_r0_control_1785247197097,1,183937.77049630301,183937.772027389,183937.77126184601,0.0015310859889723361,0.25286613102070987,10556542519,true,false,5dff3859ad319cb37301e68cfc6fde00723e3a42110ca93adb44c05e97098167
softmax_whole_stage_atc_trace_v1,softmax_whole_stage_operand_rate_atc,softmax_whole_stage_operand_rate_atc_v2,20260728_operand_rate_v2_final_exp_session03_CAB,exp,fp16x2,20260728_operand_rate_v2_final_exp_session03_CAB_exp_fp16x2,0,0,20260728_operand_rate_v2_final_exp_session03_CAB_exp_fp16x2_b0_r0_control,control,control,20260728_operand_rate_v2_final_exp_session03_CAB_exp_fp16x2_b0_r0_control_1785247197097,2,183938.022380362,183938.023779949,183938.02308015549,0.0013995869958307594,0.5046844405005686,10556609958,true,false,5dff3859ad319cb37301e68cfc6fde00723e3a42110ca93adb44c05e97098167
softmax_whole_stage_atc_trace_v1,softmax_whole_stage_operand_rate_atc,softmax_whole_stage_operand_rate_atc_v2,20260728_operand_rate_v2_final_exp_session03_CAB,exp,fp16x2,20260728_operand_rate_v2_final_exp_session03_CAB_exp_fp16x2,0,0,20260728_operand_rate_v2_final_exp_session03_CAB_exp_fp16x2_b0_r0_control,control,control,20260728_operand_rate_v2_final_exp_session03_CAB_exp_fp16x2_b0_r0_control_1785247197097,3,183938.27433027499,183938.27588348699,183938.27510688099,0.0015532120014540851,0.75671116600278765,10556654383,true,true,5dff3859ad319cb37301e68cfc6fde00723e3a42110ca93adb44c05e97098167
softmax_whole_stage_atc_trace_v1,softmax_whole_stage_operand_rate_atc,softmax_whole_stage_operand_rate_atc_v2,20260728_operand_rate_v2_final_exp_session03_CAB,exp,fp16x2,20260728_operand_rate_v2_final_exp_session03_CAB_exp_fp16x2,0,0,20260728_operand_rate_v2_final_exp_session03_CAB_exp_fp16x2_b0_r0_control,control,control,20260728_operand_rate_v2_final_exp_session03_CAB_exp_fp16x2_b0_r0_control_1785247197097,4,183938.52878401999,183938.530223963,183938.52950399148,0.0014399430074263364,1.0111082764924504,10556722599,true,true,5dff3859ad319cb37301e68cfc6fde00723e3a42110ca93adb44c05e97098167
softmax_whole_stage_atc_trace_v1,softmax_whole_stage_operand_rate_atc,softmax_whole_stage_operand_rate_atc_v2,20260728_operand_rate_v2_final_exp_session03_CAB,exp,fp16x2,20260728_operand_rate_v2_final_exp_session03_CAB_exp_fp16x2,0,0,20260728_operand_rate_v2_final_exp_session03_CAB_exp_fp16x2_b0_r0_control,control,control,20260728_operand_rate_v2_final_exp_session03_CAB_exp_fp16x2_b0_r0_control_1785247197097,5,183938.785746023,183938.787366776,183938.78655639949,0.0016207529988605529,1.2681606844998896,10556766991,true,true,5dff3859ad319cb37301e68cfc6fde00723e3a42110ca93adb44c05e97098167
softmax_whole_stage_atc_trace_v1,softmax_whole_stage_operand_rate_atc,softmax_whole_stage_operand_rate_atc_v2,20260728_operand_rate_v2_final_exp_session03_CAB,exp,fp16x2,20260728_operand_rate_v2_final_exp_session03_CAB_exp_fp16x2,0,0,20260728_operand_rate_v2_final_exp_session03_CAB_exp_fp16x2_b0_r0_control,control,control,20260728_operand_rate_v2_final_exp_session03_CAB_exp_fp16x2_b0_r0_control_1785247197097,6,183939.03846342801,183939.039981343,183939.0392223855,0.0015179149922914803,1.5208266705158167,10556810478,true,true,5dff3859ad319cb37301e68cfc6fde00723e3a42110ca93adb44c05e97098167
softmax_whole_stage_atc_trace_v1,softmax_whole_stage_operand_rate_atc,softmax_whole_stage_operand_rate_atc_v2,20260728_operand_rate_v2_final_exp_session03_CAB,exp,fp16x2,20260728_operand_rate_v2_final_exp_session03_CAB_exp_fp16x2,0,0,20260728_operand_rate_v2_final_exp_session03_CAB_exp_fp16x2_b0_r0_control,control,control,20260728_operand_rate_v2_final_exp_session03_CAB_exp_fp16x2_b0_r0_control_1785247197097,7,183939.292357675,183939.29382701599,183939.2930923455,0.0014693409902974963,1.7746966305130627,10556877564,true,true,5dff3859ad319cb37301e68cfc6fde00723e3a42110ca93adb44c05e97098167
softmax_whole_stage_atc_trace_v1,softmax_whole_stage_operand_rate_atc,softmax_whole_stage_operand_rate_atc_v2,20260728_operand_rate_v2_final_exp_session03_CAB,exp,fp16x2,20260728_operand_rate_v2_final_exp_session03_CAB_exp_fp16x2,0,0,20260728_operand_rate_v2_final_exp_session03_CAB_exp_fp16x2_b0_r0_control,control,control,20260728_operand_rate_v2_final_exp_session03_CAB_exp_fp16x2_b0_r0_control_1785247197097,8,183939.54642893901,183939.547809771,183939.547119355,0.0013808319927193224,2.0287236400181428,10556920806,true,true,5dff3859ad319cb37301e68cfc6fde00723e3a42110ca93adb44c05e97098167
softmax_whole_stage_atc_trace_v1,softmax_whole_stage_operand_rate_atc,softmax_whole_stage_operand_rate_atc_v2,20260728_operand_rate_v2_final_exp_session03_CAB,exp,fp16x2,20260728_operand_rate_v2_final_exp_session03_CAB_exp_fp16x2,0,0,20260728_operand_rate_v2_final_exp_session03_CAB_exp_fp16x2_b0_r0_control,control,control,20260728_operand_rate_v2_final_exp_session03_CAB_exp_fp16x2_b0_r0_control_1785247197097,9,183939.80298570101,183939.807774413,183939.80538005702,0.0047887119872029871,2.2869843420339748,10556987295,true,true,5dff3859ad319cb37301e68cfc6fde00723e3a42110ca93adb44c05e97098167
softmax_whole_stage_atc_trace_v1,softmax_whole_stage_operand_rate_atc,softmax_whole_stage_operand_rate_atc_v2,20260728_operand_rate_v2_final_exp_session03_CAB,exp,fp16x2,20260728_operand_rate_v2_final_exp_session03_CAB_exp_fp16x2,0,0,20260728_operand_rate_v2_final_exp_session03_CAB_exp_fp16x2_b0_r0_control,control,control,20260728_operand_rate_v2_final_exp_session03_CAB_exp_fp16x2_b0_r0_control_1785247197097,10,183940.058306194,183940.06062278899,183940.0594644915,0.0023165949969552457,2.5410687765106559,10557033350,true,true,5dff3859ad319cb37301e68cfc6fde00723e3a42110ca93adb44c05e97098167
softmax_whole_stage_atc_trace_v1,softmax_whole_stage_operand_rate_atc,softmax_whole_stage_operand_rate_atc_v2,20260728_operand_rate_v2_final_exp_session03_CAB,exp,fp16x2,20260728_operand_rate_v2_final_exp_session03_CAB_exp_fp16x2,0,0,20260728_operand_rate_v2_final_exp_session03_CAB_exp_fp16x2_b0_r0_control,control,control,20260728_operand_rate_v2_final_exp_session03_CAB_exp_fp16x2_b0_r0_control_1785247197097,11,183940.310761973,183940.31349666399,183940.31212931848,0.0027346909919288009,2.7937336034956388,10557102839,true,true,5dff3859ad319cb37301e68cfc6fde00723e3a42110ca93adb44c05e97098167
softmax_whole_stage_atc_trace_v1,softmax_whole_stage_operand_rate_atc,softmax_whole_stage_operand_rate_atc_v2,20260728_operand_rate_v2_final_exp_session03_CAB,exp,fp16x2,20260728_operand_rate_v2_final_exp_session03_CAB_exp_fp16x2,0,0,20260728_operand_rate_v2_final_exp_session03_CAB_exp_fp16x2_b0_r0_control,control,control,20260728_operand_rate_v2_final_exp_session03_CAB_exp_fp16x2_b0_r0_control_1785247197097,12,183940.56420609201,183940.56681650999,183940.56551130099,0.0026104179851245135,3.0471155859995633,10557148816,true,true,5dff3859ad319cb37301e68cfc6fde00723e3a42110ca93adb44c05e97098167
softmax_whole_stage_atc_trace_v1,softmax_whole_stage_operand_rate_atc,softmax_whole_stage_operand_rate_atc_v2,20260728_operand_rate_v2_final_exp_session03_CAB,exp,fp16x2,20260728_operand_rate_v2_final_exp_session03_CAB_exp_fp16x2,0,0,20260728_operand_rate_v2_final_exp_session03_CAB_exp_fp16x2_b0_r0_control,control,control,20260728_operand_rate_v2_final_exp_session03_CAB_exp_fp16x2_b0_r0_control_1785247197097,13,183940.81809180399,183940.81954930001,183940.818820552,0.0014574960223399103,3.3004248370125424,10557217432,true,true,5dff3859ad319cb37301e68cfc6fde00723e3a42110ca93adb44c05e97098167
softmax_whole_stage_atc_trace_v1,softmax_whole_stage_operand_rate_atc,softmax_whole_stage_operand_rate_atc_v2,20260728_operand_rate_v2_final_exp_session03_CAB,exp,fp16x2,20260728_operand_rate_v2_final_exp_session03_CAB_exp_fp16x2,0,0,20260728_operand_rate_v2_final_exp_session03_CAB_exp_fp16x2_b0_r0_control,control,control,20260728_operand_rate_v2_final_exp_session03_CAB_exp_fp16x2_b0_r0_control_1785247197097,14,183941.06970668101,183941.07211917799,183941.07091292948,0.0024124969786498696,3.5525172144989483,10557264216,true,true,5dff3859ad319cb37301e68cfc6fde00723e3a42110ca93adb44c05e97098167
softmax_whole_stage_atc_trace_v1,softmax_whole_stage_operand_rate_atc,softmax_whole_stage_operand_rate_atc_v2,20260728_operand_rate_v2_final_exp_session03_CAB,exp,fp16x2,20260728_operand_rate_v2_final_exp_session03_CAB_exp_fp16x2,0,0,20260728_operand_rate_v2_final_exp_session03_CAB_exp_fp16x2_b0_r0_control,control,control,20260728_operand_rate_v2_final_exp_session03_CAB_exp_fp16x2_b0_r0_control_1785247197097,15,183941.322271602,183941.32367921199,183941.32297540701,0.0014076099905651063,3.8045796920196153,10557309366,true,true,5dff3859ad319cb37301e68cfc6fde00723e3a42110ca93adb44c05e97098167
softmax_whole_stage_atc_trace_v1,softmax_whole_stage_operand_rate_atc,softmax_whole_stage_operand_rate_atc_v2,20260728_operand_rate_v2_final_exp_session03_CAB,exp,fp16x2,20260728_operand_rate_v2_final_exp_session03_CAB_exp_fp16x2,0,0,20260728_operand_rate_v2_final_exp_session03_CAB_exp_fp16x2_b0_r0_control,control,control,20260728_operand_rate_v2_final_exp_session03_CAB_exp_fp16x2_b0_r0_control_1785247197097,16,183941.574390389,183941.575796583,183941.575093486,0.0014061940019018948,4.0566977710113861,10557375883,true,true,5dff3859ad319cb37301e68cfc6fde00723e3a42110ca93adb44c05e97098167
softmax_whole_stage_atc_trace_v1,softmax_whole_stage_operand_rate_atc,softmax_whole_stage_operand_rate_atc_v2,20260728_operand_rate_v2_final_exp_session03_CAB,exp,fp16x2,20260728_operand_rate_v2_final_exp_session03_CAB_exp_fp16x2,0,0,20260728_operand_rate_v2_final_exp_session03_CAB_exp_fp16x2_b0_r0_control,control,control,20260728_operand_rate_v2_final_exp_session03_CAB_exp_fp16x2_b0_r0_control_1785247197097,17,183941.82710020899,183941.82846360101,183941.82778190501,0.0013633920170832425,4.3093861900269985,10557421463,true,true,5dff3859ad319cb37301e68cfc6fde00723e3a42110ca93adb44c05e97098167
softmax_whole_stage_atc_trace_v1,softmax_whole_stage_operand_rate_atc,softmax_whole_stage_operand_rate_atc_v2,20260728_operand_rate_v2_final_exp_session03_CAB,exp,fp16x2,20260728_operand_rate_v2_final_exp_session03_CAB_exp_fp16x2,0,0,20260728_operand_rate_v2_final_exp_session03_CAB_exp_fp16x2_b0_r0_control,control,control,20260728_operand_rate_v2_final_exp_session03_CAB_exp_fp16x2_b0_r0_control_1785247197097,18,183942.07862533399,183942.08022449099,183942.07942491249,0.0015991569962352514,4.5610291975026485,10557488357,true,true,5dff3859ad319cb37301e68cfc6fde00723e3a42110ca93adb44c05e97098167
softmax_whole_stage_atc_trace_v1,softmax_whole_stage_operand_rate_atc,softmax_whole_stage_operand_rate_atc_v2,20260728_operand_rate_v2_final_exp_session03_CAB,exp,fp16x2,20260728_operand_rate_v2_final_exp_session03_CAB_exp_fp16x2,0,0,20260728_operand_rate_v2_final_exp_session03_CAB_exp_fp16x2_b0_r0_control,control,control,20260728_operand_rate_v2_final_exp_session03_CAB_exp_fp16x2_b0_r0_control_1785247197097,19,183942.33041890699,183942.33180860701,183942.33111375698,0.0013897000171709806,4.8127180419978686,10557534345,true,true,5dff3859ad319cb37301e68cfc6fde00723e3a42110ca93adb44c05e97098167
softmax_whole_stage_atc_trace_v1,softmax_whole_stage_operand_rate_atc,softmax_whole_stage_operand_rate_atc_v2,20260728_operand_rate_v2_final_exp_session03_CAB,exp,fp16x2,20260728_operand_rate_v2_final_exp_session03_CAB_exp_fp16x2,0,0,20260728_operand_rate_v2_final_exp_session03_CAB_exp_fp16x2_b0_r0_control,control,control,20260728_operand_rate_v2_final_exp_session03_CAB_exp_fp16x2_b0_r0_control_1785247197097,20,183942.582499749,183942.58607255601,183942.5842861525,0.0035728070070035756,5.0658904375159182,10557601851,true,true,5dff3859ad319cb37301e68cfc6fde00723e3a42110ca93adb44c05e97098167
softmax_whole_stage_atc_trace_v1,softmax_whole_stage_operand_rate_atc,softmax_whole_stage_operand_rate_atc_v2,20260728_operand_rate_v2_final_exp_session03_CAB,exp,fp16x2,20260728_operand_rate_v2_final_exp_session03_CAB_exp_fp16x2,0,0,20260728_operand_rate_v2_final_exp_session03_CAB_exp_fp16x2_b0_r0_control,control,control,20260728_operand_rate_v2_final_exp_session03_CAB_exp_fp16x2_b0_r0_control_1785247197097,21,183942.83622416999,183942.837668511,183942.83694634051,0.0014443410036619753,5.3185506255249493,10557647909,true,true,5dff3859ad319cb37301e68cfc6fde00723e3a42110ca93adb44c05e97098167
softmax_whole_stage_atc_trace_v1,softmax_whole_stage_operand_rate_atc,softmax_whole_stage_operand_rate_atc_v2,20260728_operand_rate_v2_final_exp_session03_CAB,exp,fp16x2,20260728_operand_rate_v2_final_exp_session03_CAB_exp_fp16x2,0,0,20260728_operand_rate_v2_final_exp_session03_CAB_exp_fp16x2_b0_r0_control,control,control,20260728_operand_rate_v2_final_exp_session03_CAB_exp_fp16x2_b0_r0_control_1785247197097,22,183943.08789722901,183943.09173069301,183943.08981396101,0.003833463997580111,5.5714182460214943,10557715567,true,true,5dff3859ad319cb37301e68cfc6fde00723e3a42110ca93adb44c05e97098167
softmax_whole_stage_atc_trace_v1,softmax_whole_stage_operand_rate_atc,softmax_whole_stage_operand_rate_atc_v2,20260728_operand_rate_v2_final_exp_session03_CAB,exp,fp16x2,20260728_operand_rate_v2_final_exp_session03_CAB_exp_fp16x2,0,0,20260728_operand_rate_v2_final_exp_session03_CAB_exp_fp16x2_b0_r0_control,control,control,20260728_operand_rate_v2_final_exp_session03_CAB_exp_fp16x2_b0_r0_control_1785247197097,23,183943.341942108,183943.34337673601,183943.34265942202,0.0014346280077006668,5.8242637070361525,10557761720,true,true,5dff3859ad319cb37301e68cfc6fde00723e3a42110ca93adb44c05e97098167
softmax_whole_stage_atc_trace_v1,softmax_whole_stage_operand_rate_atc,softmax_whole_stage_operand_rate_atc_v2,20260728_operand_rate_v2_final_exp_session03_CAB,exp,fp16x2,20260728_operand_rate_v2_final_exp_session03_CAB_exp_fp16x2,0,0,20260728_operand_rate_v2_final_exp_session03_CAB_exp_fp16x2_b0_r0_control,control,control,20260728_operand_rate_v2_final_exp_session03_CAB_exp_fp16x2_b0_r0_control_1785247197097,24,183943.5935241,183943.597324779,183943.5954244395,0.0038006789982318878,6.0770287245104555,10557829332,true,true,5dff3859ad319cb37301e68cfc6fde00723e3a42110ca93adb44c05e97098167
softmax_whole_stage_atc_trace_v1,softmax_whole_stage_operand_rate_atc,softmax_whole_stage_operand_rate_atc_v2,20260728_operand_rate_v2_final_exp_session03_CAB,exp,fp16x2,20260728_operand_rate_v2_final_exp_session03_CAB_exp_fp16x2,0,0,20260728_operand_rate_v2_final_exp_session03_CAB_exp_fp16x2_b0_r0_control,control,control,20260728_operand_rate_v2_final_exp_session03_CAB_exp_fp16x2_b0_r0_control_1785247197097,25,183943.84746748899,183943.84887681901,183943.84817215399,0.0014093300269450992,6.3297764390008524,10557875542,true,true,5dff3859ad319cb37301e68cfc6fde00723e3a42110ca93adb44c05e97098167
softmax_whole_stage_atc_trace_v1,softmax_whole_stage_operand_rate_atc,softmax_whole_stage_operand_rate_atc_v2,20260728_operand_rate_v2_final_exp_session03_CAB,exp,fp16x2,20260728_operand_rate_v2_final_exp_session03_CAB_exp_fp16x2,0,0,20260728_operand_rate_v2_final_exp_session03_CAB_exp_fp16x2_b0_r0_control,control,control,20260728_operand_rate_v2_final_exp_session03_CAB_exp_fp16x2_b0_r0_control_1785247197097,26,183944.09907882399,183944.10321574801,183944.10114728601,0.0041369240207131952,6.582751571026165,10557943186,true,true,5dff3859ad319cb37301e68cfc6fde00723e3a42110ca93adb44c05e97098167
softmax_whole_stage_atc_trace_v1,softmax_whole_stage_operand_rate_atc,softmax_whole_stage_operand_rate_atc_v2,20260728_operand_rate_v2_final_exp_session03_CAB,exp,fp16x2,20260728_operand_rate_v2_final_exp_session03_CAB_exp_fp16x2,0,0,20260728_operand_rate_v2_final_exp_session03_CAB_exp_fp16x2_b0_r0_control,control,control,20260728_operand_rate_v2_final_exp_session03_CAB_exp_fp16x2_b0_r0_control_1785247197097,27,183944.35352180101,183944.354907737,183944.354214769,0.0013859359896741807,6.8358190540166106,10557989341,true,true,5dff3859ad319cb37301e68cfc6fde00723e3a42110ca93adb44c05e97098167
softmax_whole_stage_atc_trace_v1,softmax_whole_stage_operand_rate_atc,softmax_whole_stage_operand_rate_atc_v2,20260728_operand_rate_v2_final_exp_session03_CAB,exp,fp16x2,20260728_operand_rate_v2_final_exp_session03_CAB_exp_fp16x2,0,0,20260728_operand_rate_v2_final_exp_session03_CAB_exp_fp16x2_b0_r0_control,control,control,20260728_operand_rate_v2_final_exp_session03_CAB_exp_fp16x2_b0_r0_control_1785247197097,28,183944.60528801399,183944.60938219901,183944.6073351065,0.0040941850165836513,7.0889393915131222,10558056870,true,true,5dff3859ad319cb37301e68cfc6fde00723e3a42110ca93adb44c05e97098167
softmax_whole_stage_atc_trace_v1,softmax_whole_stage_operand_rate_atc,softmax_whole_stage_operand_rate_atc_v2,20260728_operand_rate_v2_final_exp_session03_CAB,exp,fp16x2,20260728_operand_rate_v2_final_exp_session03_CAB_exp_fp16x2,0,0,20260728_operand_rate_v2_final_exp_session03_CAB_exp_fp16x2_b0_r0_control,control,control,20260728_operand_rate_v2_final_exp_session03_CAB_exp_fp16x2_b0_r0_control_1785247197097,29,183944.85965407299,183944.86106959201,183944.86036183249,0.0014155190146993846,7.3419661174993962,10558102952,true,true,5dff3859ad319cb37301e68cfc6fde00723e3a42110ca93adb44c05e97098167
softmax_whole_stage_atc_trace_v1,softmax_whole_stage_operand_rate_atc,softmax_whole_stage_operand_rate_atc_v2,20260728_operand_rate_v2_final_exp_session03_CAB,exp,fp16x2,20260728_operand_rate_v2_final_exp_session03_CAB_exp_fp16x2,0,0,20260728_operand_rate_v2_final_exp_session03_CAB_exp_fp16x2_b0_r0_control,control,control,20260728_operand_rate_v2_final_exp_session03_CAB_exp_fp16x2_b0_r0_control_1785247197097,30,183945.111339339,183945.11586399499,183945.11360166699,0.0045246559893712401,7.5952059520059265,10558170514,true,true,5dff3859ad319cb37301e68cfc6fde00723e3a42110ca93adb44c05e97098167
softmax_whole_stage_atc_trace_v1,softmax_whole_stage_operand_rate_atc,softmax_whole_stage_operand_rate_atc_v2,20260728_operand_rate_v2_final_exp_session03_CAB,exp,fp16x2,20260728_operand_rate_v2_final_exp_session03_CAB_exp_fp16x2,0,0,20260728_operand_rate_v2_final_exp_session03_CAB_exp_fp16x2_b0_r0_control,control,control,20260728_operand_rate_v2_final_exp_session03_CAB_exp_fp16x2_b0_r0_control_1785247197097,31,183945.36623606601,183945.36768025599,183945.366958161,0.0014441899838857353,7.8485624460154213,10558216510,true,true,5dff3859ad319cb37301e68cfc6fde00723e3a42110ca93adb44c05e97098167
softmax_whole_stage_atc_trace_v1,softmax_whole_stage_operand_rate_atc,softmax_whole_stage_operand_rate_atc_v2,20260728_operand_rate_v2_final_exp_session03_CAB,exp,fp16x2,20260728_operand_rate_v2_final_exp_session03_CAB_exp_fp16x2,0,0,20260728_operand_rate_v2_final_exp_session03_CAB_exp_fp16x2_b0_r0_control,control,control,20260728_operand_rate_v2_final_exp_session03_CAB_exp_fp16x2_b0_r0_control_1785247197097,32,183945.618344508,183945.62218896099,183945.62026673451,0.0038444529927801341,8.1018710195203312,10558283959,true,true,5dff3859ad319cb37301e68cfc6fde00723e3a42110ca93adb44c05e97098167
softmax_whole_stage_atc_trace_v1,softmax_whole_stage_operand_rate_atc,softmax_whole_stage_operand_rate_atc_v2,20260728_operand_rate_v2_final_exp_session03_CAB,exp,fp16x2,20260728_operand_rate_v2_final_exp_session03_CAB_exp_fp16x2,0,0,20260728_operand_rate_v2_final_exp_session03_CAB_exp_fp16x2_b0_r0_control,control,control,20260728_operand_rate_v2_final_exp_session03_CAB_exp_fp16x2_b0_r0_control_1785247197097,33,183945.87260418999,183945.87398181899,183945.87329300449,0.0013776289997622371,8.3548972895077895,10558330026,true,true,5dff3859ad319cb37301e68cfc6fde00723e3a42110ca93adb44c05e97098167
softmax_whole_stage_atc_trace_v1,softmax_whole_stage_operand_rate_atc,softmax_whole_stage_operand_rate_atc_v2,20260728_operand_rate_v2_final_exp_session03_CAB,exp,fp16x2,20260728_operand_rate_v2_final_exp_session03_CAB_exp_fp16x2,0,0,20260728_operand_rate_v2_final_exp_session03_CAB_exp_fp16x2_b0_r0_control,control,control,20260728_operand_rate_v2_final_exp_session03_CAB_exp_fp16x2_b0_r0_control_1785247197097,34,183946.124379927,183946.12859112601,183946.1264855265,0.0042111990042030811,8.608089811517857,10558397545,true,true,5dff3859ad319cb37301e68cfc6fde00723e3a42110ca93adb44c05e97098167
softmax_whole_stage_atc_trace_v1,softmax_whole_stage_operand_rate_atc,softmax_whole_stage_operand_rate_atc_v2,20260728_operand_rate_v2_final_exp_session03_CAB,exp,fp16x2,20260728_operand_rate_v2_final_exp_session03_CAB_exp_fp16x2,0,0,20260728_operand_rate_v2_final_exp_session03_CAB_exp_fp16x2_b0_r0_control,control,control,20260728_operand_rate_v2_final_exp_session03_CAB_exp_fp16x2_b0_r0_control_1785247197097,35,183946.37912499101,183946.380590557,183946.37985777401,0.0014655659906566143,8.8614620590233244,10558443664,true,true,5dff3859ad319cb37301e68cfc6fde00723e3a42110ca93adb44c05e97098167
softmax_whole_stage_atc_trace_v1,softmax_whole_stage_operand_rate_atc,softmax_whole_stage_operand_rate_atc_v2,20260728_operand_rate_v2_final_exp_session03_CAB,exp,fp16x2,20260728_operand_rate_v2_final_exp_session03_CAB_exp_fp16x2,0,0,20260728_operand_rate_v2_final_exp_session03_CAB_exp_fp16x2_b0_r0_control,control,control,20260728_operand_rate_v2_final_exp_session03_CAB_exp_fp16x2_b0_r0_control_1785247197097,36,183946.631811717,183946.63501628899,183946.63341400301,0.0032045719854068011,9.1150182880228385,10558511314,true,true,5dff3859ad319cb37301e68cfc6fde00723e3a42110ca93adb44c05e97098167
softmax_whole_stage_atc_trace_v1,softmax_whole_stage_operand_rate_atc,softmax_whole_stage_operand_rate_atc_v2,20260728_operand_rate_v2_final_exp_session03_CAB,exp,fp16x2,20260728_operand_rate_v2_final_exp_session03_CAB_exp_fp16x2,0,0,20260728_operand_rate_v2_final_exp_session03_CAB_exp_fp16x2_b0_r0_control,control,control,20260728_operand_rate_v2_final_exp_session03_CAB_exp_fp16x2_b0_r0_control_1785247197097,37,183946.88554144101,183946.88695219799,183946.88624681951,0.0014107569877523929,9.3678511045291089,10558557544,true,true,5dff3859ad319cb37301e68cfc6fde00723e3a42110ca93adb44c05e97098167
softmax_whole_stage_atc_trace_v1,softmax_whole_stage_operand_rate_atc,softmax_whole_stage_operand_rate_atc_v2,20260728_operand_rate_v2_final_exp_session03_CAB,exp,fp16x2,20260728_operand_rate_v2_final_exp_session03_CAB_exp_fp16x2,0,0,20260728_operand_rate_v2_final_exp_session03_CAB_exp_fp16x2_b0_r0_control,control,control,20260728_operand_rate_v2_final_exp_session03_CAB_exp_fp16x2_b0_r0_control_1785247197097,38,183947.137465598,183947.141484205,183947.13947490149,0.0040186069963965565,9.6210791865014471,10558625309,true,true,5dff3859ad319cb37301e68cfc6fde00723e3a42110ca93adb44c05e97098167
softmax_whole_stage_atc_trace_v1,softmax_whole_stage_operand_rate_atc,softmax_whole_stage_operand_rate_atc_v2,20260728_operand_rate_v2_final_exp_session03_CAB,exp,fp16x2,20260728_operand_rate_v2_final_exp_session03_CAB_exp_fp16x2,0,0,20260728_operand_rate_v2_final_exp_session03_CAB_exp_fp16x2_b0_r0_control,control,control,20260728_operand_rate_v2_final_exp_session03_CAB_exp_fp16x2_b0_r0_control_1785247197097,39,183947.39205079299,183947.393417885,183947.392734339,0.0013670920161530375,9.8743386240093969,10558671571,true,true,5dff3859ad319cb37301e68cfc6fde00723e3a42110ca93adb44c05e97098167
softmax_whole_stage_atc_trace_v1,softmax_whole_stage_operand_rate_atc,softmax_whole_stage_operand_rate_atc_v2,20260728_operand_rate_v2_final_exp_session03_CAB,exp,fp16x2,20260728_operand_rate_v2_final_exp_session03_CAB_exp_fp16x2,0,0,20260728_operand_rate_v2_final_exp_session03_CAB_exp_fp16x2_b0_r0_control,control,control,20260728_operand_rate_v2_final_exp_session03_CAB_exp_fp16x2_b0_r0_control_1785247197097,40,183947.644697096,183947.647770774,183947.646233935,0.003073678002692759,10.127838220010744,10558739323,true,true,5dff3859ad319cb37301e68cfc6fde00723e3a42110ca93adb44c05e97098167
softmax_whole_stage_atc_trace_v1,softmax_whole_stage_operand_rate_atc,softmax_whole_stage_operand_rate_atc_v2,20260728_operand_rate_v2_final_exp_session03_CAB,exp,fp16x2,20260728_operand_rate_v2_final_exp_session03_CAB_exp_fp16x2,0,0,20260728_operand_rate_v2_final_exp_session03_CAB_exp_fp16x2_b0_r0_control,control,control,20260728_operand_rate_v2_final_exp_session03_CAB_exp_fp16x2_b0_r0_control_1785247197097,41,183947.898359549,183947.89975470499,183947.89905712701,0.0013951559958513826,10.380661412025802,10558785586,true,true,5dff3859ad319cb37301e68cfc6fde00723e3a42110ca93adb44c05e97098167
softmax_whole_stage_atc_trace_v1,softmax_whole_stage_operand_rate_atc,softmax_whole_stage_operand_rate_atc_v2,20260728_operand_rate_v2_final_exp_session03_CAB,exp,fp16x2,20260728_operand_rate_v2_final_exp_session03_CAB_exp_fp16x2,0,0,20260728_operand_rate_v2_final_exp_session03_CAB_exp_fp16x2_b0_r0_control,control,control,20260728_operand_rate_v2_final_exp_session03_CAB_exp_fp16x2_b0_r0_control_1785247197097,42,183948.15000722901,183948.1543013,183948.15215426451,0.0042940709972754121,10.63375854952028,10558853231,true,true,5dff3859ad319cb37301e68cfc6fde00723e3a42110ca93adb44c05e97098167
softmax_whole_stage_atc_trace_v1,softmax_whole_stage_operand_rate_atc,softmax_whole_stage_operand_rate_atc_v2,20260728_operand_rate_v2_final_exp_session03_CAB,exp,fp16x2,20260728_operand_rate_v2_final_exp_session03_CAB_exp_fp16x2,0,0,20260728_operand_rate_v2_final_exp_session03_CAB_exp_fp16x2_b0_r0_control,control,control,20260728_operand_rate_v2_final_exp_session03_CAB_exp_fp16x2_b0_r0_control_1785247197097,43,183948.404647132,183948.406058294,183948.40535271302,0.0014111619966570288,10.886956998030655,10558899305,true,true,5dff3859ad319cb37301e68cfc6fde00723e3a42110ca93adb44c05e97098167
softmax_whole_stage_atc_trace_v1,softmax_whole_stage_operand_rate_atc,softmax_whole_stage_operand_rate_atc_v2,20260728_operand_rate_v2_final_exp_session03_CAB,exp,fp16x2,20260728_operand_rate_v2_final_exp_session03_CAB_exp_fp16x2,0,0,20260728_operand_rate_v2_final_exp_session03_CAB_exp_fp16x2_b0_r0_control,control,control,20260728_operand_rate_v2_final_exp_session03_CAB_exp_fp16x2_b0_r0_control_1785247197097,44,183948.65739109801,183948.66069090299,183948.6590410005,0.0032998049864545465,11.140645285515347,10558966783,true,true,5dff3859ad319cb37301e68cfc6fde00723e3a42110ca93adb44c05e97098167
softmax_whole_stage_atc_trace_v1,softmax_whole_stage_operand_rate_atc,softmax_whole_stage_operand_rate_atc_v2,20260728_operand_rate_v2_final_exp_session03_CAB,exp,fp16x2,20260728_operand_rate_v2_final_exp_session03_CAB_exp_fp16x2,0,0,20260728_operand_rate_v2_final_exp_session03_CAB_exp_fp16x2_b0_r0_control,control,control,20260728_operand_rate_v2_final_exp_session03_CAB_exp_fp16x2_b0_r0_control_1785247197097,45,183948.91133357599,183948.91271748499,183948.91202553047,0.0013839089951943606,11.393629815487657,10559012771,true,true,5dff3859ad319cb37301e68cfc6fde00723e3a42110ca93adb44c05e97098167
softmax_whole_stage_atc_trace_v1,softmax_whole_stage_operand_rate_atc,softmax_whole_stage_operand_rate_atc_v2,20260728_operand_rate_v2_final_exp_session03_CAB,exp,fp16x2,20260728_operand_rate_v2_final_exp_session03_CAB_exp_fp16x2,0,0,20260728_operand_rate_v2_final_exp_session03_CAB_exp_fp16x2_b0_r0_control,control,control,20260728_operand_rate_v2_final_exp_session03_CAB_exp_fp16x2_b0_r0_control_1785247197097,46,183949.16336937799,183949.16708668499,183949.16522803149,0.0037173070013523102,11.646832316502696,10559080124,true,true,5dff3859ad319cb37301e68cfc6fde00723e3a42110ca93adb44c05e97098167
softmax_whole_stage_atc_trace_v1,softmax_whole_stage_operand_rate_atc,softmax_whole_stage_operand_rate_atc_v2,20260728_operand_rate_v2_final_exp_session03_CAB,exp,fp16x2,20260728_operand_rate_v2_final_exp_session03_CAB_exp_fp16x2,0,0,20260728_operand_rate_v2_final_exp_session03_CAB_exp_fp16x2_b0_r0_control,control,control,20260728_operand_rate_v2_final_exp_session03_CAB_exp_fp16x2_b0_r0_control_1785247197097,47,183949.41771659299,183949.419134442,183949.41842551751,0.0014178490091580898,11.900029802520294,10559126032,true,true,5dff3859ad319cb37301e68cfc6fde00723e3a42110ca93adb44c05e97098167
softmax_whole_stage_atc_trace_v1,softmax_whole_stage_operand_rate_atc,softmax_whole_stage_operand_rate_atc_v2,20260728_operand_rate_v2_final_exp_session03_CAB,exp,fp16x2,20260728_operand_rate_v2_final_exp_session03_CAB_exp_fp16x2,0,0,20260728_operand_rate_v2_final_exp_session03_CAB_exp_fp16x2_b0_r0_control,control,control,20260728_operand_rate_v2_final_exp_session03_CAB_exp_fp16x2_b0_r0_control_1785247197097,48,183949.66989493999,183949.673428874,183949.67166190699,0.0035339340101927519,12.153266192006413,10559193323,true,true,5dff3859ad319cb37301e68cfc6fde00723e3a42110ca93adb44c05e97098167
softmax_whole_stage_atc_trace_v1,softmax_whole_stage_operand_rate_atc,softmax_whole_stage_operand_rate_atc_v2,20260728_operand_rate_v2_final_exp_session03_CAB,exp,fp16x2,20260728_operand_rate_v2_final_exp_session03_CAB_exp_fp16x2,0,0,20260728_operand_rate_v2_final_exp_session03_CAB_exp_fp16x2_b0_r0_control,control,control,20260728_operand_rate_v2_final_exp_session03_CAB_exp_fp16x2_b0_r0_control_1785247197097,49,183949.923847447,183949.92522416401,183949.92453580551,0.0013767170021310449,12.40614009051933,10559239296,true,true,5dff3859ad319cb37301e68cfc6fde00723e3a42110ca93adb44c05e97098167
softmax_whole_stage_atc_trace_v1,softmax_whole_stage_operand_rate_atc,softmax_whole_stage_operand_rate_atc_v2,20260728_operand_rate_v2_final_exp_session03_CAB,exp,fp16x2,20260728_operand_rate_v2_final_exp_session03_CAB_exp_fp16x2,0,0,20260728_operand_rate_v2_final_exp_session03_CAB_exp_fp16x2_b0_r0_control,control,control,20260728_operand_rate_v2_final_exp_session03_CAB_exp_fp16x2_b0_r0_control_1785247197097,50,183950.175387433,183950.179841373,183950.17761440302,0.0044539399968925864,12.659218688029796,10559306757,true,true,5dff3859ad319cb37301e68cfc6fde00723e3a42110ca93adb44c05e97098167
softmax_whole_stage_atc_trace_v1,softmax_whole_stage_operand_rate_atc,softmax_whole_stage_operand_rate_atc_v2,20260728_operand_rate_v2_final_exp_session03_CAB,exp,fp16x2,20260728_operand_rate_v2_final_exp_session03_CAB_exp_fp16x2,0,0,20260728_operand_rate_v2_final_exp_session03_CAB_exp_fp16x2_b0_r0_control,control,control,20260728_operand_rate_v2_final_exp_session03_CAB_exp_fp16x2_b0_r0_control_1785247197097,51,183950.43027919499,183950.431620858,183950.43095002649,0.0013416630099527538,12.912554311507847,10559352778,true,true,5dff3859ad319cb37301e68cfc6fde00723e3a42110ca93adb44c05e97098167
softmax_whole_stage_atc_trace_v1,softmax_whole_stage_operand_rate_atc,softmax_whole_stage_operand_rate_atc_v2,20260728_operand_rate_v2_final_exp_session03_CAB,exp,fp16x2,20260728_operand_rate_v2_final_exp_session03_CAB_exp_fp16x2,0,0,20260728_operand_rate_v2_final_exp_session03_CAB_exp_fp16x2_b0_r0_control,control,control,20260728_operand_rate_v2_final_exp_session03_CAB_exp_fp16x2_b0_r0_control_1785247197097,52,183950.68252582601,183950.68619845499,183950.68436214048,0.0036726289836224169,13.165966425498482,10559420375,true,false,5dff3859ad319cb37301e68cfc6fde00723e3a42110ca93adb44c05e97098167
softmax_whole_stage_atc_trace_v1,softmax_whole_stage_operand_rate_atc,softmax_whole_stage_operand_rate_atc_v2,20260728_operand_rate_v2_final_exp_session03_CAB,exp,fp16x2,20260728_operand_rate_v2_final_exp_session03_CAB_exp_fp16x2,0,0,20260728_operand_rate_v2_final_exp_session03_CAB_exp_fp16x2_b0_r0_control,control,control,20260728_operand_rate_v2_final_exp_session03_CAB_exp_fp16x2_b0_r0_control_1785247197097,53,183950.93964329199,183950.94106509199,183950.94035419199,0.0014217999996617436,13.4219584770035,10559466568,true,false,5dff3859ad319cb37301e68cfc6fde00723e3a42110ca93adb44c05e97098167
softmax_whole_stage_atc_trace_v1,softmax_whole_stage_operand_rate_atc,softmax_whole_stage_operand_rate_atc_v2,20260728_operand_rate_v2_final_exp_session03_CAB,exp,fp16x2,20260728_operand_rate_v2_final_exp_session03_CAB_exp_fp16x2,0,0,20260728_operand_rate_v2_final_exp_session03_CAB_exp_fp16x2_b0_r0_control,control,control,20260728_operand_rate_v2_final_exp_session03_CAB_exp_fp16x2_b0_r0_control_1785247197097,54,183951.19435603701,183951.19675862999,183951.1955573335,0.0024025929742492735,13.677161618514219,10559529473,true,false,5dff3859ad319cb37301e68cfc6fde00723e3a42110ca93adb44c05e97098167
softmax_whole_stage_atc_trace_v1,softmax_whole_stage_operand_rate_atc,softmax_whole_stage_operand_rate_atc_v2,20260728_operand_rate_v2_final_exp_session03_CAB,exp,fp16x2,20260728_operand_rate_v2_final_exp_session03_CAB_exp_fp16x2,0,0,20260728_operand_rate_v2_final_exp_session03_CAB_exp_fp16x2_b0_r0_control,control,control,20260728_operand_rate_v2_final_exp_session03_CAB_exp_fp16x2_b0_r0_control_1785247197097,55,183951.196762176,183951.19843006099,183951.19759611849,0.0016678849933668971,13.67920040350873,10559529473,false,false,5dff3859ad319cb37301e68cfc6fde00723e3a42110ca93adb44c05e97098167
softmax_whole_stage_atc_trace_v1,softmax_whole_stage_operand_rate_atc,softmax_whole_stage_operand_rate_atc_v2,20260728_operand_rate_v2_final_exp_session03_CAB,exp,fp16x2,20260728_operand_rate_v2_final_exp_session03_CAB_exp_fp16x2,0,1,20260728_operand_rate_v2_final_exp_session03_CAB_exp_fp16x2_b0_r1_treatment,treatment,treatment,20260728_operand_rate_v2_final_exp_session03_CAB_exp_fp16x2_b0_r1_treatment_1785247211854,0,183952.25092514601,183952.25210065901,183952.2515129025,0.00117551299626939,0.00063111749477684498,10559665994,false,false,5dff3859ad319cb37301e68cfc6fde00723e3a42110ca93adb44c05e97098167
softmax_whole_stage_atc_trace_v1,softmax_whole_stage_operand_rate_atc,softmax_whole_stage_operand_rate_atc_v2,20260728_operand_rate_v2_final_exp_session03_CAB,exp,fp16x2,20260728_operand_rate_v2_final_exp_session03_CAB_exp_fp16x2,0,1,20260728_operand_rate_v2_final_exp_session03_CAB_exp_fp16x2_b0_r1_treatment,treatment,treatment,20260728_operand_rate_v2_final_exp_session03_CAB_exp_fp16x2_b0_r1_treatment_1785247211854,1,183952.50529438601,183952.50892977201,183952.50711207901,0.0036353860050439835,0.25623029400594532,10559723581,true,false,5dff3859ad319cb37301e68cfc6fde00723e3a42110ca93adb44c05e97098167
softmax_whole_stage_atc_trace_v1,softmax_whole_stage_operand_rate_atc,softmax_whole_stage_operand_rate_atc_v2,20260728_operand_rate_v2_final_exp_session03_CAB,exp,fp16x2,20260728_operand_rate_v2_final_exp_session03_CAB_exp_fp16x2,0,1,20260728_operand_rate_v2_final_exp_session03_CAB_exp_fp16x2_b0_r1_treatment,treatment,treatment,20260728_operand_rate_v2_final_exp_session03_CAB_exp_fp16x2_b0_r1_treatment_1785247211854,2,183952.76201264901,183952.763375843,183952.76269424602,0.0013631939946208149,0.51181246101623401,10559769600,true,false,5dff3859ad319cb37301e68cfc6fde00723e3a42110ca93adb44c05e97098167
softmax_whole_stage_atc_trace_v1,softmax_whole_stage_operand_rate_atc,softmax_whole_stage_operand_rate_atc_v2,20260728_operand_rate_v2_final_exp_session03_CAB,exp,fp16x2,20260728_operand_rate_v2_final_exp_session03_CAB_exp_fp16x2,0,1,20260728_operand_rate_v2_final_exp_session03_CAB_exp_fp16x2_b0_r1_treatment,treatment,treatment,20260728_operand_rate_v2_final_exp_session03_CAB_exp_fp16x2_b0_r1_treatment_1785247211854,3,183953.01649646001,183953.01892750501,183953.01771198251,0.0024310449953190982,0.7668301975063514,10559836482,true,true,5dff3859ad319cb37301e68cfc6fde00723e3a42110ca93adb44c05e97098167
softmax_whole_stage_atc_trace_v1,softmax_whole_stage_operand_rate_atc,softmax_whole_stage_operand_rate_atc_v2,20260728_operand_rate_v2_final_exp_session03_CAB,exp,fp16x2,20260728_operand_rate_v2_final_exp_session03_CAB_exp_fp16x2,0,1,20260728_operand_rate_v2_final_exp_session03_CAB_exp_fp16x2_b0_r1_treatment,treatment,treatment,20260728_operand_rate_v2_final_exp_session03_CAB_exp_fp16x2_b0_r1_treatment_1785247211854,4,183953.27198822299,183953.27332207499,183953.27265514899,0.0013338520075194538,1.0217733639874496,10559905305,true,true,5dff3859ad319cb37301e68cfc6fde00723e3a42110ca93adb44c05e97098167
softmax_whole_stage_atc_trace_v1,softmax_whole_stage_operand_rate_atc,softmax_whole_stage_operand_rate_atc_v2,20260728_operand_rate_v2_final_exp_session03_CAB,exp,fp16x2,20260728_operand_rate_v2_final_exp_session03_CAB_exp_fp16x2,0,1,20260728_operand_rate_v2_final_exp_session03_CAB_exp_fp16x2_b0_r1_treatment,treatment,treatment,20260728_operand_rate_v2_final_exp_session03_CAB_exp_fp16x2_b0_r1_treatment_1785247211854,5,183953.52640849299,183953.527977183,183953.527192838,0.0015686900005675852,1.2763110529922415,10559952031,true,true,5dff3859ad319cb37301e68cfc6fde00723e3a42110ca93adb44c05e97098167
softmax_whole_stage_atc_trace_v1,softmax_whole_stage_operand_rate_atc,softmax_whole_stage_operand_rate_atc_v2,20260728_operand_rate_v2_final_exp_session03_CAB,exp,fp16x2,20260728_operand_rate_v2_final_exp_session03_CAB_exp_fp16x2,0,1,20260728_operand_rate_v2_final_exp_session03_CAB_exp_fp16x2_b0_r1_treatment,treatment,treatment,20260728_operand_rate_v2_final_exp_session03_CAB_exp_fp16x2_b0_r1_treatment_1785247211854,6,183953.78109516899,183953.78402088099,183953.78255802498,0.0029257120040711015,1.5316762399743311,10560020039,true,true,5dff3859ad319cb37301e68cfc6fde00723e3a42110ca93adb44c05e97098167
softmax_whole_stage_atc_trace_v1,softmax_whole_stage_operand_rate_atc,softmax_whole_stage_operand_rate_atc_v2,20260728_operand_rate_v2_final_exp_session03_CAB,exp,fp16x2,20260728_operand_rate_v2_final_exp_session03_CAB_exp_fp16x2,0,1,20260728_operand_rate_v2_final_exp_session03_CAB_exp_fp16x2_b0_r1_treatment,treatment,treatment,20260728_operand_rate_v2_final_exp_session03_CAB_exp_fp16x2_b0_r1_treatment_1785247211854,7,183954.037114787,183954.03851015601,183954.03781247151,0.0013953690067864954,1.7869306865031831,10560066061,true,true,5dff3859ad319cb37301e68cfc6fde00723e3a42110ca93adb44c05e97098167
softmax_whole_stage_atc_trace_v1,softmax_whole_stage_operand_rate_atc,softmax_whole_stage_operand_rate_atc_v2,20260728_operand_rate_v2_final_exp_session03_CAB,exp,fp16x2,20260728_operand_rate_v2_final_exp_session03_CAB_exp_fp16x2,0,1,20260728_operand_rate_v2_final_exp_session03_CAB_exp_fp16x2_b0_r1_treatment,treatment,treatment,20260728_operand_rate_v2_final_exp_session03_CAB_exp_fp16x2_b0_r1_treatment_1785247211854,8,183954.291598699,183954.29299477601,183954.29229673749,0.0013960770156700164,2.0414149524876848,10560133036,true,true,5dff3859ad319cb37301e68cfc6fde00723e3a42110ca93adb44c05e97098167
softmax_whole_stage_atc_trace_v1,softmax_whole_stage_operand_rate_atc,softmax_whole_stage_operand_rate_atc_v2,20260728_operand_rate_v2_final_exp_session03_CAB,exp,fp16x2,20260728_operand_rate_v2_final_exp_session03_CAB_exp_fp16x2,0,1,20260728_operand_rate_v2_final_exp_session03_CAB_exp_fp16x2_b0_r1_treatment,treatment,treatment,20260728_operand_rate_v2_final_exp_session03_CAB_exp_fp16x2_b0_r1_treatment_1785247211854,9,183954.54611428,183954.54758088,183954.54684758,0.0014665999915450811,2.2959657949977554,10560178375,true,true,5dff3859ad319cb37301e68cfc6fde00723e3a42110ca93adb44c05e97098167
softmax_whole_stage_atc_trace_v1,softmax_whole_stage_operand_rate_atc,softmax_whole_stage_operand_rate_atc_v2,20260728_operand_rate_v2_final_exp_session03_CAB,exp,fp16x2,20260728_operand_rate_v2_final_exp_session03_CAB_exp_fp16x2,0,1,20260728_operand_rate_v2_final_exp_session03_CAB_exp_fp16x2_b0_r1_treatment,treatment,treatment,20260728_operand_rate_v2_final_exp_session03_CAB_exp_fp16x2_b0_r1_treatment_1785247211854,10,183954.80065009699,183954.80205517999,183954.80135263849,0.0014050829922780395,2.5504708534863312,10560244710,true,true,5dff3859ad319cb37301e68cfc6fde00723e3a42110ca93adb44c05e97098167
softmax_whole_stage_atc_trace_v1,softmax_whole_stage_operand_rate_atc,softmax_whole_stage_operand_rate_atc_v2,20260728_operand_rate_v2_final_exp_session03_CAB,exp,fp16x2,20260728_operand_rate_v2_final_exp_session03_CAB_exp_fp16x2,0,1,20260728_operand_rate_v2_final_exp_session03_CAB_exp_fp16x2_b0_r1_treatment,treatment,treatment,20260728_operand_rate_v2_final_exp_session03_CAB_exp_fp16x2_b0_r1_treatment_1785247211854,11,183955.05486638899,183955.05818710601,183955.0565267475,0.0033207170199602842,2.8056449625000823,10560289382,true,true,5dff3859ad319cb37301e68cfc6fde00723e3a42110ca93adb44c05e97098167
softmax_whole_stage_atc_trace_v1,softmax_whole_stage_operand_rate_atc,softmax_whole_stage_operand_rate_atc_v2,20260728_operand_rate_v2_final_exp_session03_CAB,exp,fp16x2,20260728_operand_rate_v2_final_exp_session03_CAB_exp_fp16x2,0,1,20260728_operand_rate_v2_final_exp_session03_CAB_exp_fp16x2_b0_r1_treatment,treatment,treatment,20260728_operand_rate_v2_final_exp_session03_CAB_exp_fp16x2_b0_r1_treatment_1785247211854,12,183955.311314502,183955.31274639699,183955.31203044951,0.0014318949833977968,3.0611486645066179,10560359504,true,true,5dff3859ad319cb37301e68cfc6fde00723e3a42110ca93adb44c05e97098167
softmax_whole_stage_atc_trace_v1,softmax_whole_stage_operand_rate_atc,softmax_whole_stage_operand_rate_atc_v2,20260728_operand_rate_v2_final_exp_session03_CAB,exp,fp16x2,20260728_operand_rate_v2_final_exp_session03_CAB_exp_fp16x2,0,1,20260728_operand_rate_v2_final_exp_session03_CAB_exp_fp16x2_b0_r1_treatment,treatment,treatment,20260728_operand_rate_v2_final_exp_session03_CAB_exp_fp16x2_b0_r1_treatment_1785247211854,13,183955.56579011801,183955.567149568,183955.566469843,0.0013594499905593693,3.3155880580015946,10560403078,true,true,5dff3859ad319cb37301e68cfc6fde00723e3a42110ca93adb44c05e97098167
softmax_whole_stage_atc_trace_v1,softmax_whole_stage_operand_rate_atc,softmax_whole_stage_operand_rate_atc_v2,20260728_operand_rate_v2_final_exp_session03_CAB,exp,fp16x2,20260728_operand_rate_v2_final_exp_session03_CAB_exp_fp16x2,0,1,20260728_operand_rate_v2_final_exp_session03_CAB_exp_fp16x2_b0_r1_treatment,treatment,treatment,20260728_operand_rate_v2_final_exp_session03_CAB_exp_fp16x2_b0_r1_treatment_1785247211854,14,183955.82023436701,183955.82156235099,183955.820898359,0.0013279839768074453,3.5700165739981458,10560472446,true,true,5dff3859ad319cb37301e68cfc6fde00723e3a42110ca93adb44c05e97098167
softmax_whole_stage_atc_trace_v1,softmax_whole_stage_operand_rate_atc,softmax_whole_stage_operand_rate_atc_v2,20260728_operand_rate_v2_final_exp_session03_CAB,exp,fp16x2,20260728_operand_rate_v2_final_exp_session03_CAB_exp_fp16x2,0,1,20260728_operand_rate_v2_final_exp_session03_CAB_exp_fp16x2_b0_r1_treatment,treatment,treatment,20260728_operand_rate_v2_final_exp_session03_CAB_exp_fp16x2_b0_r1_treatment_1785247211854,15,183956.07468792499,183956.07610393499,183956.07539592998,0.0014160099963191897,3.8245141449733637,10560515287,true,true,5dff3859ad319cb37301e68cfc6fde00723e3a42110ca93adb44c05e97098167
softmax_whole_stage_atc_trace_v1,softmax_whole_stage_operand_rate_atc,softmax_whole_stage_operand_rate_atc_v2,20260728_operand_rate_v2_final_exp_session03_CAB,exp,fp16x2,20260728_operand_rate_v2_final_exp_session03_CAB_exp_fp16x2,0,1,20260728_operand_rate_v2_final_exp_session03_CAB_exp_fp16x2_b0_r1_treatment,treatment,treatment,20260728_operand_rate_v2_final_exp_session03_CAB_exp_fp16x2_b0_r1_treatment_1785247211854,16,183956.32822509899,183956.33222635099,183956.33022572499,0.0040012520039454103,4.0793439399858471,10560583774,true,true,5dff3859ad319cb37301e68cfc6fde00723e3a42110ca93adb44c05e97098167
softmax_whole_stage_atc_trace_v1,softmax_whole_stage_operand_rate_atc,softmax_whole_stage_operand_rate_atc_v2,20260728_operand_rate_v2_final_exp_session03_CAB,exp,fp16x2,20260728_operand_rate_v2_final_exp_session03_CAB_exp_fp16x2,0,1,20260728_operand_rate_v2_final_exp_session03_CAB_exp_fp16x2_b0_r1_treatment,treatment,treatment,20260728_operand_rate_v2_final_exp_session03_CAB_exp_fp16x2_b0_r1_treatment_1785247211854,17,183956.58530852001,183956.586707329,183956.58600792452,0.00139880899223499,4.3351261395146139,10560630102,true,true,5dff3859ad319cb37301e68cfc6fde00723e3a42110ca93adb44c05e97098167
softmax_whole_stage_atc_trace_v1,softmax_whole_stage_operand_rate_atc,softmax_whole_stage_operand_rate_atc_v2,20260728_operand_rate_v2_final_exp_session03_CAB,exp,fp16x2,20260728_operand_rate_v2_final_exp_session03_CAB_exp_fp16x2,0,1,20260728_operand_rate_v2_final_exp_session03_CAB_exp_fp16x2_b0_r1_treatment,treatment,treatment,20260728_operand_rate_v2_final_exp_session03_CAB_exp_fp16x2_b0_r1_treatment_1785247211854,18,183956.83981266801,183956.84120206701,183956.84050736751,0.0013893989962525666,4.5896255825064145,10560697334,true,true,5dff3859ad319cb37301e68cfc6fde00723e3a42110ca93adb44c05e97098167
softmax_whole_stage_atc_trace_v1,softmax_whole_stage_operand_rate_atc,softmax_whole_stage_operand_rate_atc_v2,20260728_operand_rate_v2_final_exp_session03_CAB,exp,fp16x2,20260728_operand_rate_v2_final_exp_session03_CAB_exp_fp16x2,0,1,20260728_operand_rate_v2_final_exp_session03_CAB_exp_fp16x2_b0_r1_treatment,treatment,treatment,20260728_operand_rate_v2_final_exp_session03_CAB_exp_fp16x2_b0_r1_treatment_1785247211854,19,183957.09433462299,183957.09574000901,183957.095037316,0.001405386021360755,4.8441555309982505,10560742783,true,true,5dff3859ad319cb37301e68cfc6fde00723e3a42110ca93adb44c05e97098167
softmax_whole_stage_atc_trace_v1,softmax_whole_stage_operand_rate_atc,softmax_whole_stage_operand_rate_atc_v2,20260728_operand_rate_v2_final_exp_session03_CAB,exp,fp16x2,20260728_operand_rate_v2_final_exp_session03_CAB_exp_fp16x2,0,1,20260728_operand_rate_v2_final_exp_session03_CAB_exp_fp16x2_b0_r1_treatment,treatment,treatment,20260728_operand_rate_v2_final_exp_session03_CAB_exp_fp16x2_b0_r1_treatment_1785247211854,20,183957.34882430299,183957.350252656,183957.3495384795,0.0014283530181273818,5.0986566944920924,10560809181,true,true,5dff3859ad319cb37301e68cfc6fde00723e3a42110ca93adb44c05e97098167
softmax_whole_stage_atc_trace_v1,softmax_whole_stage_operand_rate_atc,softmax_whole_stage_operand_rate_atc_v2,20260728_operand_rate_v2_final_exp_session03_CAB,exp,fp16x2,20260728_operand_rate_v2_final_exp_session03_CAB_exp_fp16x2,0,1,20260728_operand_rate_v2_final_exp_session03_CAB_exp_fp16x2_b0_r1_treatment,treatment,treatment,20260728_operand_rate_v2_final_exp_session03_CAB_exp_fp16x2_b0_r1_treatment_1785247211854,21,183957.603285146,183957.606695205,183957.60499017552,0.0034100589982699603,5.3541083905147389,10560853858,true,true,5dff3859ad319cb37301e68cfc6fde00723e3a42110ca93adb44c05e97098167
softmax_whole_stage_atc_trace_v1,softmax_whole_stage_operand_rate_atc,softmax_whole_stage_operand_rate_atc_v2,20260728_operand_rate_v2_final_exp_session03_CAB,exp,fp16x2,20260728_operand_rate_v2_final_exp_session03_CAB_exp_fp16x2,0,1,20260728_operand_rate_v2_final_exp_session03_CAB_exp_fp16x2_b0_r1_treatment,treatment,treatment,20260728_operand_rate_v2_final_exp_session03_CAB_exp_fp16x2_b0_r1_treatment_1785247211854,22,183957.859842128,183957.86128424201,183957.86056318501,0.0014421140076592565,5.6096814000047743,10560923605,true,true,5dff3859ad319cb37301e68cfc6fde00723e3a42110ca93adb44c05e97098167
softmax_whole_stage_atc_trace_v1,softmax_whole_stage_operand_rate_atc,softmax_whole_stage_operand_rate_atc_v2,20260728_operand_rate_v2_final_exp_session03_CAB,exp,fp16x2,20260728_operand_rate_v2_final_exp_session03_CAB_exp_fp16x2,0,1,20260728_operand_rate_v2_final_exp_session03_CAB_exp_fp16x2_b0_r1_treatment,treatment,treatment,20260728_operand_rate_v2_final_exp_session03_CAB_exp_fp16x2_b0_r1_treatment_1785247211854,23,183958.11440799601,183958.115769672,183958.11508883402,0.0013616759970318526,5.8642070490168408,10560967000,true,true,5dff3859ad319cb37301e68cfc6fde00723e3a42110ca93adb44c05e97098167
softmax_whole_stage_atc_trace_v1,softmax_whole_stage_operand_rate_atc,softmax_whole_stage_operand_rate_atc_v2,20260728_operand_rate_v2_final_exp_session03_CAB,exp,fp16x2,20260728_operand_rate_v2_final_exp_session03_CAB_exp_fp16x2,0,1,20260728_operand_rate_v2_final_exp_session03_CAB_exp_fp16x2_b0_r1_treatment,treatment,treatment,20260728_operand_rate_v2_final_exp_session03_CAB_exp_fp16x2_b0_r1_treatment_1785247211854,24,183958.36883140201,183958.370183972,183958.36950768699,0.0013525699905585498,6.1186259019887075,10561036150,true,true,5dff3859ad319cb37301e68cfc6fde00723e3a42110ca93adb44c05e97098167
softmax_whole_stage_atc_trace_v1,softmax_whole_stage_operand_rate_atc,softmax_whole_stage_operand_rate_atc_v2,20260728_operand_rate_v2_final_exp_session03_CAB,exp,fp16x2,20260728_operand_rate_v2_final_exp_session03_CAB_exp_fp16x2,0,1,20260728_operand_rate_v2_final_exp_session03_CAB_exp_fp16x2_b0_r1_treatment,treatment,treatment,20260728_operand_rate_v2_final_exp_session03_CAB_exp_fp16x2_b0_r1_treatment_1785247211854,25,183958.623254101,183958.62463439399,183958.62394424749,0.0013802929897792637,6.3730624624877237,10561078959,true,true,5dff3859ad319cb37301e68cfc6fde00723e3a42110ca93adb44c05e97098167
softmax_whole_stage_atc_trace_v1,softmax_whole_stage_operand_rate_atc,softmax_whole_stage_operand_rate_atc_v2,20260728_operand_rate_v2_final_exp_session03_CAB,exp,fp16x2,20260728_operand_rate_v2_final_exp_session03_CAB_exp_fp16x2,0,1,20260728_operand_rate_v2_final_exp_session03_CAB_exp_fp16x2_b0_r1_treatment,treatment,treatment,20260728_operand_rate_v2_final_exp_session03_CAB_exp_fp16x2_b0_r1_treatment_1785247211854,26,183958.87775915899,183958.88144230199,183958.87960073049,0.003683143004309386,6.6287189454887994,10561147415,true,true,5dff3859ad319cb37301e68cfc6fde00723e3a42110ca93adb44c05e97098167
softmax_whole_stage_atc_trace_v1,softmax_whole_stage_operand_rate_atc,softmax_whole_stage_operand_rate_atc_v2,20260728_operand_rate_v2_final_exp_session03_CAB,exp,fp16x2,20260728_operand_rate_v2_final_exp_session03_CAB_exp_fp16x2,0,1,20260728_operand_rate_v2_final_exp_session03_CAB_exp_fp16x2_b0_r1_treatment,treatment,treatment,20260728_operand_rate_v2_final_exp_session03_CAB_exp_fp16x2_b0_r1_treatment_1785247211854,27,183959.13453175599,183959.13588989101,183959.1352108235,0.0013581350212916732,6.8843290384975262,10561193742,true,true,5dff3859ad319cb37301e68cfc6fde00723e3a42110ca93adb44c05e97098167
softmax_whole_stage_atc_trace_v1,softmax_whole_stage_operand_rate_atc,softmax_whole_stage_operand_rate_atc_v2,20260728_operand_rate_v2_final_exp_session03_CAB,exp,fp16x2,20260728_operand_rate_v2_final_exp_session03_CAB_exp_fp16x2,0,1,20260728_operand_rate_v2_final_exp_session03_CAB_exp_fp16x2_b0_r1_treatment,treatment,treatment,20260728_operand_rate_v2_final_exp_session03_CAB_exp_fp16x2_b0_r1_treatment_1785247211854,28,183959.38900868699,183959.39169854901,183959.39035361802,0.0026898620126303285,7.1394718330120668,10561261028,true,true,5dff3859ad319cb37301e68cfc6fde00723e3a42110ca93adb44c05e97098167
softmax_whole_stage_atc_trace_v1,softmax_whole_stage_operand_rate_atc,softmax_whole_stage_operand_rate_atc_v2,20260728_operand_rate_v2_final_exp_session03_CAB,exp,fp16x2,20260728_operand_rate_v2_final_exp_session03_CAB_exp_fp16x2,0,1,20260728_operand_rate_v2_final_exp_session03_CAB_exp_fp16x2_b0_r1_treatment,treatment,treatment,20260728_operand_rate_v2_final_exp_session03_CAB_exp_fp16x2_b0_r1_treatment_1785247211854,29,183959.64478142501,183959.65054978101,183959.64766560303,0.005768356000771746,7.396783818025142,10561330169,true,true,5dff3859ad319cb37301e68cfc6fde00723e3a42110ca93adb44c05e97098167
softmax_whole_stage_atc_trace_v1,softmax_whole_stage_operand_rate_atc,softmax_whole_stage_operand_rate_atc_v2,20260728_operand_rate_v2_final_exp_session03_CAB,exp,fp16x2,20260728_operand_rate_v2_final_exp_session03_CAB_exp_fp16x2,0,1,20260728_operand_rate_v2_final_exp_session03_CAB_exp_fp16x2_b0_r1_treatment,treatment,treatment,20260728_operand_rate_v2_final_exp_session03_CAB_exp_fp16x2_b0_r1_treatment_1785247211854,30,183959.90367535499,183959.905082866,183959.90437911049,0.0014075110084377229,7.6534973254892975,10561376552,true,true,5dff3859ad319cb37301e68cfc6fde00723e3a42110ca93adb44c05e97098167
softmax_whole_stage_atc_trace_v1,softmax_whole_stage_operand_rate_atc,softmax_whole_stage_operand_rate_atc_v2,20260728_operand_rate_v2_final_exp_session03_CAB,exp,fp16x2,20260728_operand_rate_v2_final_exp_session03_CAB_exp_fp16x2,0,1,20260728_operand_rate_v2_final_exp_session03_CAB_exp_fp16x2_b0_r1_treatment,treatment,treatment,20260728_operand_rate_v2_final_exp_session03_CAB_exp_fp16x2_b0_r1_treatment_1785247211854,31,183960.157058129,183960.15845117101,183960.15775464999,0.0013930420100223273,7.9068728649872355,10561443850,true,true,5dff3859ad319cb37301e68cfc6fde00723e3a42110ca93adb44c05e97098167
softmax_whole_stage_atc_trace_v1,softmax_whole_stage_operand_rate_atc,softmax_whole_stage_operand_rate_atc_v2,20260728_operand_rate_v2_final_exp_session03_CAB,exp,fp16x2,20260728_operand_rate_v2_final_exp_session03_CAB_exp_fp16x2,0,1,20260728_operand_rate_v2_final_exp_session03_CAB_exp_fp16x2_b0_r1_treatment,treatment,treatment,20260728_operand_rate_v2_final_exp_session03_CAB_exp_fp16x2_b0_r1_treatment_1785247211854,32,183960.40895760799,183960.41049159301,183960.4097246005,0.0015339850215241313,8.1588428154936992,10561489628,true,true,5dff3859ad319cb37301e68cfc6fde00723e3a42110ca93adb44c05e97098167
softmax_whole_stage_atc_trace_v1,softmax_whole_stage_operand_rate_atc,softmax_whole_stage_operand_rate_atc_v2,20260728_operand_rate_v2_final_exp_session03_CAB,exp,fp16x2,20260728_operand_rate_v2_final_exp_session03_CAB_exp_fp16x2,0,1,20260728_operand_rate_v2_final_exp_session03_CAB_exp_fp16x2_b0_r1_treatment,treatment,treatment,20260728_operand_rate_v2_final_exp_session03_CAB_exp_fp16x2_b0_r1_treatment_1785247211854,33,183960.66081499701,183960.66222109101,183960.66151804401,0.0014060940011404455,8.4106362590100616,10561556776,true,true,5dff3859ad319cb37301e68cfc6fde00723e3a42110ca93adb44c05e97098167
softmax_whole_stage_atc_trace_v1,softmax_whole_stage_operand_rate_atc,softmax_whole_stage_operand_rate_atc_v2,20260728_operand_rate_v2_final_exp_session03_CAB,exp,fp16x2,20260728_operand_rate_v2_final_exp_session03_CAB_exp_fp16x2,0,1,20260728_operand_rate_v2_final_exp_session03_CAB_exp_fp16x2_b0_r1_treatment,treatment,treatment,20260728_operand_rate_v2_final_exp_session03_CAB_exp_fp16x2_b0_r1_treatment_1785247211854,34,183960.912549097,183960.91396723199,183960.91325816448,0.0014181349833961576,8.6623763794777915,10561602920,true,true,5dff3859ad319cb37301e68cfc6fde00723e3a42110ca93adb44c05e97098167
softmax_whole_stage_atc_trace_v1,softmax_whole_stage_operand_rate_atc,softmax_whole_stage_operand_rate_atc_v2,20260728_operand_rate_v2_final_exp_session03_CAB,exp,fp16x2,20260728_operand_rate_v2_final_exp_session03_CAB_exp_fp16x2,0,1,20260728_operand_rate_v2_final_exp_session03_CAB_exp_fp16x2_b0_r1_treatment,treatment,treatment,20260728_operand_rate_v2_final_exp_session03_CAB_exp_fp16x2_b0_r1_treatment_1785247211854,35,183961.16421370901,183961.165568333,183961.16489102101,0.0013546239933930337,8.9140092360030394,10561670484,true,true,5dff3859ad319cb37301e68cfc6fde00723e3a42110ca93adb44c05e97098167
softmax_whole_stage_atc_trace_v1,softmax_whole_stage_operand_rate_atc,softmax_whole_stage_operand_rate_atc_v2,20260728_operand_rate_v2_final_exp_session03_CAB,exp,fp16x2,20260728_operand_rate_v2_final_exp_session03_CAB_exp_fp16x2,0,1,20260728_operand_rate_v2_final_exp_session03_CAB_exp_fp16x2_b0_r1_treatment,treatment,treatment,20260728_operand_rate_v2_final_exp_session03_CAB_exp_fp16x2_b0_r1_treatment_1785247211854,36,183961.41583588001,183961.417305888,183961.416570884,0.0014700079918839037,9.1656890989979729,10561716456,true,true,5dff3859ad319cb37301e68cfc6fde00723e3a42110ca93adb44c05e97098167
softmax_whole_stage_atc_trace_v1,softmax_whole_stage_operand_rate_atc,softmax_whole_stage_operand_rate_atc_v2,20260728_operand_rate_v2_final_exp_session03_CAB,exp,fp16x2,20260728_operand_rate_v2_final_exp_session03_CAB_exp_fp16x2,0,1,20260728_operand_rate_v2_final_exp_session03_CAB_exp_fp16x2_b0_r1_treatment,treatment,treatment,20260728_operand_rate_v2_final_exp_session03_CAB_exp_fp16x2_b0_r1_treatment_1785247211854,37,183961.667553067,183961.66890578499,183961.668229426,0.0013527179835364223,9.4173476409923751,10561783404,true,true,5dff3859ad319cb37301e68cfc6fde00723e3a42110ca93adb44c05e97098167
softmax_whole_stage_atc_trace_v1,softmax_whole_stage_operand_rate_atc,softmax_whole_stage_operand_rate_atc_v2,20260728_operand_rate_v2_final_exp_session03_CAB,exp,fp16x2,20260728_operand_rate_v2_final_exp_session03_CAB_exp_fp16x2,0,1,20260728_operand_rate_v2_final_exp_session03_CAB_exp_fp16x2_b0_r1_treatment,treatment,treatment,20260728_operand_rate_v2_final_exp_session03_CAB_exp_fp16x2_b0_r1_treatment_1785247211854,38,183961.91926052299,183961.92073595,183961.9199982365,0.0014754270086996257,9.6691164514923003,10561828899,true,true,5dff3859ad319cb37301e68cfc6fde00723e3a42110ca93adb44c05e97098167
softmax_whole_stage_atc_trace_v1,softmax_whole_stage_operand_rate_atc,softmax_whole_stage_operand_rate_atc_v2,20260728_operand_rate_v2_final_exp_session03_CAB,exp,fp16x2,20260728_operand_rate_v2_final_exp_session03_CAB_exp_fp16x2,0,1,20260728_operand_rate_v2_final_exp_session03_CAB_exp_fp16x2_b0_r1_treatment,treatment,treatment,20260728_operand_rate_v2_final_exp_session03_CAB_exp_fp16x2_b0_r1_treatment_1785247211854,39,183962.17087677401,183962.17228206701,183962.17157942051,0.0014052930055186152,9.9206976355053484,10561895386,true,true,5dff3859ad319cb37301e68cfc6fde00723e3a42110ca93adb44c05e97098167
softmax_whole_stage_atc_trace_v1,softmax_whole_stage_operand_rate_atc,softmax_whole_stage_operand_rate_atc_v2,20260728_operand_rate_v2_final_exp_session03_CAB,exp,fp16x2,20260728_operand_rate_v2_final_exp_session03_CAB_exp_fp16x2,0,1,20260728_operand_rate_v2_final_exp_session03_CAB_exp_fp16x2_b0_r1_treatment,treatment,treatment,20260728_operand_rate_v2_final_exp_session03_CAB_exp_fp16x2_b0_r1_treatment_1785247211854,40,183962.422510884,183962.424217383,183962.42336413352,0.0017064989951904863,10.172482348512858,10561940603,true,true,5dff3859ad319cb37301e68cfc6fde00723e3a42110ca93adb44c05e97098167
softmax_whole_stage_atc_trace_v1,softmax_whole_stage_operand_rate_atc,softmax_whole_stage_operand_rate_atc_v2,20260728_operand_rate_v2_final_exp_session03_CAB,exp,fp16x2,20260728_operand_rate_v2_final_exp_session03_CAB_exp_fp16x2,0,1,20260728_operand_rate_v2_final_exp_session03_CAB_exp_fp16x2_b0_r1_treatment,treatment,treatment,20260728_operand_rate_v2_final_exp_session03_CAB_exp_fp16x2_b0_r1_treatment_1785247211854,41,183962.67448181901,183962.675841661,183962.67516173999,0.0013598419900517911,10.424279954982921,10562006835,true,true,5dff3859ad319cb37301e68cfc6fde00723e3a42110ca93adb44c05e97098167
softmax_whole_stage_atc_trace_v1,softmax_whole_stage_operand_rate_atc,softmax_whole_stage_operand_rate_atc_v2,20260728_operand_rate_v2_final_exp_session03_CAB,exp,fp16x2,20260728_operand_rate_v2_final_exp_session03_CAB_exp_fp16x2,0,1,20260728_operand_rate_v2_final_exp_session03_CAB_exp_fp16x2_b0_r1_treatment,treatment,treatment,20260728_operand_rate_v2_final_exp_session03_CAB_exp_fp16x2_b0_r1_treatment_1785247211854,42,183962.92626081401,183962.92987257501,183962.92806669453,0.0036117609997745603,10.67718490952393,10562051569,true,true,5dff3859ad319cb37301e68cfc6fde00723e3a42110ca93adb44c05e97098167
softmax_whole_stage_atc_trace_v1,softmax_whole_stage_operand_rate_atc,softmax_whole_stage_operand_rate_atc_v2,20260728_operand_rate_v2_final_exp_session03_CAB,exp,fp16x2,20260728_operand_rate_v2_final_exp_session03_CAB_exp_fp16x2,0,1,20260728_operand_rate_v2_final_exp_session03_CAB_exp_fp16x2_b0_r1_treatment,treatment,treatment,20260728_operand_rate_v2_final_exp_session03_CAB_exp_fp16x2_b0_r1_treatment_1785247211854,43,183963.180105306,183963.181513508,183963.180809407,0.0014082019915804267,10.929927621997194,10562121593,true,true,5dff3859ad319cb37301e68cfc6fde00723e3a42110ca93adb44c05e97098167
softmax_whole_stage_atc_trace_v1,softmax_whole_stage_operand_rate_atc,softmax_whole_stage_operand_rate_atc_v2,20260728_operand_rate_v2_final_exp_session03_CAB,exp,fp16x2,20260728_operand_rate_v2_final_exp_session03_CAB_exp_fp16x2,0,1,20260728_operand_rate_v2_final_exp_session03_CAB_exp_fp16x2_b0_r1_treatment,treatment,treatment,20260728_operand_rate_v2_final_exp_session03_CAB_exp_fp16x2_b0_r1_treatment_1785247211854,44,183963.431763095,183963.43309474201,183963.43242891849,0.0013316470140125602,11.181547133484855,10562165422,true,true,5dff3859ad319cb37301e68cfc6fde00723e3a42110ca93adb44c05e97098167
softmax_whole_stage_atc_trace_v1,softmax_whole_stage_operand_rate_atc,softmax_whole_stage_operand_rate_atc_v2,20260728_operand_rate_v2_final_exp_session03_CAB,exp,fp16x2,20260728_operand_rate_v2_final_exp_session03_CAB_exp_fp16x2,0,1,20260728_operand_rate_v2_final_exp_session03_CAB_exp_fp16x2_b0_r1_treatment,treatment,treatment,20260728_operand_rate_v2_final_exp_session03_CAB_exp_fp16x2_b0_r1_treatment_1785247211854,45,183963.68337372699,183963.68479015701,183963.68408194202,0.0014164300228003412,11.433200157014653,10562235156,true,true,5dff3859ad319cb37301e68cfc6fde00723e3a42110ca93adb44c05e97098167
softmax_whole_stage_atc_trace_v1,softmax_whole_stage_operand_rate_atc,softmax_whole_stage_operand_rate_atc_v2,20260728_operand_rate_v2_final_exp_session03_CAB,exp,fp16x2,20260728_operand_rate_v2_final_exp_session03_CAB_exp_fp16x2,0,1,20260728_operand_rate_v2_final_exp_session03_CAB_exp_fp16x2_b0_r1_treatment,treatment,treatment,20260728_operand_rate_v2_final_exp_session03_CAB_exp_fp16x2_b0_r1_treatment_1785247211854,46,183963.935239913,183963.93666938599,183963.9359546495,0.0014294729917310178,11.685072864493122,10562278607,true,true,5dff3859ad319cb37301e68cfc6fde00723e3a42110ca93adb44c05e97098167
softmax_whole_stage_atc_trace_v1,softmax_whole_stage_operand_rate_atc,softmax_whole_stage_operand_rate_atc_v2,20260728_operand_rate_v2_final_exp_session03_CAB,exp,fp16x2,20260728_operand_rate_v2_final_exp_session03_CAB_exp_fp16x2,0,1,20260728_operand_rate_v2_final_exp_session03_CAB_exp_fp16x2_b0_r1_treatment,treatment,treatment,20260728_operand_rate_v2_final_exp_session03_CAB_exp_fp16x2_b0_r1_treatment_1785247211854,47,183964.186968439,183964.18834152399,183964.18765498151,0.0013730849896091968,11.936773196503054,10562347816,true,true,5dff3859ad319cb37301e68cfc6fde00723e3a42110ca93adb44c05e97098167
softmax_whole_stage_atc_trace_v1,softmax_whole_stage_operand_rate_atc,softmax_whole_stage_operand_rate_atc_v2,20260728_operand_rate_v2_final_exp_session03_CAB,exp,fp16x2,20260728_operand_rate_v2_final_exp_session03_CAB_exp_fp16x2,0,1,20260728_operand_rate_v2_final_exp_session03_CAB_exp_fp16x2_b0_r1_treatment,treatment,treatment,20260728_operand_rate_v2_final_exp_session03_CAB_exp_fp16x2_b0_r1_treatment_1785247211854,48,183964.438595024,183964.44006423,183964.439329627,0.001469206006731838,12.188447841996094,10562390768,true,true,5dff3859ad319cb37301e68cfc6fde00723e3a42110ca93adb44c05e97098167
softmax_whole_stage_atc_trace_v1,softmax_whole_stage_operand_rate_atc,softmax_whole_stage_operand_rate_atc_v2,20260728_operand_rate_v2_final_exp_session03_CAB,exp,fp16x2,20260728_operand_rate_v2_final_exp_session03_CAB_exp_fp16x2,0,1,20260728_operand_rate_v2_final_exp_session03_CAB_exp_fp16x2_b0_r1_treatment,treatment,treatment,20260728_operand_rate_v2_final_exp_session03_CAB_exp_fp16x2_b0_r1_treatment_1785247211854,49,183964.690299871,183964.695080134,183964.6926900025,0.004780262999702245,12.441808217496146,10562459467,true,true,5dff3859ad319cb37301e68cfc6fde00723e3a42110ca93adb44c05e97098167
softmax_whole_stage_atc_trace_v1,softmax_whole_stage_operand_rate_atc,softmax_whole_stage_operand_rate_atc_v2,20260728_operand_rate_v2_final_exp_session03_CAB,exp,fp16x2,20260728_operand_rate_v2_final_exp_session03_CAB_exp_fp16x2,0,1,20260728_operand_rate_v2_final_exp_session03_CAB_exp_fp16x2_b0_r1_treatment,treatment,treatment,20260728_operand_rate_v2_final_exp_session03_CAB_exp_fp16x2_b0_r1_treatment_1785247211854,50,183964.945553167,183964.946930968,183964.9462420675,0.0013778010034002364,12.695360282494221,10562505904,true,true,5dff3859ad319cb37301e68cfc6fde00723e3a42110ca93adb44c05e97098167
softmax_whole_stage_atc_trace_v1,softmax_whole_stage_operand_rate_atc,softmax_whole_stage_operand_rate_atc_v2,20260728_operand_rate_v2_final_exp_session03_CAB,exp,fp16x2,20260728_operand_rate_v2_final_exp_session03_CAB_exp_fp16x2,0,1,20260728_operand_rate_v2_final_exp_session03_CAB_exp_fp16x2_b0_r1_treatment,treatment,treatment,20260728_operand_rate_v2_final_exp_session03_CAB_exp_fp16x2_b0_r1_treatment_1785247211854,51,183965.197070989,183965.19846855599,183965.19776977249,0.0013975669862702489,12.946887987491209,10562573398,true,true,5dff3859ad319cb37301e68cfc6fde00723e3a42110ca93adb44c05e97098167
softmax_whole_stage_atc_trace_v1,softmax_whole_stage_operand_rate_atc,softmax_whole_stage_operand_rate_atc_v2,20260728_operand_rate_v2_final_exp_session03_CAB,exp,fp16x2,20260728_operand_rate_v2_final_exp_session03_CAB_exp_fp16x2,0,1,20260728_operand_rate_v2_final_exp_session03_CAB_exp_fp16x2_b0_r1_treatment,treatment,treatment,20260728_operand_rate_v2_final_exp_session03_CAB_exp_fp16x2_b0_r1_treatment_1785247211854,52,183965.44878055199,183965.45019296801,183965.44948676002,0.0014124160225037485,13.198604975012131,10562619195,true,false,5dff3859ad319cb37301e68cfc6fde00723e3a42110ca93adb44c05e97098167
softmax_whole_stage_atc_trace_v1,softmax_whole_stage_operand_rate_atc,softmax_whole_stage_operand_rate_atc_v2,20260728_operand_rate_v2_final_exp_session03_CAB,exp,fp16x2,20260728_operand_rate_v2_final_exp_session03_CAB_exp_fp16x2,0,1,20260728_operand_rate_v2_final_exp_session03_CAB_exp_fp16x2_b0_r1_treatment,treatment,treatment,20260728_operand_rate_v2_final_exp_session03_CAB_exp_fp16x2_b0_r1_treatment_1785247211854,53,183965.70069931299,183965.70212126101,183965.701410287,0.0014219480217434466,13.450528501998633,10562685343,true,false,5dff3859ad319cb37301e68cfc6fde00723e3a42110ca93adb44c05e97098167
softmax_whole_stage_atc_trace_v1,softmax_whole_stage_operand_rate_atc,softmax_whole_stage_operand_rate_atc_v2,20260728_operand_rate_v2_final_exp_session03_CAB,exp,fp16x2,20260728_operand_rate_v2_final_exp_session03_CAB_exp_fp16x2,0,1,20260728_operand_rate_v2_final_exp_session03_CAB_exp_fp16x2_b0_r1_treatment,treatment,treatment,20260728_operand_rate_v2_final_exp_session03_CAB_exp_fp16x2_b0_r1_treatment_1785247211854,54,183965.95228536299,183965.953830121,183965.95305774198,0.0015447580080945045,13.702175956976134,10562715773,true,false,5dff3859ad319cb37301e68cfc6fde00723e3a42110ca93adb44c05e97098167
softmax_whole_stage_atc_trace_v1,softmax_whole_stage_operand_rate_atc,softmax_whole_stage_operand_rate_atc_v2,20260728_operand_rate_v2_final_exp_session03_CAB,exp,fp16x2,20260728_operand_rate_v2_final_exp_session03_CAB_exp_fp16x2,0,1,20260728_operand_rate_v2_final_exp_session03_CAB_exp_fp16x2_b0_r1_treatment,treatment,treatment,20260728_operand_rate_v2_final_exp_session03_CAB_exp_fp16x2_b0_r1_treatment_1785247211854,55,183965.95384176,183965.95899125599,183965.95641650801,0.0051494959916453809,13.705534723005258,10562715773,false,false,5dff3859ad319cb37301e68cfc6fde00723e3a42110ca93adb44c05e97098167
softmax_whole_stage_atc_trace_v1,softmax_whole_stage_operand_rate_atc,softmax_whole_stage_operand_rate_atc_v2,20260728_operand_rate_v2_final_exp_session03_CAB,exp,fp16x2,20260728_operand_rate_v2_final_exp_session03_CAB_exp_fp16x2,0,2,20260728_operand_rate_v2_final_exp_session03_CAB_exp_fp16x2_b0_r2_control,control,control,20260728_operand_rate_v2_final_exp_session03_CAB_exp_fp16x2_b0_r2_control_1785247226166,0,183966.98118026901,183966.98401794501,183966.98259910702,0.0028376760019455105,0.0014339890331029892,10562858421,false,false,5dff3859ad319cb37301e68cfc6fde00723e3a42110ca93adb44c05e97098167
softmax_whole_stage_atc_trace_v1,softmax_whole_stage_operand_rate_atc,softmax_whole_stage_operand_rate_atc_v2,20260728_operand_rate_v2_final_exp_session03_CAB,exp,fp16x2,20260728_operand_rate_v2_final_exp_session03_CAB_exp_fp16x2,0,2,20260728_operand_rate_v2_final_exp_session03_CAB_exp_fp16x2_b0_r2_control,control,control,20260728_operand_rate_v2_final_exp_session03_CAB_exp_fp16x2_b0_r2_control_1785247226166,1,183967.23429201401,183967.23565516601,183967.23497359001,0.0013631519977934659,0.25380847201449797,10562902198,true,false,5dff3859ad319cb37301e68cfc6fde00723e3a42110ca93adb44c05e97098167
softmax_whole_stage_atc_trace_v1,softmax_whole_stage_operand_rate_atc,softmax_whole_stage_operand_rate_atc_v2,20260728_operand_rate_v2_final_exp_session03_CAB,exp,fp16x2,20260728_operand_rate_v2_final_exp_session03_CAB_exp_fp16x2,0,2,20260728_operand_rate_v2_final_exp_session03_CAB_exp_fp16x2_b0_r2_control,control,control,20260728_operand_rate_v2_final_exp_session03_CAB_exp_fp16x2_b0_r2_control_1785247226166,2,183967.48604963699,183967.487461351,183967.486755494,0.0014117140090093017,0.50559037600760348,10562968065,true,false,5dff3859ad319cb37301e68cfc6fde00723e3a42110ca93adb44c05e97098167
softmax_whole_stage_atc_trace_v1,softmax_whole_stage_operand_rate_atc,softmax_whole_stage_operand_rate_atc_v2,20260728_operand_rate_v2_final_exp_session03_CAB,exp,fp16x2,20260728_operand_rate_v2_final_exp_session03_CAB_exp_fp16x2,0,2,20260728_operand_rate_v2_final_exp_session03_CAB_exp_fp16x2_b0_r2_control,control,control,20260728_operand_rate_v2_final_exp_session03_CAB_exp_fp16x2_b0_r2_control_1785247226166,3,183967.73769197499,183967.73906475899,183967.73837836698,0.0013727839977946132,0.75721324898768216,10563012992,true,true,5dff3859ad319cb37301e68cfc6fde00723e3a42110ca93adb44c05e97098167
softmax_whole_stage_atc_trace_v1,softmax_whole_stage_operand_rate_atc,softmax_whole_stage_operand_rate_atc_v2,20260728_operand_rate_v2_final_exp_session03_CAB,exp,fp16x2,20260728_operand_rate_v2_final_exp_session03_CAB_exp_fp16x2,0,2,20260728_operand_rate_v2_final_exp_session03_CAB_exp_fp16x2_b0_r2_control,control,control,20260728_operand_rate_v2_final_exp_session03_CAB_exp_fp16x2_b0_r2_control_1785247226166,4,183967.989350166,183967.990743117,183967.9900466415,0.0013929510023444891,1.0088815235067159,10563078983,true,true,5dff3859ad319cb37301e68cfc6fde00723e3a42110ca93adb44c05e97098167
softmax_whole_stage_atc_trace_v1,softmax_whole_stage_operand_rate_atc,softmax_whole_stage_operand_rate_atc_v2,20260728_operand_rate_v2_final_exp_session03_CAB,exp,fp16x2,20260728_operand_rate_v2_final_exp_session03_CAB_exp_fp16x2,0,2,20260728_operand_rate_v2_final_exp_session03_CAB_exp_fp16x2_b0_r2_control,control,control,20260728_operand_rate_v2_final_exp_session03_CAB_exp_fp16x2_b0_r2_control_1785247226166,5,183968.24102069801,183968.24598347,183968.24350208399,0.0049627719854470342,1.262336965999566,10563123663,true,true,5dff3859ad319cb37301e68cfc6fde00723e3a42110ca93adb44c05e97098167
softmax_whole_stage_atc_trace_v1,softmax_whole_stage_operand_rate_atc,softmax_whole_stage_operand_rate_atc_v2,20260728_operand_rate_v2_final_exp_session03_CAB,exp,fp16x2,20260728_operand_rate_v2_final_exp_session03_CAB_exp_fp16x2,0,2,20260728_operand_rate_v2_final_exp_session03_CAB_exp_fp16x2_b0_r2_control,control,control,20260728_operand_rate_v2_final_exp_session03_CAB_exp_fp16x2_b0_r2_control_1785247226166,6,183968.49640954699,183968.49779507401,183968.4971023105,0.0013855270226486027,1.5159371925110463,10563193142,true,true,5dff3859ad319cb37301e68cfc6fde00723e3a42110ca93adb44c05e97098167
softmax_whole_stage_atc_trace_v1,softmax_whole_stage_operand_rate_atc,softmax_whole_stage_operand_rate_atc_v2,20260728_operand_rate_v2_final_exp_session03_CAB,exp,fp16x2,20260728_operand_rate_v2_final_exp_session03_CAB_exp_fp16x2,0,2,20260728_operand_rate_v2_final_exp_session03_CAB_exp_fp16x2_b0_r2_control,control,control,20260728_operand_rate_v2_final_exp_session03_CAB_exp_fp16x2_b0_r2_control_1785247226166,7,183968.74867781199,183968.75009291101,183968.7493853615,0.0014150990173220634,1.7682202435098588,10563236501,true,true,5dff3859ad319cb37301e68cfc6fde00723e3a42110ca93adb44c05e97098167
softmax_whole_stage_atc_trace_v1,softmax_whole_stage_operand_rate_atc,softmax_whole_stage_operand_rate_atc_v2,20260728_operand_rate_v2_final_exp_session03_CAB,exp,fp16x2,20260728_operand_rate_v2_final_exp_session03_CAB_exp_fp16x2,0,2,20260728_operand_rate_v2_final_exp_session03_CAB_exp_fp16x2_b0_r2_control,control,control,20260728_operand_rate_v2_final_exp_session03_CAB_exp_fp16x2_b0_r2_control_1785247226166,8,183969.00178875399,183969.00321544299,183969.0025020985,0.0014266890066210181,2.021336980513297,10563305429,true,true,5dff3859ad319cb37301e68cfc6fde00723e3a42110ca93adb44c05e97098167
softmax_whole_stage_atc_trace_v1,softmax_whole_stage_operand_rate_atc,softmax_whole_stage_operand_rate_atc_v2,20260728_operand_rate_v2_final_exp_session03_CAB,exp,fp16x2,20260728_operand_rate_v2_final_exp_session03_CAB_exp_fp16x2,0,2,20260728_operand_rate_v2_final_exp_session03_CAB_exp_fp16x2_b0_r2_control,control,control,20260728_operand_rate_v2_final_exp_session03_CAB_exp_fp16x2_b0_r2_control_1785247226166,9,183969.254912573,183969.25642135099,183969.25566696201,0.001508777990238741,2.2745018440182321,10563349432,true,true,5dff3859ad319cb37301e68cfc6fde00723e3a42110ca93adb44c05e97098167
softmax_whole_stage_atc_trace_v1,softmax_whole_stage_operand_rate_atc,softmax_whole_stage_operand_rate_atc_v2,20260728_operand_rate_v2_final_exp_session03_CAB,exp,fp16x2,20260728_operand_rate_v2_final_exp_session03_CAB_exp_fp16x2,0,2,20260728_operand_rate_v2_final_exp_session03_CAB_exp_fp16x2_b0_r2_control,control,control,20260728_operand_rate_v2_final_exp_session03_CAB_exp_fp16x2_b0_r2_control_1785247226166,10,183969.50717920699,183969.50859334701,183969.50788627699,0.0014141400170046836,2.5267211589962244,10563392917,true,true,5dff3859ad319cb37301e68cfc6fde00723e3a42110ca93adb44c05e97098167
softmax_whole_stage_atc_trace_v1,softmax_whole_stage_operand_rate_atc,softmax_whole_stage_operand_rate_atc_v2,20260728_operand_rate_v2_final_exp_session03_CAB,exp,fp16x2,20260728_operand_rate_v2_final_exp_session03_CAB_exp_fp16x2,0,2,20260728_operand_rate_v2_final_exp_session03_CAB_exp_fp16x2_b0_r2_control,control,control,20260728_operand_rate_v2_final_exp_session03_CAB_exp_fp16x2_b0_r2_control_1785247226166,11,183969.76458173199,183969.768388292,183969.76648501199,0.00380656000925228,2.7853198939992581,10563459476,true,true,5dff3859ad319cb37301e68cfc6fde00723e3a42110ca93adb44c05e97098167
softmax_whole_stage_atc_trace_v1,softmax_whole_stage_operand_rate_atc,softmax_whole_stage_operand_rate_atc_v2,20260728_operand_rate_v2_final_exp_session03_CAB,exp,fp16x2,20260728_operand_rate_v2_final_exp_session03_CAB_exp_fp16x2,0,2,20260728_operand_rate_v2_final_exp_session03_CAB_exp_fp16x2_b0_r2_control,control,control,20260728_operand_rate_v2_final_exp_session03_CAB_exp_fp16x2_b0_r2_control_1785247226166,12,183970.019981894,183970.02149506501,183970.02073847951,0.0015131710097193718,3.0395733615150675,10563505309,true,true,5dff3859ad319cb37301e68cfc6fde00723e3a42110ca93adb44c05e97098167
softmax_whole_stage_atc_trace_v1,softmax_whole_stage_operand_rate_atc,softmax_whole_stage_operand_rate_atc_v2,20260728_operand_rate_v2_final_exp_session03_CAB,exp,fp16x2,20260728_operand_rate_v2_final_exp_session03_CAB_exp_fp16x2,0,2,20260728_operand_rate_v2_final_exp_session03_CAB_exp_fp16x2_b0_r2_control,control,control,20260728_operand_rate_v2_final_exp_session03_CAB_exp_fp16x2_b0_r2_control_1785247226166,13,183970.27297384699,183970.27446035101,183970.27371709899,0.0014865040138829499,3.2925519809941761,10563574000,true,true,5dff3859ad319cb37301e68cfc6fde00723e3a42110ca93adb44c05e97098167
softmax_whole_stage_atc_trace_v1,softmax_whole_stage_operand_rate_atc,softmax_whole_stage_operand_rate_atc_v2,20260728_operand_rate_v2_final_exp_session03_CAB,exp,fp16x2,20260728_operand_rate_v2_final_exp_session03_CAB_exp_fp16x2,0,2,20260728_operand_rate_v2_final_exp_session03_CAB_exp_fp16x2_b0_r2_control,control,control,20260728_operand_rate_v2_final_exp_session03_CAB_exp_fp16x2_b0_r2_control_1785247226166,14,183970.52780492301,183970.52920327199,183970.52850409748,0.0013983489770907909,3.547338979493361,10563618906,true,true,5dff3859ad319cb37301e68cfc6fde00723e3a42110ca93adb44c05e97098167
softmax_whole_stage_atc_trace_v1,softmax_whole_stage_operand_rate_atc,softmax_whole_stage_operand_rate_atc_v2,20260728_operand_rate_v2_final_exp_session03_CAB,exp,fp16x2,20260728_operand_rate_v2_final_exp_session03_CAB_exp_fp16x2,0,2,20260728_operand_rate_v2_final_exp_session03_CAB_exp_fp16x2_b0_r2_control,control,control,20260728_operand_rate_v2_final_exp_session03_CAB_exp_fp16x2_b0_r2_control_1785247226166,15,183970.78539296001,183970.786849975,183970.78612146751,0.0014570149942301214,3.8049563495151233,10563686467,true,true,5dff3859ad319cb37301e68cfc6fde00723e3a42110ca93adb44c05e97098167
softmax_whole_stage_atc_trace_v1,softmax_whole_stage_operand_rate_atc,softmax_whole_stage_operand_rate_atc_v2,20260728_operand_rate_v2_final_exp_session03_CAB,exp,fp16x2,20260728_operand_rate_v2_final_exp_session03_CAB_exp_fp16x2,0,2,20260728_operand_rate_v2_final_exp_session03_CAB_exp_fp16x2_b0_r2_control,control,control,20260728_operand_rate_v2_final_exp_session03_CAB_exp_fp16x2_b0_r2_control_1785247226166,16,183971.03832896601,183971.04380492799,183971.04106694699,0.0054759619815740734,4.0599018289940432,10563729062,true,true,5dff3859ad319cb37301e68cfc6fde00723e3a42110ca93adb44c05e97098167
softmax_whole_stage_atc_trace_v1,softmax_whole_stage_operand_rate_atc,softmax_whole_stage_operand_rate_atc_v2,20260728_operand_rate_v2_final_exp_session03_CAB,exp,fp16x2,20260728_operand_rate_v2_final_exp_session03_CAB_exp_fp16x2,0,2,20260728_operand_rate_v2_final_exp_session03_CAB_exp_fp16x2_b0_r2_control,control,control,20260728_operand_rate_v2_final_exp_session03_CAB_exp_fp16x2_b0_r2_control_1785247226166,17,183971.29535440099,183971.29680472301,183971.29607956199,0.0014503220154438168,4.3149144439958036,10563798634,true,true,5dff3859ad319cb37301e68cfc6fde00723e3a42110ca93adb44c05e97098167
softmax_whole_stage_atc_trace_v1,softmax_whole_stage_operand_rate_atc,softmax_whole_stage_operand_rate_atc_v2,20260728_operand_rate_v2_final_exp_session03_CAB,exp,fp16x2,20260728_operand_rate_v2_final_exp_session03_CAB_exp_fp16x2,0,2,20260728_operand_rate_v2_final_exp_session03_CAB_exp_fp16x2_b0_r2_control,control,control,20260728_operand_rate_v2_final_exp_session03_CAB_exp_fp16x2_b0_r2_control_1785247226166,18,183971.55078049799,183971.55226166901,183971.55152108351,0.0014811710279900581,4.5703559655230492,10563844231,true,true,5dff3859ad319cb37301e68cfc6fde00723e3a42110ca93adb44c05e97098167
softmax_whole_stage_atc_trace_v1,softmax_whole_stage_operand_rate_atc,softmax_whole_stage_operand_rate_atc_v2,20260728_operand_rate_v2_final_exp_session03_CAB,exp,fp16x2,20260728_operand_rate_v2_final_exp_session03_CAB_exp_fp16x2,0,2,20260728_operand_rate_v2_final_exp_session03_CAB_exp_fp16x2_b0_r2_control,control,control,20260728_operand_rate_v2_final_exp_session03_CAB_exp_fp16x2_b0_r2_control_1785247226166,19,183971.808517656,183971.80998334999,183971.80925050299,0.001465693989302963,4.8280853850010317,10563888816,true,true,5dff3859ad319cb37301e68cfc6fde00723e3a42110ca93adb44c05e97098167
softmax_whole_stage_atc_trace_v1,softmax_whole_stage_operand_rate_atc,softmax_whole_stage_operand_rate_atc_v2,20260728_operand_rate_v2_final_exp_session03_CAB,exp,fp16x2,20260728_operand_rate_v2_final_exp_session03_CAB_exp_fp16x2,0,2,20260728_operand_rate_v2_final_exp_session03_CAB_exp_fp16x2_b0_r2_control,control,control,20260728_operand_rate_v2_final_exp_session03_CAB_exp_fp16x2_b0_r2_control_1785247226166,20,183972.06168874199,183972.063064922,183972.06237683201,0.0013761800073552877,5.081211714015808,10563955490,true,true,5dff3859ad319cb37301e68cfc6fde00723e3a42110ca93adb44c05e97098167
softmax_whole_stage_atc_trace_v1,softmax_whole_stage_operand_rate_atc,softmax_whole_stage_operand_rate_atc_v2,20260728_operand_rate_v2_final_exp_session03_CAB,exp,fp16x2,20260728_operand_rate_v2_final_exp_session03_CAB_exp_fp16x2,0,2,20260728_operand_rate_v2_final_exp_session03_CAB_exp_fp16x2_b0_r2_control,control,control,20260728_operand_rate_v2_final_exp_session03_CAB_exp_fp16x2_b0_r2_control_1785247226166,21,183972.31483462499,183972.31892081301,183972.31687771901,0.0040861880115699023,5.3357126010232605,10563998059,true,true,5dff3859ad319cb37301e68cfc6fde00723e3a42110ca93adb44c05e97098167
softmax_whole_stage_atc_trace_v1,softmax_whole_stage_operand_rate_atc,softmax_whole_stage_operand_rate_atc_v2,20260728_operand_rate_v2_final_exp_session03_CAB,exp,fp16x2,20260728_operand_rate_v2_final_exp_session03_CAB_exp_fp16x2,0,2,20260728_operand_rate_v2_final_exp_session03_CAB_exp_fp16x2_b0_r2_control,control,control,20260728_operand_rate_v2_final_exp_session03_CAB_exp_fp16x2_b0_r2_control_1785247226166,22,183972.572566346,183972.57401917799,183972.57329276198,0.0014528319879900664,5.5921276439912617,10564067812,true,true,5dff3859ad319cb37301e68cfc6fde00723e3a42110ca93adb44c05e97098167
softmax_whole_stage_atc_trace_v1,softmax_whole_stage_operand_rate_atc,softmax_whole_stage_operand_rate_atc_v2,20260728_operand_rate_v2_final_exp_session03_CAB,exp,fp16x2,20260728_operand_rate_v2_final_exp_session03_CAB_exp_fp16x2,0,2,20260728_operand_rate_v2_final_exp_session03_CAB_exp_fp16x2_b0_r2_control,control,control,20260728_operand_rate_v2_final_exp_session03_CAB_exp_fp16x2_b0_r2_control_1785247226166,23,183972.82903628901,183972.83046998401,183972.8297531365,0.0014336949971038848,5.8485880185035057,10564113028,true,true,5dff3859ad319cb37301e68cfc6fde00723e3a42110ca93adb44c05e97098167
softmax_whole_stage_atc_trace_v1,softmax_whole_stage_operand_rate_atc,softmax_whole_stage_operand_rate_atc_v2,20260728_operand_rate_v2_final_exp_session03_CAB,exp,fp16x2,20260728_operand_rate_v2_final_exp_session03_CAB_exp_fp16x2,0,2,20260728_operand_rate_v2_final_exp_session03_CAB_exp_fp16x2_b0_r2_control,control,control,20260728_operand_rate_v2_final_exp_session03_CAB_exp_fp16x2_b0_r2_control_1785247226166,24,183973.08182062101,183973.08318816099,183973.082504391,0.0013675399823114276,6.1013392730092164,10564180540,true,true,5dff3859ad319cb37301e68cfc6fde00723e3a42110ca93adb44c05e97098167
softmax_whole_stage_atc_trace_v1,softmax_whole_stage_operand_rate_atc,softmax_whole_stage_operand_rate_atc_v2,20260728_operand_rate_v2_final_exp_session03_CAB,exp,fp16x2,20260728_operand_rate_v2_final_exp_session03_CAB_exp_fp16x2,0,2,20260728_operand_rate_v2_final_exp_session03_CAB_exp_fp16x2_b0_r2_control,control,control,20260728_operand_rate_v2_final_exp_session03_CAB_exp_fp16x2_b0_r2_control_1785247226166,25,183973.333831433,183973.33519098,183973.33451120649,0.0013595469936262816,6.3533460884937085,10564223864,true,true,5dff3859ad319cb37301e68cfc6fde00723e3a42110ca93adb44c05e97098167
softmax_whole_stage_atc_trace_v1,softmax_whole_stage_operand_rate_atc,softmax_whole_stage_operand_rate_atc_v2,20260728_operand_rate_v2_final_exp_session03_CAB,exp,fp16x2,20260728_operand_rate_v2_final_exp_session03_CAB_exp_fp16x2,0,2,20260728_operand_rate_v2_final_exp_session03_CAB_exp_fp16x2_b0_r2_control,control,control,20260728_operand_rate_v2_final_exp_session03_CAB_exp_fp16x2_b0_r2_control_1785247226166,26,183973.58642730801,183973.58775012399,183973.58708871598,0.0013228159805294126,6.6059235979919322,10564293290,true,true,5dff3859ad319cb37301e68cfc6fde00723e3a42110ca93adb44c05e97098167
softmax_whole_stage_atc_trace_v1,softmax_whole_stage_operand_rate_atc,softmax_whole_stage_operand_rate_atc_v2,20260728_operand_rate_v2_final_exp_session03_CAB,exp,fp16x2,20260728_operand_rate_v2_final_exp_session03_CAB_exp_fp16x2,0,2,20260728_operand_rate_v2_final_exp_session03_CAB_exp_fp16x2_b0_r2_control,control,control,20260728_operand_rate_v2_final_exp_session03_CAB_exp_fp16x2_b0_r2_control_1785247226166,27,183973.83962392999,183973.841030123,183973.8403270265,0.0014061930123716593,6.8591619085054845,10564336833,true,true,5dff3859ad319cb37301e68cfc6fde00723e3a42110ca93adb44c05e97098167
softmax_whole_stage_atc_trace_v1,softmax_whole_stage_operand_rate_atc,softmax_whole_stage_operand_rate_atc_v2,20260728_operand_rate_v2_final_exp_session03_CAB,exp,fp16x2,20260728_operand_rate_v2_final_exp_session03_CAB_exp_fp16x2,0,2,20260728_operand_rate_v2_final_exp_session03_CAB_exp_fp16x2_b0_r2_control,control,control,20260728_operand_rate_v2_final_exp_session03_CAB_exp_fp16x2_b0_r2_control_1785247226166,28,183974.091727227,183974.09316084301,183974.09244403499,0.0014336160093080252,7.1112789170001633,10564406157,true,true,5dff3859ad319cb37301e68cfc6fde00723e3a42110ca93adb44c05e97098167
softmax_whole_stage_atc_trace_v1,softmax_whole_stage_operand_rate_atc,softmax_whole_stage_operand_rate_atc_v2,20260728_operand_rate_v2_final_exp_session03_CAB,exp,fp16x2,20260728_operand_rate_v2_final_exp_session03_CAB_exp_fp16x2,0,2,20260728_operand_rate_v2_final_exp_session03_CAB_exp_fp16x2_b0_r2_control,control,control,20260728_operand_rate_v2_final_exp_session03_CAB_exp_fp16x2_b0_r2_control_1785247226166,29,183974.343831031,183974.34618392799,183974.34500747948,0.002352896990487352,7.3638423614902422,10564449736,true,true,5dff3859ad319cb37301e68cfc6fde00723e3a42110ca93adb44c05e97098167
softmax_whole_stage_atc_trace_v1,softmax_whole_stage_operand_rate_atc,softmax_whole_stage_operand_rate_atc_v2,20260728_operand_rate_v2_final_exp_session03_CAB,exp,fp16x2,20260728_operand_rate_v2_final_exp_session03_CAB_exp_fp16x2,0,2,20260728_operand_rate_v2_final_exp_session03_CAB_exp_fp16x2_b0_r2_control,control,control,20260728_operand_rate_v2_final_exp_session03_CAB_exp_fp16x2_b0_r2_control_1785247226166,30,183974.59688791301,183974.598261423,183974.59757466801,0.0013735099928453565,7.6164095500134863,10564519204,true,true,5dff3859ad319cb37301e68cfc6fde00723e3a42110ca93adb44c05e97098167
softmax_whole_stage_atc_trace_v1,softmax_whole_stage_operand_rate_atc,softmax_whole_stage_operand_rate_atc_v2,20260728_operand_rate_v2_final_exp_session03_CAB,exp,fp16x2,20260728_operand_rate_v2_final_exp_session03_CAB_exp_fp16x2,0,2,20260728_operand_rate_v2_final_exp_session03_CAB_exp_fp16x2_b0_r2_control,control,control,20260728_operand_rate_v2_final_exp_session03_CAB_exp_fp16x2_b0_r2_control_1785247226166,31,183974.850182483,183974.851915409,183974.851048946,0.0017329260008409619,7.8698838280106429,10564562976,true,true,5dff3859ad319cb37301e68cfc6fde00723e3a42110ca93adb44c05e97098167
softmax_whole_stage_atc_trace_v1,softmax_whole_stage_operand_rate_atc,softmax_whole_stage_operand_rate_atc_v2,20260728_operand_rate_v2_final_exp_session03_CAB,exp,fp16x2,20260728_operand_rate_v2_final_exp_session03_CAB_exp_fp16x2,0,2,20260728_operand_rate_v2_final_exp_session03_CAB_exp_fp16x2_b0_r2_control,control,control,20260728_operand_rate_v2_final_exp_session03_CAB_exp_fp16x2_b0_r2_control_1785247226166,32,183975.10259693,183975.10398248199,183975.10328970599,0.0013855519937351346,8.1221245880005881,10564632501,true,true,5dff3859ad319cb37301e68cfc6fde00723e3a42110ca93adb44c05e97098167
softmax_whole_stage_atc_trace_v1,softmax_whole_stage_operand_rate_atc,softmax_whole_stage_operand_rate_atc_v2,20260728_operand_rate_v2_final_exp_session03_CAB,exp,fp16x2,20260728_operand_rate_v2_final_exp_session03_CAB_exp_fp16x2,0,2,20260728_operand_rate_v2_final_exp_session03_CAB_exp_fp16x2_b0_r2_control,control,control,20260728_operand_rate_v2_final_exp_session03_CAB_exp_fp16x2_b0_r2_control_1785247226166,33,183975.35416231799,183975.357625843,183975.35589408048,0.0034635250049177557,8.3747289624880068,10564676321,true,true,5dff3859ad319cb37301e68cfc6fde00723e3a42110ca93adb44c05e97098167
softmax_whole_stage_atc_trace_v1,softmax_whole_stage_operand_rate_atc,softmax_whole_stage_operand_rate_atc_v2,20260728_operand_rate_v2_final_exp_session03_CAB,exp,fp16x2,20260728_operand_rate_v2_final_exp_session03_CAB_exp_fp16x2,0,2,20260728_operand_rate_v2_final_exp_session03_CAB_exp_fp16x2_b0_r2_control,control,control,20260728_operand_rate_v2_final_exp_session03_CAB_exp_fp16x2_b0_r2_control_1785247226166,34,183975.60777775201,183975.60921774199,183975.60849774699,0.0014399899810086936,8.6273326289956458,10564745896,true,true,5dff3859ad319cb37301e68cfc6fde00723e3a42110ca93adb44c05e97098167
softmax_whole_stage_atc_trace_v1,softmax_whole_stage_operand_rate_atc,softmax_whole_stage_operand_rate_atc_v2,20260728_operand_rate_v2_final_exp_session03_CAB,exp,fp16x2,20260728_operand_rate_v2_final_exp_session03_CAB_exp_fp16x2,0,2,20260728_operand_rate_v2_final_exp_session03_CAB_exp_fp16x2_b0_r2_control,control,control,20260728_operand_rate_v2_final_exp_session03_CAB_exp_fp16x2_b0_r2_control_1785247226166,35,183975.85945221901,183975.86350242599,183975.8614773225,0.0040502069750800729,8.8803122045064811,10564789935,true,true,5dff3859ad319cb37301e68cfc6fde00723e3a42110ca93adb44c05e97098167
softmax_whole_stage_atc_trace_v1,softmax_whole_stage_operand_rate_atc,softmax_whole_stage_operand_rate_atc_v2,20260728_operand_rate_v2_final_exp_session03_CAB,exp,fp16x2,20260728_operand_rate_v2_final_exp_session03_CAB_exp_fp16x2,0,2,20260728_operand_rate_v2_final_exp_session03_CAB_exp_fp16x2_b0_r2_control,control,control,20260728_operand_rate_v2_final_exp_session03_CAB_exp_fp16x2_b0_r2_control_1785247226166,36,183976.11371909399,183976.11511577599,183976.11441743499,0.0013966819969937205,9.1332523169985507,10564859614,true,true,5dff3859ad319cb37301e68cfc6fde00723e3a42110ca93adb44c05e97098167
softmax_whole_stage_atc_trace_v1,softmax_whole_stage_operand_rate_atc,softmax_whole_stage_operand_rate_atc_v2,20260728_operand_rate_v2_final_exp_session03_CAB,exp,fp16x2,20260728_operand_rate_v2_final_exp_session03_CAB_exp_fp16x2,0,2,20260728_operand_rate_v2_final_exp_session03_CAB_exp_fp16x2_b0_r2_control,control,control,20260728_operand_rate_v2_final_exp_session03_CAB_exp_fp16x2_b0_r2_control_1785247226166,37,183976.36528276201,183976.369362717,183976.3673227395,0.0040799549897201359,9.3861576215131208,10564903726,true,true,5dff3859ad319cb37301e68cfc6fde00723e3a42110ca93adb44c05e97098167
softmax_whole_stage_atc_trace_v1,softmax_whole_stage_operand_rate_atc,softmax_whole_stage_operand_rate_atc_v2,20260728_operand_rate_v2_final_exp_session03_CAB,exp,fp16x2,20260728_operand_rate_v2_final_exp_session03_CAB_exp_fp16x2,0,2,20260728_operand_rate_v2_final_exp_session03_CAB_exp_fp16x2_b0_r2_control,control,control,20260728_operand_rate_v2_final_exp_session03_CAB_exp_fp16x2_b0_r2_control_1785247226166,38,183976.61952474501,183976.620934885,183976.62022981502,0.0014101399865467101,9.6390646970248781,10564973492,true,true,5dff3859ad319cb37301e68cfc6fde00723e3a42110ca93adb44c05e97098167
softmax_whole_stage_atc_trace_v1,softmax_whole_stage_operand_rate_atc,softmax_whole_stage_operand_rate_atc_v2,20260728_operand_rate_v2_final_exp_session03_CAB,exp,fp16x2,20260728_operand_rate_v2_final_exp_session03_CAB_exp_fp16x2,0,2,20260728_operand_rate_v2_final_exp_session03_CAB_exp_fp16x2_b0_r2_control,control,control,20260728_operand_rate_v2_final_exp_session03_CAB_exp_fp16x2_b0_r2_control_1785247226166,39,183976.871148315,183976.87507598399,183976.87311214948,0.0039276689931284636,9.8919470314867795,10565017535,true,true,5dff3859ad319cb37301e68cfc6fde00723e3a42110ca93adb44c05e97098167
softmax_whole_stage_atc_trace_v1,softmax_whole_stage_operand_rate_atc,softmax_whole_stage_operand_rate_atc_v2,20260728_operand_rate_v2_final_exp_session03_CAB,exp,fp16x2,20260728_operand_rate_v2_final_exp_session03_CAB_exp_fp16x2,0,2,20260728_operand_rate_v2_final_exp_session03_CAB_exp_fp16x2_b0_r2_control,control,control,20260728_operand_rate_v2_final_exp_session03_CAB_exp_fp16x2_b0_r2_control_1785247226166,40,183977.125349095,183977.126754878,183977.1260519865,0.0014057829976081848,10.144886868511094,10565087202,true,true,5dff3859ad319cb37301e68cfc6fde00723e3a42110ca93adb44c05e97098167
softmax_whole_stage_atc_trace_v1,softmax_whole_stage_operand_rate_atc,softmax_whole_stage_operand_rate_atc_v2,20260728_operand_rate_v2_final_exp_session03_CAB,exp,fp16x2,20260728_operand_rate_v2_final_exp_session03_CAB_exp_fp16x2,0,2,20260728_operand_rate_v2_final_exp_session03_CAB_exp_fp16x2_b0_r2_control,control,control,20260728_operand_rate_v2_final_exp_session03_CAB_exp_fp16x2_b0_r2_control_1785247226166,41,183977.37691926101,183977.38119282201,183977.37905604151,0.0042735610040836036,10.397890923515661,10565131210,true,true,5dff3859ad319cb37301e68cfc6fde00723e3a42110ca93adb44c05e97098167
softmax_whole_stage_atc_trace_v1,softmax_whole_stage_operand_rate_atc,softmax_whole_stage_operand_rate_atc_v2,20260728_operand_rate_v2_final_exp_session03_CAB,exp,fp16x2,20260728_operand_rate_v2_final_exp_session03_CAB_exp_fp16x2,0,2,20260728_operand_rate_v2_final_exp_session03_CAB_exp_fp16x2_b0_r2_control,control,control,20260728_operand_rate_v2_final_exp_session03_CAB_exp_fp16x2_b0_r2_control_1785247226166,42,183977.63132277,183977.63275681,183977.63203978998,0.0014340399939101189,10.650874671991915,10565200772,true,true,5dff3859ad319cb37301e68cfc6fde00723e3a42110ca93adb44c05e97098167
softmax_whole_stage_atc_trace_v1,softmax_whole_stage_operand_rate_atc,softmax_whole_stage_operand_rate_atc_v2,20260728_operand_rate_v2_final_exp_session03_CAB,exp,fp16x2,20260728_operand_rate_v2_final_exp_session03_CAB_exp_fp16x2,0,2,20260728_operand_rate_v2_final_exp_session03_CAB_exp_fp16x2_b0_r2_control,control,control,20260728_operand_rate_v2_final_exp_session03_CAB_exp_fp16x2_b0_r2_control_1785247226166,43,183977.88296828899,183977.887444108,183977.88520619849,0.0044758190051652491,10.904041080502793,10565244713,true,true,5dff3859ad319cb37301e68cfc6fde00723e3a42110ca93adb44c05e97098167
softmax_whole_stage_atc_trace_v1,softmax_whole_stage_operand_rate_atc,softmax_whole_stage_operand_rate_atc_v2,20260728_operand_rate_v2_final_exp_session03_CAB,exp,fp16x2,20260728_operand_rate_v2_final_exp_session03_CAB_exp_fp16x2,0,2,20260728_operand_rate_v2_final_exp_session03_CAB_exp_fp16x2_b0_r2_control,control,control,20260728_operand_rate_v2_final_exp_session03_CAB_exp_fp16x2_b0_r2_control_1785247226166,44,183978.13762743099,183978.139008097,183978.13831776398,0.0013806660135742277,11.15715264598839,10565314117,true,true,5dff3859ad319cb37301e68cfc6fde00723e3a42110ca93adb44c05e97098167
softmax_whole_stage_atc_trace_v1,softmax_whole_stage_operand_rate_atc,softmax_whole_stage_operand_rate_atc_v2,20260728_operand_rate_v2_final_exp_session03_CAB,exp,fp16x2,20260728_operand_rate_v2_final_exp_session03_CAB_exp_fp16x2,0,2,20260728_operand_rate_v2_final_exp_session03_CAB_exp_fp16x2_b0_r2_control,control,control,20260728_operand_rate_v2_final_exp_session03_CAB_exp_fp16x2_b0_r2_control_1785247226166,45,183978.38927882499,183978.39376679799,183978.39152281149,0.0044879729975946248,11.410357693501282,10565358050,true,true,5dff3859ad319cb37301e68cfc6fde00723e3a42110ca93adb44c05e97098167
softmax_whole_stage_atc_trace_v1,softmax_whole_stage_operand_rate_atc,softmax_whole_stage_operand_rate_atc_v2,20260728_operand_rate_v2_final_exp_session03_CAB,exp,fp16x2,20260728_operand_rate_v2_final_exp_session03_CAB_exp_fp16x2,0,2,20260728_operand_rate_v2_final_exp_session03_CAB_exp_fp16x2_b0_r2_control,control,control,20260728_operand_rate_v2_final_exp_session03_CAB_exp_fp16x2_b0_r2_control_1785247226166,46,183978.644222061,183978.64557406399,183978.64489806251,0.0013520029897335917,11.663732944522053,10565427525,true,true,5dff3859ad319cb37301e68cfc6fde00723e3a42110ca93adb44c05e97098167
softmax_whole_stage_atc_trace_v1,softmax_whole_stage_operand_rate_atc,softmax_whole_stage_operand_rate_atc_v2,20260728_operand_rate_v2_final_exp_session03_CAB,exp,fp16x2,20260728_operand_rate_v2_final_exp_session03_CAB_exp_fp16x2,0,2,20260728_operand_rate_v2_final_exp_session03_CAB_exp_fp16x2_b0_r2_control,control,control,20260728_operand_rate_v2_final_exp_session03_CAB_exp_fp16x2_b0_r2_control_1785247226166,47,183978.89894683301,183978.900327904,183978.89963736851,0.0013810709933750331,11.918472250516061,10565471391,true,true,5dff3859ad319cb37301e68cfc6fde00723e3a42110ca93adb44c05e97098167
softmax_whole_stage_atc_trace_v1,softmax_whole_stage_operand_rate_atc,softmax_whole_stage_operand_rate_atc_v2,20260728_operand_rate_v2_final_exp_session03_CAB,exp,fp16x2,20260728_operand_rate_v2_final_exp_session03_CAB_exp_fp16x2,0,2,20260728_operand_rate_v2_final_exp_session03_CAB_exp_fp16x2_b0_r2_control,control,control,20260728_operand_rate_v2_final_exp_session03_CAB_exp_fp16x2_b0_r2_control_1785247226166,48,183979.15366613699,183979.15505531,183979.15436072351,0.00138917300500907,12.173195605515502,10565540797,true,true,5dff3859ad319cb37301e68cfc6fde00723e3a42110ca93adb44c05e97098167
softmax_whole_stage_atc_trace_v1,softmax_whole_stage_operand_rate_atc,softmax_whole_stage_operand_rate_atc_v2,20260728_operand_rate_v2_final_exp_session03_CAB,exp,fp16x2,20260728_operand_rate_v2_final_exp_session03_CAB_exp_fp16x2,0,2,20260728_operand_rate_v2_final_exp_session03_CAB_exp_fp16x2_b0_r2_control,control,control,20260728_operand_rate_v2_final_exp_session03_CAB_exp_fp16x2_b0_r2_control_1785247226166,49,183979.40839830201,183979.40984794,183979.409123121,0.0014496379881165922,12.427958003012463,10565583970,true,true,5dff3859ad319cb37301e68cfc6fde00723e3a42110ca93adb44c05e97098167
softmax_whole_stage_atc_trace_v1,softmax_whole_stage_operand_rate_atc,softmax_whole_stage_operand_rate_atc_v2,20260728_operand_rate_v2_final_exp_session03_CAB,exp,fp16x2,20260728_operand_rate_v2_final_exp_session03_CAB_exp_fp16x2,0,2,20260728_operand_rate_v2_final_exp_session03_CAB_exp_fp16x2_b0_r2_control,control,control,20260728_operand_rate_v2_final_exp_session03_CAB_exp_fp16x2_b0_r2_control_1785247226166,50,183979.66322182401,183979.664662853,183979.66394233849,0.001441028987755999,12.682777220499702,10565652691,true,true,5dff3859ad319cb37301e68cfc6fde00723e3a42110ca93adb44c05e97098167
softmax_whole_stage_atc_trace_v1,softmax_whole_stage_operand_rate_atc,softmax_whole_stage_operand_rate_atc_v2,20260728_operand_rate_v2_final_exp_session03_CAB,exp,fp16x2,20260728_operand_rate_v2_final_exp_session03_CAB_exp_fp16x2,0,2,20260728_operand_rate_v2_final_exp_session03_CAB_exp_fp16x2_b0_r2_control,control,control,20260728_operand_rate_v2_final_exp_session03_CAB_exp_fp16x2_b0_r2_control_1785247226166,51,183979.915728639,183979.917091479,183979.916410059,0.0013628400047309697,12.935244941007113,10565695091,true,true,5dff3859ad319cb37301e68cfc6fde00723e3a42110ca93adb44c05e97098167
softmax_whole_stage_atc_trace_v1,softmax_whole_stage_operand_rate_atc,softmax_whole_stage_operand_rate_atc_v2,20260728_operand_rate_v2_final_exp_session03_CAB,exp,fp16x2,20260728_operand_rate_v2_final_exp_session03_CAB_exp_fp16x2,0,2,20260728_operand_rate_v2_final_exp_session03_CAB_exp_fp16x2_b0_r2_control,control,control,20260728_operand_rate_v2_final_exp_session03_CAB_exp_fp16x2_b0_r2_control_1785247226166,52,183980.16756244001,183980.16897268,183980.16826756002,0.0014102399873081595,13.187102442025207,10565763727,true,false,5dff3859ad319cb37301e68cfc6fde00723e3a42110ca93adb44c05e97098167
softmax_whole_stage_atc_trace_v1,softmax_whole_stage_operand_rate_atc,softmax_whole_stage_operand_rate_atc_v2,20260728_operand_rate_v2_final_exp_session03_CAB,exp,fp16x2,20260728_operand_rate_v2_final_exp_session03_CAB_exp_fp16x2,0,2,20260728_operand_rate_v2_final_exp_session03_CAB_exp_fp16x2_b0_r2_control,control,control,20260728_operand_rate_v2_final_exp_session03_CAB_exp_fp16x2_b0_r2_control_1785247226166,53,183980.42234565201,183980.423770375,183980.42305801349,0.0014247229846660048,13.441892895498313,10565806703,true,false,5dff3859ad319cb37301e68cfc6fde00723e3a42110ca93adb44c05e97098167
softmax_whole_stage_atc_trace_v1,softmax_whole_stage_operand_rate_atc,softmax_whole_stage_operand_rate_atc_v2,20260728_operand_rate_v2_final_exp_session03_CAB,exp,fp16x2,20260728_operand_rate_v2_final_exp_session03_CAB_exp_fp16x2,0,2,20260728_operand_rate_v2_final_exp_session03_CAB_exp_fp16x2_b0_r2_control,control,control,20260728_operand_rate_v2_final_exp_session03_CAB_exp_fp16x2_b0_r2_control_1785247226166,54,183980.67392280701,183980.67535927799,183980.67464104248,0.001436470978660509,13.693475924490485,10565868098,true,false,5dff3859ad319cb37301e68cfc6fde00723e3a42110ca93adb44c05e97098167
softmax_whole_stage_atc_trace_v1,softmax_whole_stage_operand_rate_atc,softmax_whole_stage_operand_rate_atc_v2,20260728_operand_rate_v2_final_exp_session03_CAB,exp,fp16x2,20260728_operand_rate_v2_final_exp_session03_CAB_exp_fp16x2,0,2,20260728_operand_rate_v2_final_exp_session03_CAB_exp_fp16x2_b0_r2_control,control,control,20260728_operand_rate_v2_final_exp_session03_CAB_exp_fp16x2_b0_r2_control_1785247226166,55,183980.675380142,183980.67657910899,183980.67597962549,0.0011989669874310493,13.694814507500269,10565868098,false,false,5dff3859ad319cb37301e68cfc6fde00723e3a42110ca93adb44c05e97098167
softmax_whole_stage_atc_trace_v1,softmax_whole_stage_operand_rate_atc,softmax_whole_stage_operand_rate_atc_v2,20260728_operand_rate_v2_final_exp_session03_CAB,exp,fp16x2,20260728_operand_rate_v2_final_exp_session03_CAB_exp_fp16x2,1,0,20260728_operand_rate_v2_final_exp_session03_CAB_exp_fp16x2_b1_r0_treatment,treatment,treatment,20260728_operand_rate_v2_final_exp_session03_CAB_exp_fp16x2_b1_r0_treatment_1785247240887,0,183981.713665872,183981.71539879401,183981.71453233302,0.0017329220136161894,0.00096824803040362895,10566000578,false,false,5dff3859ad319cb37301e68cfc6fde00723e3a42110ca93adb44c05e97098167
softmax_whole_stage_atc_trace_v1,softmax_whole_stage_operand_rate_atc,softmax_whole_stage_operand_rate_atc_v2,20260728_operand_rate_v2_final_exp_session03_CAB,exp,fp16x2,20260728_operand_rate_v2_final_exp_session03_CAB_exp_fp16x2,1,0,20260728_operand_rate_v2_final_exp_session03_CAB_exp_fp16x2_b1_r0_treatment,treatment,treatment,20260728_operand_rate_v2_final_exp_session03_CAB_exp_fp16x2_b1_r0_treatment_1785247240887,1,183981.96877450001,183981.97016124299,183981.9694678715,0.0013867429806850851,0.2559037865139544,10566036987,true,false,5dff3859ad319cb37301e68cfc6fde00723e3a42110ca93adb44c05e97098167
softmax_whole_stage_atc_trace_v1,softmax_whole_stage_operand_rate_atc,softmax_whole_stage_operand_rate_atc_v2,20260728_operand_rate_v2_final_exp_session03_CAB,exp,fp16x2,20260728_operand_rate_v2_final_exp_session03_CAB_exp_fp16x2,1,0,20260728_operand_rate_v2_final_exp_session03_CAB_exp_fp16x2_b1_r0_treatment,treatment,treatment,20260728_operand_rate_v2_final_exp_session03_CAB_exp_fp16x2_b1_r0_treatment_1785247240887,2,183982.22202542899,183982.22447005301,183982.223247741,0.0024446240277029574,0.50968365601147525,10566103173,true,false,5dff3859ad319cb37301e68cfc6fde00723e3a42110ca93adb44c05e97098167
softmax_whole_stage_atc_trace_v1,softmax_whole_stage_operand_rate_atc,softmax_whole_stage_operand_rate_atc_v2,20260728_operand_rate_v2_final_exp_session03_CAB,exp,fp16x2,20260728_operand_rate_v2_final_exp_session03_CAB_exp_fp16x2,1,0,20260728_operand_rate_v2_final_exp_session03_CAB_exp_fp16x2_b1_r0_treatment,treatment,treatment,20260728_operand_rate_v2_final_exp_session03_CAB_exp_fp16x2_b1_r0_treatment_1785247240887,3,183982.47784434201,183982.479180241,183982.47851229151,0.0013358989963307977,0.7649482065171469,10566171901,true,true,5dff3859ad319cb37301e68cfc6fde00723e3a42110ca93adb44c05e97098167
softmax_whole_stage_atc_trace_v1,softmax_whole_stage_operand_rate_atc,softmax_whole_stage_operand_rate_atc_v2,20260728_operand_rate_v2_final_exp_session03_CAB,exp,fp16x2,20260728_operand_rate_v2_final_exp_session03_CAB_exp_fp16x2,1,0,20260728_operand_rate_v2_final_exp_session03_CAB_exp_fp16x2_b1_r0_treatment,treatment,treatment,20260728_operand_rate_v2_final_exp_session03_CAB_exp_fp16x2_b1_r0_treatment_1785247240887,4,183982.730970998,183982.732446868,183982.73170893302,0.0014758699981030077,1.0181448480288964,10566218588,true,true,5dff3859ad319cb37301e68cfc6fde00723e3a42110ca93adb44c05e97098167
softmax_whole_stage_atc_trace_v1,softmax_whole_stage_operand_rate_atc,softmax_whole_stage_operand_rate_atc_v2,20260728_operand_rate_v2_final_exp_session03_CAB,exp,fp16x2,20260728_operand_rate_v2_final_exp_session03_CAB_exp_fp16x2,1,0,20260728_operand_rate_v2_final_exp_session03_CAB_exp_fp16x2_b1_r0_treatment,treatment,treatment,20260728_operand_rate_v2_final_exp_session03_CAB_exp_fp16x2_b1_r0_treatment_1785247240887,5,183982.98393246401,183982.985197061,183982.9845647625,0.0012645969982258976,1.2710006775159854,10566286954,true,true,5dff3859ad319cb37301e68cfc6fde00723e3a42110ca93adb44c05e97098167
softmax_whole_stage_atc_trace_v1,softmax_whole_stage_operand_rate_atc,softmax_whole_stage_operand_rate_atc_v2,20260728_operand_rate_v2_final_exp_session03_CAB,exp,fp16x2,20260728_operand_rate_v2_final_exp_session03_CAB_exp_fp16x2,1,0,20260728_operand_rate_v2_final_exp_session03_CAB_exp_fp16x2_b1_r0_treatment,treatment,treatment,20260728_operand_rate_v2_final_exp_session03_CAB_exp_fp16x2_b1_r0_treatment_1785247240887,6,183983.236909731,183983.23828472401,183983.2375972275,0.0013749930076301098,1.524033142515691,10566333827,true,true,5dff3859ad319cb37301e68cfc6fde00723e3a42110ca93adb44c05e97098167
softmax_whole_stage_atc_trace_v1,softmax_whole_stage_operand_rate_atc,softmax_whole_stage_operand_rate_atc_v2,20260728_operand_rate_v2_final_exp_session03_CAB,exp,fp16x2,20260728_operand_rate_v2_final_exp_session03_CAB_exp_fp16x2,1,0,20260728_operand_rate_v2_final_exp_session03_CAB_exp_fp16x2_b1_r0_treatment,treatment,treatment,20260728_operand_rate_v2_final_exp_session03_CAB_exp_fp16x2_b1_r0_treatment_1785247240887,7,183983.49165769599,183983.49714055401,183983.49439912499,0.0054828580177854747,1.7808350400009658,10566402421,true,true,5dff3859ad319cb37301e68cfc6fde00723e3a42110ca93adb44c05e97098167
softmax_whole_stage_atc_trace_v1,softmax_whole_stage_operand_rate_atc,softmax_whole_stage_operand_rate_atc_v2,20260728_operand_rate_v2_final_exp_session03_CAB,exp,fp16x2,20260728_operand_rate_v2_final_exp_session03_CAB_exp_fp16x2,1,0,20260728_operand_rate_v2_final_exp_session03_CAB_exp_fp16x2_b1_r0_treatment,treatment,treatment,20260728_operand_rate_v2_final_exp_session03_CAB_exp_fp16x2_b1_r0_treatment_1785247240887,8,183983.748820307,183983.75030529199,183983.74956279949,0.0014849849976599216,2.0359987145056948,10566448577,true,true,5dff3859ad319cb37301e68cfc6fde00723e3a42110ca93adb44c05e97098167
softmax_whole_stage_atc_trace_v1,softmax_whole_stage_operand_rate_atc,softmax_whole_stage_operand_rate_atc_v2,20260728_operand_rate_v2_final_exp_session03_CAB,exp,fp16x2,20260728_operand_rate_v2_final_exp_session03_CAB_exp_fp16x2,1,0,20260728_operand_rate_v2_final_exp_session03_CAB_exp_fp16x2_b1_r0_treatment,treatment,treatment,20260728_operand_rate_v2_final_exp_session03_CAB_exp_fp16x2_b1_r0_treatment_1785247240887,9,183984.003681303,183984.005102278,183984.00439179048,0.0014209749933797866,2.290827705495758,10566516050,true,true,5dff3859ad319cb37301e68cfc6fde00723e3a42110ca93adb44c05e97098167
softmax_whole_stage_atc_trace_v1,softmax_whole_stage_operand_rate_atc,softmax_whole_stage_operand_rate_atc_v2,20260728_operand_rate_v2_final_exp_session03_CAB,exp,fp16x2,20260728_operand_rate_v2_final_exp_session03_CAB_exp_fp16x2,1,0,20260728_operand_rate_v2_final_exp_session03_CAB_exp_fp16x2_b1_r0_treatment,treatment,treatment,20260728_operand_rate_v2_final_exp_session03_CAB_exp_fp16x2_b1_r0_treatment_1785247240887,10,183984.256534196,183984.25792184999,183984.25722802299,0.0013876539887860417,2.5436639380059205,10566561812,true,true,5dff3859ad319cb37301e68cfc6fde00723e3a42110ca93adb44c05e97098167
softmax_whole_stage_atc_trace_v1,softmax_whole_stage_operand_rate_atc,softmax_whole_stage_operand_rate_atc_v2,20260728_operand_rate_v2_final_exp_session03_CAB,exp,fp16x2,20260728_operand_rate_v2_final_exp_session03_CAB_exp_fp16x2,1,0,20260728_operand_rate_v2_final_exp_session03_CAB_exp_fp16x2_b1_r0_treatment,treatment,treatment,20260728_operand_rate_v2_final_exp_session03_CAB_exp_fp16x2_b1_r0_treatment_1785247240887,11,183984.51130029099,183984.51264763501,183984.511973963,0.0013473440194502473,2.798409878014354,10566629103,true,true,5dff3859ad319cb37301e68cfc6fde00723e3a42110ca93adb44c05e97098167
softmax_whole_stage_atc_trace_v1,softmax_whole_stage_operand_rate_atc,softmax_whole_stage_operand_rate_atc_v2,20260728_operand_rate_v2_final_exp_session03_CAB,exp,fp16x2,20260728_operand_rate_v2_final_exp_session03_CAB_exp_fp16x2,1,0,20260728_operand_rate_v2_final_exp_session03_CAB_exp_fp16x2_b1_r0_treatment,treatment,treatment,20260728_operand_rate_v2_final_exp_session03_CAB_exp_fp16x2_b1_r0_treatment_1785247240887,12,183984.76421131901,183984.76566197001,183984.76493664453,0.0014506510051432997,3.0513725595374126,10566674702,true,true,5dff3859ad319cb37301e68cfc6fde00723e3a42110ca93adb44c05e97098167
softmax_whole_stage_atc_trace_v1,softmax_whole_stage_operand_rate_atc,softmax_whole_stage_operand_rate_atc_v2,20260728_operand_rate_v2_final_exp_session03_CAB,exp,fp16x2,20260728_operand_rate_v2_final_exp_session03_CAB_exp_fp16x2,1,0,20260728_operand_rate_v2_final_exp_session03_CAB_exp_fp16x2_b1_r0_treatment,treatment,treatment,20260728_operand_rate_v2_final_exp_session03_CAB_exp_fp16x2_b1_r0_treatment_1785247240887,13,183985.015853902,183985.01722241301,183985.01653815751,0.0013685110025107861,3.3029740725178272,10566741648,true,true,5dff3859ad319cb37301e68cfc6fde00723e3a42110ca93adb44c05e97098167
softmax_whole_stage_atc_trace_v1,softmax_whole_stage_operand_rate_atc,softmax_whole_stage_operand_rate_atc_v2,20260728_operand_rate_v2_final_exp_session03_CAB,exp,fp16x2,20260728_operand_rate_v2_final_exp_session03_CAB_exp_fp16x2,1,0,20260728_operand_rate_v2_final_exp_session03_CAB_exp_fp16x2_b1_r0_treatment,treatment,treatment,20260728_operand_rate_v2_final_exp_session03_CAB_exp_fp16x2_b1_r0_treatment_1785247240887,14,183985.268075473,183985.26952623899,183985.26880085599,0.0014507659943774343,3.5552367710042745,10566787589,true,true,5dff3859ad319cb37301e68cfc6fde00723e3a42110ca93adb44c05e97098167
softmax_whole_stage_atc_trace_v1,softmax_whole_stage_operand_rate_atc,softmax_whole_stage_operand_rate_atc_v2,20260728_operand_rate_v2_final_exp_session03_CAB,exp,fp16x2,20260728_operand_rate_v2_final_exp_session03_CAB_exp_fp16x2,1,0,20260728_operand_rate_v2_final_exp_session03_CAB_exp_fp16x2_b1_r0_treatment,treatment,treatment,20260728_operand_rate_v2_final_exp_session03_CAB_exp_fp16x2_b1_r0_treatment_1785247240887,15,183985.51974481699,183985.52112437401,183985.5204345955,0.0013795570121146739,3.8068705105106346,10566855107,true,true,5dff3859ad319cb37301e68cfc6fde00723e3a42110ca93adb44c05e97098167
softmax_whole_stage_atc_trace_v1,softmax_whole_stage_operand_rate_atc,softmax_whole_stage_operand_rate_atc_v2,20260728_operand_rate_v2_final_exp_session03_CAB,exp,fp16x2,20260728_operand_rate_v2_final_exp_session03_CAB_exp_fp16x2,1,0,20260728_operand_rate_v2_final_exp_session03_CAB_exp_fp16x2_b1_r0_treatment,treatment,treatment,20260728_operand_rate_v2_final_exp_session03_CAB_exp_fp16x2_b1_r0_treatment_1785247240887,16,183985.77128104999,183985.77270420201,183985.77199262602,0.0014231520181056112,4.0584285410295706,10566901401,true,true,5dff3859ad319cb37301e68cfc6fde00723e3a42110ca93adb44c05e97098167
softmax_whole_stage_atc_trace_v1,softmax_whole_stage_operand_rate_atc,softmax_whole_stage_operand_rate_atc_v2,20260728_operand_rate_v2_final_exp_session03_CAB,exp,fp16x2,20260728_operand_rate_v2_final_exp_session03_CAB_exp_fp16x2,1,0,20260728_operand_rate_v2_final_exp_session03_CAB_exp_fp16x2_b1_r0_treatment,treatment,treatment,20260728_operand_rate_v2_final_exp_session03_CAB_exp_fp16x2_b1_r0_treatment_1785247240887,17,183986.023006228,183986.02714580999,183986.025076019,0.0041395819862373173,4.3115119340072852,10566969262,true,true,5dff3859ad319cb37301e68cfc6fde00723e3a42110ca93adb44c05e97098167
softmax_whole_stage_atc_trace_v1,softmax_whole_stage_operand_rate_atc,softmax_whole_stage_operand_rate_atc_v2,20260728_operand_rate_v2_final_exp_session03_CAB,exp,fp16x2,20260728_operand_rate_v2_final_exp_session03_CAB_exp_fp16x2,1,0,20260728_operand_rate_v2_final_exp_session03_CAB_exp_fp16x2_b1_r0_treatment,treatment,treatment,20260728_operand_rate_v2_final_exp_session03_CAB_exp_fp16x2_b1_r0_treatment_1785247240887,18,183986.27807879701,183986.27960795199,183986.27884337452,0.0015291549789253622,4.5652792895270977,10567015368,true,true,5dff3859ad319cb37301e68cfc6fde00723e3a42110ca93adb44c05e97098167
softmax_whole_stage_atc_trace_v1,softmax_whole_stage_operand_rate_atc,softmax_whole_stage_operand_rate_atc_v2,20260728_operand_rate_v2_final_exp_session03_CAB,exp,fp16x2,20260728_operand_rate_v2_final_exp_session03_CAB_exp_fp16x2,1,0,20260728_operand_rate_v2_final_exp_session03_CAB_exp_fp16x2_b1_r0_treatment,treatment,treatment,20260728_operand_rate_v2_final_exp_session03_CAB_exp_fp16x2_b1_r0_treatment_1785247240887,19,183986.52981085301,183986.532192382,183986.53100161749,0.0023815289896447212,4.8174375325033907,10567082813,true,true,5dff3859ad319cb37301e68cfc6fde00723e3a42110ca93adb44c05e97098167
softmax_whole_stage_atc_trace_v1,softmax_whole_stage_operand_rate_atc,softmax_whole_stage_operand_rate_atc_v2,20260728_operand_rate_v2_final_exp_session03_CAB,exp,fp16x2,20260728_operand_rate_v2_final_exp_session03_CAB_exp_fp16x2,1,0,20260728_operand_rate_v2_final_exp_session03_CAB_exp_fp16x2_b1_r0_treatment,treatment,treatment,20260728_operand_rate_v2_final_exp_session03_CAB_exp_fp16x2_b1_r0_treatment_1785247240887,20,183986.78234015699,183986.783916043,183986.78312809998,0.001575886009959504,5.0695640149933752,10567129002,true,true,5dff3859ad319cb37301e68cfc6fde00723e3a42110ca93adb44c05e97098167
softmax_whole_stage_atc_trace_v1,softmax_whole_stage_operand_rate_atc,softmax_whole_stage_operand_rate_atc_v2,20260728_operand_rate_v2_final_exp_session03_CAB,exp,fp16x2,20260728_operand_rate_v2_final_exp_session03_CAB_exp_fp16x2,1,0,20260728_operand_rate_v2_final_exp_session03_CAB_exp_fp16x2_b1_r0_treatment,treatment,treatment,20260728_operand_rate_v2_final_exp_session03_CAB_exp_fp16x2_b1_r0_treatment_1785247240887,21,183987.03432720699,183987.03833995,183987.03633357849,0.0040127430111169815,5.322769493504893,10567196753,true,true,5dff3859ad319cb37301e68cfc6fde00723e3a42110ca93adb44c05e97098167
softmax_whole_stage_atc_trace_v1,softmax_whole_stage_operand_rate_atc,softmax_whole_stage_operand_rate_atc_v2,20260728_operand_rate_v2_final_exp_session03_CAB,exp,fp16x2,20260728_operand_rate_v2_final_exp_session03_CAB_exp_fp16x2,1,0,20260728_operand_rate_v2_final_exp_session03_CAB_exp_fp16x2_b1_r0_treatment,treatment,treatment,20260728_operand_rate_v2_final_exp_session03_CAB_exp_fp16x2_b1_r0_treatment_1785247240887,22,183987.289357395,183987.290755867,183987.290056631,0.0013984719989821315,5.5764925460098311,10567242817,true,true,5dff3859ad319cb37301e68cfc6fde00723e3a42110ca93adb44c05e97098167
softmax_whole_stage_atc_trace_v1,softmax_whole_stage_operand_rate_atc,softmax_whole_stage_operand_rate_atc_v2,20260728_operand_rate_v2_final_exp_session03_CAB,exp,fp16x2,20260728_operand_rate_v2_final_exp_session03_CAB_exp_fp16x2,1,0,20260728_operand_rate_v2_final_exp_session03_CAB_exp_fp16x2_b1_r0_treatment,treatment,treatment,20260728_operand_rate_v2_final_exp_session03_CAB_exp_fp16x2_b1_r0_treatment_1785247240887,23,183987.541124246,183987.54341110101,183987.5422676735,0.0022868550149723887,5.8287035885150544,10567310245,true,true,5dff3859ad319cb37301e68cfc6fde00723e3a42110ca93adb44c05e97098167
softmax_whole_stage_atc_trace_v1,softmax_whole_stage_operand_rate_atc,softmax_whole_stage_operand_rate_atc_v2,20260728_operand_rate_v2_final_exp_session03_CAB,exp,fp16x2,20260728_operand_rate_v2_final_exp_session03_CAB_exp_fp16x2,1,0,20260728_operand_rate_v2_final_exp_session03_CAB_exp_fp16x2_b1_r0_treatment,treatment,treatment,20260728_operand_rate_v2_final_exp_session03_CAB_exp_fp16x2_b1_r0_treatment_1785247240887,24,183987.793812352,183987.79523489799,183987.79452362499,0.0014225459890440106,6.0809595400060061,10567356526,true,true,5dff3859ad319cb37301e68cfc6fde00723e3a42110ca93adb44c05e97098167
softmax_whole_stage_atc_trace_v1,softmax_whole_stage_operand_rate_atc,softmax_whole_stage_operand_rate_atc_v2,20260728_operand_rate_v2_final_exp_session03_CAB,exp,fp16x2,20260728_operand_rate_v2_final_exp_session03_CAB_exp_fp16x2,1,0,20260728_operand_rate_v2_final_exp_session03_CAB_exp_fp16x2_b1_r0_treatment,treatment,treatment,20260728_operand_rate_v2_final_exp_session03_CAB_exp_fp16x2_b1_r0_treatment_1785247240887,25,183988.04611609699,183988.049557758,183988.04783692749,0.0034416610142216086,6.3342728425050154,10567424348,true,true,5dff3859ad319cb37301e68cfc6fde00723e3a42110ca93adb44c05e97098167
softmax_whole_stage_atc_trace_v1,softmax_whole_stage_operand_rate_atc,softmax_whole_stage_operand_rate_atc_v2,20260728_operand_rate_v2_final_exp_session03_CAB,exp,fp16x2,20260728_operand_rate_v2_final_exp_session03_CAB_exp_fp16x2,1,0,20260728_operand_rate_v2_final_exp_session03_CAB_exp_fp16x2_b1_r0_treatment,treatment,treatment,20260728_operand_rate_v2_final_exp_session03_CAB_exp_fp16x2_b1_r0_treatment_1785247240887,26,183988.300512188,183988.301947984,183988.30123008601,0.0014357960026245564,6.5876660010253545,10567470516,true,true,5dff3859ad319cb37301e68cfc6fde00723e3a42110ca93adb44c05e97098167
softmax_whole_stage_atc_trace_v1,softmax_whole_stage_operand_rate_atc,softmax_whole_stage_operand_rate_atc_v2,20260728_operand_rate_v2_final_exp_session03_CAB,exp,fp16x2,20260728_operand_rate_v2_final_exp_session03_CAB_exp_fp16x2,1,0,20260728_operand_rate_v2_final_exp_session03_CAB_exp_fp16x2_b1_r0_treatment,treatment,treatment,20260728_operand_rate_v2_final_exp_session03_CAB_exp_fp16x2_b1_r0_treatment_1785247240887,27,183988.554954808,183988.55633476999,183988.55564478901,0.0013799619919154793,6.8420807040238287,10567538196,true,true,5dff3859ad319cb37301e68cfc6fde00723e3a42110ca93adb44c05e97098167
softmax_whole_stage_atc_trace_v1,softmax_whole_stage_operand_rate_atc,softmax_whole_stage_operand_rate_atc_v2,20260728_operand_rate_v2_final_exp_session03_CAB,exp,fp16x2,20260728_operand_rate_v2_final_exp_session03_CAB_exp_fp16x2,1,0,20260728_operand_rate_v2_final_exp_session03_CAB_exp_fp16x2_b1_r0_treatment,treatment,treatment,20260728_operand_rate_v2_final_exp_session03_CAB_exp_fp16x2_b1_r0_treatment_1785247240887,28,183988.807233164,183988.80862425201,183988.807928708,0.0013910880079492927,7.0943646230152808,10567584217,true,true,5dff3859ad319cb37301e68cfc6fde00723e3a42110ca93adb44c05e97098167
softmax_whole_stage_atc_trace_v1,softmax_whole_stage_operand_rate_atc,softmax_whole_stage_operand_rate_atc_v2,20260728_operand_rate_v2_final_exp_session03_CAB,exp,fp16x2,20260728_operand_rate_v2_final_exp_session03_CAB_exp_fp16x2,1,0,20260728_operand_rate_v2_final_exp_session03_CAB_exp_fp16x2_b1_r0_treatment,treatment,treatment,20260728_operand_rate_v2_final_exp_session03_CAB_exp_fp16x2_b1_r0_treatment_1785247240887,29,183989.058800247,183989.06074593001,183989.05977308849,0.0019456830050330609,7.3462090035027359,10567651743,true,true,5dff3859ad319cb37301e68cfc6fde00723e3a42110ca93adb44c05e97098167
softmax_whole_stage_atc_trace_v1,softmax_whole_stage_operand_rate_atc,softmax_whole_stage_operand_rate_atc_v2,20260728_operand_rate_v2_final_exp_session03_CAB,exp,fp16x2,20260728_operand_rate_v2_final_exp_session03_CAB_exp_fp16x2,1,0,20260728_operand_rate_v2_final_exp_session03_CAB_exp_fp16x2_b1_r0_treatment,treatment,treatment,20260728_operand_rate_v2_final_exp_session03_CAB_exp_fp16x2_b1_r0_treatment_1785247240887,30,183989.31154833399,183989.312963395,183989.3122558645,0.001415061007719487,7.5986917795089539,10567698027,true,true,5dff3859ad319cb37301e68cfc6fde00723e3a42110ca93adb44c05e97098167
softmax_whole_stage_atc_trace_v1,softmax_whole_stage_operand_rate_atc,softmax_whole_stage_operand_rate_atc_v2,20260728_operand_rate_v2_final_exp_session03_CAB,exp,fp16x2,20260728_operand_rate_v2_final_exp_session03_CAB_exp_fp16x2,1,0,20260728_operand_rate_v2_final_exp_session03_CAB_exp_fp16x2_b1_r0_treatment,treatment,treatment,20260728_operand_rate_v2_final_exp_session03_CAB_exp_fp16x2_b1_r0_treatment_1785247240887,31,183989.56348653001,183989.56574314099,183989.56461483549,0.0022566109837498516,7.8510507504979614,10567765774,true,true,5dff3859ad319cb37301e68cfc6fde00723e3a42110ca93adb44c05e97098167
softmax_whole_stage_atc_trace_v1,softmax_whole_stage_operand_rate_atc,softmax_whole_stage_operand_rate_atc_v2,20260728_operand_rate_v2_final_exp_session03_CAB,exp,fp16x2,20260728_operand_rate_v2_final_exp_session03_CAB_exp_fp16x2,1,0,20260728_operand_rate_v2_final_exp_session03_CAB_exp_fp16x2_b1_r0_treatment,treatment,treatment,20260728_operand_rate_v2_final_exp_session03_CAB_exp_fp16x2_b1_r0_treatment_1785247240887,32,183989.81629115899,183989.81775375901,183989.817022459,0.0014626000192947686,8.1034583740110975,10567812229,true,true,5dff3859ad319cb37301e68cfc6fde00723e3a42110ca93adb44c05e97098167
softmax_whole_stage_atc_trace_v1,softmax_whole_stage_operand_rate_atc,softmax_whole_stage_operand_rate_atc_v2,20260728_operand_rate_v2_final_exp_session03_CAB,exp,fp16x2,20260728_operand_rate_v2_final_exp_session03_CAB_exp_fp16x2,1,0,20260728_operand_rate_v2_final_exp_session03_CAB_exp_fp16x2_b1_r0_treatment,treatment,treatment,20260728_operand_rate_v2_final_exp_session03_CAB_exp_fp16x2_b1_r0_treatment_1785247240887,33,183990.06840929599,183990.07181201599,183990.07011065597,0.0034027200017590076,8.3565465709834825,10567880214,true,true,5dff3859ad319cb37301e68cfc6fde00723e3a42110ca93adb44c05e97098167
softmax_whole_stage_atc_trace_v1,softmax_whole_stage_operand_rate_atc,softmax_whole_stage_operand_rate_atc_v2,20260728_operand_rate_v2_final_exp_session03_CAB,exp,fp16x2,20260728_operand_rate_v2_final_exp_session03_CAB_exp_fp16x2,1,0,20260728_operand_rate_v2_final_exp_session03_CAB_exp_fp16x2_b1_r0_treatment,treatment,treatment,20260728_operand_rate_v2_final_exp_session03_CAB_exp_fp16x2_b1_r0_treatment_1785247240887,34,183990.32247089199,183990.32392671501,183990.3231988035,0.0014558230177499354,8.6096347185084596,10567926475,true,true,5dff3859ad319cb37301e68cfc6fde00723e3a42110ca93adb44c05e97098167
softmax_whole_stage_atc_trace_v1,softmax_whole_stage_operand_rate_atc,softmax_whole_stage_operand_rate_atc_v2,20260728_operand_rate_v2_final_exp_session03_CAB,exp,fp16x2,20260728_operand_rate_v2_final_exp_session03_CAB_exp_fp16x2,1,0,20260728_operand_rate_v2_final_exp_session03_CAB_exp_fp16x2_b1_r0_treatment,treatment,treatment,20260728_operand_rate_v2_final_exp_session03_CAB_exp_fp16x2_b1_r0_treatment_1785247240887,35,183990.574556662,183990.57687699699,183990.57571682951,0.0023203349846880883,8.8621527445211541,10567994130,true,true,5dff3859ad319cb37301e68cfc6fde00723e3a42110ca93adb44c05e97098167
softmax_whole_stage_atc_trace_v1,softmax_whole_stage_operand_rate_atc,softmax_whole_stage_operand_rate_atc_v2,20260728_operand_rate_v2_final_exp_session03_CAB,exp,fp16x2,20260728_operand_rate_v2_final_exp_session03_CAB_exp_fp16x2,1,0,20260728_operand_rate_v2_final_exp_session03_CAB_exp_fp16x2_b1_r0_treatment,treatment,treatment,20260728_operand_rate_v2_final_exp_session03_CAB_exp_fp16x2_b1_r0_treatment_1785247240887,36,183990.82704833901,183990.82855291499,183990.82780062698,0.0015045759791973978,9.1142365419946145,10568040363,true,true,5dff3859ad319cb37301e68cfc6fde00723e3a42110ca93adb44c05e97098167
softmax_whole_stage_atc_trace_v1,softmax_whole_stage_operand_rate_atc,softmax_whole_stage_operand_rate_atc_v2,20260728_operand_rate_v2_final_exp_session03_CAB,exp,fp16x2,20260728_operand_rate_v2_final_exp_session03_CAB_exp_fp16x2,1,0,20260728_operand_rate_v2_final_exp_session03_CAB_exp_fp16x2_b1_r0_treatment,treatment,treatment,20260728_operand_rate_v2_final_exp_session03_CAB_exp_fp16x2_b1_r0_treatment_1785247240887,37,183991.079311523,183991.083000693,183991.081156108,0.0036891700001433492,9.3675920230161864,10568108114,true,true,5dff3859ad319cb37301e68cfc6fde00723e3a42110ca93adb44c05e97098167
softmax_whole_stage_atc_trace_v1,softmax_whole_stage_operand_rate_atc,softmax_whole_stage_operand_rate_atc_v2,20260728_operand_rate_v2_final_exp_session03_CAB,exp,fp16x2,20260728_operand_rate_v2_final_exp_session03_CAB_exp_fp16x2,1,0,20260728_operand_rate_v2_final_exp_session03_CAB_exp_fp16x2_b1_r0_treatment,treatment,treatment,20260728_operand_rate_v2_final_exp_session03_CAB_exp_fp16x2_b1_r0_treatment_1785247240887,38,183991.33350339701,183991.334969132,183991.33423626452,0.0014657349966000766,9.6206721795315389,10568154274,true,true,5dff3859ad319cb37301e68cfc6fde00723e3a42110ca93adb44c05e97098167
softmax_whole_stage_atc_trace_v1,softmax_whole_stage_operand_rate_atc,softmax_whole_stage_operand_rate_atc_v2,20260728_operand_rate_v2_final_exp_session03_CAB,exp,fp16x2,20260728_operand_rate_v2_final_exp_session03_CAB_exp_fp16x2,1,0,20260728_operand_rate_v2_final_exp_session03_CAB_exp_fp16x2_b1_r0_treatment,treatment,treatment,20260728_operand_rate_v2_final_exp_session03_CAB_exp_fp16x2_b1_r0_treatment_1785247240887,39,183991.58508372999,183991.58807164201,183991.58657768602,0.0029879120120313019,9.8730136010271963,10568222018,true,true,5dff3859ad319cb37301e68cfc6fde00723e3a42110ca93adb44c05e97098167
softmax_whole_stage_atc_trace_v1,softmax_whole_stage_operand_rate_atc,softmax_whole_stage_operand_rate_atc_v2,20260728_operand_rate_v2_final_exp_session03_CAB,exp,fp16x2,20260728_operand_rate_v2_final_exp_session03_CAB_exp_fp16x2,1,0,20260728_operand_rate_v2_final_exp_session03_CAB_exp_fp16x2_b1_r0_treatment,treatment,treatment,20260728_operand_rate_v2_final_exp_session03_CAB_exp_fp16x2_b1_r0_treatment_1785247240887,40,183991.83823468999,183991.83971832899,183991.83897650949,0.0014836390037089586,10.125412424502429,10568268397,true,true,5dff3859ad319cb37301e68cfc6fde00723e3a42110ca93adb44c05e97098167
softmax_whole_stage_atc_trace_v1,softmax_whole_stage_operand_rate_atc,softmax_whole_stage_operand_rate_atc_v2,20260728_operand_rate_v2_final_exp_session03_CAB,exp,fp16x2,20260728_operand_rate_v2_final_exp_session03_CAB_exp_fp16x2,1,0,20260728_operand_rate_v2_final_exp_session03_CAB_exp_fp16x2_b1_r0_treatment,treatment,treatment,20260728_operand_rate_v2_final_exp_session03_CAB_exp_fp16x2_b1_r0_treatment_1785247240887,41,183992.090509506,183992.09419796901,183992.09235373751,0.0036884630098938942,10.378789652517298,10568336420,true,true,5dff3859ad319cb37301e68cfc6fde00723e3a42110ca93adb44c05e97098167
softmax_whole_stage_atc_trace_v1,softmax_whole_stage_operand_rate_atc,softmax_whole_stage_operand_rate_atc_v2,20260728_operand_rate_v2_final_exp_session03_CAB,exp,fp16x2,20260728_operand_rate_v2_final_exp_session03_CAB_exp_fp16x2,1,0,20260728_operand_rate_v2_final_exp_session03_CAB_exp_fp16x2_b1_r0_treatment,treatment,treatment,20260728_operand_rate_v2_final_exp_session03_CAB_exp_fp16x2_b1_r0_treatment_1785247240887,42,183992.344321771,183992.34572186199,183992.34502181649,0.0014000909868627787,10.631457731506089,10568382770,true,true,5dff3859ad319cb37301e68cfc6fde00723e3a42110ca93adb44c05e97098167
softmax_whole_stage_atc_trace_v1,softmax_whole_stage_operand_rate_atc,softmax_whole_stage_operand_rate_atc_v2,20260728_operand_rate_v2_final_exp_session03_CAB,exp,fp16x2,20260728_operand_rate_v2_final_exp_session03_CAB_exp_fp16x2,1,0,20260728_operand_rate_v2_final_exp_session03_CAB_exp_fp16x2_b1_r0_treatment,treatment,treatment,20260728_operand_rate_v2_final_exp_session03_CAB_exp_fp16x2_b1_r0_treatment_1785247240887,43,183992.595893305,183992.599374718,183992.5976340115,0.0034814130049198866,10.884069926512893,10568450830,true,true,5dff3859ad319cb37301e68cfc6fde00723e3a42110ca93adb44c05e97098167
softmax_whole_stage_atc_trace_v1,softmax_whole_stage_operand_rate_atc,softmax_whole_stage_operand_rate_atc_v2,20260728_operand_rate_v2_final_exp_session03_CAB,exp,fp16x2,20260728_operand_rate_v2_final_exp_session03_CAB_exp_fp16x2,1,0,20260728_operand_rate_v2_final_exp_session03_CAB_exp_fp16x2_b1_r0_treatment,treatment,treatment,20260728_operand_rate_v2_final_exp_session03_CAB_exp_fp16x2_b1_r0_treatment_1785247240887,44,183992.84965297399,183992.851032632,183992.85034280299,0.0013796580024063587,11.136778718006099,10568497244,true,true,5dff3859ad319cb37301e68cfc6fde00723e3a42110ca93adb44c05e97098167
softmax_whole_stage_atc_trace_v1,softmax_whole_stage_operand_rate_atc,softmax_whole_stage_operand_rate_atc_v2,20260728_operand_rate_v2_final_exp_session03_CAB,exp,fp16x2,20260728_operand_rate_v2_final_exp_session03_CAB_exp_fp16x2,1,0,20260728_operand_rate_v2_final_exp_session03_CAB_exp_fp16x2_b1_r0_treatment,treatment,treatment,20260728_operand_rate_v2_final_exp_session03_CAB_exp_fp16x2_b1_r0_treatment_1785247240887,45,183993.102324593,183993.105303502,183993.1038140475,0.0029789090040139854,11.390249962511007,10568565274,true,true,5dff3859ad319cb37301e68cfc6fde00723e3a42110ca93adb44c05e97098167
softmax_whole_stage_atc_trace_v1,softmax_whole_stage_operand_rate_atc,softmax_whole_stage_operand_rate_atc_v2,20260728_operand_rate_v2_final_exp_session03_CAB,exp,fp16x2,20260728_operand_rate_v2_final_exp_session03_CAB_exp_fp16x2,1,0,20260728_operand_rate_v2_final_exp_session03_CAB_exp_fp16x2_b1_r0_treatment,treatment,treatment,20260728_operand_rate_v2_final_exp_session03_CAB_exp_fp16x2_b1_r0_treatment_1785247240887,46,183993.35548940999,183993.35692540801,183993.356207409,0.0014359980123117566,11.64264332401217,10568611653,true,true,5dff3859ad319cb37301e68cfc6fde00723e3a42110ca93adb44c05e97098167
softmax_whole_stage_atc_trace_v1,softmax_whole_stage_operand_rate_atc,softmax_whole_stage_operand_rate_atc_v2,20260728_operand_rate_v2_final_exp_session03_CAB,exp,fp16x2,20260728_operand_rate_v2_final_exp_session03_CAB_exp_fp16x2,1,0,20260728_operand_rate_v2_final_exp_session03_CAB_exp_fp16x2_b1_r0_treatment,treatment,treatment,20260728_operand_rate_v2_final_exp_session03_CAB_exp_fp16x2_b1_r0_treatment_1785247240887,47,183993.609933648,183993.61131856599,183993.61062610699,0.0013849179958924651,11.897062022006139,10568679631,true,true,5dff3859ad319cb37301e68cfc6fde00723e3a42110ca93adb44c05e97098167
softmax_whole_stage_atc_trace_v1,softmax_whole_stage_operand_rate_atc,softmax_whole_stage_operand_rate_atc_v2,20260728_operand_rate_v2_final_exp_session03_CAB,exp,fp16x2,20260728_operand_rate_v2_final_exp_session03_CAB_exp_fp16x2,1,0,20260728_operand_rate_v2_final_exp_session03_CAB_exp_fp16x2_b1_r0_treatment,treatment,treatment,20260728_operand_rate_v2_final_exp_session03_CAB_exp_fp16x2_b1_r0_treatment_1785247240887,48,183993.86144384,183993.862915404,183993.862179622,0.0014715639990754426,12.148615537007572,10568725830,true,true,5dff3859ad319cb37301e68cfc6fde00723e3a42110ca93adb44c05e97098167
softmax_whole_stage_atc_trace_v1,softmax_whole_stage_operand_rate_atc,softmax_whole_stage_operand_rate_atc_v2,20260728_operand_rate_v2_final_exp_session03_CAB,exp,fp16x2,20260728_operand_rate_v2_final_exp_session03_CAB_exp_fp16x2,1,0,20260728_operand_rate_v2_final_exp_session03_CAB_exp_fp16x2_b1_r0_treatment,treatment,treatment,20260728_operand_rate_v2_final_exp_session03_CAB_exp_fp16x2_b1_r0_treatment_1785247240887,49,183994.113280577,183994.114646492,183994.1139635345,0.0013659149990417063,12.400399449514225,10568793039,true,true,5dff3859ad319cb37301e68cfc6fde00723e3a42110ca93adb44c05e97098167
softmax_whole_stage_atc_trace_v1,softmax_whole_stage_operand_rate_atc,softmax_whole_stage_operand_rate_atc_v2,20260728_operand_rate_v2_final_exp_session03_CAB,exp,fp16x2,20260728_operand_rate_v2_final_exp_session03_CAB_exp_fp16x2,1,0,20260728_operand_rate_v2_final_exp_session03_CAB_exp_fp16x2_b1_r0_treatment,treatment,treatment,20260728_operand_rate_v2_final_exp_session03_CAB_exp_fp16x2_b1_r0_treatment_1785247240887,50,183994.36485684899,183994.36627293401,183994.36556489149,0.0014160850259941071,12.652000806498108,10568838576,true,true,5dff3859ad319cb37301e68cfc6fde00723e3a42110ca93adb44c05e97098167
softmax_whole_stage_atc_trace_v1,softmax_whole_stage_operand_rate_atc,softmax_whole_stage_operand_rate_atc_v2,20260728_operand_rate_v2_final_exp_session03_CAB,exp,fp16x2,20260728_operand_rate_v2_final_exp_session03_CAB_exp_fp16x2,1,0,20260728_operand_rate_v2_final_exp_session03_CAB_exp_fp16x2_b1_r0_treatment,treatment,treatment,20260728_operand_rate_v2_final_exp_session03_CAB_exp_fp16x2_b1_r0_treatment_1785247240887,51,183994.616754471,183994.61818788099,183994.617471176,0.001433409983292222,12.903907091007568,10568904885,true,true,5dff3859ad319cb37301e68cfc6fde00723e3a42110ca93adb44c05e97098167
softmax_whole_stage_atc_trace_v1,softmax_whole_stage_operand_rate_atc,softmax_whole_stage_operand_rate_atc_v2,20260728_operand_rate_v2_final_exp_session03_CAB,exp,fp16x2,20260728_operand_rate_v2_final_exp_session03_CAB_exp_fp16x2,1,0,20260728_operand_rate_v2_final_exp_session03_CAB_exp_fp16x2_b1_r0_treatment,treatment,treatment,20260728_operand_rate_v2_final_exp_session03_CAB_exp_fp16x2_b1_r0_treatment_1785247240887,52,183994.868705067,183994.872377116,183994.87054109148,0.0036720490024890751,13.156977006496163,10568949614,true,false,5dff3859ad319cb37301e68cfc6fde00723e3a42110ca93adb44c05e97098167
softmax_whole_stage_atc_trace_v1,softmax_whole_stage_operand_rate_atc,softmax_whole_stage_operand_rate_atc_v2,20260728_operand_rate_v2_final_exp_session03_CAB,exp,fp16x2,20260728_operand_rate_v2_final_exp_session03_CAB_exp_fp16x2,1,0,20260728_operand_rate_v2_final_exp_session03_CAB_exp_fp16x2_b1_r0_treatment,treatment,treatment,20260728_operand_rate_v2_final_exp_session03_CAB_exp_fp16x2_b1_r0_treatment_1785247240887,53,183995.122647757,183995.12402679099,183995.12333727401,0.0013790339871775359,13.409773189021507,10569019184,true,false,5dff3859ad319cb37301e68cfc6fde00723e3a42110ca93adb44c05e97098167
softmax_whole_stage_atc_trace_v1,softmax_whole_stage_operand_rate_atc,softmax_whole_stage_operand_rate_atc_v2,20260728_operand_rate_v2_final_exp_session03_CAB,exp,fp16x2,20260728_operand_rate_v2_final_exp_session03_CAB_exp_fp16x2,1,0,20260728_operand_rate_v2_final_exp_session03_CAB_exp_fp16x2_b1_r0_treatment,treatment,treatment,20260728_operand_rate_v2_final_exp_session03_CAB_exp_fp16x2_b1_r0_treatment_1785247240887,54,183995.37428982099,183995.375604364,183995.3749470925,0.0013145430129952729,13.661383007507538,10569052039,true,false,5dff3859ad319cb37301e68cfc6fde00723e3a42110ca93adb44c05e97098167
softmax_whole_stage_atc_trace_v1,softmax_whole_stage_operand_rate_atc,softmax_whole_stage_operand_rate_atc_v2,20260728_operand_rate_v2_final_exp_session03_CAB,exp,fp16x2,20260728_operand_rate_v2_final_exp_session03_CAB_exp_fp16x2,1,0,20260728_operand_rate_v2_final_exp_session03_CAB_exp_fp16x2_b1_r0_treatment,treatment,treatment,20260728_operand_rate_v2_final_exp_session03_CAB_exp_fp16x2_b1_r0_treatment_1785247240887,55,183995.375609271,183995.37675617999,183995.37618272548,0.0011469089949969202,13.662618640490109,10569052039,false,false,5dff3859ad319cb37301e68cfc6fde00723e3a42110ca93adb44c05e97098167
softmax_whole_stage_atc_trace_v1,softmax_whole_stage_operand_rate_atc,softmax_whole_stage_operand_rate_atc_v2,20260728_operand_rate_v2_final_exp_session03_CAB,exp,fp16x2,20260728_operand_rate_v2_final_exp_session03_CAB_exp_fp16x2,1,1,20260728_operand_rate_v2_final_exp_session03_CAB_exp_fp16x2_b1_r1_control,control,control,20260728_operand_rate_v2_final_exp_session03_CAB_exp_fp16x2_b1_r1_control_1785247255089,0,183996.39611717401,183996.39728080499,183996.3966989895,0.0011636309791356325,0.00060004150145687163,10569185883,false,false,5dff3859ad319cb37301e68cfc6fde00723e3a42110ca93adb44c05e97098167
softmax_whole_stage_atc_trace_v1,softmax_whole_stage_operand_rate_atc,softmax_whole_stage_operand_rate_atc_v2,20260728_operand_rate_v2_final_exp_session03_CAB,exp,fp16x2,20260728_operand_rate_v2_final_exp_session03_CAB_exp_fp16x2,1,1,20260728_operand_rate_v2_final_exp_session03_CAB_exp_fp16x2_b1_r1_control,control,control,20260728_operand_rate_v2_final_exp_session03_CAB_exp_fp16x2_b1_r1_control_1785247255089,1,183996.64779418599,183996.64920136001,183996.64849777299,0.0014071740151848644,0.25239882498863153,10569241745,true,false,5dff3859ad319cb37301e68cfc6fde00723e3a42110ca93adb44c05e97098167
softmax_whole_stage_atc_trace_v1,softmax_whole_stage_operand_rate_atc,softmax_whole_stage_operand_rate_atc_v2,20260728_operand_rate_v2_final_exp_session03_CAB,exp,fp16x2,20260728_operand_rate_v2_final_exp_session03_CAB_exp_fp16x2,1,1,20260728_operand_rate_v2_final_exp_session03_CAB_exp_fp16x2_b1_r1_control,control,control,20260728_operand_rate_v2_final_exp_session03_CAB_exp_fp16x2_b1_r1_control_1785247255089,2,183996.89968119399,183996.901073246,183996.90037722001,0.0013920520141255111,0.5042782720120158,10569283849,true,false,5dff3859ad319cb37301e68cfc6fde00723e3a42110ca93adb44c05e97098167
softmax_whole_stage_atc_trace_v1,softmax_whole_stage_operand_rate_atc,softmax_whole_stage_operand_rate_atc_v2,20260728_operand_rate_v2_final_exp_session03_CAB,exp,fp16x2,20260728_operand_rate_v2_final_exp_session03_CAB_exp_fp16x2,1,1,20260728_operand_rate_v2_final_exp_session03_CAB_exp_fp16x2_b1_r1_control,control,control,20260728_operand_rate_v2_final_exp_session03_CAB_exp_fp16x2_b1_r1_control_1785247255089,3,183997.15155598399,183997.154745256,183997.15315062,0.0031892720144242048,0.75705167200067081,10569351469,true,true,5dff3859ad319cb37301e68cfc6fde00723e3a42110ca93adb44c05e97098167
softmax_whole_stage_atc_trace_v1,softmax_whole_stage_operand_rate_atc,softmax_whole_stage_operand_rate_atc_v2,20260728_operand_rate_v2_final_exp_session03_CAB,exp,fp16x2,20260728_operand_rate_v2_final_exp_session03_CAB_exp_fp16x2,1,1,20260728_operand_rate_v2_final_exp_session03_CAB_exp_fp16x2_b1_r1_control,control,control,20260728_operand_rate_v2_final_exp_session03_CAB_exp_fp16x2_b1_r1_control_1785247255089,4,183997.40524952501,183997.406645682,183997.40594760352,0.0013961569929961115,1.0098486555216368,10569397416,true,true,5dff3859ad319cb37301e68cfc6fde00723e3a42110ca93adb44c05e97098167
softmax_whole_stage_atc_trace_v1,softmax_whole_stage_operand_rate_atc,softmax_whole_stage_operand_rate_atc_v2,20260728_operand_rate_v2_final_exp_session03_CAB,exp,fp16x2,20260728_operand_rate_v2_final_exp_session03_CAB_exp_fp16x2,1,1,20260728_operand_rate_v2_final_exp_session03_CAB_exp_fp16x2_b1_r1_control,control,control,20260728_operand_rate_v2_final_exp_session03_CAB_exp_fp16x2_b1_r1_control_1785247255089,5,183997.65717118001,183997.659663575,183997.6584173775,0.0024923949968069792,1.2623184295080137,10569464103,true,true,5dff3859ad319cb37301e68cfc6fde00723e3a42110ca93adb44c05e97098167
softmax_whole_stage_atc_trace_v1,softmax_whole_stage_operand_rate_atc,softmax_whole_stage_operand_rate_atc_v2,20260728_operand_rate_v2_final_exp_session03_CAB,exp,fp16x2,20260728_operand_rate_v2_final_exp_session03_CAB_exp_fp16x2,1,1,20260728_operand_rate_v2_final_exp_session03_CAB_exp_fp16x2_b1_r1_control,control,control,20260728_operand_rate_v2_final_exp_session03_CAB_exp_fp16x2_b1_r1_control_1785247255089,6,183997.910122881,183997.91158292801,183997.91085290449,0.0014600470021832734,1.5147539564932231,10569532660,true,true,5dff3859ad319cb37301e68cfc6fde00723e3a42110ca93adb44c05e97098167
softmax_whole_stage_atc_trace_v1,softmax_whole_stage_operand_rate_atc,softmax_whole_stage_operand_rate_atc_v2,20260728_operand_rate_v2_final_exp_session03_CAB,exp,fp16x2,20260728_operand_rate_v2_final_exp_session03_CAB_exp_fp16x2,1,1,20260728_operand_rate_v2_final_exp_session03_CAB_exp_fp16x2_b1_r1_control,control,control,20260728_operand_rate_v2_final_exp_session03_CAB_exp_fp16x2_b1_r1_control_1785247255089,7,183998.16210492101,183998.16369515099,183998.162900036,0.0015902299783192575,1.7668010880006477,10569579166,true,true,5dff3859ad319cb37301e68cfc6fde00723e3a42110ca93adb44c05e97098167
softmax_whole_stage_atc_trace_v1,softmax_whole_stage_operand_rate_atc,softmax_whole_stage_operand_rate_atc_v2,20260728_operand_rate_v2_final_exp_session03_CAB,exp,fp16x2,20260728_operand_rate_v2_final_exp_session03_CAB_exp_fp16x2,1,1,20260728_operand_rate_v2_final_exp_session03_CAB_exp_fp16x2_b1_r1_control,control,control,20260728_operand_rate_v2_final_exp_session03_CAB_exp_fp16x2_b1_r1_control_1785247255089,8,183998.41417959199,183998.416040501,183998.41511004651,0.0018609090184327215,2.0190110985131469,10569646799,true,true,5dff3859ad319cb37301e68cfc6fde00723e3a42110ca93adb44c05e97098167
softmax_whole_stage_atc_trace_v1,softmax_whole_stage_operand_rate_atc,softmax_whole_stage_operand_rate_atc_v2,20260728_operand_rate_v2_final_exp_session03_CAB,exp,fp16x2,20260728_operand_rate_v2_final_exp_session03_CAB_exp_fp16x2,1,1,20260728_operand_rate_v2_final_exp_session03_CAB_exp_fp16x2_b1_r1_control,control,control,20260728_operand_rate_v2_final_exp_session03_CAB_exp_fp16x2_b1_r1_control_1785247255089,9,183998.666525443,183998.66790087099,183998.66721315699,0.0013754279934801161,2.2711142089974601,10569692708,true,true,5dff3859ad319cb37301e68cfc6fde00723e3a42110ca93adb44c05e97098167
softmax_whole_stage_atc_trace_v1,softmax_whole_stage_operand_rate_atc,softmax_whole_stage_operand_rate_atc_v2,20260728_operand_rate_v2_final_exp_session03_CAB,exp,fp16x2,20260728_operand_rate_v2_final_exp_session03_CAB_exp_fp16x2,1,1,20260728_operand_rate_v2_final_exp_session03_CAB_exp_fp16x2_b1_r1_control,control,control,20260728_operand_rate_v2_final_exp_session03_CAB_exp_fp16x2_b1_r1_control_1785247255089,10,183998.918422063,183998.91982653301,183998.919124298,0.0014044700074009597,2.5230253500049002,10569759285,true,true,5dff3859ad319cb37301e68cfc6fde00723e3a42110ca93adb44c05e97098167
softmax_whole_stage_atc_trace_v1,softmax_whole_stage_operand_rate_atc,softmax_whole_stage_operand_rate_atc_v2,20260728_operand_rate_v2_final_exp_session03_CAB,exp,fp16x2,20260728_operand_rate_v2_final_exp_session03_CAB_exp_fp16x2,1,1,20260728_operand_rate_v2_final_exp_session03_CAB_exp_fp16x2_b1_r1_control,control,control,20260728_operand_rate_v2_final_exp_session03_CAB_exp_fp16x2_b1_r1_control_1785247255089,11,183999.17004069401,183999.171452574,183999.17074663402,0.0014118799881543964,2.774647686019307,10569804383,true,true,5dff3859ad319cb37301e68cfc6fde00723e3a42110ca93adb44c05e97098167
softmax_whole_stage_atc_trace_v1,softmax_whole_stage_operand_rate_atc,softmax_whole_stage_operand_rate_atc_v2,20260728_operand_rate_v2_final_exp_session03_CAB,exp,fp16x2,20260728_operand_rate_v2_final_exp_session03_CAB_exp_fp16x2,1,1,20260728_operand_rate_v2_final_exp_session03_CAB_exp_fp16x2_b1_r1_control,control,control,20260728_operand_rate_v2_final_exp_session03_CAB_exp_fp16x2_b1_r1_control_1785247255089,12,183999.42172852199,183999.42307751399,183999.42240301799,0.0013489919947460294,3.0263040699937847,10569870317,true,true,5dff3859ad319cb37301e68cfc6fde00723e3a42110ca93adb44c05e97098167
softmax_whole_stage_atc_trace_v1,softmax_whole_stage_operand_rate_atc,softmax_whole_stage_operand_rate_atc_v2,20260728_operand_rate_v2_final_exp_session03_CAB,exp,fp16x2,20260728_operand_rate_v2_final_exp_session03_CAB_exp_fp16x2,1,1,20260728_operand_rate_v2_final_exp_session03_CAB_exp_fp16x2_b1_r1_control,control,control,20260728_operand_rate_v2_final_exp_session03_CAB_exp_fp16x2_b1_r1_control_1785247255089,13,183999.673597104,183999.677483754,183999.67554042902,0.0038866499962750822,3.2794414810196031,10569914843,true,true,5dff3859ad319cb37301e68cfc6fde00723e3a42110ca93adb44c05e97098167
softmax_whole_stage_atc_trace_v1,softmax_whole_stage_operand_rate_atc,softmax_whole_stage_operand_rate_atc_v2,20260728_operand_rate_v2_final_exp_session03_CAB,exp,fp16x2,20260728_operand_rate_v2_final_exp_session03_CAB_exp_fp16x2,1,1,20260728_operand_rate_v2_final_exp_session03_CAB_exp_fp16x2_b1_r1_control,control,control,20260728_operand_rate_v2_final_exp_session03_CAB_exp_fp16x2_b1_r1_control_1785247255089,14,183999.927973702,183999.929387485,183999.9286805935,0.0014137830003164709,3.5325816455006134,10569984303,true,true,5dff3859ad319cb37301e68cfc6fde00723e3a42110ca93adb44c05e97098167
softmax_whole_stage_atc_trace_v1,softmax_whole_stage_operand_rate_atc,softmax_whole_stage_operand_rate_atc_v2,20260728_operand_rate_v2_final_exp_session03_CAB,exp,fp16x2,20260728_operand_rate_v2_final_exp_session03_CAB_exp_fp16x2,1,1,20260728_operand_rate_v2_final_exp_session03_CAB_exp_fp16x2_b1_r1_control,control,control,20260728_operand_rate_v2_final_exp_session03_CAB_exp_fp16x2_b1_r1_control_1785247255089,15,184000.17959093099,184000.18096746199,184000.18027919647,0.0013765309995505959,3.7841802484763321,10570027588,true,true,5dff3859ad319cb37301e68cfc6fde00723e3a42110ca93adb44c05e97098167
softmax_whole_stage_atc_trace_v1,softmax_whole_stage_operand_rate_atc,softmax_whole_stage_operand_rate_atc_v2,20260728_operand_rate_v2_final_exp_session03_CAB,exp,fp16x2,20260728_operand_rate_v2_final_exp_session03_CAB_exp_fp16x2,1,1,20260728_operand_rate_v2_final_exp_session03_CAB_exp_fp16x2_b1_r1_control,control,control,20260728_operand_rate_v2_final_exp_session03_CAB_exp_fp16x2_b1_r1_control_1785247255089,16,184000.43349986899,184000.434880563,184000.43419021601,0.0013806940114591271,4.0380912680120673,10570096454,true,true,5dff3859ad319cb37301e68cfc6fde00723e3a42110ca93adb44c05e97098167
softmax_whole_stage_atc_trace_v1,softmax_whole_stage_operand_rate_atc,softmax_whole_stage_operand_rate_atc_v2,20260728_operand_rate_v2_final_exp_session03_CAB,exp,fp16x2,20260728_operand_rate_v2_final_exp_session03_CAB_exp_fp16x2,1,1,20260728_operand_rate_v2_final_exp_session03_CAB_exp_fp16x2_b1_r1_control,control,control,20260728_operand_rate_v2_final_exp_session03_CAB_exp_fp16x2_b1_r1_control_1785247255089,17,184000.68803834001,184000.68948318801,184000.68876076402,0.0014448479923885316,4.2926618160272483,10570139028,true,true,5dff3859ad319cb37301e68cfc6fde00723e3a42110ca93adb44c05e97098167
softmax_whole_stage_atc_trace_v1,softmax_whole_stage_operand_rate_atc,softmax_whole_stage_operand_rate_atc_v2,20260728_operand_rate_v2_final_exp_session03_CAB,exp,fp16x2,20260728_operand_rate_v2_final_exp_session03_CAB_exp_fp16x2,1,1,20260728_operand_rate_v2_final_exp_session03_CAB_exp_fp16x2_b1_r1_control,control,control,20260728_operand_rate_v2_final_exp_session03_CAB_exp_fp16x2_b1_r1_control_1785247255089,18,184000.94050450501,184000.94187518299,184000.94118984399,0.0013706779864151031,4.5450908959901426,10570207200,true,true,5dff3859ad319cb37301e68cfc6fde00723e3a42110ca93adb44c05e97098167
softmax_whole_stage_atc_trace_v1,softmax_whole_stage_operand_rate_atc,softmax_whole_stage_operand_rate_atc_v2,20260728_operand_rate_v2_final_exp_session03_CAB,exp,fp16x2,20260728_operand_rate_v2_final_exp_session03_CAB_exp_fp16x2,1,1,20260728_operand_rate_v2_final_exp_session03_CAB_exp_fp16x2_b1_r1_control,control,control,20260728_operand_rate_v2_final_exp_session03_CAB_exp_fp16x2_b1_r1_control_1785247255089,19,184001.192295046,184001.19364923,184001.192972138,0.0013541840016841888,4.7968731900036801,10570249590,true,true,5dff3859ad319cb37301e68cfc6fde00723e3a42110ca93adb44c05e97098167
softmax_whole_stage_atc_trace_v1,softmax_whole_stage_operand_rate_atc,softmax_whole_stage_operand_rate_atc_v2,20260728_operand_rate_v2_final_exp_session03_CAB,exp,fp16x2,20260728_operand_rate_v2_final_exp_session03_CAB_exp_fp16x2,1,1,20260728_operand_rate_v2_final_exp_session03_CAB_exp_fp16x2_b1_r1_control,control,control,20260728_operand_rate_v2_final_exp_session03_CAB_exp_fp16x2_b1_r1_control_1785247255089,20,184001.44635136201,184001.44773742001,184001.44704439101,0.0013860579929314554,5.0509454430139158,10570318202,true,true,5dff3859ad319cb37301e68cfc6fde00723e3a42110ca93adb44c05e97098167
softmax_whole_stage_atc_trace_v1,softmax_whole_stage_operand_rate_atc,softmax_whole_stage_operand_rate_atc_v2,20260728_operand_rate_v2_final_exp_session03_CAB,exp,fp16x2,20260728_operand_rate_v2_final_exp_session03_CAB_exp_fp16x2,1,1,20260728_operand_rate_v2_final_exp_session03_CAB_exp_fp16x2_b1_r1_control,control,control,20260728_operand_rate_v2_final_exp_session03_CAB_exp_fp16x2_b1_r1_control_1785247255089,21,184001.69958355499,184001.70114573199,184001.70036464348,0.0015621769998688251,5.3042656954785343,10570360504,true,true,5dff3859ad319cb37301e68cfc6fde00723e3a42110ca93adb44c05e97098167
softmax_whole_stage_atc_trace_v1,softmax_whole_stage_operand_rate_atc,softmax_whole_stage_operand_rate_atc_v2,20260728_operand_rate_v2_final_exp_session03_CAB,exp,fp16x2,20260728_operand_rate_v2_final_exp_session03_CAB_exp_fp16x2,1,1,20260728_operand_rate_v2_final_exp_session03_CAB_exp_fp16x2_b1_r1_control,control,control,20260728_operand_rate_v2_final_exp_session03_CAB_exp_fp16x2_b1_r1_control_1785247255089,22,184001.952448861,184001.953875078,184001.95316196949,0.0014262170006986707,5.5570630214933772,10570428602,true,true,5dff3859ad319cb37301e68cfc6fde00723e3a42110ca93adb44c05e97098167
softmax_whole_stage_atc_trace_v1,softmax_whole_stage_operand_rate_atc,softmax_whole_stage_operand_rate_atc_v2,20260728_operand_rate_v2_final_exp_session03_CAB,exp,fp16x2,20260728_operand_rate_v2_final_exp_session03_CAB_exp_fp16x2,1,1,20260728_operand_rate_v2_final_exp_session03_CAB_exp_fp16x2_b1_r1_control,control,control,20260728_operand_rate_v2_final_exp_session03_CAB_exp_fp16x2_b1_r1_control_1785247255089,23,184002.207424858,184002.20878365301,184002.20810425549,0.0013587950088549405,5.8120053074962925,10570471005,true,true,5dff3859ad319cb37301e68cfc6fde00723e3a42110ca93adb44c05e97098167
softmax_whole_stage_atc_trace_v1,softmax_whole_stage_operand_rate_atc,softmax_whole_stage_operand_rate_atc_v2,20260728_operand_rate_v2_final_exp_session03_CAB,exp,fp16x2,20260728_operand_rate_v2_final_exp_session03_CAB_exp_fp16x2,1,1,20260728_operand_rate_v2_final_exp_session03_CAB_exp_fp16x2_b1_r1_control,control,control,20260728_operand_rate_v2_final_exp_session03_CAB_exp_fp16x2_b1_r1_control_1785247255089,24,184002.46276213101,184002.46600955,184002.46438584052,0.0032474189938511699,6.0682868925214279,10570539064,true,true,5dff3859ad319cb37301e68cfc6fde00723e3a42110ca93adb44c05e97098167
softmax_whole_stage_atc_trace_v1,softmax_whole_stage_operand_rate_atc,softmax_whole_stage_operand_rate_atc_v2,20260728_operand_rate_v2_final_exp_session03_CAB,exp,fp16x2,20260728_operand_rate_v2_final_exp_session03_CAB_exp_fp16x2,1,1,20260728_operand_rate_v2_final_exp_session03_CAB_exp_fp16x2_b1_r1_control,control,control,20260728_operand_rate_v2_final_exp_session03_CAB_exp_fp16x2_b1_r1_control_1785247255089,25,184002.71842351599,184002.719845163,184002.71913433948,0.0014216470008250326,6.3230353914841544,10570585084,true,true,5dff3859ad319cb37301e68cfc6fde00723e3a42110ca93adb44c05e97098167
softmax_whole_stage_atc_trace_v1,softmax_whole_stage_operand_rate_atc,softmax_whole_stage_operand_rate_atc_v2,20260728_operand_rate_v2_final_exp_session03_CAB,exp,fp16x2,20260728_operand_rate_v2_final_exp_session03_CAB_exp_fp16x2,1,1,20260728_operand_rate_v2_final_exp_session03_CAB_exp_fp16x2_b1_r1_control,control,control,20260728_operand_rate_v2_final_exp_session03_CAB_exp_fp16x2_b1_r1_control_1785247255089,26,184002.97115011999,184002.97354704901,184002.9723485845,0.0023969290195964277,6.5762496365059633,10570652158,true,true,5dff3859ad319cb37301e68cfc6fde00723e3a42110ca93adb44c05e97098167
softmax_whole_stage_atc_trace_v1,softmax_whole_stage_operand_rate_atc,softmax_whole_stage_operand_rate_atc_v2,20260728_operand_rate_v2_final_exp_session03_CAB,exp,fp16x2,20260728_operand_rate_v2_final_exp_session03_CAB_exp_fp16x2,1,1,20260728_operand_rate_v2_final_exp_session03_CAB_exp_fp16x2_b1_r1_control,control,control,20260728_operand_rate_v2_final_exp_session03_CAB_exp_fp16x2_b1_r1_control_1785247255089,27,184003.22369750799,184003.22507234599,184003.22438492699,0.0013748380006290972,6.828285978990607,10570698111,true,true,5dff3859ad319cb37301e68cfc6fde00723e3a42110ca93adb44c05e97098167
softmax_whole_stage_atc_trace_v1,softmax_whole_stage_operand_rate_atc,softmax_whole_stage_operand_rate_atc_v2,20260728_operand_rate_v2_final_exp_session03_CAB,exp,fp16x2,20260728_operand_rate_v2_final_exp_session03_CAB_exp_fp16x2,1,1,20260728_operand_rate_v2_final_exp_session03_CAB_exp_fp16x2_b1_r1_control,control,control,20260728_operand_rate_v2_final_exp_session03_CAB_exp_fp16x2_b1_r1_control_1785247255089,28,184003.475560016,184003.476991106,184003.476275561,0.001431090000551194,7.0801766130025499,10570765689,true,true,5dff3859ad319cb37301e68cfc6fde00723e3a42110ca93adb44c05e97098167
softmax_whole_stage_atc_trace_v1,softmax_whole_stage_operand_rate_atc,softmax_whole_stage_operand_rate_atc_v2,20260728_operand_rate_v2_final_exp_session03_CAB,exp,fp16x2,20260728_operand_rate_v2_final_exp_session03_CAB_exp_fp16x2,1,1,20260728_operand_rate_v2_final_exp_session03_CAB_exp_fp16x2_b1_r1_control,control,control,20260728_operand_rate_v2_final_exp_session03_CAB_exp_fp16x2_b1_r1_control_1785247255089,29,184003.727461109,184003.72883787501,184003.728149492,0.001376766012981534,7.3320505440060515,10570807931,true,true,5dff3859ad319cb37301e68cfc6fde00723e3a42110ca93adb44c05e97098167
softmax_whole_stage_atc_trace_v1,softmax_whole_stage_operand_rate_atc,softmax_whole_stage_operand_rate_atc_v2,20260728_operand_rate_v2_final_exp_session03_CAB,exp,fp16x2,20260728_operand_rate_v2_final_exp_session03_CAB_exp_fp16x2,1,1,20260728_operand_rate_v2_final_exp_session03_CAB_exp_fp16x2_b1_r1_control,control,control,20260728_operand_rate_v2_final_exp_session03_CAB_exp_fp16x2_b1_r1_control_1785247255089,30,184003.97930472999,184003.98072617399,184003.98001545199,0.0014214440016075969,7.58391650399426,10570876455,true,true,5dff3859ad319cb37301e68cfc6fde00723e3a42110ca93adb44c05e97098167
softmax_whole_stage_atc_trace_v1,softmax_whole_stage_operand_rate_atc,softmax_whole_stage_operand_rate_atc_v2,20260728_operand_rate_v2_final_exp_session03_CAB,exp,fp16x2,20260728_operand_rate_v2_final_exp_session03_CAB_exp_fp16x2,1,1,20260728_operand_rate_v2_final_exp_session03_CAB_exp_fp16x2_b1_r1_control,control,control,20260728_operand_rate_v2_final_exp_session03_CAB_exp_fp16x2_b1_r1_control_1785247255089,31,184004.23120145701,184004.232594673,184004.23189806502,0.0013932159927207977,7.8357991170196328,10570919550,true,true,5dff3859ad319cb37301e68cfc6fde00723e3a42110ca93adb44c05e97098167
softmax_whole_stage_atc_trace_v1,softmax_whole_stage_operand_rate_atc,softmax_whole_stage_operand_rate_atc_v2,20260728_operand_rate_v2_final_exp_session03_CAB,exp,fp16x2,20260728_operand_rate_v2_final_exp_session03_CAB_exp_fp16x2,1,1,20260728_operand_rate_v2_final_exp_session03_CAB_exp_fp16x2_b1_r1_control,control,control,20260728_operand_rate_v2_final_exp_session03_CAB_exp_fp16x2_b1_r1_control_1785247255089,32,184004.483024669,184004.48444966701,184004.48373716802,0.0014249980158638209,8.0876382200221997,10570989117,true,true,5dff3859ad319cb37301e68cfc6fde00723e3a42110ca93adb44c05e97098167
softmax_whole_stage_atc_trace_v1,softmax_whole_stage_operand_rate_atc,softmax_whole_stage_operand_rate_atc_v2,20260728_operand_rate_v2_final_exp_session03_CAB,exp,fp16x2,20260728_operand_rate_v2_final_exp_session03_CAB_exp_fp16x2,1,1,20260728_operand_rate_v2_final_exp_session03_CAB_exp_fp16x2_b1_r1_control,control,control,20260728_operand_rate_v2_final_exp_session03_CAB_exp_fp16x2_b1_r1_control_1785247255089,33,184004.73486280799,184004.73995559599,184004.73740920197,0.005092787992907688,8.3413102539780084,10571033234,true,true,5dff3859ad319cb37301e68cfc6fde00723e3a42110ca93adb44c05e97098167
softmax_whole_stage_atc_trace_v1,softmax_whole_stage_operand_rate_atc,softmax_whole_stage_operand_rate_atc_v2,20260728_operand_rate_v2_final_exp_session03_CAB,exp,fp16x2,20260728_operand_rate_v2_final_exp_session03_CAB_exp_fp16x2,1,1,20260728_operand_rate_v2_final_exp_session03_CAB_exp_fp16x2_b1_r1_control,control,control,20260728_operand_rate_v2_final_exp_session03_CAB_exp_fp16x2_b1_r1_control_1785247255089,34,184004.99046702599,184004.991874356,184004.99117069098,0.0014073300117161125,8.5950717429805081,10571102922,true,true,5dff3859ad319cb37301e68cfc6fde00723e3a42110ca93adb44c05e97098167
softmax_whole_stage_atc_trace_v1,softmax_whole_stage_operand_rate_atc,softmax_whole_stage_operand_rate_atc_v2,20260728_operand_rate_v2_final_exp_session03_CAB,exp,fp16x2,20260728_operand_rate_v2_final_exp_session03_CAB_exp_fp16x2,1,1,20260728_operand_rate_v2_final_exp_session03_CAB_exp_fp16x2_b1_r1_control,control,control,20260728_operand_rate_v2_final_exp_session03_CAB_exp_fp16x2_b1_r1_control_1785247255089,35,184005.24228790301,184005.24749106399,184005.2448894835,0.005203160981182009,8.8487905354995746,10571147061,true,true,5dff3859ad319cb37301e68cfc6fde00723e3a42110ca93adb44c05e97098167
softmax_whole_stage_atc_trace_v1,softmax_whole_stage_operand_rate_atc,softmax_whole_stage_operand_rate_atc_v2,20260728_operand_rate_v2_final_exp_session03_CAB,exp,fp16x2,20260728_operand_rate_v2_final_exp_session03_CAB_exp_fp16x2,1,1,20260728_operand_rate_v2_final_exp_session03_CAB_exp_fp16x2_b1_r1_control,control,control,20260728_operand_rate_v2_final_exp_session03_CAB_exp_fp16x2_b1_r1_control_1785247255089,36,184005.497888771,184005.49933773201,184005.49861325149,0.0014489610039163381,9.1025143034930807,10571216824,true,true,5dff3859ad319cb37301e68cfc6fde00723e3a42110ca93adb44c05e97098167
softmax_whole_stage_atc_trace_v1,softmax_whole_stage_operand_rate_atc,softmax_whole_stage_operand_rate_atc_v2,20260728_operand_rate_v2_final_exp_session03_CAB,exp,fp16x2,20260728_operand_rate_v2_final_exp_session03_CAB_exp_fp16x2,1,1,20260728_operand_rate_v2_final_exp_session03_CAB_exp_fp16x2_b1_r1_control,control,control,20260728_operand_rate_v2_final_exp_session03_CAB_exp_fp16x2_b1_r1_control_1785247255089,37,184005.74977158601,184005.75500541201,184005.75238849901,0.0052338259993121028,9.3562895510112867,10571261041,true,true,5dff3859ad319cb37301e68cfc6fde00723e3a42110ca93adb44c05e97098167
softmax_whole_stage_atc_trace_v1,softmax_whole_stage_operand_rate_atc,softmax_whole_stage_operand_rate_atc_v2,20260728_operand_rate_v2_final_exp_session03_CAB,exp,fp16x2,20260728_operand_rate_v2_final_exp_session03_CAB_exp_fp16x2,1,1,20260728_operand_rate_v2_final_exp_session03_CAB_exp_fp16x2_b1_r1_control,control,control,20260728_operand_rate_v2_final_exp_session03_CAB_exp_fp16x2_b1_r1_control_1785247255089,38,184006.005460285,184006.006876347,184006.006168316,0.0014160620048642159,9.6100693680054974,10571330721,true,true,5dff3859ad319cb37301e68cfc6fde00723e3a42110ca93adb44c05e97098167
softmax_whole_stage_atc_trace_v1,softmax_whole_stage_operand_rate_atc,softmax_whole_stage_operand_rate_atc_v2,20260728_operand_rate_v2_final_exp_session03_CAB,exp,fp16x2,20260728_operand_rate_v2_final_exp_session03_CAB_exp_fp16x2,1,1,20260728_operand_rate_v2_final_exp_session03_CAB_exp_fp16x2_b1_r1_control,control,control,20260728_operand_rate_v2_final_exp_session03_CAB_exp_fp16x2_b1_r1_control_1785247255089,39,184006.25729568201,184006.262616222,184006.259955952,0.0053205399890430272,9.8638570040056948,10571374808,true,true,5dff3859ad319cb37301e68cfc6fde00723e3a42110ca93adb44c05e97098167
softmax_whole_stage_atc_trace_v1,softmax_whole_stage_operand_rate_atc,softmax_whole_stage_operand_rate_atc_v2,20260728_operand_rate_v2_final_exp_session03_CAB,exp,fp16x2,20260728_operand_rate_v2_final_exp_session03_CAB_exp_fp16x2,1,1,20260728_operand_rate_v2_final_exp_session03_CAB_exp_fp16x2_b1_r1_control,control,control,20260728_operand_rate_v2_final_exp_session03_CAB_exp_fp16x2_b1_r1_control_1785247255089,40,184006.51305078701,184006.51447020099,184006.51376049401,0.0014194139803294092,10.117661546013551,10571444372,true,true,5dff3859ad319cb37301e68cfc6fde00723e3a42110ca93adb44c05e97098167
softmax_whole_stage_atc_trace_v1,softmax_whole_stage_operand_rate_atc,softmax_whole_stage_operand_rate_atc_v2,20260728_operand_rate_v2_final_exp_session03_CAB,exp,fp16x2,20260728_operand_rate_v2_final_exp_session03_CAB_exp_fp16x2,1,1,20260728_operand_rate_v2_final_exp_session03_CAB_exp_fp16x2_b1_r1_control,control,control,20260728_operand_rate_v2_final_exp_session03_CAB_exp_fp16x2_b1_r1_control_1785247255089,41,184006.76488405201,184006.77012965601,184006.76750685403,0.0052456039993558079,10.371407906030072,10571488421,true,true,5dff3859ad319cb37301e68cfc6fde00723e3a42110ca93adb44c05e97098167
softmax_whole_stage_atc_trace_v1,softmax_whole_stage_operand_rate_atc,softmax_whole_stage_operand_rate_atc_v2,20260728_operand_rate_v2_final_exp_session03_CAB,exp,fp16x2,20260728_operand_rate_v2_final_exp_session03_CAB_exp_fp16x2,1,1,20260728_operand_rate_v2_final_exp_session03_CAB_exp_fp16x2_b1_r1_control,control,control,20260728_operand_rate_v2_final_exp_session03_CAB_exp_fp16x2_b1_r1_control_1785247255089,42,184007.020595699,184007.02197084099,184007.02128326998,0.0013751419901382178,10.625184321979759,10571557938,true,true,5dff3859ad319cb37301e68cfc6fde00723e3a42110ca93adb44c05e97098167
softmax_whole_stage_atc_trace_v1,softmax_whole_stage_operand_rate_atc,softmax_whole_stage_operand_rate_atc_v2,20260728_operand_rate_v2_final_exp_session03_CAB,exp,fp16x2,20260728_operand_rate_v2_final_exp_session03_CAB_exp_fp16x2,1,1,20260728_operand_rate_v2_final_exp_session03_CAB_exp_fp16x2_b1_r1_control,control,control,20260728_operand_rate_v2_final_exp_session03_CAB_exp_fp16x2_b1_r1_control_1785247255089,43,184007.272386622,184007.27786200799,184007.275124315,0.0054753859876655042,10.879025367001304,10571601928,true,true,5dff3859ad319cb37301e68cfc6fde00723e3a42110ca93adb44c05e97098167
softmax_whole_stage_atc_trace_v1,softmax_whole_stage_operand_rate_atc,softmax_whole_stage_operand_rate_atc_v2,20260728_operand_rate_v2_final_exp_session03_CAB,exp,fp16x2,20260728_operand_rate_v2_final_exp_session03_CAB_exp_fp16x2,1,1,20260728_operand_rate_v2_final_exp_session03_CAB_exp_fp16x2_b1_r1_control,control,control,20260728_operand_rate_v2_final_exp_session03_CAB_exp_fp16x2_b1_r1_control_1785247255089,44,184007.528307439,184007.52969811601,184007.5290027775,0.0013906770036555827,11.132903829507995,10571671245,true,true,5dff3859ad319cb37301e68cfc6fde00723e3a42110ca93adb44c05e97098167
softmax_whole_stage_atc_trace_v1,softmax_whole_stage_operand_rate_atc,softmax_whole_stage_operand_rate_atc_v2,20260728_operand_rate_v2_final_exp_session03_CAB,exp,fp16x2,20260728_operand_rate_v2_final_exp_session03_CAB_exp_fp16x2,1,1,20260728_operand_rate_v2_final_exp_session03_CAB_exp_fp16x2_b1_r1_control,control,control,20260728_operand_rate_v2_final_exp_session03_CAB_exp_fp16x2_b1_r1_control_1785247255089,45,184007.78012993999,184007.78521765099,184007.78267379547,0.0050877110043074936,11.386574847478187,10571715149,true,true,5dff3859ad319cb37301e68cfc6fde00723e3a42110ca93adb44c05e97098167
softmax_whole_stage_atc_trace_v1,softmax_whole_stage_operand_rate_atc,softmax_whole_stage_operand_rate_atc_v2,20260728_operand_rate_v2_final_exp_session03_CAB,exp,fp16x2,20260728_operand_rate_v2_final_exp_session03_CAB_exp_fp16x2,1,1,20260728_operand_rate_v2_final_exp_session03_CAB_exp_fp16x2_b1_r1_control,control,control,20260728_operand_rate_v2_final_exp_session03_CAB_exp_fp16x2_b1_r1_control_1785247255089,46,184008.03565942601,184008.03704269099,184008.03635105852,0.001383264985634014,11.640252110519214,10571784530,true,true,5dff3859ad319cb37301e68cfc6fde00723e3a42110ca93adb44c05e97098167
softmax_whole_stage_atc_trace_v1,softmax_whole_stage_operand_rate_atc,softmax_whole_stage_operand_rate_atc_v2,20260728_operand_rate_v2_final_exp_session03_CAB,exp,fp16x2,20260728_operand_rate_v2_final_exp_session03_CAB_exp_fp16x2,1,1,20260728_operand_rate_v2_final_exp_session03_CAB_exp_fp16x2_b1_r1_control,control,control,20260728_operand_rate_v2_final_exp_session03_CAB_exp_fp16x2_b1_r1_control_1785247255089,47,184008.287500509,184008.29272753099,184008.29011402,0.0052270219894126058,11.894015072000911,10571828562,true,true,5dff3859ad319cb37301e68cfc6fde00723e3a42110ca93adb44c05e97098167
softmax_whole_stage_atc_trace_v1,softmax_whole_stage_operand_rate_atc,softmax_whole_stage_operand_rate_atc_v2,20260728_operand_rate_v2_final_exp_session03_CAB,exp,fp16x2,20260728_operand_rate_v2_final_exp_session03_CAB_exp_fp16x2,1,1,20260728_operand_rate_v2_final_exp_session03_CAB_exp_fp16x2_b1_r1_control,control,control,20260728_operand_rate_v2_final_exp_session03_CAB_exp_fp16x2_b1_r1_control_1785247255089,48,184008.543142398,184008.54455115,184008.543846774,0.001408751995768398,12.147747826005798,10571898187,true,true,5dff3859ad319cb37301e68cfc6fde00723e3a42110ca93adb44c05e97098167
softmax_whole_stage_atc_trace_v1,softmax_whole_stage_operand_rate_atc,softmax_whole_stage_operand_rate_atc_v2,20260728_operand_rate_v2_final_exp_session03_CAB,exp,fp16x2,20260728_operand_rate_v2_final_exp_session03_CAB_exp_fp16x2,1,1,20260728_operand_rate_v2_final_exp_session03_CAB_exp_fp16x2_b1_r1_control,control,control,20260728_operand_rate_v2_final_exp_session03_CAB_exp_fp16x2_b1_r1_control_1785247255089,49,184008.794761314,184008.79619788699,184008.79547960049,0.0014365729875862598,12.399380652495893,10571942382,true,true,5dff3859ad319cb37301e68cfc6fde00723e3a42110ca93adb44c05e97098167
softmax_whole_stage_atc_trace_v1,softmax_whole_stage_operand_rate_atc,softmax_whole_stage_operand_rate_atc_v2,20260728_operand_rate_v2_final_exp_session03_CAB,exp,fp16x2,20260728_operand_rate_v2_final_exp_session03_CAB_exp_fp16x2,1,1,20260728_operand_rate_v2_final_exp_session03_CAB_exp_fp16x2_b1_r1_control,control,control,20260728_operand_rate_v2_final_exp_session03_CAB_exp_fp16x2_b1_r1_control_1785247255089,50,184009.046362664,184009.047728871,184009.04704576748,0.0013662069977726787,12.650946819485398,10572008315,true,true,5dff3859ad319cb37301e68cfc6fde00723e3a42110ca93adb44c05e97098167
softmax_whole_stage_atc_trace_v1,softmax_whole_stage_operand_rate_atc,softmax_whole_stage_operand_rate_atc_v2,20260728_operand_rate_v2_final_exp_session03_CAB,exp,fp16x2,20260728_operand_rate_v2_final_exp_session03_CAB_exp_fp16x2,1,1,20260728_operand_rate_v2_final_exp_session03_CAB_exp_fp16x2_b1_r1_control,control,control,20260728_operand_rate_v2_final_exp_session03_CAB_exp_fp16x2_b1_r1_control_1785247255089,51,184009.29821857199,184009.299696573,184009.29895757249,0.0014780010096728802,12.90285862449673,10572053569,true,true,5dff3859ad319cb37301e68cfc6fde00723e3a42110ca93adb44c05e97098167
softmax_whole_stage_atc_trace_v1,softmax_whole_stage_operand_rate_atc,softmax_whole_stage_operand_rate_atc_v2,20260728_operand_rate_v2_final_exp_session03_CAB,exp,fp16x2,20260728_operand_rate_v2_final_exp_session03_CAB_exp_fp16x2,1,1,20260728_operand_rate_v2_final_exp_session03_CAB_exp_fp16x2_b1_r1_control,control,control,20260728_operand_rate_v2_final_exp_session03_CAB_exp_fp16x2_b1_r1_control_1785247255089,52,184009.55019490499,184009.55158355201,184009.5508892285,0.0013886470114812255,13.154790280503221,10572120543,true,false,5dff3859ad319cb37301e68cfc6fde00723e3a42110ca93adb44c05e97098167
softmax_whole_stage_atc_trace_v1,softmax_whole_stage_operand_rate_atc,softmax_whole_stage_operand_rate_atc_v2,20260728_operand_rate_v2_final_exp_session03_CAB,exp,fp16x2,20260728_operand_rate_v2_final_exp_session03_CAB_exp_fp16x2,1,1,20260728_operand_rate_v2_final_exp_session03_CAB_exp_fp16x2_b1_r1_control,control,control,20260728_operand_rate_v2_final_exp_session03_CAB_exp_fp16x2_b1_r1_control_1785247255089,53,184009.802539536,184009.80414801301,184009.80334377452,0.0016084770031739026,13.407244826521492,10572166692,true,false,5dff3859ad319cb37301e68cfc6fde00723e3a42110ca93adb44c05e97098167
softmax_whole_stage_atc_trace_v1,softmax_whole_stage_operand_rate_atc,softmax_whole_stage_operand_rate_atc_v2,20260728_operand_rate_v2_final_exp_session03_CAB,exp,fp16x2,20260728_operand_rate_v2_final_exp_session03_CAB_exp_fp16x2,1,1,20260728_operand_rate_v2_final_exp_session03_CAB_exp_fp16x2_b1_r1_control,control,control,20260728_operand_rate_v2_final_exp_session03_CAB_exp_fp16x2_b1_r1_control_1785247255089,54,184010.05515917201,184010.05742982801,184010.05629450001,0.0022706559975631535,13.660195552016376,10572202651,true,false,5dff3859ad319cb37301e68cfc6fde00723e3a42110ca93adb44c05e97098167
softmax_whole_stage_atc_trace_v1,softmax_whole_stage_operand_rate_atc,softmax_whole_stage_operand_rate_atc_v2,20260728_operand_rate_v2_final_exp_session03_CAB,exp,fp16x2,20260728_operand_rate_v2_final_exp_session03_CAB_exp_fp16x2,1,1,20260728_operand_rate_v2_final_exp_session03_CAB_exp_fp16x2_b1_r1_control,control,control,20260728_operand_rate_v2_final_exp_session03_CAB_exp_fp16x2_b1_r1_control_1785247255089,55,184010.05745193901,184010.05947802801,184010.05846498351,0.0020260890014469624,13.662366035510786,10572214294,true,false,5dff3859ad319cb37301e68cfc6fde00723e3a42110ca93adb44c05e97098167
softmax_whole_stage_atc_trace_v1,softmax_whole_stage_operand_rate_atc,softmax_whole_stage_operand_rate_atc_v2,20260728_operand_rate_v2_final_exp_session03_CAB,exp,fp16x2,20260728_operand_rate_v2_final_exp_session03_CAB_exp_fp16x2,1,2,20260728_operand_rate_v2_final_exp_session03_CAB_exp_fp16x2_b1_r2_treatment,treatment,treatment,20260728_operand_rate_v2_final_exp_session03_CAB_exp_fp16x2_b1_r2_treatment_1785247269789,0,184011.10196676801,184011.104478878,184011.103222823,0.0025121099897660315,0.0013061930076219141,10572346915,false,false,5dff3859ad319cb37301e68cfc6fde00723e3a42110ca93adb44c05e97098167
softmax_whole_stage_atc_trace_v1,softmax_whole_stage_operand_rate_atc,softmax_whole_stage_operand_rate_atc_v2,20260728_operand_rate_v2_final_exp_session03_CAB,exp,fp16x2,20260728_operand_rate_v2_final_exp_session03_CAB_exp_fp16x2,1,2,20260728_operand_rate_v2_final_exp_session03_CAB_exp_fp16x2_b1_r2_treatment,treatment,treatment,20260728_operand_rate_v2_final_exp_session03_CAB_exp_fp16x2_b1_r2_treatment_1785247269789,1,184011.35530681899,184011.35703830601,184011.35617256252,0.0017314870201516896,0.25425593252293766,10572390878,true,false,5dff3859ad319cb37301e68cfc6fde00723e3a42110ca93adb44c05e97098167
softmax_whole_stage_atc_trace_v1,softmax_whole_stage_operand_rate_atc,softmax_whole_stage_operand_rate_atc_v2,20260728_operand_rate_v2_final_exp_session03_CAB,exp,fp16x2,20260728_operand_rate_v2_final_exp_session03_CAB_exp_fp16x2,1,2,20260728_operand_rate_v2_final_exp_session03_CAB_exp_fp16x2_b1_r2_treatment,treatment,treatment,20260728_operand_rate_v2_final_exp_session03_CAB_exp_fp16x2_b1_r2_treatment_1785247269789,2,184011.607438773,184011.608823029,184011.608130901,0.0013842560001648962,0.50621427100850269,10572435381,true,false,5dff3859ad319cb37301e68cfc6fde00723e3a42110ca93adb44c05e97098167
softmax_whole_stage_atc_trace_v1,softmax_whole_stage_operand_rate_atc,softmax_whole_stage_operand_rate_atc_v2,20260728_operand_rate_v2_final_exp_session03_CAB,exp,fp16x2,20260728_operand_rate_v2_final_exp_session03_CAB_exp_fp16x2,1,2,20260728_operand_rate_v2_final_exp_session03_CAB_exp_fp16x2_b1_r2_treatment,treatment,treatment,20260728_operand_rate_v2_final_exp_session03_CAB_exp_fp16x2_b1_r2_treatment_1785247269789,3,184011.859110866,184011.86059830501,184011.85985458549,0.001487439003540203,0.75793795549543574,10572502942,true,true,5dff3859ad319cb37301e68cfc6fde00723e3a42110ca93adb44c05e97098167
softmax_whole_stage_atc_trace_v1,softmax_whole_stage_operand_rate_atc,softmax_whole_stage_operand_rate_atc_v2,20260728_operand_rate_v2_final_exp_session03_CAB,exp,fp16x2,20260728_operand_rate_v2_final_exp_session03_CAB_exp_fp16x2,1,2,20260728_operand_rate_v2_final_exp_session03_CAB_exp_fp16x2_b1_r2_treatment,treatment,treatment,20260728_operand_rate_v2_final_exp_session03_CAB_exp_fp16x2_b1_r2_treatment_1785247269789,4,184012.11441794099,184012.11976343999,184012.11709069047,0.0053454989974852651,1.0151740604778752,10572546667,true,true,5dff3859ad319cb37301e68cfc6fde00723e3a42110ca93adb44c05e97098167
softmax_whole_stage_atc_trace_v1,softmax_whole_stage_operand_rate_atc,softmax_whole_stage_operand_rate_atc_v2,20260728_operand_rate_v2_final_exp_session03_CAB,exp,fp16x2,20260728_operand_rate_v2_final_exp_session03_CAB_exp_fp16x2,1,2,20260728_operand_rate_v2_final_exp_session03_CAB_exp_fp16x2_b1_r2_treatment,treatment,treatment,20260728_operand_rate_v2_final_exp_session03_CAB_exp_fp16x2_b1_r2_treatment_1785247269789,5,184012.37009425301,184012.37148567199,184012.3707899625,0.0013914189767092466,1.2688733325048815,10572616423,true,true,5dff3859ad319cb37301e68cfc6fde00723e3a42110ca93adb44c05e97098167
softmax_whole_stage_atc_trace_v1,softmax_whole_stage_operand_rate_atc,softmax_whole_stage_operand_rate_atc_v2,20260728_operand_rate_v2_final_exp_session03_CAB,exp,fp16x2,20260728_operand_rate_v2_final_exp_session03_CAB_exp_fp16x2,1,2,20260728_operand_rate_v2_final_exp_session03_CAB_exp_fp16x2_b1_r2_treatment,treatment,treatment,20260728_operand_rate_v2_final_exp_session03_CAB_exp_fp16x2_b1_r2_treatment_1785247269789,6,184012.621854478,184012.623381571,184012.6226180245,0.0015270930016413331,1.5207013945037033,10572662009,true,true,5dff3859ad319cb37301e68cfc6fde00723e3a42110ca93adb44c05e97098167
softmax_whole_stage_atc_trace_v1,softmax_whole_stage_operand_rate_atc,softmax_whole_stage_operand_rate_atc_v2,20260728_operand_rate_v2_final_exp_session03_CAB,exp,fp16x2,20260728_operand_rate_v2_final_exp_session03_CAB_exp_fp16x2,1,2,20260728_operand_rate_v2_final_exp_session03_CAB_exp_fp16x2_b1_r2_treatment,treatment,treatment,20260728_operand_rate_v2_final_exp_session03_CAB_exp_fp16x2_b1_r2_treatment_1785247269789,7,184012.876996604,184012.87843909499,184012.87771784951,0.0014424909895751625,1.7758012195117772,10572730477,true,true,5dff3859ad319cb37301e68cfc6fde00723e3a42110ca93adb44c05e97098167
softmax_whole_stage_atc_trace_v1,softmax_whole_stage_operand_rate_atc,softmax_whole_stage_operand_rate_atc_v2,20260728_operand_rate_v2_final_exp_session03_CAB,exp,fp16x2,20260728_operand_rate_v2_final_exp_session03_CAB_exp_fp16x2,1,2,20260728_operand_rate_v2_final_exp_session03_CAB_exp_fp16x2_b1_r2_treatment,treatment,treatment,20260728_operand_rate_v2_final_exp_session03_CAB_exp_fp16x2_b1_r2_treatment_1785247269789,8,184013.13809502599,184013.139511669,184013.13880334748,0.0014166430046316236,2.036886717483867,10572774098,true,true,5dff3859ad319cb37301e68cfc6fde00723e3a42110ca93adb44c05e97098167
softmax_whole_stage_atc_trace_v1,softmax_whole_stage_operand_rate_atc,softmax_whole_stage_operand_rate_atc_v2,20260728_operand_rate_v2_final_exp_session03_CAB,exp,fp16x2,20260728_operand_rate_v2_final_exp_session03_CAB_exp_fp16x2,1,2,20260728_operand_rate_v2_final_exp_session03_CAB_exp_fp16x2_b1_r2_treatment,treatment,treatment,20260728_operand_rate_v2_final_exp_session03_CAB_exp_fp16x2_b1_r2_treatment_1785247269789,9,184013.39337459201,184013.394762896,184013.394068744,0.0013883039937354624,2.2921521140087862,10572843360,true,true,5dff3859ad319cb37301e68cfc6fde00723e3a42110ca93adb44c05e97098167
softmax_whole_stage_atc_trace_v1,softmax_whole_stage_operand_rate_atc,softmax_whole_stage_operand_rate_atc_v2,20260728_operand_rate_v2_final_exp_session03_CAB,exp,fp16x2,20260728_operand_rate_v2_final_exp_session03_CAB_exp_fp16x2,1,2,20260728_operand_rate_v2_final_exp_session03_CAB_exp_fp16x2_b1_r2_treatment,treatment,treatment,20260728_operand_rate_v2_final_exp_session03_CAB_exp_fp16x2_b1_r2_treatment_1785247269789,10,184013.64617485,184013.64761339599,184013.646894123,0.0014385459944605827,2.5449774930020794,10572887609,true,true,5dff3859ad319cb37301e68cfc6fde00723e3a42110ca93adb44c05e97098167
softmax_whole_stage_atc_trace_v1,softmax_whole_stage_operand_rate_atc,softmax_whole_stage_operand_rate_atc_v2,20260728_operand_rate_v2_final_exp_session03_CAB,exp,fp16x2,20260728_operand_rate_v2_final_exp_session03_CAB_exp_fp16x2,1,2,20260728_operand_rate_v2_final_exp_session03_CAB_exp_fp16x2_b1_r2_treatment,treatment,treatment,20260728_operand_rate_v2_final_exp_session03_CAB_exp_fp16x2_b1_r2_treatment_1785247269789,11,184013.90731199199,184013.90868462101,184013.9079983065,0.0013726290198974311,2.8060816765064374,10572954753,true,true,5dff3859ad319cb37301e68cfc6fde00723e3a42110ca93adb44c05e97098167
softmax_whole_stage_atc_trace_v1,softmax_whole_stage_operand_rate_atc,softmax_whole_stage_operand_rate_atc_v2,20260728_operand_rate_v2_final_exp_session03_CAB,exp,fp16x2,20260728_operand_rate_v2_final_exp_session03_CAB_exp_fp16x2,1,2,20260728_operand_rate_v2_final_exp_session03_CAB_exp_fp16x2_b1_r2_treatment,treatment,treatment,20260728_operand_rate_v2_final_exp_session03_CAB_exp_fp16x2_b1_r2_treatment_1785247269789,12,184014.16433495001,184014.166019508,184014.16517722901,0.0016845579957589507,3.0632605990103912,10573000236,true,true,5dff3859ad319cb37301e68cfc6fde00723e3a42110ca93adb44c05e97098167
softmax_whole_stage_atc_trace_v1,softmax_whole_stage_operand_rate_atc,softmax_whole_stage_operand_rate_atc_v2,20260728_operand_rate_v2_final_exp_session03_CAB,exp,fp16x2,20260728_operand_rate_v2_final_exp_session03_CAB_exp_fp16x2,1,2,20260728_operand_rate_v2_final_exp_session03_CAB_exp_fp16x2_b1_r2_treatment,treatment,treatment,20260728_operand_rate_v2_final_exp_session03_CAB_exp_fp16x2_b1_r2_treatment_1785247269789,13,184014.41909623201,184014.420440499,184014.41976836551,0.0013442669878713787,3.3178517355117947,10573066541,true,true,5dff3859ad319cb37301e68cfc6fde00723e3a42110ca93adb44c05e97098167
softmax_whole_stage_atc_trace_v1,softmax_whole_stage_operand_rate_atc,softmax_whole_stage_operand_rate_atc_v2,20260728_operand_rate_v2_final_exp_session03_CAB,exp,fp16x2,20260728_operand_rate_v2_final_exp_session03_CAB_exp_fp16x2,1,2,20260728_operand_rate_v2_final_exp_session03_CAB_exp_fp16x2_b1_r2_treatment,treatment,treatment,20260728_operand_rate_v2_final_exp_session03_CAB_exp_fp16x2_b1_r2_treatment_1785247269789,14,184014.67132106301,184014.67638313799,184014.6738521005,0.0050620749825611711,3.5719354705070145,10573111121,true,true,5dff3859ad319cb37301e68cfc6fde00723e3a42110ca93adb44c05e97098167
softmax_whole_stage_atc_trace_v1,softmax_whole_stage_operand_rate_atc,softmax_whole_stage_operand_rate_atc_v2,20260728_operand_rate_v2_final_exp_session03_CAB,exp,fp16x2,20260728_operand_rate_v2_final_exp_session03_CAB_exp_fp16x2,1,2,20260728_operand_rate_v2_final_exp_session03_CAB_exp_fp16x2_b1_r2_treatment,treatment,treatment,20260728_operand_rate_v2_final_exp_session03_CAB_exp_fp16x2_b1_r2_treatment_1785247269789,15,184014.926672264,184014.92804537,184014.92735881702,0.0013731060025747865,3.8254421870224178,10573180868,true,true,5dff3859ad319cb37301e68cfc6fde00723e3a42110ca93adb44c05e97098167
softmax_whole_stage_atc_trace_v1,softmax_whole_stage_operand_rate_atc,softmax_whole_stage_operand_rate_atc_v2,20260728_operand_rate_v2_final_exp_session03_CAB,exp,fp16x2,20260728_operand_rate_v2_final_exp_session03_CAB_exp_fp16x2,1,2,20260728_operand_rate_v2_final_exp_session03_CAB_exp_fp16x2_b1_r2_treatment,treatment,treatment,20260728_operand_rate_v2_final_exp_session03_CAB_exp_fp16x2_b1_r2_treatment_1785247269789,16,184015.18112037299,184015.18246899199,184015.18179468249,0.0013486190000548959,4.0798780524928588,10573224943,true,true,5dff3859ad319cb37301e68cfc6fde00723e3a42110ca93adb44c05e97098167
softmax_whole_stage_atc_trace_v1,softmax_whole_stage_operand_rate_atc,softmax_whole_stage_operand_rate_atc_v2,20260728_operand_rate_v2_final_exp_session03_CAB,exp,fp16x2,20260728_operand_rate_v2_final_exp_session03_CAB_exp_fp16x2,1,2,20260728_operand_rate_v2_final_exp_session03_CAB_exp_fp16x2_b1_r2_treatment,treatment,treatment,20260728_operand_rate_v2_final_exp_session03_CAB_exp_fp16x2_b1_r2_treatment_1785247269789,17,184015.43345822999,184015.43485288799,184015.43415555899,0.0013946580002084374,4.3322389289969578,10573294700,true,true,5dff3859ad319cb37301e68cfc6fde00723e3a42110ca93adb44c05e97098167
softmax_whole_stage_atc_trace_v1,softmax_whole_stage_operand_rate_atc,softmax_whole_stage_operand_rate_atc_v2,20260728_operand_rate_v2_final_exp_session03_CAB,exp,fp16x2,20260728_operand_rate_v2_final_exp_session03_CAB_exp_fp16x2,1,2,20260728_operand_rate_v2_final_exp_session03_CAB_exp_fp16x2_b1_r2_treatment,treatment,treatment,20260728_operand_rate_v2_final_exp_session03_CAB_exp_fp16x2_b1_r2_treatment_1785247269789,18,184015.68584789499,184015.68766359199,184015.68675574349,0.001815697003621608,4.5848391134932172,10573338517,true,true,5dff3859ad319cb37301e68cfc6fde00723e3a42110ca93adb44c05e97098167
softmax_whole_stage_atc_trace_v1,softmax_whole_stage_operand_rate_atc,softmax_whole_stage_operand_rate_atc_v2,20260728_operand_rate_v2_final_exp_session03_CAB,exp,fp16x2,20260728_operand_rate_v2_final_exp_session03_CAB_exp_fp16x2,1,2,20260728_operand_rate_v2_final_exp_session03_CAB_exp_fp16x2_b1_r2_treatment,treatment,treatment,20260728_operand_rate_v2_final_exp_session03_CAB_exp_fp16x2_b1_r2_treatment_1785247269789,19,184015.94078200401,184015.942089844,184015.941435924,0.0013078399933874607,4.8395192940079141,10573408272,true,true,5dff3859ad319cb37301e68cfc6fde00723e3a42110ca93adb44c05e97098167
softmax_whole_stage_atc_trace_v1,softmax_whole_stage_operand_rate_atc,softmax_whole_stage_operand_rate_atc_v2,20260728_operand_rate_v2_final_exp_session03_CAB,exp,fp16x2,20260728_operand_rate_v2_final_exp_session03_CAB_exp_fp16x2,1,2,20260728_operand_rate_v2_final_exp_session03_CAB_exp_fp16x2_b1_r2_treatment,treatment,treatment,20260728_operand_rate_v2_final_exp_session03_CAB_exp_fp16x2_b1_r2_treatment_1785247269789,20,184016.192863959,184016.19427308699,184016.19356852298,0.0014091279881540686,5.0916518929880112,10573451769,true,true,5dff3859ad319cb37301e68cfc6fde00723e3a42110ca93adb44c05e97098167
softmax_whole_stage_atc_trace_v1,softmax_whole_stage_operand_rate_atc,softmax_whole_stage_operand_rate_atc_v2,20260728_operand_rate_v2_final_exp_session03_CAB,exp,fp16x2,20260728_operand_rate_v2_final_exp_session03_CAB_exp_fp16x2,1,2,20260728_operand_rate_v2_final_exp_session03_CAB_exp_fp16x2_b1_r2_treatment,treatment,treatment,20260728_operand_rate_v2_final_exp_session03_CAB_exp_fp16x2_b1_r2_treatment_1785247269789,21,184016.44741659399,184016.44886204801,184016.448139321,0.0014454540214501321,5.3462226910050958,10573521470,true,true,5dff3859ad319cb37301e68cfc6fde00723e3a42110ca93adb44c05e97098167
softmax_whole_stage_atc_trace_v1,softmax_whole_stage_operand_rate_atc,softmax_whole_stage_operand_rate_atc_v2,20260728_operand_rate_v2_final_exp_session03_CAB,exp,fp16x2,20260728_operand_rate_v2_final_exp_session03_CAB_exp_fp16x2,1,2,20260728_operand_rate_v2_final_exp_session03_CAB_exp_fp16x2_b1_r2_treatment,treatment,treatment,20260728_operand_rate_v2_final_exp_session03_CAB_exp_fp16x2_b1_r2_treatment_1785247269789,22,184016.70003757201,184016.70140116601,184016.70071936899,0.0013635939976666123,5.5988027389976196,10573564751,true,true,5dff3859ad319cb37301e68cfc6fde00723e3a42110ca93adb44c05e97098167
softmax_whole_stage_atc_trace_v1,softmax_whole_stage_operand_rate_atc,softmax_whole_stage_operand_rate_atc_v2,20260728_operand_rate_v2_final_exp_session03_CAB,exp,fp16x2,20260728_operand_rate_v2_final_exp_session03_CAB_exp_fp16x2,1,2,20260728_operand_rate_v2_final_exp_session03_CAB_exp_fp16x2_b1_r2_treatment,treatment,treatment,20260728_operand_rate_v2_final_exp_session03_CAB_exp_fp16x2_b1_r2_treatment_1785247269789,23,184016.95454113101,184016.955905029,184016.95522308,0.0013638979871757329,5.853306450007949,10573634164,true,true,5dff3859ad319cb37301e68cfc6fde00723e3a42110ca93adb44c05e97098167
softmax_whole_stage_atc_trace_v1,softmax_whole_stage_operand_rate_atc,softmax_whole_stage_operand_rate_atc_v2,20260728_operand_rate_v2_final_exp_session03_CAB,exp,fp16x2,20260728_operand_rate_v2_final_exp_session03_CAB_exp_fp16x2,1,2,20260728_operand_rate_v2_final_exp_session03_CAB_exp_fp16x2_b1_r2_treatment,treatment,treatment,20260728_operand_rate_v2_final_exp_session03_CAB_exp_fp16x2_b1_r2_treatment_1785247269789,24,184017.20698553801,184017.20841773599,184017.207701637,0.0014321979833766818,6.1057850070064887,10573677239,true,true,5dff3859ad319cb37301e68cfc6fde00723e3a42110ca93adb44c05e97098167
softmax_whole_stage_atc_trace_v1,softmax_whole_stage_operand_rate_atc,softmax_whole_stage_operand_rate_atc_v2,20260728_operand_rate_v2_final_exp_session03_CAB,exp,fp16x2,20260728_operand_rate_v2_final_exp_session03_CAB_exp_fp16x2,1,2,20260728_operand_rate_v2_final_exp_session03_CAB_exp_fp16x2_b1_r2_treatment,treatment,treatment,20260728_operand_rate_v2_final_exp_session03_CAB_exp_fp16x2_b1_r2_treatment_1785247269789,25,184017.46152764899,184017.46283113799,184017.46217939351,0.0013034889998380095,6.3602627635118552,10573746482,true,true,5dff3859ad319cb37301e68cfc6fde00723e3a42110ca93adb44c05e97098167
softmax_whole_stage_atc_trace_v1,softmax_whole_stage_operand_rate_atc,softmax_whole_stage_operand_rate_atc_v2,20260728_operand_rate_v2_final_exp_session03_CAB,exp,fp16x2,20260728_operand_rate_v2_final_exp_session03_CAB_exp_fp16x2,1,2,20260728_operand_rate_v2_final_exp_session03_CAB_exp_fp16x2_b1_r2_treatment,treatment,treatment,20260728_operand_rate_v2_final_exp_session03_CAB_exp_fp16x2_b1_r2_treatment_1785247269789,26,184017.71344750299,184017.71480148399,184017.71412449348,0.0013539810024667531,6.6122078634798527,10573789324,true,true,5dff3859ad319cb37301e68cfc6fde00723e3a42110ca93adb44c05e97098167
softmax_whole_stage_atc_trace_v1,softmax_whole_stage_operand_rate_atc,softmax_whole_stage_operand_rate_atc_v2,20260728_operand_rate_v2_final_exp_session03_CAB,exp,fp16x2,20260728_operand_rate_v2_final_exp_session03_CAB_exp_fp16x2,1,2,20260728_operand_rate_v2_final_exp_session03_CAB_exp_fp16x2_b1_r2_treatment,treatment,treatment,20260728_operand_rate_v2_final_exp_session03_CAB_exp_fp16x2_b1_r2_treatment_1785247269789,27,184017.96703501799,184017.96842239099,184017.96772870451,0.001387372991302982,6.8658120745094493,10573858549,true,true,5dff3859ad319cb37301e68cfc6fde00723e3a42110ca93adb44c05e97098167
softmax_whole_stage_atc_trace_v1,softmax_whole_stage_operand_rate_atc,softmax_whole_stage_operand_rate_atc_v2,20260728_operand_rate_v2_final_exp_session03_CAB,exp,fp16x2,20260728_operand_rate_v2_final_exp_session03_CAB_exp_fp16x2,1,2,20260728_operand_rate_v2_final_exp_session03_CAB_exp_fp16x2_b1_r2_treatment,treatment,treatment,20260728_operand_rate_v2_final_exp_session03_CAB_exp_fp16x2_b1_r2_treatment_1785247269789,28,184018.22153723301,184018.22304108099,184018.22228915698,0.0015038479759823531,7.1203725269879214,10573901503,true,true,5dff3859ad319cb37301e68cfc6fde00723e3a42110ca93adb44c05e97098167
softmax_whole_stage_atc_trace_v1,softmax_whole_stage_operand_rate_atc,softmax_whole_stage_operand_rate_atc_v2,20260728_operand_rate_v2_final_exp_session03_CAB,exp,fp16x2,20260728_operand_rate_v2_final_exp_session03_CAB_exp_fp16x2,1,2,20260728_operand_rate_v2_final_exp_session03_CAB_exp_fp16x2_b1_r2_treatment,treatment,treatment,20260728_operand_rate_v2_final_exp_session03_CAB_exp_fp16x2_b1_r2_treatment_1785247269789,29,184018.47584565301,184018.47961933701,184018.477732495,0.0037736840022262186,7.3758158650016412,10573970059,true,true,5dff3859ad319cb37301e68cfc6fde00723e3a42110ca93adb44c05e97098167
softmax_whole_stage_atc_trace_v1,softmax_whole_stage_operand_rate_atc,softmax_whole_stage_operand_rate_atc_v2,20260728_operand_rate_v2_final_exp_session03_CAB,exp,fp16x2,20260728_operand_rate_v2_final_exp_session03_CAB_exp_fp16x2,1,2,20260728_operand_rate_v2_final_exp_session03_CAB_exp_fp16x2_b1_r2_treatment,treatment,treatment,20260728_operand_rate_v2_final_exp_session03_CAB_exp_fp16x2_b1_r2_treatment_1785247269789,30,184018.73112992401,184018.73258246999,184018.731856197,0.0014525459846481681,7.6299395670066588,10574016373,true,true,5dff3859ad319cb37301e68cfc6fde00723e3a42110ca93adb44c05e97098167
softmax_whole_stage_atc_trace_v1,softmax_whole_stage_operand_rate_atc,softmax_whole_stage_operand_rate_atc_v2,20260728_operand_rate_v2_final_exp_session03_CAB,exp,fp16x2,20260728_operand_rate_v2_final_exp_session03_CAB_exp_fp16x2,1,2,20260728_operand_rate_v2_final_exp_session03_CAB_exp_fp16x2_b1_r2_treatment,treatment,treatment,20260728_operand_rate_v2_final_exp_session03_CAB_exp_fp16x2_b1_r2_treatment_1785247269789,31,184018.98569272901,184018.98713505501,184018.98641389201,0.0014423259999603033,7.8844972620136105,10574084027,true,true,5dff3859ad319cb37301e68cfc6fde00723e3a42110ca93adb44c05e97098167
softmax_whole_stage_atc_trace_v1,softmax_whole_stage_operand_rate_atc,softmax_whole_stage_operand_rate_atc_v2,20260728_operand_rate_v2_final_exp_session03_CAB,exp,fp16x2,20260728_operand_rate_v2_final_exp_session03_CAB_exp_fp16x2,1,2,20260728_operand_rate_v2_final_exp_session03_CAB_exp_fp16x2_b1_r2_treatment,treatment,treatment,20260728_operand_rate_v2_final_exp_session03_CAB_exp_fp16x2_b1_r2_treatment_1785247269789,32,184019.24027566999,184019.241692902,184019.24098428601,0.001417232007952407,8.1390676560113207,10574129907,true,true,5dff3859ad319cb37301e68cfc6fde00723e3a42110ca93adb44c05e97098167
softmax_whole_stage_atc_trace_v1,softmax_whole_stage_operand_rate_atc,softmax_whole_stage_operand_rate_atc_v2,20260728_operand_rate_v2_final_exp_session03_CAB,exp,fp16x2,20260728_operand_rate_v2_final_exp_session03_CAB_exp_fp16x2,1,2,20260728_operand_rate_v2_final_exp_session03_CAB_exp_fp16x2_b1_r2_treatment,treatment,treatment,20260728_operand_rate_v2_final_exp_session03_CAB_exp_fp16x2_b1_r2_treatment_1785247269789,33,184019.49482957099,184019.49621452301,184019.49552204699,0.001384952018270269,8.3936054169898853,10574196652,true,true,5dff3859ad319cb37301e68cfc6fde00723e3a42110ca93adb44c05e97098167
softmax_whole_stage_atc_trace_v1,softmax_whole_stage_operand_rate_atc,softmax_whole_stage_operand_rate_atc_v2,20260728_operand_rate_v2_final_exp_session03_CAB,exp,fp16x2,20260728_operand_rate_v2_final_exp_session03_CAB_exp_fp16x2,1,2,20260728_operand_rate_v2_final_exp_session03_CAB_exp_fp16x2_b1_r2_treatment,treatment,treatment,20260728_operand_rate_v2_final_exp_session03_CAB_exp_fp16x2_b1_r2_treatment_1785247269789,34,184019.74699119799,184019.74843959499,184019.74771539649,0.001448397000785917,8.6457987664907705,10574241700,true,true,5dff3859ad319cb37301e68cfc6fde00723e3a42110ca93adb44c05e97098167
softmax_whole_stage_atc_trace_v1,softmax_whole_stage_operand_rate_atc,softmax_whole_stage_operand_rate_atc_v2,20260728_operand_rate_v2_final_exp_session03_CAB,exp,fp16x2,20260728_operand_rate_v2_final_exp_session03_CAB_exp_fp16x2,1,2,20260728_operand_rate_v2_final_exp_session03_CAB_exp_fp16x2_b1_r2_treatment,treatment,treatment,20260728_operand_rate_v2_final_exp_session03_CAB_exp_fp16x2_b1_r2_treatment_1785247269789,35,184019.999651274,184020.00106749401,184020.00035938399,0.0014162200095597655,8.898442753998097,10574308058,true,true,5dff3859ad319cb37301e68cfc6fde00723e3a42110ca93adb44c05e97098167
softmax_whole_stage_atc_trace_v1,softmax_whole_stage_operand_rate_atc,softmax_whole_stage_operand_rate_atc_v2,20260728_operand_rate_v2_final_exp_session03_CAB,exp,fp16x2,20260728_operand_rate_v2_final_exp_session03_CAB_exp_fp16x2,1,2,20260728_operand_rate_v2_final_exp_session03_CAB_exp_fp16x2_b1_r2_treatment,treatment,treatment,20260728_operand_rate_v2_final_exp_session03_CAB_exp_fp16x2_b1_r2_treatment_1785247269789,36,184020.25252890401,184020.253860328,184020.253194616,0.0013314239913597703,9.1512779860058799,10574353284,true,true,5dff3859ad319cb37301e68cfc6fde00723e3a42110ca93adb44c05e97098167
softmax_whole_stage_atc_trace_v1,softmax_whole_stage_operand_rate_atc,softmax_whole_stage_operand_rate_atc_v2,20260728_operand_rate_v2_final_exp_session03_CAB,exp,fp16x2,20260728_operand_rate_v2_final_exp_session03_CAB_exp_fp16x2,1,2,20260728_operand_rate_v2_final_exp_session03_CAB_exp_fp16x2_b1_r2_treatment,treatment,treatment,20260728_operand_rate_v2_final_exp_session03_CAB_exp_fp16x2_b1_r2_treatment_1785247269789,37,184020.50702613901,184020.50862651999,184020.5078263295,0.0016003809869289398,9.4059096995042637,10574419864,true,true,5dff3859ad319cb37301e68cfc6fde00723e3a42110ca93adb44c05e97098167
softmax_whole_stage_atc_trace_v1,softmax_whole_stage_operand_rate_atc,softmax_whole_stage_operand_rate_atc_v2,20260728_operand_rate_v2_final_exp_session03_CAB,exp,fp16x2,20260728_operand_rate_v2_final_exp_session03_CAB_exp_fp16x2,1,2,20260728_operand_rate_v2_final_exp_session03_CAB_exp_fp16x2_b1_r2_treatment,treatment,treatment,20260728_operand_rate_v2_final_exp_session03_CAB_exp_fp16x2_b1_r2_treatment_1785247269789,38,184020.76043743099,184020.765687643,184020.76306253701,0.0052502120088320225,9.6611459070118144,10574464727,true,true,5dff3859ad319cb37301e68cfc6fde00723e3a42110ca93adb44c05e97098167
softmax_whole_stage_atc_trace_v1,softmax_whole_stage_operand_rate_atc,softmax_whole_stage_operand_rate_atc_v2,20260728_operand_rate_v2_final_exp_session03_CAB,exp,fp16x2,20260728_operand_rate_v2_final_exp_session03_CAB_exp_fp16x2,1,2,20260728_operand_rate_v2_final_exp_session03_CAB_exp_fp16x2_b1_r2_treatment,treatment,treatment,20260728_operand_rate_v2_final_exp_session03_CAB_exp_fp16x2_b1_r2_treatment_1785247269789,39,184021.01707619801,184021.01839568201,184021.01773594,0.001319483999395743,9.9158193100010976,10574534899,true,true,5dff3859ad319cb37301e68cfc6fde00723e3a42110ca93adb44c05e97098167
softmax_whole_stage_atc_trace_v1,softmax_whole_stage_operand_rate_atc,softmax_whole_stage_operand_rate_atc_v2,20260728_operand_rate_v2_final_exp_session03_CAB,exp,fp16x2,20260728_operand_rate_v2_final_exp_session03_CAB_exp_fp16x2,1,2,20260728_operand_rate_v2_final_exp_session03_CAB_exp_fp16x2_b1_r2_treatment,treatment,treatment,20260728_operand_rate_v2_final_exp_session03_CAB_exp_fp16x2_b1_r2_treatment_1785247269789,40,184021.26869718,184021.27154155899,184021.2701193695,0.0028443789924494922,10.168202739499975,10574578899,true,true,5dff3859ad319cb37301e68cfc6fde00723e3a42110ca93adb44c05e97098167
softmax_whole_stage_atc_trace_v1,softmax_whole_stage_operand_rate_atc,softmax_whole_stage_operand_rate_atc_v2,20260728_operand_rate_v2_final_exp_session03_CAB,exp,fp16x2,20260728_operand_rate_v2_final_exp_session03_CAB_exp_fp16x2,1,2,20260728_operand_rate_v2_final_exp_session03_CAB_exp_fp16x2_b1_r2_treatment,treatment,treatment,20260728_operand_rate_v2_final_exp_session03_CAB_exp_fp16x2_b1_r2_treatment_1785247269789,41,184021.524653033,184021.526070466,184021.52536174952,0.0014174329990055412,10.423445119522512,10574648911,true,true,5dff3859ad319cb37301e68cfc6fde00723e3a42110ca93adb44c05e97098167
softmax_whole_stage_atc_trace_v1,softmax_whole_stage_operand_rate_atc,softmax_whole_stage_operand_rate_atc_v2,20260728_operand_rate_v2_final_exp_session03_CAB,exp,fp16x2,20260728_operand_rate_v2_final_exp_session03_CAB_exp_fp16x2,1,2,20260728_operand_rate_v2_final_exp_session03_CAB_exp_fp16x2_b1_r2_treatment,treatment,treatment,20260728_operand_rate_v2_final_exp_session03_CAB_exp_fp16x2_b1_r2_treatment_1785247269789,42,184021.77613478099,184021.777573667,184021.77685422398,0.0014388860145118088,10.674937593983486,10574692624,true,true,5dff3859ad319cb37301e68cfc6fde00723e3a42110ca93adb44c05e97098167
softmax_whole_stage_atc_trace_v1,softmax_whole_stage_operand_rate_atc,softmax_whole_stage_operand_rate_atc_v2,20260728_operand_rate_v2_final_exp_session03_CAB,exp,fp16x2,20260728_operand_rate_v2_final_exp_session03_CAB_exp_fp16x2,1,2,20260728_operand_rate_v2_final_exp_session03_CAB_exp_fp16x2_b1_r2_treatment,treatment,treatment,20260728_operand_rate_v2_final_exp_session03_CAB_exp_fp16x2_b1_r2_treatment_1785247269789,43,184022.02782902401,184022.02926173701,184022.02854538051,0.0014327130047604442,10.926628750516102,10574762673,true,true,5dff3859ad319cb37301e68cfc6fde00723e3a42110ca93adb44c05e97098167
softmax_whole_stage_atc_trace_v1,softmax_whole_stage_operand_rate_atc,softmax_whole_stage_operand_rate_atc_v2,20260728_operand_rate_v2_final_exp_session03_CAB,exp,fp16x2,20260728_operand_rate_v2_final_exp_session03_CAB_exp_fp16x2,1,2,20260728_operand_rate_v2_final_exp_session03_CAB_exp_fp16x2_b1_r2_treatment,treatment,treatment,20260728_operand_rate_v2_final_exp_session03_CAB_exp_fp16x2_b1_r2_treatment_1785247269789,44,184022.27946801801,184022.28298043599,184022.28122422699,0.0035124179848935455,11.179307596990839,10574806989,true,true,5dff3859ad319cb37301e68cfc6fde00723e3a42110ca93adb44c05e97098167
softmax_whole_stage_atc_trace_v1,softmax_whole_stage_operand_rate_atc,softmax_whole_stage_operand_rate_atc_v2,20260728_operand_rate_v2_final_exp_session03_CAB,exp,fp16x2,20260728_operand_rate_v2_final_exp_session03_CAB_exp_fp16x2,1,2,20260728_operand_rate_v2_final_exp_session03_CAB_exp_fp16x2_b1_r2_treatment,treatment,treatment,20260728_operand_rate_v2_final_exp_session03_CAB_exp_fp16x2_b1_r2_treatment_1785247269789,45,184022.53316567,184022.53452471801,184022.533845194,0.0013590480084531009,11.431928564008558,10574877080,true,true,5dff3859ad319cb37301e68cfc6fde00723e3a42110ca93adb44c05e97098167
softmax_whole_stage_atc_trace_v1,softmax_whole_stage_operand_rate_atc,softmax_whole_stage_operand_rate_atc_v2,20260728_operand_rate_v2_final_exp_session03_CAB,exp,fp16x2,20260728_operand_rate_v2_final_exp_session03_CAB_exp_fp16x2,1,2,20260728_operand_rate_v2_final_exp_session03_CAB_exp_fp16x2_b1_r2_treatment,treatment,treatment,20260728_operand_rate_v2_final_exp_session03_CAB_exp_fp16x2_b1_r2_treatment_1785247269789,46,184022.78470357801,184022.78884093001,184022.78677225401,0.0041373519925400615,11.684855624014745,10574921416,true,true,5dff3859ad319cb37301e68cfc6fde00723e3a42110ca93adb44c05e97098167
softmax_whole_stage_atc_trace_v1,softmax_whole_stage_operand_rate_atc,softmax_whole_stage_operand_rate_atc_v2,20260728_operand_rate_v2_final_exp_session03_CAB,exp,fp16x2,20260728_operand_rate_v2_final_exp_session03_CAB_exp_fp16x2,1,2,20260728_operand_rate_v2_final_exp_session03_CAB_exp_fp16x2_b1_r2_treatment,treatment,treatment,20260728_operand_rate_v2_final_exp_session03_CAB_exp_fp16x2_b1_r2_treatment_1785247269789,47,184023.039204962,184023.04070395301,184023.03995445749,0.0014989910123404115,11.938037827494554,10574991395,true,true,5dff3859ad319cb37301e68cfc6fde00723e3a42110ca93adb44c05e97098167
softmax_whole_stage_atc_trace_v1,softmax_whole_stage_operand_rate_atc,softmax_whole_stage_operand_rate_atc_v2,20260728_operand_rate_v2_final_exp_session03_CAB,exp,fp16x2,20260728_operand_rate_v2_final_exp_session03_CAB_exp_fp16x2,1,2,20260728_operand_rate_v2_final_exp_session03_CAB_exp_fp16x2_b1_r2_treatment,treatment,treatment,20260728_operand_rate_v2_final_exp_session03_CAB_exp_fp16x2_b1_r2_treatment_1785247269789,48,184023.29101688499,184023.29454235701,184023.292779621,0.0035254720132797956,12.190862991003087,10575035668,true,true,5dff3859ad319cb37301e68cfc6fde00723e3a42110ca93adb44c05e97098167
softmax_whole_stage_atc_trace_v1,softmax_whole_stage_operand_rate_atc,softmax_whole_stage_operand_rate_atc_v2,20260728_operand_rate_v2_final_exp_session03_CAB,exp,fp16x2,20260728_operand_rate_v2_final_exp_session03_CAB_exp_fp16x2,1,2,20260728_operand_rate_v2_final_exp_session03_CAB_exp_fp16x2_b1_r2_treatment,treatment,treatment,20260728_operand_rate_v2_final_exp_session03_CAB_exp_fp16x2_b1_r2_treatment_1785247269789,49,184023.54489141301,184023.54630662099,184023.545599017,0.0014152079820632935,12.443682387005538,10575105487,true,true,5dff3859ad319cb37301e68cfc6fde00723e3a42110ca93adb44c05e97098167
softmax_whole_stage_atc_trace_v1,softmax_whole_stage_operand_rate_atc,softmax_whole_stage_operand_rate_atc_v2,20260728_operand_rate_v2_final_exp_session03_CAB,exp,fp16x2,20260728_operand_rate_v2_final_exp_session03_CAB_exp_fp16x2,1,2,20260728_operand_rate_v2_final_exp_session03_CAB_exp_fp16x2_b1_r2_treatment,treatment,treatment,20260728_operand_rate_v2_final_exp_session03_CAB_exp_fp16x2_b1_r2_treatment_1785247269789,50,184023.796669843,184023.80027980599,184023.79847482449,0.0036099629942327738,12.696558194496902,10575149678,true,true,5dff3859ad319cb37301e68cfc6fde00723e3a42110ca93adb44c05e97098167
softmax_whole_stage_atc_trace_v1,softmax_whole_stage_operand_rate_atc,softmax_whole_stage_operand_rate_atc_v2,20260728_operand_rate_v2_final_exp_session03_CAB,exp,fp16x2,20260728_operand_rate_v2_final_exp_session03_CAB_exp_fp16x2,1,2,20260728_operand_rate_v2_final_exp_session03_CAB_exp_fp16x2_b1_r2_treatment,treatment,treatment,20260728_operand_rate_v2_final_exp_session03_CAB_exp_fp16x2_b1_r2_treatment_1785247269789,51,184024.050604274,184024.052024946,184024.05131461,0.0014206719934009016,12.949397980002686,10575219660,true,true,5dff3859ad319cb37301e68cfc6fde00723e3a42110ca93adb44c05e97098167
softmax_whole_stage_atc_trace_v1,softmax_whole_stage_operand_rate_atc,softmax_whole_stage_operand_rate_atc_v2,20260728_operand_rate_v2_final_exp_session03_CAB,exp,fp16x2,20260728_operand_rate_v2_final_exp_session03_CAB_exp_fp16x2,1,2,20260728_operand_rate_v2_final_exp_session03_CAB_exp_fp16x2_b1_r2_treatment,treatment,treatment,20260728_operand_rate_v2_final_exp_session03_CAB_exp_fp16x2_b1_r2_treatment_1785247269789,52,184024.30241093601,184024.306148901,184024.30427991849,0.0037379649875219911,13.20236328849569,10575263765,true,false,5dff3859ad319cb37301e68cfc6fde00723e3a42110ca93adb44c05e97098167
softmax_whole_stage_atc_trace_v1,softmax_whole_stage_operand_rate_atc,softmax_whole_stage_operand_rate_atc_v2,20260728_operand_rate_v2_final_exp_session03_CAB,exp,fp16x2,20260728_operand_rate_v2_final_exp_session03_CAB_exp_fp16x2,1,2,20260728_operand_rate_v2_final_exp_session03_CAB_exp_fp16x2_b1_r2_treatment,treatment,treatment,20260728_operand_rate_v2_final_exp_session03_CAB_exp_fp16x2_b1_r2_treatment_1785247269789,53,184024.556574961,184024.558015769,184024.557295365,0.001440808002371341,13.455378735001432,10575333596,true,false,5dff3859ad319cb37301e68cfc6fde00723e3a42110ca93adb44c05e97098167
softmax_whole_stage_atc_trace_v1,softmax_whole_stage_operand_rate_atc,softmax_whole_stage_operand_rate_atc_v2,20260728_operand_rate_v2_final_exp_session03_CAB,exp,fp16x2,20260728_operand_rate_v2_final_exp_session03_CAB_exp_fp16x2,1,2,20260728_operand_rate_v2_final_exp_session03_CAB_exp_fp16x2_b1_r2_treatment,treatment,treatment,20260728_operand_rate_v2_final_exp_session03_CAB_exp_fp16x2_b1_r2_treatment_1785247269789,54,184024.80825362101,184024.81185801799,184024.81005581951,0.0036043969739694148,13.708139189518988,10575373254,true,false,5dff3859ad319cb37301e68cfc6fde00723e3a42110ca93adb44c05e97098167
softmax_whole_stage_atc_trace_v1,softmax_whole_stage_operand_rate_atc,softmax_whole_stage_operand_rate_atc_v2,20260728_operand_rate_v2_final_exp_session03_CAB,exp,fp16x2,20260728_operand_rate_v2_final_exp_session03_CAB_exp_fp16x2,1,2,20260728_operand_rate_v2_final_exp_session03_CAB_exp_fp16x2_b1_r2_treatment,treatment,treatment,20260728_operand_rate_v2_final_exp_session03_CAB_exp_fp16x2_b1_r2_treatment_1785247269789,55,184024.811864697,184024.81308228499,184024.81247349101,0.0012175879965070635,13.710556861013174,10575373254,false,false,5dff3859ad319cb37301e68cfc6fde00723e3a42110ca93adb44c05e97098167
softmax_whole_stage_atc_trace_v1,softmax_whole_stage_operand_rate_atc,softmax_whole_stage_operand_rate_atc_v2,20260728_operand_rate_v2_final_exp_session03_CAB,exp,fp32,20260728_operand_rate_v2_final_exp_session03_CAB_exp_fp32,0,0,20260728_operand_rate_v2_final_exp_session03_CAB_exp_fp32_b0_r0_control,control,control,20260728_operand_rate_v2_final_exp_session03_CAB_exp_fp32_b0_r0_control_1785247284527,0,184025.83887966,184025.84390907999,184025.84139437001,0.0050294199900235981,0.002525942021748051,10575519290,false,false,5dff3859ad319cb37301e68cfc6fde00723e3a42110ca93adb44c05e97098167
softmax_whole_stage_atc_trace_v1,softmax_whole_stage_operand_rate_atc,softmax_whole_stage_operand_rate_atc_v2,20260728_operand_rate_v2_final_exp_session03_CAB,exp,fp32,20260728_operand_rate_v2_final_exp_session03_CAB_exp_fp32,0,0,20260728_operand_rate_v2_final_exp_session03_CAB_exp_fp32_b0_r0_control,control,control,20260728_operand_rate_v2_final_exp_session03_CAB_exp_fp32_b0_r0_control_1785247284527,1,184026.096824857,184026.098198477,184026.097511667,0.0013736200053244829,0.25864323900896125,10575566681,true,false,5dff3859ad319cb37301e68cfc6fde00723e3a42110ca93adb44c05e97098167
softmax_whole_stage_atc_trace_v1,softmax_whole_stage_operand_rate_atc,softmax_whole_stage_operand_rate_atc_v2,20260728_operand_rate_v2_final_exp_session03_CAB,exp,fp32,20260728_operand_rate_v2_final_exp_session03_CAB_exp_fp32,0,0,20260728_operand_rate_v2_final_exp_session03_CAB_exp_fp32_b0_r0_control,control,control,20260728_operand_rate_v2_final_exp_session03_CAB_exp_fp32_b0_r0_control_1785247284527,2,184026.351280403,184026.352652809,184026.35196660599,0.0013724059972446412,0.51309817799483426,10575637379,true,false,5dff3859ad319cb37301e68cfc6fde00723e3a42110ca93adb44c05e97098167
softmax_whole_stage_atc_trace_v1,softmax_whole_stage_operand_rate_atc,softmax_whole_stage_operand_rate_atc_v2,20260728_operand_rate_v2_final_exp_session03_CAB,exp,fp32,20260728_operand_rate_v2_final_exp_session03_CAB_exp_fp32,0,0,20260728_operand_rate_v2_final_exp_session03_CAB_exp_fp32_b0_r0_control,control,control,20260728_operand_rate_v2_final_exp_session03_CAB_exp_fp32_b0_r0_control_1785247284527,3,184026.60530063399,184026.60675125601,184026.60602594499,0.0014506220177281648,0.76715751699521206,10575685481,true,true,5dff3859ad319cb37301e68cfc6fde00723e3a42110ca93adb44c05e97098167
softmax_whole_stage_atc_trace_v1,softmax_whole_stage_operand_rate_atc,softmax_whole_stage_operand_rate_atc_v2,20260728_operand_rate_v2_final_exp_session03_CAB,exp,fp32,20260728_operand_rate_v2_final_exp_session03_CAB_exp_fp32,0,0,20260728_operand_rate_v2_final_exp_session03_CAB_exp_fp32_b0_r0_control,control,control,20260728_operand_rate_v2_final_exp_session03_CAB_exp_fp32_b0_r0_control_1785247284527,4,184026.85711405901,184026.858528126,184026.8578210925,0.0014140669954940677,1.0189526645117439,10575755815,true,true,5dff3859ad319cb37301e68cfc6fde00723e3a42110ca93adb44c05e97098167
softmax_whole_stage_atc_trace_v1,softmax_whole_stage_operand_rate_atc,softmax_whole_stage_operand_rate_atc_v2,20260728_operand_rate_v2_final_exp_session03_CAB,exp,fp32,20260728_operand_rate_v2_final_exp_session03_CAB_exp_fp32,0,0,20260728_operand_rate_v2_final_exp_session03_CAB_exp_fp32_b0_r0_control,control,control,20260728_operand_rate_v2_final_exp_session03_CAB_exp_fp32_b0_r0_control_1785247284527,5,184027.10987509601,184027.11132451001,184027.11059980301,0.0014494140050373971,1.2717313750181347,10575803633,true,true,5dff3859ad319cb37301e68cfc6fde00723e3a42110ca93adb44c05e97098167
softmax_whole_stage_atc_trace_v1,softmax_whole_stage_operand_rate_atc,softmax_whole_stage_operand_rate_atc_v2,20260728_operand_rate_v2_final_exp_session03_CAB,exp,fp32,20260728_operand_rate_v2_final_exp_session03_CAB_exp_fp32,0,0,20260728_operand_rate_v2_final_exp_session03_CAB_exp_fp32_b0_r0_control,control,control,20260728_operand_rate_v2_final_exp_session03_CAB_exp_fp32_b0_r0_control_1785247284527,6,184027.36321406599,184027.36466156601,184027.363937816,0.0014475000207312405,1.525069388007978,10575873730,true,true,5dff3859ad319cb37301e68cfc6fde00723e3a42110ca93adb44c05e97098167
softmax_whole_stage_atc_trace_v1,softmax_whole_stage_operand_rate_atc,softmax_whole_stage_operand_rate_atc_v2,20260728_operand_rate_v2_final_exp_session03_CAB,exp,fp32,20260728_operand_rate_v2_final_exp_session03_CAB_exp_fp32,0,0,20260728_operand_rate_v2_final_exp_session03_CAB_exp_fp32_b0_r0_control,control,control,20260728_operand_rate_v2_final_exp_session03_CAB_exp_fp32_b0_r0_control_1785247284527,7,184027.61659523001,184027.61882982199,184027.617712526,0.0022345919860526919,1.7788440980075393,10575920810,true,true,5dff3859ad319cb37301e68cfc6fde00723e3a42110ca93adb44c05e97098167
softmax_whole_stage_atc_trace_v1,softmax_whole_stage_operand_rate_atc,softmax_whole_stage_operand_rate_atc_v2,20260728_operand_rate_v2_final_exp_session03_CAB,exp,fp32,20260728_operand_rate_v2_final_exp_session03_CAB_exp_fp32,0,0,20260728_operand_rate_v2_final_exp_session03_CAB_exp_fp32_b0_r0_control,control,control,20260728_operand_rate_v2_final_exp_session03_CAB_exp_fp32_b0_r0_control_1785247284527,8,184027.868973295,184027.87033560101,184027.869654448,0.0013623060076497495,2.0307860200118739,10575994837,true,true,5dff3859ad319cb37301e68cfc6fde00723e3a42110ca93adb44c05e97098167
softmax_whole_stage_atc_trace_v1,softmax_whole_stage_operand_rate_atc,softmax_whole_stage_operand_rate_atc_v2,20260728_operand_rate_v2_final_exp_session03_CAB,exp,fp32,20260728_operand_rate_v2_final_exp_session03_CAB_exp_fp32,0,0,20260728_operand_rate_v2_final_exp_session03_CAB_exp_fp32_b0_r0_control,control,control,20260728_operand_rate_v2_final_exp_session03_CAB_exp_fp32_b0_r0_control_1785247284527,9,184028.12088863101,184028.122295045,184028.12159183802,0.0014064139977563173,2.2827234100259375,10576041274,true,true,5dff3859ad319cb37301e68cfc6fde00723e3a42110ca93adb44c05e97098167
softmax_whole_stage_atc_trace_v1,softmax_whole_stage_operand_rate_atc,softmax_whole_stage_operand_rate_atc_v2,20260728_operand_rate_v2_final_exp_session03_CAB,exp,fp32,20260728_operand_rate_v2_final_exp_session03_CAB_exp_fp32,0,0,20260728_operand_rate_v2_final_exp_session03_CAB_exp_fp32_b0_r0_control,control,control,20260728_operand_rate_v2_final_exp_session03_CAB_exp_fp32_b0_r0_control_1785247284527,10,184028.37406909501,184028.37549907301,184028.37478408401,0.0014299780013971031,2.5359156560152769,10576115087,true,true,5dff3859ad319cb37301e68cfc6fde00723e3a42110ca93adb44c05e97098167
softmax_whole_stage_atc_trace_v1,softmax_whole_stage_operand_rate_atc,softmax_whole_stage_operand_rate_atc_v2,20260728_operand_rate_v2_final_exp_session03_CAB,exp,fp32,20260728_operand_rate_v2_final_exp_session03_CAB_exp_fp32,0,0,20260728_operand_rate_v2_final_exp_session03_CAB_exp_fp32_b0_r0_control,control,control,20260728_operand_rate_v2_final_exp_session03_CAB_exp_fp32_b0_r0_control_1785247284527,11,184028.62609248501,184028.62747402501,184028.62678325502,0.0013815400016028434,2.7879148270294536,10576161062,true,true,5dff3859ad319cb37301e68cfc6fde00723e3a42110ca93adb44c05e97098167
softmax_whole_stage_atc_trace_v1,softmax_whole_stage_operand_rate_atc,softmax_whole_stage_operand_rate_atc_v2,20260728_operand_rate_v2_final_exp_session03_CAB,exp,fp32,20260728_operand_rate_v2_final_exp_session03_CAB_exp_fp32,0,0,20260728_operand_rate_v2_final_exp_session03_CAB_exp_fp32_b0_r0_control,control,control,20260728_operand_rate_v2_final_exp_session03_CAB_exp_fp32_b0_r0_control_1785247284527,12,184028.87826552,184028.87960033299,184028.87893292651,0.0013348129868973047,3.0400644985202234,10576234637,true,true,5dff3859ad319cb37301e68cfc6fde00723e3a42110ca93adb44c05e97098167
softmax_whole_stage_atc_trace_v1,softmax_whole_stage_operand_rate_atc,softmax_whole_stage_operand_rate_atc_v2,20260728_operand_rate_v2_final_exp_session03_CAB,exp,fp32,20260728_operand_rate_v2_final_exp_session03_CAB_exp_fp32,0,0,20260728_operand_rate_v2_final_exp_session03_CAB_exp_fp32_b0_r0_control,control,control,20260728_operand_rate_v2_final_exp_session03_CAB_exp_fp32_b0_r0_control_1785247284527,13,184029.13019082599,184029.13169310801,184029.13094196701,0.0015022820152807981,3.2920735390216578,10576280552,true,true,5dff3859ad319cb37301e68cfc6fde00723e3a42110ca93adb44c05e97098167
softmax_whole_stage_atc_trace_v1,softmax_whole_stage_operand_rate_atc,softmax_whole_stage_operand_rate_atc_v2,20260728_operand_rate_v2_final_exp_session03_CAB,exp,fp32,20260728_operand_rate_v2_final_exp_session03_CAB_exp_fp32,0,0,20260728_operand_rate_v2_final_exp_session03_CAB_exp_fp32_b0_r0_control,control,control,20260728_operand_rate_v2_final_exp_session03_CAB_exp_fp32_b0_r0_control_1785247284527,14,184029.38295518601,184029.38439684501,184029.38367601551,0.0014416589983738959,3.5448075875174254,10576353971,true,true,5dff3859ad319cb37301e68cfc6fde00723e3a42110ca93adb44c05e97098167
softmax_whole_stage_atc_trace_v1,softmax_whole_stage_operand_rate_atc,softmax_whole_stage_operand_rate_atc_v2,20260728_operand_rate_v2_final_exp_session03_CAB,exp,fp32,20260728_operand_rate_v2_final_exp_session03_CAB_exp_fp32,0,0,20260728_operand_rate_v2_final_exp_session03_CAB_exp_fp32_b0_r0_control,control,control,20260728_operand_rate_v2_final_exp_session03_CAB_exp_fp32_b0_r0_control_1785247284527,15,184029.63502248301,184029.636375523,184029.635699003,0.0013530399883165956,3.7968305750109721,10576399485,true,true,5dff3859ad319cb37301e68cfc6fde00723e3a42110ca93adb44c05e97098167
softmax_whole_stage_atc_trace_v1,softmax_whole_stage_operand_rate_atc,softmax_whole_stage_operand_rate_atc_v2,20260728_operand_rate_v2_final_exp_session03_CAB,exp,fp32,20260728_operand_rate_v2_final_exp_session03_CAB_exp_fp32,0,0,20260728_operand_rate_v2_final_exp_session03_CAB_exp_fp32_b0_r0_control,control,control,20260728_operand_rate_v2_final_exp_session03_CAB_exp_fp32_b0_r0_control_1785247284527,16,184029.88722270701,184029.888633853,184029.88792827999,0.0014111459895502776,4.0490598519972991,10576472704,true,true,5dff3859ad319cb37301e68cfc6fde00723e3a42110ca93adb44c05e97098167
softmax_whole_stage_atc_trace_v1,softmax_whole_stage_operand_rate_atc,softmax_whole_stage_operand_rate_atc_v2,20260728_operand_rate_v2_final_exp_session03_CAB,exp,fp32,20260728_operand_rate_v2_final_exp_session03_CAB_exp_fp32,0,0,20260728_operand_rate_v2_final_exp_session03_CAB_exp_fp32_b0_r0_control,control,control,20260728_operand_rate_v2_final_exp_session03_CAB_exp_fp32_b0_r0_control_1785247284527,17,184030.139266137,184030.14067637699,184030.13997125701,0.0014102399873081595,4.3011028290202376,10576518152,true,true,5dff3859ad319cb37301e68cfc6fde00723e3a42110ca93adb44c05e97098167
softmax_whole_stage_atc_trace_v1,softmax_whole_stage_operand_rate_atc,softmax_whole_stage_operand_rate_atc_v2,20260728_operand_rate_v2_final_exp_session03_CAB,exp,fp32,20260728_operand_rate_v2_final_exp_session03_CAB_exp_fp32,0,0,20260728_operand_rate_v2_final_exp_session03_CAB_exp_fp32_b0_r0_control,control,control,20260728_operand_rate_v2_final_exp_session03_CAB_exp_fp32_b0_r0_control_1785247284527,18,184030.39262706001,184030.397194227,184030.39491064352,0.004567166994092986,4.5560422155249398,10576591200,true,true,5dff3859ad319cb37301e68cfc6fde00723e3a42110ca93adb44c05e97098167
softmax_whole_stage_atc_trace_v1,softmax_whole_stage_operand_rate_atc,softmax_whole_stage_operand_rate_atc_v2,20260728_operand_rate_v2_final_exp_session03_CAB,exp,fp32,20260728_operand_rate_v2_final_exp_session03_CAB_exp_fp32,0,0,20260728_operand_rate_v2_final_exp_session03_CAB_exp_fp32_b0_r0_control,control,control,20260728_operand_rate_v2_final_exp_session03_CAB_exp_fp32_b0_r0_control_1785247284527,19,184030.647955511,184030.64941146999,184030.64868349049,0.0014559589908458292,4.8098150625010021,10576640417,true,true,5dff3859ad319cb37301e68cfc6fde00723e3a42110ca93adb44c05e97098167
softmax_whole_stage_atc_trace_v1,softmax_whole_stage_operand_rate_atc,softmax_whole_stage_operand_rate_atc_v2,20260728_operand_rate_v2_final_exp_session03_CAB,exp,fp32,20260728_operand_rate_v2_final_exp_session03_CAB_exp_fp32,0,0,20260728_operand_rate_v2_final_exp_session03_CAB_exp_fp32_b0_r0_control,control,control,20260728_operand_rate_v2_final_exp_session03_CAB_exp_fp32_b0_r0_control_1785247284527,20,184030.900525515,184030.90193313701,184030.901229326,0.0014076220104470849,5.0623608980095014,10576712124,true,true,5dff3859ad319cb37301e68cfc6fde00723e3a42110ca93adb44c05e97098167
softmax_whole_stage_atc_trace_v1,softmax_whole_stage_operand_rate_atc,softmax_whole_stage_operand_rate_atc_v2,20260728_operand_rate_v2_final_exp_session03_CAB,exp,fp32,20260728_operand_rate_v2_final_exp_session03_CAB_exp_fp32,0,0,20260728_operand_rate_v2_final_exp_session03_CAB_exp_fp32_b0_r0_control,control,control,20260728_operand_rate_v2_final_exp_session03_CAB_exp_fp32_b0_r0_control_1785247284527,21,184031.152634603,184031.154035277,184031.15333494,0.001400673994794488,5.3144665120053105,10576760947,true,true,5dff3859ad319cb37301e68cfc6fde00723e3a42110ca93adb44c05e97098167
softmax_whole_stage_atc_trace_v1,softmax_whole_stage_operand_rate_atc,softmax_whole_stage_operand_rate_atc_v2,20260728_operand_rate_v2_final_exp_session03_CAB,exp,fp32,20260728_operand_rate_v2_final_exp_session03_CAB_exp_fp32,0,0,20260728_operand_rate_v2_final_exp_session03_CAB_exp_fp32_b0_r0_control,control,control,20260728_operand_rate_v2_final_exp_session03_CAB_exp_fp32_b0_r0_control_1785247284527,22,184031.40597709801,184031.407333059,184031.40665507852,0.0013559609942603856,5.5677866505284328,10576832251,true,true,5dff3859ad319cb37301e68cfc6fde00723e3a42110ca93adb44c05e97098167
softmax_whole_stage_atc_trace_v1,softmax_whole_stage_operand_rate_atc,softmax_whole_stage_operand_rate_atc_v2,20260728_operand_rate_v2_final_exp_session03_CAB,exp,fp32,20260728_operand_rate_v2_final_exp_session03_CAB_exp_fp32,0,0,20260728_operand_rate_v2_final_exp_session03_CAB_exp_fp32_b0_r0_control,control,control,20260728_operand_rate_v2_final_exp_session03_CAB_exp_fp32_b0_r0_control_1785247284527,23,184031.65803462599,184031.659353428,184031.65869402699,0.0013188020093366504,5.8198255989991594,10576880485,true,true,5dff3859ad319cb37301e68cfc6fde00723e3a42110ca93adb44c05e97098167
softmax_whole_stage_atc_trace_v1,softmax_whole_stage_operand_rate_atc,softmax_whole_stage_operand_rate_atc_v2,20260728_operand_rate_v2_final_exp_session03_CAB,exp,fp32,20260728_operand_rate_v2_final_exp_session03_CAB_exp_fp32,0,0,20260728_operand_rate_v2_final_exp_session03_CAB_exp_fp32_b0_r0_control,control,control,20260728_operand_rate_v2_final_exp_session03_CAB_exp_fp32_b0_r0_control_1785247284527,24,184031.91057693699,184031.911959383,184031.91126815998,0.0013824460038449615,6.0723997319873888,10576951212,true,true,5dff3859ad319cb37301e68cfc6fde00723e3a42110ca93adb44c05e97098167
softmax_whole_stage_atc_trace_v1,softmax_whole_stage_operand_rate_atc,softmax_whole_stage_operand_rate_atc_v2,20260728_operand_rate_v2_final_exp_session03_CAB,exp,fp32,20260728_operand_rate_v2_final_exp_session03_CAB_exp_fp32,0,0,20260728_operand_rate_v2_final_exp_session03_CAB_exp_fp32_b0_r0_control,control,control,20260728_operand_rate_v2_final_exp_session03_CAB_exp_fp32_b0_r0_control_1785247284527,25,184032.16229822001,184032.16370785501,184032.16300303751,0.0014096350059844553,6.3241346095164772,10576999119,true,true,5dff3859ad319cb37301e68cfc6fde00723e3a42110ca93adb44c05e97098167
softmax_whole_stage_atc_trace_v1,softmax_whole_stage_operand_rate_atc,softmax_whole_stage_operand_rate_atc_v2,20260728_operand_rate_v2_final_exp_session03_CAB,exp,fp32,20260728_operand_rate_v2_final_exp_session03_CAB_exp_fp32,0,0,20260728_operand_rate_v2_final_exp_session03_CAB_exp_fp32_b0_r0_control,control,control,20260728_operand_rate_v2_final_exp_session03_CAB_exp_fp32_b0_r0_control_1785247284527,26,184032.414874165,184032.41626345899,184032.41556881199,0.0013892939896322787,6.5767003840010148,10577069499,true,true,5dff3859ad319cb37301e68cfc6fde00723e3a42110ca93adb44c05e97098167
softmax_whole_stage_atc_trace_v1,softmax_whole_stage_operand_rate_atc,softmax_whole_stage_operand_rate_atc_v2,20260728_operand_rate_v2_final_exp_session03_CAB,exp,fp32,20260728_operand_rate_v2_final_exp_session03_CAB_exp_fp32,0,0,20260728_operand_rate_v2_final_exp_session03_CAB_exp_fp32_b0_r0_control,control,control,20260728_operand_rate_v2_final_exp_session03_CAB_exp_fp32_b0_r0_control_1785247284527,27,184032.66704155999,184032.668461266,184032.66775141301,0.0014197060081642121,6.8288829850207549,10577117079,true,true,5dff3859ad319cb37301e68cfc6fde00723e3a42110ca93adb44c05e97098167
softmax_whole_stage_atc_trace_v1,softmax_whole_stage_operand_rate_atc,softmax_whole_stage_operand_rate_atc_v2,20260728_operand_rate_v2_final_exp_session03_CAB,exp,fp32,20260728_operand_rate_v2_final_exp_session03_CAB_exp_fp32,0,0,20260728_operand_rate_v2_final_exp_session03_CAB_exp_fp32_b0_r0_control,control,control,20260728_operand_rate_v2_final_exp_session03_CAB_exp_fp32_b0_r0_control_1785247284527,28,184032.919737644,184032.92114929401,184032.92044346902,0.0014116500096861273,7.0815750410256442,10577187236,true,true,5dff3859ad319cb37301e68cfc6fde00723e3a42110ca93adb44c05e97098167
softmax_whole_stage_atc_trace_v1,softmax_whole_stage_operand_rate_atc,softmax_whole_stage_operand_rate_atc_v2,20260728_operand_rate_v2_final_exp_session03_CAB,exp,fp32,20260728_operand_rate_v2_final_exp_session03_CAB_exp_fp32,0,0,20260728_operand_rate_v2_final_exp_session03_CAB_exp_fp32_b0_r0_control,control,control,20260728_operand_rate_v2_final_exp_session03_CAB_exp_fp32_b0_r0_control_1785247284527,29,184033.171919541,184033.17574634199,184033.17383294151,0.0038268009957391769,7.334964513516752,10577234592,true,true,5dff3859ad319cb37301e68cfc6fde00723e3a42110ca93adb44c05e97098167
softmax_whole_stage_atc_trace_v1,softmax_whole_stage_operand_rate_atc,softmax_whole_stage_operand_rate_atc_v2,20260728_operand_rate_v2_final_exp_session03_CAB,exp,fp32,20260728_operand_rate_v2_final_exp_session03_CAB_exp_fp32,0,0,20260728_operand_rate_v2_final_exp_session03_CAB_exp_fp32_b0_r0_control,control,control,20260728_operand_rate_v2_final_exp_session03_CAB_exp_fp32_b0_r0_control_1785247284527,30,184033.42611448301,184033.427546575,184033.426830529,0.0014320919872261584,7.5879621010099072,10577308826,true,true,5dff3859ad319cb37301e68cfc6fde00723e3a42110ca93adb44c05e97098167
softmax_whole_stage_atc_trace_v1,softmax_whole_stage_operand_rate_atc,softmax_whole_stage_operand_rate_atc_v2,20260728_operand_rate_v2_final_exp_session03_CAB,exp,fp32,20260728_operand_rate_v2_final_exp_session03_CAB_exp_fp32,0,0,20260728_operand_rate_v2_final_exp_session03_CAB_exp_fp32_b0_r0_control,control,control,20260728_operand_rate_v2_final_exp_session03_CAB_exp_fp32_b0_r0_control_1785247284527,31,184033.67837905599,184033.67976019299,184033.67906962449,0.001381137000862509,7.8402011964935809,10577355448,true,true,5dff3859ad319cb37301e68cfc6fde00723e3a42110ca93adb44c05e97098167
softmax_whole_stage_atc_trace_v1,softmax_whole_stage_operand_rate_atc,softmax_whole_stage_operand_rate_atc_v2,20260728_operand_rate_v2_final_exp_session03_CAB,exp,fp32,20260728_operand_rate_v2_final_exp_session03_CAB_exp_fp32,0,0,20260728_operand_rate_v2_final_exp_session03_CAB_exp_fp32_b0_r0_control,control,control,20260728_operand_rate_v2_final_exp_session03_CAB_exp_fp32_b0_r0_control_1785247284527,32,184033.93103435499,184033.932408141,184033.93172124799,0.0013737860135734081,8.0928528200020082,10577429604,true,true,5dff3859ad319cb37301e68cfc6fde00723e3a42110ca93adb44c05e97098167
softmax_whole_stage_atc_trace_v1,softmax_whole_stage_operand_rate_atc,softmax_whole_stage_operand_rate_atc_v2,20260728_operand_rate_v2_final_exp_session03_CAB,exp,fp32,20260728_operand_rate_v2_final_exp_session03_CAB_exp_fp32,0,0,20260728_operand_rate_v2_final_exp_session03_CAB_exp_fp32_b0_r0_control,control,control,20260728_operand_rate_v2_final_exp_session03_CAB_exp_fp32_b0_r0_control_1785247284527,33,184034.18307848999,184034.184443918,184034.18376120401,0.0013654280046466738,8.3448927760182414,10577475921,true,true,5dff3859ad319cb37301e68cfc6fde00723e3a42110ca93adb44c05e97098167
softmax_whole_stage_atc_trace_v1,softmax_whole_stage_operand_rate_atc,softmax_whole_stage_operand_rate_atc_v2,20260728_operand_rate_v2_final_exp_session03_CAB,exp,fp32,20260728_operand_rate_v2_final_exp_session03_CAB_exp_fp32,0,0,20260728_operand_rate_v2_final_exp_session03_CAB_exp_fp32_b0_r0_control,control,control,20260728_operand_rate_v2_final_exp_session03_CAB_exp_fp32_b0_r0_control_1785247284527,34,184034.43635008999,184034.43783847499,184034.43709428248,0.0014883849944453686,8.5982258544827346,10577549887,true,true,5dff3859ad319cb37301e68cfc6fde00723e3a42110ca93adb44c05e97098167
softmax_whole_stage_atc_trace_v1,softmax_whole_stage_operand_rate_atc,softmax_whole_stage_operand_rate_atc_v2,20260728_operand_rate_v2_final_exp_session03_CAB,exp,fp32,20260728_operand_rate_v2_final_exp_session03_CAB_exp_fp32,0,0,20260728_operand_rate_v2_final_exp_session03_CAB_exp_fp32_b0_r0_control,control,control,20260728_operand_rate_v2_final_exp_session03_CAB_exp_fp32_b0_r0_control_1785247284527,35,184034.69383321301,184034.69525031699,184034.694541765,0.0014171039802022278,8.8556733370060101,10577595713,true,true,5dff3859ad319cb37301e68cfc6fde00723e3a42110ca93adb44c05e97098167
softmax_whole_stage_atc_trace_v1,softmax_whole_stage_operand_rate_atc,softmax_whole_stage_operand_rate_atc_v2,20260728_operand_rate_v2_final_exp_session03_CAB,exp,fp32,20260728_operand_rate_v2_final_exp_session03_CAB_exp_fp32,0,0,20260728_operand_rate_v2_final_exp_session03_CAB_exp_fp32_b0_r0_control,control,control,20260728_operand_rate_v2_final_exp_session03_CAB_exp_fp32_b0_r0_control_1785247284527,36,184034.95326660099,184034.95472772201,184034.9539971615,0.0014611210208386183,9.1151287335087545,10577669529,true,true,5dff3859ad319cb37301e68cfc6fde00723e3a42110ca93adb44c05e97098167
softmax_whole_stage_atc_trace_v1,softmax_whole_stage_operand_rate_atc,softmax_whole_stage_operand_rate_atc_v2,20260728_operand_rate_v2_final_exp_session03_CAB,exp,fp32,20260728_operand_rate_v2_final_exp_session03_CAB_exp_fp32,0,0,20260728_operand_rate_v2_final_exp_session03_CAB_exp_fp32_b0_r0_control,control,control,20260728_operand_rate_v2_final_exp_session03_CAB_exp_fp32_b0_r0_control_1785247284527,37,184035.21122504,184035.21263422701,184035.21192963351,0.0014091870107222348,9.3730612055223901,10577716701,true,true,5dff3859ad319cb37301e68cfc6fde00723e3a42110ca93adb44c05e97098167
softmax_whole_stage_atc_trace_v1,softmax_whole_stage_operand_rate_atc,softmax_whole_stage_operand_rate_atc_v2,20260728_operand_rate_v2_final_exp_session03_CAB,exp,fp32,20260728_operand_rate_v2_final_exp_session03_CAB_exp_fp32,0,0,20260728_operand_rate_v2_final_exp_session03_CAB_exp_fp32_b0_r0_control,control,control,20260728_operand_rate_v2_final_exp_session03_CAB_exp_fp32_b0_r0_control_1785247284527,38,184035.476716559,184035.47817155701,184035.47744405799,0.0014549980114679784,9.6385756300005596,10577787858,true,true,5dff3859ad319cb37301e68cfc6fde00723e3a42110ca93adb44c05e97098167
softmax_whole_stage_atc_trace_v1,softmax_whole_stage_operand_rate_atc,softmax_whole_stage_operand_rate_atc_v2,20260728_operand_rate_v2_final_exp_session03_CAB,exp,fp32,20260728_operand_rate_v2_final_exp_session03_CAB_exp_fp32,0,0,20260728_operand_rate_v2_final_exp_session03_CAB_exp_fp32_b0_r0_control,control,control,20260728_operand_rate_v2_final_exp_session03_CAB_exp_fp32_b0_r0_control_1785247284527,39,184035.73100995101,184035.732495245,184035.73175259802,0.0014852939930278808,9.8928841700253543,10577835968,true,true,5dff3859ad319cb37301e68cfc6fde00723e3a42110ca93adb44c05e97098167
softmax_whole_stage_atc_trace_v1,softmax_whole_stage_operand_rate_atc,softmax_whole_stage_operand_rate_atc_v2,20260728_operand_rate_v2_final_exp_session03_CAB,exp,fp32,20260728_operand_rate_v2_final_exp_session03_CAB_exp_fp32,0,0,20260728_operand_rate_v2_final_exp_session03_CAB_exp_fp32_b0_r0_control,control,control,20260728_operand_rate_v2_final_exp_session03_CAB_exp_fp32_b0_r0_control_1785247284527,40,184035.99452713001,184035.99596861799,184035.995247874,0.0014414879842661321,10.156379446008941,10577908974,true,true,5dff3859ad319cb37301e68cfc6fde00723e3a42110ca93adb44c05e97098167
softmax_whole_stage_atc_trace_v1,softmax_whole_stage_operand_rate_atc,softmax_whole_stage_operand_rate_atc_v2,20260728_operand_rate_v2_final_exp_session03_CAB,exp,fp32,20260728_operand_rate_v2_final_exp_session03_CAB_exp_fp32,0,0,20260728_operand_rate_v2_final_exp_session03_CAB_exp_fp32_b0_r0_control,control,control,20260728_operand_rate_v2_final_exp_session03_CAB_exp_fp32_b0_r0_control_1785247284527,41,184036.25048674099,184036.25504860099,184036.25276767099,0.004561859997920692,10.413899242994376,10577954333,true,true,5dff3859ad319cb37301e68cfc6fde00723e3a42110ca93adb44c05e97098167
softmax_whole_stage_atc_trace_v1,softmax_whole_stage_operand_rate_atc,softmax_whole_stage_operand_rate_atc_v2,20260728_operand_rate_v2_final_exp_session03_CAB,exp,fp32,20260728_operand_rate_v2_final_exp_session03_CAB_exp_fp32,0,0,20260728_operand_rate_v2_final_exp_session03_CAB_exp_fp32_b0_r0_control,control,control,20260728_operand_rate_v2_final_exp_session03_CAB_exp_fp32_b0_r0_control_1785247284527,42,184036.51912861,184036.52055331401,184036.51984096202,0.001424704008968547,10.680972534028115,10578028322,true,true,5dff3859ad319cb37301e68cfc6fde00723e3a42110ca93adb44c05e97098167
softmax_whole_stage_atc_trace_v1,softmax_whole_stage_operand_rate_atc,softmax_whole_stage_operand_rate_atc_v2,20260728_operand_rate_v2_final_exp_session03_CAB,exp,fp32,20260728_operand_rate_v2_final_exp_session03_CAB_exp_fp32,0,0,20260728_operand_rate_v2_final_exp_session03_CAB_exp_fp32_b0_r0_control,control,control,20260728_operand_rate_v2_final_exp_session03_CAB_exp_fp32_b0_r0_control_1785247284527,43,184036.77082593201,184036.77227776399,184036.77155184798,0.001451831980375573,10.932683419989189,10578074338,true,true,5dff3859ad319cb37301e68cfc6fde00723e3a42110ca93adb44c05e97098167
softmax_whole_stage_atc_trace_v1,softmax_whole_stage_operand_rate_atc,softmax_whole_stage_operand_rate_atc_v2,20260728_operand_rate_v2_final_exp_session03_CAB,exp,fp32,20260728_operand_rate_v2_final_exp_session03_CAB_exp_fp32,0,0,20260728_operand_rate_v2_final_exp_session03_CAB_exp_fp32_b0_r0_control,control,control,20260728_operand_rate_v2_final_exp_session03_CAB_exp_fp32_b0_r0_control_1785247284527,44,184037.03452013101,184037.03597576299,184037.035247947,0.0014556319802068174,11.196379519009497,10578145873,true,true,5dff3859ad319cb37301e68cfc6fde00723e3a42110ca93adb44c05e97098167
softmax_whole_stage_atc_trace_v1,softmax_whole_stage_operand_rate_atc,softmax_whole_stage_operand_rate_atc_v2,20260728_operand_rate_v2_final_exp_session03_CAB,exp,fp32,20260728_operand_rate_v2_final_exp_session03_CAB_exp_fp32,0,0,20260728_operand_rate_v2_final_exp_session03_CAB_exp_fp32_b0_r0_control,control,control,20260728_operand_rate_v2_final_exp_session03_CAB_exp_fp32_b0_r0_control_1785247284527,45,184037.289482755,184037.291209035,184037.29034589499,0.0017262799956370145,11.451477466995129,10578194913,true,true,5dff3859ad319cb37301e68cfc6fde00723e3a42110ca93adb44c05e97098167
softmax_whole_stage_atc_trace_v1,softmax_whole_stage_operand_rate_atc,softmax_whole_stage_operand_rate_atc_v2,20260728_operand_rate_v2_final_exp_session03_CAB,exp,fp32,20260728_operand_rate_v2_final_exp_session03_CAB_exp_fp32,0,0,20260728_operand_rate_v2_final_exp_session03_CAB_exp_fp32_b0_r0_control,control,control,20260728_operand_rate_v2_final_exp_session03_CAB_exp_fp32_b0_r0_control_1785247284527,46,184037.555282922,184037.556804105,184037.5560435135,0.001521183003205806,11.717175085505005,10578243597,true,true,5dff3859ad319cb37301e68cfc6fde00723e3a42110ca93adb44c05e97098167
softmax_whole_stage_atc_trace_v1,softmax_whole_stage_operand_rate_atc,softmax_whole_stage_operand_rate_atc_v2,20260728_operand_rate_v2_final_exp_session03_CAB,exp,fp32,20260728_operand_rate_v2_final_exp_session03_CAB_exp_fp32,0,0,20260728_operand_rate_v2_final_exp_session03_CAB_exp_fp32_b0_r0_control,control,control,20260728_operand_rate_v2_final_exp_session03_CAB_exp_fp32_b0_r0_control_1785247284527,47,184037.807748594,184037.80920391,184037.80847625202,0.0014553159999195486,11.969607824023115,10578314434,true,true,5dff3859ad319cb37301e68cfc6fde00723e3a42110ca93adb44c05e97098167
softmax_whole_stage_atc_trace_v1,softmax_whole_stage_operand_rate_atc,softmax_whole_stage_operand_rate_atc_v2,20260728_operand_rate_v2_final_exp_session03_CAB,exp,fp32,20260728_operand_rate_v2_final_exp_session03_CAB_exp_fp32,0,0,20260728_operand_rate_v2_final_exp_session03_CAB_exp_fp32_b0_r0_control,control,control,20260728_operand_rate_v2_final_exp_session03_CAB_exp_fp32_b0_r0_control_1785247284527,48,184038.06480821999,184038.06623394199,184038.06552108098,0.0014257220027502626,12.226652652985649,10578360373,true,true,5dff3859ad319cb37301e68cfc6fde00723e3a42110ca93adb44c05e97098167
softmax_whole_stage_atc_trace_v1,softmax_whole_stage_operand_rate_atc,softmax_whole_stage_operand_rate_atc_v2,20260728_operand_rate_v2_final_exp_session03_CAB,exp,fp32,20260728_operand_rate_v2_final_exp_session03_CAB_exp_fp32,0,0,20260728_operand_rate_v2_final_exp_session03_CAB_exp_fp32_b0_r0_control,control,control,20260728_operand_rate_v2_final_exp_session03_CAB_exp_fp32_b0_r0_control_1785247284527,49,184038.31776007399,184038.31914157901,184038.31845082651,0.0013815050187986344,12.479582398518687,10578433585,true,true,5dff3859ad319cb37301e68cfc6fde00723e3a42110ca93adb44c05e97098167
softmax_whole_stage_atc_trace_v1,softmax_whole_stage_operand_rate_atc,softmax_whole_stage_operand_rate_atc_v2,20260728_operand_rate_v2_final_exp_session03_CAB,exp,fp32,20260728_operand_rate_v2_final_exp_session03_CAB_exp_fp32,0,0,20260728_operand_rate_v2_final_exp_session03_CAB_exp_fp32_b0_r0_control,control,control,20260728_operand_rate_v2_final_exp_session03_CAB_exp_fp32_b0_r0_control_1785247284527,50,184038.57228953301,184038.57390761201,184038.57309857249,0.0016180789971258491,12.734230144502362,10578479123,true,true,5dff3859ad319cb37301e68cfc6fde00723e3a42110ca93adb44c05e97098167
softmax_whole_stage_atc_trace_v1,softmax_whole_stage_operand_rate_atc,softmax_whole_stage_operand_rate_atc_v2,20260728_operand_rate_v2_final_exp_session03_CAB,exp,fp32,20260728_operand_rate_v2_final_exp_session03_CAB_exp_fp32,0,0,20260728_operand_rate_v2_final_exp_session03_CAB_exp_fp32_b0_r0_control,control,control,20260728_operand_rate_v2_final_exp_session03_CAB_exp_fp32_b0_r0_control_1785247284527,51,184038.82438129999,184038.82576209601,184038.825071698,0.0013807960203848779,12.986203270003898,10578551844,true,true,5dff3859ad319cb37301e68cfc6fde00723e3a42110ca93adb44c05e97098167
softmax_whole_stage_atc_trace_v1,softmax_whole_stage_operand_rate_atc,softmax_whole_stage_operand_rate_atc_v2,20260728_operand_rate_v2_final_exp_session03_CAB,exp,fp32,20260728_operand_rate_v2_final_exp_session03_CAB_exp_fp32,0,0,20260728_operand_rate_v2_final_exp_session03_CAB_exp_fp32_b0_r0_control,control,control,20260728_operand_rate_v2_final_exp_session03_CAB_exp_fp32_b0_r0_control_1785247284527,52,184039.07884822501,184039.080211111,184039.079529668,0.0013628859887830913,13.240661240008194,10578597189,true,false,5dff3859ad319cb37301e68cfc6fde00723e3a42110ca93adb44c05e97098167
softmax_whole_stage_atc_trace_v1,softmax_whole_stage_operand_rate_atc,softmax_whole_stage_operand_rate_atc_v2,20260728_operand_rate_v2_final_exp_session03_CAB,exp,fp32,20260728_operand_rate_v2_final_exp_session03_CAB_exp_fp32,0,0,20260728_operand_rate_v2_final_exp_session03_CAB_exp_fp32_b0_r0_control,control,control,20260728_operand_rate_v2_final_exp_session03_CAB_exp_fp32_b0_r0_control_1785247284527,53,184039.332965651,184039.33613705001,184039.3345513505,0.0031713990028947592,13.49568292251206,10578669786,true,false,5dff3859ad319cb37301e68cfc6fde00723e3a42110ca93adb44c05e97098167
softmax_whole_stage_atc_trace_v1,softmax_whole_stage_operand_rate_atc,softmax_whole_stage_operand_rate_atc_v2,20260728_operand_rate_v2_final_exp_session03_CAB,exp,fp32,20260728_operand_rate_v2_final_exp_session03_CAB_exp_fp32,0,0,20260728_operand_rate_v2_final_exp_session03_CAB_exp_fp32_b0_r0_control,control,control,20260728_operand_rate_v2_final_exp_session03_CAB_exp_fp32_b0_r0_control_1785247284527,54,184039.589350169,184039.59078155801,184039.59006586351,0.0014313890133053064,13.751197435514769,10578713568,true,false,5dff3859ad319cb37301e68cfc6fde00723e3a42110ca93adb44c05e97098167
softmax_whole_stage_atc_trace_v1,softmax_whole_stage_operand_rate_atc,softmax_whole_stage_operand_rate_atc_v2,20260728_operand_rate_v2_final_exp_session03_CAB,exp,fp32,20260728_operand_rate_v2_final_exp_session03_CAB_exp_fp32,0,0,20260728_operand_rate_v2_final_exp_session03_CAB_exp_fp32_b0_r0_control,control,control,20260728_operand_rate_v2_final_exp_session03_CAB_exp_fp32_b0_r0_control_1785247284527,55,184039.59078995601,184039.59210963501,184039.59144979552,0.0013196789950598031,13.752581367531093,10578713568,false,false,5dff3859ad319cb37301e68cfc6fde00723e3a42110ca93adb44c05e97098167
softmax_whole_stage_atc_trace_v1,softmax_whole_stage_operand_rate_atc,softmax_whole_stage_operand_rate_atc_v2,20260728_operand_rate_v2_final_exp_session03_CAB,exp,fp32,20260728_operand_rate_v2_final_exp_session03_CAB_exp_fp32,0,1,20260728_operand_rate_v2_final_exp_session03_CAB_exp_fp32_b0_r1_treatment,treatment,treatment,20260728_operand_rate_v2_final_exp_session03_CAB_exp_fp32_b0_r1_treatment_1785247298854,0,184040.61739241099,184040.61853663201,184040.61796452152,0.0011442210234235972,0.00059174050693400204,10578860343,false,false,5dff3859ad319cb37301e68cfc6fde00723e3a42110ca93adb44c05e97098167
softmax_whole_stage_atc_trace_v1,softmax_whole_stage_operand_rate_atc,softmax_whole_stage_operand_rate_atc_v2,20260728_operand_rate_v2_final_exp_session03_CAB,exp,fp32,20260728_operand_rate_v2_final_exp_session03_CAB_exp_fp32,0,1,20260728_operand_rate_v2_final_exp_session03_CAB_exp_fp32_b0_r1_treatment,treatment,treatment,20260728_operand_rate_v2_final_exp_session03_CAB_exp_fp32_b0_r1_treatment_1785247298854,1,184040.87168094399,184040.87371813899,184040.87269954151,0.0020371949940454215,0.2553267604962457,10578905305,true,false,5dff3859ad319cb37301e68cfc6fde00723e3a42110ca93adb44c05e97098167
softmax_whole_stage_atc_trace_v1,softmax_whole_stage_operand_rate_atc,softmax_whole_stage_operand_rate_atc_v2,20260728_operand_rate_v2_final_exp_session03_CAB,exp,fp32,20260728_operand_rate_v2_final_exp_session03_CAB_exp_fp32,0,1,20260728_operand_rate_v2_final_exp_session03_CAB_exp_fp32_b0_r1_treatment,treatment,treatment,20260728_operand_rate_v2_final_exp_session03_CAB_exp_fp32_b0_r1_treatment_1785247298854,2,184041.126856886,184041.128254276,184041.12755558098,0.0013973900058772415,0.51018279997515492,10578979238,true,false,5dff3859ad319cb37301e68cfc6fde00723e3a42110ca93adb44c05e97098167
softmax_whole_stage_atc_trace_v1,softmax_whole_stage_operand_rate_atc,softmax_whole_stage_operand_rate_atc_v2,20260728_operand_rate_v2_final_exp_session03_CAB,exp,fp32,20260728_operand_rate_v2_final_exp_session03_CAB_exp_fp32,0,1,20260728_operand_rate_v2_final_exp_session03_CAB_exp_fp32_b0_r1_treatment,treatment,treatment,20260728_operand_rate_v2_final_exp_session03_CAB_exp_fp32_b0_r1_treatment_1785247298854,3,184041.38140061201,184041.3827893,184041.382094956,0.0013886879896745086,0.76472217499394901,10579025390,true,true,5dff3859ad319cb37301e68cfc6fde00723e3a42110ca93adb44c05e97098167
softmax_whole_stage_atc_trace_v1,softmax_whole_stage_operand_rate_atc,softmax_whole_stage_operand_rate_atc_v2,20260728_operand_rate_v2_final_exp_session03_CAB,exp,fp32,20260728_operand_rate_v2_final_exp_session03_CAB_exp_fp32,0,1,20260728_operand_rate_v2_final_exp_session03_CAB_exp_fp32_b0_r1_treatment,treatment,treatment,20260728_operand_rate_v2_final_exp_session03_CAB_exp_fp32_b0_r1_treatment_1785247298854,4,184041.635872293,184041.63725147001,184041.63656188152,0.0013791770034004003,1.019189100508811,10579098972,true,true,5dff3859ad319cb37301e68cfc6fde00723e3a42110ca93adb44c05e97098167
softmax_whole_stage_atc_trace_v1,softmax_whole_stage_operand_rate_atc,softmax_whole_stage_operand_rate_atc_v2,20260728_operand_rate_v2_final_exp_session03_CAB,exp,fp32,20260728_operand_rate_v2_final_exp_session03_CAB_exp_fp32,0,1,20260728_operand_rate_v2_final_exp_session03_CAB_exp_fp32_b0_r1_treatment,treatment,treatment,20260728_operand_rate_v2_final_exp_session03_CAB_exp_fp32_b0_r1_treatment_1785247298854,5,184041.89032687401,184041.89168287901,184041.89100487652,0.0013560049992520362,1.2736320955154952,10579144505,true,true,5dff3859ad319cb37301e68cfc6fde00723e3a42110ca93adb44c05e97098167
softmax_whole_stage_atc_trace_v1,softmax_whole_stage_operand_rate_atc,softmax_whole_stage_operand_rate_atc_v2,20260728_operand_rate_v2_final_exp_session03_CAB,exp,fp32,20260728_operand_rate_v2_final_exp_session03_CAB_exp_fp32,0,1,20260728_operand_rate_v2_final_exp_session03_CAB_exp_fp32_b0_r1_treatment,treatment,treatment,20260728_operand_rate_v2_final_exp_session03_CAB_exp_fp32_b0_r1_treatment_1785247298854,6,184042.14482729201,184042.14812729901,184042.14647729549,0.0033000069961417466,1.5291045144840609,10579217428,true,true,5dff3859ad319cb37301e68cfc6fde00723e3a42110ca93adb44c05e97098167
softmax_whole_stage_atc_trace_v1,softmax_whole_stage_operand_rate_atc,softmax_whole_stage_operand_rate_atc_v2,20260728_operand_rate_v2_final_exp_session03_CAB,exp,fp32,20260728_operand_rate_v2_final_exp_session03_CAB_exp_fp32,0,1,20260728_operand_rate_v2_final_exp_session03_CAB_exp_fp32_b0_r1_treatment,treatment,treatment,20260728_operand_rate_v2_final_exp_session03_CAB_exp_fp32_b0_r1_treatment_1785247298854,7,184042.399008871,184042.40038663099,184042.39969775098,0.0013777599961031228,1.782324969972251,10579266815,true,true,5dff3859ad319cb37301e68cfc6fde00723e3a42110ca93adb44c05e97098167
softmax_whole_stage_atc_trace_v1,softmax_whole_stage_operand_rate_atc,softmax_whole_stage_operand_rate_atc_v2,20260728_operand_rate_v2_final_exp_session03_CAB,exp,fp32,20260728_operand_rate_v2_final_exp_session03_CAB_exp_fp32,0,1,20260728_operand_rate_v2_final_exp_session03_CAB_exp_fp32_b0_r1_treatment,treatment,treatment,20260728_operand_rate_v2_final_exp_session03_CAB_exp_fp32_b0_r1_treatment_1785247298854,8,184042.65346031499,184042.65480630199,184042.6541333085,0.0013459869951475412,2.036760527495062,10579339093,true,true,5dff3859ad319cb37301e68cfc6fde00723e3a42110ca93adb44c05e97098167
softmax_whole_stage_atc_trace_v1,softmax_whole_stage_operand_rate_atc,softmax_whole_stage_operand_rate_atc_v2,20260728_operand_rate_v2_final_exp_session03_CAB,exp,fp32,20260728_operand_rate_v2_final_exp_session03_CAB_exp_fp32,0,1,20260728_operand_rate_v2_final_exp_session03_CAB_exp_fp32_b0_r1_treatment,treatment,treatment,20260728_operand_rate_v2_final_exp_session03_CAB_exp_fp32_b0_r1_treatment_1785247298854,9,184042.90836030201,184042.90975523199,184042.90905776701,0.0013949299755040556,2.2916849860048387,10579388247,true,true,5dff3859ad319cb37301e68cfc6fde00723e3a42110ca93adb44c05e97098167
softmax_whole_stage_atc_trace_v1,softmax_whole_stage_operand_rate_atc,softmax_whole_stage_operand_rate_atc_v2,20260728_operand_rate_v2_final_exp_session03_CAB,exp,fp32,20260728_operand_rate_v2_final_exp_session03_CAB_exp_fp32,0,1,20260728_operand_rate_v2_final_exp_session03_CAB_exp_fp32_b0_r1_treatment,treatment,treatment,20260728_operand_rate_v2_final_exp_session03_CAB_exp_fp32_b0_r1_treatment_1785247298854,10,184043.163306862,184043.16473533999,184043.16402110099,0.001428477989975363,2.5466483199852519,10579459779,true,true,5dff3859ad319cb37301e68cfc6fde00723e3a42110ca93adb44c05e97098167
softmax_whole_stage_atc_trace_v1,softmax_whole_stage_operand_rate_atc,softmax_whole_stage_operand_rate_atc_v2,20260728_operand_rate_v2_final_exp_session03_CAB,exp,fp32,20260728_operand_rate_v2_final_exp_session03_CAB_exp_fp32,0,1,20260728_operand_rate_v2_final_exp_session03_CAB_exp_fp32_b0_r1_treatment,treatment,treatment,20260728_operand_rate_v2_final_exp_session03_CAB_exp_fp32_b0_r1_treatment_1785247298854,11,184043.41820892799,184043.41958054699,184043.41889473749,0.0013716190005652606,2.8015219564840663,10579508156,true,true,5dff3859ad319cb37301e68cfc6fde00723e3a42110ca93adb44c05e97098167
softmax_whole_stage_atc_trace_v1,softmax_whole_stage_operand_rate_atc,softmax_whole_stage_operand_rate_atc_v2,20260728_operand_rate_v2_final_exp_session03_CAB,exp,fp32,20260728_operand_rate_v2_final_exp_session03_CAB_exp_fp32,0,1,20260728_operand_rate_v2_final_exp_session03_CAB_exp_fp32_b0_r1_treatment,treatment,treatment,20260728_operand_rate_v2_final_exp_session03_CAB_exp_fp32_b0_r1_treatment_1785247298854,12,184043.673091737,184043.67449467399,184043.6737932055,0.0014029369922354817,3.0564204244874418,10579578859,true,true,5dff3859ad319cb37301e68cfc6fde00723e3a42110ca93adb44c05e97098167
softmax_whole_stage_atc_trace_v1,softmax_whole_stage_operand_rate_atc,softmax_whole_stage_operand_rate_atc_v2,20260728_operand_rate_v2_final_exp_session03_CAB,exp,fp32,20260728_operand_rate_v2_final_exp_session03_CAB_exp_fp32,0,1,20260728_operand_rate_v2_final_exp_session03_CAB_exp_fp32_b0_r1_treatment,treatment,treatment,20260728_operand_rate_v2_final_exp_session03_CAB_exp_fp32_b0_r1_treatment_1785247298854,13,184043.92805937899,184043.93053119199,184043.92929528549,0.0024718130007386208,3.3119225044792984,10579626412,true,true,5dff3859ad319cb37301e68cfc6fde00723e3a42110ca93adb44c05e97098167
softmax_whole_stage_atc_trace_v1,softmax_whole_stage_operand_rate_atc,softmax_whole_stage_operand_rate_atc_v2,20260728_operand_rate_v2_final_exp_session03_CAB,exp,fp32,20260728_operand_rate_v2_final_exp_session03_CAB_exp_fp32,0,1,20260728_operand_rate_v2_final_exp_session03_CAB_exp_fp32_b0_r1_treatment,treatment,treatment,20260728_operand_rate_v2_final_exp_session03_CAB_exp_fp32_b0_r1_treatment_1785247298854,14,184044.18097805601,184044.18240633199,184044.18169219402,0.0014282759802881628,3.5643194130097982,10579701104,true,true,5dff3859ad319cb37301e68cfc6fde00723e3a42110ca93adb44c05e97098167
softmax_whole_stage_atc_trace_v1,softmax_whole_stage_operand_rate_atc,softmax_whole_stage_operand_rate_atc_v2,20260728_operand_rate_v2_final_exp_session03_CAB,exp,fp32,20260728_operand_rate_v2_final_exp_session03_CAB_exp_fp32,0,1,20260728_operand_rate_v2_final_exp_session03_CAB_exp_fp32_b0_r1_treatment,treatment,treatment,20260728_operand_rate_v2_final_exp_session03_CAB_exp_fp32_b0_r1_treatment_1785247298854,15,184044.433165264,184044.43711075801,184044.435138011,0.0039454940124414861,3.8177652299928013,10579748334,true,true,5dff3859ad319cb37301e68cfc6fde00723e3a42110ca93adb44c05e97098167
softmax_whole_stage_atc_trace_v1,softmax_whole_stage_operand_rate_atc,softmax_whole_stage_operand_rate_atc_v2,20260728_operand_rate_v2_final_exp_session03_CAB,exp,fp32,20260728_operand_rate_v2_final_exp_session03_CAB_exp_fp32,0,1,20260728_operand_rate_v2_final_exp_session03_CAB_exp_fp32_b0_r1_treatment,treatment,treatment,20260728_operand_rate_v2_final_exp_session03_CAB_exp_fp32_b0_r1_treatment_1785247298854,16,184044.69067607101,184044.692113975,184044.69139502302,0.0014379039930645376,4.0740222420135979,10579822968,true,true,5dff3859ad319cb37301e68cfc6fde00723e3a42110ca93adb44c05e97098167
softmax_whole_stage_atc_trace_v1,softmax_whole_stage_operand_rate_atc,softmax_whole_stage_operand_rate_atc_v2,20260728_operand_rate_v2_final_exp_session03_CAB,exp,fp32,20260728_operand_rate_v2_final_exp_session03_CAB_exp_fp32,0,1,20260728_operand_rate_v2_final_exp_session03_CAB_exp_fp32_b0_r1_treatment,treatment,treatment,20260728_operand_rate_v2_final_exp_session03_CAB_exp_fp32_b0_r1_treatment_1785247298854,17,184044.94567057199,184044.94708344099,184044.94637700648,0.0014128689945209771,4.3290042254666332,10579869418,true,true,5dff3859ad319cb37301e68cfc6fde00723e3a42110ca93adb44c05e97098167
softmax_whole_stage_atc_trace_v1,softmax_whole_stage_operand_rate_atc,softmax_whole_stage_operand_rate_atc_v2,20260728_operand_rate_v2_final_exp_session03_CAB,exp,fp32,20260728_operand_rate_v2_final_exp_session03_CAB_exp_fp32,0,1,20260728_operand_rate_v2_final_exp_session03_CAB_exp_fp32_b0_r1_treatment,treatment,treatment,20260728_operand_rate_v2_final_exp_session03_CAB_exp_fp32_b0_r1_treatment_1785247298854,18,184045.200635477,184045.20206709701,184045.20135128702,0.0014316200104076415,4.5839785060088616,10579943166,true,true,5dff3859ad319cb37301e68cfc6fde00723e3a42110ca93adb44c05e97098167
softmax_whole_stage_atc_trace_v1,softmax_whole_stage_operand_rate_atc,softmax_whole_stage_operand_rate_atc_v2,20260728_operand_rate_v2_final_exp_session03_CAB,exp,fp32,20260728_operand_rate_v2_final_exp_session03_CAB_exp_fp32,0,1,20260728_operand_rate_v2_final_exp_session03_CAB_exp_fp32_b0_r1_treatment,treatment,treatment,20260728_operand_rate_v2_final_exp_session03_CAB_exp_fp32_b0_r1_treatment_1785247298854,19,184045.45559632801,184045.45694747401,184045.45627190103,0.0013511459983419627,4.8388991200190503,10579988824,true,true,5dff3859ad319cb37301e68cfc6fde00723e3a42110ca93adb44c05e97098167
softmax_whole_stage_atc_trace_v1,softmax_whole_stage_operand_rate_atc,softmax_whole_stage_operand_rate_atc_v2,20260728_operand_rate_v2_final_exp_session03_CAB,exp,fp32,20260728_operand_rate_v2_final_exp_session03_CAB_exp_fp32,0,1,20260728_operand_rate_v2_final_exp_session03_CAB_exp_fp32_b0_r1_treatment,treatment,treatment,20260728_operand_rate_v2_final_exp_session03_CAB_exp_fp32_b0_r1_treatment_1785247298854,20,184045.71051552301,184045.71407496199,184045.7122952425,0.0035594389773905277,5.0949224614887498,10580061785,true,true,5dff3859ad319cb37301e68cfc6fde00723e3a42110ca93adb44c05e97098167
softmax_whole_stage_atc_trace_v1,softmax_whole_stage_operand_rate_atc,softmax_whole_stage_operand_rate_atc_v2,20260728_operand_rate_v2_final_exp_session03_CAB,exp,fp32,20260728_operand_rate_v2_final_exp_session03_CAB_exp_fp32,0,1,20260728_operand_rate_v2_final_exp_session03_CAB_exp_fp32_b0_r1_treatment,treatment,treatment,20260728_operand_rate_v2_final_exp_session03_CAB_exp_fp32_b0_r1_treatment_1785247298854,21,184045.96760206399,184045.96898544001,184045.968293752,0.0013833760167472064,5.3509209709882271,10580111142,true,true,5dff3859ad319cb37301e68cfc6fde00723e3a42110ca93adb44c05e97098167
softmax_whole_stage_atc_trace_v1,softmax_whole_stage_operand_rate_atc,softmax_whole_stage_operand_rate_atc_v2,20260728_operand_rate_v2_final_exp_session03_CAB,exp,fp32,20260728_operand_rate_v2_final_exp_session03_CAB_exp_fp32,0,1,20260728_operand_rate_v2_final_exp_session03_CAB_exp_fp32_b0_r1_treatment,treatment,treatment,20260728_operand_rate_v2_final_exp_session03_CAB_exp_fp32_b0_r1_treatment_1785247298854,22,184046.22251386099,184046.224876211,184046.22369503599,0.0023623500019311905,5.6063222549855709,10580182839,true,true,5dff3859ad319cb37301e68cfc6fde00723e3a42110ca93adb44c05e97098167
softmax_whole_stage_atc_trace_v1,softmax_whole_stage_operand_rate_atc,softmax_whole_stage_operand_rate_atc_v2,20260728_operand_rate_v2_final_exp_session03_CAB,exp,fp32,20260728_operand_rate_v2_final_exp_session03_CAB_exp_fp32,0,1,20260728_operand_rate_v2_final_exp_session03_CAB_exp_fp32_b0_r1_treatment,treatment,treatment,20260728_operand_rate_v2_final_exp_session03_CAB_exp_fp32_b0_r1_treatment_1785247298854,23,184046.47543851699,184046.476942504,184046.4761905105,0.0015039870049804449,5.8588177294877823,10580231267,true,true,5dff3859ad319cb37301e68cfc6fde00723e3a42110ca93adb44c05e97098167
softmax_whole_stage_atc_trace_v1,softmax_whole_stage_operand_rate_atc,softmax_whole_stage_operand_rate_atc_v2,20260728_operand_rate_v2_final_exp_session03_CAB,exp,fp32,20260728_operand_rate_v2_final_exp_session03_CAB_exp_fp32,0,1,20260728_operand_rate_v2_final_exp_session03_CAB_exp_fp32_b0_r1_treatment,treatment,treatment,20260728_operand_rate_v2_final_exp_session03_CAB_exp_fp32_b0_r1_treatment_1785247298854,24,184046.73050690501,184046.732067751,184046.731287328,0.0015608459943905473,6.1139145469933283,10580302647,true,true,5dff3859ad319cb37301e68cfc6fde00723e3a42110ca93adb44c05e97098167
softmax_whole_stage_atc_trace_v1,softmax_whole_stage_operand_rate_atc,softmax_whole_stage_operand_rate_atc_v2,20260728_operand_rate_v2_final_exp_session03_CAB,exp,fp32,20260728_operand_rate_v2_final_exp_session03_CAB_exp_fp32,0,1,20260728_operand_rate_v2_final_exp_session03_CAB_exp_fp32_b0_r1_treatment,treatment,treatment,20260728_operand_rate_v2_final_exp_session03_CAB_exp_fp32_b0_r1_treatment_1785247298854,25,184046.98556921101,184046.99067702901,184046.98812312001,0.0051078179967589676,6.3707503390032798,10580376144,true,true,5dff3859ad319cb37301e68cfc6fde00723e3a42110ca93adb44c05e97098167
softmax_whole_stage_atc_trace_v1,softmax_whole_stage_operand_rate_atc,softmax_whole_stage_operand_rate_atc_v2,20260728_operand_rate_v2_final_exp_session03_CAB,exp,fp32,20260728_operand_rate_v2_final_exp_session03_CAB_exp_fp32,0,1,20260728_operand_rate_v2_final_exp_session03_CAB_exp_fp32_b0_r1_treatment,treatment,treatment,20260728_operand_rate_v2_final_exp_session03_CAB_exp_fp32_b0_r1_treatment_1785247298854,26,184047.24424568599,184047.24567913101,184047.2449624085,0.0014334450243040919,6.6275896274892148,10580425609,true,true,5dff3859ad319cb37301e68cfc6fde00723e3a42110ca93adb44c05e97098167
softmax_whole_stage_atc_trace_v1,softmax_whole_stage_operand_rate_atc,softmax_whole_stage_operand_rate_atc_v2,20260728_operand_rate_v2_final_exp_session03_CAB,exp,fp32,20260728_operand_rate_v2_final_exp_session03_CAB_exp_fp32,0,1,20260728_operand_rate_v2_final_exp_session03_CAB_exp_fp32_b0_r1_treatment,treatment,treatment,20260728_operand_rate_v2_final_exp_session03_CAB_exp_fp32_b0_r1_treatment_1785247298854,27,184047.49916032,184047.50066268499,184047.4999115025,0.0015023649903014302,6.8825387214892544,10580497423,true,true,5dff3859ad319cb37301e68cfc6fde00723e3a42110ca93adb44c05e97098167
softmax_whole_stage_atc_trace_v1,softmax_whole_stage_operand_rate_atc,softmax_whole_stage_operand_rate_atc_v2,20260728_operand_rate_v2_final_exp_session03_CAB,exp,fp32,20260728_operand_rate_v2_final_exp_session03_CAB_exp_fp32,0,1,20260728_operand_rate_v2_final_exp_session03_CAB_exp_fp32_b0_r1_treatment,treatment,treatment,20260728_operand_rate_v2_final_exp_session03_CAB_exp_fp32_b0_r1_treatment_1785247298854,28,184047.75415857101,184047.75563032701,184047.75489444903,0.0014717559970449656,7.1375216680171434,10580546064,true,true,5dff3859ad319cb37301e68cfc6fde00723e3a42110ca93adb44c05e97098167
softmax_whole_stage_atc_trace_v1,softmax_whole_stage_operand_rate_atc,softmax_whole_stage_operand_rate_atc_v2,20260728_operand_rate_v2_final_exp_session03_CAB,exp,fp32,20260728_operand_rate_v2_final_exp_session03_CAB_exp_fp32,0,1,20260728_operand_rate_v2_final_exp_session03_CAB_exp_fp32_b0_r1_treatment,treatment,treatment,20260728_operand_rate_v2_final_exp_session03_CAB_exp_fp32_b0_r1_treatment_1785247298854,29,184048.00914982901,184048.01059148301,184048.00987065601,0.0014416539925150573,7.3924978750001173,10580617022,true,true,5dff3859ad319cb37301e68cfc6fde00723e3a42110ca93adb44c05e97098167
softmax_whole_stage_atc_trace_v1,softmax_whole_stage_operand_rate_atc,softmax_whole_stage_operand_rate_atc_v2,20260728_operand_rate_v2_final_exp_session03_CAB,exp,fp32,20260728_operand_rate_v2_final_exp_session03_CAB_exp_fp32,0,1,20260728_operand_rate_v2_final_exp_session03_CAB_exp_fp32_b0_r1_treatment,treatment,treatment,20260728_operand_rate_v2_final_exp_session03_CAB_exp_fp32_b0_r1_treatment_1785247298854,30,184048.26214127699,184048.26738632799,184048.26476380249,0.0052450509974732995,7.6473910214845091,10580664808,true,true,5dff3859ad319cb37301e68cfc6fde00723e3a42110ca93adb44c05e97098167
softmax_whole_stage_atc_trace_v1,softmax_whole_stage_operand_rate_atc,softmax_whole_stage_operand_rate_atc_v2,20260728_operand_rate_v2_final_exp_session03_CAB,exp,fp32,20260728_operand_rate_v2_final_exp_session03_CAB_exp_fp32,0,1,20260728_operand_rate_v2_final_exp_session03_CAB_exp_fp32_b0_r1_treatment,treatment,treatment,20260728_operand_rate_v2_final_exp_session03_CAB_exp_fp32_b0_r1_treatment_1785247298854,31,184048.51776102901,184048.51917774999,184048.5184693895,0.0014167209737934172,7.9010966084897518,10580739498,true,true,5dff3859ad319cb37301e68cfc6fde00723e3a42110ca93adb44c05e97098167
softmax_whole_stage_atc_trace_v1,softmax_whole_stage_operand_rate_atc,softmax_whole_stage_operand_rate_atc_v2,20260728_operand_rate_v2_final_exp_session03_CAB,exp,fp32,20260728_operand_rate_v2_final_exp_session03_CAB_exp_fp32,0,1,20260728_operand_rate_v2_final_exp_session03_CAB_exp_fp32_b0_r1_treatment,treatment,treatment,20260728_operand_rate_v2_final_exp_session03_CAB_exp_fp32_b0_r1_treatment_1785247298854,32,184048.77269268999,184048.774103431,184048.7733980605,0.0014107410097494721,8.1560252794879489,10580786676,true,true,5dff3859ad319cb37301e68cfc6fde00723e3a42110ca93adb44c05e97098167
softmax_whole_stage_atc_trace_v1,softmax_whole_stage_operand_rate_atc,softmax_whole_stage_operand_rate_atc_v2,20260728_operand_rate_v2_final_exp_session03_CAB,exp,fp32,20260728_operand_rate_v2_final_exp_session03_CAB_exp_fp32,0,1,20260728_operand_rate_v2_final_exp_session03_CAB_exp_fp32_b0_r1_treatment,treatment,treatment,20260728_operand_rate_v2_final_exp_session03_CAB_exp_fp32_b0_r1_treatment_1785247298854,33,184049.02763357499,184049.02900336901,184049.028318472,0.0013697940157726407,8.4109456909936853,10580861233,true,true,5dff3859ad319cb37301e68cfc6fde00723e3a42110ca93adb44c05e97098167
softmax_whole_stage_atc_trace_v1,softmax_whole_stage_operand_rate_atc,softmax_whole_stage_operand_rate_atc_v2,20260728_operand_rate_v2_final_exp_session03_CAB,exp,fp32,20260728_operand_rate_v2_final_exp_session03_CAB_exp_fp32,0,1,20260728_operand_rate_v2_final_exp_session03_CAB_exp_fp32_b0_r1_treatment,treatment,treatment,20260728_operand_rate_v2_final_exp_session03_CAB_exp_fp32_b0_r1_treatment_1785247298854,34,184049.282528343,184049.28393158401,184049.2832299635,0.0014032410108484328,8.6658571824955288,10580907560,true,true,5dff3859ad319cb37301e68cfc6fde00723e3a42110ca93adb44c05e97098167
softmax_whole_stage_atc_trace_v1,softmax_whole_stage_operand_rate_atc,softmax_whole_stage_operand_rate_atc_v2,20260728_operand_rate_v2_final_exp_session03_CAB,exp,fp32,20260728_operand_rate_v2_final_exp_session03_CAB_exp_fp32,0,1,20260728_operand_rate_v2_final_exp_session03_CAB_exp_fp32_b0_r1_treatment,treatment,treatment,20260728_operand_rate_v2_final_exp_session03_CAB_exp_fp32_b0_r1_treatment_1785247298854,35,184049.534368313,184049.53575847999,184049.5350633965,0.0013901669881306589,8.9176906154898461,10580981338,true,true,5dff3859ad319cb37301e68cfc6fde00723e3a42110ca93adb44c05e97098167
softmax_whole_stage_atc_trace_v1,softmax_whole_stage_operand_rate_atc,softmax_whole_stage_operand_rate_atc_v2,20260728_operand_rate_v2_final_exp_session03_CAB,exp,fp32,20260728_operand_rate_v2_final_exp_session03_CAB_exp_fp32,0,1,20260728_operand_rate_v2_final_exp_session03_CAB_exp_fp32_b0_r1_treatment,treatment,treatment,20260728_operand_rate_v2_final_exp_session03_CAB_exp_fp32_b0_r1_treatment_1785247298854,36,184049.78927686601,184049.790610072,184049.78994346899,0.0013332059897948056,9.1725706879806239,10581027720,true,true,5dff3859ad319cb37301e68cfc6fde00723e3a42110ca93adb44c05e97098167
softmax_whole_stage_atc_trace_v1,softmax_whole_stage_operand_rate_atc,softmax_whole_stage_operand_rate_atc_v2,20260728_operand_rate_v2_final_exp_session03_CAB,exp,fp32,20260728_operand_rate_v2_final_exp_session03_CAB_exp_fp32,0,1,20260728_operand_rate_v2_final_exp_session03_CAB_exp_fp32_b0_r1_treatment,treatment,treatment,20260728_operand_rate_v2_final_exp_session03_CAB_exp_fp32_b0_r1_treatment_1785247298854,37,184050.04417579001,184050.045607309,184050.04489154951,0.0014315189910121262,9.4275187684979755,10581101514,true,true,5dff3859ad319cb37301e68cfc6fde00723e3a42110ca93adb44c05e97098167
softmax_whole_stage_atc_trace_v1,softmax_whole_stage_operand_rate_atc,softmax_whole_stage_operand_rate_atc_v2,20260728_operand_rate_v2_final_exp_session03_CAB,exp,fp32,20260728_operand_rate_v2_final_exp_session03_CAB_exp_fp32,0,1,20260728_operand_rate_v2_final_exp_session03_CAB_exp_fp32_b0_r1_treatment,treatment,treatment,20260728_operand_rate_v2_final_exp_session03_CAB_exp_fp32_b0_r1_treatment_1785247298854,38,184050.299168467,184050.300574241,184050.29987135401,0.0014057740045245737,9.6824985730054323,10581147150,true,true,5dff3859ad319cb37301e68cfc6fde00723e3a42110ca93adb44c05e97098167
softmax_whole_stage_atc_trace_v1,softmax_whole_stage_operand_rate_atc,softmax_whole_stage_operand_rate_atc_v2,20260728_operand_rate_v2_final_exp_session03_CAB,exp,fp32,20260728_operand_rate_v2_final_exp_session03_CAB_exp_fp32,0,1,20260728_operand_rate_v2_final_exp_session03_CAB_exp_fp32_b0_r1_treatment,treatment,treatment,20260728_operand_rate_v2_final_exp_session03_CAB_exp_fp32_b0_r1_treatment_1785247298854,39,184050.55406242399,184050.557016173,184050.55553929851,0.0029537490045186132,9.9381665175023954,10581220221,true,true,5dff3859ad319cb37301e68cfc6fde00723e3a42110ca93adb44c05e97098167
softmax_whole_stage_atc_trace_v1,softmax_whole_stage_operand_rate_atc,softmax_whole_stage_operand_rate_atc_v2,20260728_operand_rate_v2_final_exp_session03_CAB,exp,fp32,20260728_operand_rate_v2_final_exp_session03_CAB_exp_fp32,0,1,20260728_operand_rate_v2_final_exp_session03_CAB_exp_fp32_b0_r1_treatment,treatment,treatment,20260728_operand_rate_v2_final_exp_session03_CAB_exp_fp32_b0_r1_treatment_1785247298854,40,184050.81043021599,184050.81187011499,184050.81115016551,0.0014398990024346858,10.193777384498389,10581269761,true,true,5dff3859ad319cb37301e68cfc6fde00723e3a42110ca93adb44c05e97098167
softmax_whole_stage_atc_trace_v1,softmax_whole_stage_operand_rate_atc,softmax_whole_stage_operand_rate_atc_v2,20260728_operand_rate_v2_final_exp_session03_CAB,exp,fp32,20260728_operand_rate_v2_final_exp_session03_CAB_exp_fp32,0,1,20260728_operand_rate_v2_final_exp_session03_CAB_exp_fp32_b0_r1_treatment,treatment,treatment,20260728_operand_rate_v2_final_exp_session03_CAB_exp_fp32_b0_r1_treatment_1785247298854,41,184051.064940785,184051.066361768,184051.0656512765,0.0014209829969331622,10.448278495488921,10581341680,true,true,5dff3859ad319cb37301e68cfc6fde00723e3a42110ca93adb44c05e97098167
softmax_whole_stage_atc_trace_v1,softmax_whole_stage_operand_rate_atc,softmax_whole_stage_operand_rate_atc_v2,20260728_operand_rate_v2_final_exp_session03_CAB,exp,fp32,20260728_operand_rate_v2_final_exp_session03_CAB_exp_fp32,0,1,20260728_operand_rate_v2_final_exp_session03_CAB_exp_fp32_b0_r1_treatment,treatment,treatment,20260728_operand_rate_v2_final_exp_session03_CAB_exp_fp32_b0_r1_treatment_1785247298854,42,184051.31940785699,184051.32080274,184051.32010529848,0.0013948830019216985,10.702732517471304,10581390406,true,true,5dff3859ad319cb37301e68cfc6fde00723e3a42110ca93adb44c05e97098167
softmax_whole_stage_atc_trace_v1,softmax_whole_stage_operand_rate_atc,softmax_whole_stage_operand_rate_atc_v2,20260728_operand_rate_v2_final_exp_session03_CAB,exp,fp32,20260728_operand_rate_v2_final_exp_session03_CAB_exp_fp32,0,1,20260728_operand_rate_v2_final_exp_session03_CAB_exp_fp32_b0_r1_treatment,treatment,treatment,20260728_operand_rate_v2_final_exp_session03_CAB_exp_fp32_b0_r1_treatment_1785247298854,43,184051.573874725,184051.57531280399,184051.5745937645,0.001438078994397074,10.957220983487787,10581461488,true,true,5dff3859ad319cb37301e68cfc6fde00723e3a42110ca93adb44c05e97098167
softmax_whole_stage_atc_trace_v1,softmax_whole_stage_operand_rate_atc,softmax_whole_stage_operand_rate_atc_v2,20260728_operand_rate_v2_final_exp_session03_CAB,exp,fp32,20260728_operand_rate_v2_final_exp_session03_CAB_exp_fp32,0,1,20260728_operand_rate_v2_final_exp_session03_CAB_exp_fp32_b0_r1_treatment,treatment,treatment,20260728_operand_rate_v2_final_exp_session03_CAB_exp_fp32_b0_r1_treatment_1785247298854,44,184051.82833936901,184051.831619556,184051.82997946249,0.0032801869965624064,11.212606681481702,10581509364,true,true,5dff3859ad319cb37301e68cfc6fde00723e3a42110ca93adb44c05e97098167
softmax_whole_stage_atc_trace_v1,softmax_whole_stage_operand_rate_atc,softmax_whole_stage_operand_rate_atc_v2,20260728_operand_rate_v2_final_exp_session03_CAB,exp,fp32,20260728_operand_rate_v2_final_exp_session03_CAB_exp_fp32,0,1,20260728_operand_rate_v2_final_exp_session03_CAB_exp_fp32_b0_r1_treatment,treatment,treatment,20260728_operand_rate_v2_final_exp_session03_CAB_exp_fp32_b0_r1_treatment_1785247298854,45,184052.08465188599,184052.08596210001,184052.08530699299,0.0013102140219416469,11.46793421197799,10581584148,true,true,5dff3859ad319cb37301e68cfc6fde00723e3a42110ca93adb44c05e97098167
softmax_whole_stage_atc_trace_v1,softmax_whole_stage_operand_rate_atc,softmax_whole_stage_operand_rate_atc_v2,20260728_operand_rate_v2_final_exp_session03_CAB,exp,fp32,20260728_operand_rate_v2_final_exp_session03_CAB_exp_fp32,0,1,20260728_operand_rate_v2_final_exp_session03_CAB_exp_fp32_b0_r1_treatment,treatment,treatment,20260728_operand_rate_v2_final_exp_session03_CAB_exp_fp32_b0_r1_treatment_1785247298854,46,184052.33819345199,184052.339596226,184052.33889483899,0.001402774010784924,11.721522057981929,10581630762,true,true,5dff3859ad319cb37301e68cfc6fde00723e3a42110ca93adb44c05e97098167
softmax_whole_stage_atc_trace_v1,softmax_whole_stage_operand_rate_atc,softmax_whole_stage_operand_rate_atc_v2,20260728_operand_rate_v2_final_exp_session03_CAB,exp,fp32,20260728_operand_rate_v2_final_exp_session03_CAB_exp_fp32,0,1,20260728_operand_rate_v2_final_exp_session03_CAB_exp_fp32_b0_r1_treatment,treatment,treatment,20260728_operand_rate_v2_final_exp_session03_CAB_exp_fp32_b0_r1_treatment_1785247298854,47,184052.58974137399,184052.591176316,184052.59045884499,0.0014349420089274645,11.973086063982919,10581704981,true,true,5dff3859ad319cb37301e68cfc6fde00723e3a42110ca93adb44c05e97098167
softmax_whole_stage_atc_trace_v1,softmax_whole_stage_operand_rate_atc,softmax_whole_stage_operand_rate_atc_v2,20260728_operand_rate_v2_final_exp_session03_CAB,exp,fp32,20260728_operand_rate_v2_final_exp_session03_CAB_exp_fp32,0,1,20260728_operand_rate_v2_final_exp_session03_CAB_exp_fp32_b0_r1_treatment,treatment,treatment,20260728_operand_rate_v2_final_exp_session03_CAB_exp_fp32_b0_r1_treatment_1785247298854,48,184052.84388605101,184052.84522003599,184052.84455304348,0.0013339849829208106,12.227180262474576,10581751662,true,true,5dff3859ad319cb37301e68cfc6fde00723e3a42110ca93adb44c05e97098167
softmax_whole_stage_atc_trace_v1,softmax_whole_stage_operand_rate_atc,softmax_whole_stage_operand_rate_atc_v2,20260728_operand_rate_v2_final_exp_session03_CAB,exp,fp32,20260728_operand_rate_v2_final_exp_session03_CAB_exp_fp32,0,1,20260728_operand_rate_v2_final_exp_session03_CAB_exp_fp32_b0_r1_treatment,treatment,treatment,20260728_operand_rate_v2_final_exp_session03_CAB_exp_fp32_b0_r1_treatment_1785247298854,49,184053.09828797501,184053.09970440599,184053.0989961905,0.0014164309832267463,12.481623409490567,10581825799,true,true,5dff3859ad319cb37301e68cfc6fde00723e3a42110ca93adb44c05e97098167
softmax_whole_stage_atc_trace_v1,softmax_whole_stage_operand_rate_atc,softmax_whole_stage_operand_rate_atc_v2,20260728_operand_rate_v2_final_exp_session03_CAB,exp,fp32,20260728_operand_rate_v2_final_exp_session03_CAB_exp_fp32,0,1,20260728_operand_rate_v2_final_exp_session03_CAB_exp_fp32_b0_r1_treatment,treatment,treatment,20260728_operand_rate_v2_final_exp_session03_CAB_exp_fp32_b0_r1_treatment_1785247298854,50,184053.352805626,184053.35441021301,184053.3536079195,0.0016045870142988861,12.736235138494521,10581871813,true,true,5dff3859ad319cb37301e68cfc6fde00723e3a42110ca93adb44c05e97098167
softmax_whole_stage_atc_trace_v1,softmax_whole_stage_operand_rate_atc,softmax_whole_stage_operand_rate_atc_v2,20260728_operand_rate_v2_final_exp_session03_CAB,exp,fp32,20260728_operand_rate_v2_final_exp_session03_CAB_exp_fp32,0,1,20260728_operand_rate_v2_final_exp_session03_CAB_exp_fp32_b0_r1_treatment,treatment,treatment,20260728_operand_rate_v2_final_exp_session03_CAB_exp_fp32_b0_r1_treatment_1785247298854,51,184053.60743222499,184053.61155618,184053.60949420248,0.0041239550046157092,12.992121421470074,10581945050,true,true,5dff3859ad319cb37301e68cfc6fde00723e3a42110ca93adb44c05e97098167
softmax_whole_stage_atc_trace_v1,softmax_whole_stage_operand_rate_atc,softmax_whole_stage_operand_rate_atc_v2,20260728_operand_rate_v2_final_exp_session03_CAB,exp,fp32,20260728_operand_rate_v2_final_exp_session03_CAB_exp_fp32,0,1,20260728_operand_rate_v2_final_exp_session03_CAB_exp_fp32_b0_r1_treatment,treatment,treatment,20260728_operand_rate_v2_final_exp_session03_CAB_exp_fp32_b0_r1_treatment_1785247298854,52,184053.86463130201,184053.86607089799,184053.86535109999,0.0014395959733519703,13.247978318977403,10581994580,true,false,5dff3859ad319cb37301e68cfc6fde00723e3a42110ca93adb44c05e97098167
softmax_whole_stage_atc_trace_v1,softmax_whole_stage_operand_rate_atc,softmax_whole_stage_operand_rate_atc_v2,20260728_operand_rate_v2_final_exp_session03_CAB,exp,fp32,20260728_operand_rate_v2_final_exp_session03_CAB_exp_fp32,0,1,20260728_operand_rate_v2_final_exp_session03_CAB_exp_fp32_b0_r1_treatment,treatment,treatment,20260728_operand_rate_v2_final_exp_session03_CAB_exp_fp32_b0_r1_treatment_1785247298854,53,184054.11625923999,184054.117860286,184054.117059763,0.0016010460094548762,13.499686981987907,10582066351,true,false,5dff3859ad319cb37301e68cfc6fde00723e3a42110ca93adb44c05e97098167
softmax_whole_stage_atc_trace_v1,softmax_whole_stage_operand_rate_atc,softmax_whole_stage_operand_rate_atc_v2,20260728_operand_rate_v2_final_exp_session03_CAB,exp,fp32,20260728_operand_rate_v2_final_exp_session03_CAB_exp_fp32,0,1,20260728_operand_rate_v2_final_exp_session03_CAB_exp_fp32_b0_r1_treatment,treatment,treatment,20260728_operand_rate_v2_final_exp_session03_CAB_exp_fp32_b0_r1_treatment_1785247298854,54,184054.370970711,184054.372764061,184054.37186738598,0.001793350005755201,13.754494604974752,10582102170,true,false,5dff3859ad319cb37301e68cfc6fde00723e3a42110ca93adb44c05e97098167
softmax_whole_stage_atc_trace_v1,softmax_whole_stage_operand_rate_atc,softmax_whole_stage_operand_rate_atc_v2,20260728_operand_rate_v2_final_exp_session03_CAB,exp,fp32,20260728_operand_rate_v2_final_exp_session03_CAB_exp_fp32,0,1,20260728_operand_rate_v2_final_exp_session03_CAB_exp_fp32_b0_r1_treatment,treatment,treatment,20260728_operand_rate_v2_final_exp_session03_CAB_exp_fp32_b0_r1_treatment_1785247298854,55,184054.372775795,184054.37434457199,184054.37356018351,0.0015687769919168204,13.756187402497744,10582113757,true,false,5dff3859ad319cb37301e68cfc6fde00723e3a42110ca93adb44c05e97098167
softmax_whole_stage_atc_trace_v1,softmax_whole_stage_operand_rate_atc,softmax_whole_stage_operand_rate_atc_v2,20260728_operand_rate_v2_final_exp_session03_CAB,exp,fp32,20260728_operand_rate_v2_final_exp_session03_CAB_exp_fp32,0,2,20260728_operand_rate_v2_final_exp_session03_CAB_exp_fp32_b0_r2_control,control,control,20260728_operand_rate_v2_final_exp_session03_CAB_exp_fp32_b0_r2_control_1785247313647,0,184055.41491529701,184055.416172503,184055.41554389999,0.0012572059931699187,0.00070244897506199777,10582248174,false,false,5dff3859ad319cb37301e68cfc6fde00723e3a42110ca93adb44c05e97098167
softmax_whole_stage_atc_trace_v1,softmax_whole_stage_operand_rate_atc,softmax_whole_stage_operand_rate_atc_v2,20260728_operand_rate_v2_final_exp_session03_CAB,exp,fp32,20260728_operand_rate_v2_final_exp_session03_CAB_exp_fp32,0,2,20260728_operand_rate_v2_final_exp_session03_CAB_exp_fp32_b0_r2_control,control,control,20260728_operand_rate_v2_final_exp_session03_CAB_exp_fp32_b0_r2_control_1785247313647,1,184055.669221627,184055.67058545401,184055.66990354052,0.0013638270029332489,0.25506208950537257,10582288912,true,false,5dff3859ad319cb37301e68cfc6fde00723e3a42110ca93adb44c05e97098167
softmax_whole_stage_atc_trace_v1,softmax_whole_stage_operand_rate_atc,softmax_whole_stage_operand_rate_atc_v2,20260728_operand_rate_v2_final_exp_session03_CAB,exp,fp32,20260728_operand_rate_v2_final_exp_session03_CAB_exp_fp32,0,2,20260728_operand_rate_v2_final_exp_session03_CAB_exp_fp32_b0_r2_control,control,control,20260728_operand_rate_v2_final_exp_session03_CAB_exp_fp32_b0_r2_control_1785247313647,2,184055.920900853,184055.92229098201,184055.92159591749,0.0013901290076319128,0.50675446647801436,10582358671,true,false,5dff3859ad319cb37301e68cfc6fde00723e3a42110ca93adb44c05e97098167
softmax_whole_stage_atc_trace_v1,softmax_whole_stage_operand_rate_atc,softmax_whole_stage_operand_rate_atc_v2,20260728_operand_rate_v2_final_exp_session03_CAB,exp,fp32,20260728_operand_rate_v2_final_exp_session03_CAB_exp_fp32,0,2,20260728_operand_rate_v2_final_exp_session03_CAB_exp_fp32_b0_r2_control,control,control,20260728_operand_rate_v2_final_exp_session03_CAB_exp_fp32_b0_r2_control_1785247313647,3,184056.17278816301,184056.17419437601,184056.17349126952,0.0014062130067031831,0.7586498185119126,10582406437,true,true,5dff3859ad319cb37301e68cfc6fde00723e3a42110ca93adb44c05e97098167
softmax_whole_stage_atc_trace_v1,softmax_whole_stage_operand_rate_atc,softmax_whole_stage_operand_rate_atc_v2,20260728_operand_rate_v2_final_exp_session03_CAB,exp,fp32,20260728_operand_rate_v2_final_exp_session03_CAB_exp_fp32,0,2,20260728_operand_rate_v2_final_exp_session03_CAB_exp_fp32_b0_r2_control,control,control,20260728_operand_rate_v2_final_exp_session03_CAB_exp_fp32_b0_r2_control_1785247313647,4,184056.427213455,184056.42857343901,184056.42789344699,0.0013599840167444199,1.0130519959784579,10582476996,true,true,5dff3859ad319cb37301e68cfc6fde00723e3a42110ca93adb44c05e97098167
softmax_whole_stage_atc_trace_v1,softmax_whole_stage_operand_rate_atc,softmax_whole_stage_operand_rate_atc_v2,20260728_operand_rate_v2_final_exp_session03_CAB,exp,fp32,20260728_operand_rate_v2_final_exp_session03_CAB_exp_fp32,0,2,20260728_operand_rate_v2_final_exp_session03_CAB_exp_fp32_b0_r2_control,control,control,20260728_operand_rate_v2_final_exp_session03_CAB_exp_fp32_b0_r2_control_1785247313647,5,184056.67880184,184056.680162128,184056.679481984,0.0013602880062535405,1.2646405329869594,10582524689,true,true,5dff3859ad319cb37301e68cfc6fde00723e3a42110ca93adb44c05e97098167
softmax_whole_stage_atc_trace_v1,softmax_whole_stage_operand_rate_atc,softmax_whole_stage_operand_rate_atc_v2,20260728_operand_rate_v2_final_exp_session03_CAB,exp,fp32,20260728_operand_rate_v2_final_exp_session03_CAB_exp_fp32,0,2,20260728_operand_rate_v2_final_exp_session03_CAB_exp_fp32_b0_r2_control,control,control,20260728_operand_rate_v2_final_exp_session03_CAB_exp_fp32_b0_r2_control_1785247313647,6,184056.93059992799,184056.932023845,184056.9313118865,0.0014239170122891665,1.5164704354829155,10582595239,true,true,5dff3859ad319cb37301e68cfc6fde00723e3a42110ca93adb44c05e97098167
softmax_whole_stage_atc_trace_v1,softmax_whole_stage_operand_rate_atc,softmax_whole_stage_operand_rate_atc_v2,20260728_operand_rate_v2_final_exp_session03_CAB,exp,fp32,20260728_operand_rate_v2_final_exp_session03_CAB_exp_fp32,0,2,20260728_operand_rate_v2_final_exp_session03_CAB_exp_fp32_b0_r2_control,control,control,20260728_operand_rate_v2_final_exp_session03_CAB_exp_fp32_b0_r2_control_1785247313647,7,184057.18282248001,184057.18419298399,184057.183507732,0.0013705039746128023,1.7686662809865084,10582643425,true,true,5dff3859ad319cb37301e68cfc6fde00723e3a42110ca93adb44c05e97098167
softmax_whole_stage_atc_trace_v1,softmax_whole_stage_operand_rate_atc,softmax_whole_stage_operand_rate_atc_v2,20260728_operand_rate_v2_final_exp_session03_CAB,exp,fp32,20260728_operand_rate_v2_final_exp_session03_CAB_exp_fp32,0,2,20260728_operand_rate_v2_final_exp_session03_CAB_exp_fp32_b0_r2_control,control,control,20260728_operand_rate_v2_final_exp_session03_CAB_exp_fp32_b0_r2_control_1785247313647,8,184057.437258091,184057.43875757299,184057.43800783198,0.0014994819939602166,2.0231663809681777,10582714304,true,true,5dff3859ad319cb37301e68cfc6fde00723e3a42110ca93adb44c05e97098167
softmax_whole_stage_atc_trace_v1,softmax_whole_stage_operand_rate_atc,softmax_whole_stage_operand_rate_atc_v2,20260728_operand_rate_v2_final_exp_session03_CAB,exp,fp32,20260728_operand_rate_v2_final_exp_session03_CAB_exp_fp32,0,2,20260728_operand_rate_v2_final_exp_session03_CAB_exp_fp32_b0_r2_control,control,control,20260728_operand_rate_v2_final_exp_session03_CAB_exp_fp32_b0_r2_control_1785247313647,9,184057.6894071,184057.69078013301,184057.69009361649,0.0013730330101680011,2.2752521654765587,10582762250,true,true,5dff3859ad319cb37301e68cfc6fde00723e3a42110ca93adb44c05e97098167
softmax_whole_stage_atc_trace_v1,softmax_whole_stage_operand_rate_atc,softmax_whole_stage_operand_rate_atc_v2,20260728_operand_rate_v2_final_exp_session03_CAB,exp,fp32,20260728_operand_rate_v2_final_exp_session03_CAB_exp_fp32,0,2,20260728_operand_rate_v2_final_exp_session03_CAB_exp_fp32_b0_r2_control,control,control,20260728_operand_rate_v2_final_exp_session03_CAB_exp_fp32_b0_r2_control_1785247313647,10,184057.94106225,184057.942434575,184057.9417484125,0.0013723250012844801,2.526906961487839,10582832961,true,true,5dff3859ad319cb37301e68cfc6fde00723e3a42110ca93adb44c05e97098167
softmax_whole_stage_atc_trace_v1,softmax_whole_stage_operand_rate_atc,softmax_whole_stage_operand_rate_atc_v2,20260728_operand_rate_v2_final_exp_session03_CAB,exp,fp32,20260728_operand_rate_v2_final_exp_session03_CAB_exp_fp32,0,2,20260728_operand_rate_v2_final_exp_session03_CAB_exp_fp32_b0_r2_control,control,control,20260728_operand_rate_v2_final_exp_session03_CAB_exp_fp32_b0_r2_control_1785247313647,11,184058.193732026,184058.19521603099,184058.19447402848,0.0014840049843769521,2.7796325774688739,10582881423,true,true,5dff3859ad319cb37301e68cfc6fde00723e3a42110ca93adb44c05e97098167
softmax_whole_stage_atc_trace_v1,softmax_whole_stage_operand_rate_atc,softmax_whole_stage_operand_rate_atc_v2,20260728_operand_rate_v2_final_exp_session03_CAB,exp,fp32,20260728_operand_rate_v2_final_exp_session03_CAB_exp_fp32,0,2,20260728_operand_rate_v2_final_exp_session03_CAB_exp_fp32_b0_r2_control,control,control,20260728_operand_rate_v2_final_exp_session03_CAB_exp_fp32_b0_r2_control_1785247313647,12,184058.44536188699,184058.446807856,184058.44608487148,0.001445969013730064,3.0312434204679448,10582952555,true,true,5dff3859ad319cb37301e68cfc6fde00723e3a42110ca93adb44c05e97098167
softmax_whole_stage_atc_trace_v1,softmax_whole_stage_operand_rate_atc,softmax_whole_stage_operand_rate_atc_v2,20260728_operand_rate_v2_final_exp_session03_CAB,exp,fp32,20260728_operand_rate_v2_final_exp_session03_CAB_exp_fp32,0,2,20260728_operand_rate_v2_final_exp_session03_CAB_exp_fp32_b0_r2_control,control,control,20260728_operand_rate_v2_final_exp_session03_CAB_exp_fp32_b0_r2_control_1785247313647,13,184058.69690727899,184058.69820019399,184058.69755373651,0.001292914996156469,3.282712285494199,10583001432,true,true,5dff3859ad319cb37301e68cfc6fde00723e3a42110ca93adb44c05e97098167
softmax_whole_stage_atc_trace_v1,softmax_whole_stage_operand_rate_atc,softmax_whole_stage_operand_rate_atc_v2,20260728_operand_rate_v2_final_exp_session03_CAB,exp,fp32,20260728_operand_rate_v2_final_exp_session03_CAB_exp_fp32,0,2,20260728_operand_rate_v2_final_exp_session03_CAB_exp_fp32_b0_r2_control,control,control,20260728_operand_rate_v2_final_exp_session03_CAB_exp_fp32_b0_r2_control_1785247313647,14,184058.948693329,184058.950927328,184058.94981032849,0.002233998995507136,3.5349688774731476,10583073349,true,true,5dff3859ad319cb37301e68cfc6fde00723e3a42110ca93adb44c05e97098167
softmax_whole_stage_atc_trace_v1,softmax_whole_stage_operand_rate_atc,softmax_whole_stage_operand_rate_atc_v2,20260728_operand_rate_v2_final_exp_session03_CAB,exp,fp32,20260728_operand_rate_v2_final_exp_session03_CAB_exp_fp32,0,2,20260728_operand_rate_v2_final_exp_session03_CAB_exp_fp32_b0_r2_control,control,control,20260728_operand_rate_v2_final_exp_session03_CAB_exp_fp32_b0_r2_control_1785247313647,15,184059.20230236801,184059.20375764399,184059.203030006,0.0014552759821526706,3.7881885549868457,10583122688,true,true,5dff3859ad319cb37301e68cfc6fde00723e3a42110ca93adb44c05e97098167
softmax_whole_stage_atc_trace_v1,softmax_whole_stage_operand_rate_atc,softmax_whole_stage_operand_rate_atc_v2,20260728_operand_rate_v2_final_exp_session03_CAB,exp,fp32,20260728_operand_rate_v2_final_exp_session03_CAB_exp_fp32,0,2,20260728_operand_rate_v2_final_exp_session03_CAB_exp_fp32_b0_r2_control,control,control,20260728_operand_rate_v2_final_exp_session03_CAB_exp_fp32_b0_r2_control_1785247313647,16,184059.45390826699,184059.45545417501,184059.45468122099,0.0015459080168511719,4.0398397699755151,10583194707,true,true,5dff3859ad319cb37301e68cfc6fde00723e3a42110ca93adb44c05e97098167
softmax_whole_stage_atc_trace_v1,softmax_whole_stage_operand_rate_atc,softmax_whole_stage_operand_rate_atc_v2,20260728_operand_rate_v2_final_exp_session03_CAB,exp,fp32,20260728_operand_rate_v2_final_exp_session03_CAB_exp_fp32,0,2,20260728_operand_rate_v2_final_exp_session03_CAB_exp_fp32_b0_r2_control,control,control,20260728_operand_rate_v2_final_exp_session03_CAB_exp_fp32_b0_r2_control_1785247313647,17,184059.70556499099,184059.70692187001,184059.7062434305,0.0013568790163844824,4.2914019794843625,10583244048,true,true,5dff3859ad319cb37301e68cfc6fde00723e3a42110ca93adb44c05e97098167
softmax_whole_stage_atc_trace_v1,softmax_whole_stage_operand_rate_atc,softmax_whole_stage_operand_rate_atc_v2,20260728_operand_rate_v2_final_exp_session03_CAB,exp,fp32,20260728_operand_rate_v2_final_exp_session03_CAB_exp_fp32,0,2,20260728_operand_rate_v2_final_exp_session03_CAB_exp_fp32_b0_r2_control,control,control,20260728_operand_rate_v2_final_exp_session03_CAB_exp_fp32_b0_r2_control_1785247313647,18,184059.95733046101,184059.95868112601,184059.95800579351,0.0013506649993360043,4.5431643424963113,10583315739,true,true,5dff3859ad319cb37301e68cfc6fde00723e3a42110ca93adb44c05e97098167
softmax_whole_stage_atc_trace_v1,softmax_whole_stage_operand_rate_atc,softmax_whole_stage_operand_rate_atc_v2,20260728_operand_rate_v2_final_exp_session03_CAB,exp,fp32,20260728_operand_rate_v2_final_exp_session03_CAB_exp_fp32,0,2,20260728_operand_rate_v2_final_exp_session03_CAB_exp_fp32_b0_r2_control,control,control,20260728_operand_rate_v2_final_exp_session03_CAB_exp_fp32_b0_r2_control_1785247313647,19,184060.20897044701,184060.21035939801,184060.2096649225,0.0013889510009903461,4.79482347148587,10583364464,true,true,5dff3859ad319cb37301e68cfc6fde00723e3a42110ca93adb44c05e97098167
softmax_whole_stage_atc_trace_v1,softmax_whole_stage_operand_rate_atc,softmax_whole_stage_operand_rate_atc_v2,20260728_operand_rate_v2_final_exp_session03_CAB,exp,fp32,20260728_operand_rate_v2_final_exp_session03_CAB_exp_fp32,0,2,20260728_operand_rate_v2_final_exp_session03_CAB_exp_fp32_b0_r2_control,control,control,20260728_operand_rate_v2_final_exp_session03_CAB_exp_fp32_b0_r2_control_1785247313647,20,184060.461092927,184060.46247917201,184060.46178604951,0.0013862450141459703,5.0469445984927006,10583435572,true,true,5dff3859ad319cb37301e68cfc6fde00723e3a42110ca93adb44c05e97098167
softmax_whole_stage_atc_trace_v1,softmax_whole_stage_operand_rate_atc,softmax_whole_stage_operand_rate_atc_v2,20260728_operand_rate_v2_final_exp_session03_CAB,exp,fp32,20260728_operand_rate_v2_final_exp_session03_CAB_exp_fp32,0,2,20260728_operand_rate_v2_final_exp_session03_CAB_exp_fp32_b0_r2_control,control,control,20260728_operand_rate_v2_final_exp_session03_CAB_exp_fp32_b0_r2_control_1785247313647,21,184060.71304742599,184060.717890114,184060.71546877001,0.0048426880093757063,5.3006273189967033,10583483541,true,true,5dff3859ad319cb37301e68cfc6fde00723e3a42110ca93adb44c05e97098167
softmax_whole_stage_atc_trace_v1,softmax_whole_stage_operand_rate_atc,softmax_whole_stage_operand_rate_atc_v2,20260728_operand_rate_v2_final_exp_session03_CAB,exp,fp32,20260728_operand_rate_v2_final_exp_session03_CAB_exp_fp32,0,2,20260728_operand_rate_v2_final_exp_session03_CAB_exp_fp32_b0_r2_control,control,control,20260728_operand_rate_v2_final_exp_session03_CAB_exp_fp32_b0_r2_control_1785247313647,22,184060.96832045499,184060.96971522001,184060.96901783749,0.0013947650149930269,5.5541763864748646,10583557852,true,true,5dff3859ad319cb37301e68cfc6fde00723e3a42110ca93adb44c05e97098167
softmax_whole_stage_atc_trace_v1,softmax_whole_stage_operand_rate_atc,softmax_whole_stage_operand_rate_atc_v2,20260728_operand_rate_v2_final_exp_session03_CAB,exp,fp32,20260728_operand_rate_v2_final_exp_session03_CAB_exp_fp32,0,2,20260728_operand_rate_v2_final_exp_session03_CAB_exp_fp32_b0_r2_control,control,control,20260728_operand_rate_v2_final_exp_session03_CAB_exp_fp32_b0_r2_control_1785247313647,23,184061.22040785599,184061.22181514901,184061.2211115025,0.001407293020747602,5.806270051485626,10583604163,true,true,5dff3859ad319cb37301e68cfc6fde00723e3a42110ca93adb44c05e97098167
softmax_whole_stage_atc_trace_v1,softmax_whole_stage_operand_rate_atc,softmax_whole_stage_operand_rate_atc_v2,20260728_operand_rate_v2_final_exp_session03_CAB,exp,fp32,20260728_operand_rate_v2_final_exp_session03_CAB_exp_fp32,0,2,20260728_operand_rate_v2_final_exp_session03_CAB_exp_fp32_b0_r2_control,control,control,20260728_operand_rate_v2_final_exp_session03_CAB_exp_fp32_b0_r2_control_1785247313647,24,184061.47254617201,184061.473949156,184061.47324766399,0.0014029839949216694,6.0584062129782978,10583677620,true,true,5dff3859ad319cb37301e68cfc6fde00723e3a42110ca93adb44c05e97098167
softmax_whole_stage_atc_trace_v1,softmax_whole_stage_operand_rate_atc,softmax_whole_stage_operand_rate_atc_v2,20260728_operand_rate_v2_final_exp_session03_CAB,exp,fp32,20260728_operand_rate_v2_final_exp_session03_CAB_exp_fp32,0,2,20260728_operand_rate_v2_final_exp_session03_CAB_exp_fp32_b0_r2_control,control,control,20260728_operand_rate_v2_final_exp_session03_CAB_exp_fp32_b0_r2_control_1785247313647,25,184061.72432417099,184061.72576965101,184061.72504691099,0.00144548001117073,6.3102054599730764,10583723045,true,true,5dff3859ad319cb37301e68cfc6fde00723e3a42110ca93adb44c05e97098167
softmax_whole_stage_atc_trace_v1,softmax_whole_stage_operand_rate_atc,softmax_whole_stage_operand_rate_atc_v2,20260728_operand_rate_v2_final_exp_session03_CAB,exp,fp32,20260728_operand_rate_v2_final_exp_session03_CAB_exp_fp32,0,2,20260728_operand_rate_v2_final_exp_session03_CAB_exp_fp32_b0_r2_control,control,control,20260728_operand_rate_v2_final_exp_session03_CAB_exp_fp32_b0_r2_control_1785247313647,26,184061.97645466999,184061.98092491299,184061.97868979149,0.0044702430022880435,6.5638483404763974,10583795814,true,true,5dff3859ad319cb37301e68cfc6fde00723e3a42110ca93adb44c05e97098167
softmax_whole_stage_atc_trace_v1,softmax_whole_stage_operand_rate_atc,softmax_whole_stage_operand_rate_atc_v2,20260728_operand_rate_v2_final_exp_session03_CAB,exp,fp32,20260728_operand_rate_v2_final_exp_session03_CAB_exp_fp32,0,2,20260728_operand_rate_v2_final_exp_session03_CAB_exp_fp32_b0_r2_control,control,control,20260728_operand_rate_v2_final_exp_session03_CAB_exp_fp32_b0_r2_control_1785247313647,27,184062.23114166901,184062.23256239301,184062.23185203102,0.0014207240019459277,6.8170105800090823,10583844796,true,true,5dff3859ad319cb37301e68cfc6fde00723e3a42110ca93adb44c05e97098167
softmax_whole_stage_atc_trace_v1,softmax_whole_stage_operand_rate_atc,softmax_whole_stage_operand_rate_atc_v2,20260728_operand_rate_v2_final_exp_session03_CAB,exp,fp32,20260728_operand_rate_v2_final_exp_session03_CAB_exp_fp32,0,2,20260728_operand_rate_v2_final_exp_session03_CAB_exp_fp32_b0_r2_control,control,control,20260728_operand_rate_v2_final_exp_session03_CAB_exp_fp32_b0_r2_control_1785247313647,28,184062.48277143101,184062.48548288399,184062.48412715748,0.002711452980292961,7.069285706471419,10583916199,true,true,5dff3859ad319cb37301e68cfc6fde00723e3a42110ca93adb44c05e97098167
softmax_whole_stage_atc_trace_v1,softmax_whole_stage_operand_rate_atc,softmax_whole_stage_operand_rate_atc_v2,20260728_operand_rate_v2_final_exp_session03_CAB,exp,fp32,20260728_operand_rate_v2_final_exp_session03_CAB_exp_fp32,0,2,20260728_operand_rate_v2_final_exp_session03_CAB_exp_fp32_b0_r2_control,control,control,20260728_operand_rate_v2_final_exp_session03_CAB_exp_fp32_b0_r2_control_1785247313647,29,184062.735701645,184062.73690577701,184062.73630371102,0.0012041320151183754,7.3214622600062285,10583989678,true,true,5dff3859ad319cb37301e68cfc6fde00723e3a42110ca93adb44c05e97098167
softmax_whole_stage_atc_trace_v1,softmax_whole_stage_operand_rate_atc,softmax_whole_stage_operand_rate_atc_v2,20260728_operand_rate_v2_final_exp_session03_CAB,exp,fp32,20260728_operand_rate_v2_final_exp_session03_CAB_exp_fp32,0,2,20260728_operand_rate_v2_final_exp_session03_CAB_exp_fp32_b0_r2_control,control,control,20260728_operand_rate_v2_final_exp_session03_CAB_exp_fp32_b0_r2_control_1785247313647,30,184062.98718497501,184062.988531029,184062.98785800202,0.0013460539921652526,7.5730165510030929,10584039668,true,true,5dff3859ad319cb37301e68cfc6fde00723e3a42110ca93adb44c05e97098167
softmax_whole_stage_atc_trace_v1,softmax_whole_stage_operand_rate_atc,softmax_whole_stage_operand_rate_atc_v2,20260728_operand_rate_v2_final_exp_session03_CAB,exp,fp32,20260728_operand_rate_v2_final_exp_session03_CAB_exp_fp32,0,2,20260728_operand_rate_v2_final_exp_session03_CAB_exp_fp32_b0_r2_control,control,control,20260728_operand_rate_v2_final_exp_session03_CAB_exp_fp32_b0_r2_control_1785247313647,31,184063.23871551201,184063.24352412301,184063.24111981751,0.0048086110036820173,7.8262783664977178,10584112603,true,true,5dff3859ad319cb37301e68cfc6fde00723e3a42110ca93adb44c05e97098167
softmax_whole_stage_atc_trace_v1,softmax_whole_stage_operand_rate_atc,softmax_whole_stage_operand_rate_atc_v2,20260728_operand_rate_v2_final_exp_session03_CAB,exp,fp32,20260728_operand_rate_v2_final_exp_session03_CAB_exp_fp32,0,2,20260728_operand_rate_v2_final_exp_session03_CAB_exp_fp32_b0_r2_control,control,control,20260728_operand_rate_v2_final_exp_session03_CAB_exp_fp32_b0_r2_control_1785247313647,32,184063.49372033199,184063.49513965301,184063.49442999251,0.0014193210226949304,8.0795885414991062,10584161717,true,true,5dff3859ad319cb37301e68cfc6fde00723e3a42110ca93adb44c05e97098167
softmax_whole_stage_atc_trace_v1,softmax_whole_stage_operand_rate_atc,softmax_whole_stage_operand_rate_atc_v2,20260728_operand_rate_v2_final_exp_session03_CAB,exp,fp32,20260728_operand_rate_v2_final_exp_session03_CAB_exp_fp32,0,2,20260728_operand_rate_v2_final_exp_session03_CAB_exp_fp32_b0_r2_control,control,control,20260728_operand_rate_v2_final_exp_session03_CAB_exp_fp32_b0_r2_control_1785247313647,33,184063.74537184401,184063.746711985,184063.74604191451,0.0013401409960351884,8.3312004634935874,10584233290,true,true,5dff3859ad319cb37301e68cfc6fde00723e3a42110ca93adb44c05e97098167
softmax_whole_stage_atc_trace_v1,softmax_whole_stage_operand_rate_atc,softmax_whole_stage_operand_rate_atc_v2,20260728_operand_rate_v2_final_exp_session03_CAB,exp,fp32,20260728_operand_rate_v2_final_exp_session03_CAB_exp_fp32,0,2,20260728_operand_rate_v2_final_exp_session03_CAB_exp_fp32_b0_r2_control,control,control,20260728_operand_rate_v2_final_exp_session03_CAB_exp_fp32_b0_r2_control_1785247313647,34,184063.99705512801,184063.99849259001,184063.99777385901,0.0014374619931913912,8.5829324079968501,10584281859,true,true,5dff3859ad319cb37301e68cfc6fde00723e3a42110ca93adb44c05e97098167
softmax_whole_stage_atc_trace_v1,softmax_whole_stage_operand_rate_atc,softmax_whole_stage_operand_rate_atc_v2,20260728_operand_rate_v2_final_exp_session03_CAB,exp,fp32,20260728_operand_rate_v2_final_exp_session03_CAB_exp_fp32,0,2,20260728_operand_rate_v2_final_exp_session03_CAB_exp_fp32_b0_r2_control,control,control,20260728_operand_rate_v2_final_exp_session03_CAB_exp_fp32_b0_r2_control_1785247313647,35,184064.24870934599,184064.25005690299,184064.24938312449,0.0013475570012815297,8.8345416734809987,10584352785,true,true,5dff3859ad319cb37301e68cfc6fde00723e3a42110ca93adb44c05e97098167
softmax_whole_stage_atc_trace_v1,softmax_whole_stage_operand_rate_atc,softmax_whole_stage_operand_rate_atc_v2,20260728_operand_rate_v2_final_exp_session03_CAB,exp,fp32,20260728_operand_rate_v2_final_exp_session03_CAB_exp_fp32,0,2,20260728_operand_rate_v2_final_exp_session03_CAB_exp_fp32_b0_r2_control,control,control,20260728_operand_rate_v2_final_exp_session03_CAB_exp_fp32_b0_r2_control_1785247313647,36,184064.50030142299,184064.50544890299,184064.50287516299,0.0051474799984134734,9.0880337119742762,10584400740,true,true,5dff3859ad319cb37301e68cfc6fde00723e3a42110ca93adb44c05e97098167
softmax_whole_stage_atc_trace_v1,softmax_whole_stage_operand_rate_atc,softmax_whole_stage_operand_rate_atc_v2,20260728_operand_rate_v2_final_exp_session03_CAB,exp,fp32,20260728_operand_rate_v2_final_exp_session03_CAB_exp_fp32,0,2,20260728_operand_rate_v2_final_exp_session03_CAB_exp_fp32_b0_r2_control,control,control,20260728_operand_rate_v2_final_exp_session03_CAB_exp_fp32_b0_r2_control_1785247313647,37,184064.755686005,184064.757083676,184064.7563848405,0.0013976710033603013,9.3415433894842863,10584475162,true,true,5dff3859ad319cb37301e68cfc6fde00723e3a42110ca93adb44c05e97098167
softmax_whole_stage_atc_trace_v1,softmax_whole_stage_operand_rate_atc,softmax_whole_stage_operand_rate_atc_v2,20260728_operand_rate_v2_final_exp_session03_CAB,exp,fp32,20260728_operand_rate_v2_final_exp_session03_CAB_exp_fp32,0,2,20260728_operand_rate_v2_final_exp_session03_CAB_exp_fp32_b0_r2_control,control,control,20260728_operand_rate_v2_final_exp_session03_CAB_exp_fp32_b0_r2_control_1785247313647,38,184065.00748394901,184065.00888001701,184065.00818198302,0.0013960679934825748,9.5933405320101883,10584521528,true,true,5dff3859ad319cb37301e68cfc6fde00723e3a42110ca93adb44c05e97098167
softmax_whole_stage_atc_trace_v1,softmax_whole_stage_operand_rate_atc,softmax_whole_stage_operand_rate_atc_v2,20260728_operand_rate_v2_final_exp_session03_CAB,exp,fp32,20260728_operand_rate_v2_final_exp_session03_CAB_exp_fp32,0,2,20260728_operand_rate_v2_final_exp_session03_CAB_exp_fp32_b0_r2_control,control,control,20260728_operand_rate_v2_final_exp_session03_CAB_exp_fp32_b0_r2_control_1785247313647,39,184065.25903402999,184065.26063065301,184065.25983234151,0.001596623013028875,9.8449908905022312,10584595285,true,true,5dff3859ad319cb37301e68cfc6fde00723e3a42110ca93adb44c05e97098167
softmax_whole_stage_atc_trace_v1,softmax_whole_stage_operand_rate_atc,softmax_whole_stage_operand_rate_atc_v2,20260728_operand_rate_v2_final_exp_session03_CAB,exp,fp32,20260728_operand_rate_v2_final_exp_session03_CAB_exp_fp32,0,2,20260728_operand_rate_v2_final_exp_session03_CAB_exp_fp32_b0_r2_control,control,control,20260728_operand_rate_v2_final_exp_session03_CAB_exp_fp32_b0_r2_control_1785247313647,40,184065.51081678699,184065.512217618,184065.51151720248,0.001400831009959802,10.096675751468865,10584641036,true,true,5dff3859ad319cb37301e68cfc6fde00723e3a42110ca93adb44c05e97098167
softmax_whole_stage_atc_trace_v1,softmax_whole_stage_operand_rate_atc,softmax_whole_stage_operand_rate_atc_v2,20260728_operand_rate_v2_final_exp_session03_CAB,exp,fp32,20260728_operand_rate_v2_final_exp_session03_CAB_exp_fp32,0,2,20260728_operand_rate_v2_final_exp_session03_CAB_exp_fp32_b0_r2_control,control,control,20260728_operand_rate_v2_final_exp_session03_CAB_exp_fp32_b0_r2_control_1785247313647,41,184065.76296482101,184065.76426001301,184065.76361241701,0.0012951919925399125,10.348770965996664,10584714368,true,true,5dff3859ad319cb37301e68cfc6fde00723e3a42110ca93adb44c05e97098167
softmax_whole_stage_atc_trace_v1,softmax_whole_stage_operand_rate_atc,softmax_whole_stage_operand_rate_atc_v2,20260728_operand_rate_v2_final_exp_session03_CAB,exp,fp32,20260728_operand_rate_v2_final_exp_session03_CAB_exp_fp32,0,2,20260728_operand_rate_v2_final_exp_session03_CAB_exp_fp32_b0_r2_control,control,control,20260728_operand_rate_v2_final_exp_session03_CAB_exp_fp32_b0_r2_control_1785247313647,42,184066.01565632899,184066.01715571599,184066.01640602248,0.0014993869990576059,10.601564571465133,10584760219,true,true,5dff3859ad319cb37301e68cfc6fde00723e3a42110ca93adb44c05e97098167
softmax_whole_stage_atc_trace_v1,softmax_whole_stage_operand_rate_atc,softmax_whole_stage_operand_rate_atc_v2,20260728_operand_rate_v2_final_exp_session03_CAB,exp,fp32,20260728_operand_rate_v2_final_exp_session03_CAB_exp_fp32,0,2,20260728_operand_rate_v2_final_exp_session03_CAB_exp_fp32_b0_r2_control,control,control,20260728_operand_rate_v2_final_exp_session03_CAB_exp_fp32_b0_r2_control_1785247313647,43,184066.267295595,184066.268639357,184066.26796747599,0.0013437620073091239,10.85312602497288,10584833876,true,true,5dff3859ad319cb37301e68cfc6fde00723e3a42110ca93adb44c05e97098167
softmax_whole_stage_atc_trace_v1,softmax_whole_stage_operand_rate_atc,softmax_whole_stage_operand_rate_atc_v2,20260728_operand_rate_v2_final_exp_session03_CAB,exp,fp32,20260728_operand_rate_v2_final_exp_session03_CAB_exp_fp32,0,2,20260728_operand_rate_v2_final_exp_session03_CAB_exp_fp32_b0_r2_control,control,control,20260728_operand_rate_v2_final_exp_session03_CAB_exp_fp32_b0_r2_control_1785247313647,44,184066.518799574,184066.520165597,184066.51948258549,0.0013660230033565313,11.104641134472331,10584880157,true,true,5dff3859ad319cb37301e68cfc6fde00723e3a42110ca93adb44c05e97098167
softmax_whole_stage_atc_trace_v1,softmax_whole_stage_operand_rate_atc,softmax_whole_stage_operand_rate_atc_v2,20260728_operand_rate_v2_final_exp_session03_CAB,exp,fp32,20260728_operand_rate_v2_final_exp_session03_CAB_exp_fp32,0,2,20260728_operand_rate_v2_final_exp_session03_CAB_exp_fp32_b0_r2_control,control,control,20260728_operand_rate_v2_final_exp_session03_CAB_exp_fp32_b0_r2_control_1785247313647,45,184066.77092899001,184066.772718277,184066.77182363352,0.0017892869946081191,11.356982182507636,10584954488,true,true,5dff3859ad319cb37301e68cfc6fde00723e3a42110ca93adb44c05e97098167
softmax_whole_stage_atc_trace_v1,softmax_whole_stage_operand_rate_atc,softmax_whole_stage_operand_rate_atc_v2,20260728_operand_rate_v2_final_exp_session03_CAB,exp,fp32,20260728_operand_rate_v2_final_exp_session03_CAB_exp_fp32,0,2,20260728_operand_rate_v2_final_exp_session03_CAB_exp_fp32_b0_r2_control,control,control,20260728_operand_rate_v2_final_exp_session03_CAB_exp_fp32_b0_r2_control_1785247313647,46,184067.02341346999,184067.02574613001,184067.0245798,0.0023326600203290582,11.609738348983228,10585001242,true,true,5dff3859ad319cb37301e68cfc6fde00723e3a42110ca93adb44c05e97098167
softmax_whole_stage_atc_trace_v1,softmax_whole_stage_operand_rate_atc,softmax_whole_stage_operand_rate_atc_v2,20260728_operand_rate_v2_final_exp_session03_CAB,exp,fp32,20260728_operand_rate_v2_final_exp_session03_CAB_exp_fp32,0,2,20260728_operand_rate_v2_final_exp_session03_CAB_exp_fp32_b0_r2_control,control,control,20260728_operand_rate_v2_final_exp_session03_CAB_exp_fp32_b0_r2_control_1785247313647,47,184067.27599427901,184067.27734664199,184067.2766704605,0.001352362975012511,11.861829009489156,10585075719,true,true,5dff3859ad319cb37301e68cfc6fde00723e3a42110ca93adb44c05e97098167
softmax_whole_stage_atc_trace_v1,softmax_whole_stage_operand_rate_atc,softmax_whole_stage_operand_rate_atc_v2,20260728_operand_rate_v2_final_exp_session03_CAB,exp,fp32,20260728_operand_rate_v2_final_exp_session03_CAB_exp_fp32,0,2,20260728_operand_rate_v2_final_exp_session03_CAB_exp_fp32_b0_r2_control,control,control,20260728_operand_rate_v2_final_exp_session03_CAB_exp_fp32_b0_r2_control_1785247313647,48,184067.527544009,184067.53265046599,184067.5300972375,0.0051064569852314889,12.11525578648434,10585122788,true,true,5dff3859ad319cb37301e68cfc6fde00723e3a42110ca93adb44c05e97098167
softmax_whole_stage_atc_trace_v1,softmax_whole_stage_operand_rate_atc,softmax_whole_stage_operand_rate_atc_v2,20260728_operand_rate_v2_final_exp_session03_CAB,exp,fp32,20260728_operand_rate_v2_final_exp_session03_CAB_exp_fp32,0,2,20260728_operand_rate_v2_final_exp_session03_CAB_exp_fp32_b0_r2_control,control,control,20260728_operand_rate_v2_final_exp_session03_CAB_exp_fp32_b0_r2_control_1785247313647,49,184067.78277162401,184067.784152095,184067.78346185951,0.0013804709888063371,12.36862040849519,10585197354,true,true,5dff3859ad319cb37301e68cfc6fde00723e3a42110ca93adb44c05e97098167
softmax_whole_stage_atc_trace_v1,softmax_whole_stage_operand_rate_atc,softmax_whole_stage_operand_rate_atc_v2,20260728_operand_rate_v2_final_exp_session03_CAB,exp,fp32,20260728_operand_rate_v2_final_exp_session03_CAB_exp_fp32,0,2,20260728_operand_rate_v2_final_exp_session03_CAB_exp_fp32_b0_r2_control,control,control,20260728_operand_rate_v2_final_exp_session03_CAB_exp_fp32_b0_r2_control_1785247313647,50,184068.03439562899,184068.03578863299,184068.035092131,0.0013930040004197508,12.620250679989113,10585244903,true,true,5dff3859ad319cb37301e68cfc6fde00723e3a42110ca93adb44c05e97098167
softmax_whole_stage_atc_trace_v1,softmax_whole_stage_operand_rate_atc,softmax_whole_stage_operand_rate_atc_v2,20260728_operand_rate_v2_final_exp_session03_CAB,exp,fp32,20260728_operand_rate_v2_final_exp_session03_CAB_exp_fp32,0,2,20260728_operand_rate_v2_final_exp_session03_CAB_exp_fp32_b0_r2_control,control,control,20260728_operand_rate_v2_final_exp_session03_CAB_exp_fp32_b0_r2_control_1785247313647,51,184068.285931494,184068.28735129599,184068.28664139501,0.0014198019925970584,12.871799943997758,10585315901,true,true,5dff3859ad319cb37301e68cfc6fde00723e3a42110ca93adb44c05e97098167
softmax_whole_stage_atc_trace_v1,softmax_whole_stage_operand_rate_atc,softmax_whole_stage_operand_rate_atc_v2,20260728_operand_rate_v2_final_exp_session03_CAB,exp,fp32,20260728_operand_rate_v2_final_exp_session03_CAB_exp_fp32,0,2,20260728_operand_rate_v2_final_exp_session03_CAB_exp_fp32_b0_r2_control,control,control,20260728_operand_rate_v2_final_exp_session03_CAB_exp_fp32_b0_r2_control_1785247313647,52,184068.53755284901,184068.53906884001,184068.53831084451,0.0015159909962676466,13.123469393496634,10585364960,true,false,5dff3859ad319cb37301e68cfc6fde00723e3a42110ca93adb44c05e97098167
softmax_whole_stage_atc_trace_v1,softmax_whole_stage_operand_rate_atc,softmax_whole_stage_operand_rate_atc_v2,20260728_operand_rate_v2_final_exp_session03_CAB,exp,fp32,20260728_operand_rate_v2_final_exp_session03_CAB_exp_fp32,0,2,20260728_operand_rate_v2_final_exp_session03_CAB_exp_fp32_b0_r2_control,control,control,20260728_operand_rate_v2_final_exp_session03_CAB_exp_fp32_b0_r2_control_1785247313647,53,184068.78929535701,184068.790642712,184068.78996903449,0.0013473549915943295,13.375127583480207,10585437437,true,false,5dff3859ad319cb37301e68cfc6fde00723e3a42110ca93adb44c05e97098167
softmax_whole_stage_atc_trace_v1,softmax_whole_stage_operand_rate_atc,softmax_whole_stage_operand_rate_atc_v2,20260728_operand_rate_v2_final_exp_session03_CAB,exp,fp32,20260728_operand_rate_v2_final_exp_session03_CAB_exp_fp32,0,2,20260728_operand_rate_v2_final_exp_session03_CAB_exp_fp32_b0_r2_control,control,control,20260728_operand_rate_v2_final_exp_session03_CAB_exp_fp32_b0_r2_control_1785247313647,54,184069.040950542,184069.042665227,184069.0418078845,0.0017146850004792213,13.626966433483176,10585474279,true,false,5dff3859ad319cb37301e68cfc6fde00723e3a42110ca93adb44c05e97098167
softmax_whole_stage_atc_trace_v1,softmax_whole_stage_operand_rate_atc,softmax_whole_stage_operand_rate_atc_v2,20260728_operand_rate_v2_final_exp_session03_CAB,exp,fp32,20260728_operand_rate_v2_final_exp_session03_CAB_exp_fp32,0,2,20260728_operand_rate_v2_final_exp_session03_CAB_exp_fp32_b0_r2_control,control,control,20260728_operand_rate_v2_final_exp_session03_CAB_exp_fp32_b0_r2_control_1785247313647,55,184069.04267256401,184069.04393707801,184069.04330482101,0.0012645139941014349,13.628463369997917,10585474279,false,false,5dff3859ad319cb37301e68cfc6fde00723e3a42110ca93adb44c05e97098167
softmax_whole_stage_atc_trace_v1,softmax_whole_stage_operand_rate_atc,softmax_whole_stage_operand_rate_atc_v2,20260728_operand_rate_v2_final_exp_session03_CAB,exp,fp32,20260728_operand_rate_v2_final_exp_session03_CAB_exp_fp32,1,0,20260728_operand_rate_v2_final_exp_session03_CAB_exp_fp32_b1_r0_treatment,treatment,treatment,20260728_operand_rate_v2_final_exp_session03_CAB_exp_fp32_b1_r0_treatment_1785247327827,0,184070.08532727501,184070.086533505,184070.08593038999,0.0012062299938406795,0.00064478997956030071,10585608433,false,false,5dff3859ad319cb37301e68cfc6fde00723e3a42110ca93adb44c05e97098167
softmax_whole_stage_atc_trace_v1,softmax_whole_stage_operand_rate_atc,softmax_whole_stage_operand_rate_atc_v2,20260728_operand_rate_v2_final_exp_session03_CAB,exp,fp32,20260728_operand_rate_v2_final_exp_session03_CAB_exp_fp32,1,0,20260728_operand_rate_v2_final_exp_session03_CAB_exp_fp32_b1_r0_treatment,treatment,treatment,20260728_operand_rate_v2_final_exp_session03_CAB_exp_fp32_b1_r0_treatment_1785247327827,1,184070.34144025401,184070.34397233999,184070.342706297,0.0025320859858766198,0.25742069698753767,10585670751,true,false,5dff3859ad319cb37301e68cfc6fde00723e3a42110ca93adb44c05e97098167
softmax_whole_stage_atc_trace_v1,softmax_whole_stage_operand_rate_atc,softmax_whole_stage_operand_rate_atc_v2,20260728_operand_rate_v2_final_exp_session03_CAB,exp,fp32,20260728_operand_rate_v2_final_exp_session03_CAB_exp_fp32,1,0,20260728_operand_rate_v2_final_exp_session03_CAB_exp_fp32_b1_r0_treatment,treatment,treatment,20260728_operand_rate_v2_final_exp_session03_CAB_exp_fp32_b1_r0_treatment_1785247327827,2,184070.59878391901,184070.60020728799,184070.5994956035,0.0014233689871616662,0.51421000348636881,10585719840,true,false,5dff3859ad319cb37301e68cfc6fde00723e3a42110ca93adb44c05e97098167
softmax_whole_stage_atc_trace_v1,softmax_whole_stage_operand_rate_atc,softmax_whole_stage_operand_rate_atc_v2,20260728_operand_rate_v2_final_exp_session03_CAB,exp,fp32,20260728_operand_rate_v2_final_exp_session03_CAB_exp_fp32,1,0,20260728_operand_rate_v2_final_exp_session03_CAB_exp_fp32_b1_r0_treatment,treatment,treatment,20260728_operand_rate_v2_final_exp_session03_CAB_exp_fp32_b1_r0_treatment_1785247327827,3,184070.85508632101,184070.856459965,184070.855773143,0.0013736439868807793,0.77048754299175926,10585791278,true,true,5dff3859ad319cb37301e68cfc6fde00723e3a42110ca93adb44c05e97098167
softmax_whole_stage_atc_trace_v1,softmax_whole_stage_operand_rate_atc,softmax_whole_stage_operand_rate_atc_v2,20260728_operand_rate_v2_final_exp_session03_CAB,exp,fp32,20260728_operand_rate_v2_final_exp_session03_CAB_exp_fp32,1,0,20260728_operand_rate_v2_final_exp_session03_CAB_exp_fp32_b1_r0_treatment,treatment,treatment,20260728_operand_rate_v2_final_exp_session03_CAB_exp_fp32_b1_r0_treatment_1785247327827,4,184071.10705931499,184071.10841237599,184071.10773584549,0.0013530610012821853,1.022450245480286,10585839746,true,true,5dff3859ad319cb37301e68cfc6fde00723e3a42110ca93adb44c05e97098167
softmax_whole_stage_atc_trace_v1,softmax_whole_stage_operand_rate_atc,softmax_whole_stage_operand_rate_atc_v2,20260728_operand_rate_v2_final_exp_session03_CAB,exp,fp32,20260728_operand_rate_v2_final_exp_session03_CAB_exp_fp32,1,0,20260728_operand_rate_v2_final_exp_session03_CAB_exp_fp32_b1_r0_treatment,treatment,treatment,20260728_operand_rate_v2_final_exp_session03_CAB_exp_fp32_b1_r0_treatment_1785247327827,5,184071.36327847,184071.36473210101,184071.36400528549,0.0014536310045514256,1.2787196854769718,10585911679,true,true,5dff3859ad319cb37301e68cfc6fde00723e3a42110ca93adb44c05e97098167
softmax_whole_stage_atc_trace_v1,softmax_whole_stage_operand_rate_atc,softmax_whole_stage_operand_rate_atc_v2,20260728_operand_rate_v2_final_exp_session03_CAB,exp,fp32,20260728_operand_rate_v2_final_exp_session03_CAB_exp_fp32,1,0,20260728_operand_rate_v2_final_exp_session03_CAB_exp_fp32_b1_r0_treatment,treatment,treatment,20260728_operand_rate_v2_final_exp_session03_CAB_exp_fp32_b1_r0_treatment_1785247327827,6,184071.61964720499,184071.621101244,184071.6203742245,0.0014540390111505985,1.5350886244850699,10585960561,true,true,5dff3859ad319cb37301e68cfc6fde00723e3a42110ca93adb44c05e97098167
softmax_whole_stage_atc_trace_v1,softmax_whole_stage_operand_rate_atc,softmax_whole_stage_operand_rate_atc_v2,20260728_operand_rate_v2_final_exp_session03_CAB,exp,fp32,20260728_operand_rate_v2_final_exp_session03_CAB_exp_fp32,1,0,20260728_operand_rate_v2_final_exp_session03_CAB_exp_fp32_b1_r0_treatment,treatment,treatment,20260728_operand_rate_v2_final_exp_session03_CAB_exp_fp32_b1_r0_treatment_1785247327827,7,184071.876017367,184071.87746947,184071.87674341851,0.0014521029952447861,1.7914578185009304,10586031831,true,true,5dff3859ad319cb37301e68cfc6fde00723e3a42110ca93adb44c05e97098167
softmax_whole_stage_atc_trace_v1,softmax_whole_stage_operand_rate_atc,softmax_whole_stage_operand_rate_atc_v2,20260728_operand_rate_v2_final_exp_session03_CAB,exp,fp32,20260728_operand_rate_v2_final_exp_session03_CAB_exp_fp32,1,0,20260728_operand_rate_v2_final_exp_session03_CAB_exp_fp32_b1_r0_treatment,treatment,treatment,20260728_operand_rate_v2_final_exp_session03_CAB_exp_fp32_b1_r0_treatment_1785247327827,8,184072.132311108,184072.13670195901,184072.1345065335,0.0043908510124310851,2.049220933491597,10586079922,true,true,5dff3859ad319cb37301e68cfc6fde00723e3a42110ca93adb44c05e97098167
softmax_whole_stage_atc_trace_v1,softmax_whole_stage_operand_rate_atc,softmax_whole_stage_operand_rate_atc_v2,20260728_operand_rate_v2_final_exp_session03_CAB,exp,fp32,20260728_operand_rate_v2_final_exp_session03_CAB_exp_fp32,1,0,20260728_operand_rate_v2_final_exp_session03_CAB_exp_fp32_b1_r0_treatment,treatment,treatment,20260728_operand_rate_v2_final_exp_session03_CAB_exp_fp32_b1_r0_treatment_1785247327827,9,184072.391549405,184072.392934156,184072.3922417805,0.0013847509981133044,2.3069561804877594,10586154676,true,true,5dff3859ad319cb37301e68cfc6fde00723e3a42110ca93adb44c05e97098167
softmax_whole_stage_atc_trace_v1,softmax_whole_stage_operand_rate_atc,softmax_whole_stage_operand_rate_atc_v2,20260728_operand_rate_v2_final_exp_session03_CAB,exp,fp32,20260728_operand_rate_v2_final_exp_session03_CAB_exp_fp32,1,0,20260728_operand_rate_v2_final_exp_session03_CAB_exp_fp32_b1_r0_treatment,treatment,treatment,20260728_operand_rate_v2_final_exp_session03_CAB_exp_fp32_b1_r0_treatment_1785247327827,10,184072.64771231299,184072.64918805601,184072.6484501845,0.0014757430180907249,2.5631645844841842,10586201257,true,true,5dff3859ad319cb37301e68cfc6fde00723e3a42110ca93adb44c05e97098167
softmax_whole_stage_atc_trace_v1,softmax_whole_stage_operand_rate_atc,softmax_whole_stage_operand_rate_atc_v2,20260728_operand_rate_v2_final_exp_session03_CAB,exp,fp32,20260728_operand_rate_v2_final_exp_session03_CAB_exp_fp32,1,0,20260728_operand_rate_v2_final_exp_session03_CAB_exp_fp32_b1_r0_treatment,treatment,treatment,20260728_operand_rate_v2_final_exp_session03_CAB_exp_fp32_b1_r0_treatment_1785247327827,11,184072.899735338,184072.90112773,184072.90043153398,0.0013923920050729066,2.8151459339715075,10586275250,true,true,5dff3859ad319cb37301e68cfc6fde00723e3a42110ca93adb44c05e97098167
softmax_whole_stage_atc_trace_v1,softmax_whole_stage_operand_rate_atc,softmax_whole_stage_operand_rate_atc_v2,20260728_operand_rate_v2_final_exp_session03_CAB,exp,fp32,20260728_operand_rate_v2_final_exp_session03_CAB_exp_fp32,1,0,20260728_operand_rate_v2_final_exp_session03_CAB_exp_fp32_b1_r0_treatment,treatment,treatment,20260728_operand_rate_v2_final_exp_session03_CAB_exp_fp32_b1_r0_treatment_1785247327827,12,184073.151322049,184073.155364929,184073.15334348899,0.0040428799984510988,3.0680578889732715,10586322078,true,true,5dff3859ad319cb37301e68cfc6fde00723e3a42110ca93adb44c05e97098167
softmax_whole_stage_atc_trace_v1,softmax_whole_stage_operand_rate_atc,softmax_whole_stage_operand_rate_atc_v2,20260728_operand_rate_v2_final_exp_session03_CAB,exp,fp32,20260728_operand_rate_v2_final_exp_session03_CAB_exp_fp32,1,0,20260728_operand_rate_v2_final_exp_session03_CAB_exp_fp32_b1_r0_treatment,treatment,treatment,20260728_operand_rate_v2_final_exp_session03_CAB_exp_fp32_b1_r0_treatment_1785247327827,13,184073.41028033901,184073.41165469601,184073.41096751753,0.0013743570016231388,3.3256819175148848,10586396832,true,true,5dff3859ad319cb37301e68cfc6fde00723e3a42110ca93adb44c05e97098167
softmax_whole_stage_atc_trace_v1,softmax_whole_stage_operand_rate_atc,softmax_whole_stage_operand_rate_atc_v2,20260728_operand_rate_v2_final_exp_session03_CAB,exp,fp32,20260728_operand_rate_v2_final_exp_session03_CAB_exp_fp32,1,0,20260728_operand_rate_v2_final_exp_session03_CAB_exp_fp32_b1_r0_treatment,treatment,treatment,20260728_operand_rate_v2_final_exp_session03_CAB_exp_fp32_b1_r0_treatment_1785247327827,14,184073.66649500901,184073.66787782399,184073.66718641651,0.001382814982207492,3.5819008164980914,10586443363,true,true,5dff3859ad319cb37301e68cfc6fde00723e3a42110ca93adb44c05e97098167
softmax_whole_stage_atc_trace_v1,softmax_whole_stage_operand_rate_atc,softmax_whole_stage_operand_rate_atc_v2,20260728_operand_rate_v2_final_exp_session03_CAB,exp,fp32,20260728_operand_rate_v2_final_exp_session03_CAB_exp_fp32,1,0,20260728_operand_rate_v2_final_exp_session03_CAB_exp_fp32_b1_r0_treatment,treatment,treatment,20260728_operand_rate_v2_final_exp_session03_CAB_exp_fp32_b1_r0_treatment_1785247327827,15,184073.92245046,184073.92386241601,184073.92315643799,0.0014119560073595494,3.8378708379750606,10586517213,true,true,5dff3859ad319cb37301e68cfc6fde00723e3a42110ca93adb44c05e97098167
softmax_whole_stage_atc_trace_v1,softmax_whole_stage_operand_rate_atc,softmax_whole_stage_operand_rate_atc_v2,20260728_operand_rate_v2_final_exp_session03_CAB,exp,fp32,20260728_operand_rate_v2_final_exp_session03_CAB_exp_fp32,1,0,20260728_operand_rate_v2_final_exp_session03_CAB_exp_fp32_b1_r0_treatment,treatment,treatment,20260728_operand_rate_v2_final_exp_session03_CAB_exp_fp32_b1_r0_treatment_1785247327827,16,184074.17567655601,184074.177139256,184074.17640790599,0.0014626999909523875,4.0911223059811164,10586562974,true,true,5dff3859ad319cb37301e68cfc6fde00723e3a42110ca93adb44c05e97098167
softmax_whole_stage_atc_trace_v1,softmax_whole_stage_operand_rate_atc,softmax_whole_stage_operand_rate_atc_v2,20260728_operand_rate_v2_final_exp_session03_CAB,exp,fp32,20260728_operand_rate_v2_final_exp_session03_CAB_exp_fp32,1,0,20260728_operand_rate_v2_final_exp_session03_CAB_exp_fp32_b1_r0_treatment,treatment,treatment,20260728_operand_rate_v2_final_exp_session03_CAB_exp_fp32_b1_r0_treatment_1785247327827,17,184074.431987925,184074.433357798,184074.4326728615,0.0013698730035685003,4.3473872614849824,10586636920,true,true,5dff3859ad319cb37301e68cfc6fde00723e3a42110ca93adb44c05e97098167
softmax_whole_stage_atc_trace_v1,softmax_whole_stage_operand_rate_atc,softmax_whole_stage_operand_rate_atc_v2,20260728_operand_rate_v2_final_exp_session03_CAB,exp,fp32,20260728_operand_rate_v2_final_exp_session03_CAB_exp_fp32,1,0,20260728_operand_rate_v2_final_exp_session03_CAB_exp_fp32_b1_r0_treatment,treatment,treatment,20260728_operand_rate_v2_final_exp_session03_CAB_exp_fp32_b1_r0_treatment_1785247327827,18,184074.683717187,184074.68516022101,184074.68443870399,0.0014430340088438243,4.5991531039762776,10586682734,true,true,5dff3859ad319cb37301e68cfc6fde00723e3a42110ca93adb44c05e97098167
softmax_whole_stage_atc_trace_v1,softmax_whole_stage_operand_rate_atc,softmax_whole_stage_operand_rate_atc_v2,20260728_operand_rate_v2_final_exp_session03_CAB,exp,fp32,20260728_operand_rate_v2_final_exp_session03_CAB_exp_fp32,1,0,20260728_operand_rate_v2_final_exp_session03_CAB_exp_fp32_b1_r0_treatment,treatment,treatment,20260728_operand_rate_v2_final_exp_session03_CAB_exp_fp32_b1_r0_treatment_1785247327827,19,184074.940077974,184074.94157970001,184074.94082883699,0.0015017260157037526,4.8555432369757909,10586757113,true,true,5dff3859ad319cb37301e68cfc6fde00723e3a42110ca93adb44c05e97098167
softmax_whole_stage_atc_trace_v1,softmax_whole_stage_operand_rate_atc,softmax_whole_stage_operand_rate_atc_v2,20260728_operand_rate_v2_final_exp_session03_CAB,exp,fp32,20260728_operand_rate_v2_final_exp_session03_CAB_exp_fp32,1,0,20260728_operand_rate_v2_final_exp_session03_CAB_exp_fp32_b1_r0_treatment,treatment,treatment,20260728_operand_rate_v2_final_exp_session03_CAB_exp_fp32_b1_r0_treatment_1785247327827,20,184075.191732276,184075.19303667601,184075.19238447602,0.0013044000079389662,5.1070988760038745,10586803253,true,true,5dff3859ad319cb37301e68cfc6fde00723e3a42110ca93adb44c05e97098167
softmax_whole_stage_atc_trace_v1,softmax_whole_stage_operand_rate_atc,softmax_whole_stage_operand_rate_atc_v2,20260728_operand_rate_v2_final_exp_session03_CAB,exp,fp32,20260728_operand_rate_v2_final_exp_session03_CAB_exp_fp32,1,0,20260728_operand_rate_v2_final_exp_session03_CAB_exp_fp32_b1_r0_treatment,treatment,treatment,20260728_operand_rate_v2_final_exp_session03_CAB_exp_fp32_b1_r0_treatment_1785247327827,21,184075.444068618,184075.44548199599,184075.444775307,0.001413377991411835,5.3594897069851868,10586877854,true,true,5dff3859ad319cb37301e68cfc6fde00723e3a42110ca93adb44c05e97098167
softmax_whole_stage_atc_trace_v1,softmax_whole_stage_operand_rate_atc,softmax_whole_stage_operand_rate_atc_v2,20260728_operand_rate_v2_final_exp_session03_CAB,exp,fp32,20260728_operand_rate_v2_final_exp_session03_CAB_exp_fp32,1,0,20260728_operand_rate_v2_final_exp_session03_CAB_exp_fp32_b1_r0_treatment,treatment,treatment,20260728_operand_rate_v2_final_exp_session03_CAB_exp_fp32_b1_r0_treatment_1785247327827,22,184075.702034485,184075.70357532601,184075.70280490551,0.0015408410108648241,5.6175193054950796,10586924707,true,true,5dff3859ad319cb37301e68cfc6fde00723e3a42110ca93adb44c05e97098167
softmax_whole_stage_atc_trace_v1,softmax_whole_stage_operand_rate_atc,softmax_whole_stage_operand_rate_atc_v2,20260728_operand_rate_v2_final_exp_session03_CAB,exp,fp32,20260728_operand_rate_v2_final_exp_session03_CAB_exp_fp32,1,0,20260728_operand_rate_v2_final_exp_session03_CAB_exp_fp32_b1_r0_treatment,treatment,treatment,20260728_operand_rate_v2_final_exp_session03_CAB_exp_fp32_b1_r0_treatment_1785247327827,23,184075.96081927701,184075.962362174,184075.96159072552,0.0015428969927597791,5.8763051255082246,10586999059,true,true,5dff3859ad319cb37301e68cfc6fde00723e3a42110ca93adb44c05e97098167
softmax_whole_stage_atc_trace_v1,softmax_whole_stage_operand_rate_atc,softmax_whole_stage_operand_rate_atc_v2,20260728_operand_rate_v2_final_exp_session03_CAB,exp,fp32,20260728_operand_rate_v2_final_exp_session03_CAB_exp_fp32,1,0,20260728_operand_rate_v2_final_exp_session03_CAB_exp_fp32_b1_r0_treatment,treatment,treatment,20260728_operand_rate_v2_final_exp_session03_CAB_exp_fp32_b1_r0_treatment_1785247327827,24,184076.21445538901,184076.215902658,184076.21517902351,0.001447268994525075,6.1298934234946501,10587045039,true,true,5dff3859ad319cb37301e68cfc6fde00723e3a42110ca93adb44c05e97098167
softmax_whole_stage_atc_trace_v1,softmax_whole_stage_operand_rate_atc,softmax_whole_stage_operand_rate_atc_v2,20260728_operand_rate_v2_final_exp_session03_CAB,exp,fp32,20260728_operand_rate_v2_final_exp_session03_CAB_exp_fp32,1,0,20260728_operand_rate_v2_final_exp_session03_CAB_exp_fp32_b1_r0_treatment,treatment,treatment,20260728_operand_rate_v2_final_exp_session03_CAB_exp_fp32_b1_r0_treatment_1785247327827,25,184076.47310969501,184076.47463480299,184076.47387224901,0.0015251079748850316,6.3885866490018088,10587119758,true,true,5dff3859ad319cb37301e68cfc6fde00723e3a42110ca93adb44c05e97098167
softmax_whole_stage_atc_trace_v1,softmax_whole_stage_operand_rate_atc,softmax_whole_stage_operand_rate_atc_v2,20260728_operand_rate_v2_final_exp_session03_CAB,exp,fp32,20260728_operand_rate_v2_final_exp_session03_CAB_exp_fp32,1,0,20260728_operand_rate_v2_final_exp_session03_CAB_exp_fp32_b1_r0_treatment,treatment,treatment,20260728_operand_rate_v2_final_exp_session03_CAB_exp_fp32_b1_r0_treatment_1785247327827,26,184076.73178436101,184076.73315913801,184076.73247174951,0.0013747769990004599,6.6471861494937912,10587166207,true,true,5dff3859ad319cb37301e68cfc6fde00723e3a42110ca93adb44c05e97098167
softmax_whole_stage_atc_trace_v1,softmax_whole_stage_operand_rate_atc,softmax_whole_stage_operand_rate_atc_v2,20260728_operand_rate_v2_final_exp_session03_CAB,exp,fp32,20260728_operand_rate_v2_final_exp_session03_CAB_exp_fp32,1,0,20260728_operand_rate_v2_final_exp_session03_CAB_exp_fp32_b1_r0_treatment,treatment,treatment,20260728_operand_rate_v2_final_exp_session03_CAB_exp_fp32_b1_r0_treatment_1785247327827,27,184076.98508484999,184076.98656420101,184076.9858245255,0.0014793510199524462,6.9005389254889451,10587240008,true,true,5dff3859ad319cb37301e68cfc6fde00723e3a42110ca93adb44c05e97098167
softmax_whole_stage_atc_trace_v1,softmax_whole_stage_operand_rate_atc,softmax_whole_stage_operand_rate_atc_v2,20260728_operand_rate_v2_final_exp_session03_CAB,exp,fp32,20260728_operand_rate_v2_final_exp_session03_CAB_exp_fp32,1,0,20260728_operand_rate_v2_final_exp_session03_CAB_exp_fp32_b1_r0_treatment,treatment,treatment,20260728_operand_rate_v2_final_exp_session03_CAB_exp_fp32_b1_r0_treatment_1785247327827,28,184077.23679051601,184077.23818853201,184077.23748952401,0.0013980160001665354,7.1522039239935111,10587286838,true,true,5dff3859ad319cb37301e68cfc6fde00723e3a42110ca93adb44c05e97098167
softmax_whole_stage_atc_trace_v1,softmax_whole_stage_operand_rate_atc,softmax_whole_stage_operand_rate_atc_v2,20260728_operand_rate_v2_final_exp_session03_CAB,exp,fp32,20260728_operand_rate_v2_final_exp_session03_CAB_exp_fp32,1,0,20260728_operand_rate_v2_final_exp_session03_CAB_exp_fp32_b1_r0_treatment,treatment,treatment,20260728_operand_rate_v2_final_exp_session03_CAB_exp_fp32_b1_r0_treatment_1785247327827,29,184077.49499300701,184077.49642454399,184077.4957087755,0.0014315369771793485,7.4104231754899956,10587357785,true,true,5dff3859ad319cb37301e68cfc6fde00723e3a42110ca93adb44c05e97098167
softmax_whole_stage_atc_trace_v1,softmax_whole_stage_operand_rate_atc,softmax_whole_stage_operand_rate_atc_v2,20260728_operand_rate_v2_final_exp_session03_CAB,exp,fp32,20260728_operand_rate_v2_final_exp_session03_CAB_exp_fp32,1,0,20260728_operand_rate_v2_final_exp_session03_CAB_exp_fp32_b1_r0_treatment,treatment,treatment,20260728_operand_rate_v2_final_exp_session03_CAB_exp_fp32_b1_r0_treatment_1785247327827,30,184077.75363805899,184077.756985338,184077.75531169848,0.0033472790091764182,7.6700260984653141,10587405661,true,true,5dff3859ad319cb37301e68cfc6fde00723e3a42110ca93adb44c05e97098167
softmax_whole_stage_atc_trace_v1,softmax_whole_stage_operand_rate_atc,softmax_whole_stage_operand_rate_atc_v2,20260728_operand_rate_v2_final_exp_session03_CAB,exp,fp32,20260728_operand_rate_v2_final_exp_session03_CAB_exp_fp32,1,0,20260728_operand_rate_v2_final_exp_session03_CAB_exp_fp32_b1_r0_treatment,treatment,treatment,20260728_operand_rate_v2_final_exp_session03_CAB_exp_fp32_b1_r0_treatment_1785247327827,31,184078.01060510101,184078.01203365601,184078.01131937851,0.0014285549987107515,7.9260337784944568,10587480404,true,true,5dff3859ad319cb37301e68cfc6fde00723e3a42110ca93adb44c05e97098167
softmax_whole_stage_atc_trace_v1,softmax_whole_stage_operand_rate_atc,softmax_whole_stage_operand_rate_atc_v2,20260728_operand_rate_v2_final_exp_session03_CAB,exp,fp32,20260728_operand_rate_v2_final_exp_session03_CAB_exp_fp32,1,0,20260728_operand_rate_v2_final_exp_session03_CAB_exp_fp32_b1_r0_treatment,treatment,treatment,20260728_operand_rate_v2_final_exp_session03_CAB_exp_fp32_b1_r0_treatment_1785247327827,32,184078.26924696501,184078.270979678,184078.27011332149,0.0017327129899058491,8.1848277214739937,10587527801,true,true,5dff3859ad319cb37301e68cfc6fde00723e3a42110ca93adb44c05e97098167
softmax_whole_stage_atc_trace_v1,softmax_whole_stage_operand_rate_atc,softmax_whole_stage_operand_rate_atc_v2,20260728_operand_rate_v2_final_exp_session03_CAB,exp,fp32,20260728_operand_rate_v2_final_exp_session03_CAB_exp_fp32,1,0,20260728_operand_rate_v2_final_exp_session03_CAB_exp_fp32_b1_r0_treatment,treatment,treatment,20260728_operand_rate_v2_final_exp_session03_CAB_exp_fp32_b1_r0_treatment_1785247327827,33,184078.528217254,184078.529632441,184078.52892484749,0.0014151869982015342,8.4436392474744935,10587602513,true,true,5dff3859ad319cb37301e68cfc6fde00723e3a42110ca93adb44c05e97098167
softmax_whole_stage_atc_trace_v1,softmax_whole_stage_operand_rate_atc,softmax_whole_stage_operand_rate_atc_v2,20260728_operand_rate_v2_final_exp_session03_CAB,exp,fp32,20260728_operand_rate_v2_final_exp_session03_CAB_exp_fp32,1,0,20260728_operand_rate_v2_final_exp_session03_CAB_exp_fp32_b1_r0_treatment,treatment,treatment,20260728_operand_rate_v2_final_exp_session03_CAB_exp_fp32_b1_r0_treatment_1785247327827,34,184078.786764519,184078.78819636401,184078.7874804415,0.0014318450121209025,8.7021948414912913,10587649015,true,true,5dff3859ad319cb37301e68cfc6fde00723e3a42110ca93adb44c05e97098167
softmax_whole_stage_atc_trace_v1,softmax_whole_stage_operand_rate_atc,softmax_whole_stage_operand_rate_atc_v2,20260728_operand_rate_v2_final_exp_session03_CAB,exp,fp32,20260728_operand_rate_v2_final_exp_session03_CAB_exp_fp32,1,0,20260728_operand_rate_v2_final_exp_session03_CAB_exp_fp32_b1_r0_treatment,treatment,treatment,20260728_operand_rate_v2_final_exp_session03_CAB_exp_fp32_b1_r0_treatment_1785247327827,35,184079.04540771901,184079.04689005201,184079.04614888551,0.0014823329984210432,8.9608632854942698,10587722993,true,true,5dff3859ad319cb37301e68cfc6fde00723e3a42110ca93adb44c05e97098167
softmax_whole_stage_atc_trace_v1,softmax_whole_stage_operand_rate_atc,softmax_whole_stage_operand_rate_atc_v2,20260728_operand_rate_v2_final_exp_session03_CAB,exp,fp32,20260728_operand_rate_v2_final_exp_session03_CAB_exp_fp32,1,0,20260728_operand_rate_v2_final_exp_session03_CAB_exp_fp32_b1_r0_treatment,treatment,treatment,20260728_operand_rate_v2_final_exp_session03_CAB_exp_fp32_b1_r0_treatment_1785247327827,36,184079.29704757701,184079.29891149499,184079.297979536,0.0018639179761521518,9.2126939359877724,10587768767,true,true,5dff3859ad319cb37301e68cfc6fde00723e3a42110ca93adb44c05e97098167
softmax_whole_stage_atc_trace_v1,softmax_whole_stage_operand_rate_atc,softmax_whole_stage_operand_rate_atc_v2,20260728_operand_rate_v2_final_exp_session03_CAB,exp,fp32,20260728_operand_rate_v2_final_exp_session03_CAB_exp_fp32,1,0,20260728_operand_rate_v2_final_exp_session03_CAB_exp_fp32_b1_r0_treatment,treatment,treatment,20260728_operand_rate_v2_final_exp_session03_CAB_exp_fp32_b1_r0_treatment_1785247327827,37,184079.55596491101,184079.557412386,184079.5566886485,0.0014474749914370477,9.4714030484901741,10587843585,true,true,5dff3859ad319cb37301e68cfc6fde00723e3a42110ca93adb44c05e97098167
softmax_whole_stage_atc_trace_v1,softmax_whole_stage_operand_rate_atc,softmax_whole_stage_operand_rate_atc_v2,20260728_operand_rate_v2_final_exp_session03_CAB,exp,fp32,20260728_operand_rate_v2_final_exp_session03_CAB_exp_fp32,1,0,20260728_operand_rate_v2_final_exp_session03_CAB_exp_fp32_b1_r0_treatment,treatment,treatment,20260728_operand_rate_v2_final_exp_session03_CAB_exp_fp32_b1_r0_treatment_1785247327827,38,184079.81116006299,184079.81286038601,184079.8120102245,0.0017003230168484151,9.7267246244882699,10587890305,true,true,5dff3859ad319cb37301e68cfc6fde00723e3a42110ca93adb44c05e97098167
softmax_whole_stage_atc_trace_v1,softmax_whole_stage_operand_rate_atc,softmax_whole_stage_operand_rate_atc_v2,20260728_operand_rate_v2_final_exp_session03_CAB,exp,fp32,20260728_operand_rate_v2_final_exp_session03_CAB_exp_fp32,1,0,20260728_operand_rate_v2_final_exp_session03_CAB_exp_fp32_b1_r0_treatment,treatment,treatment,20260728_operand_rate_v2_final_exp_session03_CAB_exp_fp32_b1_r0_treatment_1785247327827,39,184080.07003534099,184080.07144168601,184080.07073851349,0.0014063450216781348,9.9854529134754557,10587965251,true,true,5dff3859ad319cb37301e68cfc6fde00723e3a42110ca93adb44c05e97098167
softmax_whole_stage_atc_trace_v1,softmax_whole_stage_operand_rate_atc,softmax_whole_stage_operand_rate_atc_v2,20260728_operand_rate_v2_final_exp_session03_CAB,exp,fp32,20260728_operand_rate_v2_final_exp_session03_CAB_exp_fp32,1,0,20260728_operand_rate_v2_final_exp_session03_CAB_exp_fp32_b1_r0_treatment,treatment,treatment,20260728_operand_rate_v2_final_exp_session03_CAB_exp_fp32_b1_r0_treatment_1785247327827,40,184080.32267545199,184080.32410147801,184080.32338846498,0.0014260260213632137,10.238102864968823,10588011925,true,true,5dff3859ad319cb37301e68cfc6fde00723e3a42110ca93adb44c05e97098167
softmax_whole_stage_atc_trace_v1,softmax_whole_stage_operand_rate_atc,softmax_whole_stage_operand_rate_atc_v2,20260728_operand_rate_v2_final_exp_session03_CAB,exp,fp32,20260728_operand_rate_v2_final_exp_session03_CAB_exp_fp32,1,0,20260728_operand_rate_v2_final_exp_session03_CAB_exp_fp32_b1_r0_treatment,treatment,treatment,20260728_operand_rate_v2_final_exp_session03_CAB_exp_fp32_b1_r0_treatment_1785247327827,41,184080.577240029,184080.57857994601,184080.57790998751,0.0013399170129559934,10.492624387494288,10588086781,true,true,5dff3859ad319cb37301e68cfc6fde00723e3a42110ca93adb44c05e97098167
softmax_whole_stage_atc_trace_v1,softmax_whole_stage_operand_rate_atc,softmax_whole_stage_operand_rate_atc_v2,20260728_operand_rate_v2_final_exp_session03_CAB,exp,fp32,20260728_operand_rate_v2_final_exp_session03_CAB_exp_fp32,1,0,20260728_operand_rate_v2_final_exp_session03_CAB_exp_fp32_b1_r0_treatment,treatment,treatment,20260728_operand_rate_v2_final_exp_session03_CAB_exp_fp32_b1_r0_treatment_1785247327827,42,184080.83163653599,184080.83302461699,184080.83233057649,0.0013880810001865029,10.747044976480538,10588133390,true,true,5dff3859ad319cb37301e68cfc6fde00723e3a42110ca93adb44c05e97098167
softmax_whole_stage_atc_trace_v1,softmax_whole_stage_operand_rate_atc,softmax_whole_stage_operand_rate_atc_v2,20260728_operand_rate_v2_final_exp_session03_CAB,exp,fp32,20260728_operand_rate_v2_final_exp_session03_CAB_exp_fp32,1,0,20260728_operand_rate_v2_final_exp_session03_CAB_exp_fp32_b1_r0_treatment,treatment,treatment,20260728_operand_rate_v2_final_exp_session03_CAB_exp_fp32_b1_r0_treatment_1785247327827,43,184081.084569678,184081.08598285299,184081.08527626551,0.0014131749921943992,10.999990665499354,10588207438,true,true,5dff3859ad319cb37301e68cfc6fde00723e3a42110ca93adb44c05e97098167
softmax_whole_stage_atc_trace_v1,softmax_whole_stage_operand_rate_atc,softmax_whole_stage_operand_rate_atc_v2,20260728_operand_rate_v2_final_exp_session03_CAB,exp,fp32,20260728_operand_rate_v2_final_exp_session03_CAB_exp_fp32,1,0,20260728_operand_rate_v2_final_exp_session03_CAB_exp_fp32_b1_r0_treatment,treatment,treatment,20260728_operand_rate_v2_final_exp_session03_CAB_exp_fp32_b1_r0_treatment_1785247327827,44,184081.336161588,184081.33756889499,184081.33686524149,0.0014073069905862212,11.25157964148093,10588253595,true,true,5dff3859ad319cb37301e68cfc6fde00723e3a42110ca93adb44c05e97098167
softmax_whole_stage_atc_trace_v1,softmax_whole_stage_operand_rate_atc,softmax_whole_stage_operand_rate_atc_v2,20260728_operand_rate_v2_final_exp_session03_CAB,exp,fp32,20260728_operand_rate_v2_final_exp_session03_CAB_exp_fp32,1,0,20260728_operand_rate_v2_final_exp_session03_CAB_exp_fp32_b1_r0_treatment,treatment,treatment,20260728_operand_rate_v2_final_exp_session03_CAB_exp_fp32_b1_r0_treatment_1785247327827,45,184081.590460854,184081.591756754,184081.59110880399,0.0012959000014234334,11.505823203973705,10588327903,true,true,5dff3859ad319cb37301e68cfc6fde00723e3a42110ca93adb44c05e97098167
softmax_whole_stage_atc_trace_v1,softmax_whole_stage_operand_rate_atc,softmax_whole_stage_operand_rate_atc_v2,20260728_operand_rate_v2_final_exp_session03_CAB,exp,fp32,20260728_operand_rate_v2_final_exp_session03_CAB_exp_fp32,1,0,20260728_operand_rate_v2_final_exp_session03_CAB_exp_fp32_b1_r0_treatment,treatment,treatment,20260728_operand_rate_v2_final_exp_session03_CAB_exp_fp32_b1_r0_treatment_1785247327827,46,184081.844812433,184081.84622641801,184081.84551942552,0.0014139850100036711,11.760233825509204,10588374026,true,true,5dff3859ad319cb37301e68cfc6fde00723e3a42110ca93adb44c05e97098167
softmax_whole_stage_atc_trace_v1,softmax_whole_stage_operand_rate_atc,softmax_whole_stage_operand_rate_atc_v2,20260728_operand_rate_v2_final_exp_session03_CAB,exp,fp32,20260728_operand_rate_v2_final_exp_session03_CAB_exp_fp32,1,0,20260728_operand_rate_v2_final_exp_session03_CAB_exp_fp32_b1_r0_treatment,treatment,treatment,20260728_operand_rate_v2_final_exp_session03_CAB_exp_fp32_b1_r0_treatment_1785247327827,47,184082.09936628499,184082.104395676,184082.10188098048,0.0050293910026084632,12.016595380468061,10588447561,true,true,5dff3859ad319cb37301e68cfc6fde00723e3a42110ca93adb44c05e97098167
softmax_whole_stage_atc_trace_v1,softmax_whole_stage_operand_rate_atc,softmax_whole_stage_operand_rate_atc_v2,20260728_operand_rate_v2_final_exp_session03_CAB,exp,fp32,20260728_operand_rate_v2_final_exp_session03_CAB_exp_fp32,1,0,20260728_operand_rate_v2_final_exp_session03_CAB_exp_fp32_b1_r0_treatment,treatment,treatment,20260728_operand_rate_v2_final_exp_session03_CAB_exp_fp32_b1_r0_treatment_1785247327827,48,184082.357490717,184082.358846216,184082.35816846648,0.0013554990000557154,12.272882866469445,10588497006,true,true,5dff3859ad319cb37301e68cfc6fde00723e3a42110ca93adb44c05e97098167
softmax_whole_stage_atc_trace_v1,softmax_whole_stage_operand_rate_atc,softmax_whole_stage_operand_rate_atc_v2,20260728_operand_rate_v2_final_exp_session03_CAB,exp,fp32,20260728_operand_rate_v2_final_exp_session03_CAB_exp_fp32,1,0,20260728_operand_rate_v2_final_exp_session03_CAB_exp_fp32_b1_r0_treatment,treatment,treatment,20260728_operand_rate_v2_final_exp_session03_CAB_exp_fp32_b1_r0_treatment_1785247327827,49,184082.61198264299,184082.61470153401,184082.6133420885,0.002718891017138958,12.528056488488801,10588568766,true,true,5dff3859ad319cb37301e68cfc6fde00723e3a42110ca93adb44c05e97098167
softmax_whole_stage_atc_trace_v1,softmax_whole_stage_operand_rate_atc,softmax_whole_stage_operand_rate_atc_v2,20260728_operand_rate_v2_final_exp_session03_CAB,exp,fp32,20260728_operand_rate_v2_final_exp_session03_CAB_exp_fp32,1,0,20260728_operand_rate_v2_final_exp_session03_CAB_exp_fp32_b1_r0_treatment,treatment,treatment,20260728_operand_rate_v2_final_exp_session03_CAB_exp_fp32_b1_r0_treatment_1785247327827,50,184082.86777937299,184082.86927299199,184082.86852618249,0.0014936189982108772,12.783240582473809,10588642506,true,true,5dff3859ad319cb37301e68cfc6fde00723e3a42110ca93adb44c05e97098167
softmax_whole_stage_atc_trace_v1,softmax_whole_stage_operand_rate_atc,softmax_whole_stage_operand_rate_atc_v2,20260728_operand_rate_v2_final_exp_session03_CAB,exp,fp32,20260728_operand_rate_v2_final_exp_session03_CAB_exp_fp32,1,0,20260728_operand_rate_v2_final_exp_session03_CAB_exp_fp32_b1_r0_treatment,treatment,treatment,20260728_operand_rate_v2_final_exp_session03_CAB_exp_fp32_b1_r0_treatment_1785247327827,51,184083.12235255199,184083.12383089101,184083.1230917215,0.0014783390215598047,13.037806121486938,10588692567,true,true,5dff3859ad319cb37301e68cfc6fde00723e3a42110ca93adb44c05e97098167
softmax_whole_stage_atc_trace_v1,softmax_whole_stage_operand_rate_atc,softmax_whole_stage_operand_rate_atc_v2,20260728_operand_rate_v2_final_exp_session03_CAB,exp,fp32,20260728_operand_rate_v2_final_exp_session03_CAB_exp_fp32,1,0,20260728_operand_rate_v2_final_exp_session03_CAB_exp_fp32_b1_r0_treatment,treatment,treatment,20260728_operand_rate_v2_final_exp_session03_CAB_exp_fp32_b1_r0_treatment_1785247327827,52,184083.373980181,184083.379449431,184083.37671480601,0.0054692499979864806,13.291429206001339,10588765386,true,false,5dff3859ad319cb37301e68cfc6fde00723e3a42110ca93adb44c05e97098167
softmax_whole_stage_atc_trace_v1,softmax_whole_stage_operand_rate_atc,softmax_whole_stage_operand_rate_atc_v2,20260728_operand_rate_v2_final_exp_session03_CAB,exp,fp32,20260728_operand_rate_v2_final_exp_session03_CAB_exp_fp32,1,0,20260728_operand_rate_v2_final_exp_session03_CAB_exp_fp32_b1_r0_treatment,treatment,treatment,20260728_operand_rate_v2_final_exp_session03_CAB_exp_fp32_b1_r0_treatment_1785247327827,53,184083.63216202499,184083.633590246,184083.6328761355,0.0014282210031524301,13.547590535483323,10588814781,true,false,5dff3859ad319cb37301e68cfc6fde00723e3a42110ca93adb44c05e97098167
softmax_whole_stage_atc_trace_v1,softmax_whole_stage_operand_rate_atc,softmax_whole_stage_operand_rate_atc_v2,20260728_operand_rate_v2_final_exp_session03_CAB,exp,fp32,20260728_operand_rate_v2_final_exp_session03_CAB_exp_fp32,1,0,20260728_operand_rate_v2_final_exp_session03_CAB_exp_fp32_b1_r0_treatment,treatment,treatment,20260728_operand_rate_v2_final_exp_session03_CAB_exp_fp32_b1_r0_treatment_1785247327827,54,184083.885810924,184083.88719087999,184083.88650090201,0.0013799559965264052,13.801215301995398,10588867928,true,false,5dff3859ad319cb37301e68cfc6fde00723e3a42110ca93adb44c05e97098167
softmax_whole_stage_atc_trace_v1,softmax_whole_stage_operand_rate_atc,softmax_whole_stage_operand_rate_atc_v2,20260728_operand_rate_v2_final_exp_session03_CAB,exp,fp32,20260728_operand_rate_v2_final_exp_session03_CAB_exp_fp32,1,0,20260728_operand_rate_v2_final_exp_session03_CAB_exp_fp32_b1_r0_treatment,treatment,treatment,20260728_operand_rate_v2_final_exp_session03_CAB_exp_fp32_b1_r0_treatment_1785247327827,55,184083.88719695099,184083.88842229699,184083.88780962399,0.0012253460008651018,13.802524023980368,10588867928,false,false,5dff3859ad319cb37301e68cfc6fde00723e3a42110ca93adb44c05e97098167
softmax_whole_stage_atc_trace_v1,softmax_whole_stage_operand_rate_atc,softmax_whole_stage_operand_rate_atc_v2,20260728_operand_rate_v2_final_exp_session03_CAB,exp,fp32,20260728_operand_rate_v2_final_exp_session03_CAB_exp_fp32,1,1,20260728_operand_rate_v2_final_exp_session03_CAB_exp_fp32_b1_r1_control,control,control,20260728_operand_rate_v2_final_exp_session03_CAB_exp_fp32_b1_r1_control_1785247342670,0,184084.920234355,184084.92148823399,184084.92086129449,0.0012538789887912571,0.00066174750099889934,10589003413,false,false,5dff3859ad319cb37301e68cfc6fde00723e3a42110ca93adb44c05e97098167
softmax_whole_stage_atc_trace_v1,softmax_whole_stage_operand_rate_atc,softmax_whole_stage_operand_rate_atc_v2,20260728_operand_rate_v2_final_exp_session03_CAB,exp,fp32,20260728_operand_rate_v2_final_exp_session03_CAB_exp_fp32,1,1,20260728_operand_rate_v2_final_exp_session03_CAB_exp_fp32_b1_r1_control,control,control,20260728_operand_rate_v2_final_exp_session03_CAB_exp_fp32_b1_r1_control_1785247342670,1,184085.17458790299,184085.17931990299,184085.17695390299,0.0047320000012405217,0.25675435599987395,10589044107,true,false,5dff3859ad319cb37301e68cfc6fde00723e3a42110ca93adb44c05e97098167
softmax_whole_stage_atc_trace_v1,softmax_whole_stage_operand_rate_atc,softmax_whole_stage_operand_rate_atc_v2,20260728_operand_rate_v2_final_exp_session03_CAB,exp,fp32,20260728_operand_rate_v2_final_exp_session03_CAB_exp_fp32,1,1,20260728_operand_rate_v2_final_exp_session03_CAB_exp_fp32_b1_r1_control,control,control,20260728_operand_rate_v2_final_exp_session03_CAB_exp_fp32_b1_r1_control_1785247342670,2,184085.42947216501,184085.43090939199,184085.43019077851,0.0014372269797604531,0.50999123151996173,10589117773,true,false,5dff3859ad319cb37301e68cfc6fde00723e3a42110ca93adb44c05e97098167
softmax_whole_stage_atc_trace_v1,softmax_whole_stage_operand_rate_atc,softmax_whole_stage_operand_rate_atc_v2,20260728_operand_rate_v2_final_exp_session03_CAB,exp,fp32,20260728_operand_rate_v2_final_exp_session03_CAB_exp_fp32,1,1,20260728_operand_rate_v2_final_exp_session03_CAB_exp_fp32_b1_r1_control,control,control,20260728_operand_rate_v2_final_exp_session03_CAB_exp_fp32_b1_r1_control_1785247342670,3,184085.683897454,184085.685320616,184085.684609035,0.0014231620007194579,0.76440948800882325,10589164564,true,true,5dff3859ad319cb37301e68cfc6fde00723e3a42110ca93adb44c05e97098167
softmax_whole_stage_atc_trace_v1,softmax_whole_stage_operand_rate_atc,softmax_whole_stage_operand_rate_atc_v2,20260728_operand_rate_v2_final_exp_session03_CAB,exp,fp32,20260728_operand_rate_v2_final_exp_session03_CAB_exp_fp32,1,1,20260728_operand_rate_v2_final_exp_session03_CAB_exp_fp32_b1_r1_control,control,control,20260728_operand_rate_v2_final_exp_session03_CAB_exp_fp32_b1_r1_control_1785247342670,4,184085.93839266099,184085.93977615799,184085.9390844095,0.0013834970013704151,1.0188848625111859,10589238620,true,true,5dff3859ad319cb37301e68cfc6fde00723e3a42110ca93adb44c05e97098167
softmax_whole_stage_atc_trace_v1,softmax_whole_stage_operand_rate_atc,softmax_whole_stage_operand_rate_atc_v2,20260728_operand_rate_v2_final_exp_session03_CAB,exp,fp32,20260728_operand_rate_v2_final_exp_session03_CAB_exp_fp32,1,1,20260728_operand_rate_v2_final_exp_session03_CAB_exp_fp32_b1_r1_control,control,control,20260728_operand_rate_v2_final_exp_session03_CAB_exp_fp32_b1_r1_control_1785247342670,5,184086.19291275999,184086.194350593,184086.19363167649,0.0014378330088220537,1.2734321294992696,10589284750,true,true,5dff3859ad319cb37301e68cfc6fde00723e3a42110ca93adb44c05e97098167
softmax_whole_stage_atc_trace_v1,softmax_whole_stage_operand_rate_atc,softmax_whole_stage_operand_rate_atc_v2,20260728_operand_rate_v2_final_exp_session03_CAB,exp,fp32,20260728_operand_rate_v2_final_exp_session03_CAB_exp_fp32,1,1,20260728_operand_rate_v2_final_exp_session03_CAB_exp_fp32_b1_r1_control,control,control,20260728_operand_rate_v2_final_exp_session03_CAB_exp_fp32_b1_r1_control_1785247342670,6,184086.44530879101,184086.44675623701,184086.44603251401,0.0014474460040219128,1.5258329670177773,10589357926,true,true,5dff3859ad319cb37301e68cfc6fde00723e3a42110ca93adb44c05e97098167
softmax_whole_stage_atc_trace_v1,softmax_whole_stage_operand_rate_atc,softmax_whole_stage_operand_rate_atc_v2,20260728_operand_rate_v2_final_exp_session03_CAB,exp,fp32,20260728_operand_rate_v2_final_exp_session03_CAB_exp_fp32,1,1,20260728_operand_rate_v2_final_exp_session03_CAB_exp_fp32_b1_r1_control,control,control,20260728_operand_rate_v2_final_exp_session03_CAB_exp_fp32_b1_r1_control_1785247342670,7,184086.699833341,184086.70119842299,184086.700515882,0.0013650819892063737,1.7803163350035902,10589403713,true,true,5dff3859ad319cb37301e68cfc6fde00723e3a42110ca93adb44c05e97098167
softmax_whole_stage_atc_trace_v1,softmax_whole_stage_operand_rate_atc,softmax_whole_stage_operand_rate_atc_v2,20260728_operand_rate_v2_final_exp_session03_CAB,exp,fp32,20260728_operand_rate_v2_final_exp_session03_CAB_exp_fp32,1,1,20260728_operand_rate_v2_final_exp_session03_CAB_exp_fp32_b1_r1_control,control,control,20260728_operand_rate_v2_final_exp_session03_CAB_exp_fp32_b1_r1_control_1785247342670,8,184086.954334721,184086.955832557,184086.95508363901,0.0014978359977249056,2.034884092019638,10589476758,true,true,5dff3859ad319cb37301e68cfc6fde00723e3a42110ca93adb44c05e97098167
softmax_whole_stage_atc_trace_v1,softmax_whole_stage_operand_rate_atc,softmax_whole_stage_operand_rate_atc_v2,20260728_operand_rate_v2_final_exp_session03_CAB,exp,fp32,20260728_operand_rate_v2_final_exp_session03_CAB_exp_fp32,1,1,20260728_operand_rate_v2_final_exp_session03_CAB_exp_fp32_b1_r1_control,control,control,20260728_operand_rate_v2_final_exp_session03_CAB_exp_fp32_b1_r1_control_1785247342670,9,184087.208967235,184087.210371981,184087.20966960798,0.0014047459990251809,2.2894700609904248,10589521877,true,true,5dff3859ad319cb37301e68cfc6fde00723e3a42110ca93adb44c05e97098167
softmax_whole_stage_atc_trace_v1,softmax_whole_stage_operand_rate_atc,softmax_whole_stage_operand_rate_atc_v2,20260728_operand_rate_v2_final_exp_session03_CAB,exp,fp32,20260728_operand_rate_v2_final_exp_session03_CAB_exp_fp32,1,1,20260728_operand_rate_v2_final_exp_session03_CAB_exp_fp32_b1_r1_control,control,control,20260728_operand_rate_v2_final_exp_session03_CAB_exp_fp32_b1_r1_control_1785247342670,10,184087.46046373501,184087.46557163601,184087.46301768551,0.0051079010008834302,2.5428181385213975,10589594179,true,true,5dff3859ad319cb37301e68cfc6fde00723e3a42110ca93adb44c05e97098167
softmax_whole_stage_atc_trace_v1,softmax_whole_stage_operand_rate_atc,softmax_whole_stage_operand_rate_atc_v2,20260728_operand_rate_v2_final_exp_session03_CAB,exp,fp32,20260728_operand_rate_v2_final_exp_session03_CAB_exp_fp32,1,1,20260728_operand_rate_v2_final_exp_session03_CAB_exp_fp32_b1_r1_control,control,control,20260728_operand_rate_v2_final_exp_session03_CAB_exp_fp32_b1_r1_control_1785247342670,11,184087.71816133399,184087.71958641801,184087.718873876,0.0014250840176828206,2.7986743290093727,10589643346,true,true,5dff3859ad319cb37301e68cfc6fde00723e3a42110ca93adb44c05e97098167
softmax_whole_stage_atc_trace_v1,softmax_whole_stage_operand_rate_atc,softmax_whole_stage_operand_rate_atc_v2,20260728_operand_rate_v2_final_exp_session03_CAB,exp,fp32,20260728_operand_rate_v2_final_exp_session03_CAB_exp_fp32,1,1,20260728_operand_rate_v2_final_exp_session03_CAB_exp_fp32_b1_r1_control,control,control,20260728_operand_rate_v2_final_exp_session03_CAB_exp_fp32_b1_r1_control_1785247342670,12,184087.97272453699,184087.975517435,184087.97412098601,0.0027928980125579983,3.0539214390155394,10589714981,true,true,5dff3859ad319cb37301e68cfc6fde00723e3a42110ca93adb44c05e97098167
softmax_whole_stage_atc_trace_v1,softmax_whole_stage_operand_rate_atc,softmax_whole_stage_operand_rate_atc_v2,20260728_operand_rate_v2_final_exp_session03_CAB,exp,fp32,20260728_operand_rate_v2_final_exp_session03_CAB_exp_fp32,1,1,20260728_operand_rate_v2_final_exp_session03_CAB_exp_fp32_b1_r1_control,control,control,20260728_operand_rate_v2_final_exp_session03_CAB_exp_fp32_b1_r1_control_1785247342670,13,184088.22667071701,184088.22817553501,184088.22742312599,0.001504818006651476,3.3072235790023115,10589788583,true,true,5dff3859ad319cb37301e68cfc6fde00723e3a42110ca93adb44c05e97098167
softmax_whole_stage_atc_trace_v1,softmax_whole_stage_operand_rate_atc,softmax_whole_stage_operand_rate_atc_v2,20260728_operand_rate_v2_final_exp_session03_CAB,exp,fp32,20260728_operand_rate_v2_final_exp_session03_CAB_exp_fp32,1,1,20260728_operand_rate_v2_final_exp_session03_CAB_exp_fp32_b1_r1_control,control,control,20260728_operand_rate_v2_final_exp_session03_CAB_exp_fp32_b1_r1_control_1785247342670,14,184088.48131952199,184088.48277061101,184088.48204506648,0.0014510890177916735,3.5618455194926355,10589838762,true,true,5dff3859ad319cb37301e68cfc6fde00723e3a42110ca93adb44c05e97098167
softmax_whole_stage_atc_trace_v1,softmax_whole_stage_operand_rate_atc,softmax_whole_stage_operand_rate_atc_v2,20260728_operand_rate_v2_final_exp_session03_CAB,exp,fp32,20260728_operand_rate_v2_final_exp_session03_CAB_exp_fp32,1,1,20260728_operand_rate_v2_final_exp_session03_CAB_exp_fp32_b1_r1_control,control,control,20260728_operand_rate_v2_final_exp_session03_CAB_exp_fp32_b1_r1_control_1785247342670,15,184088.732984292,184088.73424646899,184088.73361538048,0.0012621769856195897,3.8134158334869426,10589911845,true,true,5dff3859ad319cb37301e68cfc6fde00723e3a42110ca93adb44c05e97098167
softmax_whole_stage_atc_trace_v1,softmax_whole_stage_operand_rate_atc,softmax_whole_stage_operand_rate_atc_v2,20260728_operand_rate_v2_final_exp_session03_CAB,exp,fp32,20260728_operand_rate_v2_final_exp_session03_CAB_exp_fp32,1,1,20260728_operand_rate_v2_final_exp_session03_CAB_exp_fp32_b1_r1_control,control,control,20260728_operand_rate_v2_final_exp_session03_CAB_exp_fp32_b1_r1_control_1785247342670,16,184088.98733854899,184088.98874460999,184088.98804157949,0.0014060609973967075,4.0678420324984472,10589961972,true,true,5dff3859ad319cb37301e68cfc6fde00723e3a42110ca93adb44c05e97098167
softmax_whole_stage_atc_trace_v1,softmax_whole_stage_operand_rate_atc,softmax_whole_stage_operand_rate_atc_v2,20260728_operand_rate_v2_final_exp_session03_CAB,exp,fp32,20260728_operand_rate_v2_final_exp_session03_CAB_exp_fp32,1,1,20260728_operand_rate_v2_final_exp_session03_CAB_exp_fp32_b1_r1_control,control,control,20260728_operand_rate_v2_final_exp_session03_CAB_exp_fp32_b1_r1_control_1785247342670,17,184089.241880605,184089.246573649,184089.244227127,0.0046930440003052354,4.3240275800053496,10590034913,true,true,5dff3859ad319cb37301e68cfc6fde00723e3a42110ca93adb44c05e97098167
softmax_whole_stage_atc_trace_v1,softmax_whole_stage_operand_rate_atc,softmax_whole_stage_operand_rate_atc_v2,20260728_operand_rate_v2_final_exp_session03_CAB,exp,fp32,20260728_operand_rate_v2_final_exp_session03_CAB_exp_fp32,1,1,20260728_operand_rate_v2_final_exp_session03_CAB_exp_fp32_b1_r1_control,control,control,20260728_operand_rate_v2_final_exp_session03_CAB_exp_fp32_b1_r1_control_1785247342670,18,184089.49668624601,184089.49806772001,184089.497376983,0.0013814739941153675,4.5771774360036943,10590083892,true,true,5dff3859ad319cb37301e68cfc6fde00723e3a42110ca93adb44c05e97098167
softmax_whole_stage_atc_trace_v1,softmax_whole_stage_operand_rate_atc,softmax_whole_stage_operand_rate_atc_v2,20260728_operand_rate_v2_final_exp_session03_CAB,exp,fp32,20260728_operand_rate_v2_final_exp_session03_CAB_exp_fp32,1,1,20260728_operand_rate_v2_final_exp_session03_CAB_exp_fp32_b1_r1_control,control,control,20260728_operand_rate_v2_final_exp_session03_CAB_exp_fp32_b1_r1_control_1785247342670,19,184089.74886594401,184089.751615535,184089.75024073949,0.0027495909889694303,4.8300411925010849,10590155828,true,true,5dff3859ad319cb37301e68cfc6fde00723e3a42110ca93adb44c05e97098167
softmax_whole_stage_atc_trace_v1,softmax_whole_stage_operand_rate_atc,softmax_whole_stage_operand_rate_atc_v2,20260728_operand_rate_v2_final_exp_session03_CAB,exp,fp32,20260728_operand_rate_v2_final_exp_session03_CAB_exp_fp32,1,1,20260728_operand_rate_v2_final_exp_session03_CAB_exp_fp32_b1_r1_control,control,control,20260728_operand_rate_v2_final_exp_session03_CAB_exp_fp32_b1_r1_control_1785247342670,20,184090.00474171501,184090.006149294,184090.0054455045,0.0014075789949856699,5.0852459575107787,10590205013,true,true,5dff3859ad319cb37301e68cfc6fde00723e3a42110ca93adb44c05e97098167
softmax_whole_stage_atc_trace_v1,softmax_whole_stage_operand_rate_atc,softmax_whole_stage_operand_rate_atc_v2,20260728_operand_rate_v2_final_exp_session03_CAB,exp,fp32,20260728_operand_rate_v2_final_exp_session03_CAB_exp_fp32,1,1,20260728_operand_rate_v2_final_exp_session03_CAB_exp_fp32_b1_r1_control,control,control,20260728_operand_rate_v2_final_exp_session03_CAB_exp_fp32_b1_r1_control_1785247342670,21,184090.259225994,184090.26054807199,184090.259887033,0.0013220779947005212,5.33968748600455,10590276405,true,true,5dff3859ad319cb37301e68cfc6fde00723e3a42110ca93adb44c05e97098167
softmax_whole_stage_atc_trace_v1,softmax_whole_stage_operand_rate_atc,softmax_whole_stage_operand_rate_atc_v2,20260728_operand_rate_v2_final_exp_session03_CAB,exp,fp32,20260728_operand_rate_v2_final_exp_session03_CAB_exp_fp32,1,1,20260728_operand_rate_v2_final_exp_session03_CAB_exp_fp32_b1_r1_control,control,control,20260728_operand_rate_v2_final_exp_session03_CAB_exp_fp32_b1_r1_control_1785247342670,22,184090.51360757099,184090.515028405,184090.51431798801,0.0014208340144250542,5.5941184410185087,10590324735,true,true,5dff3859ad319cb37301e68cfc6fde00723e3a42110ca93adb44c05e97098167
softmax_whole_stage_atc_trace_v1,softmax_whole_stage_operand_rate_atc,softmax_whole_stage_operand_rate_atc_v2,20260728_operand_rate_v2_final_exp_session03_CAB,exp,fp32,20260728_operand_rate_v2_final_exp_session03_CAB_exp_fp32,1,1,20260728_operand_rate_v2_final_exp_session03_CAB_exp_fp32_b1_r1_control,control,control,20260728_operand_rate_v2_final_exp_session03_CAB_exp_fp32_b1_r1_control_1785247342670,23,184090.76639609699,184090.767754197,184090.76707514701,0.0013581000093836337,5.846875600022031,10590395237,true,true,5dff3859ad319cb37301e68cfc6fde00723e3a42110ca93adb44c05e97098167
softmax_whole_stage_atc_trace_v1,softmax_whole_stage_operand_rate_atc,softmax_whole_stage_operand_rate_atc_v2,20260728_operand_rate_v2_final_exp_session03_CAB,exp,fp32,20260728_operand_rate_v2_final_exp_session03_CAB_exp_fp32,1,1,20260728_operand_rate_v2_final_exp_session03_CAB_exp_fp32_b1_r1_control,control,control,20260728_operand_rate_v2_final_exp_session03_CAB_exp_fp32_b1_r1_control_1785247342670,24,184091.01788379301,184091.01924290499,184091.018563349,0.0013591119786724448,6.0983638020115905,10590443239,true,true,5dff3859ad319cb37301e68cfc6fde00723e3a42110ca93adb44c05e97098167
softmax_whole_stage_atc_trace_v1,softmax_whole_stage_operand_rate_atc,softmax_whole_stage_operand_rate_atc_v2,20260728_operand_rate_v2_final_exp_session03_CAB,exp,fp32,20260728_operand_rate_v2_final_exp_session03_CAB_exp_fp32,1,1,20260728_operand_rate_v2_final_exp_session03_CAB_exp_fp32_b1_r1_control,control,control,20260728_operand_rate_v2_final_exp_session03_CAB_exp_fp32_b1_r1_control_1785247342670,25,184091.26945729501,184091.27084119699,184091.270149246,0.0013839019811712205,6.3499496990116313,10590514205,true,true,5dff3859ad319cb37301e68cfc6fde00723e3a42110ca93adb44c05e97098167
softmax_whole_stage_atc_trace_v1,softmax_whole_stage_operand_rate_atc,softmax_whole_stage_operand_rate_atc_v2,20260728_operand_rate_v2_final_exp_session03_CAB,exp,fp32,20260728_operand_rate_v2_final_exp_session03_CAB_exp_fp32,1,1,20260728_operand_rate_v2_final_exp_session03_CAB_exp_fp32_b1_r1_control,control,control,20260728_operand_rate_v2_final_exp_session03_CAB_exp_fp32_b1_r1_control_1785247342670,26,184091.520978888,184091.52239972301,184091.52168930549,0.0014208350039552897,6.6014897584973369,10590562843,true,true,5dff3859ad319cb37301e68cfc6fde00723e3a42110ca93adb44c05e97098167
softmax_whole_stage_atc_trace_v1,softmax_whole_stage_operand_rate_atc,softmax_whole_stage_operand_rate_atc_v2,20260728_operand_rate_v2_final_exp_session03_CAB,exp,fp32,20260728_operand_rate_v2_final_exp_session03_CAB_exp_fp32,1,1,20260728_operand_rate_v2_final_exp_session03_CAB_exp_fp32_b1_r1_control,control,control,20260728_operand_rate_v2_final_exp_session03_CAB_exp_fp32_b1_r1_control_1785247342670,27,184091.77373827301,184091.775083927,184091.77441110002,0.0013456539891194552,6.8542115530290175,10590634514,true,true,5dff3859ad319cb37301e68cfc6fde00723e3a42110ca93adb44c05e97098167
softmax_whole_stage_atc_trace_v1,softmax_whole_stage_operand_rate_atc,softmax_whole_stage_operand_rate_atc_v2,20260728_operand_rate_v2_final_exp_session03_CAB,exp,fp32,20260728_operand_rate_v2_final_exp_session03_CAB_exp_fp32,1,1,20260728_operand_rate_v2_final_exp_session03_CAB_exp_fp32_b1_r1_control,control,control,20260728_operand_rate_v2_final_exp_session03_CAB_exp_fp32_b1_r1_control_1785247342670,28,184092.02531491101,184092.026715104,184092.02601500752,0.0014001929957885295,7.1058154605270829,10590683630,true,true,5dff3859ad319cb37301e68cfc6fde00723e3a42110ca93adb44c05e97098167
softmax_whole_stage_atc_trace_v1,softmax_whole_stage_operand_rate_atc,softmax_whole_stage_operand_rate_atc_v2,20260728_operand_rate_v2_final_exp_session03_CAB,exp,fp32,20260728_operand_rate_v2_final_exp_session03_CAB_exp_fp32,1,1,20260728_operand_rate_v2_final_exp_session03_CAB_exp_fp32_b1_r1_control,control,control,20260728_operand_rate_v2_final_exp_session03_CAB_exp_fp32_b1_r1_control_1785247342670,29,184092.27692148401,184092.28102244099,184092.27897196251,0.0041009569831658155,7.3587724155222531,10590755791,true,true,5dff3859ad319cb37301e68cfc6fde00723e3a42110ca93adb44c05e97098167
softmax_whole_stage_atc_trace_v1,softmax_whole_stage_operand_rate_atc,softmax_whole_stage_operand_rate_atc_v2,20260728_operand_rate_v2_final_exp_session03_CAB,exp,fp32,20260728_operand_rate_v2_final_exp_session03_CAB_exp_fp32,1,1,20260728_operand_rate_v2_final_exp_session03_CAB_exp_fp32_b1_r1_control,control,control,20260728_operand_rate_v2_final_exp_session03_CAB_exp_fp32_b1_r1_control_1785247342670,30,184092.53191433099,184092.53333284101,184092.53262358601,0.0014185100153554231,7.6124240390199702,10590804944,true,true,5dff3859ad319cb37301e68cfc6fde00723e3a42110ca93adb44c05e97098167
softmax_whole_stage_atc_trace_v1,softmax_whole_stage_operand_rate_atc,softmax_whole_stage_operand_rate_atc_v2,20260728_operand_rate_v2_final_exp_session03_CAB,exp,fp32,20260728_operand_rate_v2_final_exp_session03_CAB_exp_fp32,1,1,20260728_operand_rate_v2_final_exp_session03_CAB_exp_fp32_b1_r1_control,control,control,20260728_operand_rate_v2_final_exp_session03_CAB_exp_fp32_b1_r1_control_1785247342670,31,184092.784898432,184092.786843768,184092.7858711,0.0019453360000625253,7.865671553008724,10590876995,true,true,5dff3859ad319cb37301e68cfc6fde00723e3a42110ca93adb44c05e97098167
softmax_whole_stage_atc_trace_v1,softmax_whole_stage_operand_rate_atc,softmax_whole_stage_operand_rate_atc_v2,20260728_operand_rate_v2_final_exp_session03_CAB,exp,fp32,20260728_operand_rate_v2_final_exp_session03_CAB_exp_fp32,1,1,20260728_operand_rate_v2_final_exp_session03_CAB_exp_fp32_b1_r1_control,control,control,20260728_operand_rate_v2_final_exp_session03_CAB_exp_fp32_b1_r1_control_1785247342670,32,184093.03712941901,184093.03865833799,184093.0378938785,0.0015289189759641886,8.1176943315076642,10590926262,true,true,5dff3859ad319cb37301e68cfc6fde00723e3a42110ca93adb44c05e97098167
softmax_whole_stage_atc_trace_v1,softmax_whole_stage_operand_rate_atc,softmax_whole_stage_operand_rate_atc_v2,20260728_operand_rate_v2_final_exp_session03_CAB,exp,fp32,20260728_operand_rate_v2_final_exp_session03_CAB_exp_fp32,1,1,20260728_operand_rate_v2_final_exp_session03_CAB_exp_fp32_b1_r1_control,control,control,20260728_operand_rate_v2_final_exp_session03_CAB_exp_fp32_b1_r1_control_1785247342670,33,184093.288978328,184093.29364865299,184093.29131349048,0.0046703249972779304,8.3711139434890356,10590998484,true,true,5dff3859ad319cb37301e68cfc6fde00723e3a42110ca93adb44c05e97098167
softmax_whole_stage_atc_trace_v1,softmax_whole_stage_operand_rate_atc,softmax_whole_stage_operand_rate_atc_v2,20260728_operand_rate_v2_final_exp_session03_CAB,exp,fp32,20260728_operand_rate_v2_final_exp_session03_CAB_exp_fp32,1,1,20260728_operand_rate_v2_final_exp_session03_CAB_exp_fp32_b1_r1_control,control,control,20260728_operand_rate_v2_final_exp_session03_CAB_exp_fp32_b1_r1_control_1785247342670,34,184093.544640621,184093.54603674501,184093.545338683,0.001396124018356204,8.6251391360128764,10591047565,true,true,5dff3859ad319cb37301e68cfc6fde00723e3a42110ca93adb44c05e97098167
softmax_whole_stage_atc_trace_v1,softmax_whole_stage_operand_rate_atc,softmax_whole_stage_operand_rate_atc_v2,20260728_operand_rate_v2_final_exp_session03_CAB,exp,fp32,20260728_operand_rate_v2_final_exp_session03_CAB_exp_fp32,1,1,20260728_operand_rate_v2_final_exp_session03_CAB_exp_fp32_b1_r1_control,control,control,20260728_operand_rate_v2_final_exp_session03_CAB_exp_fp32_b1_r1_control_1785247342670,35,184093.797016558,184093.799579276,184093.798297917,0.0025627180002629757,8.8780983700125944,10591119504,true,true,5dff3859ad319cb37301e68cfc6fde00723e3a42110ca93adb44c05e97098167
softmax_whole_stage_atc_trace_v1,softmax_whole_stage_operand_rate_atc,softmax_whole_stage_operand_rate_atc_v2,20260728_operand_rate_v2_final_exp_session03_CAB,exp,fp32,20260728_operand_rate_v2_final_exp_session03_CAB_exp_fp32,1,1,20260728_operand_rate_v2_final_exp_session03_CAB_exp_fp32_b1_r1_control,control,control,20260728_operand_rate_v2_final_exp_session03_CAB_exp_fp32_b1_r1_control_1785247342670,36,184094.049977666,184094.051457458,184094.050717562,0.0014797920011915267,9.1305180150084198,10591168715,true,true,5dff3859ad319cb37301e68cfc6fde00723e3a42110ca93adb44c05e97098167
softmax_whole_stage_atc_trace_v1,softmax_whole_stage_operand_rate_atc,softmax_whole_stage_operand_rate_atc_v2,20260728_operand_rate_v2_final_exp_session03_CAB,exp,fp32,20260728_operand_rate_v2_final_exp_session03_CAB_exp_fp32,1,1,20260728_operand_rate_v2_final_exp_session03_CAB_exp_fp32_b1_r1_control,control,control,20260728_operand_rate_v2_final_exp_session03_CAB_exp_fp32_b1_r1_control_1785247342670,37,184094.301826574,184094.30624589499,184094.30403623451,0.0044193209905643016,9.3838366875133943,10591240790,true,true,5dff3859ad319cb37301e68cfc6fde00723e3a42110ca93adb44c05e97098167
softmax_whole_stage_atc_trace_v1,softmax_whole_stage_operand_rate_atc,softmax_whole_stage_operand_rate_atc_v2,20260728_operand_rate_v2_final_exp_session03_CAB,exp,fp32,20260728_operand_rate_v2_final_exp_session03_CAB_exp_fp32,1,1,20260728_operand_rate_v2_final_exp_session03_CAB_exp_fp32_b1_r1_control,control,control,20260728_operand_rate_v2_final_exp_session03_CAB_exp_fp32_b1_r1_control_1785247342670,38,184094.55679642799,184094.55815932699,184094.55747787748,0.0013628989981953055,9.637278330483241,10591289843,true,true,5dff3859ad319cb37301e68cfc6fde00723e3a42110ca93adb44c05e97098167
softmax_whole_stage_atc_trace_v1,softmax_whole_stage_operand_rate_atc,softmax_whole_stage_operand_rate_atc_v2,20260728_operand_rate_v2_final_exp_session03_CAB,exp,fp32,20260728_operand_rate_v2_final_exp_session03_CAB_exp_fp32,1,1,20260728_operand_rate_v2_final_exp_session03_CAB_exp_fp32_b1_r1_control,control,control,20260728_operand_rate_v2_final_exp_session03_CAB_exp_fp32_b1_r1_control_1785247342670,39,184094.809677716,184094.812246816,184094.810962266,0.0025691000046208501,9.8907627190055791,10591361750,true,true,5dff3859ad319cb37301e68cfc6fde00723e3a42110ca93adb44c05e97098167
softmax_whole_stage_atc_trace_v1,softmax_whole_stage_operand_rate_atc,softmax_whole_stage_operand_rate_atc_v2,20260728_operand_rate_v2_final_exp_session03_CAB,exp,fp32,20260728_operand_rate_v2_final_exp_session03_CAB_exp_fp32,1,1,20260728_operand_rate_v2_final_exp_session03_CAB_exp_fp32_b1_r1_control,control,control,20260728_operand_rate_v2_final_exp_session03_CAB_exp_fp32_b1_r1_control_1785247342670,40,184095.06269939701,184095.064110209,184095.06340480299,0.0014108119939919561,10.1432052559976,10591410851,true,true,5dff3859ad319cb37301e68cfc6fde00723e3a42110ca93adb44c05e97098167
softmax_whole_stage_atc_trace_v1,softmax_whole_stage_operand_rate_atc,softmax_whole_stage_operand_rate_atc_v2,20260728_operand_rate_v2_final_exp_session03_CAB,exp,fp32,20260728_operand_rate_v2_final_exp_session03_CAB_exp_fp32,1,1,20260728_operand_rate_v2_final_exp_session03_CAB_exp_fp32_b1_r1_control,control,control,20260728_operand_rate_v2_final_exp_session03_CAB_exp_fp32_b1_r1_control_1785247342670,41,184095.314518019,184095.31895861201,184095.31673831551,0.0044405930093489587,10.396538768516621,10591482946,true,true,5dff3859ad319cb37301e68cfc6fde00723e3a42110ca93adb44c05e97098167
softmax_whole_stage_atc_trace_v1,softmax_whole_stage_operand_rate_atc,softmax_whole_stage_operand_rate_atc_v2,20260728_operand_rate_v2_final_exp_session03_CAB,exp,fp32,20260728_operand_rate_v2_final_exp_session03_CAB_exp_fp32,1,1,20260728_operand_rate_v2_final_exp_session03_CAB_exp_fp32_b1_r1_control,control,control,20260728_operand_rate_v2_final_exp_session03_CAB_exp_fp32_b1_r1_control_1785247342670,42,184095.57009897401,184095.57148689401,184095.57079293401,0.0013879199977964163,10.650593387021217,10591531990,true,true,5dff3859ad319cb37301e68cfc6fde00723e3a42110ca93adb44c05e97098167
softmax_whole_stage_atc_trace_v1,softmax_whole_stage_operand_rate_atc,softmax_whole_stage_operand_rate_atc_v2,20260728_operand_rate_v2_final_exp_session03_CAB,exp,fp32,20260728_operand_rate_v2_final_exp_session03_CAB_exp_fp32,1,1,20260728_operand_rate_v2_final_exp_session03_CAB_exp_fp32_b1_r1_control,control,control,20260728_operand_rate_v2_final_exp_session03_CAB_exp_fp32_b1_r1_control_1785247342670,43,184095.822518164,184095.82468543301,184095.8236017985,0.0021672690054401755,10.903402251511579,10591603920,true,true,5dff3859ad319cb37301e68cfc6fde00723e3a42110ca93adb44c05e97098167
softmax_whole_stage_atc_trace_v1,softmax_whole_stage_operand_rate_atc,softmax_whole_stage_operand_rate_atc_v2,20260728_operand_rate_v2_final_exp_session03_CAB,exp,fp32,20260728_operand_rate_v2_final_exp_session03_CAB_exp_fp32,1,1,20260728_operand_rate_v2_final_exp_session03_CAB_exp_fp32_b1_r1_control,control,control,20260728_operand_rate_v2_final_exp_session03_CAB_exp_fp32_b1_r1_control_1785247342670,44,184096.07518288799,184096.07666207201,184096.07592248,0.0014791840221732855,11.155722933006473,10591653169,true,true,5dff3859ad319cb37301e68cfc6fde00723e3a42110ca93adb44c05e97098167
softmax_whole_stage_atc_trace_v1,softmax_whole_stage_operand_rate_atc,softmax_whole_stage_operand_rate_atc_v2,20260728_operand_rate_v2_final_exp_session03_CAB,exp,fp32,20260728_operand_rate_v2_final_exp_session03_CAB_exp_fp32,1,1,20260728_operand_rate_v2_final_exp_session03_CAB_exp_fp32_b1_r1_control,control,control,20260728_operand_rate_v2_final_exp_session03_CAB_exp_fp32_b1_r1_control_1785247342670,45,184096.32721939101,184096.33150368801,184096.32936153951,0.0042842969996854663,11.409161992516601,10591725454,true,true,5dff3859ad319cb37301e68cfc6fde00723e3a42110ca93adb44c05e97098167
softmax_whole_stage_atc_trace_v1,softmax_whole_stage_operand_rate_atc,softmax_whole_stage_operand_rate_atc_v2,20260728_operand_rate_v2_final_exp_session03_CAB,exp,fp32,20260728_operand_rate_v2_final_exp_session03_CAB_exp_fp32,1,1,20260728_operand_rate_v2_final_exp_session03_CAB_exp_fp32_b1_r1_control,control,control,20260728_operand_rate_v2_final_exp_session03_CAB_exp_fp32_b1_r1_control_1785247342670,46,184096.58238504399,184096.583749463,184096.58306725349,0.0013644190039485693,11.662867706501856,10591774651,true,true,5dff3859ad319cb37301e68cfc6fde00723e3a42110ca93adb44c05e97098167
softmax_whole_stage_atc_trace_v1,softmax_whole_stage_operand_rate_atc,softmax_whole_stage_operand_rate_atc_v2,20260728_operand_rate_v2_final_exp_session03_CAB,exp,fp32,20260728_operand_rate_v2_final_exp_session03_CAB_exp_fp32,1,1,20260728_operand_rate_v2_final_exp_session03_CAB_exp_fp32_b1_r1_control,control,control,20260728_operand_rate_v2_final_exp_session03_CAB_exp_fp32_b1_r1_control_1785247342670,47,184096.83565347499,184096.83732197699,184096.83648772599,0.0016685019945725799,11.916288178996183,10591846807,true,true,5dff3859ad319cb37301e68cfc6fde00723e3a42110ca93adb44c05e97098167
softmax_whole_stage_atc_trace_v1,softmax_whole_stage_operand_rate_atc,softmax_whole_stage_operand_rate_atc_v2,20260728_operand_rate_v2_final_exp_session03_CAB,exp,fp32,20260728_operand_rate_v2_final_exp_session03_CAB_exp_fp32,1,1,20260728_operand_rate_v2_final_exp_session03_CAB_exp_fp32_b1_r1_control,control,control,20260728_operand_rate_v2_final_exp_session03_CAB_exp_fp32_b1_r1_control_1785247342670,48,184097.08793622299,184097.089316342,184097.08862628249,0.0013801190070807934,12.168426735501271,10591896178,true,true,5dff3859ad319cb37301e68cfc6fde00723e3a42110ca93adb44c05e97098167
softmax_whole_stage_atc_trace_v1,softmax_whole_stage_operand_rate_atc,softmax_whole_stage_operand_rate_atc_v2,20260728_operand_rate_v2_final_exp_session03_CAB,exp,fp32,20260728_operand_rate_v2_final_exp_session03_CAB_exp_fp32,1,1,20260728_operand_rate_v2_final_exp_session03_CAB_exp_fp32_b1_r1_control,control,control,20260728_operand_rate_v2_final_exp_session03_CAB_exp_fp32_b1_r1_control_1785247342670,49,184097.33987487701,184097.344208808,184097.34204184252,0.004333930992288515,12.421842295530951,10591968556,true,true,5dff3859ad319cb37301e68cfc6fde00723e3a42110ca93adb44c05e97098167
softmax_whole_stage_atc_trace_v1,softmax_whole_stage_operand_rate_atc,softmax_whole_stage_operand_rate_atc_v2,20260728_operand_rate_v2_final_exp_session03_CAB,exp,fp32,20260728_operand_rate_v2_final_exp_session03_CAB_exp_fp32,1,1,20260728_operand_rate_v2_final_exp_session03_CAB_exp_fp32_b1_r1_control,control,control,20260728_operand_rate_v2_final_exp_session03_CAB_exp_fp32_b1_r1_control_1785247342670,50,184097.59525729701,184097.59665281401,184097.5959550555,0.0013955169997643679,12.675755508505972,10592017679,true,true,5dff3859ad319cb37301e68cfc6fde00723e3a42110ca93adb44c05e97098167
softmax_whole_stage_atc_trace_v1,softmax_whole_stage_operand_rate_atc,softmax_whole_stage_operand_rate_atc_v2,20260728_operand_rate_v2_final_exp_session03_CAB,exp,fp32,20260728_operand_rate_v2_final_exp_session03_CAB_exp_fp32,1,1,20260728_operand_rate_v2_final_exp_session03_CAB_exp_fp32_b1_r1_control,control,control,20260728_operand_rate_v2_final_exp_session03_CAB_exp_fp32_b1_r1_control_1785247342670,51,184097.84832932099,184097.849915978,184097.8491226495,0.0015866570174694061,12.928923102503177,10592089727,true,true,5dff3859ad319cb37301e68cfc6fde00723e3a42110ca93adb44c05e97098167
softmax_whole_stage_atc_trace_v1,softmax_whole_stage_operand_rate_atc,softmax_whole_stage_operand_rate_atc_v2,20260728_operand_rate_v2_final_exp_session03_CAB,exp,fp32,20260728_operand_rate_v2_final_exp_session03_CAB_exp_fp32,1,1,20260728_operand_rate_v2_final_exp_session03_CAB_exp_fp32_b1_r1_control,control,control,20260728_operand_rate_v2_final_exp_session03_CAB_exp_fp32_b1_r1_control_1785247342670,52,184098.10054774699,184098.101933539,184098.10124064301,0.0013857920130249113,13.181041096016997,10592139036,true,false,5dff3859ad319cb37301e68cfc6fde00723e3a42110ca93adb44c05e97098167
softmax_whole_stage_atc_trace_v1,softmax_whole_stage_operand_rate_atc,softmax_whole_stage_operand_rate_atc_v2,20260728_operand_rate_v2_final_exp_session03_CAB,exp,fp32,20260728_operand_rate_v2_final_exp_session03_CAB_exp_fp32,1,1,20260728_operand_rate_v2_final_exp_session03_CAB_exp_fp32_b1_r1_control,control,control,20260728_operand_rate_v2_final_exp_session03_CAB_exp_fp32_b1_r1_control_1785247342670,53,184098.35260765001,184098.35675418799,184098.354680919,0.0041465379763394594,13.434481372009031,10592211246,true,false,5dff3859ad319cb37301e68cfc6fde00723e3a42110ca93adb44c05e97098167
softmax_whole_stage_atc_trace_v1,softmax_whole_stage_operand_rate_atc,softmax_whole_stage_operand_rate_atc_v2,20260728_operand_rate_v2_final_exp_session03_CAB,exp,fp32,20260728_operand_rate_v2_final_exp_session03_CAB_exp_fp32,1,1,20260728_operand_rate_v2_final_exp_session03_CAB_exp_fp32_b1_r1_control,control,control,20260728_operand_rate_v2_final_exp_session03_CAB_exp_fp32_b1_r1_control_1785247342670,54,184098.60815983699,184098.609510785,184098.608835311,0.0013509480049833655,13.688635764003266,10592247312,true,false,5dff3859ad319cb37301e68cfc6fde00723e3a42110ca93adb44c05e97098167
softmax_whole_stage_atc_trace_v1,softmax_whole_stage_operand_rate_atc,softmax_whole_stage_operand_rate_atc_v2,20260728_operand_rate_v2_final_exp_session03_CAB,exp,fp32,20260728_operand_rate_v2_final_exp_session03_CAB_exp_fp32,1,1,20260728_operand_rate_v2_final_exp_session03_CAB_exp_fp32_b1_r1_control,control,control,20260728_operand_rate_v2_final_exp_session03_CAB_exp_fp32_b1_r1_control_1785247342670,55,184098.60951635599,184098.61064202699,184098.61007919151,0.001125670998590067,13.689879644516623,10592247312,false,false,5dff3859ad319cb37301e68cfc6fde00723e3a42110ca93adb44c05e97098167
softmax_whole_stage_atc_trace_v1,softmax_whole_stage_operand_rate_atc,softmax_whole_stage_operand_rate_atc_v2,20260728_operand_rate_v2_final_exp_session03_CAB,exp,fp32,20260728_operand_rate_v2_final_exp_session03_CAB_exp_fp32,1,2,20260728_operand_rate_v2_final_exp_session03_CAB_exp_fp32_b1_r2_treatment,treatment,treatment,20260728_operand_rate_v2_final_exp_session03_CAB_exp_fp32_b1_r2_treatment_1785247356940,0,184099.63517414001,184099.63635694,184099.63576554001,0.0011827999842353165,0.00060882300022058189,10592381184,false,false,5dff3859ad319cb37301e68cfc6fde00723e3a42110ca93adb44c05e97098167
softmax_whole_stage_atc_trace_v1,softmax_whole_stage_operand_rate_atc,softmax_whole_stage_operand_rate_atc_v2,20260728_operand_rate_v2_final_exp_session03_CAB,exp,fp32,20260728_operand_rate_v2_final_exp_session03_CAB_exp_fp32,1,2,20260728_operand_rate_v2_final_exp_session03_CAB_exp_fp32_b1_r2_treatment,treatment,treatment,20260728_operand_rate_v2_final_exp_session03_CAB_exp_fp32_b1_r2_treatment_1785247356940,1,184099.88976525699,184099.89119582099,184099.890480539,0.0014305640070233494,0.2553238219988998,10592442026,true,false,5dff3859ad319cb37301e68cfc6fde00723e3a42110ca93adb44c05e97098167
softmax_whole_stage_atc_trace_v1,softmax_whole_stage_operand_rate_atc,softmax_whole_stage_operand_rate_atc_v2,20260728_operand_rate_v2_final_exp_session03_CAB,exp,fp32,20260728_operand_rate_v2_final_exp_session03_CAB_exp_fp32,1,2,20260728_operand_rate_v2_final_exp_session03_CAB_exp_fp32_b1_r2_treatment,treatment,treatment,20260728_operand_rate_v2_final_exp_session03_CAB_exp_fp32_b1_r2_treatment_1785247356940,2,184100.14455328899,184100.14596896301,184100.14526112599,0.0014156740217003971,0.51010440898244269,10592487192,true,false,5dff3859ad319cb37301e68cfc6fde00723e3a42110ca93adb44c05e97098167
softmax_whole_stage_atc_trace_v1,softmax_whole_stage_operand_rate_atc,softmax_whole_stage_operand_rate_atc_v2,20260728_operand_rate_v2_final_exp_session03_CAB,exp,fp32,20260728_operand_rate_v2_final_exp_session03_CAB_exp_fp32,1,2,20260728_operand_rate_v2_final_exp_session03_CAB_exp_fp32_b1_r2_treatment,treatment,treatment,20260728_operand_rate_v2_final_exp_session03_CAB_exp_fp32_b1_r2_treatment_1785247356940,3,184100.39946354899,184100.401872533,184100.40066804099,0.0024089840007945895,0.76551132398890331,10592559849,true,true,5dff3859ad319cb37301e68cfc6fde00723e3a42110ca93adb44c05e97098167
softmax_whole_stage_atc_trace_v1,softmax_whole_stage_operand_rate_atc,softmax_whole_stage_operand_rate_atc_v2,20260728_operand_rate_v2_final_exp_session03_CAB,exp,fp32,20260728_operand_rate_v2_final_exp_session03_CAB_exp_fp32,1,2,20260728_operand_rate_v2_final_exp_session03_CAB_exp_fp32_b1_r2_treatment,treatment,treatment,20260728_operand_rate_v2_final_exp_session03_CAB_exp_fp32_b1_r2_treatment_1785247356940,4,184100.65571091301,184100.65721800001,184100.65646445652,0.0015070869994815439,1.0213077395164873,10592609239,true,true,5dff3859ad319cb37301e68cfc6fde00723e3a42110ca93adb44c05e97098167
softmax_whole_stage_atc_trace_v1,softmax_whole_stage_operand_rate_atc,softmax_whole_stage_operand_rate_atc_v2,20260728_operand_rate_v2_final_exp_session03_CAB,exp,fp32,20260728_operand_rate_v2_final_exp_session03_CAB_exp_fp32,1,2,20260728_operand_rate_v2_final_exp_session03_CAB_exp_fp32_b1_r2_treatment,treatment,treatment,20260728_operand_rate_v2_final_exp_session03_CAB_exp_fp32_b1_r2_treatment_1785247356940,5,184100.91104268,184100.91239451201,184100.91171859601,0.0013518320047296584,1.276561878999928,10592681057,true,true,5dff3859ad319cb37301e68cfc6fde00723e3a42110ca93adb44c05e97098167
softmax_whole_stage_atc_trace_v1,softmax_whole_stage_operand_rate_atc,softmax_whole_stage_operand_rate_atc_v2,20260728_operand_rate_v2_final_exp_session03_CAB,exp,fp32,20260728_operand_rate_v2_final_exp_session03_CAB_exp_fp32,1,2,20260728_operand_rate_v2_final_exp_session03_CAB_exp_fp32_b1_r2_treatment,treatment,treatment,20260728_operand_rate_v2_final_exp_session03_CAB_exp_fp32_b1_r2_treatment_1785247356940,6,184101.166158918,184101.16753906099,184101.16684898949,0.0013801429886370897,1.5316922724887263,10592729749,true,true,5dff3859ad319cb37301e68cfc6fde00723e3a42110ca93adb44c05e97098167
softmax_whole_stage_atc_trace_v1,softmax_whole_stage_operand_rate_atc,softmax_whole_stage_operand_rate_atc_v2,20260728_operand_rate_v2_final_exp_session03_CAB,exp,fp32,20260728_operand_rate_v2_final_exp_session03_CAB_exp_fp32,1,2,20260728_operand_rate_v2_final_exp_session03_CAB_exp_fp32_b1_r2_treatment,treatment,treatment,20260728_operand_rate_v2_final_exp_session03_CAB_exp_fp32_b1_r2_treatment_1785247356940,7,184101.42135085401,184101.42276428099,184101.42205756751,0.0014134269731584936,1.7869008505076636,10592800817,true,true,5dff3859ad319cb37301e68cfc6fde00723e3a42110ca93adb44c05e97098167
softmax_whole_stage_atc_trace_v1,softmax_whole_stage_operand_rate_atc,softmax_whole_stage_operand_rate_atc_v2,20260728_operand_rate_v2_final_exp_session03_CAB,exp,fp32,20260728_operand_rate_v2_final_exp_session03_CAB_exp_fp32,1,2,20260728_operand_rate_v2_final_exp_session03_CAB_exp_fp32_b1_r2_treatment,treatment,treatment,20260728_operand_rate_v2_final_exp_session03_CAB_exp_fp32_b1_r2_treatment_1785247356940,8,184101.67661585199,184101.68003338299,184101.6783246175,0.0034175309992861003,2.0431679004977923,10592848694,true,true,5dff3859ad319cb37301e68cfc6fde00723e3a42110ca93adb44c05e97098167
softmax_whole_stage_atc_trace_v1,softmax_whole_stage_operand_rate_atc,softmax_whole_stage_operand_rate_atc_v2,20260728_operand_rate_v2_final_exp_session03_CAB,exp,fp32,20260728_operand_rate_v2_final_exp_session03_CAB_exp_fp32,1,2,20260728_operand_rate_v2_final_exp_session03_CAB_exp_fp32_b1_r2_treatment,treatment,treatment,20260728_operand_rate_v2_final_exp_session03_CAB_exp_fp32_b1_r2_treatment_1785247356940,9,184101.93387308199,184101.93527169299,184101.93457238749,0.0013986109988763928,2.299415670480812,10592923445,true,true,5dff3859ad319cb37301e68cfc6fde00723e3a42110ca93adb44c05e97098167
softmax_whole_stage_atc_trace_v1,softmax_whole_stage_operand_rate_atc,softmax_whole_stage_operand_rate_atc_v2,20260728_operand_rate_v2_final_exp_session03_CAB,exp,fp32,20260728_operand_rate_v2_final_exp_session03_CAB_exp_fp32,1,2,20260728_operand_rate_v2_final_exp_session03_CAB_exp_fp32_b1_r2_treatment,treatment,treatment,20260728_operand_rate_v2_final_exp_session03_CAB_exp_fp32_b1_r2_treatment_1785247356940,10,184102.189115552,184102.19052492001,184102.189820236,0.0014093680074438453,2.5546635189966764,10592970009,true,true,5dff3859ad319cb37301e68cfc6fde00723e3a42110ca93adb44c05e97098167
softmax_whole_stage_atc_trace_v1,softmax_whole_stage_operand_rate_atc,softmax_whole_stage_operand_rate_atc_v2,20260728_operand_rate_v2_final_exp_session03_CAB,exp,fp32,20260728_operand_rate_v2_final_exp_session03_CAB_exp_fp32,1,2,20260728_operand_rate_v2_final_exp_session03_CAB_exp_fp32_b1_r2_treatment,treatment,treatment,20260728_operand_rate_v2_final_exp_session03_CAB_exp_fp32_b1_r2_treatment_1785247356940,11,184102.44435132499,184102.44572101699,184102.445036171,0.0013696920068468899,2.8098794539982919,10593043942,true,true,5dff3859ad319cb37301e68cfc6fde00723e3a42110ca93adb44c05e97098167
softmax_whole_stage_atc_trace_v1,softmax_whole_stage_operand_rate_atc,softmax_whole_stage_operand_rate_atc_v2,20260728_operand_rate_v2_final_exp_session03_CAB,exp,fp32,20260728_operand_rate_v2_final_exp_session03_CAB_exp_fp32,1,2,20260728_operand_rate_v2_final_exp_session03_CAB_exp_fp32_b1_r2_treatment,treatment,treatment,20260728_operand_rate_v2_final_exp_session03_CAB_exp_fp32_b1_r2_treatment_1785247356940,12,184102.699581416,184102.70101858801,184102.700300002,0.0014371720026247203,3.065143284999067,10593089617,true,true,5dff3859ad319cb37301e68cfc6fde00723e3a42110ca93adb44c05e97098167
softmax_whole_stage_atc_trace_v1,softmax_whole_stage_operand_rate_atc,softmax_whole_stage_operand_rate_atc_v2,20260728_operand_rate_v2_final_exp_session03_CAB,exp,fp32,20260728_operand_rate_v2_final_exp_session03_CAB_exp_fp32,1,2,20260728_operand_rate_v2_final_exp_session03_CAB_exp_fp32_b1_r2_treatment,treatment,treatment,20260728_operand_rate_v2_final_exp_session03_CAB_exp_fp32_b1_r2_treatment_1785247356940,13,184102.95401057499,184102.95838388699,184102.95619723099,0.0043733119964599609,3.321040513983462,10593162671,true,true,5dff3859ad319cb37301e68cfc6fde00723e3a42110ca93adb44c05e97098167
softmax_whole_stage_atc_trace_v1,softmax_whole_stage_operand_rate_atc,softmax_whole_stage_operand_rate_atc_v2,20260728_operand_rate_v2_final_exp_session03_CAB,exp,fp32,20260728_operand_rate_v2_final_exp_session03_CAB_exp_fp32,1,2,20260728_operand_rate_v2_final_exp_session03_CAB_exp_fp32_b1_r2_treatment,treatment,treatment,20260728_operand_rate_v2_final_exp_session03_CAB_exp_fp32_b1_r2_treatment_1785247356940,14,184103.21221638101,184103.21359155199,184103.21290396649,0.0013751709775533527,3.5777472494810354,10593212077,true,true,5dff3859ad319cb37301e68cfc6fde00723e3a42110ca93adb44c05e97098167
softmax_whole_stage_atc_trace_v1,softmax_whole_stage_operand_rate_atc,softmax_whole_stage_operand_rate_atc_v2,20260728_operand_rate_v2_final_exp_session03_CAB,exp,fp32,20260728_operand_rate_v2_final_exp_session03_CAB_exp_fp32,1,2,20260728_operand_rate_v2_final_exp_session03_CAB_exp_fp32_b1_r2_treatment,treatment,treatment,20260728_operand_rate_v2_final_exp_session03_CAB_exp_fp32_b1_r2_treatment_1785247356940,15,184103.467452763,184103.470094427,184103.468773595,0.0026416640030220151,3.8336168779933359,10593283773,true,true,5dff3859ad319cb37301e68cfc6fde00723e3a42110ca93adb44c05e97098167
softmax_whole_stage_atc_trace_v1,softmax_whole_stage_operand_rate_atc,softmax_whole_stage_operand_rate_atc_v2,20260728_operand_rate_v2_final_exp_session03_CAB,exp,fp32,20260728_operand_rate_v2_final_exp_session03_CAB_exp_fp32,1,2,20260728_operand_rate_v2_final_exp_session03_CAB_exp_fp32_b1_r2_treatment,treatment,treatment,20260728_operand_rate_v2_final_exp_session03_CAB_exp_fp32_b1_r2_treatment_1785247356940,16,184103.72395675399,184103.72926676899,184103.72661176149,0.0053100149962119758,4.0914550444867928,10593357463,true,true,5dff3859ad319cb37301e68cfc6fde00723e3a42110ca93adb44c05e97098167
softmax_whole_stage_atc_trace_v1,softmax_whole_stage_operand_rate_atc,softmax_whole_stage_operand_rate_atc_v2,20260728_operand_rate_v2_final_exp_session03_CAB,exp,fp32,20260728_operand_rate_v2_final_exp_session03_CAB_exp_fp32,1,2,20260728_operand_rate_v2_final_exp_session03_CAB_exp_fp32_b1_r2_treatment,treatment,treatment,20260728_operand_rate_v2_final_exp_session03_CAB_exp_fp32_b1_r2_treatment_1785247356940,17,184103.980074739,184103.98173150001,184103.98090311949,0.0016567610146012157,4.3457464024832007,10593406908,true,true,5dff3859ad319cb37301e68cfc6fde00723e3a42110ca93adb44c05e97098167
softmax_whole_stage_atc_trace_v1,softmax_whole_stage_operand_rate_atc,softmax_whole_stage_operand_rate_atc_v2,20260728_operand_rate_v2_final_exp_session03_CAB,exp,fp32,20260728_operand_rate_v2_final_exp_session03_CAB_exp_fp32,1,2,20260728_operand_rate_v2_final_exp_session03_CAB_exp_fp32_b1_r2_treatment,treatment,treatment,20260728_operand_rate_v2_final_exp_session03_CAB_exp_fp32_b1_r2_treatment_1785247356940,18,184104.232969109,184104.23701608201,184104.23499259551,0.0040469730156473815,4.5998358785000164,10593479414,true,true,5dff3859ad319cb37301e68cfc6fde00723e3a42110ca93adb44c05e97098167
softmax_whole_stage_atc_trace_v1,softmax_whole_stage_operand_rate_atc,softmax_whole_stage_operand_rate_atc_v2,20260728_operand_rate_v2_final_exp_session03_CAB,exp,fp32,20260728_operand_rate_v2_final_exp_session03_CAB_exp_fp32,1,2,20260728_operand_rate_v2_final_exp_session03_CAB_exp_fp32_b1_r2_treatment,treatment,treatment,20260728_operand_rate_v2_final_exp_session03_CAB_exp_fp32_b1_r2_treatment_1785247356940,19,184104.49088064101,184104.492406501,184104.491643571,0.0015258599887602031,4.8564868539979216,10593528820,true,true,5dff3859ad319cb37301e68cfc6fde00723e3a42110ca93adb44c05e97098167
softmax_whole_stage_atc_trace_v1,softmax_whole_stage_operand_rate_atc,softmax_whole_stage_operand_rate_atc_v2,20260728_operand_rate_v2_final_exp_session03_CAB,exp,fp32,20260728_operand_rate_v2_final_exp_session03_CAB_exp_fp32,1,2,20260728_operand_rate_v2_final_exp_session03_CAB_exp_fp32_b1_r2_treatment,treatment,treatment,20260728_operand_rate_v2_final_exp_session03_CAB_exp_fp32_b1_r2_treatment_1785247356940,20,184104.746245388,184104.747593262,184104.746919325,0.0013478740002028644,5.1117626079940237,10593600565,true,true,5dff3859ad319cb37301e68cfc6fde00723e3a42110ca93adb44c05e97098167
softmax_whole_stage_atc_trace_v1,softmax_whole_stage_operand_rate_atc,softmax_whole_stage_operand_rate_atc_v2,20260728_operand_rate_v2_final_exp_session03_CAB,exp,fp32,20260728_operand_rate_v2_final_exp_session03_CAB_exp_fp32,1,2,20260728_operand_rate_v2_final_exp_session03_CAB_exp_fp32_b1_r2_treatment,treatment,treatment,20260728_operand_rate_v2_final_exp_session03_CAB_exp_fp32_b1_r2_treatment_1785247356940,21,184105.00140749101,184105.00281330699,184105.00211039901,0.0014058159722480923,5.3669536820088979,10593649143,true,true,5dff3859ad319cb37301e68cfc6fde00723e3a42110ca93adb44c05e97098167
softmax_whole_stage_atc_trace_v1,softmax_whole_stage_operand_rate_atc,softmax_whole_stage_operand_rate_atc_v2,20260728_operand_rate_v2_final_exp_session03_CAB,exp,fp32,20260728_operand_rate_v2_final_exp_session03_CAB_exp_fp32,1,2,20260728_operand_rate_v2_final_exp_session03_CAB_exp_fp32_b1_r2_treatment,treatment,treatment,20260728_operand_rate_v2_final_exp_session03_CAB_exp_fp32_b1_r2_treatment_1785247356940,22,184105.25667340201,184105.258152989,184105.2574131955,0.0014795869938097894,5.622256478498457,10593720103,true,true,5dff3859ad319cb37301e68cfc6fde00723e3a42110ca93adb44c05e97098167
softmax_whole_stage_atc_trace_v1,softmax_whole_stage_operand_rate_atc,softmax_whole_stage_operand_rate_atc_v2,20260728_operand_rate_v2_final_exp_session03_CAB,exp,fp32,20260728_operand_rate_v2_final_exp_session03_CAB_exp_fp32,1,2,20260728_operand_rate_v2_final_exp_session03_CAB_exp_fp32_b1_r2_treatment,treatment,treatment,20260728_operand_rate_v2_final_exp_session03_CAB_exp_fp32_b1_r2_treatment_1785247356940,23,184105.51204271501,184105.51463973001,184105.51334122251,0.0025970150018110871,5.8781845055054873,10593767814,true,true,5dff3859ad319cb37301e68cfc6fde00723e3a42110ca93adb44c05e97098167
softmax_whole_stage_atc_trace_v1,softmax_whole_stage_operand_rate_atc,softmax_whole_stage_operand_rate_atc_v2,20260728_operand_rate_v2_final_exp_session03_CAB,exp,fp32,20260728_operand_rate_v2_final_exp_session03_CAB_exp_fp32,1,2,20260728_operand_rate_v2_final_exp_session03_CAB_exp_fp32_b1_r2_treatment,treatment,treatment,20260728_operand_rate_v2_final_exp_session03_CAB_exp_fp32_b1_r2_treatment_1785247356940,24,184105.76761781599,184105.76903388099,184105.7683258485,0.0014160650025587529,6.1331691314990167,10593842595,true,true,5dff3859ad319cb37301e68cfc6fde00723e3a42110ca93adb44c05e97098167
softmax_whole_stage_atc_trace_v1,softmax_whole_stage_operand_rate_atc,softmax_whole_stage_operand_rate_atc_v2,20260728_operand_rate_v2_final_exp_session03_CAB,exp,fp32,20260728_operand_rate_v2_final_exp_session03_CAB_exp_fp32,1,2,20260728_operand_rate_v2_final_exp_session03_CAB_exp_fp32_b1_r2_treatment,treatment,treatment,20260728_operand_rate_v2_final_exp_session03_CAB_exp_fp32_b1_r2_treatment_1785247356940,25,184106.0195354,184106.021930077,184106.02073273849,0.0023946769942995161,6.3855760214792099,10593889357,true,true,5dff3859ad319cb37301e68cfc6fde00723e3a42110ca93adb44c05e97098167
softmax_whole_stage_atc_trace_v1,softmax_whole_stage_operand_rate_atc,softmax_whole_stage_operand_rate_atc_v2,20260728_operand_rate_v2_final_exp_session03_CAB,exp,fp32,20260728_operand_rate_v2_final_exp_session03_CAB_exp_fp32,1,2,20260728_operand_rate_v2_final_exp_session03_CAB_exp_fp32_b1_r2_treatment,treatment,treatment,20260728_operand_rate_v2_final_exp_session03_CAB_exp_fp32_b1_r2_treatment_1785247356940,26,184106.275715995,184106.27708406301,184106.27640002902,0.0013680680131074041,6.6412433120131027,10593964083,true,true,5dff3859ad319cb37301e68cfc6fde00723e3a42110ca93adb44c05e97098167
softmax_whole_stage_atc_trace_v1,softmax_whole_stage_operand_rate_atc,softmax_whole_stage_operand_rate_atc_v2,20260728_operand_rate_v2_final_exp_session03_CAB,exp,fp32,20260728_operand_rate_v2_final_exp_session03_CAB_exp_fp32,1,2,20260728_operand_rate_v2_final_exp_session03_CAB_exp_fp32_b1_r2_treatment,treatment,treatment,20260728_operand_rate_v2_final_exp_session03_CAB_exp_fp32_b1_r2_treatment_1785247356940,27,184106.530960292,184106.53237595101,184106.53166812152,0.0014156590041238815,6.8965114045131486,10594010626,true,true,5dff3859ad319cb37301e68cfc6fde00723e3a42110ca93adb44c05e97098167
softmax_whole_stage_atc_trace_v1,softmax_whole_stage_operand_rate_atc,softmax_whole_stage_operand_rate_atc_v2,20260728_operand_rate_v2_final_exp_session03_CAB,exp,fp32,20260728_operand_rate_v2_final_exp_session03_CAB_exp_fp32,1,2,20260728_operand_rate_v2_final_exp_session03_CAB_exp_fp32_b1_r2_treatment,treatment,treatment,20260728_operand_rate_v2_final_exp_session03_CAB_exp_fp32_b1_r2_treatment_1785247356940,28,184106.78619768901,184106.78755763901,184106.78687766401,0.001359949994366616,7.1517209470039234,10594084602,true,true,5dff3859ad319cb37301e68cfc6fde00723e3a42110ca93adb44c05e97098167
softmax_whole_stage_atc_trace_v1,softmax_whole_stage_operand_rate_atc,softmax_whole_stage_operand_rate_atc_v2,20260728_operand_rate_v2_final_exp_session03_CAB,exp,fp32,20260728_operand_rate_v2_final_exp_session03_CAB_exp_fp32,1,2,20260728_operand_rate_v2_final_exp_session03_CAB_exp_fp32_b1_r2_treatment,treatment,treatment,20260728_operand_rate_v2_final_exp_session03_CAB_exp_fp32_b1_r2_treatment_1785247356940,29,184107.04141945901,184107.04287388001,184107.04214666953,0.0014544209989253432,7.4069899525202345,10594130263,true,true,5dff3859ad319cb37301e68cfc6fde00723e3a42110ca93adb44c05e97098167
softmax_whole_stage_atc_trace_v1,softmax_whole_stage_operand_rate_atc,softmax_whole_stage_operand_rate_atc_v2,20260728_operand_rate_v2_final_exp_session03_CAB,exp,fp32,20260728_operand_rate_v2_final_exp_session03_CAB_exp_fp32,1,2,20260728_operand_rate_v2_final_exp_session03_CAB_exp_fp32_b1_r2_treatment,treatment,treatment,20260728_operand_rate_v2_final_exp_session03_CAB_exp_fp32_b1_r2_treatment_1785247356940,30,184107.296674207,184107.29994683401,184107.29831052051,0.0032726270146667957,7.6631538034998812,10594203386,true,true,5dff3859ad319cb37301e68cfc6fde00723e3a42110ca93adb44c05e97098167
softmax_whole_stage_atc_trace_v1,softmax_whole_stage_operand_rate_atc,softmax_whole_stage_operand_rate_atc_v2,20260728_operand_rate_v2_final_exp_session03_CAB,exp,fp32,20260728_operand_rate_v2_final_exp_session03_CAB_exp_fp32,1,2,20260728_operand_rate_v2_final_exp_session03_CAB_exp_fp32_b1_r2_treatment,treatment,treatment,20260728_operand_rate_v2_final_exp_session03_CAB_exp_fp32_b1_r2_treatment_1785247356940,31,184107.553780546,184107.55510335701,184107.55444195151,0.0013228110037744045,7.9192852345004212,10594252875,true,true,5dff3859ad319cb37301e68cfc6fde00723e3a42110ca93adb44c05e97098167
softmax_whole_stage_atc_trace_v1,softmax_whole_stage_operand_rate_atc,softmax_whole_stage_operand_rate_atc_v2,20260728_operand_rate_v2_final_exp_session03_CAB,exp,fp32,20260728_operand_rate_v2_final_exp_session03_CAB_exp_fp32,1,2,20260728_operand_rate_v2_final_exp_session03_CAB_exp_fp32_b1_r2_treatment,treatment,treatment,20260728_operand_rate_v2_final_exp_session03_CAB_exp_fp32_b1_r2_treatment_1785247356940,32,184107.808966699,184107.81033009899,184107.80964839901,0.0013633999915327877,8.1744916820025537,10594324668,true,true,5dff3859ad319cb37301e68cfc6fde00723e3a42110ca93adb44c05e97098167
softmax_whole_stage_atc_trace_v1,softmax_whole_stage_operand_rate_atc,softmax_whole_stage_operand_rate_atc_v2,20260728_operand_rate_v2_final_exp_session03_CAB,exp,fp32,20260728_operand_rate_v2_final_exp_session03_CAB_exp_fp32,1,2,20260728_operand_rate_v2_final_exp_session03_CAB_exp_fp32_b1_r2_treatment,treatment,treatment,20260728_operand_rate_v2_final_exp_session03_CAB_exp_fp32_b1_r2_treatment_1785247356940,33,184108.06087393299,184108.062208007,184108.06154097,0.0013340740115381777,8.4263842529908288,10594373409,true,true,5dff3859ad319cb37301e68cfc6fde00723e3a42110ca93adb44c05e97098167
softmax_whole_stage_atc_trace_v1,softmax_whole_stage_operand_rate_atc,softmax_whole_stage_operand_rate_atc_v2,20260728_operand_rate_v2_final_exp_session03_CAB,exp,fp32,20260728_operand_rate_v2_final_exp_session03_CAB_exp_fp32,1,2,20260728_operand_rate_v2_final_exp_session03_CAB_exp_fp32_b1_r2_treatment,treatment,treatment,20260728_operand_rate_v2_final_exp_session03_CAB_exp_fp32_b1_r2_treatment_1785247356940,34,184108.31466137301,184108.31623187999,184108.31544662651,0.0015705069818068296,8.6802899095055182,10594445350,true,true,5dff3859ad319cb37301e68cfc6fde00723e3a42110ca93adb44c05e97098167
softmax_whole_stage_atc_trace_v1,softmax_whole_stage_operand_rate_atc,softmax_whole_stage_operand_rate_atc_v2,20260728_operand_rate_v2_final_exp_session03_CAB,exp,fp32,20260728_operand_rate_v2_final_exp_session03_CAB_exp_fp32,1,2,20260728_operand_rate_v2_final_exp_session03_CAB_exp_fp32_b1_r2_treatment,treatment,treatment,20260728_operand_rate_v2_final_exp_session03_CAB_exp_fp32_b1_r2_treatment_1785247356940,35,184108.57004041501,184108.57148607599,184108.57076324552,0.00144566097878851,8.9356065285101067,10594494415,true,true,5dff3859ad319cb37301e68cfc6fde00723e3a42110ca93adb44c05e97098167
softmax_whole_stage_atc_trace_v1,softmax_whole_stage_operand_rate_atc,softmax_whole_stage_operand_rate_atc_v2,20260728_operand_rate_v2_final_exp_session03_CAB,exp,fp32,20260728_operand_rate_v2_final_exp_session03_CAB_exp_fp32,1,2,20260728_operand_rate_v2_final_exp_session03_CAB_exp_fp32_b1_r2_treatment,treatment,treatment,20260728_operand_rate_v2_final_exp_session03_CAB_exp_fp32_b1_r2_treatment_1785247356940,36,184108.825267871,184108.82663400099,184108.82595093601,0.0013661299890372902,9.1907942190009635,10594565883,true,true,5dff3859ad319cb37301e68cfc6fde00723e3a42110ca93adb44c05e97098167
softmax_whole_stage_atc_trace_v1,softmax_whole_stage_operand_rate_atc,softmax_whole_stage_operand_rate_atc_v2,20260728_operand_rate_v2_final_exp_session03_CAB,exp,fp32,20260728_operand_rate_v2_final_exp_session03_CAB_exp_fp32,1,2,20260728_operand_rate_v2_final_exp_session03_CAB_exp_fp32_b1_r2_treatment,treatment,treatment,20260728_operand_rate_v2_final_exp_session03_CAB_exp_fp32_b1_r2_treatment_1785247356940,37,184109.07930327399,184109.08067275101,184109.0799880125,0.001369477016851306,9.4448312954918947,10594614261,true,true,5dff3859ad319cb37301e68cfc6fde00723e3a42110ca93adb44c05e97098167
softmax_whole_stage_atc_trace_v1,softmax_whole_stage_operand_rate_atc,softmax_whole_stage_operand_rate_atc_v2,20260728_operand_rate_v2_final_exp_session03_CAB,exp,fp32,20260728_operand_rate_v2_final_exp_session03_CAB_exp_fp32,1,2,20260728_operand_rate_v2_final_exp_session03_CAB_exp_fp32_b1_r2_treatment,treatment,treatment,20260728_operand_rate_v2_final_exp_session03_CAB_exp_fp32_b1_r2_treatment_1785247356940,38,184109.33443304,184109.33586794799,184109.33515049401,0.0014349079865496606,9.6999937770015094,10594685232,true,true,5dff3859ad319cb37301e68cfc6fde00723e3a42110ca93adb44c05e97098167
softmax_whole_stage_atc_trace_v1,softmax_whole_stage_operand_rate_atc,softmax_whole_stage_operand_rate_atc_v2,20260728_operand_rate_v2_final_exp_session03_CAB,exp,fp32,20260728_operand_rate_v2_final_exp_session03_CAB_exp_fp32,1,2,20260728_operand_rate_v2_final_exp_session03_CAB_exp_fp32_b1_r2_treatment,treatment,treatment,20260728_operand_rate_v2_final_exp_session03_CAB_exp_fp32_b1_r2_treatment_1785247356940,39,184109.589649236,184109.59249308301,184109.59107115952,0.0028438470035325736,9.9559144425147679,10594733024,true,true,5dff3859ad319cb37301e68cfc6fde00723e3a42110ca93adb44c05e97098167
softmax_whole_stage_atc_trace_v1,softmax_whole_stage_operand_rate_atc,softmax_whole_stage_operand_rate_atc_v2,20260728_operand_rate_v2_final_exp_session03_CAB,exp,fp32,20260728_operand_rate_v2_final_exp_session03_CAB_exp_fp32,1,2,20260728_operand_rate_v2_final_exp_session03_CAB_exp_fp32_b1_r2_treatment,treatment,treatment,20260728_operand_rate_v2_final_exp_session03_CAB_exp_fp32_b1_r2_treatment_1785247356940,40,184109.844331742,184109.845759752,184109.845045747,0.0014280100003816187,10.209889029996702,10594807941,true,true,5dff3859ad319cb37301e68cfc6fde00723e3a42110ca93adb44c05e97098167
softmax_whole_stage_atc_trace_v1,softmax_whole_stage_operand_rate_atc,softmax_whole_stage_operand_rate_atc_v2,20260728_operand_rate_v2_final_exp_session03_CAB,exp,fp32,20260728_operand_rate_v2_final_exp_session03_CAB_exp_fp32,1,2,20260728_operand_rate_v2_final_exp_session03_CAB_exp_fp32_b1_r2_treatment,treatment,treatment,20260728_operand_rate_v2_final_exp_session03_CAB_exp_fp32_b1_r2_treatment_1785247356940,41,184110.095943778,184110.09910869101,184110.09752623452,0.0031649130105506629,10.462369517510524,10594854983,true,true,5dff3859ad319cb37301e68cfc6fde00723e3a42110ca93adb44c05e97098167
softmax_whole_stage_atc_trace_v1,softmax_whole_stage_operand_rate_atc,softmax_whole_stage_operand_rate_atc_v2,20260728_operand_rate_v2_final_exp_session03_CAB,exp,fp32,20260728_operand_rate_v2_final_exp_session03_CAB_exp_fp32,1,2,20260728_operand_rate_v2_final_exp_session03_CAB_exp_fp32_b1_r2_treatment,treatment,treatment,20260728_operand_rate_v2_final_exp_session03_CAB_exp_fp32_b1_r2_treatment_1785247356940,42,184110.35275536499,184110.35420173599,184110.3534785505,0.0014463709958363324,10.718321833497612,10594929871,true,true,5dff3859ad319cb37301e68cfc6fde00723e3a42110ca93adb44c05e97098167
softmax_whole_stage_atc_trace_v1,softmax_whole_stage_operand_rate_atc,softmax_whole_stage_operand_rate_atc_v2,20260728_operand_rate_v2_final_exp_session03_CAB,exp,fp32,20260728_operand_rate_v2_final_exp_session03_CAB_exp_fp32,1,2,20260728_operand_rate_v2_final_exp_session03_CAB_exp_fp32_b1_r2_treatment,treatment,treatment,20260728_operand_rate_v2_final_exp_session03_CAB_exp_fp32_b1_r2_treatment_1785247356940,43,184110.607995603,184110.609394397,184110.608695,0.0013987940037623048,10.973538282996742,10594976569,true,true,5dff3859ad319cb37301e68cfc6fde00723e3a42110ca93adb44c05e97098167
softmax_whole_stage_atc_trace_v1,softmax_whole_stage_operand_rate_atc,softmax_whole_stage_operand_rate_atc_v2,20260728_operand_rate_v2_final_exp_session03_CAB,exp,fp32,20260728_operand_rate_v2_final_exp_session03_CAB_exp_fp32,1,2,20260728_operand_rate_v2_final_exp_session03_CAB_exp_fp32_b1_r2_treatment,treatment,treatment,20260728_operand_rate_v2_final_exp_session03_CAB_exp_fp32_b1_r2_treatment_1785247356940,44,184110.863144948,184110.864500122,184110.863822535,0.0013551739975810051,11.228665817994624,10595050600,true,true,5dff3859ad319cb37301e68cfc6fde00723e3a42110ca93adb44c05e97098167
softmax_whole_stage_atc_trace_v1,softmax_whole_stage_operand_rate_atc,softmax_whole_stage_operand_rate_atc_v2,20260728_operand_rate_v2_final_exp_session03_CAB,exp,fp32,20260728_operand_rate_v2_final_exp_session03_CAB_exp_fp32,1,2,20260728_operand_rate_v2_final_exp_session03_CAB_exp_fp32_b1_r2_treatment,treatment,treatment,20260728_operand_rate_v2_final_exp_session03_CAB_exp_fp32_b1_r2_treatment_1785247356940,45,184111.118278265,184111.11970637599,184111.11899232049,0.0014281109906733036,11.483835603488842,10595096451,true,true,5dff3859ad319cb37301e68cfc6fde00723e3a42110ca93adb44c05e97098167
softmax_whole_stage_atc_trace_v1,softmax_whole_stage_operand_rate_atc,softmax_whole_stage_operand_rate_atc_v2,20260728_operand_rate_v2_final_exp_session03_CAB,exp,fp32,20260728_operand_rate_v2_final_exp_session03_CAB_exp_fp32,1,2,20260728_operand_rate_v2_final_exp_session03_CAB_exp_fp32_b1_r2_treatment,treatment,treatment,20260728_operand_rate_v2_final_exp_session03_CAB_exp_fp32_b1_r2_treatment_1785247356940,46,184111.37344495699,184111.37723201801,184111.3753384875,0.0037870610249228776,11.740181770495838,10595169689,true,true,5dff3859ad319cb37301e68cfc6fde00723e3a42110ca93adb44c05e97098167
softmax_whole_stage_atc_trace_v1,softmax_whole_stage_operand_rate_atc,softmax_whole_stage_operand_rate_atc_v2,20260728_operand_rate_v2_final_exp_session03_CAB,exp,fp32,20260728_operand_rate_v2_final_exp_session03_CAB_exp_fp32,1,2,20260728_operand_rate_v2_final_exp_session03_CAB_exp_fp32_b1_r2_treatment,treatment,treatment,20260728_operand_rate_v2_final_exp_session03_CAB_exp_fp32_b1_r2_treatment_1785247356940,47,184111.631012089,184111.632433911,184111.631723,0.0014218220021575689,11.996566282992717,10595219183,true,true,5dff3859ad319cb37301e68cfc6fde00723e3a42110ca93adb44c05e97098167
softmax_whole_stage_atc_trace_v1,softmax_whole_stage_operand_rate_atc,softmax_whole_stage_operand_rate_atc_v2,20260728_operand_rate_v2_final_exp_session03_CAB,exp,fp32,20260728_operand_rate_v2_final_exp_session03_CAB_exp_fp32,1,2,20260728_operand_rate_v2_final_exp_session03_CAB_exp_fp32_b1_r2_treatment,treatment,treatment,20260728_operand_rate_v2_final_exp_session03_CAB_exp_fp32_b1_r2_treatment_1785247356940,48,184111.886164275,184111.88871393699,184111.88743910601,0.0025496619928162545,12.252282389003085,10595290980,true,true,5dff3859ad319cb37301e68cfc6fde00723e3a42110ca93adb44c05e97098167
softmax_whole_stage_atc_trace_v1,softmax_whole_stage_operand_rate_atc,softmax_whole_stage_operand_rate_atc_v2,20260728_operand_rate_v2_final_exp_session03_CAB,exp,fp32,20260728_operand_rate_v2_final_exp_session03_CAB_exp_fp32,1,2,20260728_operand_rate_v2_final_exp_session03_CAB_exp_fp32_b1_r2_treatment,treatment,treatment,20260728_operand_rate_v2_final_exp_session03_CAB_exp_fp32_b1_r2_treatment_1785247356940,49,184112.138978103,184112.14039901199,184112.13968855748,0.0014209089858923107,12.504531840473646,10595339491,true,true,5dff3859ad319cb37301e68cfc6fde00723e3a42110ca93adb44c05e97098167
softmax_whole_stage_atc_trace_v1,softmax_whole_stage_operand_rate_atc,softmax_whole_stage_operand_rate_atc_v2,20260728_operand_rate_v2_final_exp_session03_CAB,exp,fp32,20260728_operand_rate_v2_final_exp_session03_CAB_exp_fp32,1,2,20260728_operand_rate_v2_final_exp_session03_CAB_exp_fp32_b1_r2_treatment,treatment,treatment,20260728_operand_rate_v2_final_exp_session03_CAB_exp_fp32_b1_r2_treatment_1785247356940,50,184112.393908028,184112.396098786,184112.395003407,0.0021907580085098743,12.759846689994447,10595411077,true,true,5dff3859ad319cb37301e68cfc6fde00723e3a42110ca93adb44c05e97098167
softmax_whole_stage_atc_trace_v1,softmax_whole_stage_operand_rate_atc,softmax_whole_stage_operand_rate_atc_v2,20260728_operand_rate_v2_final_exp_session03_CAB,exp,fp32,20260728_operand_rate_v2_final_exp_session03_CAB_exp_fp32,1,2,20260728_operand_rate_v2_final_exp_session03_CAB_exp_fp32_b1_r2_treatment,treatment,treatment,20260728_operand_rate_v2_final_exp_session03_CAB_exp_fp32_b1_r2_treatment_1785247356940,51,184112.64989224699,184112.65502038199,184112.65245631448,0.0051281350024510175,13.01729959747172,10595484686,true,true,5dff3859ad319cb37301e68cfc6fde00723e3a42110ca93adb44c05e97098167
softmax_whole_stage_atc_trace_v1,softmax_whole_stage_operand_rate_atc,softmax_whole_stage_operand_rate_atc_v2,20260728_operand_rate_v2_final_exp_session03_CAB,exp,fp32,20260728_operand_rate_v2_final_exp_session03_CAB_exp_fp32,1,2,20260728_operand_rate_v2_final_exp_session03_CAB_exp_fp32_b1_r2_treatment,treatment,treatment,20260728_operand_rate_v2_final_exp_session03_CAB_exp_fp32_b1_r2_treatment_1785247356940,52,184112.90877357,184112.910214565,184112.90949406748,0.0014409949944820255,13.274337350478163,10595534192,true,false,5dff3859ad319cb37301e68cfc6fde00723e3a42110ca93adb44c05e97098167
softmax_whole_stage_atc_trace_v1,softmax_whole_stage_operand_rate_atc,softmax_whole_stage_operand_rate_atc_v2,20260728_operand_rate_v2_final_exp_session03_CAB,exp,fp32,20260728_operand_rate_v2_final_exp_session03_CAB_exp_fp32,1,2,20260728_operand_rate_v2_final_exp_session03_CAB_exp_fp32_b1_r2_treatment,treatment,treatment,20260728_operand_rate_v2_final_exp_session03_CAB_exp_fp32_b1_r2_treatment_1785247356940,53,184113.163937929,184113.16530578301,184113.16462185601,0.0013678540126420557,13.529465138999512,10595605888,true,false,5dff3859ad319cb37301e68cfc6fde00723e3a42110ca93adb44c05e97098167
softmax_whole_stage_atc_trace_v1,softmax_whole_stage_operand_rate_atc,softmax_whole_stage_operand_rate_atc_v2,20260728_operand_rate_v2_final_exp_session03_CAB,exp,fp32,20260728_operand_rate_v2_final_exp_session03_CAB_exp_fp32,1,2,20260728_operand_rate_v2_final_exp_session03_CAB_exp_fp32_b1_r2_treatment,treatment,treatment,20260728_operand_rate_v2_final_exp_session03_CAB_exp_fp32_b1_r2_treatment_1785247356940,54,184113.41925495901,184113.421540059,184113.42039750901,0.0022850999957881868,13.785240791999968,10595635617,true,false,5dff3859ad319cb37301e68cfc6fde00723e3a42110ca93adb44c05e97098167
softmax_whole_stage_atc_trace_v1,softmax_whole_stage_operand_rate_atc,softmax_whole_stage_operand_rate_atc_v2,20260728_operand_rate_v2_final_exp_session03_CAB,exp,fp32,20260728_operand_rate_v2_final_exp_session03_CAB_exp_fp32,1,2,20260728_operand_rate_v2_final_exp_session03_CAB_exp_fp32_b1_r2_treatment,treatment,treatment,20260728_operand_rate_v2_final_exp_session03_CAB_exp_fp32_b1_r2_treatment_1785247356940,55,184113.42156511499,184113.425909199,184113.42373715699,0.0043440840090624988,13.788580439984798,10595635617,false,false,5dff3859ad319cb37301e68cfc6fde00723e3a42110ca93adb44c05e97098167
softmax_whole_stage_atc_trace_v1,softmax_whole_stage_operand_rate_atc,softmax_whole_stage_operand_rate_atc_v2,20260728_operand_rate_v2_final_exp_session03_CAB,exp,fp16_scalar,20260728_operand_rate_v2_final_exp_session03_CAB_exp_fp16_scalar,0,0,20260728_operand_rate_v2_final_exp_session03_CAB_exp_fp16_scalar_b0_r0_control,control,control,20260728_operand_rate_v2_final_exp_session03_CAB_exp_fp16_scalar_b0_r0_control_1785247371754,0,184114.45103326,184114.45231783,184114.45167554502,0.0012845699966419488,0.0006974700081627816,10595768763,false,false,5dff3859ad319cb37301e68cfc6fde00723e3a42110ca93adb44c05e97098167
softmax_whole_stage_atc_trace_v1,softmax_whole_stage_operand_rate_atc,softmax_whole_stage_operand_rate_atc_v2,20260728_operand_rate_v2_final_exp_session03_CAB,exp,fp16_scalar,20260728_operand_rate_v2_final_exp_session03_CAB_exp_fp16_scalar,0,0,20260728_operand_rate_v2_final_exp_session03_CAB_exp_fp16_scalar_b0_r0_control,control,control,20260728_operand_rate_v2_final_exp_session03_CAB_exp_fp16_scalar_b0_r0_control_1785247371754,1,184114.70604748299,184114.70744962501,184114.70674855402,0.0014021420211065561,0.25577047900878824,10595823597,true,false,5dff3859ad319cb37301e68cfc6fde00723e3a42110ca93adb44c05e97098167
softmax_whole_stage_atc_trace_v1,softmax_whole_stage_operand_rate_atc,softmax_whole_stage_operand_rate_atc_v2,20260728_operand_rate_v2_final_exp_session03_CAB,exp,fp16_scalar,20260728_operand_rate_v2_final_exp_session03_CAB_exp_fp16_scalar,0,0,20260728_operand_rate_v2_final_exp_session03_CAB_exp_fp16_scalar_b0_r0_control,control,control,20260728_operand_rate_v2_final_exp_session03_CAB_exp_fp16_scalar_b0_r0_control_1785247371754,2,184114.960812868,184114.96300869799,184114.96191078299,0.0021958299912512302,0.51093270798446611,10595865198,true,false,5dff3859ad319cb37301e68cfc6fde00723e3a42110ca93adb44c05e97098167
softmax_whole_stage_atc_trace_v1,softmax_whole_stage_operand_rate_atc,softmax_whole_stage_operand_rate_atc_v2,20260728_operand_rate_v2_final_exp_session03_CAB,exp,fp16_scalar,20260728_operand_rate_v2_final_exp_session03_CAB_exp_fp16_scalar,0,0,20260728_operand_rate_v2_final_exp_session03_CAB_exp_fp16_scalar_b0_r0_control,control,control,20260728_operand_rate_v2_final_exp_session03_CAB_exp_fp16_scalar_b0_r0_control_1785247371754,3,184115.21432168101,184115.21575435699,184115.215038019,0.0014326759846881032,0.76405994399101473,10595926032,true,true,5dff3859ad319cb37301e68cfc6fde00723e3a42110ca93adb44c05e97098167
softmax_whole_stage_atc_trace_v1,softmax_whole_stage_operand_rate_atc,softmax_whole_stage_operand_rate_atc_v2,20260728_operand_rate_v2_final_exp_session03_CAB,exp,fp16_scalar,20260728_operand_rate_v2_final_exp_session03_CAB_exp_fp16_scalar,0,0,20260728_operand_rate_v2_final_exp_session03_CAB_exp_fp16_scalar_b0_r0_control,control,control,20260728_operand_rate_v2_final_exp_session03_CAB_exp_fp16_scalar_b0_r0_control_1785247371754,4,184115.46946220001,184115.47396483901,184115.47171351951,0.004502638999838382,1.0207354445010424,10595967487,true,true,5dff3859ad319cb37301e68cfc6fde00723e3a42110ca93adb44c05e97098167
softmax_whole_stage_atc_trace_v1,softmax_whole_stage_operand_rate_atc,softmax_whole_stage_operand_rate_atc_v2,20260728_operand_rate_v2_final_exp_session03_CAB,exp,fp16_scalar,20260728_operand_rate_v2_final_exp_session03_CAB_exp_fp16_scalar,0,0,20260728_operand_rate_v2_final_exp_session03_CAB_exp_fp16_scalar_b0_r0_control,control,control,20260728_operand_rate_v2_final_exp_session03_CAB_exp_fp16_scalar_b0_r0_control_1785247371754,5,184115.72770808599,184115.72911408299,184115.72841108451,0.0014059969980735332,1.2774330094980542,10596031873,true,true,5dff3859ad319cb37301e68cfc6fde00723e3a42110ca93adb44c05e97098167
softmax_whole_stage_atc_trace_v1,softmax_whole_stage_operand_rate_atc,softmax_whole_stage_operand_rate_atc_v2,20260728_operand_rate_v2_final_exp_session03_CAB,exp,fp16_scalar,20260728_operand_rate_v2_final_exp_session03_CAB_exp_fp16_scalar,0,0,20260728_operand_rate_v2_final_exp_session03_CAB_exp_fp16_scalar_b0_r0_control,control,control,20260728_operand_rate_v2_final_exp_session03_CAB_exp_fp16_scalar_b0_r0_control_1785247371754,6,184115.97936506101,184115.98106808201,184115.98021657151,0.0017030210001394153,1.5292384964996018,10596071982,true,true,5dff3859ad319cb37301e68cfc6fde00723e3a42110ca93adb44c05e97098167
softmax_whole_stage_atc_trace_v1,softmax_whole_stage_operand_rate_atc,softmax_whole_stage_operand_rate_atc_v2,20260728_operand_rate_v2_final_exp_session03_CAB,exp,fp16_scalar,20260728_operand_rate_v2_final_exp_session03_CAB_exp_fp16_scalar,0,0,20260728_operand_rate_v2_final_exp_session03_CAB_exp_fp16_scalar_b0_r0_control,control,control,20260728_operand_rate_v2_final_exp_session03_CAB_exp_fp16_scalar_b0_r0_control_1785247371754,7,184116.23122228499,184116.23260525399,184116.2319137695,0.001382968999678269,1.7809356944926549,10596136431,true,true,5dff3859ad319cb37301e68cfc6fde00723e3a42110ca93adb44c05e97098167
softmax_whole_stage_atc_trace_v1,softmax_whole_stage_operand_rate_atc,softmax_whole_stage_operand_rate_atc_v2,20260728_operand_rate_v2_final_exp_session03_CAB,exp,fp16_scalar,20260728_operand_rate_v2_final_exp_session03_CAB_exp_fp16_scalar,0,0,20260728_operand_rate_v2_final_exp_session03_CAB_exp_fp16_scalar_b0_r0_control,control,control,20260728_operand_rate_v2_final_exp_session03_CAB_exp_fp16_scalar_b0_r0_control_1785247371754,8,184116.48565898201,184116.48817973799,184116.48691936,0.0025207559810951352,2.0359412849938963,10596177371,true,true,5dff3859ad319cb37301e68cfc6fde00723e3a42110ca93adb44c05e97098167
softmax_whole_stage_atc_trace_v1,softmax_whole_stage_operand_rate_atc,softmax_whole_stage_operand_rate_atc_v2,20260728_operand_rate_v2_final_exp_session03_CAB,exp,fp16_scalar,20260728_operand_rate_v2_final_exp_session03_CAB_exp_fp16_scalar,0,0,20260728_operand_rate_v2_final_exp_session03_CAB_exp_fp16_scalar_b0_r0_control,control,control,20260728_operand_rate_v2_final_exp_session03_CAB_exp_fp16_scalar_b0_r0_control_1785247371754,9,184116.741980914,184116.74341664999,184116.74269878201,0.0014357359905261546,2.2917207069986034,10596241931,true,true,5dff3859ad319cb37301e68cfc6fde00723e3a42110ca93adb44c05e97098167
softmax_whole_stage_atc_trace_v1,softmax_whole_stage_operand_rate_atc,softmax_whole_stage_operand_rate_atc_v2,20260728_operand_rate_v2_final_exp_session03_CAB,exp,fp16_scalar,20260728_operand_rate_v2_final_exp_session03_CAB_exp_fp16_scalar,0,0,20260728_operand_rate_v2_final_exp_session03_CAB_exp_fp16_scalar_b0_r0_control,control,control,20260728_operand_rate_v2_final_exp_session03_CAB_exp_fp16_scalar_b0_r0_control_1785247371754,10,184116.99718221801,184116.998579098,184116.99788065802,0.0013968799903523177,2.5469025830097962,10596282179,true,true,5dff3859ad319cb37301e68cfc6fde00723e3a42110ca93adb44c05e97098167
softmax_whole_stage_atc_trace_v1,softmax_whole_stage_operand_rate_atc,softmax_whole_stage_operand_rate_atc_v2,20260728_operand_rate_v2_final_exp_session03_CAB,exp,fp16_scalar,20260728_operand_rate_v2_final_exp_session03_CAB_exp_fp16_scalar,0,0,20260728_operand_rate_v2_final_exp_session03_CAB_exp_fp16_scalar_b0_r0_control,control,control,20260728_operand_rate_v2_final_exp_session03_CAB_exp_fp16_scalar_b0_r0_control_1785247371754,11,184117.252381289,184117.253752299,184117.25306679402,0.0013710100029129535,2.8020887190068606,10596346139,true,true,5dff3859ad319cb37301e68cfc6fde00723e3a42110ca93adb44c05e97098167
softmax_whole_stage_atc_trace_v1,softmax_whole_stage_operand_rate_atc,softmax_whole_stage_operand_rate_atc_v2,20260728_operand_rate_v2_final_exp_session03_CAB,exp,fp16_scalar,20260728_operand_rate_v2_final_exp_session03_CAB_exp_fp16_scalar,0,0,20260728_operand_rate_v2_final_exp_session03_CAB_exp_fp16_scalar_b0_r0_control,control,control,20260728_operand_rate_v2_final_exp_session03_CAB_exp_fp16_scalar_b0_r0_control_1785247371754,12,184117.507453039,184117.508976023,184117.508214531,0.0015229840064421296,3.057236455992097,10596385706,true,true,5dff3859ad319cb37301e68cfc6fde00723e3a42110ca93adb44c05e97098167
softmax_whole_stage_atc_trace_v1,softmax_whole_stage_operand_rate_atc,softmax_whole_stage_operand_rate_atc_v2,20260728_operand_rate_v2_final_exp_session03_CAB,exp,fp16_scalar,20260728_operand_rate_v2_final_exp_session03_CAB_exp_fp16_scalar,0,0,20260728_operand_rate_v2_final_exp_session03_CAB_exp_fp16_scalar_b0_r0_control,control,control,20260728_operand_rate_v2_final_exp_session03_CAB_exp_fp16_scalar_b0_r0_control_1785247371754,13,184117.76278775101,184117.76620573999,184117.76449674548,0.0034179889771621674,3.3135186704748776,10596449056,true,true,5dff3859ad319cb37301e68cfc6fde00723e3a42110ca93adb44c05e97098167
softmax_whole_stage_atc_trace_v1,softmax_whole_stage_operand_rate_atc,softmax_whole_stage_operand_rate_atc_v2,20260728_operand_rate_v2_final_exp_session03_CAB,exp,fp16_scalar,20260728_operand_rate_v2_final_exp_session03_CAB_exp_fp16_scalar,0,0,20260728_operand_rate_v2_final_exp_session03_CAB_exp_fp16_scalar_b0_r0_control,control,control,20260728_operand_rate_v2_final_exp_session03_CAB_exp_fp16_scalar_b0_r0_control_1785247371754,14,184118.02004242499,184118.02144772501,184118.02074507502,0.0014053000195417553,3.5697670000081416,10596491898,true,true,5dff3859ad319cb37301e68cfc6fde00723e3a42110ca93adb44c05e97098167
softmax_whole_stage_atc_trace_v1,softmax_whole_stage_operand_rate_atc,softmax_whole_stage_operand_rate_atc_v2,20260728_operand_rate_v2_final_exp_session03_CAB,exp,fp16_scalar,20260728_operand_rate_v2_final_exp_session03_CAB_exp_fp16_scalar,0,0,20260728_operand_rate_v2_final_exp_session03_CAB_exp_fp16_scalar_b0_r0_control,control,control,20260728_operand_rate_v2_final_exp_session03_CAB_exp_fp16_scalar_b0_r0_control_1785247371754,15,184118.271616546,184118.27334050499,184118.2724785255,0.0017239589942619205,3.8215004504891112,10596553956,true,true,5dff3859ad319cb37301e68cfc6fde00723e3a42110ca93adb44c05e97098167
softmax_whole_stage_atc_trace_v1,softmax_whole_stage_operand_rate_atc,softmax_whole_stage_operand_rate_atc_v2,20260728_operand_rate_v2_final_exp_session03_CAB,exp,fp16_scalar,20260728_operand_rate_v2_final_exp_session03_CAB_exp_fp16_scalar,0,0,20260728_operand_rate_v2_final_exp_session03_CAB_exp_fp16_scalar_b0_r0_control,control,control,20260728_operand_rate_v2_final_exp_session03_CAB_exp_fp16_scalar_b0_r0_control_1785247371754,16,184118.52596423999,184118.52751573201,184118.526739986,0.0015514920232817531,4.0757619109936059,10596596740,true,true,5dff3859ad319cb37301e68cfc6fde00723e3a42110ca93adb44c05e97098167
softmax_whole_stage_atc_trace_v1,softmax_whole_stage_operand_rate_atc,softmax_whole_stage_operand_rate_atc_v2,20260728_operand_rate_v2_final_exp_session03_CAB,exp,fp16_scalar,20260728_operand_rate_v2_final_exp_session03_CAB_exp_fp16_scalar,0,0,20260728_operand_rate_v2_final_exp_session03_CAB_exp_fp16_scalar_b0_r0_control,control,control,20260728_operand_rate_v2_final_exp_session03_CAB_exp_fp16_scalar_b0_r0_control_1785247371754,17,184118.781316401,184118.78298293799,184118.78214966948,0.0016665369912516326,4.3311715944728348,10596658837,true,true,5dff3859ad319cb37301e68cfc6fde00723e3a42110ca93adb44c05e97098167
softmax_whole_stage_atc_trace_v1,softmax_whole_stage_operand_rate_atc,softmax_whole_stage_operand_rate_atc_v2,20260728_operand_rate_v2_final_exp_session03_CAB,exp,fp16_scalar,20260728_operand_rate_v2_final_exp_session03_CAB_exp_fp16_scalar,0,0,20260728_operand_rate_v2_final_exp_session03_CAB_exp_fp16_scalar_b0_r0_control,control,control,20260728_operand_rate_v2_final_exp_session03_CAB_exp_fp16_scalar_b0_r0_control_1785247371754,18,184119.03660647399,184119.03788911999,184119.03724779701,0.0012826460006181151,4.5862697219999973,10596722651,true,true,5dff3859ad319cb37301e68cfc6fde00723e3a42110ca93adb44c05e97098167
softmax_whole_stage_atc_trace_v1,softmax_whole_stage_operand_rate_atc,softmax_whole_stage_operand_rate_atc_v2,20260728_operand_rate_v2_final_exp_session03_CAB,exp,fp16_scalar,20260728_operand_rate_v2_final_exp_session03_CAB_exp_fp16_scalar,0,0,20260728_operand_rate_v2_final_exp_session03_CAB_exp_fp16_scalar_b0_r0_control,control,control,20260728_operand_rate_v2_final_exp_session03_CAB_exp_fp16_scalar_b0_r0_control_1785247371754,19,184119.29162262901,184119.29307337999,184119.2923480045,0.0014507509768009186,4.841369929490611,10596766060,true,true,5dff3859ad319cb37301e68cfc6fde00723e3a42110ca93adb44c05e97098167
softmax_whole_stage_atc_trace_v1,softmax_whole_stage_operand_rate_atc,softmax_whole_stage_operand_rate_atc_v2,20260728_operand_rate_v2_final_exp_session03_CAB,exp,fp16_scalar,20260728_operand_rate_v2_final_exp_session03_CAB_exp_fp16_scalar,0,0,20260728_operand_rate_v2_final_exp_session03_CAB_exp_fp16_scalar_b0_r0_control,control,control,20260728_operand_rate_v2_final_exp_session03_CAB_exp_fp16_scalar_b0_r0_control_1785247371754,20,184119.54678720699,184119.551263534,184119.54902537051,0.0044763270125258714,5.0980472954979632,10596829158,true,true,5dff3859ad319cb37301e68cfc6fde00723e3a42110ca93adb44c05e97098167
softmax_whole_stage_atc_trace_v1,softmax_whole_stage_operand_rate_atc,softmax_whole_stage_operand_rate_atc_v2,20260728_operand_rate_v2_final_exp_session03_CAB,exp,fp16_scalar,20260728_operand_rate_v2_final_exp_session03_CAB_exp_fp16_scalar,0,0,20260728_operand_rate_v2_final_exp_session03_CAB_exp_fp16_scalar_b0_r0_control,control,control,20260728_operand_rate_v2_final_exp_session03_CAB_exp_fp16_scalar_b0_r0_control_1785247371754,21,184119.80221251401,184119.80357388701,184119.80289320051,0.0013613729970529675,5.3519151255022734,10596871689,true,true,5dff3859ad319cb37301e68cfc6fde00723e3a42110ca93adb44c05e97098167
softmax_whole_stage_atc_trace_v1,softmax_whole_stage_operand_rate_atc,softmax_whole_stage_operand_rate_atc_v2,20260728_operand_rate_v2_final_exp_session03_CAB,exp,fp16_scalar,20260728_operand_rate_v2_final_exp_session03_CAB_exp_fp16_scalar,0,0,20260728_operand_rate_v2_final_exp_session03_CAB_exp_fp16_scalar_b0_r0_control,control,control,20260728_operand_rate_v2_final_exp_session03_CAB_exp_fp16_scalar_b0_r0_control_1785247371754,22,184120.057321395,184120.058858684,184120.0580900395,0.0015372890047729015,5.607111964491196,10596934050,true,true,5dff3859ad319cb37301e68cfc6fde00723e3a42110ca93adb44c05e97098167
softmax_whole_stage_atc_trace_v1,softmax_whole_stage_operand_rate_atc,softmax_whole_stage_operand_rate_atc_v2,20260728_operand_rate_v2_final_exp_session03_CAB,exp,fp16_scalar,20260728_operand_rate_v2_final_exp_session03_CAB_exp_fp16_scalar,0,0,20260728_operand_rate_v2_final_exp_session03_CAB_exp_fp16_scalar_b0_r0_control,control,control,20260728_operand_rate_v2_final_exp_session03_CAB_exp_fp16_scalar_b0_r0_control_1785247371754,23,184120.31145543299,184120.31289461799,184120.31217502549,0.0014391849981620908,5.8611969504854642,10596976494,true,true,5dff3859ad319cb37301e68cfc6fde00723e3a42110ca93adb44c05e97098167
softmax_whole_stage_atc_trace_v1,softmax_whole_stage_operand_rate_atc,softmax_whole_stage_operand_rate_atc_v2,20260728_operand_rate_v2_final_exp_session03_CAB,exp,fp16_scalar,20260728_operand_rate_v2_final_exp_session03_CAB_exp_fp16_scalar,0,0,20260728_operand_rate_v2_final_exp_session03_CAB_exp_fp16_scalar_b0_r0_control,control,control,20260728_operand_rate_v2_final_exp_session03_CAB_exp_fp16_scalar_b0_r0_control_1785247371754,24,184120.56582027199,184120.56718478899,184120.56650253048,0.0013645169965457171,6.1155244554684032,10597038476,true,true,5dff3859ad319cb37301e68cfc6fde00723e3a42110ca93adb44c05e97098167
softmax_whole_stage_atc_trace_v1,softmax_whole_stage_operand_rate_atc,softmax_whole_stage_operand_rate_atc_v2,20260728_operand_rate_v2_final_exp_session03_CAB,exp,fp16_scalar,20260728_operand_rate_v2_final_exp_session03_CAB_exp_fp16_scalar,0,0,20260728_operand_rate_v2_final_exp_session03_CAB_exp_fp16_scalar_b0_r0_control,control,control,20260728_operand_rate_v2_final_exp_session03_CAB_exp_fp16_scalar_b0_r0_control_1785247371754,25,184120.82094974801,184120.822345208,184120.82164747801,0.0013954599853605032,6.3706694029970095,10597080711,true,true,5dff3859ad319cb37301e68cfc6fde00723e3a42110ca93adb44c05e97098167
softmax_whole_stage_atc_trace_v1,softmax_whole_stage_operand_rate_atc,softmax_whole_stage_operand_rate_atc_v2,20260728_operand_rate_v2_final_exp_session03_CAB,exp,fp16_scalar,20260728_operand_rate_v2_final_exp_session03_CAB_exp_fp16_scalar,0,0,20260728_operand_rate_v2_final_exp_session03_CAB_exp_fp16_scalar_b0_r0_control,control,control,20260728_operand_rate_v2_final_exp_session03_CAB_exp_fp16_scalar_b0_r0_control_1785247371754,26,184121.07253624601,184121.07396863401,184121.07325244002,0.0014323880022857338,6.6222743650141638,10597142179,true,true,5dff3859ad319cb37301e68cfc6fde00723e3a42110ca93adb44c05e97098167
softmax_whole_stage_atc_trace_v1,softmax_whole_stage_operand_rate_atc,softmax_whole_stage_operand_rate_atc_v2,20260728_operand_rate_v2_final_exp_session03_CAB,exp,fp16_scalar,20260728_operand_rate_v2_final_exp_session03_CAB_exp_fp16_scalar,0,0,20260728_operand_rate_v2_final_exp_session03_CAB_exp_fp16_scalar_b0_r0_control,control,control,20260728_operand_rate_v2_final_exp_session03_CAB_exp_fp16_scalar_b0_r0_control_1785247371754,27,184121.32770031699,184121.32909668999,184121.32839850348,0.0013963730016257614,6.8774204284709413,10597184498,true,true,5dff3859ad319cb37301e68cfc6fde00723e3a42110ca93adb44c05e97098167
softmax_whole_stage_atc_trace_v1,softmax_whole_stage_operand_rate_atc,softmax_whole_stage_operand_rate_atc_v2,20260728_operand_rate_v2_final_exp_session03_CAB,exp,fp16_scalar,20260728_operand_rate_v2_final_exp_session03_CAB_exp_fp16_scalar,0,0,20260728_operand_rate_v2_final_exp_session03_CAB_exp_fp16_scalar_b0_r0_control,control,control,20260728_operand_rate_v2_final_exp_session03_CAB_exp_fp16_scalar_b0_r0_control_1785247371754,28,184121.58166564099,184121.58307084101,184121.58236824098,0.001405200018780306,7.1313901659741532,10597246137,true,true,5dff3859ad319cb37301e68cfc6fde00723e3a42110ca93adb44c05e97098167
softmax_whole_stage_atc_trace_v1,softmax_whole_stage_operand_rate_atc,softmax_whole_stage_operand_rate_atc_v2,20260728_operand_rate_v2_final_exp_session03_CAB,exp,fp16_scalar,20260728_operand_rate_v2_final_exp_session03_CAB_exp_fp16_scalar,0,0,20260728_operand_rate_v2_final_exp_session03_CAB_exp_fp16_scalar_b0_r0_control,control,control,20260728_operand_rate_v2_final_exp_session03_CAB_exp_fp16_scalar_b0_r0_control_1785247371754,29,184121.83687617601,184121.83826899901,184121.83757258751,0.0013928230036981404,7.3865945124998689,10597288060,true,true,5dff3859ad319cb37301e68cfc6fde00723e3a42110ca93adb44c05e97098167
softmax_whole_stage_atc_trace_v1,softmax_whole_stage_operand_rate_atc,softmax_whole_stage_operand_rate_atc_v2,20260728_operand_rate_v2_final_exp_session03_CAB,exp,fp16_scalar,20260728_operand_rate_v2_final_exp_session03_CAB_exp_fp16_scalar,0,0,20260728_operand_rate_v2_final_exp_session03_CAB_exp_fp16_scalar_b0_r0_control,control,control,20260728_operand_rate_v2_final_exp_session03_CAB_exp_fp16_scalar_b0_r0_control_1785247371754,30,184122.09202857999,184122.09348551999,184122.09275705001,0.0014569399936590344,7.6417789749975782,10597349340,true,true,5dff3859ad319cb37301e68cfc6fde00723e3a42110ca93adb44c05e97098167
softmax_whole_stage_atc_trace_v1,softmax_whole_stage_operand_rate_atc,softmax_whole_stage_operand_rate_atc_v2,20260728_operand_rate_v2_final_exp_session03_CAB,exp,fp16_scalar,20260728_operand_rate_v2_final_exp_session03_CAB_exp_fp16_scalar,0,0,20260728_operand_rate_v2_final_exp_session03_CAB_exp_fp16_scalar_b0_r0_control,control,control,20260728_operand_rate_v2_final_exp_session03_CAB_exp_fp16_scalar_b0_r0_control_1785247371754,31,184122.34551698301,184122.35039333199,184122.34795515751,0.0048763489758130163,7.896977082506055,10597390571,true,true,5dff3859ad319cb37301e68cfc6fde00723e3a42110ca93adb44c05e97098167
softmax_whole_stage_atc_trace_v1,softmax_whole_stage_operand_rate_atc,softmax_whole_stage_operand_rate_atc_v2,20260728_operand_rate_v2_final_exp_session03_CAB,exp,fp16_scalar,20260728_operand_rate_v2_final_exp_session03_CAB_exp_fp16_scalar,0,0,20260728_operand_rate_v2_final_exp_session03_CAB_exp_fp16_scalar_b0_r0_control,control,control,20260728_operand_rate_v2_final_exp_session03_CAB_exp_fp16_scalar_b0_r0_control_1785247371754,32,184122.602976892,184122.60438401901,184122.6036804555,0.0014071270124986768,8.1527023804956116,10597455042,true,true,5dff3859ad319cb37301e68cfc6fde00723e3a42110ca93adb44c05e97098167
softmax_whole_stage_atc_trace_v1,softmax_whole_stage_operand_rate_atc,softmax_whole_stage_operand_rate_atc_v2,20260728_operand_rate_v2_final_exp_session03_CAB,exp,fp16_scalar,20260728_operand_rate_v2_final_exp_session03_CAB_exp_fp16_scalar,0,0,20260728_operand_rate_v2_final_exp_session03_CAB_exp_fp16_scalar_b0_r0_control,control,control,20260728_operand_rate_v2_final_exp_session03_CAB_exp_fp16_scalar_b0_r0_control_1785247371754,33,184122.858215327,184122.859766312,184122.85899081948,0.0015509850054513663,8.4080127444758546,10597495398,true,true,5dff3859ad319cb37301e68cfc6fde00723e3a42110ca93adb44c05e97098167
softmax_whole_stage_atc_trace_v1,softmax_whole_stage_operand_rate_atc,softmax_whole_stage_operand_rate_atc_v2,20260728_operand_rate_v2_final_exp_session03_CAB,exp,fp16_scalar,20260728_operand_rate_v2_final_exp_session03_CAB_exp_fp16_scalar,0,0,20260728_operand_rate_v2_final_exp_session03_CAB_exp_fp16_scalar_b0_r0_control,control,control,20260728_operand_rate_v2_final_exp_session03_CAB_exp_fp16_scalar_b0_r0_control_1785247371754,34,184123.11357276299,184123.115044109,184123.11430843599,0.0014713460113853216,8.6633303609851282,10597559275,true,true,5dff3859ad319cb37301e68cfc6fde00723e3a42110ca93adb44c05e97098167
softmax_whole_stage_atc_trace_v1,softmax_whole_stage_operand_rate_atc,softmax_whole_stage_operand_rate_atc_v2,20260728_operand_rate_v2_final_exp_session03_CAB,exp,fp16_scalar,20260728_operand_rate_v2_final_exp_session03_CAB_exp_fp16_scalar,0,0,20260728_operand_rate_v2_final_exp_session03_CAB_exp_fp16_scalar_b0_r0_control,control,control,20260728_operand_rate_v2_final_exp_session03_CAB_exp_fp16_scalar_b0_r0_control_1785247371754,35,184123.36528211899,184123.36671024701,184123.36599618301,0.0014281280164141208,8.9150181080040056,10597598805,true,true,5dff3859ad319cb37301e68cfc6fde00723e3a42110ca93adb44c05e97098167
softmax_whole_stage_atc_trace_v1,softmax_whole_stage_operand_rate_atc,softmax_whole_stage_operand_rate_atc_v2,20260728_operand_rate_v2_final_exp_session03_CAB,exp,fp16_scalar,20260728_operand_rate_v2_final_exp_session03_CAB_exp_fp16_scalar,0,0,20260728_operand_rate_v2_final_exp_session03_CAB_exp_fp16_scalar_b0_r0_control,control,control,20260728_operand_rate_v2_final_exp_session03_CAB_exp_fp16_scalar_b0_r0_control_1785247371754,36,184123.61868865101,184123.62009790799,184123.61939327948,0.0014092569763306528,9.1684152044763323,10597662759,true,true,5dff3859ad319cb37301e68cfc6fde00723e3a42110ca93adb44c05e97098167
softmax_whole_stage_atc_trace_v1,softmax_whole_stage_operand_rate_atc,softmax_whole_stage_operand_rate_atc_v2,20260728_operand_rate_v2_final_exp_session03_CAB,exp,fp16_scalar,20260728_operand_rate_v2_final_exp_session03_CAB_exp_fp16_scalar,0,0,20260728_operand_rate_v2_final_exp_session03_CAB_exp_fp16_scalar_b0_r0_control,control,control,20260728_operand_rate_v2_final_exp_session03_CAB_exp_fp16_scalar_b0_r0_control_1785247371754,37,184123.87122879,184123.87256591499,184123.87189735251,0.0013371249951887876,9.4209192775015254,10597702681,true,true,5dff3859ad319cb37301e68cfc6fde00723e3a42110ca93adb44c05e97098167
softmax_whole_stage_atc_trace_v1,softmax_whole_stage_operand_rate_atc,softmax_whole_stage_operand_rate_atc_v2,20260728_operand_rate_v2_final_exp_session03_CAB,exp,fp16_scalar,20260728_operand_rate_v2_final_exp_session03_CAB_exp_fp16_scalar,0,0,20260728_operand_rate_v2_final_exp_session03_CAB_exp_fp16_scalar_b0_r0_control,control,control,20260728_operand_rate_v2_final_exp_session03_CAB_exp_fp16_scalar_b0_r0_control_1785247371754,38,184124.126310989,184124.12767540599,184124.12699319748,0.0013644169957842678,9.6760151224734727,10597766752,true,true,5dff3859ad319cb37301e68cfc6fde00723e3a42110ca93adb44c05e97098167
softmax_whole_stage_atc_trace_v1,softmax_whole_stage_operand_rate_atc,softmax_whole_stage_operand_rate_atc_v2,20260728_operand_rate_v2_final_exp_session03_CAB,exp,fp16_scalar,20260728_operand_rate_v2_final_exp_session03_CAB_exp_fp16_scalar,0,0,20260728_operand_rate_v2_final_exp_session03_CAB_exp_fp16_scalar_b0_r0_control,control,control,20260728_operand_rate_v2_final_exp_session03_CAB_exp_fp16_scalar_b0_r0_control_1785247371754,39,184124.380631393,184124.382043897,184124.381337645,0.0014125040033832192,9.9303595699893776,10597806569,true,true,5dff3859ad319cb37301e68cfc6fde00723e3a42110ca93adb44c05e97098167
softmax_whole_stage_atc_trace_v1,softmax_whole_stage_operand_rate_atc,softmax_whole_stage_operand_rate_atc_v2,20260728_operand_rate_v2_final_exp_session03_CAB,exp,fp16_scalar,20260728_operand_rate_v2_final_exp_session03_CAB_exp_fp16_scalar,0,0,20260728_operand_rate_v2_final_exp_session03_CAB_exp_fp16_scalar_b0_r0_control,control,control,20260728_operand_rate_v2_final_exp_session03_CAB_exp_fp16_scalar_b0_r0_control_1785247371754,40,184124.63415956401,184124.635559691,184124.63485962752,0.0014001269883010536,10.183881552511593,10597870176,true,true,5dff3859ad319cb37301e68cfc6fde00723e3a42110ca93adb44c05e97098167
softmax_whole_stage_atc_trace_v1,softmax_whole_stage_operand_rate_atc,softmax_whole_stage_operand_rate_atc_v2,20260728_operand_rate_v2_final_exp_session03_CAB,exp,fp16_scalar,20260728_operand_rate_v2_final_exp_session03_CAB_exp_fp16_scalar,0,0,20260728_operand_rate_v2_final_exp_session03_CAB_exp_fp16_scalar_b0_r0_control,control,control,20260728_operand_rate_v2_final_exp_session03_CAB_exp_fp16_scalar_b0_r0_control_1785247371754,41,184124.88700253499,184124.88839687899,184124.887699707,0.0013943439989816397,10.436721631995169,10597909871,true,true,5dff3859ad319cb37301e68cfc6fde00723e3a42110ca93adb44c05e97098167
softmax_whole_stage_atc_trace_v1,softmax_whole_stage_operand_rate_atc,softmax_whole_stage_operand_rate_atc_v2,20260728_operand_rate_v2_final_exp_session03_CAB,exp,fp16_scalar,20260728_operand_rate_v2_final_exp_session03_CAB_exp_fp16_scalar,0,0,20260728_operand_rate_v2_final_exp_session03_CAB_exp_fp16_scalar_b0_r0_control,control,control,20260728_operand_rate_v2_final_exp_session03_CAB_exp_fp16_scalar_b0_r0_control_1785247371754,42,184125.14072989399,184125.142183683,184125.14145678849,0.0014537890092469752,10.690478713484481,10597973727,true,true,5dff3859ad319cb37301e68cfc6fde00723e3a42110ca93adb44c05e97098167
softmax_whole_stage_atc_trace_v1,softmax_whole_stage_operand_rate_atc,softmax_whole_stage_operand_rate_atc_v2,20260728_operand_rate_v2_final_exp_session03_CAB,exp,fp16_scalar,20260728_operand_rate_v2_final_exp_session03_CAB_exp_fp16_scalar,0,0,20260728_operand_rate_v2_final_exp_session03_CAB_exp_fp16_scalar_b0_r0_control,control,control,20260728_operand_rate_v2_final_exp_session03_CAB_exp_fp16_scalar_b0_r0_control_1785247371754,43,184125.39406543699,184125.39548088101,184125.394773159,0.0014154440141282976,10.943795083992882,10598013504,true,true,5dff3859ad319cb37301e68cfc6fde00723e3a42110ca93adb44c05e97098167
softmax_whole_stage_atc_trace_v1,softmax_whole_stage_operand_rate_atc,softmax_whole_stage_operand_rate_atc_v2,20260728_operand_rate_v2_final_exp_session03_CAB,exp,fp16_scalar,20260728_operand_rate_v2_final_exp_session03_CAB_exp_fp16_scalar,0,0,20260728_operand_rate_v2_final_exp_session03_CAB_exp_fp16_scalar_b0_r0_control,control,control,20260728_operand_rate_v2_final_exp_session03_CAB_exp_fp16_scalar_b0_r0_control_1785247371754,44,184125.647588956,184125.64897660399,184125.64828277999,0.0013876479933969676,11.197304704983253,10598077447,true,true,5dff3859ad319cb37301e68cfc6fde00723e3a42110ca93adb44c05e97098167
softmax_whole_stage_atc_trace_v1,softmax_whole_stage_operand_rate_atc,softmax_whole_stage_operand_rate_atc_v2,20260728_operand_rate_v2_final_exp_session03_CAB,exp,fp16_scalar,20260728_operand_rate_v2_final_exp_session03_CAB_exp_fp16_scalar,0,0,20260728_operand_rate_v2_final_exp_session03_CAB_exp_fp16_scalar_b0_r0_control,control,control,20260728_operand_rate_v2_final_exp_session03_CAB_exp_fp16_scalar_b0_r0_control_1785247371754,45,184125.901431312,184125.90288094201,184125.90215612701,0.001449630013667047,11.451178051996976,10598117457,true,true,5dff3859ad319cb37301e68cfc6fde00723e3a42110ca93adb44c05e97098167
softmax_whole_stage_atc_trace_v1,softmax_whole_stage_operand_rate_atc,softmax_whole_stage_operand_rate_atc_v2,20260728_operand_rate_v2_final_exp_session03_CAB,exp,fp16_scalar,20260728_operand_rate_v2_final_exp_session03_CAB_exp_fp16_scalar,0,0,20260728_operand_rate_v2_final_exp_session03_CAB_exp_fp16_scalar_b0_r0_control,control,control,20260728_operand_rate_v2_final_exp_session03_CAB_exp_fp16_scalar_b0_r0_control_1785247371754,46,184126.15528117499,184126.15679593201,184126.15603855351,0.0015147570229601115,11.705060478503583,10598181367,true,true,5dff3859ad319cb37301e68cfc6fde00723e3a42110ca93adb44c05e97098167
softmax_whole_stage_atc_trace_v1,softmax_whole_stage_operand_rate_atc,softmax_whole_stage_operand_rate_atc_v2,20260728_operand_rate_v2_final_exp_session03_CAB,exp,fp16_scalar,20260728_operand_rate_v2_final_exp_session03_CAB_exp_fp16_scalar,0,0,20260728_operand_rate_v2_final_exp_session03_CAB_exp_fp16_scalar_b0_r0_control,control,control,20260728_operand_rate_v2_final_exp_session03_CAB_exp_fp16_scalar_b0_r0_control_1785247371754,47,184126.408691989,184126.41007568099,184126.40938383498,0.0013836919970344752,11.958405759971356,10598221132,true,true,5dff3859ad319cb37301e68cfc6fde00723e3a42110ca93adb44c05e97098167
softmax_whole_stage_atc_trace_v1,softmax_whole_stage_operand_rate_atc,softmax_whole_stage_operand_rate_atc_v2,20260728_operand_rate_v2_final_exp_session03_CAB,exp,fp16_scalar,20260728_operand_rate_v2_final_exp_session03_CAB_exp_fp16_scalar,0,0,20260728_operand_rate_v2_final_exp_session03_CAB_exp_fp16_scalar_b0_r0_control,control,control,20260728_operand_rate_v2_final_exp_session03_CAB_exp_fp16_scalar_b0_r0_control_1785247371754,48,184126.66203179301,184126.66335999599,184126.66269589448,0.0013282029831316322,12.21171781947487,10598284862,true,true,5dff3859ad319cb37301e68cfc6fde00723e3a42110ca93adb44c05e97098167
softmax_whole_stage_atc_trace_v1,softmax_whole_stage_operand_rate_atc,softmax_whole_stage_operand_rate_atc_v2,20260728_operand_rate_v2_final_exp_session03_CAB,exp,fp16_scalar,20260728_operand_rate_v2_final_exp_session03_CAB_exp_fp16_scalar,0,0,20260728_operand_rate_v2_final_exp_session03_CAB_exp_fp16_scalar_b0_r0_control,control,control,20260728_operand_rate_v2_final_exp_session03_CAB_exp_fp16_scalar_b0_r0_control_1785247371754,49,184126.91517165201,184126.916503607,184126.91583762952,0.0013319549907464534,12.464859554514987,10598324642,true,true,5dff3859ad319cb37301e68cfc6fde00723e3a42110ca93adb44c05e97098167
softmax_whole_stage_atc_trace_v1,softmax_whole_stage_operand_rate_atc,softmax_whole_stage_operand_rate_atc_v2,20260728_operand_rate_v2_final_exp_session03_CAB,exp,fp16_scalar,20260728_operand_rate_v2_final_exp_session03_CAB_exp_fp16_scalar,0,0,20260728_operand_rate_v2_final_exp_session03_CAB_exp_fp16_scalar_b0_r0_control,control,control,20260728_operand_rate_v2_final_exp_session03_CAB_exp_fp16_scalar_b0_r0_control_1785247371754,50,184127.16922369201,184127.170802054,184127.17001287302,0.0015783619892317802,12.71903479800676,10598388407,true,true,5dff3859ad319cb37301e68cfc6fde00723e3a42110ca93adb44c05e97098167
softmax_whole_stage_atc_trace_v1,softmax_whole_stage_operand_rate_atc,softmax_whole_stage_operand_rate_atc_v2,20260728_operand_rate_v2_final_exp_session03_CAB,exp,fp16_scalar,20260728_operand_rate_v2_final_exp_session03_CAB_exp_fp16_scalar,0,0,20260728_operand_rate_v2_final_exp_session03_CAB_exp_fp16_scalar_b0_r0_control,control,control,20260728_operand_rate_v2_final_exp_session03_CAB_exp_fp16_scalar_b0_r0_control_1785247371754,51,184127.42279478701,184127.42428489399,184127.4235398405,0.0014901069807820022,12.972561765491264,10598428067,true,true,5dff3859ad319cb37301e68cfc6fde00723e3a42110ca93adb44c05e97098167
softmax_whole_stage_atc_trace_v1,softmax_whole_stage_operand_rate_atc,softmax_whole_stage_operand_rate_atc_v2,20260728_operand_rate_v2_final_exp_session03_CAB,exp,fp16_scalar,20260728_operand_rate_v2_final_exp_session03_CAB_exp_fp16_scalar,0,0,20260728_operand_rate_v2_final_exp_session03_CAB_exp_fp16_scalar_b0_r0_control,control,control,20260728_operand_rate_v2_final_exp_session03_CAB_exp_fp16_scalar_b0_r0_control_1785247371754,52,184127.67567353,184127.67707791601,184127.67637572301,0.0014043860137462616,13.225397647998761,10598491694,true,false,5dff3859ad319cb37301e68cfc6fde00723e3a42110ca93adb44c05e97098167
softmax_whole_stage_atc_trace_v1,softmax_whole_stage_operand_rate_atc,softmax_whole_stage_operand_rate_atc_v2,20260728_operand_rate_v2_final_exp_session03_CAB,exp,fp16_scalar,20260728_operand_rate_v2_final_exp_session03_CAB_exp_fp16_scalar,0,0,20260728_operand_rate_v2_final_exp_session03_CAB_exp_fp16_scalar_b0_r0_control,control,control,20260728_operand_rate_v2_final_exp_session03_CAB_exp_fp16_scalar_b0_r0_control_1785247371754,53,184127.93087888299,184127.932307312,184127.93159309751,0.0014284290082287043,13.480615022504935,10598531348,true,false,5dff3859ad319cb37301e68cfc6fde00723e3a42110ca93adb44c05e97098167
softmax_whole_stage_atc_trace_v1,softmax_whole_stage_operand_rate_atc,softmax_whole_stage_operand_rate_atc_v2,20260728_operand_rate_v2_final_exp_session03_CAB,exp,fp16_scalar,20260728_operand_rate_v2_final_exp_session03_CAB_exp_fp16_scalar,0,0,20260728_operand_rate_v2_final_exp_session03_CAB_exp_fp16_scalar_b0_r0_control,control,control,20260728_operand_rate_v2_final_exp_session03_CAB_exp_fp16_scalar_b0_r0_control_1785247371754,54,184128.18315636899,184128.18473320999,184128.18394478949,0.0015768409939482808,13.732966714480426,10598578830,true,false,5dff3859ad319cb37301e68cfc6fde00723e3a42110ca93adb44c05e97098167
softmax_whole_stage_atc_trace_v1,softmax_whole_stage_operand_rate_atc,softmax_whole_stage_operand_rate_atc_v2,20260728_operand_rate_v2_final_exp_session03_CAB,exp,fp16_scalar,20260728_operand_rate_v2_final_exp_session03_CAB_exp_fp16_scalar,0,0,20260728_operand_rate_v2_final_exp_session03_CAB_exp_fp16_scalar_b0_r0_control,control,control,20260728_operand_rate_v2_final_exp_session03_CAB_exp_fp16_scalar_b0_r0_control_1785247371754,55,184128.18474315101,184128.186261561,184128.18550235601,0.0015184099902398884,13.734524280996993,10598578830,false,false,5dff3859ad319cb37301e68cfc6fde00723e3a42110ca93adb44c05e97098167
softmax_whole_stage_atc_trace_v1,softmax_whole_stage_operand_rate_atc,softmax_whole_stage_operand_rate_atc_v2,20260728_operand_rate_v2_final_exp_session03_CAB,exp,fp16_scalar,20260728_operand_rate_v2_final_exp_session03_CAB_exp_fp16_scalar,0,1,20260728_operand_rate_v2_final_exp_session03_CAB_exp_fp16_scalar_b0_r1_treatment,treatment,treatment,20260728_operand_rate_v2_final_exp_session03_CAB_exp_fp16_scalar_b0_r1_treatment_1785247386115,0,184129.21310203499,184129.21426529001,184129.2136836625,0.0011632550158537924,0.00059572848840616643,10598709647,false,false,5dff3859ad319cb37301e68cfc6fde00723e3a42110ca93adb44c05e97098167
softmax_whole_stage_atc_trace_v1,softmax_whole_stage_operand_rate_atc,softmax_whole_stage_operand_rate_atc_v2,20260728_operand_rate_v2_final_exp_session03_CAB,exp,fp16_scalar,20260728_operand_rate_v2_final_exp_session03_CAB_exp_fp16_scalar,0,1,20260728_operand_rate_v2_final_exp_session03_CAB_exp_fp16_scalar_b0_r1_treatment,treatment,treatment,20260728_operand_rate_v2_final_exp_session03_CAB_exp_fp16_scalar_b0_r1_treatment_1785247386115,1,184129.468033693,184129.469536277,184129.46878498502,0.0015025839966256171,0.25569705100497231,10598747275,true,false,5dff3859ad319cb37301e68cfc6fde00723e3a42110ca93adb44c05e97098167
softmax_whole_stage_atc_trace_v1,softmax_whole_stage_operand_rate_atc,softmax_whole_stage_operand_rate_atc_v2,20260728_operand_rate_v2_final_exp_session03_CAB,exp,fp16_scalar,20260728_operand_rate_v2_final_exp_session03_CAB_exp_fp16_scalar,0,1,20260728_operand_rate_v2_final_exp_session03_CAB_exp_fp16_scalar_b0_r1_treatment,treatment,treatment,20260728_operand_rate_v2_final_exp_session03_CAB_exp_fp16_scalar_b0_r1_treatment_1785247386115,2,184129.72324645199,184129.72462679699,184129.72393662448,0.0013803449983242899,0.510848690464627,10598811491,true,false,5dff3859ad319cb37301e68cfc6fde00723e3a42110ca93adb44c05e97098167
softmax_whole_stage_atc_trace_v1,softmax_whole_stage_operand_rate_atc,softmax_whole_stage_operand_rate_atc_v2,20260728_operand_rate_v2_final_exp_session03_CAB,exp,fp16_scalar,20260728_operand_rate_v2_final_exp_session03_CAB_exp_fp16_scalar,0,1,20260728_operand_rate_v2_final_exp_session03_CAB_exp_fp16_scalar_b0_r1_treatment,treatment,treatment,20260728_operand_rate_v2_final_exp_session03_CAB_exp_fp16_scalar_b0_r1_treatment_1785247386115,3,184129.97591723499,184129.97728155099,184129.97659939301,0.0013643160054925829,0.76351145899388939,10598851665,true,true,5dff3859ad319cb37301e68cfc6fde00723e3a42110ca93adb44c05e97098167
softmax_whole_stage_atc_trace_v1,softmax_whole_stage_operand_rate_atc,softmax_whole_stage_operand_rate_atc_v2,20260728_operand_rate_v2_final_exp_session03_CAB,exp,fp16_scalar,20260728_operand_rate_v2_final_exp_session03_CAB_exp_fp16_scalar,0,1,20260728_operand_rate_v2_final_exp_session03_CAB_exp_fp16_scalar_b0_r1_treatment,treatment,treatment,20260728_operand_rate_v2_final_exp_session03_CAB_exp_fp16_scalar_b0_r1_treatment_1785247386115,4,184130.23107237401,184130.23253803299,184130.23180520348,0.0014656589773949236,1.0187172694713809,10598916146,true,true,5dff3859ad319cb37301e68cfc6fde00723e3a42110ca93adb44c05e97098167
softmax_whole_stage_atc_trace_v1,softmax_whole_stage_operand_rate_atc,softmax_whole_stage_operand_rate_atc_v2,20260728_operand_rate_v2_final_exp_session03_CAB,exp,fp16_scalar,20260728_operand_rate_v2_final_exp_session03_CAB_exp_fp16_scalar,0,1,20260728_operand_rate_v2_final_exp_session03_CAB_exp_fp16_scalar_b0_r1_treatment,treatment,treatment,20260728_operand_rate_v2_final_exp_session03_CAB_exp_fp16_scalar_b0_r1_treatment_1785247386115,5,184130.48629335,184130.48771893801,184130.48700614402,0.0014255880087148398,1.273918210004922,10598956238,true,true,5dff3859ad319cb37301e68cfc6fde00723e3a42110ca93adb44c05e97098167
softmax_whole_stage_atc_trace_v1,softmax_whole_stage_operand_rate_atc,softmax_whole_stage_operand_rate_atc_v2,20260728_operand_rate_v2_final_exp_session03_CAB,exp,fp16_scalar,20260728_operand_rate_v2_final_exp_session03_CAB_exp_fp16_scalar,0,1,20260728_operand_rate_v2_final_exp_session03_CAB_exp_fp16_scalar_b0_r1_treatment,treatment,treatment,20260728_operand_rate_v2_final_exp_session03_CAB_exp_fp16_scalar_b0_r1_treatment_1785247386115,6,184130.73944842501,184130.74079011899,184130.740119272,0.0013416939764283597,1.5270313379878644,10599020052,true,true,5dff3859ad319cb37301e68cfc6fde00723e3a42110ca93adb44c05e97098167
softmax_whole_stage_atc_trace_v1,softmax_whole_stage_operand_rate_atc,softmax_whole_stage_operand_rate_atc_v2,20260728_operand_rate_v2_final_exp_session03_CAB,exp,fp16_scalar,20260728_operand_rate_v2_final_exp_session03_CAB_exp_fp16_scalar,0,1,20260728_operand_rate_v2_final_exp_session03_CAB_exp_fp16_scalar_b0_r1_treatment,treatment,treatment,20260728_operand_rate_v2_final_exp_session03_CAB_exp_fp16_scalar_b0_r1_treatment_1785247386115,7,184130.99457434801,184130.99599182099,184130.99528308451,0.0014174729876685888,1.7821951505029574,10599059848,true,true,5dff3859ad319cb37301e68cfc6fde00723e3a42110ca93adb44c05e97098167
softmax_whole_stage_atc_trace_v1,softmax_whole_stage_operand_rate_atc,softmax_whole_stage_operand_rate_atc_v2,20260728_operand_rate_v2_final_exp_session03_CAB,exp,fp16_scalar,20260728_operand_rate_v2_final_exp_session03_CAB_exp_fp16_scalar,0,1,20260728_operand_rate_v2_final_exp_session03_CAB_exp_fp16_scalar_b0_r1_treatment,treatment,treatment,20260728_operand_rate_v2_final_exp_session03_CAB_exp_fp16_scalar_b0_r1_treatment_1785247386115,8,184131.24972269,184131.25453923701,184131.25213096349,0.004816547007067129,2.0390430294792168,10599123279,true,true,5dff3859ad319cb37301e68cfc6fde00723e3a42110ca93adb44c05e97098167
softmax_whole_stage_atc_trace_v1,softmax_whole_stage_operand_rate_atc,softmax_whole_stage_operand_rate_atc_v2,20260728_operand_rate_v2_final_exp_session03_CAB,exp,fp16_scalar,20260728_operand_rate_v2_final_exp_session03_CAB_exp_fp16_scalar,0,1,20260728_operand_rate_v2_final_exp_session03_CAB_exp_fp16_scalar_b0_r1_treatment,treatment,treatment,20260728_operand_rate_v2_final_exp_session03_CAB_exp_fp16_scalar_b0_r1_treatment_1785247386115,9,184131.50832194401,184131.50973688101,184131.50902941253,0.0014149369962979108,2.2959414785145782,10599166063,true,true,5dff3859ad319cb37301e68cfc6fde00723e3a42110ca93adb44c05e97098167
softmax_whole_stage_atc_trace_v1,softmax_whole_stage_operand_rate_atc,softmax_whole_stage_operand_rate_atc_v2,20260728_operand_rate_v2_final_exp_session03_CAB,exp,fp16_scalar,20260728_operand_rate_v2_final_exp_session03_CAB_exp_fp16_scalar,0,1,20260728_operand_rate_v2_final_exp_session03_CAB_exp_fp16_scalar_b0_r1_treatment,treatment,treatment,20260728_operand_rate_v2_final_exp_session03_CAB_exp_fp16_scalar_b0_r1_treatment_1785247386115,10,184131.76344076599,184131.76603062401,184131.764735695,0.0025898580206558108,2.5516477609926369,10599228042,true,true,5dff3859ad319cb37301e68cfc6fde00723e3a42110ca93adb44c05e97098167
softmax_whole_stage_atc_trace_v1,softmax_whole_stage_operand_rate_atc,softmax_whole_stage_operand_rate_atc_v2,20260728_operand_rate_v2_final_exp_session03_CAB,exp,fp16_scalar,20260728_operand_rate_v2_final_exp_session03_CAB_exp_fp16_scalar,0,1,20260728_operand_rate_v2_final_exp_session03_CAB_exp_fp16_scalar_b0_r1_treatment,treatment,treatment,20260728_operand_rate_v2_final_exp_session03_CAB_exp_fp16_scalar_b0_r1_treatment_1785247386115,11,184132.01979923001,184132.02103927801,184132.02041925403,0.001240048004547134,2.8073313200147822,10599291627,true,true,5dff3859ad319cb37301e68cfc6fde00723e3a42110ca93adb44c05e97098167
softmax_whole_stage_atc_trace_v1,softmax_whole_stage_operand_rate_atc,softmax_whole_stage_operand_rate_atc_v2,20260728_operand_rate_v2_final_exp_session03_CAB,exp,fp16_scalar,20260728_operand_rate_v2_final_exp_session03_CAB_exp_fp16_scalar,0,1,20260728_operand_rate_v2_final_exp_session03_CAB_exp_fp16_scalar_b0_r1_treatment,treatment,treatment,20260728_operand_rate_v2_final_exp_session03_CAB_exp_fp16_scalar_b0_r1_treatment_1785247386115,12,184132.272835718,184132.274292043,184132.2735638805,0.0014563250006176531,3.0604759464913514,10599334763,true,true,5dff3859ad319cb37301e68cfc6fde00723e3a42110ca93adb44c05e97098167
softmax_whole_stage_atc_trace_v1,softmax_whole_stage_operand_rate_atc,softmax_whole_stage_operand_rate_atc_v2,20260728_operand_rate_v2_final_exp_session03_CAB,exp,fp16_scalar,20260728_operand_rate_v2_final_exp_session03_CAB_exp_fp16_scalar,0,1,20260728_operand_rate_v2_final_exp_session03_CAB_exp_fp16_scalar_b0_r1_treatment,treatment,treatment,20260728_operand_rate_v2_final_exp_session03_CAB_exp_fp16_scalar_b0_r1_treatment_1785247386115,13,184132.52807221399,184132.53240538199,184132.530238798,0.0043331680062692612,3.3171508639934473,10599397992,true,true,5dff3859ad319cb37301e68cfc6fde00723e3a42110ca93adb44c05e97098167
softmax_whole_stage_atc_trace_v1,softmax_whole_stage_operand_rate_atc,softmax_whole_stage_operand_rate_atc_v2,20260728_operand_rate_v2_final_exp_session03_CAB,exp,fp16_scalar,20260728_operand_rate_v2_final_exp_session03_CAB_exp_fp16_scalar,0,1,20260728_operand_rate_v2_final_exp_session03_CAB_exp_fp16_scalar_b0_r1_treatment,treatment,treatment,20260728_operand_rate_v2_final_exp_session03_CAB_exp_fp16_scalar_b0_r1_treatment_1785247386115,14,184132.786114441,184132.78746404799,184132.78678924451,0.0013496069877874106,3.5737013104953803,10599440725,true,true,5dff3859ad319cb37301e68cfc6fde00723e3a42110ca93adb44c05e97098167
softmax_whole_stage_atc_trace_v1,softmax_whole_stage_operand_rate_atc,softmax_whole_stage_operand_rate_atc_v2,20260728_operand_rate_v2_final_exp_session03_CAB,exp,fp16_scalar,20260728_operand_rate_v2_final_exp_session03_CAB_exp_fp16_scalar,0,1,20260728_operand_rate_v2_final_exp_session03_CAB_exp_fp16_scalar_b0_r1_treatment,treatment,treatment,20260728_operand_rate_v2_final_exp_session03_CAB_exp_fp16_scalar_b0_r1_treatment_1785247386115,15,184133.04120749599,184133.042596057,184133.04190177651,0.0013885610096622258,3.828813842497766,10599502736,true,true,5dff3859ad319cb37301e68cfc6fde00723e3a42110ca93adb44c05e97098167
softmax_whole_stage_atc_trace_v1,softmax_whole_stage_operand_rate_atc,softmax_whole_stage_operand_rate_atc_v2,20260728_operand_rate_v2_final_exp_session03_CAB,exp,fp16_scalar,20260728_operand_rate_v2_final_exp_session03_CAB_exp_fp16_scalar,0,1,20260728_operand_rate_v2_final_exp_session03_CAB_exp_fp16_scalar_b0_r1_treatment,treatment,treatment,20260728_operand_rate_v2_final_exp_session03_CAB_exp_fp16_scalar_b0_r1_treatment_1785247386115,16,184133.29641532901,184133.29785949699,184133.297137413,0.00144416798138991,4.0840494789881632,10599544785,true,true,5dff3859ad319cb37301e68cfc6fde00723e3a42110ca93adb44c05e97098167
softmax_whole_stage_atc_trace_v1,softmax_whole_stage_operand_rate_atc,softmax_whole_stage_operand_rate_atc_v2,20260728_operand_rate_v2_final_exp_session03_CAB,exp,fp16_scalar,20260728_operand_rate_v2_final_exp_session03_CAB_exp_fp16_scalar,0,1,20260728_operand_rate_v2_final_exp_session03_CAB_exp_fp16_scalar_b0_r1_treatment,treatment,treatment,20260728_operand_rate_v2_final_exp_session03_CAB_exp_fp16_scalar_b0_r1_treatment_1785247386115,17,184133.55164047601,184133.55301504399,184133.55232776,0.0013745679752901196,4.3392398259893525,10599606166,true,true,5dff3859ad319cb37301e68cfc6fde00723e3a42110ca93adb44c05e97098167
softmax_whole_stage_atc_trace_v1,softmax_whole_stage_operand_rate_atc,softmax_whole_stage_operand_rate_atc_v2,20260728_operand_rate_v2_final_exp_session03_CAB,exp,fp16_scalar,20260728_operand_rate_v2_final_exp_session03_CAB_exp_fp16_scalar,0,1,20260728_operand_rate_v2_final_exp_session03_CAB_exp_fp16_scalar_b0_r1_treatment,treatment,treatment,20260728_operand_rate_v2_final_exp_session03_CAB_exp_fp16_scalar_b0_r1_treatment_1785247386115,18,184133.80674691699,184133.810367383,184133.80855715001,0.0036204660136718303,4.59546921600122,10599647541,true,true,5dff3859ad319cb37301e68cfc6fde00723e3a42110ca93adb44c05e97098167
softmax_whole_stage_atc_trace_v1,softmax_whole_stage_operand_rate_atc,softmax_whole_stage_operand_rate_atc_v2,20260728_operand_rate_v2_final_exp_session03_CAB,exp,fp16_scalar,20260728_operand_rate_v2_final_exp_session03_CAB_exp_fp16_scalar,0,1,20260728_operand_rate_v2_final_exp_session03_CAB_exp_fp16_scalar_b0_r1_treatment,treatment,treatment,20260728_operand_rate_v2_final_exp_session03_CAB_exp_fp16_scalar_b0_r1_treatment_1785247386115,19,184134.06418438,184134.06559202401,184134.064888202,0.0014076440129429102,4.8518002679920755,10599712268,true,true,5dff3859ad319cb37301e68cfc6fde00723e3a42110ca93adb44c05e97098167
softmax_whole_stage_atc_trace_v1,softmax_whole_stage_operand_rate_atc,softmax_whole_stage_operand_rate_atc_v2,20260728_operand_rate_v2_final_exp_session03_CAB,exp,fp16_scalar,20260728_operand_rate_v2_final_exp_session03_CAB_exp_fp16_scalar,0,1,20260728_operand_rate_v2_final_exp_session03_CAB_exp_fp16_scalar_b0_r1_treatment,treatment,treatment,20260728_operand_rate_v2_final_exp_session03_CAB_exp_fp16_scalar_b0_r1_treatment_1785247386115,20,184134.31942464499,184134.32085816099,184134.320141403,0.0014335160085465759,5.1070534689933993,10599752573,true,true,5dff3859ad319cb37301e68cfc6fde00723e3a42110ca93adb44c05e97098167
softmax_whole_stage_atc_trace_v1,softmax_whole_stage_operand_rate_atc,softmax_whole_stage_operand_rate_atc_v2,20260728_operand_rate_v2_final_exp_session03_CAB,exp,fp16_scalar,20260728_operand_rate_v2_final_exp_session03_CAB_exp_fp16_scalar,0,1,20260728_operand_rate_v2_final_exp_session03_CAB_exp_fp16_scalar_b0_r1_treatment,treatment,treatment,20260728_operand_rate_v2_final_exp_session03_CAB_exp_fp16_scalar_b0_r1_treatment_1785247386115,21,184134.57467850501,184134.57616680901,184134.57542265701,0.0014883039984852076,5.3623347230022773,10599816623,true,true,5dff3859ad319cb37301e68cfc6fde00723e3a42110ca93adb44c05e97098167
softmax_whole_stage_atc_trace_v1,softmax_whole_stage_operand_rate_atc,softmax_whole_stage_operand_rate_atc_v2,20260728_operand_rate_v2_final_exp_session03_CAB,exp,fp16_scalar,20260728_operand_rate_v2_final_exp_session03_CAB_exp_fp16_scalar,0,1,20260728_operand_rate_v2_final_exp_session03_CAB_exp_fp16_scalar_b0_r1_treatment,treatment,treatment,20260728_operand_rate_v2_final_exp_session03_CAB_exp_fp16_scalar_b0_r1_treatment_1785247386115,22,184134.82995133899,184134.83130886199,184134.83063010051,0.0013575229968409985,5.6175421664956957,10599856137,true,true,5dff3859ad319cb37301e68cfc6fde00723e3a42110ca93adb44c05e97098167
softmax_whole_stage_atc_trace_v1,softmax_whole_stage_operand_rate_atc,softmax_whole_stage_operand_rate_atc_v2,20260728_operand_rate_v2_final_exp_session03_CAB,exp,fp16_scalar,20260728_operand_rate_v2_final_exp_session03_CAB_exp_fp16_scalar,0,1,20260728_operand_rate_v2_final_exp_session03_CAB_exp_fp16_scalar_b0_r1_treatment,treatment,treatment,20260728_operand_rate_v2_final_exp_session03_CAB_exp_fp16_scalar_b0_r1_treatment_1785247386115,23,184135.08514229499,184135.08815583299,184135.08664906397,0.0030135379929561168,5.8735611299634911,10599919349,true,true,5dff3859ad319cb37301e68cfc6fde00723e3a42110ca93adb44c05e97098167
softmax_whole_stage_atc_trace_v1,softmax_whole_stage_operand_rate_atc,softmax_whole_stage_operand_rate_atc_v2,20260728_operand_rate_v2_final_exp_session03_CAB,exp,fp16_scalar,20260728_operand_rate_v2_final_exp_session03_CAB_exp_fp16_scalar,0,1,20260728_operand_rate_v2_final_exp_session03_CAB_exp_fp16_scalar_b0_r1_treatment,treatment,treatment,20260728_operand_rate_v2_final_exp_session03_CAB_exp_fp16_scalar_b0_r1_treatment_1785247386115,24,184135.341980236,184135.34340979499,184135.34269501548,0.0014295589935500175,6.1296070814714767,10599962132,true,true,5dff3859ad319cb37301e68cfc6fde00723e3a42110ca93adb44c05e97098167
softmax_whole_stage_atc_trace_v1,softmax_whole_stage_operand_rate_atc,softmax_whole_stage_operand_rate_atc_v2,20260728_operand_rate_v2_final_exp_session03_CAB,exp,fp16_scalar,20260728_operand_rate_v2_final_exp_session03_CAB_exp_fp16_scalar,0,1,20260728_operand_rate_v2_final_exp_session03_CAB_exp_fp16_scalar_b0_r1_treatment,treatment,treatment,20260728_operand_rate_v2_final_exp_session03_CAB_exp_fp16_scalar_b0_r1_treatment_1785247386115,25,184135.597197166,184135.598689426,184135.59794329602,0.0014922599948477,6.3848553620046005,10600024153,true,true,5dff3859ad319cb37301e68cfc6fde00723e3a42110ca93adb44c05e97098167
softmax_whole_stage_atc_trace_v1,softmax_whole_stage_operand_rate_atc,softmax_whole_stage_operand_rate_atc_v2,20260728_operand_rate_v2_final_exp_session03_CAB,exp,fp16_scalar,20260728_operand_rate_v2_final_exp_session03_CAB_exp_fp16_scalar,0,1,20260728_operand_rate_v2_final_exp_session03_CAB_exp_fp16_scalar_b0_r1_treatment,treatment,treatment,20260728_operand_rate_v2_final_exp_session03_CAB_exp_fp16_scalar_b0_r1_treatment_1785247386115,26,184135.85246036001,184135.85386607601,184135.85316321801,0.0014057160005904734,6.6400752839981578,10600066171,true,true,5dff3859ad319cb37301e68cfc6fde00723e3a42110ca93adb44c05e97098167
softmax_whole_stage_atc_trace_v1,softmax_whole_stage_operand_rate_atc,softmax_whole_stage_operand_rate_atc_v2,20260728_operand_rate_v2_final_exp_session03_CAB,exp,fp16_scalar,20260728_operand_rate_v2_final_exp_session03_CAB_exp_fp16_scalar,0,1,20260728_operand_rate_v2_final_exp_session03_CAB_exp_fp16_scalar_b0_r1_treatment,treatment,treatment,20260728_operand_rate_v2_final_exp_session03_CAB_exp_fp16_scalar_b0_r1_treatment_1785247386115,27,184136.10765649099,184136.10901746299,184136.10833697699,0.0013609720044769347,6.8952490429801401,10600127377,true,true,5dff3859ad319cb37301e68cfc6fde00723e3a42110ca93adb44c05e97098167
softmax_whole_stage_atc_trace_v1,softmax_whole_stage_operand_rate_atc,softmax_whole_stage_operand_rate_atc_v2,20260728_operand_rate_v2_final_exp_session03_CAB,exp,fp16_scalar,20260728_operand_rate_v2_final_exp_session03_CAB_exp_fp16_scalar,0,1,20260728_operand_rate_v2_final_exp_session03_CAB_exp_fp16_scalar_b0_r1_treatment,treatment,treatment,20260728_operand_rate_v2_final_exp_session03_CAB_exp_fp16_scalar_b0_r1_treatment_1785247386115,28,184136.362104664,184136.36633591499,184136.36422028951,0.004231250990414992,7.1511323555023409,10600168593,true,true,5dff3859ad319cb37301e68cfc6fde00723e3a42110ca93adb44c05e97098167
softmax_whole_stage_atc_trace_v1,softmax_whole_stage_operand_rate_atc,softmax_whole_stage_operand_rate_atc_v2,20260728_operand_rate_v2_final_exp_session03_CAB,exp,fp16_scalar,20260728_operand_rate_v2_final_exp_session03_CAB_exp_fp16_scalar,0,1,20260728_operand_rate_v2_final_exp_session03_CAB_exp_fp16_scalar_b0_r1_treatment,treatment,treatment,20260728_operand_rate_v2_final_exp_session03_CAB_exp_fp16_scalar_b0_r1_treatment_1785247386115,29,184136.62015270899,184136.62158673201,184136.6208697205,0.0014340230263769627,7.4077817864890676,10600233011,true,true,5dff3859ad319cb37301e68cfc6fde00723e3a42110ca93adb44c05e97098167
softmax_whole_stage_atc_trace_v1,softmax_whole_stage_operand_rate_atc,softmax_whole_stage_operand_rate_atc_v2,20260728_operand_rate_v2_final_exp_session03_CAB,exp,fp16_scalar,20260728_operand_rate_v2_final_exp_session03_CAB_exp_fp16_scalar,0,1,20260728_operand_rate_v2_final_exp_session03_CAB_exp_fp16_scalar_b0_r1_treatment,treatment,treatment,20260728_operand_rate_v2_final_exp_session03_CAB_exp_fp16_scalar_b0_r1_treatment_1785247386115,30,184136.87297753699,184136.87435961299,184136.87366857499,0.0013820760068483651,7.6605806409788784,10600273074,true,true,5dff3859ad319cb37301e68cfc6fde00723e3a42110ca93adb44c05e97098167
softmax_whole_stage_atc_trace_v1,softmax_whole_stage_operand_rate_atc,softmax_whole_stage_operand_rate_atc_v2,20260728_operand_rate_v2_final_exp_session03_CAB,exp,fp16_scalar,20260728_operand_rate_v2_final_exp_session03_CAB_exp_fp16_scalar,0,1,20260728_operand_rate_v2_final_exp_session03_CAB_exp_fp16_scalar_b0_r1_treatment,treatment,treatment,20260728_operand_rate_v2_final_exp_session03_CAB_exp_fp16_scalar_b0_r1_treatment_1785247386115,31,184137.12812212601,184137.129531393,184137.12882675952,0.0014092669880483299,7.915738825511653,10600337317,true,true,5dff3859ad319cb37301e68cfc6fde00723e3a42110ca93adb44c05e97098167
softmax_whole_stage_atc_trace_v1,softmax_whole_stage_operand_rate_atc,softmax_whole_stage_operand_rate_atc_v2,20260728_operand_rate_v2_final_exp_session03_CAB,exp,fp16_scalar,20260728_operand_rate_v2_final_exp_session03_CAB_exp_fp16_scalar,0,1,20260728_operand_rate_v2_final_exp_session03_CAB_exp_fp16_scalar_b0_r1_treatment,treatment,treatment,20260728_operand_rate_v2_final_exp_session03_CAB_exp_fp16_scalar_b0_r1_treatment_1785247386115,32,184137.383352651,184137.38476293199,184137.3840577915,0.001410280994605273,8.1709698574850336,10600377321,true,true,5dff3859ad319cb37301e68cfc6fde00723e3a42110ca93adb44c05e97098167
softmax_whole_stage_atc_trace_v1,softmax_whole_stage_operand_rate_atc,softmax_whole_stage_operand_rate_atc_v2,20260728_operand_rate_v2_final_exp_session03_CAB,exp,fp16_scalar,20260728_operand_rate_v2_final_exp_session03_CAB_exp_fp16_scalar,0,1,20260728_operand_rate_v2_final_exp_session03_CAB_exp_fp16_scalar_b0_r1_treatment,treatment,treatment,20260728_operand_rate_v2_final_exp_session03_CAB_exp_fp16_scalar_b0_r1_treatment_1785247386115,33,184137.638581654,184137.63998564499,184137.63928364951,0.0014039909874554724,8.4261957154958509,10600441015,true,true,5dff3859ad319cb37301e68cfc6fde00723e3a42110ca93adb44c05e97098167
softmax_whole_stage_atc_trace_v1,softmax_whole_stage_operand_rate_atc,softmax_whole_stage_operand_rate_atc_v2,20260728_operand_rate_v2_final_exp_session03_CAB,exp,fp16_scalar,20260728_operand_rate_v2_final_exp_session03_CAB_exp_fp16_scalar,0,1,20260728_operand_rate_v2_final_exp_session03_CAB_exp_fp16_scalar_b0_r1_treatment,treatment,treatment,20260728_operand_rate_v2_final_exp_session03_CAB_exp_fp16_scalar_b0_r1_treatment_1785247386115,34,184137.893683528,184137.89509665099,184137.8943900895,0.0014131229836493731,8.6813021554844454,10600480382,true,true,5dff3859ad319cb37301e68cfc6fde00723e3a42110ca93adb44c05e97098167
softmax_whole_stage_atc_trace_v1,softmax_whole_stage_operand_rate_atc,softmax_whole_stage_operand_rate_atc_v2,20260728_operand_rate_v2_final_exp_session03_CAB,exp,fp16_scalar,20260728_operand_rate_v2_final_exp_session03_CAB_exp_fp16_scalar,0,1,20260728_operand_rate_v2_final_exp_session03_CAB_exp_fp16_scalar_b0_r1_treatment,treatment,treatment,20260728_operand_rate_v2_final_exp_session03_CAB_exp_fp16_scalar_b0_r1_treatment_1785247386115,35,184138.14892156099,184138.15138021999,184138.15015089049,0.0024586590006947517,8.9370629564800765,10600543529,true,true,5dff3859ad319cb37301e68cfc6fde00723e3a42110ca93adb44c05e97098167
softmax_whole_stage_atc_trace_v1,softmax_whole_stage_operand_rate_atc,softmax_whole_stage_operand_rate_atc_v2,20260728_operand_rate_v2_final_exp_session03_CAB,exp,fp16_scalar,20260728_operand_rate_v2_final_exp_session03_CAB_exp_fp16_scalar,0,1,20260728_operand_rate_v2_final_exp_session03_CAB_exp_fp16_scalar_b0_r1_treatment,treatment,treatment,20260728_operand_rate_v2_final_exp_session03_CAB_exp_fp16_scalar_b0_r1_treatment_1785247386115,36,184138.40240019199,184138.40382467801,184138.40311243501,0.0014244860212784261,9.1900245010037906,10600586461,true,true,5dff3859ad319cb37301e68cfc6fde00723e3a42110ca93adb44c05e97098167
softmax_whole_stage_atc_trace_v1,softmax_whole_stage_operand_rate_atc,softmax_whole_stage_operand_rate_atc_v2,20260728_operand_rate_v2_final_exp_session03_CAB,exp,fp16_scalar,20260728_operand_rate_v2_final_exp_session03_CAB_exp_fp16_scalar,0,1,20260728_operand_rate_v2_final_exp_session03_CAB_exp_fp16_scalar_b0_r1_treatment,treatment,treatment,20260728_operand_rate_v2_final_exp_session03_CAB_exp_fp16_scalar_b0_r1_treatment_1785247386115,37,184138.65766460399,184138.65905773899,184138.65836117149,0.0013931349967606366,9.4452732374775223,10600649440,true,true,5dff3859ad319cb37301e68cfc6fde00723e3a42110ca93adb44c05e97098167
softmax_whole_stage_atc_trace_v1,softmax_whole_stage_operand_rate_atc,softmax_whole_stage_operand_rate_atc_v2,20260728_operand_rate_v2_final_exp_session03_CAB,exp,fp16_scalar,20260728_operand_rate_v2_final_exp_session03_CAB_exp_fp16_scalar,0,1,20260728_operand_rate_v2_final_exp_session03_CAB_exp_fp16_scalar_b0_r1_treatment,treatment,treatment,20260728_operand_rate_v2_final_exp_session03_CAB_exp_fp16_scalar_b0_r1_treatment_1785247386115,38,184138.91283070299,184138.914206285,184138.913518494,0.0013755820109508932,9.7004305599839427,10600692228,true,true,5dff3859ad319cb37301e68cfc6fde00723e3a42110ca93adb44c05e97098167
softmax_whole_stage_atc_trace_v1,softmax_whole_stage_operand_rate_atc,softmax_whole_stage_operand_rate_atc_v2,20260728_operand_rate_v2_final_exp_session03_CAB,exp,fp16_scalar,20260728_operand_rate_v2_final_exp_session03_CAB_exp_fp16_scalar,0,1,20260728_operand_rate_v2_final_exp_session03_CAB_exp_fp16_scalar_b0_r1_treatment,treatment,treatment,20260728_operand_rate_v2_final_exp_session03_CAB_exp_fp16_scalar_b0_r1_treatment_1785247386115,39,184139.16797447999,184139.17038484401,184139.16917966201,0.0024103640171233565,9.9560917280032299,10600754238,true,true,5dff3859ad319cb37301e68cfc6fde00723e3a42110ca93adb44c05e97098167
softmax_whole_stage_atc_trace_v1,softmax_whole_stage_operand_rate_atc,softmax_whole_stage_operand_rate_atc_v2,20260728_operand_rate_v2_final_exp_session03_CAB,exp,fp16_scalar,20260728_operand_rate_v2_final_exp_session03_CAB_exp_fp16_scalar,0,1,20260728_operand_rate_v2_final_exp_session03_CAB_exp_fp16_scalar_b0_r1_treatment,treatment,treatment,20260728_operand_rate_v2_final_exp_session03_CAB_exp_fp16_scalar_b0_r1_treatment_1785247386115,40,184139.424210667,184139.429394518,184139.4268025925,0.0051838509971275926,10.213714658486424,10600817852,true,true,5dff3859ad319cb37301e68cfc6fde00723e3a42110ca93adb44c05e97098167
softmax_whole_stage_atc_trace_v1,softmax_whole_stage_operand_rate_atc,softmax_whole_stage_operand_rate_atc_v2,20260728_operand_rate_v2_final_exp_session03_CAB,exp,fp16_scalar,20260728_operand_rate_v2_final_exp_session03_CAB_exp_fp16_scalar,0,1,20260728_operand_rate_v2_final_exp_session03_CAB_exp_fp16_scalar_b0_r1_treatment,treatment,treatment,20260728_operand_rate_v2_final_exp_session03_CAB_exp_fp16_scalar_b0_r1_treatment_1785247386115,41,184139.68321192,184139.684635493,184139.6839237065,0.0014235730050131679,10.470835772488499,10600860531,true,true,5dff3859ad319cb37301e68cfc6fde00723e3a42110ca93adb44c05e97098167
softmax_whole_stage_atc_trace_v1,softmax_whole_stage_operand_rate_atc,softmax_whole_stage_operand_rate_atc_v2,20260728_operand_rate_v2_final_exp_session03_CAB,exp,fp16_scalar,20260728_operand_rate_v2_final_exp_session03_CAB_exp_fp16_scalar,0,1,20260728_operand_rate_v2_final_exp_session03_CAB_exp_fp16_scalar_b0_r1_treatment,treatment,treatment,20260728_operand_rate_v2_final_exp_session03_CAB_exp_fp16_scalar_b0_r1_treatment_1785247386115,42,184139.938420327,184139.939773994,184139.9390971605,0.0013536670012399554,10.726009226491442,10600922469,true,true,5dff3859ad319cb37301e68cfc6fde00723e3a42110ca93adb44c05e97098167
softmax_whole_stage_atc_trace_v1,softmax_whole_stage_operand_rate_atc,softmax_whole_stage_operand_rate_atc_v2,20260728_operand_rate_v2_final_exp_session03_CAB,exp,fp16_scalar,20260728_operand_rate_v2_final_exp_session03_CAB_exp_fp16_scalar,0,1,20260728_operand_rate_v2_final_exp_session03_CAB_exp_fp16_scalar_b0_r1_treatment,treatment,treatment,20260728_operand_rate_v2_final_exp_session03_CAB_exp_fp16_scalar_b0_r1_treatment_1785247386115,43,184140.19038660801,184140.19180429599,184140.191095452,0.0014176879776641726,10.978007517987862,10600964416,true,true,5dff3859ad319cb37301e68cfc6fde00723e3a42110ca93adb44c05e97098167
softmax_whole_stage_atc_trace_v1,softmax_whole_stage_operand_rate_atc,softmax_whole_stage_operand_rate_atc_v2,20260728_operand_rate_v2_final_exp_session03_CAB,exp,fp16_scalar,20260728_operand_rate_v2_final_exp_session03_CAB_exp_fp16_scalar,0,1,20260728_operand_rate_v2_final_exp_session03_CAB_exp_fp16_scalar_b0_r1_treatment,treatment,treatment,20260728_operand_rate_v2_final_exp_session03_CAB_exp_fp16_scalar_b0_r1_treatment_1785247386115,44,184140.44562169901,184140.44701300701,184140.44631735299,0.0013913080038037151,11.233229418983683,10601026253,true,true,5dff3859ad319cb37301e68cfc6fde00723e3a42110ca93adb44c05e97098167
softmax_whole_stage_atc_trace_v1,softmax_whole_stage_operand_rate_atc,softmax_whole_stage_operand_rate_atc_v2,20260728_operand_rate_v2_final_exp_session03_CAB,exp,fp16_scalar,20260728_operand_rate_v2_final_exp_session03_CAB_exp_fp16_scalar,0,1,20260728_operand_rate_v2_final_exp_session03_CAB_exp_fp16_scalar_b0_r1_treatment,treatment,treatment,20260728_operand_rate_v2_final_exp_session03_CAB_exp_fp16_scalar_b0_r1_treatment_1785247386115,45,184140.70083903399,184140.70243691301,184140.70163797349,0.0015978790179360658,11.488550039473921,10601068119,true,true,5dff3859ad319cb37301e68cfc6fde00723e3a42110ca93adb44c05e97098167
softmax_whole_stage_atc_trace_v1,softmax_whole_stage_operand_rate_atc,softmax_whole_stage_operand_rate_atc_v2,20260728_operand_rate_v2_final_exp_session03_CAB,exp,fp16_scalar,20260728_operand_rate_v2_final_exp_session03_CAB_exp_fp16_scalar,0,1,20260728_operand_rate_v2_final_exp_session03_CAB_exp_fp16_scalar_b0_r1_treatment,treatment,treatment,20260728_operand_rate_v2_final_exp_session03_CAB_exp_fp16_scalar_b0_r1_treatment_1785247386115,46,184140.95623818401,184140.95760565001,184140.95692191701,0.0013674660003744066,11.743833982996875,10601129275,true,true,5dff3859ad319cb37301e68cfc6fde00723e3a42110ca93adb44c05e97098167
softmax_whole_stage_atc_trace_v1,softmax_whole_stage_operand_rate_atc,softmax_whole_stage_operand_rate_atc_v2,20260728_operand_rate_v2_final_exp_session03_CAB,exp,fp16_scalar,20260728_operand_rate_v2_final_exp_session03_CAB_exp_fp16_scalar,0,1,20260728_operand_rate_v2_final_exp_session03_CAB_exp_fp16_scalar_b0_r1_treatment,treatment,treatment,20260728_operand_rate_v2_final_exp_session03_CAB_exp_fp16_scalar_b0_r1_treatment_1785247386115,47,184141.21143626099,184141.21447979499,184141.21295802799,0.0030435340013355017,11.999870093975915,10601170470,true,true,5dff3859ad319cb37301e68cfc6fde00723e3a42110ca93adb44c05e97098167
softmax_whole_stage_atc_trace_v1,softmax_whole_stage_operand_rate_atc,softmax_whole_stage_operand_rate_atc_v2,20260728_operand_rate_v2_final_exp_session03_CAB,exp,fp16_scalar,20260728_operand_rate_v2_final_exp_session03_CAB_exp_fp16_scalar,0,1,20260728_operand_rate_v2_final_exp_session03_CAB_exp_fp16_scalar_b0_r1_treatment,treatment,treatment,20260728_operand_rate_v2_final_exp_session03_CAB_exp_fp16_scalar_b0_r1_treatment_1785247386115,48,184141.46829005401,184141.46964625301,184141.46896815352,0.0013561990053858608,12.255880219512619,10601235014,true,true,5dff3859ad319cb37301e68cfc6fde00723e3a42110ca93adb44c05e97098167
softmax_whole_stage_atc_trace_v1,softmax_whole_stage_operand_rate_atc,softmax_whole_stage_operand_rate_atc_v2,20260728_operand_rate_v2_final_exp_session03_CAB,exp,fp16_scalar,20260728_operand_rate_v2_final_exp_session03_CAB_exp_fp16_scalar,0,1,20260728_operand_rate_v2_final_exp_session03_CAB_exp_fp16_scalar_b0_r1_treatment,treatment,treatment,20260728_operand_rate_v2_final_exp_session03_CAB_exp_fp16_scalar_b0_r1_treatment_1785247386115,49,184141.72345154101,184141.724819102,184141.72413532151,0.0013675609952770174,12.511047387495637,10601275169,true,true,5dff3859ad319cb37301e68cfc6fde00723e3a42110ca93adb44c05e97098167
softmax_whole_stage_atc_trace_v1,softmax_whole_stage_operand_rate_atc,softmax_whole_stage_operand_rate_atc_v2,20260728_operand_rate_v2_final_exp_session03_CAB,exp,fp16_scalar,20260728_operand_rate_v2_final_exp_session03_CAB_exp_fp16_scalar,0,1,20260728_operand_rate_v2_final_exp_session03_CAB_exp_fp16_scalar_b0_r1_treatment,treatment,treatment,20260728_operand_rate_v2_final_exp_session03_CAB_exp_fp16_scalar_b0_r1_treatment_1785247386115,50,184141.975654915,184141.97704428801,184141.97634960152,0.0013893730065319687,12.76326166751096,10601339044,true,true,5dff3859ad319cb37301e68cfc6fde00723e3a42110ca93adb44c05e97098167
softmax_whole_stage_atc_trace_v1,softmax_whole_stage_operand_rate_atc,softmax_whole_stage_operand_rate_atc_v2,20260728_operand_rate_v2_final_exp_session03_CAB,exp,fp16_scalar,20260728_operand_rate_v2_final_exp_session03_CAB_exp_fp16_scalar,0,1,20260728_operand_rate_v2_final_exp_session03_CAB_exp_fp16_scalar_b0_r1_treatment,treatment,treatment,20260728_operand_rate_v2_final_exp_session03_CAB_exp_fp16_scalar_b0_r1_treatment_1785247386115,51,184142.230791749,184142.23218791999,184142.23148983449,0.0013961709919385612,13.018401900480967,10601379188,true,true,5dff3859ad319cb37301e68cfc6fde00723e3a42110ca93adb44c05e97098167
softmax_whole_stage_atc_trace_v1,softmax_whole_stage_operand_rate_atc,softmax_whole_stage_operand_rate_atc_v2,20260728_operand_rate_v2_final_exp_session03_CAB,exp,fp16_scalar,20260728_operand_rate_v2_final_exp_session03_CAB_exp_fp16_scalar,0,1,20260728_operand_rate_v2_final_exp_session03_CAB_exp_fp16_scalar_b0_r1_treatment,treatment,treatment,20260728_operand_rate_v2_final_exp_session03_CAB_exp_fp16_scalar_b0_r1_treatment_1785247386115,52,184142.48598539599,184142.487449437,184142.4867174165,0.0014640410081483424,13.273629482486285,10601443110,true,false,5dff3859ad319cb37301e68cfc6fde00723e3a42110ca93adb44c05e97098167
softmax_whole_stage_atc_trace_v1,softmax_whole_stage_operand_rate_atc,softmax_whole_stage_operand_rate_atc_v2,20260728_operand_rate_v2_final_exp_session03_CAB,exp,fp16_scalar,20260728_operand_rate_v2_final_exp_session03_CAB_exp_fp16_scalar,0,1,20260728_operand_rate_v2_final_exp_session03_CAB_exp_fp16_scalar_b0_r1_treatment,treatment,treatment,20260728_operand_rate_v2_final_exp_session03_CAB_exp_fp16_scalar_b0_r1_treatment_1785247386115,53,184142.74125584101,184142.74265282301,184142.74195433201,0.0013969819992780685,13.52886639800272,10601481988,true,false,5dff3859ad319cb37301e68cfc6fde00723e3a42110ca93adb44c05e97098167
softmax_whole_stage_atc_trace_v1,softmax_whole_stage_operand_rate_atc,softmax_whole_stage_operand_rate_atc_v2,20260728_operand_rate_v2_final_exp_session03_CAB,exp,fp16_scalar,20260728_operand_rate_v2_final_exp_session03_CAB_exp_fp16_scalar,0,1,20260728_operand_rate_v2_final_exp_session03_CAB_exp_fp16_scalar_b0_r1_treatment,treatment,treatment,20260728_operand_rate_v2_final_exp_session03_CAB_exp_fp16_scalar_b0_r1_treatment_1785247386115,54,184142.996446342,184142.99940841101,184142.99792737651,0.0029620690038427711,13.784839442494558,10601527523,true,false,5dff3859ad319cb37301e68cfc6fde00723e3a42110ca93adb44c05e97098167
softmax_whole_stage_atc_trace_v1,softmax_whole_stage_operand_rate_atc,softmax_whole_stage_operand_rate_atc_v2,20260728_operand_rate_v2_final_exp_session03_CAB,exp,fp16_scalar,20260728_operand_rate_v2_final_exp_session03_CAB_exp_fp16_scalar,0,1,20260728_operand_rate_v2_final_exp_session03_CAB_exp_fp16_scalar_b0_r1_treatment,treatment,treatment,20260728_operand_rate_v2_final_exp_session03_CAB_exp_fp16_scalar_b0_r1_treatment_1785247386115,55,184142.999420484,184143.00073721801,184143.00007885101,0.0013167340075597167,13.786990916996729,10601527523,false,false,5dff3859ad319cb37301e68cfc6fde00723e3a42110ca93adb44c05e97098167
softmax_whole_stage_atc_trace_v1,softmax_whole_stage_operand_rate_atc,softmax_whole_stage_operand_rate_atc_v2,20260728_operand_rate_v2_final_exp_session03_CAB,exp,fp16_scalar,20260728_operand_rate_v2_final_exp_session03_CAB_exp_fp16_scalar,0,2,20260728_operand_rate_v2_final_exp_session03_CAB_exp_fp16_scalar_b0_r2_control,control,control,20260728_operand_rate_v2_final_exp_session03_CAB_exp_fp16_scalar_b0_r2_control_1785247400922,0,184144.02766694699,184144.029198251,184144.02843259898,0.0015313040057662874,0.0008641609747428447,10601660755,false,false,5dff3859ad319cb37301e68cfc6fde00723e3a42110ca93adb44c05e97098167
softmax_whole_stage_atc_trace_v1,softmax_whole_stage_operand_rate_atc,softmax_whole_stage_operand_rate_atc_v2,20260728_operand_rate_v2_final_exp_session03_CAB,exp,fp16_scalar,20260728_operand_rate_v2_final_exp_session03_CAB_exp_fp16_scalar,0,2,20260728_operand_rate_v2_final_exp_session03_CAB_exp_fp16_scalar_b0_r2_control,control,control,20260728_operand_rate_v2_final_exp_session03_CAB_exp_fp16_scalar_b0_r2_control_1785247400922,1,184144.28136713101,184144.28280022999,184144.2820836805,0.0014330989797599614,0.25451524250092916,10601696691,true,false,5dff3859ad319cb37301e68cfc6fde00723e3a42110ca93adb44c05e97098167
softmax_whole_stage_atc_trace_v1,softmax_whole_stage_operand_rate_atc,softmax_whole_stage_operand_rate_atc_v2,20260728_operand_rate_v2_final_exp_session03_CAB,exp,fp16_scalar,20260728_operand_rate_v2_final_exp_session03_CAB_exp_fp16_scalar,0,2,20260728_operand_rate_v2_final_exp_session03_CAB_exp_fp16_scalar_b0_r2_control,control,control,20260728_operand_rate_v2_final_exp_session03_CAB_exp_fp16_scalar_b0_r2_control_1785247400922,2,184144.53661059099,184144.541069064,184144.5388398275,0.004458473005797714,0.51127138949232176,10601759145,true,false,5dff3859ad319cb37301e68cfc6fde00723e3a42110ca93adb44c05e97098167
softmax_whole_stage_atc_trace_v1,softmax_whole_stage_operand_rate_atc,softmax_whole_stage_operand_rate_atc_v2,20260728_operand_rate_v2_final_exp_session03_CAB,exp,fp16_scalar,20260728_operand_rate_v2_final_exp_session03_CAB_exp_fp16_scalar,0,2,20260728_operand_rate_v2_final_exp_session03_CAB_exp_fp16_scalar_b0_r2_control,control,control,20260728_operand_rate_v2_final_exp_session03_CAB_exp_fp16_scalar_b0_r2_control_1785247400922,3,184144.79486998901,184144.796287262,184144.79557862552,0.0014172729861456901,0.76801018751575612,10601801333,true,true,5dff3859ad319cb37301e68cfc6fde00723e3a42110ca93adb44c05e97098167
softmax_whole_stage_atc_trace_v1,softmax_whole_stage_operand_rate_atc,softmax_whole_stage_operand_rate_atc_v2,20260728_operand_rate_v2_final_exp_session03_CAB,exp,fp16_scalar,20260728_operand_rate_v2_final_exp_session03_CAB_exp_fp16_scalar,0,2,20260728_operand_rate_v2_final_exp_session03_CAB_exp_fp16_scalar_b0_r2_control,control,control,20260728_operand_rate_v2_final_exp_session03_CAB_exp_fp16_scalar_b0_r2_control_1785247400922,4,184145.046642906,184145.04866919,184145.047656048,0.0020262839971110225,1.0200876099988818,10601862635,true,true,5dff3859ad319cb37301e68cfc6fde00723e3a42110ca93adb44c05e97098167
softmax_whole_stage_atc_trace_v1,softmax_whole_stage_operand_rate_atc,softmax_whole_stage_operand_rate_atc_v2,20260728_operand_rate_v2_final_exp_session03_CAB,exp,fp16_scalar,20260728_operand_rate_v2_final_exp_session03_CAB_exp_fp16_scalar,0,2,20260728_operand_rate_v2_final_exp_session03_CAB_exp_fp16_scalar_b0_r2_control,control,control,20260728_operand_rate_v2_final_exp_session03_CAB_exp_fp16_scalar_b0_r2_control_1785247400922,5,184145.302487565,184145.30390960499,184145.303198585,0.0014220399898476899,1.2756301469926257,10601904893,true,true,5dff3859ad319cb37301e68cfc6fde00723e3a42110ca93adb44c05e97098167
softmax_whole_stage_atc_trace_v1,softmax_whole_stage_operand_rate_atc,softmax_whole_stage_operand_rate_atc_v2,20260728_operand_rate_v2_final_exp_session03_CAB,exp,fp16_scalar,20260728_operand_rate_v2_final_exp_session03_CAB_exp_fp16_scalar,0,2,20260728_operand_rate_v2_final_exp_session03_CAB_exp_fp16_scalar_b0_r2_control,control,control,20260728_operand_rate_v2_final_exp_session03_CAB_exp_fp16_scalar_b0_r2_control_1785247400922,6,184145.557671066,184145.559916383,184145.55879372451,0.0022453170095104724,1.5312252865114715,10601966230,true,true,5dff3859ad319cb37301e68cfc6fde00723e3a42110ca93adb44c05e97098167
softmax_whole_stage_atc_trace_v1,softmax_whole_stage_operand_rate_atc,softmax_whole_stage_operand_rate_atc_v2,20260728_operand_rate_v2_final_exp_session03_CAB,exp,fp16_scalar,20260728_operand_rate_v2_final_exp_session03_CAB_exp_fp16_scalar,0,2,20260728_operand_rate_v2_final_exp_session03_CAB_exp_fp16_scalar_b0_r2_control,control,control,20260728_operand_rate_v2_final_exp_session03_CAB_exp_fp16_scalar_b0_r2_control_1785247400922,7,184145.81372583,184145.81940394899,184145.81656488951,0.0056781189923640341,1.788996451505227,10602029241,true,true,5dff3859ad319cb37301e68cfc6fde00723e3a42110ca93adb44c05e97098167
softmax_whole_stage_atc_trace_v1,softmax_whole_stage_operand_rate_atc,softmax_whole_stage_operand_rate_atc_v2,20260728_operand_rate_v2_final_exp_session03_CAB,exp,fp16_scalar,20260728_operand_rate_v2_final_exp_session03_CAB_exp_fp16_scalar,0,2,20260728_operand_rate_v2_final_exp_session03_CAB_exp_fp16_scalar_b0_r2_control,control,control,20260728_operand_rate_v2_final_exp_session03_CAB_exp_fp16_scalar_b0_r2_control_1785247400922,8,184146.070681785,184146.07222272601,184146.07145225551,0.0015409410116262734,2.0438838175032288,10602071544,true,true,5dff3859ad319cb37301e68cfc6fde00723e3a42110ca93adb44c05e97098167
softmax_whole_stage_atc_trace_v1,softmax_whole_stage_operand_rate_atc,softmax_whole_stage_operand_rate_atc_v2,20260728_operand_rate_v2_final_exp_session03_CAB,exp,fp16_scalar,20260728_operand_rate_v2_final_exp_session03_CAB_exp_fp16_scalar,0,2,20260728_operand_rate_v2_final_exp_session03_CAB_exp_fp16_scalar_b0_r2_control,control,control,20260728_operand_rate_v2_final_exp_session03_CAB_exp_fp16_scalar_b0_r2_control_1785247400922,9,184146.32600224501,184146.32739740101,184146.32669982302,0.0013951559958513826,2.2991313850216102,10602133500,true,true,5dff3859ad319cb37301e68cfc6fde00723e3a42110ca93adb44c05e97098167
softmax_whole_stage_atc_trace_v1,softmax_whole_stage_operand_rate_atc,softmax_whole_stage_operand_rate_atc_v2,20260728_operand_rate_v2_final_exp_session03_CAB,exp,fp16_scalar,20260728_operand_rate_v2_final_exp_session03_CAB_exp_fp16_scalar,0,2,20260728_operand_rate_v2_final_exp_session03_CAB_exp_fp16_scalar_b0_r2_control,control,control,20260728_operand_rate_v2_final_exp_session03_CAB_exp_fp16_scalar_b0_r2_control_1785247400922,10,184146.57950896199,184146.58095027899,184146.58022962051,0.0014413169992621988,2.5526611825043801,10602175633,true,true,5dff3859ad319cb37301e68cfc6fde00723e3a42110ca93adb44c05e97098167
softmax_whole_stage_atc_trace_v1,softmax_whole_stage_operand_rate_atc,softmax_whole_stage_operand_rate_atc_v2,20260728_operand_rate_v2_final_exp_session03_CAB,exp,fp16_scalar,20260728_operand_rate_v2_final_exp_session03_CAB_exp_fp16_scalar,0,2,20260728_operand_rate_v2_final_exp_session03_CAB_exp_fp16_scalar_b0_r2_control,control,control,20260728_operand_rate_v2_final_exp_session03_CAB_exp_fp16_scalar_b0_r2_control_1785247400922,11,184146.83276905201,184146.83419028099,184146.8334796665,0.0014212289825081825,2.8059112284972798,10602237315,true,true,5dff3859ad319cb37301e68cfc6fde00723e3a42110ca93adb44c05e97098167
softmax_whole_stage_atc_trace_v1,softmax_whole_stage_operand_rate_atc,softmax_whole_stage_operand_rate_atc_v2,20260728_operand_rate_v2_final_exp_session03_CAB,exp,fp16_scalar,20260728_operand_rate_v2_final_exp_session03_CAB_exp_fp16_scalar,0,2,20260728_operand_rate_v2_final_exp_session03_CAB_exp_fp16_scalar_b0_r2_control,control,control,20260728_operand_rate_v2_final_exp_session03_CAB_exp_fp16_scalar_b0_r2_control_1785247400922,12,184147.08440734301,184147.08577145499,184147.08508939901,0.0013641119876410812,3.0575209610105958,10602279565,true,true,5dff3859ad319cb37301e68cfc6fde00723e3a42110ca93adb44c05e97098167
softmax_whole_stage_atc_trace_v1,softmax_whole_stage_operand_rate_atc,softmax_whole_stage_operand_rate_atc_v2,20260728_operand_rate_v2_final_exp_session03_CAB,exp,fp16_scalar,20260728_operand_rate_v2_final_exp_session03_CAB_exp_fp16_scalar,0,2,20260728_operand_rate_v2_final_exp_session03_CAB_exp_fp16_scalar_b0_r2_control,control,control,20260728_operand_rate_v2_final_exp_session03_CAB_exp_fp16_scalar_b0_r2_control_1785247400922,13,184147.33794723501,184147.34032453899,184147.33913588698,0.0023773039865773171,3.3115674489818048,10602341671,true,true,5dff3859ad319cb37301e68cfc6fde00723e3a42110ca93adb44c05e97098167
softmax_whole_stage_atc_trace_v1,softmax_whole_stage_operand_rate_atc,softmax_whole_stage_operand_rate_atc_v2,20260728_operand_rate_v2_final_exp_session03_CAB,exp,fp16_scalar,20260728_operand_rate_v2_final_exp_session03_CAB_exp_fp16_scalar,0,2,20260728_operand_rate_v2_final_exp_session03_CAB_exp_fp16_scalar_b0_r2_control,control,control,20260728_operand_rate_v2_final_exp_session03_CAB_exp_fp16_scalar_b0_r2_control_1785247400922,14,184147.59412252199,184147.595589506,184147.59485601401,0.0014669840165879577,3.5672875760064926,10602384044,true,true,5dff3859ad319cb37301e68cfc6fde00723e3a42110ca93adb44c05e97098167
softmax_whole_stage_atc_trace_v1,softmax_whole_stage_operand_rate_atc,softmax_whole_stage_operand_rate_atc_v2,20260728_operand_rate_v2_final_exp_session03_CAB,exp,fp16_scalar,20260728_operand_rate_v2_final_exp_session03_CAB_exp_fp16_scalar,0,2,20260728_operand_rate_v2_final_exp_session03_CAB_exp_fp16_scalar_b0_r2_control,control,control,20260728_operand_rate_v2_final_exp_session03_CAB_exp_fp16_scalar_b0_r2_control_1785247400922,15,184147.849331184,184147.85069519401,184147.85001318902,0.0013640100078191608,3.8224447510147002,10602445573,true,true,5dff3859ad319cb37301e68cfc6fde00723e3a42110ca93adb44c05e97098167
softmax_whole_stage_atc_trace_v1,softmax_whole_stage_operand_rate_atc,softmax_whole_stage_operand_rate_atc_v2,20260728_operand_rate_v2_final_exp_session03_CAB,exp,fp16_scalar,20260728_operand_rate_v2_final_exp_session03_CAB_exp_fp16_scalar,0,2,20260728_operand_rate_v2_final_exp_session03_CAB_exp_fp16_scalar_b0_r2_control,control,control,20260728_operand_rate_v2_final_exp_session03_CAB_exp_fp16_scalar_b0_r2_control_1785247400922,16,184148.10133733699,184148.102819944,184148.10207864048,0.0014826070109847933,4.0745102024811786,10602487234,true,true,5dff3859ad319cb37301e68cfc6fde00723e3a42110ca93adb44c05e97098167
softmax_whole_stage_atc_trace_v1,softmax_whole_stage_operand_rate_atc,softmax_whole_stage_operand_rate_atc_v2,20260728_operand_rate_v2_final_exp_session03_CAB,exp,fp16_scalar,20260728_operand_rate_v2_final_exp_session03_CAB_exp_fp16_scalar,0,2,20260728_operand_rate_v2_final_exp_session03_CAB_exp_fp16_scalar_b0_r2_control,control,control,20260728_operand_rate_v2_final_exp_session03_CAB_exp_fp16_scalar_b0_r2_control_1785247400922,17,184148.3560847,184148.357507045,184148.3567958725,0.0014223449979908764,4.3292274345003534,10602548622,true,true,5dff3859ad319cb37301e68cfc6fde00723e3a42110ca93adb44c05e97098167
softmax_whole_stage_atc_trace_v1,softmax_whole_stage_operand_rate_atc,softmax_whole_stage_operand_rate_atc_v2,20260728_operand_rate_v2_final_exp_session03_CAB,exp,fp16_scalar,20260728_operand_rate_v2_final_exp_session03_CAB_exp_fp16_scalar,0,2,20260728_operand_rate_v2_final_exp_session03_CAB_exp_fp16_scalar_b0_r2_control,control,control,20260728_operand_rate_v2_final_exp_session03_CAB_exp_fp16_scalar_b0_r2_control_1785247400922,18,184148.61123380999,184148.612650372,184148.611942091,0.0014165620086714625,4.5843736529932357,10602590307,true,true,5dff3859ad319cb37301e68cfc6fde00723e3a42110ca93adb44c05e97098167
softmax_whole_stage_atc_trace_v1,softmax_whole_stage_operand_rate_atc,softmax_whole_stage_operand_rate_atc_v2,20260728_operand_rate_v2_final_exp_session03_CAB,exp,fp16_scalar,20260728_operand_rate_v2_final_exp_session03_CAB_exp_fp16_scalar,0,2,20260728_operand_rate_v2_final_exp_session03_CAB_exp_fp16_scalar_b0_r2_control,control,control,20260728_operand_rate_v2_final_exp_session03_CAB_exp_fp16_scalar_b0_r2_control_1785247400922,19,184148.86343373501,184148.86485121,184148.86414247251,0.0014174749958328903,4.8365740345034283,10602651114,true,true,5dff3859ad319cb37301e68cfc6fde00723e3a42110ca93adb44c05e97098167
softmax_whole_stage_atc_trace_v1,softmax_whole_stage_operand_rate_atc,softmax_whole_stage_operand_rate_atc_v2,20260728_operand_rate_v2_final_exp_session03_CAB,exp,fp16_scalar,20260728_operand_rate_v2_final_exp_session03_CAB_exp_fp16_scalar,0,2,20260728_operand_rate_v2_final_exp_session03_CAB_exp_fp16_scalar_b0_r2_control,control,control,20260728_operand_rate_v2_final_exp_session03_CAB_exp_fp16_scalar_b0_r2_control_1785247400922,20,184149.11531175501,184149.116774275,184149.116043015,0.0014625199837610126,5.0884745770017616,10602692740,true,true,5dff3859ad319cb37301e68cfc6fde00723e3a42110ca93adb44c05e97098167
softmax_whole_stage_atc_trace_v1,softmax_whole_stage_operand_rate_atc,softmax_whole_stage_operand_rate_atc_v2,20260728_operand_rate_v2_final_exp_session03_CAB,exp,fp16_scalar,20260728_operand_rate_v2_final_exp_session03_CAB_exp_fp16_scalar,0,2,20260728_operand_rate_v2_final_exp_session03_CAB_exp_fp16_scalar_b0_r2_control,control,control,20260728_operand_rate_v2_final_exp_session03_CAB_exp_fp16_scalar_b0_r2_control_1785247400922,21,184149.36721758099,184149.368709034,184149.36796330748,0.0014914530038367957,5.3403948694758583,10602754172,true,true,5dff3859ad319cb37301e68cfc6fde00723e3a42110ca93adb44c05e97098167
softmax_whole_stage_atc_trace_v1,softmax_whole_stage_operand_rate_atc,softmax_whole_stage_operand_rate_atc_v2,20260728_operand_rate_v2_final_exp_session03_CAB,exp,fp16_scalar,20260728_operand_rate_v2_final_exp_session03_CAB_exp_fp16_scalar,0,2,20260728_operand_rate_v2_final_exp_session03_CAB_exp_fp16_scalar_b0_r2_control,control,control,20260728_operand_rate_v2_final_exp_session03_CAB_exp_fp16_scalar_b0_r2_control_1785247400922,22,184149.619804446,184149.621262014,184149.62053323002,0.0014575679961126298,5.5929647920129355,10602796517,true,true,5dff3859ad319cb37301e68cfc6fde00723e3a42110ca93adb44c05e97098167
softmax_whole_stage_atc_trace_v1,softmax_whole_stage_operand_rate_atc,softmax_whole_stage_operand_rate_atc_v2,20260728_operand_rate_v2_final_exp_session03_CAB,exp,fp16_scalar,20260728_operand_rate_v2_final_exp_session03_CAB_exp_fp16_scalar,0,2,20260728_operand_rate_v2_final_exp_session03_CAB_exp_fp16_scalar_b0_r2_control,control,control,20260728_operand_rate_v2_final_exp_session03_CAB_exp_fp16_scalar_b0_r2_control_1785247400922,23,184149.87507706301,184149.876601692,184149.87583937752,0.0015246289840433747,5.8482709395175334,10602858570,true,true,5dff3859ad319cb37301e68cfc6fde00723e3a42110ca93adb44c05e97098167
softmax_whole_stage_atc_trace_v1,softmax_whole_stage_operand_rate_atc,softmax_whole_stage_operand_rate_atc_v2,20260728_operand_rate_v2_final_exp_session03_CAB,exp,fp16_scalar,20260728_operand_rate_v2_final_exp_session03_CAB_exp_fp16_scalar,0,2,20260728_operand_rate_v2_final_exp_session03_CAB_exp_fp16_scalar_b0_r2_control,control,control,20260728_operand_rate_v2_final_exp_session03_CAB_exp_fp16_scalar_b0_r2_control_1785247400922,24,184150.12729829299,184150.12875342701,184150.12802586,0.0014551340136677027,6.1004574219987262,10602900773,true,true,5dff3859ad319cb37301e68cfc6fde00723e3a42110ca93adb44c05e97098167
softmax_whole_stage_atc_trace_v1,softmax_whole_stage_operand_rate_atc,softmax_whole_stage_operand_rate_atc_v2,20260728_operand_rate_v2_final_exp_session03_CAB,exp,fp16_scalar,20260728_operand_rate_v2_final_exp_session03_CAB_exp_fp16_scalar,0,2,20260728_operand_rate_v2_final_exp_session03_CAB_exp_fp16_scalar_b0_r2_control,control,control,20260728_operand_rate_v2_final_exp_session03_CAB_exp_fp16_scalar_b0_r2_control_1785247400922,25,184150.38255741799,184150.38399408699,184150.38327575248,0.0014366690011229366,6.3557073144766036,10602962803,true,true,5dff3859ad319cb37301e68cfc6fde00723e3a42110ca93adb44c05e97098167
softmax_whole_stage_atc_trace_v1,softmax_whole_stage_operand_rate_atc,softmax_whole_stage_operand_rate_atc_v2,20260728_operand_rate_v2_final_exp_session03_CAB,exp,fp16_scalar,20260728_operand_rate_v2_final_exp_session03_CAB_exp_fp16_scalar,0,2,20260728_operand_rate_v2_final_exp_session03_CAB_exp_fp16_scalar_b0_r2_control,control,control,20260728_operand_rate_v2_final_exp_session03_CAB_exp_fp16_scalar_b0_r2_control_1785247400922,26,184150.63777190301,184150.639234139,184150.63850302101,0.0014622359885834157,6.610934583004564,10603004976,true,true,5dff3859ad319cb37301e68cfc6fde00723e3a42110ca93adb44c05e97098167
softmax_whole_stage_atc_trace_v1,softmax_whole_stage_operand_rate_atc,softmax_whole_stage_operand_rate_atc_v2,20260728_operand_rate_v2_final_exp_session03_CAB,exp,fp16_scalar,20260728_operand_rate_v2_final_exp_session03_CAB_exp_fp16_scalar,0,2,20260728_operand_rate_v2_final_exp_session03_CAB_exp_fp16_scalar_b0_r2_control,control,control,20260728_operand_rate_v2_final_exp_session03_CAB_exp_fp16_scalar_b0_r2_control_1785247400922,27,184150.89090245299,184150.89227520701,184150.89158882998,0.0013727540208492428,6.8640203919785563,10603066331,true,true,5dff3859ad319cb37301e68cfc6fde00723e3a42110ca93adb44c05e97098167
softmax_whole_stage_atc_trace_v1,softmax_whole_stage_operand_rate_atc,softmax_whole_stage_operand_rate_atc_v2,20260728_operand_rate_v2_final_exp_session03_CAB,exp,fp16_scalar,20260728_operand_rate_v2_final_exp_session03_CAB_exp_fp16_scalar,0,2,20260728_operand_rate_v2_final_exp_session03_CAB_exp_fp16_scalar_b0_r2_control,control,control,20260728_operand_rate_v2_final_exp_session03_CAB_exp_fp16_scalar_b0_r2_control_1785247400922,28,184151.142442835,184151.14387098199,184151.14315690851,0.0014281469921115786,7.115588470507646,10603108274,true,true,5dff3859ad319cb37301e68cfc6fde00723e3a42110ca93adb44c05e97098167
softmax_whole_stage_atc_trace_v1,softmax_whole_stage_operand_rate_atc,softmax_whole_stage_operand_rate_atc_v2,20260728_operand_rate_v2_final_exp_session03_CAB,exp,fp16_scalar,20260728_operand_rate_v2_final_exp_session03_CAB_exp_fp16_scalar,0,2,20260728_operand_rate_v2_final_exp_session03_CAB_exp_fp16_scalar_b0_r2_control,control,control,20260728_operand_rate_v2_final_exp_session03_CAB_exp_fp16_scalar_b0_r2_control_1785247400922,29,184151.397173087,184151.39850860799,184151.39784084749,0.0013355209957808256,7.3702724094910081,10603170167,true,true,5dff3859ad319cb37301e68cfc6fde00723e3a42110ca93adb44c05e97098167
softmax_whole_stage_atc_trace_v1,softmax_whole_stage_operand_rate_atc,softmax_whole_stage_operand_rate_atc_v2,20260728_operand_rate_v2_final_exp_session03_CAB,exp,fp16_scalar,20260728_operand_rate_v2_final_exp_session03_CAB_exp_fp16_scalar,0,2,20260728_operand_rate_v2_final_exp_session03_CAB_exp_fp16_scalar_b0_r2_control,control,control,20260728_operand_rate_v2_final_exp_session03_CAB_exp_fp16_scalar_b0_r2_control_1785247400922,30,184151.65231878799,184151.65374774701,184151.6530332675,0.0014289590180851519,7.6254648294998333,10603212241,true,true,5dff3859ad319cb37301e68cfc6fde00723e3a42110ca93adb44c05e97098167
softmax_whole_stage_atc_trace_v1,softmax_whole_stage_operand_rate_atc,softmax_whole_stage_operand_rate_atc_v2,20260728_operand_rate_v2_final_exp_session03_CAB,exp,fp16_scalar,20260728_operand_rate_v2_final_exp_session03_CAB_exp_fp16_scalar,0,2,20260728_operand_rate_v2_final_exp_session03_CAB_exp_fp16_scalar_b0_r2_control,control,control,20260728_operand_rate_v2_final_exp_session03_CAB_exp_fp16_scalar_b0_r2_control_1785247400922,31,184151.90755204199,184151.908967508,184151.90825977499,0.0014154660166241229,7.8806913369917311,10603273442,true,true,5dff3859ad319cb37301e68cfc6fde00723e3a42110ca93adb44c05e97098167
softmax_whole_stage_atc_trace_v1,softmax_whole_stage_operand_rate_atc,softmax_whole_stage_operand_rate_atc_v2,20260728_operand_rate_v2_final_exp_session03_CAB,exp,fp16_scalar,20260728_operand_rate_v2_final_exp_session03_CAB_exp_fp16_scalar,0,2,20260728_operand_rate_v2_final_exp_session03_CAB_exp_fp16_scalar_b0_r2_control,control,control,20260728_operand_rate_v2_final_exp_session03_CAB_exp_fp16_scalar_b0_r2_control_1785247400922,32,184152.15940337599,184152.16076730401,184152.16008534,0.0013639280223287642,8.132516901998315,10603314771,true,true,5dff3859ad319cb37301e68cfc6fde00723e3a42110ca93adb44c05e97098167
softmax_whole_stage_atc_trace_v1,softmax_whole_stage_operand_rate_atc,softmax_whole_stage_operand_rate_atc_v2,20260728_operand_rate_v2_final_exp_session03_CAB,exp,fp16_scalar,20260728_operand_rate_v2_final_exp_session03_CAB_exp_fp16_scalar,0,2,20260728_operand_rate_v2_final_exp_session03_CAB_exp_fp16_scalar_b0_r2_control,control,control,20260728_operand_rate_v2_final_exp_session03_CAB_exp_fp16_scalar_b0_r2_control_1785247400922,33,184152.41405114799,184152.41545170001,184152.41475142399,0.0014005520206410438,8.3871829859854188,10603375955,true,true,5dff3859ad319cb37301e68cfc6fde00723e3a42110ca93adb44c05e97098167
softmax_whole_stage_atc_trace_v1,softmax_whole_stage_operand_rate_atc,softmax_whole_stage_operand_rate_atc_v2,20260728_operand_rate_v2_final_exp_session03_CAB,exp,fp16_scalar,20260728_operand_rate_v2_final_exp_session03_CAB_exp_fp16_scalar,0,2,20260728_operand_rate_v2_final_exp_session03_CAB_exp_fp16_scalar_b0_r2_control,control,control,20260728_operand_rate_v2_final_exp_session03_CAB_exp_fp16_scalar_b0_r2_control_1785247400922,34,184152.669256705,184152.67072675299,184152.669991729,0.0014700479805469513,8.6424232909921557,10603417406,true,true,5dff3859ad319cb37301e68cfc6fde00723e3a42110ca93adb44c05e97098167
softmax_whole_stage_atc_trace_v1,softmax_whole_stage_operand_rate_atc,softmax_whole_stage_operand_rate_atc_v2,20260728_operand_rate_v2_final_exp_session03_CAB,exp,fp16_scalar,20260728_operand_rate_v2_final_exp_session03_CAB_exp_fp16_scalar,0,2,20260728_operand_rate_v2_final_exp_session03_CAB_exp_fp16_scalar_b0_r2_control,control,control,20260728_operand_rate_v2_final_exp_session03_CAB_exp_fp16_scalar_b0_r2_control_1785247400922,35,184152.92449422099,184152.92586352499,184152.925178873,0.0013693039945792407,8.897610435000388,10603478010,true,true,5dff3859ad319cb37301e68cfc6fde00723e3a42110ca93adb44c05e97098167
softmax_whole_stage_atc_trace_v1,softmax_whole_stage_operand_rate_atc,softmax_whole_stage_operand_rate_atc_v2,20260728_operand_rate_v2_final_exp_session03_CAB,exp,fp16_scalar,20260728_operand_rate_v2_final_exp_session03_CAB_exp_fp16_scalar,0,2,20260728_operand_rate_v2_final_exp_session03_CAB_exp_fp16_scalar_b0_r2_control,control,control,20260728_operand_rate_v2_final_exp_session03_CAB_exp_fp16_scalar_b0_r2_control_1785247400922,36,184153.17619783999,184153.177618277,184153.17690805849,0.0014204370090737939,9.1493396204896271,10603518705,true,true,5dff3859ad319cb37301e68cfc6fde00723e3a42110ca93adb44c05e97098167
softmax_whole_stage_atc_trace_v1,softmax_whole_stage_operand_rate_atc,softmax_whole_stage_operand_rate_atc_v2,20260728_operand_rate_v2_final_exp_session03_CAB,exp,fp16_scalar,20260728_operand_rate_v2_final_exp_session03_CAB_exp_fp16_scalar,0,2,20260728_operand_rate_v2_final_exp_session03_CAB_exp_fp16_scalar_b0_r2_control,control,control,20260728_operand_rate_v2_final_exp_session03_CAB_exp_fp16_scalar_b0_r2_control_1785247400922,37,184153.42827531201,184153.42970721301,184153.42899126251,0.0014319010078907013,9.4014228245068807,10603579241,true,true,5dff3859ad319cb37301e68cfc6fde00723e3a42110ca93adb44c05e97098167
softmax_whole_stage_atc_trace_v1,softmax_whole_stage_operand_rate_atc,softmax_whole_stage_operand_rate_atc_v2,20260728_operand_rate_v2_final_exp_session03_CAB,exp,fp16_scalar,20260728_operand_rate_v2_final_exp_session03_CAB_exp_fp16_scalar,0,2,20260728_operand_rate_v2_final_exp_session03_CAB_exp_fp16_scalar_b0_r2_control,control,control,20260728_operand_rate_v2_final_exp_session03_CAB_exp_fp16_scalar_b0_r2_control_1785247400922,38,184153.683475492,184153.684901509,184153.68418850051,0.0014260169991757721,9.6566200625093188,10603620665,true,true,5dff3859ad319cb37301e68cfc6fde00723e3a42110ca93adb44c05e97098167
softmax_whole_stage_atc_trace_v1,softmax_whole_stage_operand_rate_atc,softmax_whole_stage_operand_rate_atc_v2,20260728_operand_rate_v2_final_exp_session03_CAB,exp,fp16_scalar,20260728_operand_rate_v2_final_exp_session03_CAB_exp_fp16_scalar,0,2,20260728_operand_rate_v2_final_exp_session03_CAB_exp_fp16_scalar_b0_r2_control,control,control,20260728_operand_rate_v2_final_exp_session03_CAB_exp_fp16_scalar_b0_r2_control_1785247400922,39,184153.93870529701,184153.94018934501,184153.939447321,0.0014840479998383671,9.9118788829946425,10603681236,true,true,5dff3859ad319cb37301e68cfc6fde00723e3a42110ca93adb44c05e97098167
softmax_whole_stage_atc_trace_v1,softmax_whole_stage_operand_rate_atc,softmax_whole_stage_operand_rate_atc_v2,20260728_operand_rate_v2_final_exp_session03_CAB,exp,fp16_scalar,20260728_operand_rate_v2_final_exp_session03_CAB_exp_fp16_scalar,0,2,20260728_operand_rate_v2_final_exp_session03_CAB_exp_fp16_scalar_b0_r2_control,control,control,20260728_operand_rate_v2_final_exp_session03_CAB_exp_fp16_scalar_b0_r2_control_1785247400922,40,184154.19042007599,184154.191912849,184154.19116646249,0.0014927730080671608,10.163598024490057,10603721991,true,true,5dff3859ad319cb37301e68cfc6fde00723e3a42110ca93adb44c05e97098167
softmax_whole_stage_atc_trace_v1,softmax_whole_stage_operand_rate_atc,softmax_whole_stage_operand_rate_atc_v2,20260728_operand_rate_v2_final_exp_session03_CAB,exp,fp16_scalar,20260728_operand_rate_v2_final_exp_session03_CAB_exp_fp16_scalar,0,2,20260728_operand_rate_v2_final_exp_session03_CAB_exp_fp16_scalar_b0_r2_control,control,control,20260728_operand_rate_v2_final_exp_session03_CAB_exp_fp16_scalar_b0_r2_control_1785247400922,41,184154.44572728901,184154.44716050901,184154.44644389901,0.0014332199934870005,10.418875461007701,10603782680,true,true,5dff3859ad319cb37301e68cfc6fde00723e3a42110ca93adb44c05e97098167
softmax_whole_stage_atc_trace_v1,softmax_whole_stage_operand_rate_atc,softmax_whole_stage_operand_rate_atc_v2,20260728_operand_rate_v2_final_exp_session03_CAB,exp,fp16_scalar,20260728_operand_rate_v2_final_exp_session03_CAB_exp_fp16_scalar,0,2,20260728_operand_rate_v2_final_exp_session03_CAB_exp_fp16_scalar_b0_r2_control,control,control,20260728_operand_rate_v2_final_exp_session03_CAB_exp_fp16_scalar_b0_r2_control_1785247400922,42,184154.70096023899,184154.70340889701,184154.70218456798,0.0024486580223310739,10.674616129981587,10603823508,true,true,5dff3859ad319cb37301e68cfc6fde00723e3a42110ca93adb44c05e97098167
softmax_whole_stage_atc_trace_v1,softmax_whole_stage_operand_rate_atc,softmax_whole_stage_operand_rate_atc_v2,20260728_operand_rate_v2_final_exp_session03_CAB,exp,fp16_scalar,20260728_operand_rate_v2_final_exp_session03_CAB_exp_fp16_scalar,0,2,20260728_operand_rate_v2_final_exp_session03_CAB_exp_fp16_scalar_b0_r2_control,control,control,20260728_operand_rate_v2_final_exp_session03_CAB_exp_fp16_scalar_b0_r2_control_1785247400922,43,184154.955516602,184154.95691390801,184154.95621525502,0.0013973060122225434,10.928646817017579,10603887630,true,true,5dff3859ad319cb37301e68cfc6fde00723e3a42110ca93adb44c05e97098167
softmax_whole_stage_atc_trace_v1,softmax_whole_stage_operand_rate_atc,softmax_whole_stage_operand_rate_atc_v2,20260728_operand_rate_v2_final_exp_session03_CAB,exp,fp16_scalar,20260728_operand_rate_v2_final_exp_session03_CAB_exp_fp16_scalar,0,2,20260728_operand_rate_v2_final_exp_session03_CAB_exp_fp16_scalar_b0_r2_control,control,control,20260728_operand_rate_v2_final_exp_session03_CAB_exp_fp16_scalar_b0_r2_control_1785247400922,44,184155.20705221599,184155.21049460201,184155.20877340902,0.0034423860197421163,11.181204971013358,10603927960,true,true,5dff3859ad319cb37301e68cfc6fde00723e3a42110ca93adb44c05e97098167
softmax_whole_stage_atc_trace_v1,softmax_whole_stage_operand_rate_atc,softmax_whole_stage_operand_rate_atc_v2,20260728_operand_rate_v2_final_exp_session03_CAB,exp,fp16_scalar,20260728_operand_rate_v2_final_exp_session03_CAB_exp_fp16_scalar,0,2,20260728_operand_rate_v2_final_exp_session03_CAB_exp_fp16_scalar_b0_r2_control,control,control,20260728_operand_rate_v2_final_exp_session03_CAB_exp_fp16_scalar_b0_r2_control_1785247400922,45,184155.46287287999,184155.46438594299,184155.46362941148,0.0015130630054045469,11.436060973472195,10603992105,true,true,5dff3859ad319cb37301e68cfc6fde00723e3a42110ca93adb44c05e97098167
softmax_whole_stage_atc_trace_v1,softmax_whole_stage_operand_rate_atc,softmax_whole_stage_operand_rate_atc_v2,20260728_operand_rate_v2_final_exp_session03_CAB,exp,fp16_scalar,20260728_operand_rate_v2_final_exp_session03_CAB_exp_fp16_scalar,0,2,20260728_operand_rate_v2_final_exp_session03_CAB_exp_fp16_scalar_b0_r2_control,control,control,20260728_operand_rate_v2_final_exp_session03_CAB_exp_fp16_scalar_b0_r2_control_1785247400922,46,184155.71819561601,184155.71961656,184155.718906088,0.0014209439978003502,11.691337650001515,10604032286,true,true,5dff3859ad319cb37301e68cfc6fde00723e3a42110ca93adb44c05e97098167
softmax_whole_stage_atc_trace_v1,softmax_whole_stage_operand_rate_atc,softmax_whole_stage_operand_rate_atc_v2,20260728_operand_rate_v2_final_exp_session03_CAB,exp,fp16_scalar,20260728_operand_rate_v2_final_exp_session03_CAB_exp_fp16_scalar,0,2,20260728_operand_rate_v2_final_exp_session03_CAB_exp_fp16_scalar_b0_r2_control,control,control,20260728_operand_rate_v2_final_exp_session03_CAB_exp_fp16_scalar_b0_r2_control_1785247400922,47,184155.97342927501,184155.97479188399,184155.9741105795,0.0013626089785248041,11.94654214149341,10604095951,true,true,5dff3859ad319cb37301e68cfc6fde00723e3a42110ca93adb44c05e97098167
softmax_whole_stage_atc_trace_v1,softmax_whole_stage_operand_rate_atc,softmax_whole_stage_operand_rate_atc_v2,20260728_operand_rate_v2_final_exp_session03_CAB,exp,fp16_scalar,20260728_operand_rate_v2_final_exp_session03_CAB_exp_fp16_scalar,0,2,20260728_operand_rate_v2_final_exp_session03_CAB_exp_fp16_scalar_b0_r2_control,control,control,20260728_operand_rate_v2_final_exp_session03_CAB_exp_fp16_scalar_b0_r2_control_1785247400922,48,184156.22614691299,184156.227540972,184156.22684394248,0.0013940590142738074,12.199275504477555,10604135398,true,true,5dff3859ad319cb37301e68cfc6fde00723e3a42110ca93adb44c05e97098167
softmax_whole_stage_atc_trace_v1,softmax_whole_stage_operand_rate_atc,softmax_whole_stage_operand_rate_atc_v2,20260728_operand_rate_v2_final_exp_session03_CAB,exp,fp16_scalar,20260728_operand_rate_v2_final_exp_session03_CAB_exp_fp16_scalar,0,2,20260728_operand_rate_v2_final_exp_session03_CAB_exp_fp16_scalar_b0_r2_control,control,control,20260728_operand_rate_v2_final_exp_session03_CAB_exp_fp16_scalar_b0_r2_control_1785247400922,49,184156.480822888,184156.482165917,184156.48149440251,0.0013430289982352406,12.453925964509835,10604198824,true,true,5dff3859ad319cb37301e68cfc6fde00723e3a42110ca93adb44c05e97098167
softmax_whole_stage_atc_trace_v1,softmax_whole_stage_operand_rate_atc,softmax_whole_stage_operand_rate_atc_v2,20260728_operand_rate_v2_final_exp_session03_CAB,exp,fp16_scalar,20260728_operand_rate_v2_final_exp_session03_CAB_exp_fp16_scalar,0,2,20260728_operand_rate_v2_final_exp_session03_CAB_exp_fp16_scalar_b0_r2_control,control,control,20260728_operand_rate_v2_final_exp_session03_CAB_exp_fp16_scalar_b0_r2_control_1785247400922,50,184156.73596970501,184156.737421592,184156.73669564852,0.0014518869866151363,12.709127210517181,10604238158,true,true,5dff3859ad319cb37301e68cfc6fde00723e3a42110ca93adb44c05e97098167
softmax_whole_stage_atc_trace_v1,softmax_whole_stage_operand_rate_atc,softmax_whole_stage_operand_rate_atc_v2,20260728_operand_rate_v2_final_exp_session03_CAB,exp,fp16_scalar,20260728_operand_rate_v2_final_exp_session03_CAB_exp_fp16_scalar,0,2,20260728_operand_rate_v2_final_exp_session03_CAB_exp_fp16_scalar_b0_r2_control,control,control,20260728_operand_rate_v2_final_exp_session03_CAB_exp_fp16_scalar_b0_r2_control_1785247400922,51,184156.990677942,184156.995341715,184156.9930098285,0.0046637729974463582,12.965441390493652,10604300920,true,true,5dff3859ad319cb37301e68cfc6fde00723e3a42110ca93adb44c05e97098167
softmax_whole_stage_atc_trace_v1,softmax_whole_stage_operand_rate_atc,softmax_whole_stage_operand_rate_atc_v2,20260728_operand_rate_v2_final_exp_session03_CAB,exp,fp16_scalar,20260728_operand_rate_v2_final_exp_session03_CAB_exp_fp16_scalar,0,2,20260728_operand_rate_v2_final_exp_session03_CAB_exp_fp16_scalar_b0_r2_control,control,control,20260728_operand_rate_v2_final_exp_session03_CAB_exp_fp16_scalar_b0_r2_control_1785247400922,52,184157.24589932599,184157.24726528299,184157.24658230448,0.0013659569958690554,13.219013866473688,10604343283,true,false,5dff3859ad319cb37301e68cfc6fde00723e3a42110ca93adb44c05e97098167
softmax_whole_stage_atc_trace_v1,softmax_whole_stage_operand_rate_atc,softmax_whole_stage_operand_rate_atc_v2,20260728_operand_rate_v2_final_exp_session03_CAB,exp,fp16_scalar,20260728_operand_rate_v2_final_exp_session03_CAB_exp_fp16_scalar,0,2,20260728_operand_rate_v2_final_exp_session03_CAB_exp_fp16_scalar_b0_r2_control,control,control,20260728_operand_rate_v2_final_exp_session03_CAB_exp_fp16_scalar_b0_r2_control_1785247400922,53,184157.497589148,184157.50253353801,184157.50006134302,0.0049443900061305612,13.472492905013496,10604404532,true,false,5dff3859ad319cb37301e68cfc6fde00723e3a42110ca93adb44c05e97098167
softmax_whole_stage_atc_trace_v1,softmax_whole_stage_operand_rate_atc,softmax_whole_stage_operand_rate_atc_v2,20260728_operand_rate_v2_final_exp_session03_CAB,exp,fp16_scalar,20260728_operand_rate_v2_final_exp_session03_CAB_exp_fp16_scalar,0,2,20260728_operand_rate_v2_final_exp_session03_CAB_exp_fp16_scalar_b0_r2_control,control,control,20260728_operand_rate_v2_final_exp_session03_CAB_exp_fp16_scalar_b0_r2_control_1785247400922,54,184157.75296646499,184157.75530230801,184157.75413438649,0.0023358430189546198,13.726565948483767,10604436182,true,false,5dff3859ad319cb37301e68cfc6fde00723e3a42110ca93adb44c05e97098167
softmax_whole_stage_atc_trace_v1,softmax_whole_stage_operand_rate_atc,softmax_whole_stage_operand_rate_atc_v2,20260728_operand_rate_v2_final_exp_session03_CAB,exp,fp16_scalar,20260728_operand_rate_v2_final_exp_session03_CAB_exp_fp16_scalar,0,2,20260728_operand_rate_v2_final_exp_session03_CAB_exp_fp16_scalar_b0_r2_control,control,control,20260728_operand_rate_v2_final_exp_session03_CAB_exp_fp16_scalar_b0_r2_control_1785247400922,55,184157.75532472899,184157.75739324401,184157.75635898649,0.0020685150229837745,13.72879054848454,10604436182,false,false,5dff3859ad319cb37301e68cfc6fde00723e3a42110ca93adb44c05e97098167
softmax_whole_stage_atc_trace_v1,softmax_whole_stage_operand_rate_atc,softmax_whole_stage_operand_rate_atc_v2,20260728_operand_rate_v2_final_exp_session03_CAB,exp,fp16_scalar,20260728_operand_rate_v2_final_exp_session03_CAB_exp_fp16_scalar,1,0,20260728_operand_rate_v2_final_exp_session03_CAB_exp_fp16_scalar_b1_r0_treatment,treatment,treatment,20260728_operand_rate_v2_final_exp_session03_CAB_exp_fp16_scalar_b1_r0_treatment_1785247415231,0,184158.81212314399,184158.81361565299,184158.81286939851,0.0014925090072210878,0.00073854450602084398,10604579411,false,false,5dff3859ad319cb37301e68cfc6fde00723e3a42110ca93adb44c05e97098167
softmax_whole_stage_atc_trace_v1,softmax_whole_stage_operand_rate_atc,softmax_whole_stage_operand_rate_atc_v2,20260728_operand_rate_v2_final_exp_session03_CAB,exp,fp16_scalar,20260728_operand_rate_v2_final_exp_session03_CAB_exp_fp16_scalar,1,0,20260728_operand_rate_v2_final_exp_session03_CAB_exp_fp16_scalar_b1_r0_treatment,treatment,treatment,20260728_operand_rate_v2_final_exp_session03_CAB_exp_fp16_scalar_b1_r0_treatment_1785247415231,1,184159.06736037301,184159.06872628399,184159.0680433285,0.0013659109827131033,0.25591247450211085,10604617896,true,false,5dff3859ad319cb37301e68cfc6fde00723e3a42110ca93adb44c05e97098167
softmax_whole_stage_atc_trace_v1,softmax_whole_stage_operand_rate_atc,softmax_whole_stage_operand_rate_atc_v2,20260728_operand_rate_v2_final_exp_session03_CAB,exp,fp16_scalar,20260728_operand_rate_v2_final_exp_session03_CAB_exp_fp16_scalar,1,0,20260728_operand_rate_v2_final_exp_session03_CAB_exp_fp16_scalar_b1_r0_treatment,treatment,treatment,20260728_operand_rate_v2_final_exp_session03_CAB_exp_fp16_scalar_b1_r0_treatment_1785247415231,2,184159.31893495499,184159.320305531,184159.31962024298,0.0013705760065931827,0.50748938898323104,10604680978,true,false,5dff3859ad319cb37301e68cfc6fde00723e3a42110ca93adb44c05e97098167
softmax_whole_stage_atc_trace_v1,softmax_whole_stage_operand_rate_atc,softmax_whole_stage_operand_rate_atc_v2,20260728_operand_rate_v2_final_exp_session03_CAB,exp,fp16_scalar,20260728_operand_rate_v2_final_exp_session03_CAB_exp_fp16_scalar,1,0,20260728_operand_rate_v2_final_exp_session03_CAB_exp_fp16_scalar_b1_r0_treatment,treatment,treatment,20260728_operand_rate_v2_final_exp_session03_CAB_exp_fp16_scalar_b1_r0_treatment_1785247415231,3,184159.57301280901,184159.57440184799,184159.5737073285,0.0013890389818698168,0.76157647449872456,10604720770,true,true,5dff3859ad319cb37301e68cfc6fde00723e3a42110ca93adb44c05e97098167
softmax_whole_stage_atc_trace_v1,softmax_whole_stage_operand_rate_atc,softmax_whole_stage_operand_rate_atc_v2,20260728_operand_rate_v2_final_exp_session03_CAB,exp,fp16_scalar,20260728_operand_rate_v2_final_exp_session03_CAB_exp_fp16_scalar,1,0,20260728_operand_rate_v2_final_exp_session03_CAB_exp_fp16_scalar_b1_r0_treatment,treatment,treatment,20260728_operand_rate_v2_final_exp_session03_CAB_exp_fp16_scalar_b1_r0_treatment_1785247415231,4,184159.82817284201,184159.82958237201,184159.82887760701,0.0014095299993641675,1.0167467530118302,10604784375,true,true,5dff3859ad319cb37301e68cfc6fde00723e3a42110ca93adb44c05e97098167
softmax_whole_stage_atc_trace_v1,softmax_whole_stage_operand_rate_atc,softmax_whole_stage_operand_rate_atc_v2,20260728_operand_rate_v2_final_exp_session03_CAB,exp,fp16_scalar,20260728_operand_rate_v2_final_exp_session03_CAB_exp_fp16_scalar,1,0,20260728_operand_rate_v2_final_exp_session03_CAB_exp_fp16_scalar_b1_r0_treatment,treatment,treatment,20260728_operand_rate_v2_final_exp_session03_CAB_exp_fp16_scalar_b1_r0_treatment_1785247415231,5,184160.083364016,184160.084869307,184160.08411666151,0.0015052910021040589,1.2719858075142838,10604823693,true,true,5dff3859ad319cb37301e68cfc6fde00723e3a42110ca93adb44c05e97098167
softmax_whole_stage_atc_trace_v1,softmax_whole_stage_operand_rate_atc,softmax_whole_stage_operand_rate_atc_v2,20260728_operand_rate_v2_final_exp_session03_CAB,exp,fp16_scalar,20260728_operand_rate_v2_final_exp_session03_CAB_exp_fp16_scalar,1,0,20260728_operand_rate_v2_final_exp_session03_CAB_exp_fp16_scalar_b1_r0_treatment,treatment,treatment,20260728_operand_rate_v2_final_exp_session03_CAB_exp_fp16_scalar_b1_r0_treatment_1785247415231,6,184160.33783566699,184160.34202591199,184160.33993078949,0.0041902450029738247,1.5277999354875647,10604886578,true,true,5dff3859ad319cb37301e68cfc6fde00723e3a42110ca93adb44c05e97098167
softmax_whole_stage_atc_trace_v1,softmax_whole_stage_operand_rate_atc,softmax_whole_stage_operand_rate_atc_v2,20260728_operand_rate_v2_final_exp_session03_CAB,exp,fp16_scalar,20260728_operand_rate_v2_final_exp_session03_CAB_exp_fp16_scalar,1,0,20260728_operand_rate_v2_final_exp_session03_CAB_exp_fp16_scalar_b1_r0_treatment,treatment,treatment,20260728_operand_rate_v2_final_exp_session03_CAB_exp_fp16_scalar_b1_r0_treatment_1785247415231,7,184160.59582541001,184160.59949150699,184160.59765845852,0.0036660969781223685,1.7855276045156643,10604929121,true,true,5dff3859ad319cb37301e68cfc6fde00723e3a42110ca93adb44c05e97098167
softmax_whole_stage_atc_trace_v1,softmax_whole_stage_operand_rate_atc,softmax_whole_stage_operand_rate_atc_v2,20260728_operand_rate_v2_final_exp_session03_CAB,exp,fp16_scalar,20260728_operand_rate_v2_final_exp_session03_CAB_exp_fp16_scalar,1,0,20260728_operand_rate_v2_final_exp_session03_CAB_exp_fp16_scalar_b1_r0_treatment,treatment,treatment,20260728_operand_rate_v2_final_exp_session03_CAB_exp_fp16_scalar_b1_r0_treatment_1785247415231,8,184160.853262399,184160.854719303,184160.853990851,0.0014569039922207594,2.0418599969998468,10604991014,true,true,5dff3859ad319cb37301e68cfc6fde00723e3a42110ca93adb44c05e97098167
softmax_whole_stage_atc_trace_v1,softmax_whole_stage_operand_rate_atc,softmax_whole_stage_operand_rate_atc_v2,20260728_operand_rate_v2_final_exp_session03_CAB,exp,fp16_scalar,20260728_operand_rate_v2_final_exp_session03_CAB_exp_fp16_scalar,1,0,20260728_operand_rate_v2_final_exp_session03_CAB_exp_fp16_scalar_b1_r0_treatment,treatment,treatment,20260728_operand_rate_v2_final_exp_session03_CAB_exp_fp16_scalar_b1_r0_treatment_1785247415231,9,184161.106239816,184161.10763950599,184161.106939661,0.0013996899942867458,2.2948088069970254,10605032314,true,true,5dff3859ad319cb37301e68cfc6fde00723e3a42110ca93adb44c05e97098167
softmax_whole_stage_atc_trace_v1,softmax_whole_stage_operand_rate_atc,softmax_whole_stage_operand_rate_atc_v2,20260728_operand_rate_v2_final_exp_session03_CAB,exp,fp16_scalar,20260728_operand_rate_v2_final_exp_session03_CAB_exp_fp16_scalar,1,0,20260728_operand_rate_v2_final_exp_session03_CAB_exp_fp16_scalar_b1_r0_treatment,treatment,treatment,20260728_operand_rate_v2_final_exp_session03_CAB_exp_fp16_scalar_b1_r0_treatment_1785247415231,10,184161.35784148201,184161.35922727501,184161.35853437852,0.0013857930025551468,2.5464035245240666,10605093244,true,true,5dff3859ad319cb37301e68cfc6fde00723e3a42110ca93adb44c05e97098167
softmax_whole_stage_atc_trace_v1,softmax_whole_stage_operand_rate_atc,softmax_whole_stage_operand_rate_atc_v2,20260728_operand_rate_v2_final_exp_session03_CAB,exp,fp16_scalar,20260728_operand_rate_v2_final_exp_session03_CAB_exp_fp16_scalar,1,0,20260728_operand_rate_v2_final_exp_session03_CAB_exp_fp16_scalar_b1_r0_treatment,treatment,treatment,20260728_operand_rate_v2_final_exp_session03_CAB_exp_fp16_scalar_b1_r0_treatment_1785247415231,11,184161.61167678999,184161.61310295601,184161.61238987301,0.0014261660107877105,2.8002590190153569,10605135073,true,true,5dff3859ad319cb37301e68cfc6fde00723e3a42110ca93adb44c05e97098167
softmax_whole_stage_atc_trace_v1,softmax_whole_stage_operand_rate_atc,softmax_whole_stage_operand_rate_atc_v2,20260728_operand_rate_v2_final_exp_session03_CAB,exp,fp16_scalar,20260728_operand_rate_v2_final_exp_session03_CAB_exp_fp16_scalar,1,0,20260728_operand_rate_v2_final_exp_session03_CAB_exp_fp16_scalar_b1_r0_treatment,treatment,treatment,20260728_operand_rate_v2_final_exp_session03_CAB_exp_fp16_scalar_b1_r0_treatment_1785247415231,12,184161.86687395,184161.868352663,184161.8676133065,0.0014787130057811737,3.0554824525024742,10605196413,true,true,5dff3859ad319cb37301e68cfc6fde00723e3a42110ca93adb44c05e97098167
softmax_whole_stage_atc_trace_v1,softmax_whole_stage_operand_rate_atc,softmax_whole_stage_operand_rate_atc_v2,20260728_operand_rate_v2_final_exp_session03_CAB,exp,fp16_scalar,20260728_operand_rate_v2_final_exp_session03_CAB_exp_fp16_scalar,1,0,20260728_operand_rate_v2_final_exp_session03_CAB_exp_fp16_scalar_b1_r0_treatment,treatment,treatment,20260728_operand_rate_v2_final_exp_session03_CAB_exp_fp16_scalar_b1_r0_treatment_1785247415231,13,184162.12008458,184162.121507298,184162.120795939,0.0014227179926820099,3.3086650850018486,10605237841,true,true,5dff3859ad319cb37301e68cfc6fde00723e3a42110ca93adb44c05e97098167
softmax_whole_stage_atc_trace_v1,softmax_whole_stage_operand_rate_atc,softmax_whole_stage_operand_rate_atc_v2,20260728_operand_rate_v2_final_exp_session03_CAB,exp,fp16_scalar,20260728_operand_rate_v2_final_exp_session03_CAB_exp_fp16_scalar,1,0,20260728_operand_rate_v2_final_exp_session03_CAB_exp_fp16_scalar_b1_r0_treatment,treatment,treatment,20260728_operand_rate_v2_final_exp_session03_CAB_exp_fp16_scalar_b1_r0_treatment_1785247415231,14,184162.37521346999,184162.37665312801,184162.37593329902,0.0014396580227185041,3.5638024450163357,10605298882,true,true,5dff3859ad319cb37301e68cfc6fde00723e3a42110ca93adb44c05e97098167
softmax_whole_stage_atc_trace_v1,softmax_whole_stage_operand_rate_atc,softmax_whole_stage_operand_rate_atc_v2,20260728_operand_rate_v2_final_exp_session03_CAB,exp,fp16_scalar,20260728_operand_rate_v2_final_exp_session03_CAB_exp_fp16_scalar,1,0,20260728_operand_rate_v2_final_exp_session03_CAB_exp_fp16_scalar_b1_r0_treatment,treatment,treatment,20260728_operand_rate_v2_final_exp_session03_CAB_exp_fp16_scalar_b1_r0_treatment_1785247415231,15,184162.630436701,184162.63387982899,184162.63215826498,0.0034431279927957803,3.8200274109840393,10605340076,true,true,5dff3859ad319cb37301e68cfc6fde00723e3a42110ca93adb44c05e97098167
softmax_whole_stage_atc_trace_v1,softmax_whole_stage_operand_rate_atc,softmax_whole_stage_operand_rate_atc_v2,20260728_operand_rate_v2_final_exp_session03_CAB,exp,fp16_scalar,20260728_operand_rate_v2_final_exp_session03_CAB_exp_fp16_scalar,1,0,20260728_operand_rate_v2_final_exp_session03_CAB_exp_fp16_scalar_b1_r0_treatment,treatment,treatment,20260728_operand_rate_v2_final_exp_session03_CAB_exp_fp16_scalar_b1_r0_treatment_1785247415231,16,184162.88761785399,184162.88901734099,184162.88831759751,0.0013994869950693101,4.0761867435066961,10605404492,true,true,5dff3859ad319cb37301e68cfc6fde00723e3a42110ca93adb44c05e97098167
softmax_whole_stage_atc_trace_v1,softmax_whole_stage_operand_rate_atc,softmax_whole_stage_operand_rate_atc_v2,20260728_operand_rate_v2_final_exp_session03_CAB,exp,fp16_scalar,20260728_operand_rate_v2_final_exp_session03_CAB_exp_fp16_scalar,1,0,20260728_operand_rate_v2_final_exp_session03_CAB_exp_fp16_scalar_b1_r0_treatment,treatment,treatment,20260728_operand_rate_v2_final_exp_session03_CAB_exp_fp16_scalar_b1_r0_treatment_1785247415231,17,184163.14274938099,184163.14411387101,184163.143431626,0.0013644900172948837,4.33130077199894,10605444631,true,true,5dff3859ad319cb37301e68cfc6fde00723e3a42110ca93adb44c05e97098167
softmax_whole_stage_atc_trace_v1,softmax_whole_stage_operand_rate_atc,softmax_whole_stage_operand_rate_atc_v2,20260728_operand_rate_v2_final_exp_session03_CAB,exp,fp16_scalar,20260728_operand_rate_v2_final_exp_session03_CAB_exp_fp16_scalar,1,0,20260728_operand_rate_v2_final_exp_session03_CAB_exp_fp16_scalar_b1_r0_treatment,treatment,treatment,20260728_operand_rate_v2_final_exp_session03_CAB_exp_fp16_scalar_b1_r0_treatment_1785247415231,18,184163.39785199799,184163.39928110599,184163.39856655197,0.0014291080005932599,4.5864356979727745,10605508405,true,true,5dff3859ad319cb37301e68cfc6fde00723e3a42110ca93adb44c05e97098167
softmax_whole_stage_atc_trace_v1,softmax_whole_stage_operand_rate_atc,softmax_whole_stage_operand_rate_atc_v2,20260728_operand_rate_v2_final_exp_session03_CAB,exp,fp16_scalar,20260728_operand_rate_v2_final_exp_session03_CAB_exp_fp16_scalar,1,0,20260728_operand_rate_v2_final_exp_session03_CAB_exp_fp16_scalar_b1_r0_treatment,treatment,treatment,20260728_operand_rate_v2_final_exp_session03_CAB_exp_fp16_scalar_b1_r0_treatment_1785247415231,19,184163.65152428899,184163.65295309201,184163.6522386905,0.0014288030215539038,4.8401078364986461,10605547898,true,true,5dff3859ad319cb37301e68cfc6fde00723e3a42110ca93adb44c05e97098167
softmax_whole_stage_atc_trace_v1,softmax_whole_stage_operand_rate_atc,softmax_whole_stage_operand_rate_atc_v2,20260728_operand_rate_v2_final_exp_session03_CAB,exp,fp16_scalar,20260728_operand_rate_v2_final_exp_session03_CAB_exp_fp16_scalar,1,0,20260728_operand_rate_v2_final_exp_session03_CAB_exp_fp16_scalar_b1_r0_treatment,treatment,treatment,20260728_operand_rate_v2_final_exp_session03_CAB_exp_fp16_scalar_b1_r0_treatment_1785247415231,20,184163.90673128801,184163.911902169,184163.9093167285,0.005170880991499871,5.0971858745033387,10605611248,true,true,5dff3859ad319cb37301e68cfc6fde00723e3a42110ca93adb44c05e97098167
softmax_whole_stage_atc_trace_v1,softmax_whole_stage_operand_rate_atc,softmax_whole_stage_operand_rate_atc_v2,20260728_operand_rate_v2_final_exp_session03_CAB,exp,fp16_scalar,20260728_operand_rate_v2_final_exp_session03_CAB_exp_fp16_scalar,1,0,20260728_operand_rate_v2_final_exp_session03_CAB_exp_fp16_scalar_b1_r0_treatment,treatment,treatment,20260728_operand_rate_v2_final_exp_session03_CAB_exp_fp16_scalar_b1_r0_treatment_1785247415231,21,184164.162326099,184164.163689879,184164.163007989,0.0013637800002470613,5.3508771350025199,10605653833,true,true,5dff3859ad319cb37301e68cfc6fde00723e3a42110ca93adb44c05e97098167
softmax_whole_stage_atc_trace_v1,softmax_whole_stage_operand_rate_atc,softmax_whole_stage_operand_rate_atc_v2,20260728_operand_rate_v2_final_exp_session03_CAB,exp,fp16_scalar,20260728_operand_rate_v2_final_exp_session03_CAB_exp_fp16_scalar,1,0,20260728_operand_rate_v2_final_exp_session03_CAB_exp_fp16_scalar_b1_r0_treatment,treatment,treatment,20260728_operand_rate_v2_final_exp_session03_CAB_exp_fp16_scalar_b1_r0_treatment_1785247415231,22,184164.417419484,184164.41899811701,184164.41820880049,0.0015786330041009933,5.6060779464896768,10605716381,true,true,5dff3859ad319cb37301e68cfc6fde00723e3a42110ca93adb44c05e97098167
softmax_whole_stage_atc_trace_v1,softmax_whole_stage_operand_rate_atc,softmax_whole_stage_operand_rate_atc_v2,20260728_operand_rate_v2_final_exp_session03_CAB,exp,fp16_scalar,20260728_operand_rate_v2_final_exp_session03_CAB_exp_fp16_scalar,1,0,20260728_operand_rate_v2_final_exp_session03_CAB_exp_fp16_scalar_b1_r0_treatment,treatment,treatment,20260728_operand_rate_v2_final_exp_session03_CAB_exp_fp16_scalar_b1_r0_treatment_1785247415231,23,184164.67050321199,184164.67217963401,184164.671341423,0.0016764220199547708,5.8592105690040626,10605758927,true,true,5dff3859ad319cb37301e68cfc6fde00723e3a42110ca93adb44c05e97098167
softmax_whole_stage_atc_trace_v1,softmax_whole_stage_operand_rate_atc,softmax_whole_stage_operand_rate_atc_v2,20260728_operand_rate_v2_final_exp_session03_CAB,exp,fp16_scalar,20260728_operand_rate_v2_final_exp_session03_CAB_exp_fp16_scalar,1,0,20260728_operand_rate_v2_final_exp_session03_CAB_exp_fp16_scalar_b1_r0_treatment,treatment,treatment,20260728_operand_rate_v2_final_exp_session03_CAB_exp_fp16_scalar_b1_r0_treatment_1785247415231,24,184164.925906805,184164.92727951199,184164.92659315851,0.0013727069890592247,6.1144623045111075,10605821099,true,true,5dff3859ad319cb37301e68cfc6fde00723e3a42110ca93adb44c05e97098167
softmax_whole_stage_atc_trace_v1,softmax_whole_stage_operand_rate_atc,softmax_whole_stage_operand_rate_atc_v2,20260728_operand_rate_v2_final_exp_session03_CAB,exp,fp16_scalar,20260728_operand_rate_v2_final_exp_session03_CAB_exp_fp16_scalar,1,0,20260728_operand_rate_v2_final_exp_session03_CAB_exp_fp16_scalar_b1_r0_treatment,treatment,treatment,20260728_operand_rate_v2_final_exp_session03_CAB_exp_fp16_scalar_b1_r0_treatment_1785247415231,25,184165.18102544901,184165.18237472299,184165.18170008599,0.0013492739817593247,6.3695692319888622,10605863333,true,true,5dff3859ad319cb37301e68cfc6fde00723e3a42110ca93adb44c05e97098167
softmax_whole_stage_atc_trace_v1,softmax_whole_stage_operand_rate_atc,softmax_whole_stage_operand_rate_atc_v2,20260728_operand_rate_v2_final_exp_session03_CAB,exp,fp16_scalar,20260728_operand_rate_v2_final_exp_session03_CAB_exp_fp16_scalar,1,0,20260728_operand_rate_v2_final_exp_session03_CAB_exp_fp16_scalar_b1_r0_treatment,treatment,treatment,20260728_operand_rate_v2_final_exp_session03_CAB_exp_fp16_scalar_b1_r0_treatment_1785247415231,26,184165.43609570601,184165.43771166899,184165.43690368749,0.0016159629740286618,6.624772833485622,10605924767,true,true,5dff3859ad319cb37301e68cfc6fde00723e3a42110ca93adb44c05e97098167
softmax_whole_stage_atc_trace_v1,softmax_whole_stage_operand_rate_atc,softmax_whole_stage_operand_rate_atc_v2,20260728_operand_rate_v2_final_exp_session03_CAB,exp,fp16_scalar,20260728_operand_rate_v2_final_exp_session03_CAB_exp_fp16_scalar,1,0,20260728_operand_rate_v2_final_exp_session03_CAB_exp_fp16_scalar_b1_r0_treatment,treatment,treatment,20260728_operand_rate_v2_final_exp_session03_CAB_exp_fp16_scalar_b1_r0_treatment_1785247415231,27,184165.68807808199,184165.68945981801,184165.68876895,0.0013817360159009695,6.8766380960005336,10605966262,true,true,5dff3859ad319cb37301e68cfc6fde00723e3a42110ca93adb44c05e97098167
softmax_whole_stage_atc_trace_v1,softmax_whole_stage_operand_rate_atc,softmax_whole_stage_operand_rate_atc_v2,20260728_operand_rate_v2_final_exp_session03_CAB,exp,fp16_scalar,20260728_operand_rate_v2_final_exp_session03_CAB_exp_fp16_scalar,1,0,20260728_operand_rate_v2_final_exp_session03_CAB_exp_fp16_scalar_b1_r0_treatment,treatment,treatment,20260728_operand_rate_v2_final_exp_session03_CAB_exp_fp16_scalar_b1_r0_treatment_1785247415231,28,184165.94320301601,184165.944688627,184165.94394582149,0.0014856109919492155,7.131814967491664,10606027757,true,true,5dff3859ad319cb37301e68cfc6fde00723e3a42110ca93adb44c05e97098167
softmax_whole_stage_atc_trace_v1,softmax_whole_stage_operand_rate_atc,softmax_whole_stage_operand_rate_atc_v2,20260728_operand_rate_v2_final_exp_session03_CAB,exp,fp16_scalar,20260728_operand_rate_v2_final_exp_session03_CAB_exp_fp16_scalar,1,0,20260728_operand_rate_v2_final_exp_session03_CAB_exp_fp16_scalar_b1_r0_treatment,treatment,treatment,20260728_operand_rate_v2_final_exp_session03_CAB_exp_fp16_scalar_b1_r0_treatment_1785247415231,29,184166.19486102101,184166.196264595,184166.19556280802,0.0014035739877726883,7.383431954018306,10606069287,true,true,5dff3859ad319cb37301e68cfc6fde00723e3a42110ca93adb44c05e97098167
softmax_whole_stage_atc_trace_v1,softmax_whole_stage_operand_rate_atc,softmax_whole_stage_operand_rate_atc_v2,20260728_operand_rate_v2_final_exp_session03_CAB,exp,fp16_scalar,20260728_operand_rate_v2_final_exp_session03_CAB_exp_fp16_scalar,1,0,20260728_operand_rate_v2_final_exp_session03_CAB_exp_fp16_scalar_b1_r0_treatment,treatment,treatment,20260728_operand_rate_v2_final_exp_session03_CAB_exp_fp16_scalar_b1_r0_treatment_1785247415231,30,184166.446600058,184166.448030723,184166.44731539051,0.0014306649973150343,7.6351845365134068,10606130821,true,true,5dff3859ad319cb37301e68cfc6fde00723e3a42110ca93adb44c05e97098167
softmax_whole_stage_atc_trace_v1,softmax_whole_stage_operand_rate_atc,softmax_whole_stage_operand_rate_atc_v2,20260728_operand_rate_v2_final_exp_session03_CAB,exp,fp16_scalar,20260728_operand_rate_v2_final_exp_session03_CAB_exp_fp16_scalar,1,0,20260728_operand_rate_v2_final_exp_session03_CAB_exp_fp16_scalar_b1_r0_treatment,treatment,treatment,20260728_operand_rate_v2_final_exp_session03_CAB_exp_fp16_scalar_b1_r0_treatment_1785247415231,31,184166.699121293,184166.70088638901,184166.70000384102,0.0017650960071478039,7.8878729870193638,10606173235,true,true,5dff3859ad319cb37301e68cfc6fde00723e3a42110ca93adb44c05e97098167
softmax_whole_stage_atc_trace_v1,softmax_whole_stage_operand_rate_atc,softmax_whole_stage_operand_rate_atc_v2,20260728_operand_rate_v2_final_exp_session03_CAB,exp,fp16_scalar,20260728_operand_rate_v2_final_exp_session03_CAB_exp_fp16_scalar,1,0,20260728_operand_rate_v2_final_exp_session03_CAB_exp_fp16_scalar_b1_r0_treatment,treatment,treatment,20260728_operand_rate_v2_final_exp_session03_CAB_exp_fp16_scalar_b1_r0_treatment_1785247415231,32,184166.95110374599,184166.95446357701,184166.95278366149,0.0033598310255911201,8.1406528074876405,10606235538,true,true,5dff3859ad319cb37301e68cfc6fde00723e3a42110ca93adb44c05e97098167
softmax_whole_stage_atc_trace_v1,softmax_whole_stage_operand_rate_atc,softmax_whole_stage_operand_rate_atc_v2,20260728_operand_rate_v2_final_exp_session03_CAB,exp,fp16_scalar,20260728_operand_rate_v2_final_exp_session03_CAB_exp_fp16_scalar,1,0,20260728_operand_rate_v2_final_exp_session03_CAB_exp_fp16_scalar_b1_r0_treatment,treatment,treatment,20260728_operand_rate_v2_final_exp_session03_CAB_exp_fp16_scalar_b1_r0_treatment_1785247415231,33,184167.20467312,184167.206020888,184167.205347004,0.001347768004052341,8.3932161499978974,10606278144,true,true,5dff3859ad319cb37301e68cfc6fde00723e3a42110ca93adb44c05e97098167
softmax_whole_stage_atc_trace_v1,softmax_whole_stage_operand_rate_atc,softmax_whole_stage_operand_rate_atc_v2,20260728_operand_rate_v2_final_exp_session03_CAB,exp,fp16_scalar,20260728_operand_rate_v2_final_exp_session03_CAB_exp_fp16_scalar,1,0,20260728_operand_rate_v2_final_exp_session03_CAB_exp_fp16_scalar_b1_r0_treatment,treatment,treatment,20260728_operand_rate_v2_final_exp_session03_CAB_exp_fp16_scalar_b1_r0_treatment_1785247415231,34,184167.456376644,184167.46143572,184167.458906182,0.0050590760074555874,8.6467753280012403,10606340863,true,true,5dff3859ad319cb37301e68cfc6fde00723e3a42110ca93adb44c05e97098167
softmax_whole_stage_atc_trace_v1,softmax_whole_stage_operand_rate_atc,softmax_whole_stage_operand_rate_atc_v2,20260728_operand_rate_v2_final_exp_session03_CAB,exp,fp16_scalar,20260728_operand_rate_v2_final_exp_session03_CAB_exp_fp16_scalar,1,0,20260728_operand_rate_v2_final_exp_session03_CAB_exp_fp16_scalar_b1_r0_treatment,treatment,treatment,20260728_operand_rate_v2_final_exp_session03_CAB_exp_fp16_scalar_b1_r0_treatment_1785247415231,35,184167.71314005501,184167.71465859,184167.71389932249,0.0015185349911917001,8.9017684684949927,10606383601,true,true,5dff3859ad319cb37301e68cfc6fde00723e3a42110ca93adb44c05e97098167
softmax_whole_stage_atc_trace_v1,softmax_whole_stage_operand_rate_atc,softmax_whole_stage_operand_rate_atc_v2,20260728_operand_rate_v2_final_exp_session03_CAB,exp,fp16_scalar,20260728_operand_rate_v2_final_exp_session03_CAB_exp_fp16_scalar,1,0,20260728_operand_rate_v2_final_exp_session03_CAB_exp_fp16_scalar_b1_r0_treatment,treatment,treatment,20260728_operand_rate_v2_final_exp_session03_CAB_exp_fp16_scalar_b1_r0_treatment_1785247415231,36,184167.96843688199,184167.969842486,184167.96913968399,0.0014056040090508759,9.1570088299922645,10606446001,true,true,5dff3859ad319cb37301e68cfc6fde00723e3a42110ca93adb44c05e97098167
softmax_whole_stage_atc_trace_v1,softmax_whole_stage_operand_rate_atc,softmax_whole_stage_operand_rate_atc_v2,20260728_operand_rate_v2_final_exp_session03_CAB,exp,fp16_scalar,20260728_operand_rate_v2_final_exp_session03_CAB_exp_fp16_scalar,1,0,20260728_operand_rate_v2_final_exp_session03_CAB_exp_fp16_scalar_b1_r0_treatment,treatment,treatment,20260728_operand_rate_v2_final_exp_session03_CAB_exp_fp16_scalar_b1_r0_treatment_1785247415231,37,184168.22114258201,184168.22275060901,184168.22194659553,0.0016080269997473806,9.4098157415282913,10606488386,true,true,5dff3859ad319cb37301e68cfc6fde00723e3a42110ca93adb44c05e97098167
softmax_whole_stage_atc_trace_v1,softmax_whole_stage_operand_rate_atc,softmax_whole_stage_operand_rate_atc_v2,20260728_operand_rate_v2_final_exp_session03_CAB,exp,fp16_scalar,20260728_operand_rate_v2_final_exp_session03_CAB_exp_fp16_scalar,1,0,20260728_operand_rate_v2_final_exp_session03_CAB_exp_fp16_scalar_b1_r0_treatment,treatment,treatment,20260728_operand_rate_v2_final_exp_session03_CAB_exp_fp16_scalar_b1_r0_treatment_1785247415231,38,184168.476533468,184168.47855405399,184168.47754376099,0.0020205859909765422,9.665412906993879,10606550450,true,true,5dff3859ad319cb37301e68cfc6fde00723e3a42110ca93adb44c05e97098167
softmax_whole_stage_atc_trace_v1,softmax_whole_stage_operand_rate_atc,softmax_whole_stage_operand_rate_atc_v2,20260728_operand_rate_v2_final_exp_session03_CAB,exp,fp16_scalar,20260728_operand_rate_v2_final_exp_session03_CAB_exp_fp16_scalar,1,0,20260728_operand_rate_v2_final_exp_session03_CAB_exp_fp16_scalar_b1_r0_treatment,treatment,treatment,20260728_operand_rate_v2_final_exp_session03_CAB_exp_fp16_scalar_b1_r0_treatment_1785247415231,39,184168.732362279,184168.73366286501,184168.73301257199,0.0013005860091652721,9.9208817179896869,10606614324,true,true,5dff3859ad319cb37301e68cfc6fde00723e3a42110ca93adb44c05e97098167
softmax_whole_stage_atc_trace_v1,softmax_whole_stage_operand_rate_atc,softmax_whole_stage_operand_rate_atc_v2,20260728_operand_rate_v2_final_exp_session03_CAB,exp,fp16_scalar,20260728_operand_rate_v2_final_exp_session03_CAB_exp_fp16_scalar,1,0,20260728_operand_rate_v2_final_exp_session03_CAB_exp_fp16_scalar_b1_r0_treatment,treatment,treatment,20260728_operand_rate_v2_final_exp_session03_CAB_exp_fp16_scalar_b1_r0_treatment_1785247415231,40,184168.98648728,184168.98803990701,184168.9872635935,0.0015526270144619048,10.175132739503169,10606657593,true,true,5dff3859ad319cb37301e68cfc6fde00723e3a42110ca93adb44c05e97098167
softmax_whole_stage_atc_trace_v1,softmax_whole_stage_operand_rate_atc,softmax_whole_stage_operand_rate_atc_v2,20260728_operand_rate_v2_final_exp_session03_CAB,exp,fp16_scalar,20260728_operand_rate_v2_final_exp_session03_CAB_exp_fp16_scalar,1,0,20260728_operand_rate_v2_final_exp_session03_CAB_exp_fp16_scalar_b1_r0_treatment,treatment,treatment,20260728_operand_rate_v2_final_exp_session03_CAB_exp_fp16_scalar_b1_r0_treatment_1785247415231,41,184169.24188628301,184169.246765866,184169.24432607449,0.0048795829934533685,10.432195220491849,10606720810,true,true,5dff3859ad319cb37301e68cfc6fde00723e3a42110ca93adb44c05e97098167
softmax_whole_stage_atc_trace_v1,softmax_whole_stage_operand_rate_atc,softmax_whole_stage_operand_rate_atc_v2,20260728_operand_rate_v2_final_exp_session03_CAB,exp,fp16_scalar,20260728_operand_rate_v2_final_exp_session03_CAB_exp_fp16_scalar,1,0,20260728_operand_rate_v2_final_exp_session03_CAB_exp_fp16_scalar_b1_r0_treatment,treatment,treatment,20260728_operand_rate_v2_final_exp_session03_CAB_exp_fp16_scalar_b1_r0_treatment_1785247415231,42,184169.50058078699,184169.50201469901,184169.501297743,0.0014339120243676007,10.689166889002081,10606763287,true,true,5dff3859ad319cb37301e68cfc6fde00723e3a42110ca93adb44c05e97098167
softmax_whole_stage_atc_trace_v1,softmax_whole_stage_operand_rate_atc,softmax_whole_stage_operand_rate_atc_v2,20260728_operand_rate_v2_final_exp_session03_CAB,exp,fp16_scalar,20260728_operand_rate_v2_final_exp_session03_CAB_exp_fp16_scalar,1,0,20260728_operand_rate_v2_final_exp_session03_CAB_exp_fp16_scalar_b1_r0_treatment,treatment,treatment,20260728_operand_rate_v2_final_exp_session03_CAB_exp_fp16_scalar_b1_r0_treatment_1785247415231,43,184169.754129159,184169.755567941,184169.75484855002,0.0014387819974217564,10.942717696016189,10606824982,true,true,5dff3859ad319cb37301e68cfc6fde00723e3a42110ca93adb44c05e97098167
softmax_whole_stage_atc_trace_v1,softmax_whole_stage_operand_rate_atc,softmax_whole_stage_operand_rate_atc_v2,20260728_operand_rate_v2_final_exp_session03_CAB,exp,fp16_scalar,20260728_operand_rate_v2_final_exp_session03_CAB_exp_fp16_scalar,1,0,20260728_operand_rate_v2_final_exp_session03_CAB_exp_fp16_scalar_b1_r0_treatment,treatment,treatment,20260728_operand_rate_v2_final_exp_session03_CAB_exp_fp16_scalar_b1_r0_treatment_1785247415231,44,184170.00937657201,184170.01091996601,184170.01014826901,0.0015433939988724887,11.198017415008508,10606867121,true,true,5dff3859ad319cb37301e68cfc6fde00723e3a42110ca93adb44c05e97098167
softmax_whole_stage_atc_trace_v1,softmax_whole_stage_operand_rate_atc,softmax_whole_stage_operand_rate_atc_v2,20260728_operand_rate_v2_final_exp_session03_CAB,exp,fp16_scalar,20260728_operand_rate_v2_final_exp_session03_CAB_exp_fp16_scalar,1,0,20260728_operand_rate_v2_final_exp_session03_CAB_exp_fp16_scalar_b1_r0_treatment,treatment,treatment,20260728_operand_rate_v2_final_exp_session03_CAB_exp_fp16_scalar_b1_r0_treatment_1785247415231,45,184170.26475051299,184170.26610396299,184170.26542723799,0.00135345000308007,11.453296383988345,10606928551,true,true,5dff3859ad319cb37301e68cfc6fde00723e3a42110ca93adb44c05e97098167
softmax_whole_stage_atc_trace_v1,softmax_whole_stage_operand_rate_atc,softmax_whole_stage_operand_rate_atc_v2,20260728_operand_rate_v2_final_exp_session03_CAB,exp,fp16_scalar,20260728_operand_rate_v2_final_exp_session03_CAB_exp_fp16_scalar,1,0,20260728_operand_rate_v2_final_exp_session03_CAB_exp_fp16_scalar_b1_r0_treatment,treatment,treatment,20260728_operand_rate_v2_final_exp_session03_CAB_exp_fp16_scalar_b1_r0_treatment_1785247415231,46,184170.519912188,184170.52485701299,184170.52238460048,0.0049448249919805676,11.710253746481612,10606970021,true,true,5dff3859ad319cb37301e68cfc6fde00723e3a42110ca93adb44c05e97098167
softmax_whole_stage_atc_trace_v1,softmax_whole_stage_operand_rate_atc,softmax_whole_stage_operand_rate_atc_v2,20260728_operand_rate_v2_final_exp_session03_CAB,exp,fp16_scalar,20260728_operand_rate_v2_final_exp_session03_CAB_exp_fp16_scalar,1,0,20260728_operand_rate_v2_final_exp_session03_CAB_exp_fp16_scalar_b1_r0_treatment,treatment,treatment,20260728_operand_rate_v2_final_exp_session03_CAB_exp_fp16_scalar_b1_r0_treatment_1785247415231,47,184170.77575977001,184170.77712427999,184170.776442025,0.001364509982522577,11.964311171002919,10607034406,true,true,5dff3859ad319cb37301e68cfc6fde00723e3a42110ca93adb44c05e97098167
softmax_whole_stage_atc_trace_v1,softmax_whole_stage_operand_rate_atc,softmax_whole_stage_operand_rate_atc_v2,20260728_operand_rate_v2_final_exp_session03_CAB,exp,fp16_scalar,20260728_operand_rate_v2_final_exp_session03_CAB_exp_fp16_scalar,1,0,20260728_operand_rate_v2_final_exp_session03_CAB_exp_fp16_scalar_b1_r0_treatment,treatment,treatment,20260728_operand_rate_v2_final_exp_session03_CAB_exp_fp16_scalar_b1_r0_treatment_1785247415231,48,184171.03088572901,184171.03230269701,184171.03159421301,0.001416968007106334,12.21946335901157,10607075133,true,true,5dff3859ad319cb37301e68cfc6fde00723e3a42110ca93adb44c05e97098167
softmax_whole_stage_atc_trace_v1,softmax_whole_stage_operand_rate_atc,softmax_whole_stage_operand_rate_atc_v2,20260728_operand_rate_v2_final_exp_session03_CAB,exp,fp16_scalar,20260728_operand_rate_v2_final_exp_session03_CAB_exp_fp16_scalar,1,0,20260728_operand_rate_v2_final_exp_session03_CAB_exp_fp16_scalar_b1_r0_treatment,treatment,treatment,20260728_operand_rate_v2_final_exp_session03_CAB_exp_fp16_scalar_b1_r0_treatment_1785247415231,49,184171.28614582599,184171.28755213899,184171.28684898251,0.0014063130074646324,12.474718128505629,10607139532,true,true,5dff3859ad319cb37301e68cfc6fde00723e3a42110ca93adb44c05e97098167
softmax_whole_stage_atc_trace_v1,softmax_whole_stage_operand_rate_atc,softmax_whole_stage_operand_rate_atc_v2,20260728_operand_rate_v2_final_exp_session03_CAB,exp,fp16_scalar,20260728_operand_rate_v2_final_exp_session03_CAB_exp_fp16_scalar,1,0,20260728_operand_rate_v2_final_exp_session03_CAB_exp_fp16_scalar_b1_r0_treatment,treatment,treatment,20260728_operand_rate_v2_final_exp_session03_CAB_exp_fp16_scalar_b1_r0_treatment_1785247415231,50,184171.54134504299,184171.54273075901,184171.542037901,0.0013857160229235888,12.729907047003508,10607179663,true,true,5dff3859ad319cb37301e68cfc6fde00723e3a42110ca93adb44c05e97098167
softmax_whole_stage_atc_trace_v1,softmax_whole_stage_operand_rate_atc,softmax_whole_stage_operand_rate_atc_v2,20260728_operand_rate_v2_final_exp_session03_CAB,exp,fp16_scalar,20260728_operand_rate_v2_final_exp_session03_CAB_exp_fp16_scalar,1,0,20260728_operand_rate_v2_final_exp_session03_CAB_exp_fp16_scalar_b1_r0_treatment,treatment,treatment,20260728_operand_rate_v2_final_exp_session03_CAB_exp_fp16_scalar_b1_r0_treatment_1785247415231,51,184171.79465831901,184171.79606260301,184171.79536046099,0.0014042840048205107,12.983229606994428,10607243508,true,true,5dff3859ad319cb37301e68cfc6fde00723e3a42110ca93adb44c05e97098167
softmax_whole_stage_atc_trace_v1,softmax_whole_stage_operand_rate_atc,softmax_whole_stage_operand_rate_atc_v2,20260728_operand_rate_v2_final_exp_session03_CAB,exp,fp16_scalar,20260728_operand_rate_v2_final_exp_session03_CAB_exp_fp16_scalar,1,0,20260728_operand_rate_v2_final_exp_session03_CAB_exp_fp16_scalar_b1_r0_treatment,treatment,treatment,20260728_operand_rate_v2_final_exp_session03_CAB_exp_fp16_scalar_b1_r0_treatment_1785247415231,52,184172.04990126801,184172.05129195499,184172.05059661152,0.0013906869862694293,13.238465757516678,10607283312,true,false,5dff3859ad319cb37301e68cfc6fde00723e3a42110ca93adb44c05e97098167
softmax_whole_stage_atc_trace_v1,softmax_whole_stage_operand_rate_atc,softmax_whole_stage_operand_rate_atc_v2,20260728_operand_rate_v2_final_exp_session03_CAB,exp,fp16_scalar,20260728_operand_rate_v2_final_exp_session03_CAB_exp_fp16_scalar,1,0,20260728_operand_rate_v2_final_exp_session03_CAB_exp_fp16_scalar_b1_r0_treatment,treatment,treatment,20260728_operand_rate_v2_final_exp_session03_CAB_exp_fp16_scalar_b1_r0_treatment_1785247415231,53,184172.30380365299,184172.30531254801,184172.3045581005,0.0015088950167410076,13.492427246499574,10607345782,true,false,5dff3859ad319cb37301e68cfc6fde00723e3a42110ca93adb44c05e97098167
softmax_whole_stage_atc_trace_v1,softmax_whole_stage_operand_rate_atc,softmax_whole_stage_operand_rate_atc_v2,20260728_operand_rate_v2_final_exp_session03_CAB,exp,fp16_scalar,20260728_operand_rate_v2_final_exp_session03_CAB_exp_fp16_scalar,1,0,20260728_operand_rate_v2_final_exp_session03_CAB_exp_fp16_scalar_b1_r0_treatment,treatment,treatment,20260728_operand_rate_v2_final_exp_session03_CAB_exp_fp16_scalar_b1_r0_treatment_1785247415231,54,184172.559394426,184172.56149141601,184172.56044292101,0.0020969900069758296,13.748312067007646,10607374674,true,false,5dff3859ad319cb37301e68cfc6fde00723e3a42110ca93adb44c05e97098167
softmax_whole_stage_atc_trace_v1,softmax_whole_stage_operand_rate_atc,softmax_whole_stage_operand_rate_atc_v2,20260728_operand_rate_v2_final_exp_session03_CAB,exp,fp16_scalar,20260728_operand_rate_v2_final_exp_session03_CAB_exp_fp16_scalar,1,0,20260728_operand_rate_v2_final_exp_session03_CAB_exp_fp16_scalar_b1_r0_treatment,treatment,treatment,20260728_operand_rate_v2_final_exp_session03_CAB_exp_fp16_scalar_b1_r0_treatment_1785247415231,55,184172.56151221599,184172.56334610601,184172.56242916099,0.0018338900117669255,13.750298306986224,10607374674,false,false,5dff3859ad319cb37301e68cfc6fde00723e3a42110ca93adb44c05e97098167
softmax_whole_stage_atc_trace_v1,softmax_whole_stage_operand_rate_atc,softmax_whole_stage_operand_rate_atc_v2,20260728_operand_rate_v2_final_exp_session03_CAB,exp,fp16_scalar,20260728_operand_rate_v2_final_exp_session03_CAB_exp_fp16_scalar,1,1,20260728_operand_rate_v2_final_exp_session03_CAB_exp_fp16_scalar_b1_r1_control,control,control,20260728_operand_rate_v2_final_exp_session03_CAB_exp_fp16_scalar_b1_r1_control_1785247430028,0,184173.598369671,184173.59959963799,184173.5989846545,0.0012299669906497002,0.00067342750844545662,10607505967,false,false,5dff3859ad319cb37301e68cfc6fde00723e3a42110ca93adb44c05e97098167
softmax_whole_stage_atc_trace_v1,softmax_whole_stage_operand_rate_atc,softmax_whole_stage_operand_rate_atc_v2,20260728_operand_rate_v2_final_exp_session03_CAB,exp,fp16_scalar,20260728_operand_rate_v2_final_exp_session03_CAB_exp_fp16_scalar,1,1,20260728_operand_rate_v2_final_exp_session03_CAB_exp_fp16_scalar_b1_r1_control,control,control,20260728_operand_rate_v2_final_exp_session03_CAB_exp_fp16_scalar_b1_r1_control_1785247430028,1,184173.84999658901,184173.851925044,184173.85096081649,0.0019284549925941974,0.25264958949992433,10607559590,true,false,5dff3859ad319cb37301e68cfc6fde00723e3a42110ca93adb44c05e97098167
softmax_whole_stage_atc_trace_v1,softmax_whole_stage_operand_rate_atc,softmax_whole_stage_operand_rate_atc_v2,20260728_operand_rate_v2_final_exp_session03_CAB,exp,fp16_scalar,20260728_operand_rate_v2_final_exp_session03_CAB_exp_fp16_scalar,1,1,20260728_operand_rate_v2_final_exp_session03_CAB_exp_fp16_scalar_b1_r1_control,control,control,20260728_operand_rate_v2_final_exp_session03_CAB_exp_fp16_scalar_b1_r1_control_1785247430028,2,184174.10575366,184174.10711498,184174.10643431998,0.0013613199989777058,0.50812309299362823,10607601661,true,false,5dff3859ad319cb37301e68cfc6fde00723e3a42110ca93adb44c05e97098167
softmax_whole_stage_atc_trace_v1,softmax_whole_stage_operand_rate_atc,softmax_whole_stage_operand_rate_atc_v2,20260728_operand_rate_v2_final_exp_session03_CAB,exp,fp16_scalar,20260728_operand_rate_v2_final_exp_session03_CAB_exp_fp16_scalar,1,1,20260728_operand_rate_v2_final_exp_session03_CAB_exp_fp16_scalar_b1_r1_control,control,control,20260728_operand_rate_v2_final_exp_session03_CAB_exp_fp16_scalar_b1_r1_control_1785247430028,3,184174.35744657501,184174.35907573599,184174.35826115549,0.0016291609790641814,0.75994992849882692,10607662881,true,true,5dff3859ad319cb37301e68cfc6fde00723e3a42110ca93adb44c05e97098167
softmax_whole_stage_atc_trace_v1,softmax_whole_stage_operand_rate_atc,softmax_whole_stage_operand_rate_atc_v2,20260728_operand_rate_v2_final_exp_session03_CAB,exp,fp16_scalar,20260728_operand_rate_v2_final_exp_session03_CAB_exp_fp16_scalar,1,1,20260728_operand_rate_v2_final_exp_session03_CAB_exp_fp16_scalar_b1_r1_control,control,control,20260728_operand_rate_v2_final_exp_session03_CAB_exp_fp16_scalar_b1_r1_control_1785247430028,4,184174.612889665,184174.61424307199,184174.6135663685,0.001353406987618655,1.0152551415085327,10607705115,true,true,5dff3859ad319cb37301e68cfc6fde00723e3a42110ca93adb44c05e97098167
softmax_whole_stage_atc_trace_v1,softmax_whole_stage_operand_rate_atc,softmax_whole_stage_operand_rate_atc_v2,20260728_operand_rate_v2_final_exp_session03_CAB,exp,fp16_scalar,20260728_operand_rate_v2_final_exp_session03_CAB_exp_fp16_scalar,1,1,20260728_operand_rate_v2_final_exp_session03_CAB_exp_fp16_scalar_b1_r1_control,control,control,20260728_operand_rate_v2_final_exp_session03_CAB_exp_fp16_scalar_b1_r1_control_1785247430028,5,184174.86450446001,184174.86619652301,184174.86535049151,0.0016920630005188286,1.2670392645231914,10607766405,true,true,5dff3859ad319cb37301e68cfc6fde00723e3a42110ca93adb44c05e97098167
softmax_whole_stage_atc_trace_v1,softmax_whole_stage_operand_rate_atc,softmax_whole_stage_operand_rate_atc_v2,20260728_operand_rate_v2_final_exp_session03_CAB,exp,fp16_scalar,20260728_operand_rate_v2_final_exp_session03_CAB_exp_fp16_scalar,1,1,20260728_operand_rate_v2_final_exp_session03_CAB_exp_fp16_scalar_b1_r1_control,control,control,20260728_operand_rate_v2_final_exp_session03_CAB_exp_fp16_scalar_b1_r1_control_1785247430028,6,184175.11997484101,184175.121366395,184175.12067061802,0.0013915539893787354,1.5223593910341151,10607808678,true,true,5dff3859ad319cb37301e68cfc6fde00723e3a42110ca93adb44c05e97098167
softmax_whole_stage_atc_trace_v1,softmax_whole_stage_operand_rate_atc,softmax_whole_stage_operand_rate_atc_v2,20260728_operand_rate_v2_final_exp_session03_CAB,exp,fp16_scalar,20260728_operand_rate_v2_final_exp_session03_CAB_exp_fp16_scalar,1,1,20260728_operand_rate_v2_final_exp_session03_CAB_exp_fp16_scalar_b1_r1_control,control,control,20260728_operand_rate_v2_final_exp_session03_CAB_exp_fp16_scalar_b1_r1_control_1785247430028,7,184175.37154945999,184175.37318866499,184175.3723690625,0.0016392050019931048,1.7740578355151229,10607870076,true,true,5dff3859ad319cb37301e68cfc6fde00723e3a42110ca93adb44c05e97098167
softmax_whole_stage_atc_trace_v1,softmax_whole_stage_operand_rate_atc,softmax_whole_stage_operand_rate_atc_v2,20260728_operand_rate_v2_final_exp_session03_CAB,exp,fp16_scalar,20260728_operand_rate_v2_final_exp_session03_CAB_exp_fp16_scalar,1,1,20260728_operand_rate_v2_final_exp_session03_CAB_exp_fp16_scalar_b1_r1_control,control,control,20260728_operand_rate_v2_final_exp_session03_CAB_exp_fp16_scalar_b1_r1_control_1785247430028,8,184175.62700228899,184175.628396177,184175.62769923301,0.0013938880001660436,2.0293880060198717,10607912466,true,true,5dff3859ad319cb37301e68cfc6fde00723e3a42110ca93adb44c05e97098167
softmax_whole_stage_atc_trace_v1,softmax_whole_stage_operand_rate_atc,softmax_whole_stage_operand_rate_atc_v2,20260728_operand_rate_v2_final_exp_session03_CAB,exp,fp16_scalar,20260728_operand_rate_v2_final_exp_session03_CAB_exp_fp16_scalar,1,1,20260728_operand_rate_v2_final_exp_session03_CAB_exp_fp16_scalar_b1_r1_control,control,control,20260728_operand_rate_v2_final_exp_session03_CAB_exp_fp16_scalar_b1_r1_control_1785247430028,9,184175.87975479799,184175.88112738001,184175.88044108899,0.0013725820172112435,2.2821298619965091,10607973977,true,true,5dff3859ad319cb37301e68cfc6fde00723e3a42110ca93adb44c05e97098167
softmax_whole_stage_atc_trace_v1,softmax_whole_stage_operand_rate_atc,softmax_whole_stage_operand_rate_atc_v2,20260728_operand_rate_v2_final_exp_session03_CAB,exp,fp16_scalar,20260728_operand_rate_v2_final_exp_session03_CAB_exp_fp16_scalar,1,1,20260728_operand_rate_v2_final_exp_session03_CAB_exp_fp16_scalar_b1_r1_control,control,control,20260728_operand_rate_v2_final_exp_session03_CAB_exp_fp16_scalar_b1_r1_control_1785247430028,10,184176.13296933199,184176.134660076,184176.13381470399,0.0016907440149225295,2.5355034770036582,10608016183,true,true,5dff3859ad319cb37301e68cfc6fde00723e3a42110ca93adb44c05e97098167
softmax_whole_stage_atc_trace_v1,softmax_whole_stage_operand_rate_atc,softmax_whole_stage_operand_rate_atc_v2,20260728_operand_rate_v2_final_exp_session03_CAB,exp,fp16_scalar,20260728_operand_rate_v2_final_exp_session03_CAB_exp_fp16_scalar,1,1,20260728_operand_rate_v2_final_exp_session03_CAB_exp_fp16_scalar_b1_r1_control,control,control,20260728_operand_rate_v2_final_exp_session03_CAB_exp_fp16_scalar_b1_r1_control_1785247430028,11,184176.38814468301,184176.39014699499,184176.389145839,0.0020023119868710637,2.7908346120093483,10608077911,true,true,5dff3859ad319cb37301e68cfc6fde00723e3a42110ca93adb44c05e97098167
softmax_whole_stage_atc_trace_v1,softmax_whole_stage_operand_rate_atc,softmax_whole_stage_operand_rate_atc_v2,20260728_operand_rate_v2_final_exp_session03_CAB,exp,fp16_scalar,20260728_operand_rate_v2_final_exp_session03_CAB_exp_fp16_scalar,1,1,20260728_operand_rate_v2_final_exp_session03_CAB_exp_fp16_scalar_b1_r1_control,control,control,20260728_operand_rate_v2_final_exp_session03_CAB_exp_fp16_scalar_b1_r1_control_1785247430028,12,184176.64388939799,184176.645248182,184176.64456878998,0.0013587840076070279,3.04625756299356,10608141390,true,true,5dff3859ad319cb37301e68cfc6fde00723e3a42110ca93adb44c05e97098167
softmax_whole_stage_atc_trace_v1,softmax_whole_stage_operand_rate_atc,softmax_whole_stage_operand_rate_atc_v2,20260728_operand_rate_v2_final_exp_session03_CAB,exp,fp16_scalar,20260728_operand_rate_v2_final_exp_session03_CAB_exp_fp16_scalar,1,1,20260728_operand_rate_v2_final_exp_session03_CAB_exp_fp16_scalar_b1_r1_control,control,control,20260728_operand_rate_v2_final_exp_session03_CAB_exp_fp16_scalar_b1_r1_control_1785247430028,13,184176.899058763,184176.90052011801,184176.8997894405,0.0014613550156354904,3.3014782135142013,10608184435,true,true,5dff3859ad319cb37301e68cfc6fde00723e3a42110ca93adb44c05e97098167
softmax_whole_stage_atc_trace_v1,softmax_whole_stage_operand_rate_atc,softmax_whole_stage_operand_rate_atc_v2,20260728_operand_rate_v2_final_exp_session03_CAB,exp,fp16_scalar,20260728_operand_rate_v2_final_exp_session03_CAB_exp_fp16_scalar,1,1,20260728_operand_rate_v2_final_exp_session03_CAB_exp_fp16_scalar_b1_r1_control,control,control,20260728_operand_rate_v2_final_exp_session03_CAB_exp_fp16_scalar_b1_r1_control_1785247430028,14,184177.15432369901,184177.15830204601,184177.15631287251,0.0039783469983376563,3.5580016455205623,10608247089,true,true,5dff3859ad319cb37301e68cfc6fde00723e3a42110ca93adb44c05e97098167
softmax_whole_stage_atc_trace_v1,softmax_whole_stage_operand_rate_atc,softmax_whole_stage_operand_rate_atc_v2,20260728_operand_rate_v2_final_exp_session03_CAB,exp,fp16_scalar,20260728_operand_rate_v2_final_exp_session03_CAB_exp_fp16_scalar,1,1,20260728_operand_rate_v2_final_exp_session03_CAB_exp_fp16_scalar_b1_r1_control,control,control,20260728_operand_rate_v2_final_exp_session03_CAB_exp_fp16_scalar_b1_r1_control_1785247430028,15,184177.4106881,184177.412156962,184177.411422531,0.0014688619994558394,3.8131113040144555,10608289356,true,true,5dff3859ad319cb37301e68cfc6fde00723e3a42110ca93adb44c05e97098167
softmax_whole_stage_atc_trace_v1,softmax_whole_stage_operand_rate_atc,softmax_whole_stage_operand_rate_atc_v2,20260728_operand_rate_v2_final_exp_session03_CAB,exp,fp16_scalar,20260728_operand_rate_v2_final_exp_session03_CAB_exp_fp16_scalar,1,1,20260728_operand_rate_v2_final_exp_session03_CAB_exp_fp16_scalar_b1_r1_control,control,control,20260728_operand_rate_v2_final_exp_session03_CAB_exp_fp16_scalar_b1_r1_control_1785247430028,16,184177.66586821899,184177.667303297,184177.66658575798,0.0014350780111271888,4.0682745309895836,10608350977,true,true,5dff3859ad319cb37301e68cfc6fde00723e3a42110ca93adb44c05e97098167
softmax_whole_stage_atc_trace_v1,softmax_whole_stage_operand_rate_atc,softmax_whole_stage_operand_rate_atc_v2,20260728_operand_rate_v2_final_exp_session03_CAB,exp,fp16_scalar,20260728_operand_rate_v2_final_exp_session03_CAB_exp_fp16_scalar,1,1,20260728_operand_rate_v2_final_exp_session03_CAB_exp_fp16_scalar_b1_r1_control,control,control,20260728_operand_rate_v2_final_exp_session03_CAB_exp_fp16_scalar_b1_r1_control_1785247430028,17,184177.921084862,184177.92246505301,184177.9217749575,0.0013801910099573433,4.3234637305140495,10608392791,true,true,5dff3859ad319cb37301e68cfc6fde00723e3a42110ca93adb44c05e97098167
softmax_whole_stage_atc_trace_v1,softmax_whole_stage_operand_rate_atc,softmax_whole_stage_operand_rate_atc_v2,20260728_operand_rate_v2_final_exp_session03_CAB,exp,fp16_scalar,20260728_operand_rate_v2_final_exp_session03_CAB_exp_fp16_scalar,1,1,20260728_operand_rate_v2_final_exp_session03_CAB_exp_fp16_scalar_b1_r1_control,control,control,20260728_operand_rate_v2_final_exp_session03_CAB_exp_fp16_scalar_b1_r1_control_1785247430028,18,184178.17627086601,184178.177655115,184178.17696299049,0.0013842489861417562,4.5786517634987831,10608453700,true,true,5dff3859ad319cb37301e68cfc6fde00723e3a42110ca93adb44c05e97098167
softmax_whole_stage_atc_trace_v1,softmax_whole_stage_operand_rate_atc,softmax_whole_stage_operand_rate_atc_v2,20260728_operand_rate_v2_final_exp_session03_CAB,exp,fp16_scalar,20260728_operand_rate_v2_final_exp_session03_CAB_exp_fp16_scalar,1,1,20260728_operand_rate_v2_final_exp_session03_CAB_exp_fp16_scalar_b1_r1_control,control,control,20260728_operand_rate_v2_final_exp_session03_CAB_exp_fp16_scalar_b1_r1_control_1785247430028,19,184178.43146640601,184178.436371644,184178.433919025,0.0049052379908971488,4.8356077980133705,10608494874,true,true,5dff3859ad319cb37301e68cfc6fde00723e3a42110ca93adb44c05e97098167
softmax_whole_stage_atc_trace_v1,softmax_whole_stage_operand_rate_atc,softmax_whole_stage_operand_rate_atc_v2,20260728_operand_rate_v2_final_exp_session03_CAB,exp,fp16_scalar,20260728_operand_rate_v2_final_exp_session03_CAB_exp_fp16_scalar,1,1,20260728_operand_rate_v2_final_exp_session03_CAB_exp_fp16_scalar_b1_r1_control,control,control,20260728_operand_rate_v2_final_exp_session03_CAB_exp_fp16_scalar_b1_r1_control_1785247430028,20,184178.69011384499,184178.69149718099,184178.690805513,0.0013833359989803284,5.0924942860146984,10608558795,true,true,5dff3859ad319cb37301e68cfc6fde00723e3a42110ca93adb44c05e97098167
softmax_whole_stage_atc_trace_v1,softmax_whole_stage_operand_rate_atc,softmax_whole_stage_operand_rate_atc_v2,20260728_operand_rate_v2_final_exp_session03_CAB,exp,fp16_scalar,20260728_operand_rate_v2_final_exp_session03_CAB_exp_fp16_scalar,1,1,20260728_operand_rate_v2_final_exp_session03_CAB_exp_fp16_scalar_b1_r1_control,control,control,20260728_operand_rate_v2_final_exp_session03_CAB_exp_fp16_scalar_b1_r1_control_1785247430028,21,184178.94531202299,184178.94670966399,184178.9460108435,0.0013976409973111004,5.347699616511818,10608598550,true,true,5dff3859ad319cb37301e68cfc6fde00723e3a42110ca93adb44c05e97098167
softmax_whole_stage_atc_trace_v1,softmax_whole_stage_operand_rate_atc,softmax_whole_stage_operand_rate_atc_v2,20260728_operand_rate_v2_final_exp_session03_CAB,exp,fp16_scalar,20260728_operand_rate_v2_final_exp_session03_CAB_exp_fp16_scalar,1,1,20260728_operand_rate_v2_final_exp_session03_CAB_exp_fp16_scalar_b1_r1_control,control,control,20260728_operand_rate_v2_final_exp_session03_CAB_exp_fp16_scalar_b1_r1_control_1785247430028,22,184179.20051476601,184179.20191129201,184179.20121302901,0.0013965260004624724,5.6029018020199146,10608661748,true,true,5dff3859ad319cb37301e68cfc6fde00723e3a42110ca93adb44c05e97098167
softmax_whole_stage_atc_trace_v1,softmax_whole_stage_operand_rate_atc,softmax_whole_stage_operand_rate_atc_v2,20260728_operand_rate_v2_final_exp_session03_CAB,exp,fp16_scalar,20260728_operand_rate_v2_final_exp_session03_CAB_exp_fp16_scalar,1,1,20260728_operand_rate_v2_final_exp_session03_CAB_exp_fp16_scalar_b1_r1_control,control,control,20260728_operand_rate_v2_final_exp_session03_CAB_exp_fp16_scalar_b1_r1_control_1785247430028,23,184179.455649535,184179.457002232,184179.45632588351,0.0013526969996746629,5.8580146565218456,10608700807,true,true,5dff3859ad319cb37301e68cfc6fde00723e3a42110ca93adb44c05e97098167
softmax_whole_stage_atc_trace_v1,softmax_whole_stage_operand_rate_atc,softmax_whole_stage_operand_rate_atc_v2,20260728_operand_rate_v2_final_exp_session03_CAB,exp,fp16_scalar,20260728_operand_rate_v2_final_exp_session03_CAB_exp_fp16_scalar,1,1,20260728_operand_rate_v2_final_exp_session03_CAB_exp_fp16_scalar_b1_r1_control,control,control,20260728_operand_rate_v2_final_exp_session03_CAB_exp_fp16_scalar_b1_r1_control_1785247430028,24,184179.71081048,184179.71407651299,184179.71244349651,0.003266032988904044,6.1141322695184499,10608763377,true,true,5dff3859ad319cb37301e68cfc6fde00723e3a42110ca93adb44c05e97098167
softmax_whole_stage_atc_trace_v1,softmax_whole_stage_operand_rate_atc,softmax_whole_stage_operand_rate_atc_v2,20260728_operand_rate_v2_final_exp_session03_CAB,exp,fp16_scalar,20260728_operand_rate_v2_final_exp_session03_CAB_exp_fp16_scalar,1,1,20260728_operand_rate_v2_final_exp_session03_CAB_exp_fp16_scalar_b1_r1_control,control,control,20260728_operand_rate_v2_final_exp_session03_CAB_exp_fp16_scalar_b1_r1_control_1785247430028,25,184179.964667628,184179.966075212,184179.96537142,0.0014075840008445084,6.3670601930061821,10608805797,true,true,5dff3859ad319cb37301e68cfc6fde00723e3a42110ca93adb44c05e97098167
softmax_whole_stage_atc_trace_v1,softmax_whole_stage_operand_rate_atc,softmax_whole_stage_operand_rate_atc_v2,20260728_operand_rate_v2_final_exp_session03_CAB,exp,fp16_scalar,20260728_operand_rate_v2_final_exp_session03_CAB_exp_fp16_scalar,1,1,20260728_operand_rate_v2_final_exp_session03_CAB_exp_fp16_scalar_b1_r1_control,control,control,20260728_operand_rate_v2_final_exp_session03_CAB_exp_fp16_scalar_b1_r1_control_1785247430028,26,184180.217111918,184180.221168182,184180.21914005,0.0040562640060670674,6.6208288230118342,10608868017,true,true,5dff3859ad319cb37301e68cfc6fde00723e3a42110ca93adb44c05e97098167
softmax_whole_stage_atc_trace_v1,softmax_whole_stage_operand_rate_atc,softmax_whole_stage_operand_rate_atc_v2,20260728_operand_rate_v2_final_exp_session03_CAB,exp,fp16_scalar,20260728_operand_rate_v2_final_exp_session03_CAB_exp_fp16_scalar,1,1,20260728_operand_rate_v2_final_exp_session03_CAB_exp_fp16_scalar_b1_r1_control,control,control,20260728_operand_rate_v2_final_exp_session03_CAB_exp_fp16_scalar_b1_r1_control_1785247430028,27,184180.47168858399,184180.47310377701,184180.4723961805,0.0014151930226944387,6.8740849535097368,10608910372,true,true,5dff3859ad319cb37301e68cfc6fde00723e3a42110ca93adb44c05e97098167
softmax_whole_stage_atc_trace_v1,softmax_whole_stage_operand_rate_atc,softmax_whole_stage_operand_rate_atc_v2,20260728_operand_rate_v2_final_exp_session03_CAB,exp,fp16_scalar,20260728_operand_rate_v2_final_exp_session03_CAB_exp_fp16_scalar,1,1,20260728_operand_rate_v2_final_exp_session03_CAB_exp_fp16_scalar_b1_r1_control,control,control,20260728_operand_rate_v2_final_exp_session03_CAB_exp_fp16_scalar_b1_r1_control_1785247430028,28,184180.72361697501,184180.72816600499,184180.72589149,0.0045490299817174673,7.1275802630116232,10608972544,true,true,5dff3859ad319cb37301e68cfc6fde00723e3a42110ca93adb44c05e97098167
softmax_whole_stage_atc_trace_v1,softmax_whole_stage_operand_rate_atc,softmax_whole_stage_operand_rate_atc_v2,20260728_operand_rate_v2_final_exp_session03_CAB,exp,fp16_scalar,20260728_operand_rate_v2_final_exp_session03_CAB_exp_fp16_scalar,1,1,20260728_operand_rate_v2_final_exp_session03_CAB_exp_fp16_scalar_b1_r1_control,control,control,20260728_operand_rate_v2_final_exp_session03_CAB_exp_fp16_scalar_b1_r1_control_1785247430028,29,184180.97888586801,184180.98030491601,184180.97959539201,0.0014190479996614158,7.3812841650214978,10609014896,true,true,5dff3859ad319cb37301e68cfc6fde00723e3a42110ca93adb44c05e97098167
softmax_whole_stage_atc_trace_v1,softmax_whole_stage_operand_rate_atc,softmax_whole_stage_operand_rate_atc_v2,20260728_operand_rate_v2_final_exp_session03_CAB,exp,fp16_scalar,20260728_operand_rate_v2_final_exp_session03_CAB_exp_fp16_scalar,1,1,20260728_operand_rate_v2_final_exp_session03_CAB_exp_fp16_scalar_b1_r1_control,control,control,20260728_operand_rate_v2_final_exp_session03_CAB_exp_fp16_scalar_b1_r1_control_1785247430028,30,184181.23225299001,184181.23533285299,184181.2337929215,0.0030798629741184413,7.6354816945095081,10609076985,true,true,5dff3859ad319cb37301e68cfc6fde00723e3a42110ca93adb44c05e97098167
softmax_whole_stage_atc_trace_v1,softmax_whole_stage_operand_rate_atc,softmax_whole_stage_operand_rate_atc_v2,20260728_operand_rate_v2_final_exp_session03_CAB,exp,fp16_scalar,20260728_operand_rate_v2_final_exp_session03_CAB_exp_fp16_scalar,1,1,20260728_operand_rate_v2_final_exp_session03_CAB_exp_fp16_scalar_b1_r1_control,control,control,20260728_operand_rate_v2_final_exp_session03_CAB_exp_fp16_scalar_b1_r1_control_1785247430028,31,184181.48911259099,184181.49052656701,184181.489819579,0.0014139760169200599,7.8915083520114422,10609119289,true,true,5dff3859ad319cb37301e68cfc6fde00723e3a42110ca93adb44c05e97098167
softmax_whole_stage_atc_trace_v1,softmax_whole_stage_operand_rate_atc,softmax_whole_stage_operand_rate_atc_v2,20260728_operand_rate_v2_final_exp_session03_CAB,exp,fp16_scalar,20260728_operand_rate_v2_final_exp_session03_CAB_exp_fp16_scalar,1,1,20260728_operand_rate_v2_final_exp_session03_CAB_exp_fp16_scalar_b1_r1_control,control,control,20260728_operand_rate_v2_final_exp_session03_CAB_exp_fp16_scalar_b1_r1_control_1785247430028,32,184181.74428155099,184181.745702121,184181.74499183599,0.0014205700135789812,8.1466806090029422,10609180654,true,true,5dff3859ad319cb37301e68cfc6fde00723e3a42110ca93adb44c05e97098167
softmax_whole_stage_atc_trace_v1,softmax_whole_stage_operand_rate_atc,softmax_whole_stage_operand_rate_atc_v2,20260728_operand_rate_v2_final_exp_session03_CAB,exp,fp16_scalar,20260728_operand_rate_v2_final_exp_session03_CAB_exp_fp16_scalar,1,1,20260728_operand_rate_v2_final_exp_session03_CAB_exp_fp16_scalar_b1_r1_control,control,control,20260728_operand_rate_v2_final_exp_session03_CAB_exp_fp16_scalar_b1_r1_control_1785247430028,33,184181.99951067299,184182.00088984901,184182.00020026101,0.0013791760138701648,8.4018890340230428,10609222237,true,true,5dff3859ad319cb37301e68cfc6fde00723e3a42110ca93adb44c05e97098167
softmax_whole_stage_atc_trace_v1,softmax_whole_stage_operand_rate_atc,softmax_whole_stage_operand_rate_atc_v2,20260728_operand_rate_v2_final_exp_session03_CAB,exp,fp16_scalar,20260728_operand_rate_v2_final_exp_session03_CAB_exp_fp16_scalar,1,1,20260728_operand_rate_v2_final_exp_session03_CAB_exp_fp16_scalar_b1_r1_control,control,control,20260728_operand_rate_v2_final_exp_session03_CAB_exp_fp16_scalar_b1_r1_control_1785247430028,34,184182.25463866399,184182.256039759,184182.25533921149,0.0014010950108058751,8.6570279845036566,10609282889,true,true,5dff3859ad319cb37301e68cfc6fde00723e3a42110ca93adb44c05e97098167
softmax_whole_stage_atc_trace_v1,softmax_whole_stage_operand_rate_atc,softmax_whole_stage_operand_rate_atc_v2,20260728_operand_rate_v2_final_exp_session03_CAB,exp,fp16_scalar,20260728_operand_rate_v2_final_exp_session03_CAB_exp_fp16_scalar,1,1,20260728_operand_rate_v2_final_exp_session03_CAB_exp_fp16_scalar_b1_r1_control,control,control,20260728_operand_rate_v2_final_exp_session03_CAB_exp_fp16_scalar_b1_r1_control_1785247430028,35,184182.50981220999,184182.51328907601,184182.51155064302,0.0034768660261761397,8.9132394160260446,10609323823,true,true,5dff3859ad319cb37301e68cfc6fde00723e3a42110ca93adb44c05e97098167
softmax_whole_stage_atc_trace_v1,softmax_whole_stage_operand_rate_atc,softmax_whole_stage_operand_rate_atc_v2,20260728_operand_rate_v2_final_exp_session03_CAB,exp,fp16_scalar,20260728_operand_rate_v2_final_exp_session03_CAB_exp_fp16_scalar,1,1,20260728_operand_rate_v2_final_exp_session03_CAB_exp_fp16_scalar_b1_r1_control,control,control,20260728_operand_rate_v2_final_exp_session03_CAB_exp_fp16_scalar_b1_r1_control_1785247430028,36,184182.76710616701,184182.76855666999,184182.76783141849,0.0014505029830615968,9.1695201914990321,10609387736,true,true,5dff3859ad319cb37301e68cfc6fde00723e3a42110ca93adb44c05e97098167
softmax_whole_stage_atc_trace_v1,softmax_whole_stage_operand_rate_atc,softmax_whole_stage_operand_rate_atc_v2,20260728_operand_rate_v2_final_exp_session03_CAB,exp,fp16_scalar,20260728_operand_rate_v2_final_exp_session03_CAB_exp_fp16_scalar,1,1,20260728_operand_rate_v2_final_exp_session03_CAB_exp_fp16_scalar_b1_r1_control,control,control,20260728_operand_rate_v2_final_exp_session03_CAB_exp_fp16_scalar_b1_r1_control_1785247430028,37,184183.022361688,184183.02374655,184183.023054119,0.0013848620001226664,9.4247428920061793,10609427522,true,true,5dff3859ad319cb37301e68cfc6fde00723e3a42110ca93adb44c05e97098167
softmax_whole_stage_atc_trace_v1,softmax_whole_stage_operand_rate_atc,softmax_whole_stage_operand_rate_atc_v2,20260728_operand_rate_v2_final_exp_session03_CAB,exp,fp16_scalar,20260728_operand_rate_v2_final_exp_session03_CAB_exp_fp16_scalar,1,1,20260728_operand_rate_v2_final_exp_session03_CAB_exp_fp16_scalar_b1_r1_control,control,control,20260728_operand_rate_v2_final_exp_session03_CAB_exp_fp16_scalar_b1_r1_control_1785247430028,38,184183.274032699,184183.275466463,184183.274749581,0.0014337640022858977,9.6764383540139534,10609490754,true,true,5dff3859ad319cb37301e68cfc6fde00723e3a42110ca93adb44c05e97098167
softmax_whole_stage_atc_trace_v1,softmax_whole_stage_operand_rate_atc,softmax_whole_stage_operand_rate_atc_v2,20260728_operand_rate_v2_final_exp_session03_CAB,exp,fp16_scalar,20260728_operand_rate_v2_final_exp_session03_CAB_exp_fp16_scalar,1,1,20260728_operand_rate_v2_final_exp_session03_CAB_exp_fp16_scalar_b1_r1_control,control,control,20260728_operand_rate_v2_final_exp_session03_CAB_exp_fp16_scalar_b1_r1_control_1785247430028,39,184183.52567114399,184183.527643329,184183.52665723651,0.0019721850112546235,9.9283460095175542,10609530617,true,true,5dff3859ad319cb37301e68cfc6fde00723e3a42110ca93adb44c05e97098167
softmax_whole_stage_atc_trace_v1,softmax_whole_stage_operand_rate_atc,softmax_whole_stage_operand_rate_atc_v2,20260728_operand_rate_v2_final_exp_session03_CAB,exp,fp16_scalar,20260728_operand_rate_v2_final_exp_session03_CAB_exp_fp16_scalar,1,1,20260728_operand_rate_v2_final_exp_session03_CAB_exp_fp16_scalar_b1_r1_control,control,control,20260728_operand_rate_v2_final_exp_session03_CAB_exp_fp16_scalar_b1_r1_control_1785247430028,40,184183.77800080201,184183.77939844699,184183.7786996245,0.0013976449845358729,10.180388397508068,10609594544,true,true,5dff3859ad319cb37301e68cfc6fde00723e3a42110ca93adb44c05e97098167
softmax_whole_stage_atc_trace_v1,softmax_whole_stage_operand_rate_atc,softmax_whole_stage_operand_rate_atc_v2,20260728_operand_rate_v2_final_exp_session03_CAB,exp,fp16_scalar,20260728_operand_rate_v2_final_exp_session03_CAB_exp_fp16_scalar,1,1,20260728_operand_rate_v2_final_exp_session03_CAB_exp_fp16_scalar_b1_r1_control,control,control,20260728_operand_rate_v2_final_exp_session03_CAB_exp_fp16_scalar_b1_r1_control_1785247430028,41,184184.029718584,184184.03468552101,184184.03220205251,0.0049669370055198669,10.433890825515846,10609635103,true,true,5dff3859ad319cb37301e68cfc6fde00723e3a42110ca93adb44c05e97098167
softmax_whole_stage_atc_trace_v1,softmax_whole_stage_operand_rate_atc,softmax_whole_stage_operand_rate_atc_v2,20260728_operand_rate_v2_final_exp_session03_CAB,exp,fp16_scalar,20260728_operand_rate_v2_final_exp_session03_CAB_exp_fp16_scalar,1,1,20260728_operand_rate_v2_final_exp_session03_CAB_exp_fp16_scalar_b1_r1_control,control,control,20260728_operand_rate_v2_final_exp_session03_CAB_exp_fp16_scalar_b1_r1_control_1785247430028,42,184184.28501844101,184184.28644429101,184184.28573136602,0.0014258500013966113,10.687420139031019,10609699084,true,true,5dff3859ad319cb37301e68cfc6fde00723e3a42110ca93adb44c05e97098167
softmax_whole_stage_atc_trace_v1,softmax_whole_stage_operand_rate_atc,softmax_whole_stage_operand_rate_atc_v2,20260728_operand_rate_v2_final_exp_session03_CAB,exp,fp16_scalar,20260728_operand_rate_v2_final_exp_session03_CAB_exp_fp16_scalar,1,1,20260728_operand_rate_v2_final_exp_session03_CAB_exp_fp16_scalar_b1_r1_control,control,control,20260728_operand_rate_v2_final_exp_session03_CAB_exp_fp16_scalar_b1_r1_control_1785247430028,43,184184.536698482,184184.541729538,184184.53921401,0.0050310560036450624,10.940902783011552,10609739647,true,true,5dff3859ad319cb37301e68cfc6fde00723e3a42110ca93adb44c05e97098167
softmax_whole_stage_atc_trace_v1,softmax_whole_stage_operand_rate_atc,softmax_whole_stage_operand_rate_atc_v2,20260728_operand_rate_v2_final_exp_session03_CAB,exp,fp16_scalar,20260728_operand_rate_v2_final_exp_session03_CAB_exp_fp16_scalar,1,1,20260728_operand_rate_v2_final_exp_session03_CAB_exp_fp16_scalar_b1_r1_control,control,control,20260728_operand_rate_v2_final_exp_session03_CAB_exp_fp16_scalar_b1_r1_control_1785247430028,44,184184.79219516201,184184.79363369301,184184.79291442753,0.0014385310059878975,11.194603200536221,10609803632,true,true,5dff3859ad319cb37301e68cfc6fde00723e3a42110ca93adb44c05e97098167
softmax_whole_stage_atc_trace_v1,softmax_whole_stage_operand_rate_atc,softmax_whole_stage_operand_rate_atc_v2,20260728_operand_rate_v2_final_exp_session03_CAB,exp,fp16_scalar,20260728_operand_rate_v2_final_exp_session03_CAB_exp_fp16_scalar,1,1,20260728_operand_rate_v2_final_exp_session03_CAB_exp_fp16_scalar_b1_r1_control,control,control,20260728_operand_rate_v2_final_exp_session03_CAB_exp_fp16_scalar_b1_r1_control_1785247430028,45,184185.044124985,184185.048956074,184185.0465405295,0.0048310889978893101,11.448229302506661,10609844167,true,true,5dff3859ad319cb37301e68cfc6fde00723e3a42110ca93adb44c05e97098167
softmax_whole_stage_atc_trace_v1,softmax_whole_stage_operand_rate_atc,softmax_whole_stage_operand_rate_atc_v2,20260728_operand_rate_v2_final_exp_session03_CAB,exp,fp16_scalar,20260728_operand_rate_v2_final_exp_session03_CAB_exp_fp16_scalar,1,1,20260728_operand_rate_v2_final_exp_session03_CAB_exp_fp16_scalar_b1_r1_control,control,control,20260728_operand_rate_v2_final_exp_session03_CAB_exp_fp16_scalar_b1_r1_control_1785247430028,46,184185.29933241699,184185.30068876999,184185.30001059349,0.0013563529937528074,11.701699366501998,10609908068,true,true,5dff3859ad319cb37301e68cfc6fde00723e3a42110ca93adb44c05e97098167
softmax_whole_stage_atc_trace_v1,softmax_whole_stage_operand_rate_atc,softmax_whole_stage_operand_rate_atc_v2,20260728_operand_rate_v2_final_exp_session03_CAB,exp,fp16_scalar,20260728_operand_rate_v2_final_exp_session03_CAB_exp_fp16_scalar,1,1,20260728_operand_rate_v2_final_exp_session03_CAB_exp_fp16_scalar_b1_r1_control,control,control,20260728_operand_rate_v2_final_exp_session03_CAB_exp_fp16_scalar_b1_r1_control_1785247430028,47,184185.551142624,184185.55602109199,184185.553581858,0.0048784679966047406,11.955270631005988,10609948589,true,true,5dff3859ad319cb37301e68cfc6fde00723e3a42110ca93adb44c05e97098167
softmax_whole_stage_atc_trace_v1,softmax_whole_stage_operand_rate_atc,softmax_whole_stage_operand_rate_atc_v2,20260728_operand_rate_v2_final_exp_session03_CAB,exp,fp16_scalar,20260728_operand_rate_v2_final_exp_session03_CAB_exp_fp16_scalar,1,1,20260728_operand_rate_v2_final_exp_session03_CAB_exp_fp16_scalar_b1_r1_control,control,control,20260728_operand_rate_v2_final_exp_session03_CAB_exp_fp16_scalar_b1_r1_control_1785247430028,48,184185.806487933,184185.80799707799,184185.80724250549,0.0015091449895408005,12.208931278495584,10610012461,true,true,5dff3859ad319cb37301e68cfc6fde00723e3a42110ca93adb44c05e97098167
softmax_whole_stage_atc_trace_v1,softmax_whole_stage_operand_rate_atc,softmax_whole_stage_operand_rate_atc_v2,20260728_operand_rate_v2_final_exp_session03_CAB,exp,fp16_scalar,20260728_operand_rate_v2_final_exp_session03_CAB_exp_fp16_scalar,1,1,20260728_operand_rate_v2_final_exp_session03_CAB_exp_fp16_scalar_b1_r1_control,control,control,20260728_operand_rate_v2_final_exp_session03_CAB_exp_fp16_scalar_b1_r1_control_1785247430028,49,184186.05815001699,184186.063106199,184186.06062810798,0.004956182005116716,12.462316880992148,10610052902,true,true,5dff3859ad319cb37301e68cfc6fde00723e3a42110ca93adb44c05e97098167
softmax_whole_stage_atc_trace_v1,softmax_whole_stage_operand_rate_atc,softmax_whole_stage_operand_rate_atc_v2,20260728_operand_rate_v2_final_exp_session03_CAB,exp,fp16_scalar,20260728_operand_rate_v2_final_exp_session03_CAB_exp_fp16_scalar,1,1,20260728_operand_rate_v2_final_exp_session03_CAB_exp_fp16_scalar_b1_r1_control,control,control,20260728_operand_rate_v2_final_exp_session03_CAB_exp_fp16_scalar_b1_r1_control_1785247430028,50,184186.313649335,184186.31506869101,184186.31435901299,0.0014193560054991394,12.716047786001582,10610116692,true,true,5dff3859ad319cb37301e68cfc6fde00723e3a42110ca93adb44c05e97098167
softmax_whole_stage_atc_trace_v1,softmax_whole_stage_operand_rate_atc,softmax_whole_stage_operand_rate_atc_v2,20260728_operand_rate_v2_final_exp_session03_CAB,exp,fp16_scalar,20260728_operand_rate_v2_final_exp_session03_CAB_exp_fp16_scalar,1,1,20260728_operand_rate_v2_final_exp_session03_CAB_exp_fp16_scalar_b1_r1_control,control,control,20260728_operand_rate_v2_final_exp_session03_CAB_exp_fp16_scalar_b1_r1_control_1785247430028,51,184186.56554354701,184186.570223163,184186.56788335502,0.0046796159876976162,12.96957212802954,10610157136,true,true,5dff3859ad319cb37301e68cfc6fde00723e3a42110ca93adb44c05e97098167
softmax_whole_stage_atc_trace_v1,softmax_whole_stage_operand_rate_atc,softmax_whole_stage_operand_rate_atc_v2,20260728_operand_rate_v2_final_exp_session03_CAB,exp,fp16_scalar,20260728_operand_rate_v2_final_exp_session03_CAB_exp_fp16_scalar,1,1,20260728_operand_rate_v2_final_exp_session03_CAB_exp_fp16_scalar_b1_r1_control,control,control,20260728_operand_rate_v2_final_exp_session03_CAB_exp_fp16_scalar_b1_r1_control_1785247430028,52,184186.820934004,184186.82230476299,184186.8216193835,0.0013707589823752642,13.223308156506391,10610220996,true,false,5dff3859ad319cb37301e68cfc6fde00723e3a42110ca93adb44c05e97098167
softmax_whole_stage_atc_trace_v1,softmax_whole_stage_operand_rate_atc,softmax_whole_stage_operand_rate_atc_v2,20260728_operand_rate_v2_final_exp_session03_CAB,exp,fp16_scalar,20260728_operand_rate_v2_final_exp_session03_CAB_exp_fp16_scalar,1,1,20260728_operand_rate_v2_final_exp_session03_CAB_exp_fp16_scalar_b1_r1_control,control,control,20260728_operand_rate_v2_final_exp_session03_CAB_exp_fp16_scalar_b1_r1_control_1785247430028,53,184187.07320776,184187.07734306899,184187.07527541451,0.0041353089909534901,13.476964187517297,10610261373,true,false,5dff3859ad319cb37301e68cfc6fde00723e3a42110ca93adb44c05e97098167
softmax_whole_stage_atc_trace_v1,softmax_whole_stage_operand_rate_atc,softmax_whole_stage_operand_rate_atc_v2,20260728_operand_rate_v2_final_exp_session03_CAB,exp,fp16_scalar,20260728_operand_rate_v2_final_exp_session03_CAB_exp_fp16_scalar,1,1,20260728_operand_rate_v2_final_exp_session03_CAB_exp_fp16_scalar_b1_r1_control,control,control,20260728_operand_rate_v2_final_exp_session03_CAB_exp_fp16_scalar_b1_r1_control_1785247430028,54,184187.32797649899,184187.32947965799,184187.32872807849,0.0015031590010039508,13.730416851496557,10610310313,true,false,5dff3859ad319cb37301e68cfc6fde00723e3a42110ca93adb44c05e97098167
softmax_whole_stage_atc_trace_v1,softmax_whole_stage_operand_rate_atc,softmax_whole_stage_operand_rate_atc_v2,20260728_operand_rate_v2_final_exp_session03_CAB,exp,fp16_scalar,20260728_operand_rate_v2_final_exp_session03_CAB_exp_fp16_scalar,1,1,20260728_operand_rate_v2_final_exp_session03_CAB_exp_fp16_scalar_b1_r1_control,control,control,20260728_operand_rate_v2_final_exp_session03_CAB_exp_fp16_scalar_b1_r1_control_1785247430028,55,184187.32948787601,184187.330734455,184187.3301111655,0.0012465789914131165,13.731799938512268,10610310313,false,false,5dff3859ad319cb37301e68cfc6fde00723e3a42110ca93adb44c05e97098167
softmax_whole_stage_atc_trace_v1,softmax_whole_stage_operand_rate_atc,softmax_whole_stage_operand_rate_atc_v2,20260728_operand_rate_v2_final_exp_session03_CAB,exp,fp16_scalar,20260728_operand_rate_v2_final_exp_session03_CAB_exp_fp16_scalar,1,2,20260728_operand_rate_v2_final_exp_session03_CAB_exp_fp16_scalar_b1_r2_treatment,treatment,treatment,20260728_operand_rate_v2_final_exp_session03_CAB_exp_fp16_scalar_b1_r2_treatment_1785247444328,0,184188.363079637,184188.36428888,184188.36368425848,0.0012092429969925433,0.00068832148099318147,10610442264,false,false,5dff3859ad319cb37301e68cfc6fde00723e3a42110ca93adb44c05e97098167
softmax_whole_stage_atc_trace_v1,softmax_whole_stage_operand_rate_atc,softmax_whole_stage_operand_rate_atc_v2,20260728_operand_rate_v2_final_exp_session03_CAB,exp,fp16_scalar,20260728_operand_rate_v2_final_exp_session03_CAB_exp_fp16_scalar,1,2,20260728_operand_rate_v2_final_exp_session03_CAB_exp_fp16_scalar_b1_r2_treatment,treatment,treatment,20260728_operand_rate_v2_final_exp_session03_CAB_exp_fp16_scalar_b1_r2_treatment_1785247444328,1,184188.618099985,184188.619671525,184188.61888575502,0.0015715399931650609,0.25588981801411137,10610497394,true,false,5dff3859ad319cb37301e68cfc6fde00723e3a42110ca93adb44c05e97098167
softmax_whole_stage_atc_trace_v1,softmax_whole_stage_operand_rate_atc,softmax_whole_stage_operand_rate_atc_v2,20260728_operand_rate_v2_final_exp_session03_CAB,exp,fp16_scalar,20260728_operand_rate_v2_final_exp_session03_CAB_exp_fp16_scalar,1,2,20260728_operand_rate_v2_final_exp_session03_CAB_exp_fp16_scalar_b1_r2_treatment,treatment,treatment,20260728_operand_rate_v2_final_exp_session03_CAB_exp_fp16_scalar_b1_r2_treatment_1785247444328,2,184188.873415771,184188.87483218501,184188.87412397802,0.00141641401569359,0.51112804102012888,10610539762,true,true,5dff3859ad319cb37301e68cfc6fde00723e3a42110ca93adb44c05e97098167
softmax_whole_stage_atc_trace_v1,softmax_whole_stage_operand_rate_atc,softmax_whole_stage_operand_rate_atc_v2,20260728_operand_rate_v2_final_exp_session03_CAB,exp,fp16_scalar,20260728_operand_rate_v2_final_exp_session03_CAB_exp_fp16_scalar,1,2,20260728_operand_rate_v2_final_exp_session03_CAB_exp_fp16_scalar_b1_r2_treatment,treatment,treatment,20260728_operand_rate_v2_final_exp_session03_CAB_exp_fp16_scalar_b1_r2_treatment_1785247444328,3,184189.12505634601,184189.126458557,184189.12575745152,0.0014022109971847385,0.76276151451747864,10610601469,true,true,5dff3859ad319cb37301e68cfc6fde00723e3a42110ca93adb44c05e97098167
softmax_whole_stage_atc_trace_v1,softmax_whole_stage_operand_rate_atc,softmax_whole_stage_operand_rate_atc_v2,20260728_operand_rate_v2_final_exp_session03_CAB,exp,fp16_scalar,20260728_operand_rate_v2_final_exp_session03_CAB_exp_fp16_scalar,1,2,20260728_operand_rate_v2_final_exp_session03_CAB_exp_fp16_scalar_b1_r2_treatment,treatment,treatment,20260728_operand_rate_v2_final_exp_session03_CAB_exp_fp16_scalar_b1_r2_treatment_1785247444328,4,184189.37801015499,184189.37946857201,184189.37873936351,0.0014584170130547136,1.0157434265129268,10610644023,true,true,5dff3859ad319cb37301e68cfc6fde00723e3a42110ca93adb44c05e97098167
softmax_whole_stage_atc_trace_v1,softmax_whole_stage_operand_rate_atc,softmax_whole_stage_operand_rate_atc_v2,20260728_operand_rate_v2_final_exp_session03_CAB,exp,fp16_scalar,20260728_operand_rate_v2_final_exp_session03_CAB_exp_fp16_scalar,1,2,20260728_operand_rate_v2_final_exp_session03_CAB_exp_fp16_scalar_b1_r2_treatment,treatment,treatment,20260728_operand_rate_v2_final_exp_session03_CAB_exp_fp16_scalar_b1_r2_treatment_1785247444328,5,184189.63203573701,184189.633832202,184189.63293396949,0.0017964649887289852,1.2699380324920639,10610706321,true,true,5dff3859ad319cb37301e68cfc6fde00723e3a42110ca93adb44c05e97098167
softmax_whole_stage_atc_trace_v1,softmax_whole_stage_operand_rate_atc,softmax_whole_stage_operand_rate_atc_v2,20260728_operand_rate_v2_final_exp_session03_CAB,exp,fp16_scalar,20260728_operand_rate_v2_final_exp_session03_CAB_exp_fp16_scalar,1,2,20260728_operand_rate_v2_final_exp_session03_CAB_exp_fp16_scalar_b1_r2_treatment,treatment,treatment,20260728_operand_rate_v2_final_exp_session03_CAB_exp_fp16_scalar_b1_r2_treatment_1785247444328,6,184189.88758497001,184189.889212918,184189.88839894399,0.0016279479896184057,1.5254030069918372,10610748777,true,true,5dff3859ad319cb37301e68cfc6fde00723e3a42110ca93adb44c05e97098167
softmax_whole_stage_atc_trace_v1,softmax_whole_stage_operand_rate_atc,softmax_whole_stage_operand_rate_atc_v2,20260728_operand_rate_v2_final_exp_session03_CAB,exp,fp16_scalar,20260728_operand_rate_v2_final_exp_session03_CAB_exp_fp16_scalar,1,2,20260728_operand_rate_v2_final_exp_session03_CAB_exp_fp16_scalar_b1_r2_treatment,treatment,treatment,20260728_operand_rate_v2_final_exp_session03_CAB_exp_fp16_scalar_b1_r2_treatment_1785247444328,7,184190.139419933,184190.14084933401,184190.14013463352,0.0014294010179582983,1.7771386965177953,10610810128,true,true,5dff3859ad319cb37301e68cfc6fde00723e3a42110ca93adb44c05e97098167
softmax_whole_stage_atc_trace_v1,softmax_whole_stage_operand_rate_atc,softmax_whole_stage_operand_rate_atc_v2,20260728_operand_rate_v2_final_exp_session03_CAB,exp,fp16_scalar,20260728_operand_rate_v2_final_exp_session03_CAB_exp_fp16_scalar,1,2,20260728_operand_rate_v2_final_exp_session03_CAB_exp_fp16_scalar_b1_r2_treatment,treatment,treatment,20260728_operand_rate_v2_final_exp_session03_CAB_exp_fp16_scalar_b1_r2_treatment_1785247444328,8,184190.39410040699,184190.39551895199,184190.39480967948,0.0014185449981596321,2.0318137424765155,10610852416,true,true,5dff3859ad319cb37301e68cfc6fde00723e3a42110ca93adb44c05e97098167
softmax_whole_stage_atc_trace_v1,softmax_whole_stage_operand_rate_atc,softmax_whole_stage_operand_rate_atc_v2,20260728_operand_rate_v2_final_exp_session03_CAB,exp,fp16_scalar,20260728_operand_rate_v2_final_exp_session03_CAB_exp_fp16_scalar,1,2,20260728_operand_rate_v2_final_exp_session03_CAB_exp_fp16_scalar_b1_r2_treatment,treatment,treatment,20260728_operand_rate_v2_final_exp_session03_CAB_exp_fp16_scalar_b1_r2_treatment_1785247444328,9,184190.64931017201,184190.65072252799,184190.65001635,0.0014123559813015163,2.2870204130013008,10610913930,true,true,5dff3859ad319cb37301e68cfc6fde00723e3a42110ca93adb44c05e97098167
softmax_whole_stage_atc_trace_v1,softmax_whole_stage_operand_rate_atc,softmax_whole_stage_operand_rate_atc_v2,20260728_operand_rate_v2_final_exp_session03_CAB,exp,fp16_scalar,20260728_operand_rate_v2_final_exp_session03_CAB_exp_fp16_scalar,1,2,20260728_operand_rate_v2_final_exp_session03_CAB_exp_fp16_scalar_b1_r2_treatment,treatment,treatment,20260728_operand_rate_v2_final_exp_session03_CAB_exp_fp16_scalar_b1_r2_treatment_1785247444328,10,184190.90443936799,184190.90586049101,184190.90514992952,0.0014211230154614896,2.542153992515523,10610955621,true,true,5dff3859ad319cb37301e68cfc6fde00723e3a42110ca93adb44c05e97098167
softmax_whole_stage_atc_trace_v1,softmax_whole_stage_operand_rate_atc,softmax_whole_stage_operand_rate_atc_v2,20260728_operand_rate_v2_final_exp_session03_CAB,exp,fp16_scalar,20260728_operand_rate_v2_final_exp_session03_CAB_exp_fp16_scalar,1,2,20260728_operand_rate_v2_final_exp_session03_CAB_exp_fp16_scalar_b1_r2_treatment,treatment,treatment,20260728_operand_rate_v2_final_exp_session03_CAB_exp_fp16_scalar_b1_r2_treatment_1785247444328,11,184191.15711055201,184191.15851169001,184191.15781112103,0.0014011379971634597,2.7948151840246283,10611016488,true,true,5dff3859ad319cb37301e68cfc6fde00723e3a42110ca93adb44c05e97098167
softmax_whole_stage_atc_trace_v1,softmax_whole_stage_operand_rate_atc,softmax_whole_stage_operand_rate_atc_v2,20260728_operand_rate_v2_final_exp_session03_CAB,exp,fp16_scalar,20260728_operand_rate_v2_final_exp_session03_CAB_exp_fp16_scalar,1,2,20260728_operand_rate_v2_final_exp_session03_CAB_exp_fp16_scalar_b1_r2_treatment,treatment,treatment,20260728_operand_rate_v2_final_exp_session03_CAB_exp_fp16_scalar_b1_r2_treatment_1785247444328,12,184191.41010270399,184191.411559737,184191.41083122051,0.0014570330095011741,3.0478352835052647,10611058034,true,true,5dff3859ad319cb37301e68cfc6fde00723e3a42110ca93adb44c05e97098167
softmax_whole_stage_atc_trace_v1,softmax_whole_stage_operand_rate_atc,softmax_whole_stage_operand_rate_atc_v2,20260728_operand_rate_v2_final_exp_session03_CAB,exp,fp16_scalar,20260728_operand_rate_v2_final_exp_session03_CAB_exp_fp16_scalar,1,2,20260728_operand_rate_v2_final_exp_session03_CAB_exp_fp16_scalar_b1_r2_treatment,treatment,treatment,20260728_operand_rate_v2_final_exp_session03_CAB_exp_fp16_scalar_b1_r2_treatment_1785247444328,13,184191.66408991499,184191.66540573901,184191.66474782699,0.001315824018092826,3.3017518899869174,10611119274,true,true,5dff3859ad319cb37301e68cfc6fde00723e3a42110ca93adb44c05e97098167
softmax_whole_stage_atc_trace_v1,softmax_whole_stage_operand_rate_atc,softmax_whole_stage_operand_rate_atc_v2,20260728_operand_rate_v2_final_exp_session03_CAB,exp,fp16_scalar,20260728_operand_rate_v2_final_exp_session03_CAB_exp_fp16_scalar,1,2,20260728_operand_rate_v2_final_exp_session03_CAB_exp_fp16_scalar_b1_r2_treatment,treatment,treatment,20260728_operand_rate_v2_final_exp_session03_CAB_exp_fp16_scalar_b1_r2_treatment_1785247444328,14,184191.91915496299,184191.92059170801,184191.91987333552,0.0014367450203280896,3.5568773985141888,10611160907,true,true,5dff3859ad319cb37301e68cfc6fde00723e3a42110ca93adb44c05e97098167
softmax_whole_stage_atc_trace_v1,softmax_whole_stage_operand_rate_atc,softmax_whole_stage_operand_rate_atc_v2,20260728_operand_rate_v2_final_exp_session03_CAB,exp,fp16_scalar,20260728_operand_rate_v2_final_exp_session03_CAB_exp_fp16_scalar,1,2,20260728_operand_rate_v2_final_exp_session03_CAB_exp_fp16_scalar_b1_r2_treatment,treatment,treatment,20260728_operand_rate_v2_final_exp_session03_CAB_exp_fp16_scalar_b1_r2_treatment_1785247444328,15,184192.17086841899,184192.17225210901,184192.17156026402,0.0013836900179740041,3.8085643270169385,10611221782,true,true,5dff3859ad319cb37301e68cfc6fde00723e3a42110ca93adb44c05e97098167
softmax_whole_stage_atc_trace_v1,softmax_whole_stage_operand_rate_atc,softmax_whole_stage_operand_rate_atc_v2,20260728_operand_rate_v2_final_exp_session03_CAB,exp,fp16_scalar,20260728_operand_rate_v2_final_exp_session03_CAB_exp_fp16_scalar,1,2,20260728_operand_rate_v2_final_exp_session03_CAB_exp_fp16_scalar_b1_r2_treatment,treatment,treatment,20260728_operand_rate_v2_final_exp_session03_CAB_exp_fp16_scalar_b1_r2_treatment_1785247444328,16,184192.42299160501,184192.42455931401,184192.42377545952,0.0015677089977543801,4.0607795225223526,10611263527,true,true,5dff3859ad319cb37301e68cfc6fde00723e3a42110ca93adb44c05e97098167
softmax_whole_stage_atc_trace_v1,softmax_whole_stage_operand_rate_atc,softmax_whole_stage_operand_rate_atc_v2,20260728_operand_rate_v2_final_exp_session03_CAB,exp,fp16_scalar,20260728_operand_rate_v2_final_exp_session03_CAB_exp_fp16_scalar,1,2,20260728_operand_rate_v2_final_exp_session03_CAB_exp_fp16_scalar_b1_r2_treatment,treatment,treatment,20260728_operand_rate_v2_final_exp_session03_CAB_exp_fp16_scalar_b1_r2_treatment_1785247444328,17,184192.67535054599,184192.67700214899,184192.67617634748,0.0016516030009370297,4.3131804104777984,10611325107,true,true,5dff3859ad319cb37301e68cfc6fde00723e3a42110ca93adb44c05e97098167
softmax_whole_stage_atc_trace_v1,softmax_whole_stage_operand_rate_atc,softmax_whole_stage_operand_rate_atc_v2,20260728_operand_rate_v2_final_exp_session03_CAB,exp,fp16_scalar,20260728_operand_rate_v2_final_exp_session03_CAB_exp_fp16_scalar,1,2,20260728_operand_rate_v2_final_exp_session03_CAB_exp_fp16_scalar_b1_r2_treatment,treatment,treatment,20260728_operand_rate_v2_final_exp_session03_CAB_exp_fp16_scalar_b1_r2_treatment_1785247444328,18,184192.92856455501,184192.92997117099,184192.92926786299,0.001406615978339687,4.5662719259853475,10611367355,true,true,5dff3859ad319cb37301e68cfc6fde00723e3a42110ca93adb44c05e97098167
softmax_whole_stage_atc_trace_v1,softmax_whole_stage_operand_rate_atc,softmax_whole_stage_operand_rate_atc_v2,20260728_operand_rate_v2_final_exp_session03_CAB,exp,fp16_scalar,20260728_operand_rate_v2_final_exp_session03_CAB_exp_fp16_scalar,1,2,20260728_operand_rate_v2_final_exp_session03_CAB_exp_fp16_scalar_b1_r2_treatment,treatment,treatment,20260728_operand_rate_v2_final_exp_session03_CAB_exp_fp16_scalar_b1_r2_treatment_1785247444328,19,184193.18074424501,184193.18296088799,184193.18185256649,0.0022166429844219238,4.8188566294847988,10611429257,true,true,5dff3859ad319cb37301e68cfc6fde00723e3a42110ca93adb44c05e97098167
softmax_whole_stage_atc_trace_v1,softmax_whole_stage_operand_rate_atc,softmax_whole_stage_operand_rate_atc_v2,20260728_operand_rate_v2_final_exp_session03_CAB,exp,fp16_scalar,20260728_operand_rate_v2_final_exp_session03_CAB_exp_fp16_scalar,1,2,20260728_operand_rate_v2_final_exp_session03_CAB_exp_fp16_scalar_b1_r2_treatment,treatment,treatment,20260728_operand_rate_v2_final_exp_session03_CAB_exp_fp16_scalar_b1_r2_treatment_1785247444328,20,184193.43315056001,184193.43472323901,184193.43393689953,0.0015726790006738156,5.0709409625269473,10611471745,true,true,5dff3859ad319cb37301e68cfc6fde00723e3a42110ca93adb44c05e97098167
softmax_whole_stage_atc_trace_v1,softmax_whole_stage_operand_rate_atc,softmax_whole_stage_operand_rate_atc_v2,20260728_operand_rate_v2_final_exp_session03_CAB,exp,fp16_scalar,20260728_operand_rate_v2_final_exp_session03_CAB_exp_fp16_scalar,1,2,20260728_operand_rate_v2_final_exp_session03_CAB_exp_fp16_scalar_b1_r2_treatment,treatment,treatment,20260728_operand_rate_v2_final_exp_session03_CAB_exp_fp16_scalar_b1_r2_treatment_1785247444328,21,184193.68566410101,184193.69050305901,184193.68808358,0.0048389580042567104,5.3250876429956406,10611534132,true,true,5dff3859ad319cb37301e68cfc6fde00723e3a42110ca93adb44c05e97098167
softmax_whole_stage_atc_trace_v1,softmax_whole_stage_operand_rate_atc,softmax_whole_stage_operand_rate_atc_v2,20260728_operand_rate_v2_final_exp_session03_CAB,exp,fp16_scalar,20260728_operand_rate_v2_final_exp_session03_CAB_exp_fp16_scalar,1,2,20260728_operand_rate_v2_final_exp_session03_CAB_exp_fp16_scalar_b1_r2_treatment,treatment,treatment,20260728_operand_rate_v2_final_exp_session03_CAB_exp_fp16_scalar_b1_r2_treatment_1785247444328,22,184193.94063957501,184193.94218364701,184193.94141161101,0.0015440720017068088,5.5784156740119215,10611576460,true,true,5dff3859ad319cb37301e68cfc6fde00723e3a42110ca93adb44c05e97098167
softmax_whole_stage_atc_trace_v1,softmax_whole_stage_operand_rate_atc,softmax_whole_stage_operand_rate_atc_v2,20260728_operand_rate_v2_final_exp_session03_CAB,exp,fp16_scalar,20260728_operand_rate_v2_final_exp_session03_CAB_exp_fp16_scalar,1,2,20260728_operand_rate_v2_final_exp_session03_CAB_exp_fp16_scalar_b1_r2_treatment,treatment,treatment,20260728_operand_rate_v2_final_exp_session03_CAB_exp_fp16_scalar_b1_r2_treatment_1785247444328,23,184194.19235901599,184194.19712990499,184194.19474446049,0.0047708890051580966,5.8317485234874766,10611638675,true,true,5dff3859ad319cb37301e68cfc6fde00723e3a42110ca93adb44c05e97098167
softmax_whole_stage_atc_trace_v1,softmax_whole_stage_operand_rate_atc,softmax_whole_stage_operand_rate_atc_v2,20260728_operand_rate_v2_final_exp_session03_CAB,exp,fp16_scalar,20260728_operand_rate_v2_final_exp_session03_CAB_exp_fp16_scalar,1,2,20260728_operand_rate_v2_final_exp_session03_CAB_exp_fp16_scalar_b1_r2_treatment,treatment,treatment,20260728_operand_rate_v2_final_exp_session03_CAB_exp_fp16_scalar_b1_r2_treatment_1785247444328,24,184194.44740834099,184194.448971281,184194.448189811,0.0015629400149919093,6.0851938739942852,10611681054,true,true,5dff3859ad319cb37301e68cfc6fde00723e3a42110ca93adb44c05e97098167
softmax_whole_stage_atc_trace_v1,softmax_whole_stage_operand_rate_atc,softmax_whole_stage_operand_rate_atc_v2,20260728_operand_rate_v2_final_exp_session03_CAB,exp,fp16_scalar,20260728_operand_rate_v2_final_exp_session03_CAB_exp_fp16_scalar,1,2,20260728_operand_rate_v2_final_exp_session03_CAB_exp_fp16_scalar_b1_r2_treatment,treatment,treatment,20260728_operand_rate_v2_final_exp_session03_CAB_exp_fp16_scalar_b1_r2_treatment_1785247444328,25,184194.700022412,184194.70475424599,184194.70238832899,0.0047318339929915965,6.339392391993897,10611743321,true,true,5dff3859ad319cb37301e68cfc6fde00723e3a42110ca93adb44c05e97098167
softmax_whole_stage_atc_trace_v1,softmax_whole_stage_operand_rate_atc,softmax_whole_stage_operand_rate_atc_v2,20260728_operand_rate_v2_final_exp_session03_CAB,exp,fp16_scalar,20260728_operand_rate_v2_final_exp_session03_CAB_exp_fp16_scalar,1,2,20260728_operand_rate_v2_final_exp_session03_CAB_exp_fp16_scalar_b1_r2_treatment,treatment,treatment,20260728_operand_rate_v2_final_exp_session03_CAB_exp_fp16_scalar_b1_r2_treatment_1785247444328,26,184194.95495355601,184194.95647439701,184194.95571397652,0.0015208410040941089,6.5927180395228788,10611785594,true,true,5dff3859ad319cb37301e68cfc6fde00723e3a42110ca93adb44c05e97098167
softmax_whole_stage_atc_trace_v1,softmax_whole_stage_operand_rate_atc,softmax_whole_stage_operand_rate_atc_v2,20260728_operand_rate_v2_final_exp_session03_CAB,exp,fp16_scalar,20260728_operand_rate_v2_final_exp_session03_CAB_exp_fp16_scalar,1,2,20260728_operand_rate_v2_final_exp_session03_CAB_exp_fp16_scalar_b1_r2_treatment,treatment,treatment,20260728_operand_rate_v2_final_exp_session03_CAB_exp_fp16_scalar_b1_r2_treatment_1785247444328,27,184195.206686691,184195.21123572401,184195.20896120751,0.0045490330085158348,6.8459652705059852,10611847836,true,true,5dff3859ad319cb37301e68cfc6fde00723e3a42110ca93adb44c05e97098167
softmax_whole_stage_atc_trace_v1,softmax_whole_stage_operand_rate_atc,softmax_whole_stage_operand_rate_atc_v2,20260728_operand_rate_v2_final_exp_session03_CAB,exp,fp16_scalar,20260728_operand_rate_v2_final_exp_session03_CAB_exp_fp16_scalar,1,2,20260728_operand_rate_v2_final_exp_session03_CAB_exp_fp16_scalar_b1_r2_treatment,treatment,treatment,20260728_operand_rate_v2_final_exp_session03_CAB_exp_fp16_scalar_b1_r2_treatment_1785247444328,28,184195.461663586,184195.463274204,184195.46246889501,0.0016106179973576218,7.099472958012484,10611890244,true,true,5dff3859ad319cb37301e68cfc6fde00723e3a42110ca93adb44c05e97098167
softmax_whole_stage_atc_trace_v1,softmax_whole_stage_operand_rate_atc,softmax_whole_stage_operand_rate_atc_v2,20260728_operand_rate_v2_final_exp_session03_CAB,exp,fp16_scalar,20260728_operand_rate_v2_final_exp_session03_CAB_exp_fp16_scalar,1,2,20260728_operand_rate_v2_final_exp_session03_CAB_exp_fp16_scalar_b1_r2_treatment,treatment,treatment,20260728_operand_rate_v2_final_exp_session03_CAB_exp_fp16_scalar_b1_r2_treatment_1785247444328,29,184195.714460763,184195.718804879,184195.71663282102,0.0043441159941721708,7.3536368840141222,10611952482,true,true,5dff3859ad319cb37301e68cfc6fde00723e3a42110ca93adb44c05e97098167
softmax_whole_stage_atc_trace_v1,softmax_whole_stage_operand_rate_atc,softmax_whole_stage_operand_rate_atc_v2,20260728_operand_rate_v2_final_exp_session03_CAB,exp,fp16_scalar,20260728_operand_rate_v2_final_exp_session03_CAB_exp_fp16_scalar,1,2,20260728_operand_rate_v2_final_exp_session03_CAB_exp_fp16_scalar_b1_r2_treatment,treatment,treatment,20260728_operand_rate_v2_final_exp_session03_CAB_exp_fp16_scalar_b1_r2_treatment_1785247444328,30,184195.96914519501,184195.97052533401,184195.96983526449,0.0013801390014123172,7.6068393274908885,10611994862,true,true,5dff3859ad319cb37301e68cfc6fde00723e3a42110ca93adb44c05e97098167
softmax_whole_stage_atc_trace_v1,softmax_whole_stage_operand_rate_atc,softmax_whole_stage_operand_rate_atc_v2,20260728_operand_rate_v2_final_exp_session03_CAB,exp,fp16_scalar,20260728_operand_rate_v2_final_exp_session03_CAB_exp_fp16_scalar,1,2,20260728_operand_rate_v2_final_exp_session03_CAB_exp_fp16_scalar_b1_r2_treatment,treatment,treatment,20260728_operand_rate_v2_final_exp_session03_CAB_exp_fp16_scalar_b1_r2_treatment_1785247444328,31,184196.22092428501,184196.225377047,184196.22315066599,0.0044527619902510196,7.8601547289872542,10612057172,true,true,5dff3859ad319cb37301e68cfc6fde00723e3a42110ca93adb44c05e97098167
softmax_whole_stage_atc_trace_v1,softmax_whole_stage_operand_rate_atc,softmax_whole_stage_operand_rate_atc_v2,20260728_operand_rate_v2_final_exp_session03_CAB,exp,fp16_scalar,20260728_operand_rate_v2_final_exp_session03_CAB_exp_fp16_scalar,1,2,20260728_operand_rate_v2_final_exp_session03_CAB_exp_fp16_scalar_b1_r2_treatment,treatment,treatment,20260728_operand_rate_v2_final_exp_session03_CAB_exp_fp16_scalar_b1_r2_treatment_1785247444328,32,184196.475953524,184196.477525391,184196.47673945752,0.0015718670038040727,8.1137435205164365,10612099693,true,true,5dff3859ad319cb37301e68cfc6fde00723e3a42110ca93adb44c05e97098167
softmax_whole_stage_atc_trace_v1,softmax_whole_stage_operand_rate_atc,softmax_whole_stage_operand_rate_atc_v2,20260728_operand_rate_v2_final_exp_session03_CAB,exp,fp16_scalar,20260728_operand_rate_v2_final_exp_session03_CAB_exp_fp16_scalar,1,2,20260728_operand_rate_v2_final_exp_session03_CAB_exp_fp16_scalar_b1_r2_treatment,treatment,treatment,20260728_operand_rate_v2_final_exp_session03_CAB_exp_fp16_scalar_b1_r2_treatment_1785247444328,33,184196.728779917,184196.73285135301,184196.730815635,0.0040714360075071454,8.3678196980035864,10612162136,true,true,5dff3859ad319cb37301e68cfc6fde00723e3a42110ca93adb44c05e97098167
softmax_whole_stage_atc_trace_v1,softmax_whole_stage_operand_rate_atc,softmax_whole_stage_operand_rate_atc_v2,20260728_operand_rate_v2_final_exp_session03_CAB,exp,fp16_scalar,20260728_operand_rate_v2_final_exp_session03_CAB_exp_fp16_scalar,1,2,20260728_operand_rate_v2_final_exp_session03_CAB_exp_fp16_scalar_b1_r2_treatment,treatment,treatment,20260728_operand_rate_v2_final_exp_session03_CAB_exp_fp16_scalar_b1_r2_treatment_1785247444328,34,184196.983370717,184196.98487106699,184196.98412089201,0.0015003499865997583,8.6211249550106004,10612204606,true,true,5dff3859ad319cb37301e68cfc6fde00723e3a42110ca93adb44c05e97098167
softmax_whole_stage_atc_trace_v1,softmax_whole_stage_operand_rate_atc,softmax_whole_stage_operand_rate_atc_v2,20260728_operand_rate_v2_final_exp_session03_CAB,exp,fp16_scalar,20260728_operand_rate_v2_final_exp_session03_CAB_exp_fp16_scalar,1,2,20260728_operand_rate_v2_final_exp_session03_CAB_exp_fp16_scalar_b1_r2_treatment,treatment,treatment,20260728_operand_rate_v2_final_exp_session03_CAB_exp_fp16_scalar_b1_r2_treatment_1785247444328,35,184197.23539022799,184197.239523139,184197.23745668348,0.004132911009946838,8.8744607464759611,10612266921,true,true,5dff3859ad319cb37301e68cfc6fde00723e3a42110ca93adb44c05e97098167
softmax_whole_stage_atc_trace_v1,softmax_whole_stage_operand_rate_atc,softmax_whole_stage_operand_rate_atc_v2,20260728_operand_rate_v2_final_exp_session03_CAB,exp,fp16_scalar,20260728_operand_rate_v2_final_exp_session03_CAB_exp_fp16_scalar,1,2,20260728_operand_rate_v2_final_exp_session03_CAB_exp_fp16_scalar_b1_r2_treatment,treatment,treatment,20260728_operand_rate_v2_final_exp_session03_CAB_exp_fp16_scalar_b1_r2_treatment_1785247444328,36,184197.49018594401,184197.49173985599,184197.49096289999,0.0015539119776804,9.1279669629875571,10612309447,true,true,5dff3859ad319cb37301e68cfc6fde00723e3a42110ca93adb44c05e97098167
softmax_whole_stage_atc_trace_v1,softmax_whole_stage_operand_rate_atc,softmax_whole_stage_operand_rate_atc_v2,20260728_operand_rate_v2_final_exp_session03_CAB,exp,fp16_scalar,20260728_operand_rate_v2_final_exp_session03_CAB_exp_fp16_scalar,1,2,20260728_operand_rate_v2_final_exp_session03_CAB_exp_fp16_scalar_b1_r2_treatment,treatment,treatment,20260728_operand_rate_v2_final_exp_session03_CAB_exp_fp16_scalar_b1_r2_treatment_1785247444328,37,184197.743164096,184197.747061759,184197.74511292751,0.0038976630021352321,9.3821169905131683,10612371710,true,true,5dff3859ad319cb37301e68cfc6fde00723e3a42110ca93adb44c05e97098167
softmax_whole_stage_atc_trace_v1,softmax_whole_stage_operand_rate_atc,softmax_whole_stage_operand_rate_atc_v2,20260728_operand_rate_v2_final_exp_session03_CAB,exp,fp16_scalar,20260728_operand_rate_v2_final_exp_session03_CAB_exp_fp16_scalar,1,2,20260728_operand_rate_v2_final_exp_session03_CAB_exp_fp16_scalar_b1_r2_treatment,treatment,treatment,20260728_operand_rate_v2_final_exp_session03_CAB_exp_fp16_scalar_b1_r2_treatment_1785247444328,38,184197.99771310101,184197.99913970201,184197.99842640152,0.0014266009966377169,9.6354304645210505,10612414021,true,true,5dff3859ad319cb37301e68cfc6fde00723e3a42110ca93adb44c05e97098167
softmax_whole_stage_atc_trace_v1,softmax_whole_stage_operand_rate_atc,softmax_whole_stage_operand_rate_atc_v2,20260728_operand_rate_v2_final_exp_session03_CAB,exp,fp16_scalar,20260728_operand_rate_v2_final_exp_session03_CAB_exp_fp16_scalar,1,2,20260728_operand_rate_v2_final_exp_session03_CAB_exp_fp16_scalar_b1_r2_treatment,treatment,treatment,20260728_operand_rate_v2_final_exp_session03_CAB_exp_fp16_scalar_b1_r2_treatment_1785247444328,39,184198.24978018901,184198.25359659601,184198.25168839251,0.0038164069992490113,9.888692455511773,10612476190,true,true,5dff3859ad319cb37301e68cfc6fde00723e3a42110ca93adb44c05e97098167
softmax_whole_stage_atc_trace_v1,softmax_whole_stage_operand_rate_atc,softmax_whole_stage_operand_rate_atc_v2,20260728_operand_rate_v2_final_exp_session03_CAB,exp,fp16_scalar,20260728_operand_rate_v2_final_exp_session03_CAB_exp_fp16_scalar,1,2,20260728_operand_rate_v2_final_exp_session03_CAB_exp_fp16_scalar_b1_r2_treatment,treatment,treatment,20260728_operand_rate_v2_final_exp_session03_CAB_exp_fp16_scalar_b1_r2_treatment_1785247444328,40,184198.504408929,184198.505902787,184198.505155858,0.0014938579988665879,10.142159921000712,10612518625,true,true,5dff3859ad319cb37301e68cfc6fde00723e3a42110ca93adb44c05e97098167
softmax_whole_stage_atc_trace_v1,softmax_whole_stage_operand_rate_atc,softmax_whole_stage_operand_rate_atc_v2,20260728_operand_rate_v2_final_exp_session03_CAB,exp,fp16_scalar,20260728_operand_rate_v2_final_exp_session03_CAB_exp_fp16_scalar,1,2,20260728_operand_rate_v2_final_exp_session03_CAB_exp_fp16_scalar_b1_r2_treatment,treatment,treatment,20260728_operand_rate_v2_final_exp_session03_CAB_exp_fp16_scalar_b1_r2_treatment_1785247444328,41,184198.75745261399,184198.76105599001,184198.75925430201,0.0036033760115969926,10.396258365013637,10612580834,true,true,5dff3859ad319cb37301e68cfc6fde00723e3a42110ca93adb44c05e97098167
softmax_whole_stage_atc_trace_v1,softmax_whole_stage_operand_rate_atc,softmax_whole_stage_operand_rate_atc_v2,20260728_operand_rate_v2_final_exp_session03_CAB,exp,fp16_scalar,20260728_operand_rate_v2_final_exp_session03_CAB_exp_fp16_scalar,1,2,20260728_operand_rate_v2_final_exp_session03_CAB_exp_fp16_scalar_b1_r2_treatment,treatment,treatment,20260728_operand_rate_v2_final_exp_session03_CAB_exp_fp16_scalar_b1_r2_treatment_1785247444328,42,184199.011817967,184199.013269961,184199.012543964,0.0014519940013997257,10.649548026995035,10612623164,true,true,5dff3859ad319cb37301e68cfc6fde00723e3a42110ca93adb44c05e97098167
softmax_whole_stage_atc_trace_v1,softmax_whole_stage_operand_rate_atc,softmax_whole_stage_operand_rate_atc_v2,20260728_operand_rate_v2_final_exp_session03_CAB,exp,fp16_scalar,20260728_operand_rate_v2_final_exp_session03_CAB_exp_fp16_scalar,1,2,20260728_operand_rate_v2_final_exp_session03_CAB_exp_fp16_scalar_b1_r2_treatment,treatment,treatment,20260728_operand_rate_v2_final_exp_session03_CAB_exp_fp16_scalar_b1_r2_treatment_1785247444328,43,184199.263441583,184199.26789243799,184199.26566701051,0.0044508549908641726,10.902671073505189,10612685325,true,true,5dff3859ad319cb37301e68cfc6fde00723e3a42110ca93adb44c05e97098167
softmax_whole_stage_atc_trace_v1,softmax_whole_stage_operand_rate_atc,softmax_whole_stage_operand_rate_atc_v2,20260728_operand_rate_v2_final_exp_session03_CAB,exp,fp16_scalar,20260728_operand_rate_v2_final_exp_session03_CAB_exp_fp16_scalar,1,2,20260728_operand_rate_v2_final_exp_session03_CAB_exp_fp16_scalar_b1_r2_treatment,treatment,treatment,20260728_operand_rate_v2_final_exp_session03_CAB_exp_fp16_scalar_b1_r2_treatment_1785247444328,44,184199.51882059799,184199.52022500499,184199.51952280151,0.0014044069976080209,11.156526864506304,10612727742,true,true,5dff3859ad319cb37301e68cfc6fde00723e3a42110ca93adb44c05e97098167
softmax_whole_stage_atc_trace_v1,softmax_whole_stage_operand_rate_atc,softmax_whole_stage_operand_rate_atc_v2,20260728_operand_rate_v2_final_exp_session03_CAB,exp,fp16_scalar,20260728_operand_rate_v2_final_exp_session03_CAB_exp_fp16_scalar,1,2,20260728_operand_rate_v2_final_exp_session03_CAB_exp_fp16_scalar_b1_r2_treatment,treatment,treatment,20260728_operand_rate_v2_final_exp_session03_CAB_exp_fp16_scalar_b1_r2_treatment_1785247444328,45,184199.77093957699,184199.775476679,184199.773208128,0.0045371020096354187,11.41021219099639,10612789994,true,true,5dff3859ad319cb37301e68cfc6fde00723e3a42110ca93adb44c05e97098167
softmax_whole_stage_atc_trace_v1,softmax_whole_stage_operand_rate_atc,softmax_whole_stage_operand_rate_atc_v2,20260728_operand_rate_v2_final_exp_session03_CAB,exp,fp16_scalar,20260728_operand_rate_v2_final_exp_session03_CAB_exp_fp16_scalar,1,2,20260728_operand_rate_v2_final_exp_session03_CAB_exp_fp16_scalar_b1_r2_treatment,treatment,treatment,20260728_operand_rate_v2_final_exp_session03_CAB_exp_fp16_scalar_b1_r2_treatment_1785247444328,46,184200.02785510899,184200.02931582899,184200.028585469,0.0014607199991587549,11.665589532000013,10612832345,true,true,5dff3859ad319cb37301e68cfc6fde00723e3a42110ca93adb44c05e97098167
softmax_whole_stage_atc_trace_v1,softmax_whole_stage_operand_rate_atc,softmax_whole_stage_operand_rate_atc_v2,20260728_operand_rate_v2_final_exp_session03_CAB,exp,fp16_scalar,20260728_operand_rate_v2_final_exp_session03_CAB_exp_fp16_scalar,1,2,20260728_operand_rate_v2_final_exp_session03_CAB_exp_fp16_scalar_b1_r2_treatment,treatment,treatment,20260728_operand_rate_v2_final_exp_session03_CAB_exp_fp16_scalar_b1_r2_treatment_1785247444328,47,184200.280735598,184200.282226454,184200.281481026,0.0014908559969626367,11.918485089001479,10612894262,true,true,5dff3859ad319cb37301e68cfc6fde00723e3a42110ca93adb44c05e97098167
softmax_whole_stage_atc_trace_v1,softmax_whole_stage_operand_rate_atc,softmax_whole_stage_operand_rate_atc_v2,20260728_operand_rate_v2_final_exp_session03_CAB,exp,fp16_scalar,20260728_operand_rate_v2_final_exp_session03_CAB_exp_fp16_scalar,1,2,20260728_operand_rate_v2_final_exp_session03_CAB_exp_fp16_scalar_b1_r2_treatment,treatment,treatment,20260728_operand_rate_v2_final_exp_session03_CAB_exp_fp16_scalar_b1_r2_treatment_1785247444328,48,184200.53410759399,184200.53555826901,184200.5348329315,0.0014506750158034265,12.171836994501064,10612936785,true,true,5dff3859ad319cb37301e68cfc6fde00723e3a42110ca93adb44c05e97098167
softmax_whole_stage_atc_trace_v1,softmax_whole_stage_operand_rate_atc,softmax_whole_stage_operand_rate_atc_v2,20260728_operand_rate_v2_final_exp_session03_CAB,exp,fp16_scalar,20260728_operand_rate_v2_final_exp_session03_CAB_exp_fp16_scalar,1,2,20260728_operand_rate_v2_final_exp_session03_CAB_exp_fp16_scalar_b1_r2_treatment,treatment,treatment,20260728_operand_rate_v2_final_exp_session03_CAB_exp_fp16_scalar_b1_r2_treatment_1785247444328,49,184200.78940370999,184200.790799999,184200.79010185448,0.0013962890079710633,12.427105917478912,10612998980,true,true,5dff3859ad319cb37301e68cfc6fde00723e3a42110ca93adb44c05e97098167
softmax_whole_stage_atc_trace_v1,softmax_whole_stage_operand_rate_atc,softmax_whole_stage_operand_rate_atc_v2,20260728_operand_rate_v2_final_exp_session03_CAB,exp,fp16_scalar,20260728_operand_rate_v2_final_exp_session03_CAB_exp_fp16_scalar,1,2,20260728_operand_rate_v2_final_exp_session03_CAB_exp_fp16_scalar_b1_r2_treatment,treatment,treatment,20260728_operand_rate_v2_final_exp_session03_CAB_exp_fp16_scalar_b1_r2_treatment_1785247444328,50,184201.04107298699,184201.042462376,184201.04176768148,0.0013893890136387199,12.678771744482219,10613041271,true,true,5dff3859ad319cb37301e68cfc6fde00723e3a42110ca93adb44c05e97098167
softmax_whole_stage_atc_trace_v1,softmax_whole_stage_operand_rate_atc,softmax_whole_stage_operand_rate_atc_v2,20260728_operand_rate_v2_final_exp_session03_CAB,exp,fp16_scalar,20260728_operand_rate_v2_final_exp_session03_CAB_exp_fp16_scalar,1,2,20260728_operand_rate_v2_final_exp_session03_CAB_exp_fp16_scalar_b1_r2_treatment,treatment,treatment,20260728_operand_rate_v2_final_exp_session03_CAB_exp_fp16_scalar_b1_r2_treatment_1785247444328,51,184201.296239936,184201.297623744,184201.29693184001,0.0013838080049026757,12.933935903012753,10613103491,true,true,5dff3859ad319cb37301e68cfc6fde00723e3a42110ca93adb44c05e97098167
softmax_whole_stage_atc_trace_v1,softmax_whole_stage_operand_rate_atc,softmax_whole_stage_operand_rate_atc_v2,20260728_operand_rate_v2_final_exp_session03_CAB,exp,fp16_scalar,20260728_operand_rate_v2_final_exp_session03_CAB_exp_fp16_scalar,1,2,20260728_operand_rate_v2_final_exp_session03_CAB_exp_fp16_scalar_b1_r2_treatment,treatment,treatment,20260728_operand_rate_v2_final_exp_session03_CAB_exp_fp16_scalar_b1_r2_treatment_1785247444328,52,184201.55146167701,184201.55291864299,184201.55219016,0.0014569659833796322,13.189194222999504,10613145749,true,false,5dff3859ad319cb37301e68cfc6fde00723e3a42110ca93adb44c05e97098167
softmax_whole_stage_atc_trace_v1,softmax_whole_stage_operand_rate_atc,softmax_whole_stage_operand_rate_atc_v2,20260728_operand_rate_v2_final_exp_session03_CAB,exp,fp16_scalar,20260728_operand_rate_v2_final_exp_session03_CAB_exp_fp16_scalar,1,2,20260728_operand_rate_v2_final_exp_session03_CAB_exp_fp16_scalar_b1_r2_treatment,treatment,treatment,20260728_operand_rate_v2_final_exp_session03_CAB_exp_fp16_scalar_b1_r2_treatment_1785247444328,53,184201.80670046501,184201.80809056401,184201.80739551451,0.0013900990015827119,13.444399577507284,10613206788,true,false,5dff3859ad319cb37301e68cfc6fde00723e3a42110ca93adb44c05e97098167
softmax_whole_stage_atc_trace_v1,softmax_whole_stage_operand_rate_atc,softmax_whole_stage_operand_rate_atc_v2,20260728_operand_rate_v2_final_exp_session03_CAB,exp,fp16_scalar,20260728_operand_rate_v2_final_exp_session03_CAB_exp_fp16_scalar,1,2,20260728_operand_rate_v2_final_exp_session03_CAB_exp_fp16_scalar_b1_r2_treatment,treatment,treatment,20260728_operand_rate_v2_final_exp_session03_CAB_exp_fp16_scalar_b1_r2_treatment_1785247444328,54,184202.05891948999,184202.06126348101,184202.0600914855,0.0023439910146407783,13.697095548501238,10613239425,true,false,5dff3859ad319cb37301e68cfc6fde00723e3a42110ca93adb44c05e97098167
softmax_whole_stage_atc_trace_v1,softmax_whole_stage_operand_rate_atc,softmax_whole_stage_operand_rate_atc_v2,20260728_operand_rate_v2_final_exp_session03_CAB,exp,fp16_scalar,20260728_operand_rate_v2_final_exp_session03_CAB_exp_fp16_scalar,1,2,20260728_operand_rate_v2_final_exp_session03_CAB_exp_fp16_scalar_b1_r2_treatment,treatment,treatment,20260728_operand_rate_v2_final_exp_session03_CAB_exp_fp16_scalar_b1_r2_treatment_1785247444328,55,184202.061288442,184202.06330702899,184202.06229773548,0.0020185869943816215,13.6993017984787,10613239425,false,false,5dff3859ad319cb37301e68cfc6fde00723e3a42110ca93adb44c05e97098167
