schema_version,experiment_kind,protocol_revision,session_id,stage,policy,cell_id,bracket_index,role_index,role_id,role,variant,run_id,sample_index,query_start_s,query_end_s,query_midpoint_s,query_latency_s,relative_to_kernel_start_s,energy_mJ,changed_from_previous,in_fit_window,binary_sha256
softmax_whole_stage_atc_trace_v1,softmax_whole_stage_operand_rate_atc,softmax_whole_stage_operand_rate_atc_v2,20260728_operand_rate_v2_final_normalization_session02_BCA,normalization,fp16_scalar,20260728_operand_rate_v2_final_normalization_session02_BCA_normalization_fp16_scalar,0,0,20260728_operand_rate_v2_final_normalization_session02_BCA_normalization_fp16_scalar_b0_r0_control,control,control,20260728_operand_rate_v2_final_normalization_session02_BCA_normalization_fp16_scalar_b0_r0_control_1785246271642,0,183005.52467697399,183005.52589465701,183005.5252858155,0.0012176830205135047,0.00063409851281903684,10354075416,false,false,5dff3859ad319cb37301e68cfc6fde00723e3a42110ca93adb44c05e97098167
softmax_whole_stage_atc_trace_v1,softmax_whole_stage_operand_rate_atc,softmax_whole_stage_operand_rate_atc_v2,20260728_operand_rate_v2_final_normalization_session02_BCA,normalization,fp16_scalar,20260728_operand_rate_v2_final_normalization_session02_BCA_normalization_fp16_scalar,0,0,20260728_operand_rate_v2_final_normalization_session02_BCA_normalization_fp16_scalar_b0_r0_control,control,control,20260728_operand_rate_v2_final_normalization_session02_BCA_normalization_fp16_scalar_b0_r0_control_1785246271642,1,183005.77746010601,183005.77901025899,183005.77823518252,0.0015501529851462692,0.25358346552820876,10354130162,true,false,5dff3859ad319cb37301e68cfc6fde00723e3a42110ca93adb44c05e97098167
softmax_whole_stage_atc_trace_v1,softmax_whole_stage_operand_rate_atc,softmax_whole_stage_operand_rate_atc_v2,20260728_operand_rate_v2_final_normalization_session02_BCA,normalization,fp16_scalar,20260728_operand_rate_v2_final_normalization_session02_BCA_normalization_fp16_scalar,0,0,20260728_operand_rate_v2_final_normalization_session02_BCA_normalization_fp16_scalar_b0_r0_control,control,control,20260728_operand_rate_v2_final_normalization_session02_BCA_normalization_fp16_scalar_b0_r0_control_1785246271642,2,183006.03085883299,183006.03225721401,183006.0315580235,0.0013983810204081237,0.50690630651661195,10354172548,true,false,5dff3859ad319cb37301e68cfc6fde00723e3a42110ca93adb44c05e97098167
softmax_whole_stage_atc_trace_v1,softmax_whole_stage_operand_rate_atc,softmax_whole_stage_operand_rate_atc_v2,20260728_operand_rate_v2_final_normalization_session02_BCA,normalization,fp16_scalar,20260728_operand_rate_v2_final_normalization_session02_BCA_normalization_fp16_scalar,0,0,20260728_operand_rate_v2_final_normalization_session02_BCA_normalization_fp16_scalar_b0_r0_control,control,control,20260728_operand_rate_v2_final_normalization_session02_BCA_normalization_fp16_scalar_b0_r0_control_1785246271642,3,183006.28415447299,183006.286865428,183006.28550995048,0.0027109550137538463,0.76085823349421844,10354234292,true,true,5dff3859ad319cb37301e68cfc6fde00723e3a42110ca93adb44c05e97098167
softmax_whole_stage_atc_trace_v1,softmax_whole_stage_operand_rate_atc,softmax_whole_stage_operand_rate_atc_v2,20260728_operand_rate_v2_final_normalization_session02_BCA,normalization,fp16_scalar,20260728_operand_rate_v2_final_normalization_session02_BCA_normalization_fp16_scalar,0,0,20260728_operand_rate_v2_final_normalization_session02_BCA_normalization_fp16_scalar_b0_r0_control,control,control,20260728_operand_rate_v2_final_normalization_session02_BCA_normalization_fp16_scalar_b0_r0_control_1785246271642,4,183006.53753722899,183006.53883620701,183006.53818671801,0.0012989780225325376,1.0135350010241382,10354297826,true,true,5dff3859ad319cb37301e68cfc6fde00723e3a42110ca93adb44c05e97098167
softmax_whole_stage_atc_trace_v1,softmax_whole_stage_operand_rate_atc,softmax_whole_stage_operand_rate_atc_v2,20260728_operand_rate_v2_final_normalization_session02_BCA,normalization,fp16_scalar,20260728_operand_rate_v2_final_normalization_session02_BCA_normalization_fp16_scalar,0,0,20260728_operand_rate_v2_final_normalization_session02_BCA_normalization_fp16_scalar_b0_r0_control,control,control,20260728_operand_rate_v2_final_normalization_session02_BCA_normalization_fp16_scalar_b0_r0_control_1785246271642,5,183006.79075159499,183006.79219942499,183006.79147550999,0.001447829999960959,1.2668237930047326,10354341192,true,true,5dff3859ad319cb37301e68cfc6fde00723e3a42110ca93adb44c05e97098167
softmax_whole_stage_atc_trace_v1,softmax_whole_stage_operand_rate_atc,softmax_whole_stage_operand_rate_atc_v2,20260728_operand_rate_v2_final_normalization_session02_BCA,normalization,fp16_scalar,20260728_operand_rate_v2_final_normalization_session02_BCA_normalization_fp16_scalar,0,0,20260728_operand_rate_v2_final_normalization_session02_BCA_normalization_fp16_scalar_b0_r0_control,control,control,20260728_operand_rate_v2_final_normalization_session02_BCA_normalization_fp16_scalar_b0_r0_control_1785246271642,6,183007.04425769299,183007.04800158899,183007.04612964101,0.003743895998923108,1.5214779240195639,10354404192,true,true,5dff3859ad319cb37301e68cfc6fde00723e3a42110ca93adb44c05e97098167
softmax_whole_stage_atc_trace_v1,softmax_whole_stage_operand_rate_atc,softmax_whole_stage_operand_rate_atc_v2,20260728_operand_rate_v2_final_normalization_session02_BCA,normalization,fp16_scalar,20260728_operand_rate_v2_final_normalization_session02_BCA_normalization_fp16_scalar,0,0,20260728_operand_rate_v2_final_normalization_session02_BCA_normalization_fp16_scalar_b0_r0_control,control,control,20260728_operand_rate_v2_final_normalization_session02_BCA_normalization_fp16_scalar_b0_r0_control_1785246271642,7,183007.30009895601,183007.30151923199,183007.30080909398,0.0014202759775798768,1.7761573769967072,10354446686,true,true,5dff3859ad319cb37301e68cfc6fde00723e3a42110ca93adb44c05e97098167
softmax_whole_stage_atc_trace_v1,softmax_whole_stage_operand_rate_atc,softmax_whole_stage_operand_rate_atc_v2,20260728_operand_rate_v2_final_normalization_session02_BCA,normalization,fp16_scalar,20260728_operand_rate_v2_final_normalization_session02_BCA_normalization_fp16_scalar,0,0,20260728_operand_rate_v2_final_normalization_session02_BCA_normalization_fp16_scalar_b0_r0_control,control,control,20260728_operand_rate_v2_final_normalization_session02_BCA_normalization_fp16_scalar_b0_r0_control_1785246271642,8,183007.55219017499,183007.55359170499,183007.55289093999,0.0014015299966558814,2.0282392230001278,10354508366,true,true,5dff3859ad319cb37301e68cfc6fde00723e3a42110ca93adb44c05e97098167
softmax_whole_stage_atc_trace_v1,softmax_whole_stage_operand_rate_atc,softmax_whole_stage_operand_rate_atc_v2,20260728_operand_rate_v2_final_normalization_session02_BCA,normalization,fp16_scalar,20260728_operand_rate_v2_final_normalization_session02_BCA_normalization_fp16_scalar,0,0,20260728_operand_rate_v2_final_normalization_session02_BCA_normalization_fp16_scalar_b0_r0_control,control,control,20260728_operand_rate_v2_final_normalization_session02_BCA_normalization_fp16_scalar_b0_r0_control_1785246271642,9,183007.80438177701,183007.80580296001,183007.80509236851,0.0014211829984560609,2.280440651520621,10354550411,true,true,5dff3859ad319cb37301e68cfc6fde00723e3a42110ca93adb44c05e97098167
softmax_whole_stage_atc_trace_v1,softmax_whole_stage_operand_rate_atc,softmax_whole_stage_operand_rate_atc_v2,20260728_operand_rate_v2_final_normalization_session02_BCA,normalization,fp16_scalar,20260728_operand_rate_v2_final_normalization_session02_BCA_normalization_fp16_scalar,0,0,20260728_operand_rate_v2_final_normalization_session02_BCA_normalization_fp16_scalar_b0_r0_control,control,control,20260728_operand_rate_v2_final_normalization_session02_BCA_normalization_fp16_scalar_b0_r0_control_1785246271642,10,183008.05804017399,183008.059456627,183008.05874840048,0.0014164530148264021,2.5340966834919527,10354611929,true,true,5dff3859ad319cb37301e68cfc6fde00723e3a42110ca93adb44c05e97098167
softmax_whole_stage_atc_trace_v1,softmax_whole_stage_operand_rate_atc,softmax_whole_stage_operand_rate_atc_v2,20260728_operand_rate_v2_final_normalization_session02_BCA,normalization,fp16_scalar,20260728_operand_rate_v2_final_normalization_session02_BCA_normalization_fp16_scalar,0,0,20260728_operand_rate_v2_final_normalization_session02_BCA_normalization_fp16_scalar_b0_r0_control,control,control,20260728_operand_rate_v2_final_normalization_session02_BCA_normalization_fp16_scalar_b0_r0_control_1785246271642,11,183008.31103862799,183008.312475755,183008.31175719149,0.0014371270081028342,2.7871054745046422,10354653487,true,true,5dff3859ad319cb37301e68cfc6fde00723e3a42110ca93adb44c05e97098167
softmax_whole_stage_atc_trace_v1,softmax_whole_stage_operand_rate_atc,softmax_whole_stage_operand_rate_atc_v2,20260728_operand_rate_v2_final_normalization_session02_BCA,normalization,fp16_scalar,20260728_operand_rate_v2_final_normalization_session02_BCA_normalization_fp16_scalar,0,0,20260728_operand_rate_v2_final_normalization_session02_BCA_normalization_fp16_scalar_b0_r0_control,control,control,20260728_operand_rate_v2_final_normalization_session02_BCA_normalization_fp16_scalar_b0_r0_control_1785246271642,12,183008.564402969,183008.565786444,183008.56509470649,0.0013834749988745898,3.0404429894988425,10354714384,true,true,5dff3859ad319cb37301e68cfc6fde00723e3a42110ca93adb44c05e97098167
softmax_whole_stage_atc_trace_v1,softmax_whole_stage_operand_rate_atc,softmax_whole_stage_operand_rate_atc_v2,20260728_operand_rate_v2_final_normalization_session02_BCA,normalization,fp16_scalar,20260728_operand_rate_v2_final_normalization_session02_BCA_normalization_fp16_scalar,0,0,20260728_operand_rate_v2_final_normalization_session02_BCA_normalization_fp16_scalar_b0_r0_control,control,control,20260728_operand_rate_v2_final_normalization_session02_BCA_normalization_fp16_scalar_b0_r0_control_1785246271642,13,183008.81617477199,183008.82139734301,183008.8187860575,0.0052225710242055357,3.2941343405109365,10354755420,true,true,5dff3859ad319cb37301e68cfc6fde00723e3a42110ca93adb44c05e97098167
softmax_whole_stage_atc_trace_v1,softmax_whole_stage_operand_rate_atc,softmax_whole_stage_operand_rate_atc_v2,20260728_operand_rate_v2_final_normalization_session02_BCA,normalization,fp16_scalar,20260728_operand_rate_v2_final_normalization_session02_BCA_normalization_fp16_scalar,0,0,20260728_operand_rate_v2_final_normalization_session02_BCA_normalization_fp16_scalar_b0_r0_control,control,control,20260728_operand_rate_v2_final_normalization_session02_BCA_normalization_fp16_scalar_b0_r0_control_1785246271642,14,183009.07375738001,183009.07513053599,183009.074443958,0.0013731559738516808,3.5497922410140745,10354819598,true,true,5dff3859ad319cb37301e68cfc6fde00723e3a42110ca93adb44c05e97098167
softmax_whole_stage_atc_trace_v1,softmax_whole_stage_operand_rate_atc,softmax_whole_stage_operand_rate_atc_v2,20260728_operand_rate_v2_final_normalization_session02_BCA,normalization,fp16_scalar,20260728_operand_rate_v2_final_normalization_session02_BCA_normalization_fp16_scalar,0,0,20260728_operand_rate_v2_final_normalization_session02_BCA_normalization_fp16_scalar_b0_r0_control,control,control,20260728_operand_rate_v2_final_normalization_session02_BCA_normalization_fp16_scalar_b0_r0_control_1785246271642,15,183009.327527824,183009.32892711501,183009.32822746952,0.0013992910098750144,3.8035757525358349,10354859547,true,true,5dff3859ad319cb37301e68cfc6fde00723e3a42110ca93adb44c05e97098167
softmax_whole_stage_atc_trace_v1,softmax_whole_stage_operand_rate_atc,softmax_whole_stage_operand_rate_atc_v2,20260728_operand_rate_v2_final_normalization_session02_BCA,normalization,fp16_scalar,20260728_operand_rate_v2_final_normalization_session02_BCA_normalization_fp16_scalar,0,0,20260728_operand_rate_v2_final_normalization_session02_BCA_normalization_fp16_scalar_b0_r0_control,control,control,20260728_operand_rate_v2_final_normalization_session02_BCA_normalization_fp16_scalar_b0_r0_control_1785246271642,16,183009.57923258099,183009.580587876,183009.57991022849,0.0013552950113080442,4.055258511507418,10354923093,true,true,5dff3859ad319cb37301e68cfc6fde00723e3a42110ca93adb44c05e97098167
softmax_whole_stage_atc_trace_v1,softmax_whole_stage_operand_rate_atc,softmax_whole_stage_operand_rate_atc_v2,20260728_operand_rate_v2_final_normalization_session02_BCA,normalization,fp16_scalar,20260728_operand_rate_v2_final_normalization_session02_BCA_normalization_fp16_scalar,0,0,20260728_operand_rate_v2_final_normalization_session02_BCA_normalization_fp16_scalar_b0_r0_control,control,control,20260728_operand_rate_v2_final_normalization_session02_BCA_normalization_fp16_scalar_b0_r0_control_1785246271642,17,183009.83243864699,183009.83382148901,183009.833130068,0.0013828420196659863,4.3084783510130364,10354962800,true,true,5dff3859ad319cb37301e68cfc6fde00723e3a42110ca93adb44c05e97098167
softmax_whole_stage_atc_trace_v1,softmax_whole_stage_operand_rate_atc,softmax_whole_stage_operand_rate_atc_v2,20260728_operand_rate_v2_final_normalization_session02_BCA,normalization,fp16_scalar,20260728_operand_rate_v2_final_normalization_session02_BCA_normalization_fp16_scalar,0,0,20260728_operand_rate_v2_final_normalization_session02_BCA_normalization_fp16_scalar_b0_r0_control,control,control,20260728_operand_rate_v2_final_normalization_session02_BCA_normalization_fp16_scalar_b0_r0_control_1785246271642,18,183010.086338822,183010.087743549,183010.0870411855,0.0014047269942238927,4.562389468512265,10355026264,true,true,5dff3859ad319cb37301e68cfc6fde00723e3a42110ca93adb44c05e97098167
softmax_whole_stage_atc_trace_v1,softmax_whole_stage_operand_rate_atc,softmax_whole_stage_operand_rate_atc_v2,20260728_operand_rate_v2_final_normalization_session02_BCA,normalization,fp16_scalar,20260728_operand_rate_v2_final_normalization_session02_BCA_normalization_fp16_scalar,0,0,20260728_operand_rate_v2_final_normalization_session02_BCA_normalization_fp16_scalar_b0_r0_control,control,control,20260728_operand_rate_v2_final_normalization_session02_BCA_normalization_fp16_scalar_b0_r0_control_1785246271642,19,183010.34023737899,183010.34162615499,183010.34093176699,0.0013887759996578097,4.8162800499994773,10355065435,true,true,5dff3859ad319cb37301e68cfc6fde00723e3a42110ca93adb44c05e97098167
softmax_whole_stage_atc_trace_v1,softmax_whole_stage_operand_rate_atc,softmax_whole_stage_operand_rate_atc_v2,20260728_operand_rate_v2_final_normalization_session02_BCA,normalization,fp16_scalar,20260728_operand_rate_v2_final_normalization_session02_BCA_normalization_fp16_scalar,0,0,20260728_operand_rate_v2_final_normalization_session02_BCA_normalization_fp16_scalar_b0_r0_control,control,control,20260728_operand_rate_v2_final_normalization_session02_BCA_normalization_fp16_scalar_b0_r0_control_1785246271642,20,183010.59419429,183010.597024238,183010.59560926398,0.0028299480036366731,5.0709575469954871,10355128285,true,true,5dff3859ad319cb37301e68cfc6fde00723e3a42110ca93adb44c05e97098167
softmax_whole_stage_atc_trace_v1,softmax_whole_stage_operand_rate_atc,softmax_whole_stage_operand_rate_atc_v2,20260728_operand_rate_v2_final_normalization_session02_BCA,normalization,fp16_scalar,20260728_operand_rate_v2_final_normalization_session02_BCA_normalization_fp16_scalar,0,0,20260728_operand_rate_v2_final_normalization_session02_BCA_normalization_fp16_scalar_b0_r0_control,control,control,20260728_operand_rate_v2_final_normalization_session02_BCA_normalization_fp16_scalar_b0_r0_control_1785246271642,21,183010.84954193101,183010.850905075,183010.85022350302,0.0013631439942400903,5.3255717860301957,10355170939,true,true,5dff3859ad319cb37301e68cfc6fde00723e3a42110ca93adb44c05e97098167
softmax_whole_stage_atc_trace_v1,softmax_whole_stage_operand_rate_atc,softmax_whole_stage_operand_rate_atc_v2,20260728_operand_rate_v2_final_normalization_session02_BCA,normalization,fp16_scalar,20260728_operand_rate_v2_final_normalization_session02_BCA_normalization_fp16_scalar,0,0,20260728_operand_rate_v2_final_normalization_session02_BCA_normalization_fp16_scalar_b0_r0_control,control,control,20260728_operand_rate_v2_final_normalization_session02_BCA_normalization_fp16_scalar_b0_r0_control_1785246271642,22,183011.10354605899,183011.10495341901,183011.104249739,0.0014073600177653134,5.5795980220136698,10355232863,true,true,5dff3859ad319cb37301e68cfc6fde00723e3a42110ca93adb44c05e97098167
softmax_whole_stage_atc_trace_v1,softmax_whole_stage_operand_rate_atc,softmax_whole_stage_operand_rate_atc_v2,20260728_operand_rate_v2_final_normalization_session02_BCA,normalization,fp16_scalar,20260728_operand_rate_v2_final_normalization_session02_BCA_normalization_fp16_scalar,0,0,20260728_operand_rate_v2_final_normalization_session02_BCA_normalization_fp16_scalar_b0_r0_control,control,control,20260728_operand_rate_v2_final_normalization_session02_BCA_normalization_fp16_scalar_b0_r0_control_1785246271642,23,183011.35755613499,183011.35894501299,183011.35825057398,0.0013888780085835606,5.8335988569888286,10355274785,true,true,5dff3859ad319cb37301e68cfc6fde00723e3a42110ca93adb44c05e97098167
softmax_whole_stage_atc_trace_v1,softmax_whole_stage_operand_rate_atc,softmax_whole_stage_operand_rate_atc_v2,20260728_operand_rate_v2_final_normalization_session02_BCA,normalization,fp16_scalar,20260728_operand_rate_v2_final_normalization_session02_BCA_normalization_fp16_scalar,0,0,20260728_operand_rate_v2_final_normalization_session02_BCA_normalization_fp16_scalar_b0_r0_control,control,control,20260728_operand_rate_v2_final_normalization_session02_BCA_normalization_fp16_scalar_b0_r0_control_1785246271642,24,183011.60920391401,183011.61061864599,183011.60991127999,0.0014147319889161736,6.0852595629985444,10355335955,true,true,5dff3859ad319cb37301e68cfc6fde00723e3a42110ca93adb44c05e97098167
softmax_whole_stage_atc_trace_v1,softmax_whole_stage_operand_rate_atc,softmax_whole_stage_operand_rate_atc_v2,20260728_operand_rate_v2_final_normalization_session02_BCA,normalization,fp16_scalar,20260728_operand_rate_v2_final_normalization_session02_BCA_normalization_fp16_scalar,0,0,20260728_operand_rate_v2_final_normalization_session02_BCA_normalization_fp16_scalar_b0_r0_control,control,control,20260728_operand_rate_v2_final_normalization_session02_BCA_normalization_fp16_scalar_b0_r0_control_1785246271642,25,183011.860924031,183011.86235758301,183011.86164080701,0.0014335520099848509,6.336989090021234,10355377684,true,true,5dff3859ad319cb37301e68cfc6fde00723e3a42110ca93adb44c05e97098167
softmax_whole_stage_atc_trace_v1,softmax_whole_stage_operand_rate_atc,softmax_whole_stage_operand_rate_atc_v2,20260728_operand_rate_v2_final_normalization_session02_BCA,normalization,fp16_scalar,20260728_operand_rate_v2_final_normalization_session02_BCA_normalization_fp16_scalar,0,0,20260728_operand_rate_v2_final_normalization_session02_BCA_normalization_fp16_scalar_b0_r0_control,control,control,20260728_operand_rate_v2_final_normalization_session02_BCA_normalization_fp16_scalar_b0_r0_control_1785246271642,26,183012.113200169,183012.114624123,183012.11391214601,0.001423954003257677,6.5892604290274903,10355439063,true,true,5dff3859ad319cb37301e68cfc6fde00723e3a42110ca93adb44c05e97098167
softmax_whole_stage_atc_trace_v1,softmax_whole_stage_operand_rate_atc,softmax_whole_stage_operand_rate_atc_v2,20260728_operand_rate_v2_final_normalization_session02_BCA,normalization,fp16_scalar,20260728_operand_rate_v2_final_normalization_session02_BCA_normalization_fp16_scalar,0,0,20260728_operand_rate_v2_final_normalization_session02_BCA_normalization_fp16_scalar_b0_r0_control,control,control,20260728_operand_rate_v2_final_normalization_session02_BCA_normalization_fp16_scalar_b0_r0_control_1785246271642,27,183012.36493571999,183012.36645564801,183012.36569568398,0.0015199280169326812,6.8410439669969492,10355480868,true,true,5dff3859ad319cb37301e68cfc6fde00723e3a42110ca93adb44c05e97098167
softmax_whole_stage_atc_trace_v1,softmax_whole_stage_operand_rate_atc,softmax_whole_stage_operand_rate_atc_v2,20260728_operand_rate_v2_final_normalization_session02_BCA,normalization,fp16_scalar,20260728_operand_rate_v2_final_normalization_session02_BCA_normalization_fp16_scalar,0,0,20260728_operand_rate_v2_final_normalization_session02_BCA_normalization_fp16_scalar_b0_r0_control,control,control,20260728_operand_rate_v2_final_normalization_session02_BCA_normalization_fp16_scalar_b0_r0_control_1785246271642,28,183012.617275403,183012.61870067101,183012.617988037,0.001425268012098968,7.0933363200165331,10355542349,true,true,5dff3859ad319cb37301e68cfc6fde00723e3a42110ca93adb44c05e97098167
softmax_whole_stage_atc_trace_v1,softmax_whole_stage_operand_rate_atc,softmax_whole_stage_operand_rate_atc_v2,20260728_operand_rate_v2_final_normalization_session02_BCA,normalization,fp16_scalar,20260728_operand_rate_v2_final_normalization_session02_BCA_normalization_fp16_scalar,0,0,20260728_operand_rate_v2_final_normalization_session02_BCA_normalization_fp16_scalar_b0_r0_control,control,control,20260728_operand_rate_v2_final_normalization_session02_BCA_normalization_fp16_scalar_b0_r0_control_1785246271642,29,183012.86898117399,183012.870369621,183012.86967539749,0.0013884470099583268,7.3450236805074383,10355584312,true,true,5dff3859ad319cb37301e68cfc6fde00723e3a42110ca93adb44c05e97098167
softmax_whole_stage_atc_trace_v1,softmax_whole_stage_operand_rate_atc,softmax_whole_stage_operand_rate_atc_v2,20260728_operand_rate_v2_final_normalization_session02_BCA,normalization,fp16_scalar,20260728_operand_rate_v2_final_normalization_session02_BCA_normalization_fp16_scalar,0,0,20260728_operand_rate_v2_final_normalization_session02_BCA_normalization_fp16_scalar_b0_r0_control,control,control,20260728_operand_rate_v2_final_normalization_session02_BCA_normalization_fp16_scalar_b0_r0_control_1785246271642,30,183013.12123646101,183013.122681501,183013.12195898101,0.0014450399903580546,7.5973072640190367,10355645930,true,true,5dff3859ad319cb37301e68cfc6fde00723e3a42110ca93adb44c05e97098167
softmax_whole_stage_atc_trace_v1,softmax_whole_stage_operand_rate_atc,softmax_whole_stage_operand_rate_atc_v2,20260728_operand_rate_v2_final_normalization_session02_BCA,normalization,fp16_scalar,20260728_operand_rate_v2_final_normalization_session02_BCA_normalization_fp16_scalar,0,0,20260728_operand_rate_v2_final_normalization_session02_BCA_normalization_fp16_scalar_b0_r0_control,control,control,20260728_operand_rate_v2_final_normalization_session02_BCA_normalization_fp16_scalar_b0_r0_control_1785246271642,31,183013.37297240601,183013.37440693699,183013.37368967151,0.001434530975529924,7.8490379545255564,10355688155,true,true,5dff3859ad319cb37301e68cfc6fde00723e3a42110ca93adb44c05e97098167
softmax_whole_stage_atc_trace_v1,softmax_whole_stage_operand_rate_atc,softmax_whole_stage_operand_rate_atc_v2,20260728_operand_rate_v2_final_normalization_session02_BCA,normalization,fp16_scalar,20260728_operand_rate_v2_final_normalization_session02_BCA_normalization_fp16_scalar,0,0,20260728_operand_rate_v2_final_normalization_session02_BCA_normalization_fp16_scalar_b0_r0_control,control,control,20260728_operand_rate_v2_final_normalization_session02_BCA_normalization_fp16_scalar_b0_r0_control_1785246271642,32,183013.62454726399,183013.626543783,183013.62554552348,0.0019965190149378031,8.1008938064915128,10355750086,true,true,5dff3859ad319cb37301e68cfc6fde00723e3a42110ca93adb44c05e97098167
softmax_whole_stage_atc_trace_v1,softmax_whole_stage_operand_rate_atc,softmax_whole_stage_operand_rate_atc_v2,20260728_operand_rate_v2_final_normalization_session02_BCA,normalization,fp16_scalar,20260728_operand_rate_v2_final_normalization_session02_BCA_normalization_fp16_scalar,0,0,20260728_operand_rate_v2_final_normalization_session02_BCA_normalization_fp16_scalar_b0_r0_control,control,control,20260728_operand_rate_v2_final_normalization_session02_BCA_normalization_fp16_scalar_b0_r0_control_1785246271642,33,183013.87922420699,183013.88065096299,183013.87993758498,0.0014267560036387295,8.3552858679904602,10355792573,true,true,5dff3859ad319cb37301e68cfc6fde00723e3a42110ca93adb44c05e97098167
softmax_whole_stage_atc_trace_v1,softmax_whole_stage_operand_rate_atc,softmax_whole_stage_operand_rate_atc_v2,20260728_operand_rate_v2_final_normalization_session02_BCA,normalization,fp16_scalar,20260728_operand_rate_v2_final_normalization_session02_BCA_normalization_fp16_scalar,0,0,20260728_operand_rate_v2_final_normalization_session02_BCA_normalization_fp16_scalar_b0_r0_control,control,control,20260728_operand_rate_v2_final_normalization_session02_BCA_normalization_fp16_scalar_b0_r0_control_1785246271642,34,183014.13353907,183014.134923976,183014.134231523,0.0013849060051143169,8.6095798060123343,10355854307,true,true,5dff3859ad319cb37301e68cfc6fde00723e3a42110ca93adb44c05e97098167
softmax_whole_stage_atc_trace_v1,softmax_whole_stage_operand_rate_atc,softmax_whole_stage_operand_rate_atc_v2,20260728_operand_rate_v2_final_normalization_session02_BCA,normalization,fp16_scalar,20260728_operand_rate_v2_final_normalization_session02_BCA_normalization_fp16_scalar,0,0,20260728_operand_rate_v2_final_normalization_session02_BCA_normalization_fp16_scalar_b0_r0_control,control,control,20260728_operand_rate_v2_final_normalization_session02_BCA_normalization_fp16_scalar_b0_r0_control_1785246271642,35,183014.387765683,183014.38915069,183014.3884581865,0.0013850069954060018,8.8638064695114736,10355896182,true,true,5dff3859ad319cb37301e68cfc6fde00723e3a42110ca93adb44c05e97098167
softmax_whole_stage_atc_trace_v1,softmax_whole_stage_operand_rate_atc,softmax_whole_stage_operand_rate_atc_v2,20260728_operand_rate_v2_final_normalization_session02_BCA,normalization,fp16_scalar,20260728_operand_rate_v2_final_normalization_session02_BCA_normalization_fp16_scalar,0,0,20260728_operand_rate_v2_final_normalization_session02_BCA_normalization_fp16_scalar_b0_r0_control,control,control,20260728_operand_rate_v2_final_normalization_session02_BCA_normalization_fp16_scalar_b0_r0_control_1785246271642,36,183014.64078105899,183014.642206299,183014.641493679,0.0014252400142140687,9.1168419620080385,10355957288,true,true,5dff3859ad319cb37301e68cfc6fde00723e3a42110ca93adb44c05e97098167
softmax_whole_stage_atc_trace_v1,softmax_whole_stage_operand_rate_atc,softmax_whole_stage_operand_rate_atc_v2,20260728_operand_rate_v2_final_normalization_session02_BCA,normalization,fp16_scalar,20260728_operand_rate_v2_final_normalization_session02_BCA_normalization_fp16_scalar,0,0,20260728_operand_rate_v2_final_normalization_session02_BCA_normalization_fp16_scalar_b0_r0_control,control,control,20260728_operand_rate_v2_final_normalization_session02_BCA_normalization_fp16_scalar_b0_r0_control_1785246271642,37,183014.89506110101,183014.89993477601,183014.89749793851,0.004873675003182143,9.3728462215221953,10355998789,true,true,5dff3859ad319cb37301e68cfc6fde00723e3a42110ca93adb44c05e97098167
softmax_whole_stage_atc_trace_v1,softmax_whole_stage_operand_rate_atc,softmax_whole_stage_operand_rate_atc_v2,20260728_operand_rate_v2_final_normalization_session02_BCA,normalization,fp16_scalar,20260728_operand_rate_v2_final_normalization_session02_BCA_normalization_fp16_scalar,0,0,20260728_operand_rate_v2_final_normalization_session02_BCA_normalization_fp16_scalar_b0_r0_control,control,control,20260728_operand_rate_v2_final_normalization_session02_BCA_normalization_fp16_scalar_b0_r0_control_1785246271642,38,183015.15289135501,183015.1543119,183015.15360162751,0.0014205449842847884,9.6289499105187133,10356063173,true,true,5dff3859ad319cb37301e68cfc6fde00723e3a42110ca93adb44c05e97098167
softmax_whole_stage_atc_trace_v1,softmax_whole_stage_operand_rate_atc,softmax_whole_stage_operand_rate_atc_v2,20260728_operand_rate_v2_final_normalization_session02_BCA,normalization,fp16_scalar,20260728_operand_rate_v2_final_normalization_session02_BCA_normalization_fp16_scalar,0,0,20260728_operand_rate_v2_final_normalization_session02_BCA_normalization_fp16_scalar_b0_r0_control,control,control,20260728_operand_rate_v2_final_normalization_session02_BCA_normalization_fp16_scalar_b0_r0_control_1785246271642,39,183015.407224394,183015.408581945,183015.40790316951,0.0013575509947258979,9.8832514525274746,10356103194,true,true,5dff3859ad319cb37301e68cfc6fde00723e3a42110ca93adb44c05e97098167
softmax_whole_stage_atc_trace_v1,softmax_whole_stage_operand_rate_atc,softmax_whole_stage_operand_rate_atc_v2,20260728_operand_rate_v2_final_normalization_session02_BCA,normalization,fp16_scalar,20260728_operand_rate_v2_final_normalization_session02_BCA_normalization_fp16_scalar,0,0,20260728_operand_rate_v2_final_normalization_session02_BCA_normalization_fp16_scalar_b0_r0_control,control,control,20260728_operand_rate_v2_final_normalization_session02_BCA_normalization_fp16_scalar_b0_r0_control_1785246271642,40,183015.6587034,183015.660074399,183015.65938889951,0.0013709990016650409,10.134737182524987,10356166797,true,true,5dff3859ad319cb37301e68cfc6fde00723e3a42110ca93adb44c05e97098167
softmax_whole_stage_atc_trace_v1,softmax_whole_stage_operand_rate_atc,softmax_whole_stage_operand_rate_atc_v2,20260728_operand_rate_v2_final_normalization_session02_BCA,normalization,fp16_scalar,20260728_operand_rate_v2_final_normalization_session02_BCA_normalization_fp16_scalar,0,0,20260728_operand_rate_v2_final_normalization_session02_BCA_normalization_fp16_scalar_b0_r0_control,control,control,20260728_operand_rate_v2_final_normalization_session02_BCA_normalization_fp16_scalar_b0_r0_control_1785246271642,41,183015.91269509,183015.91411827499,183015.91340668249,0.0014231849927455187,10.388754965504631,10356206740,true,true,5dff3859ad319cb37301e68cfc6fde00723e3a42110ca93adb44c05e97098167
softmax_whole_stage_atc_trace_v1,softmax_whole_stage_operand_rate_atc,softmax_whole_stage_operand_rate_atc_v2,20260728_operand_rate_v2_final_normalization_session02_BCA,normalization,fp16_scalar,20260728_operand_rate_v2_final_normalization_session02_BCA_normalization_fp16_scalar,0,0,20260728_operand_rate_v2_final_normalization_session02_BCA_normalization_fp16_scalar_b0_r0_control,control,control,20260728_operand_rate_v2_final_normalization_session02_BCA_normalization_fp16_scalar_b0_r0_control_1785246271642,42,183016.164516424,183016.16594608099,183016.1652312525,0.0014296569861471653,10.64057953550946,10356270199,true,true,5dff3859ad319cb37301e68cfc6fde00723e3a42110ca93adb44c05e97098167
softmax_whole_stage_atc_trace_v1,softmax_whole_stage_operand_rate_atc,softmax_whole_stage_operand_rate_atc_v2,20260728_operand_rate_v2_final_normalization_session02_BCA,normalization,fp16_scalar,20260728_operand_rate_v2_final_normalization_session02_BCA_normalization_fp16_scalar,0,0,20260728_operand_rate_v2_final_normalization_session02_BCA_normalization_fp16_scalar_b0_r0_control,control,control,20260728_operand_rate_v2_final_normalization_session02_BCA_normalization_fp16_scalar_b0_r0_control_1785246271642,43,183016.41706927301,183016.41850499899,183016.41778713599,0.0014357259788084775,10.893135418999009,10356309965,true,true,5dff3859ad319cb37301e68cfc6fde00723e3a42110ca93adb44c05e97098167
softmax_whole_stage_atc_trace_v1,softmax_whole_stage_operand_rate_atc,softmax_whole_stage_operand_rate_atc_v2,20260728_operand_rate_v2_final_normalization_session02_BCA,normalization,fp16_scalar,20260728_operand_rate_v2_final_normalization_session02_BCA_normalization_fp16_scalar,0,0,20260728_operand_rate_v2_final_normalization_session02_BCA_normalization_fp16_scalar_b0_r0_control,control,control,20260728_operand_rate_v2_final_normalization_session02_BCA_normalization_fp16_scalar_b0_r0_control_1785246271642,44,183016.67152297299,183016.67294454001,183016.67223375652,0.0014215670234989375,11.147582039528061,10356373609,true,true,5dff3859ad319cb37301e68cfc6fde00723e3a42110ca93adb44c05e97098167
softmax_whole_stage_atc_trace_v1,softmax_whole_stage_operand_rate_atc,softmax_whole_stage_operand_rate_atc_v2,20260728_operand_rate_v2_final_normalization_session02_BCA,normalization,fp16_scalar,20260728_operand_rate_v2_final_normalization_session02_BCA_normalization_fp16_scalar,0,0,20260728_operand_rate_v2_final_normalization_session02_BCA_normalization_fp16_scalar_b0_r0_control,control,control,20260728_operand_rate_v2_final_normalization_session02_BCA_normalization_fp16_scalar_b0_r0_control_1785246271642,45,183016.925966732,183016.92738645,183016.92667659099,0.0014197179989423603,11.402024873998016,10356413023,true,true,5dff3859ad319cb37301e68cfc6fde00723e3a42110ca93adb44c05e97098167
softmax_whole_stage_atc_trace_v1,softmax_whole_stage_operand_rate_atc,softmax_whole_stage_operand_rate_atc_v2,20260728_operand_rate_v2_final_normalization_session02_BCA,normalization,fp16_scalar,20260728_operand_rate_v2_final_normalization_session02_BCA_normalization_fp16_scalar,0,0,20260728_operand_rate_v2_final_normalization_session02_BCA_normalization_fp16_scalar_b0_r0_control,control,control,20260728_operand_rate_v2_final_normalization_session02_BCA_normalization_fp16_scalar_b0_r0_control_1785246271642,46,183017.18045184901,183017.184839975,183017.18264591199,0.0043881259916815907,11.657994195003994,10356475918,true,true,5dff3859ad319cb37301e68cfc6fde00723e3a42110ca93adb44c05e97098167
softmax_whole_stage_atc_trace_v1,softmax_whole_stage_operand_rate_atc,softmax_whole_stage_operand_rate_atc_v2,20260728_operand_rate_v2_final_normalization_session02_BCA,normalization,fp16_scalar,20260728_operand_rate_v2_final_normalization_session02_BCA_normalization_fp16_scalar,0,0,20260728_operand_rate_v2_final_normalization_session02_BCA_normalization_fp16_scalar_b0_r0_control,control,control,20260728_operand_rate_v2_final_normalization_session02_BCA_normalization_fp16_scalar_b0_r0_control_1785246271642,47,183017.437864609,183017.439347448,183017.4386060285,0.0014828389976173639,11.913954311516136,10356518387,true,true,5dff3859ad319cb37301e68cfc6fde00723e3a42110ca93adb44c05e97098167
softmax_whole_stage_atc_trace_v1,softmax_whole_stage_operand_rate_atc,softmax_whole_stage_operand_rate_atc_v2,20260728_operand_rate_v2_final_normalization_session02_BCA,normalization,fp16_scalar,20260728_operand_rate_v2_final_normalization_session02_BCA_normalization_fp16_scalar,0,0,20260728_operand_rate_v2_final_normalization_session02_BCA_normalization_fp16_scalar_b0_r0_control,control,control,20260728_operand_rate_v2_final_normalization_session02_BCA_normalization_fp16_scalar_b0_r0_control_1785246271642,48,183017.689463355,183017.69087761,183017.6901704825,0.0014142550062388182,12.165518765512388,10356580044,true,true,5dff3859ad319cb37301e68cfc6fde00723e3a42110ca93adb44c05e97098167
softmax_whole_stage_atc_trace_v1,softmax_whole_stage_operand_rate_atc,softmax_whole_stage_operand_rate_atc_v2,20260728_operand_rate_v2_final_normalization_session02_BCA,normalization,fp16_scalar,20260728_operand_rate_v2_final_normalization_session02_BCA_normalization_fp16_scalar,0,0,20260728_operand_rate_v2_final_normalization_session02_BCA_normalization_fp16_scalar_b0_r0_control,control,control,20260728_operand_rate_v2_final_normalization_session02_BCA_normalization_fp16_scalar_b0_r0_control_1785246271642,49,183017.943164892,183017.94458454699,183017.94387471949,0.0014196549891494215,12.419223002507351,10356622397,true,true,5dff3859ad319cb37301e68cfc6fde00723e3a42110ca93adb44c05e97098167
softmax_whole_stage_atc_trace_v1,softmax_whole_stage_operand_rate_atc,softmax_whole_stage_operand_rate_atc_v2,20260728_operand_rate_v2_final_normalization_session02_BCA,normalization,fp16_scalar,20260728_operand_rate_v2_final_normalization_session02_BCA_normalization_fp16_scalar,0,0,20260728_operand_rate_v2_final_normalization_session02_BCA_normalization_fp16_scalar_b0_r0_control,control,control,20260728_operand_rate_v2_final_normalization_session02_BCA_normalization_fp16_scalar_b0_r0_control_1785246271642,50,183018.19770450701,183018.20026245399,183018.19898348051,0.0025579469802323729,12.674331763526425,10356684103,true,true,5dff3859ad319cb37301e68cfc6fde00723e3a42110ca93adb44c05e97098167
softmax_whole_stage_atc_trace_v1,softmax_whole_stage_operand_rate_atc,softmax_whole_stage_operand_rate_atc_v2,20260728_operand_rate_v2_final_normalization_session02_BCA,normalization,fp16_scalar,20260728_operand_rate_v2_final_normalization_session02_BCA_normalization_fp16_scalar,0,0,20260728_operand_rate_v2_final_normalization_session02_BCA_normalization_fp16_scalar_b0_r0_control,control,control,20260728_operand_rate_v2_final_normalization_session02_BCA_normalization_fp16_scalar_b0_r0_control_1785246271642,51,183018.45334316001,183018.45462774899,183018.45398545451,0.0012845889723394066,12.929333737527486,10356747481,true,true,5dff3859ad319cb37301e68cfc6fde00723e3a42110ca93adb44c05e97098167
softmax_whole_stage_atc_trace_v1,softmax_whole_stage_operand_rate_atc,softmax_whole_stage_operand_rate_atc_v2,20260728_operand_rate_v2_final_normalization_session02_BCA,normalization,fp16_scalar,20260728_operand_rate_v2_final_normalization_session02_BCA_normalization_fp16_scalar,0,0,20260728_operand_rate_v2_final_normalization_session02_BCA_normalization_fp16_scalar_b0_r0_control,control,control,20260728_operand_rate_v2_final_normalization_session02_BCA_normalization_fp16_scalar_b0_r0_control_1785246271642,52,183018.70768528499,183018.709219062,183018.70845217351,0.001533777016447857,13.183800456521567,10356790500,true,false,5dff3859ad319cb37301e68cfc6fde00723e3a42110ca93adb44c05e97098167
softmax_whole_stage_atc_trace_v1,softmax_whole_stage_operand_rate_atc,softmax_whole_stage_operand_rate_atc_v2,20260728_operand_rate_v2_final_normalization_session02_BCA,normalization,fp16_scalar,20260728_operand_rate_v2_final_normalization_session02_BCA_normalization_fp16_scalar,0,0,20260728_operand_rate_v2_final_normalization_session02_BCA_normalization_fp16_scalar_b0_r0_control,control,control,20260728_operand_rate_v2_final_normalization_session02_BCA_normalization_fp16_scalar_b0_r0_control_1785246271642,53,183018.96229088001,183018.965292885,183018.9637918825,0.0030020049889571965,13.43914016551571,10356852985,true,false,5dff3859ad319cb37301e68cfc6fde00723e3a42110ca93adb44c05e97098167
softmax_whole_stage_atc_trace_v1,softmax_whole_stage_operand_rate_atc,softmax_whole_stage_operand_rate_atc_v2,20260728_operand_rate_v2_final_normalization_session02_BCA,normalization,fp16_scalar,20260728_operand_rate_v2_final_normalization_session02_BCA_normalization_fp16_scalar,0,0,20260728_operand_rate_v2_final_normalization_session02_BCA_normalization_fp16_scalar_b0_r0_control,control,control,20260728_operand_rate_v2_final_normalization_session02_BCA_normalization_fp16_scalar_b0_r0_control_1785246271642,54,183019.21831995601,183019.21973518099,183019.2190275685,0.0014152249787002802,13.694375851511722,10356883151,true,false,5dff3859ad319cb37301e68cfc6fde00723e3a42110ca93adb44c05e97098167
softmax_whole_stage_atc_trace_v1,softmax_whole_stage_operand_rate_atc,softmax_whole_stage_operand_rate_atc_v2,20260728_operand_rate_v2_final_normalization_session02_BCA,normalization,fp16_scalar,20260728_operand_rate_v2_final_normalization_session02_BCA_normalization_fp16_scalar,0,0,20260728_operand_rate_v2_final_normalization_session02_BCA_normalization_fp16_scalar_b0_r0_control,control,control,20260728_operand_rate_v2_final_normalization_session02_BCA_normalization_fp16_scalar_b0_r0_control_1785246271642,55,183019.21973801401,183019.22089651399,183019.220317264,0.0011584999738261104,13.69566554701305,10356883151,false,false,5dff3859ad319cb37301e68cfc6fde00723e3a42110ca93adb44c05e97098167
softmax_whole_stage_atc_trace_v1,softmax_whole_stage_operand_rate_atc,softmax_whole_stage_operand_rate_atc_v2,20260728_operand_rate_v2_final_normalization_session02_BCA,normalization,fp16_scalar,20260728_operand_rate_v2_final_normalization_session02_BCA_normalization_fp16_scalar,0,1,20260728_operand_rate_v2_final_normalization_session02_BCA_normalization_fp16_scalar_b0_r1_treatment,treatment,treatment,20260728_operand_rate_v2_final_normalization_session02_BCA_normalization_fp16_scalar_b0_r1_treatment_1785246286372,0,183020.24430151199,183020.245546861,183020.2449241865,0.001245349005330354,0.00064311048481613398,10357015025,false,false,5dff3859ad319cb37301e68cfc6fde00723e3a42110ca93adb44c05e97098167
softmax_whole_stage_atc_trace_v1,softmax_whole_stage_operand_rate_atc,softmax_whole_stage_operand_rate_atc_v2,20260728_operand_rate_v2_final_normalization_session02_BCA,normalization,fp16_scalar,20260728_operand_rate_v2_final_normalization_session02_BCA_normalization_fp16_scalar,0,1,20260728_operand_rate_v2_final_normalization_session02_BCA_normalization_fp16_scalar_b0_r1_treatment,treatment,treatment,20260728_operand_rate_v2_final_normalization_session02_BCA_normalization_fp16_scalar_b0_r1_treatment_1785246286372,1,183020.49762905101,183020.50181336299,183020.49972120702,0.0041843119834084064,0.25544013100443408,10357068148,true,false,5dff3859ad319cb37301e68cfc6fde00723e3a42110ca93adb44c05e97098167
softmax_whole_stage_atc_trace_v1,softmax_whole_stage_operand_rate_atc,softmax_whole_stage_operand_rate_atc_v2,20260728_operand_rate_v2_final_normalization_session02_BCA,normalization,fp16_scalar,20260728_operand_rate_v2_final_normalization_session02_BCA_normalization_fp16_scalar,0,1,20260728_operand_rate_v2_final_normalization_session02_BCA_normalization_fp16_scalar_b0_r1_treatment,treatment,treatment,20260728_operand_rate_v2_final_normalization_session02_BCA_normalization_fp16_scalar_b0_r1_treatment_1785246286372,2,183020.754892136,183020.756293179,183020.75559265749,0.0014010430022608489,0.51131158147472888,10357110635,true,false,5dff3859ad319cb37301e68cfc6fde00723e3a42110ca93adb44c05e97098167
softmax_whole_stage_atc_trace_v1,softmax_whole_stage_operand_rate_atc,softmax_whole_stage_operand_rate_atc_v2,20260728_operand_rate_v2_final_normalization_session02_BCA,normalization,fp16_scalar,20260728_operand_rate_v2_final_normalization_session02_BCA_normalization_fp16_scalar,0,1,20260728_operand_rate_v2_final_normalization_session02_BCA_normalization_fp16_scalar_b0_r1_treatment,treatment,treatment,20260728_operand_rate_v2_final_normalization_session02_BCA_normalization_fp16_scalar_b0_r1_treatment_1785246286372,3,183021.00939828801,183021.01078461701,183021.01009145251,0.0013863290078006685,0.7658103764988482,10357172378,true,true,5dff3859ad319cb37301e68cfc6fde00723e3a42110ca93adb44c05e97098167
softmax_whole_stage_atc_trace_v1,softmax_whole_stage_operand_rate_atc,softmax_whole_stage_operand_rate_atc_v2,20260728_operand_rate_v2_final_normalization_session02_BCA,normalization,fp16_scalar,20260728_operand_rate_v2_final_normalization_session02_BCA_normalization_fp16_scalar,0,1,20260728_operand_rate_v2_final_normalization_session02_BCA_normalization_fp16_scalar_b0_r1_treatment,treatment,treatment,20260728_operand_rate_v2_final_normalization_session02_BCA_normalization_fp16_scalar_b0_r1_treatment_1785246286372,4,183021.26386030801,183021.26520576101,183021.26453303453,0.001345452998066321,1.0202519585145637,10357214269,true,true,5dff3859ad319cb37301e68cfc6fde00723e3a42110ca93adb44c05e97098167
softmax_whole_stage_atc_trace_v1,softmax_whole_stage_operand_rate_atc,softmax_whole_stage_operand_rate_atc_v2,20260728_operand_rate_v2_final_normalization_session02_BCA,normalization,fp16_scalar,20260728_operand_rate_v2_final_normalization_session02_BCA_normalization_fp16_scalar,0,1,20260728_operand_rate_v2_final_normalization_session02_BCA_normalization_fp16_scalar_b0_r1_treatment,treatment,treatment,20260728_operand_rate_v2_final_normalization_session02_BCA_normalization_fp16_scalar_b0_r1_treatment_1785246286372,5,183021.516537463,183021.51789364099,183021.51721555198,0.001356177992420271,1.2729344759718515,10357275469,true,true,5dff3859ad319cb37301e68cfc6fde00723e3a42110ca93adb44c05e97098167
softmax_whole_stage_atc_trace_v1,softmax_whole_stage_operand_rate_atc,softmax_whole_stage_operand_rate_atc_v2,20260728_operand_rate_v2_final_normalization_session02_BCA,normalization,fp16_scalar,20260728_operand_rate_v2_final_normalization_session02_BCA_normalization_fp16_scalar,0,1,20260728_operand_rate_v2_final_normalization_session02_BCA_normalization_fp16_scalar_b0_r1_treatment,treatment,treatment,20260728_operand_rate_v2_final_normalization_session02_BCA_normalization_fp16_scalar_b0_r1_treatment_1785246286372,6,183021.771013547,183021.776068051,183021.77354079898,0.0050545039994176477,1.5292597229708917,10357317113,true,true,5dff3859ad319cb37301e68cfc6fde00723e3a42110ca93adb44c05e97098167
softmax_whole_stage_atc_trace_v1,softmax_whole_stage_operand_rate_atc,softmax_whole_stage_operand_rate_atc_v2,20260728_operand_rate_v2_final_normalization_session02_BCA,normalization,fp16_scalar,20260728_operand_rate_v2_final_normalization_session02_BCA_normalization_fp16_scalar,0,1,20260728_operand_rate_v2_final_normalization_session02_BCA_normalization_fp16_scalar_b0_r1_treatment,treatment,treatment,20260728_operand_rate_v2_final_normalization_session02_BCA_normalization_fp16_scalar_b0_r1_treatment_1785246286372,7,183022.02914037701,183022.030489909,183022.029815143,0.0013495319872163236,1.7855340669921134,10357381636,true,true,5dff3859ad319cb37301e68cfc6fde00723e3a42110ca93adb44c05e97098167
softmax_whole_stage_atc_trace_v1,softmax_whole_stage_operand_rate_atc,softmax_whole_stage_operand_rate_atc_v2,20260728_operand_rate_v2_final_normalization_session02_BCA,normalization,fp16_scalar,20260728_operand_rate_v2_final_normalization_session02_BCA_normalization_fp16_scalar,0,1,20260728_operand_rate_v2_final_normalization_session02_BCA_normalization_fp16_scalar_b0_r1_treatment,treatment,treatment,20260728_operand_rate_v2_final_normalization_session02_BCA_normalization_fp16_scalar_b0_r1_treatment_1785246286372,8,183022.28360162801,183022.28498708201,183022.28429435502,0.0013854540011379868,2.0400132790091448,10357421898,true,true,5dff3859ad319cb37301e68cfc6fde00723e3a42110ca93adb44c05e97098167
softmax_whole_stage_atc_trace_v1,softmax_whole_stage_operand_rate_atc,softmax_whole_stage_operand_rate_atc_v2,20260728_operand_rate_v2_final_normalization_session02_BCA,normalization,fp16_scalar,20260728_operand_rate_v2_final_normalization_session02_BCA_normalization_fp16_scalar,0,1,20260728_operand_rate_v2_final_normalization_session02_BCA_normalization_fp16_scalar_b0_r1_treatment,treatment,treatment,20260728_operand_rate_v2_final_normalization_session02_BCA_normalization_fp16_scalar_b0_r1_treatment_1785246286372,9,183022.53812419801,183022.539511373,183022.53881778551,0.0013871749979443848,2.2945367094944231,10357485903,true,true,5dff3859ad319cb37301e68cfc6fde00723e3a42110ca93adb44c05e97098167
softmax_whole_stage_atc_trace_v1,softmax_whole_stage_operand_rate_atc,softmax_whole_stage_operand_rate_atc_v2,20260728_operand_rate_v2_final_normalization_session02_BCA,normalization,fp16_scalar,20260728_operand_rate_v2_final_normalization_session02_BCA_normalization_fp16_scalar,0,1,20260728_operand_rate_v2_final_normalization_session02_BCA_normalization_fp16_scalar_b0_r1_treatment,treatment,treatment,20260728_operand_rate_v2_final_normalization_session02_BCA_normalization_fp16_scalar_b0_r1_treatment_1785246286372,10,183022.792596277,183022.794003385,183022.79329983098,0.0014071080076973885,2.5490187549730763,10357525529,true,true,5dff3859ad319cb37301e68cfc6fde00723e3a42110ca93adb44c05e97098167
softmax_whole_stage_atc_trace_v1,softmax_whole_stage_operand_rate_atc,softmax_whole_stage_operand_rate_atc_v2,20260728_operand_rate_v2_final_normalization_session02_BCA,normalization,fp16_scalar,20260728_operand_rate_v2_final_normalization_session02_BCA_normalization_fp16_scalar,0,1,20260728_operand_rate_v2_final_normalization_session02_BCA_normalization_fp16_scalar_b0_r1_treatment,treatment,treatment,20260728_operand_rate_v2_final_normalization_session02_BCA_normalization_fp16_scalar_b0_r1_treatment_1785246286372,11,183023.04714798101,183023.05098300299,183023.049065492,0.0038350219838321209,2.8047844159882516,10357588952,true,true,5dff3859ad319cb37301e68cfc6fde00723e3a42110ca93adb44c05e97098167
softmax_whole_stage_atc_trace_v1,softmax_whole_stage_operand_rate_atc,softmax_whole_stage_operand_rate_atc_v2,20260728_operand_rate_v2_final_normalization_session02_BCA,normalization,fp16_scalar,20260728_operand_rate_v2_final_normalization_session02_BCA_normalization_fp16_scalar,0,1,20260728_operand_rate_v2_final_normalization_session02_BCA_normalization_fp16_scalar_b0_r1_treatment,treatment,treatment,20260728_operand_rate_v2_final_normalization_session02_BCA_normalization_fp16_scalar_b0_r1_treatment_1785246286372,12,183023.304297455,183023.305682454,183023.30498995451,0.0013849989918526262,3.0607088785036467,10357631813,true,true,5dff3859ad319cb37301e68cfc6fde00723e3a42110ca93adb44c05e97098167
softmax_whole_stage_atc_trace_v1,softmax_whole_stage_operand_rate_atc,softmax_whole_stage_operand_rate_atc_v2,20260728_operand_rate_v2_final_normalization_session02_BCA,normalization,fp16_scalar,20260728_operand_rate_v2_final_normalization_session02_BCA_normalization_fp16_scalar,0,1,20260728_operand_rate_v2_final_normalization_session02_BCA_normalization_fp16_scalar_b0_r1_treatment,treatment,treatment,20260728_operand_rate_v2_final_normalization_session02_BCA_normalization_fp16_scalar_b0_r1_treatment_1785246286372,13,183023.55892906399,183023.56154555501,183023.56023730949,0.0026164910232182592,3.3159562334767543,10357693976,true,true,5dff3859ad319cb37301e68cfc6fde00723e3a42110ca93adb44c05e97098167
softmax_whole_stage_atc_trace_v1,softmax_whole_stage_operand_rate_atc,softmax_whole_stage_operand_rate_atc_v2,20260728_operand_rate_v2_final_normalization_session02_BCA,normalization,fp16_scalar,20260728_operand_rate_v2_final_normalization_session02_BCA_normalization_fp16_scalar,0,1,20260728_operand_rate_v2_final_normalization_session02_BCA_normalization_fp16_scalar_b0_r1_treatment,treatment,treatment,20260728_operand_rate_v2_final_normalization_session02_BCA_normalization_fp16_scalar_b0_r1_treatment_1785246286372,14,183023.814864969,183023.820630462,183023.81774771551,0.0057654929987620562,3.5734666395001113,10357757790,true,true,5dff3859ad319cb37301e68cfc6fde00723e3a42110ca93adb44c05e97098167
softmax_whole_stage_atc_trace_v1,softmax_whole_stage_operand_rate_atc,softmax_whole_stage_operand_rate_atc_v2,20260728_operand_rate_v2_final_normalization_session02_BCA,normalization,fp16_scalar,20260728_operand_rate_v2_final_normalization_session02_BCA_normalization_fp16_scalar,0,1,20260728_operand_rate_v2_final_normalization_session02_BCA_normalization_fp16_scalar_b0_r1_treatment,treatment,treatment,20260728_operand_rate_v2_final_normalization_session02_BCA_normalization_fp16_scalar_b0_r1_treatment_1785246286372,15,183024.073904007,183024.075385909,183024.07464495802,0.0014819019997958094,3.8303638820070773,10357800469,true,true,5dff3859ad319cb37301e68cfc6fde00723e3a42110ca93adb44c05e97098167
softmax_whole_stage_atc_trace_v1,softmax_whole_stage_operand_rate_atc,softmax_whole_stage_operand_rate_atc_v2,20260728_operand_rate_v2_final_normalization_session02_BCA,normalization,fp16_scalar,20260728_operand_rate_v2_final_normalization_session02_BCA_normalization_fp16_scalar,0,1,20260728_operand_rate_v2_final_normalization_session02_BCA_normalization_fp16_scalar_b0_r1_treatment,treatment,treatment,20260728_operand_rate_v2_final_normalization_session02_BCA_normalization_fp16_scalar_b0_r1_treatment_1785246286372,16,183024.327671181,183024.32906954599,183024.32837036351,0.0013983649841975421,4.0840892874985002,10357862497,true,true,5dff3859ad319cb37301e68cfc6fde00723e3a42110ca93adb44c05e97098167
softmax_whole_stage_atc_trace_v1,softmax_whole_stage_operand_rate_atc,softmax_whole_stage_operand_rate_atc_v2,20260728_operand_rate_v2_final_normalization_session02_BCA,normalization,fp16_scalar,20260728_operand_rate_v2_final_normalization_session02_BCA_normalization_fp16_scalar,0,1,20260728_operand_rate_v2_final_normalization_session02_BCA_normalization_fp16_scalar_b0_r1_treatment,treatment,treatment,20260728_operand_rate_v2_final_normalization_session02_BCA_normalization_fp16_scalar_b0_r1_treatment_1785246286372,17,183024.582368,183024.58385253401,183024.58311026701,0.0014845340047031641,4.3388291909941472,10357904675,true,true,5dff3859ad319cb37301e68cfc6fde00723e3a42110ca93adb44c05e97098167
softmax_whole_stage_atc_trace_v1,softmax_whole_stage_operand_rate_atc,softmax_whole_stage_operand_rate_atc_v2,20260728_operand_rate_v2_final_normalization_session02_BCA,normalization,fp16_scalar,20260728_operand_rate_v2_final_normalization_session02_BCA_normalization_fp16_scalar,0,1,20260728_operand_rate_v2_final_normalization_session02_BCA_normalization_fp16_scalar_b0_r1_treatment,treatment,treatment,20260728_operand_rate_v2_final_normalization_session02_BCA_normalization_fp16_scalar_b0_r1_treatment_1785246286372,18,183024.83716617699,183024.83862995301,183024.83789806499,0.0014637760177720338,4.5936169889755547,10357966079,true,true,5dff3859ad319cb37301e68cfc6fde00723e3a42110ca93adb44c05e97098167
softmax_whole_stage_atc_trace_v1,softmax_whole_stage_operand_rate_atc,softmax_whole_stage_operand_rate_atc_v2,20260728_operand_rate_v2_final_normalization_session02_BCA,normalization,fp16_scalar,20260728_operand_rate_v2_final_normalization_session02_BCA_normalization_fp16_scalar,0,1,20260728_operand_rate_v2_final_normalization_session02_BCA_normalization_fp16_scalar_b0_r1_treatment,treatment,treatment,20260728_operand_rate_v2_final_normalization_session02_BCA_normalization_fp16_scalar_b0_r1_treatment_1785246286372,19,183025.09193529299,183025.09563949,183025.0937873915,0.0037041970063000917,4.8495063154841773,10358007415,true,true,5dff3859ad319cb37301e68cfc6fde00723e3a42110ca93adb44c05e97098167
softmax_whole_stage_atc_trace_v1,softmax_whole_stage_operand_rate_atc,softmax_whole_stage_operand_rate_atc_v2,20260728_operand_rate_v2_final_normalization_session02_BCA,normalization,fp16_scalar,20260728_operand_rate_v2_final_normalization_session02_BCA_normalization_fp16_scalar,0,1,20260728_operand_rate_v2_final_normalization_session02_BCA_normalization_fp16_scalar_b0_r1_treatment,treatment,treatment,20260728_operand_rate_v2_final_normalization_session02_BCA_normalization_fp16_scalar_b0_r1_treatment_1785246286372,20,183025.34896123299,183025.35033094199,183025.3496460875,0.0013697090034838766,5.1053650114918128,10358071848,true,true,5dff3859ad319cb37301e68cfc6fde00723e3a42110ca93adb44c05e97098167
softmax_whole_stage_atc_trace_v1,softmax_whole_stage_operand_rate_atc,softmax_whole_stage_operand_rate_atc_v2,20260728_operand_rate_v2_final_normalization_session02_BCA,normalization,fp16_scalar,20260728_operand_rate_v2_final_normalization_session02_BCA_normalization_fp16_scalar,0,1,20260728_operand_rate_v2_final_normalization_session02_BCA_normalization_fp16_scalar_b0_r1_treatment,treatment,treatment,20260728_operand_rate_v2_final_normalization_session02_BCA_normalization_fp16_scalar_b0_r1_treatment_1785246286372,21,183025.603580995,183025.60493753999,183025.60425926751,0.0013565449917223305,5.3599781914963387,10358111921,true,true,5dff3859ad319cb37301e68cfc6fde00723e3a42110ca93adb44c05e97098167
softmax_whole_stage_atc_trace_v1,softmax_whole_stage_operand_rate_atc,softmax_whole_stage_operand_rate_atc_v2,20260728_operand_rate_v2_final_normalization_session02_BCA,normalization,fp16_scalar,20260728_operand_rate_v2_final_normalization_session02_BCA_normalization_fp16_scalar,0,1,20260728_operand_rate_v2_final_normalization_session02_BCA_normalization_fp16_scalar_b0_r1_treatment,treatment,treatment,20260728_operand_rate_v2_final_normalization_session02_BCA_normalization_fp16_scalar_b0_r1_treatment_1785246286372,22,183025.85825492899,183025.859626764,183025.85894084649,0.0013718350091949105,5.614659770479193,10358175683,true,true,5dff3859ad319cb37301e68cfc6fde00723e3a42110ca93adb44c05e97098167
softmax_whole_stage_atc_trace_v1,softmax_whole_stage_operand_rate_atc,softmax_whole_stage_operand_rate_atc_v2,20260728_operand_rate_v2_final_normalization_session02_BCA,normalization,fp16_scalar,20260728_operand_rate_v2_final_normalization_session02_BCA_normalization_fp16_scalar,0,1,20260728_operand_rate_v2_final_normalization_session02_BCA_normalization_fp16_scalar_b0_r1_treatment,treatment,treatment,20260728_operand_rate_v2_final_normalization_session02_BCA_normalization_fp16_scalar_b0_r1_treatment_1785246286372,23,183026.112936761,183026.11441663801,183026.11367669952,0.0014798770134802908,5.8693956235074438,10358215130,true,true,5dff3859ad319cb37301e68cfc6fde00723e3a42110ca93adb44c05e97098167
softmax_whole_stage_atc_trace_v1,softmax_whole_stage_operand_rate_atc,softmax_whole_stage_operand_rate_atc_v2,20260728_operand_rate_v2_final_normalization_session02_BCA,normalization,fp16_scalar,20260728_operand_rate_v2_final_normalization_session02_BCA_normalization_fp16_scalar,0,1,20260728_operand_rate_v2_final_normalization_session02_BCA_normalization_fp16_scalar_b0_r1_treatment,treatment,treatment,20260728_operand_rate_v2_final_normalization_session02_BCA_normalization_fp16_scalar_b0_r1_treatment_1785246286372,24,183026.36772349599,183026.37103835901,183026.3693809275,0.0033148630172945559,6.1250998514879029,10358278266,true,true,5dff3859ad319cb37301e68cfc6fde00723e3a42110ca93adb44c05e97098167
softmax_whole_stage_atc_trace_v1,softmax_whole_stage_operand_rate_atc,softmax_whole_stage_operand_rate_atc_v2,20260728_operand_rate_v2_final_normalization_session02_BCA,normalization,fp16_scalar,20260728_operand_rate_v2_final_normalization_session02_BCA_normalization_fp16_scalar,0,1,20260728_operand_rate_v2_final_normalization_session02_BCA_normalization_fp16_scalar_b0_r1_treatment,treatment,treatment,20260728_operand_rate_v2_final_normalization_session02_BCA_normalization_fp16_scalar_b0_r1_treatment_1785246286372,25,183026.624328206,183026.62567999199,183026.62500409898,0.0013517859915737063,6.3807230229722336,10358321006,true,true,5dff3859ad319cb37301e68cfc6fde00723e3a42110ca93adb44c05e97098167
softmax_whole_stage_atc_trace_v1,softmax_whole_stage_operand_rate_atc,softmax_whole_stage_operand_rate_atc_v2,20260728_operand_rate_v2_final_normalization_session02_BCA,normalization,fp16_scalar,20260728_operand_rate_v2_final_normalization_session02_BCA_normalization_fp16_scalar,0,1,20260728_operand_rate_v2_final_normalization_session02_BCA_normalization_fp16_scalar_b0_r1_treatment,treatment,treatment,20260728_operand_rate_v2_final_normalization_session02_BCA_normalization_fp16_scalar_b0_r1_treatment_1785246286372,26,183026.87904284499,183026.88044941201,183026.87974612851,0.0014065670256968588,6.6354650525026955,10358383114,true,true,5dff3859ad319cb37301e68cfc6fde00723e3a42110ca93adb44c05e97098167
softmax_whole_stage_atc_trace_v1,softmax_whole_stage_operand_rate_atc,softmax_whole_stage_operand_rate_atc_v2,20260728_operand_rate_v2_final_normalization_session02_BCA,normalization,fp16_scalar,20260728_operand_rate_v2_final_normalization_session02_BCA_normalization_fp16_scalar,0,1,20260728_operand_rate_v2_final_normalization_session02_BCA_normalization_fp16_scalar_b0_r1_treatment,treatment,treatment,20260728_operand_rate_v2_final_normalization_session02_BCA_normalization_fp16_scalar_b0_r1_treatment_1785246286372,27,183027.13377206601,183027.13526723199,183027.134519649,0.0014951659832149744,6.890238572988892,10358425173,true,true,5dff3859ad319cb37301e68cfc6fde00723e3a42110ca93adb44c05e97098167
softmax_whole_stage_atc_trace_v1,softmax_whole_stage_operand_rate_atc,softmax_whole_stage_operand_rate_atc_v2,20260728_operand_rate_v2_final_normalization_session02_BCA,normalization,fp16_scalar,20260728_operand_rate_v2_final_normalization_session02_BCA_normalization_fp16_scalar,0,1,20260728_operand_rate_v2_final_normalization_session02_BCA_normalization_fp16_scalar_b0_r1_treatment,treatment,treatment,20260728_operand_rate_v2_final_normalization_session02_BCA_normalization_fp16_scalar_b0_r1_treatment_1785246286372,28,183027.38858741199,183027.390010278,183027.389298845,0.0014228660147637129,7.145017768983962,10358486639,true,true,5dff3859ad319cb37301e68cfc6fde00723e3a42110ca93adb44c05e97098167
softmax_whole_stage_atc_trace_v1,softmax_whole_stage_operand_rate_atc,softmax_whole_stage_operand_rate_atc_v2,20260728_operand_rate_v2_final_normalization_session02_BCA,normalization,fp16_scalar,20260728_operand_rate_v2_final_normalization_session02_BCA_normalization_fp16_scalar,0,1,20260728_operand_rate_v2_final_normalization_session02_BCA_normalization_fp16_scalar_b0_r1_treatment,treatment,treatment,20260728_operand_rate_v2_final_normalization_session02_BCA_normalization_fp16_scalar_b0_r1_treatment_1785246286372,29,183027.643260399,183027.646538498,183027.6448994485,0.003278099000453949,7.4006183724850416,10358528056,true,true,5dff3859ad319cb37301e68cfc6fde00723e3a42110ca93adb44c05e97098167
softmax_whole_stage_atc_trace_v1,softmax_whole_stage_operand_rate_atc,softmax_whole_stage_operand_rate_atc_v2,20260728_operand_rate_v2_final_normalization_session02_BCA,normalization,fp16_scalar,20260728_operand_rate_v2_final_normalization_session02_BCA_normalization_fp16_scalar,0,1,20260728_operand_rate_v2_final_normalization_session02_BCA_normalization_fp16_scalar_b0_r1_treatment,treatment,treatment,20260728_operand_rate_v2_final_normalization_session02_BCA_normalization_fp16_scalar_b0_r1_treatment_1785246286372,30,183027.89982163001,183027.90122718,183027.90052440501,0.0014055499923415482,7.6562433289946057,10358592710,true,true,5dff3859ad319cb37301e68cfc6fde00723e3a42110ca93adb44c05e97098167
softmax_whole_stage_atc_trace_v1,softmax_whole_stage_operand_rate_atc,softmax_whole_stage_operand_rate_atc_v2,20260728_operand_rate_v2_final_normalization_session02_BCA,normalization,fp16_scalar,20260728_operand_rate_v2_final_normalization_session02_BCA_normalization_fp16_scalar,0,1,20260728_operand_rate_v2_final_normalization_session02_BCA_normalization_fp16_scalar_b0_r1_treatment,treatment,treatment,20260728_operand_rate_v2_final_normalization_session02_BCA_normalization_fp16_scalar_b0_r1_treatment_1785246286372,31,183028.15240598499,183028.15386368299,183028.15313483399,0.00145769800292328,7.9088537579809781,10358632944,true,true,5dff3859ad319cb37301e68cfc6fde00723e3a42110ca93adb44c05e97098167
softmax_whole_stage_atc_trace_v1,softmax_whole_stage_operand_rate_atc,softmax_whole_stage_operand_rate_atc_v2,20260728_operand_rate_v2_final_normalization_session02_BCA,normalization,fp16_scalar,20260728_operand_rate_v2_final_normalization_session02_BCA_normalization_fp16_scalar,0,1,20260728_operand_rate_v2_final_normalization_session02_BCA_normalization_fp16_scalar_b0_r1_treatment,treatment,treatment,20260728_operand_rate_v2_final_normalization_session02_BCA_normalization_fp16_scalar_b0_r1_treatment_1785246286372,32,183028.407136486,183028.408541835,183028.4078391605,0.001405349001288414,8.1635580844886135,10358697232,true,true,5dff3859ad319cb37301e68cfc6fde00723e3a42110ca93adb44c05e97098167
softmax_whole_stage_atc_trace_v1,softmax_whole_stage_operand_rate_atc,softmax_whole_stage_operand_rate_atc_v2,20260728_operand_rate_v2_final_normalization_session02_BCA,normalization,fp16_scalar,20260728_operand_rate_v2_final_normalization_session02_BCA_normalization_fp16_scalar,0,1,20260728_operand_rate_v2_final_normalization_session02_BCA_normalization_fp16_scalar_b0_r1_treatment,treatment,treatment,20260728_operand_rate_v2_final_normalization_session02_BCA_normalization_fp16_scalar_b0_r1_treatment_1785246286372,33,183028.66182871201,183028.66319669699,183028.6625127045,0.0013679849798791111,8.4182316284859553,10358737127,true,true,5dff3859ad319cb37301e68cfc6fde00723e3a42110ca93adb44c05e97098167
softmax_whole_stage_atc_trace_v1,softmax_whole_stage_operand_rate_atc,softmax_whole_stage_operand_rate_atc_v2,20260728_operand_rate_v2_final_normalization_session02_BCA,normalization,fp16_scalar,20260728_operand_rate_v2_final_normalization_session02_BCA_normalization_fp16_scalar,0,1,20260728_operand_rate_v2_final_normalization_session02_BCA_normalization_fp16_scalar_b0_r1_treatment,treatment,treatment,20260728_operand_rate_v2_final_normalization_session02_BCA_normalization_fp16_scalar_b0_r1_treatment_1785246286372,34,183028.91651617899,183028.91794137401,183028.9172287765,0.0014251950196921825,8.6729477004846558,10358800674,true,true,5dff3859ad319cb37301e68cfc6fde00723e3a42110ca93adb44c05e97098167
softmax_whole_stage_atc_trace_v1,softmax_whole_stage_operand_rate_atc,softmax_whole_stage_operand_rate_atc_v2,20260728_operand_rate_v2_final_normalization_session02_BCA,normalization,fp16_scalar,20260728_operand_rate_v2_final_normalization_session02_BCA_normalization_fp16_scalar,0,1,20260728_operand_rate_v2_final_normalization_session02_BCA_normalization_fp16_scalar_b0_r1_treatment,treatment,treatment,20260728_operand_rate_v2_final_normalization_session02_BCA_normalization_fp16_scalar_b0_r1_treatment_1785246286372,35,183029.17125873,183029.17271065601,183029.17198469301,0.0014519260148517787,8.9277036169951316,10358839802,true,true,5dff3859ad319cb37301e68cfc6fde00723e3a42110ca93adb44c05e97098167
softmax_whole_stage_atc_trace_v1,softmax_whole_stage_operand_rate_atc,softmax_whole_stage_operand_rate_atc_v2,20260728_operand_rate_v2_final_normalization_session02_BCA,normalization,fp16_scalar,20260728_operand_rate_v2_final_normalization_session02_BCA_normalization_fp16_scalar,0,1,20260728_operand_rate_v2_final_normalization_session02_BCA_normalization_fp16_scalar_b0_r1_treatment,treatment,treatment,20260728_operand_rate_v2_final_normalization_session02_BCA_normalization_fp16_scalar_b0_r1_treatment_1785246286372,36,183029.423935331,183029.42810996101,183029.42602264602,0.0041746300121303648,9.1817415700061247,10358902506,true,true,5dff3859ad319cb37301e68cfc6fde00723e3a42110ca93adb44c05e97098167
softmax_whole_stage_atc_trace_v1,softmax_whole_stage_operand_rate_atc,softmax_whole_stage_operand_rate_atc_v2,20260728_operand_rate_v2_final_normalization_session02_BCA,normalization,fp16_scalar,20260728_operand_rate_v2_final_normalization_session02_BCA_normalization_fp16_scalar,0,1,20260728_operand_rate_v2_final_normalization_session02_BCA_normalization_fp16_scalar_b0_r1_treatment,treatment,treatment,20260728_operand_rate_v2_final_normalization_session02_BCA_normalization_fp16_scalar_b0_r1_treatment_1785246286372,37,183029.681424279,183029.68289281201,183029.6821585455,0.0014685330097563565,9.4378774694923777,10358945172,true,true,5dff3859ad319cb37301e68cfc6fde00723e3a42110ca93adb44c05e97098167
softmax_whole_stage_atc_trace_v1,softmax_whole_stage_operand_rate_atc,softmax_whole_stage_operand_rate_atc_v2,20260728_operand_rate_v2_final_normalization_session02_BCA,normalization,fp16_scalar,20260728_operand_rate_v2_final_normalization_session02_BCA_normalization_fp16_scalar,0,1,20260728_operand_rate_v2_final_normalization_session02_BCA_normalization_fp16_scalar_b0_r1_treatment,treatment,treatment,20260728_operand_rate_v2_final_normalization_session02_BCA_normalization_fp16_scalar_b0_r1_treatment_1785246286372,38,183029.936145566,183029.93874554601,183029.93744555599,0.0025999800127465278,9.6931644799769856,10359007032,true,true,5dff3859ad319cb37301e68cfc6fde00723e3a42110ca93adb44c05e97098167
softmax_whole_stage_atc_trace_v1,softmax_whole_stage_operand_rate_atc,softmax_whole_stage_operand_rate_atc_v2,20260728_operand_rate_v2_final_normalization_session02_BCA,normalization,fp16_scalar,20260728_operand_rate_v2_final_normalization_session02_BCA_normalization_fp16_scalar,0,1,20260728_operand_rate_v2_final_normalization_session02_BCA_normalization_fp16_scalar_b0_r1_treatment,treatment,treatment,20260728_operand_rate_v2_final_normalization_session02_BCA_normalization_fp16_scalar_b0_r1_treatment_1785246286372,39,183030.19207535699,183030.197384675,183030.194730016,0.005309318017680198,9.9504489399841987,10359070713,true,true,5dff3859ad319cb37301e68cfc6fde00723e3a42110ca93adb44c05e97098167
softmax_whole_stage_atc_trace_v1,softmax_whole_stage_operand_rate_atc,softmax_whole_stage_operand_rate_atc_v2,20260728_operand_rate_v2_final_normalization_session02_BCA,normalization,fp16_scalar,20260728_operand_rate_v2_final_normalization_session02_BCA_normalization_fp16_scalar,0,1,20260728_operand_rate_v2_final_normalization_session02_BCA_normalization_fp16_scalar_b0_r1_treatment,treatment,treatment,20260728_operand_rate_v2_final_normalization_session02_BCA_normalization_fp16_scalar_b0_r1_treatment_1785246286372,40,183030.450703246,183030.45212925001,183030.45141624799,0.0014260040188673884,10.207135171978734,10359113462,true,true,5dff3859ad319cb37301e68cfc6fde00723e3a42110ca93adb44c05e97098167
softmax_whole_stage_atc_trace_v1,softmax_whole_stage_operand_rate_atc,softmax_whole_stage_operand_rate_atc_v2,20260728_operand_rate_v2_final_normalization_session02_BCA,normalization,fp16_scalar,20260728_operand_rate_v2_final_normalization_session02_BCA_normalization_fp16_scalar,0,1,20260728_operand_rate_v2_final_normalization_session02_BCA_normalization_fp16_scalar_b0_r1_treatment,treatment,treatment,20260728_operand_rate_v2_final_normalization_session02_BCA_normalization_fp16_scalar_b0_r1_treatment_1785246286372,41,183030.70512258401,183030.70643771201,183030.70578014801,0.0013151279999874532,10.461499072000152,10359175504,true,true,5dff3859ad319cb37301e68cfc6fde00723e3a42110ca93adb44c05e97098167
softmax_whole_stage_atc_trace_v1,softmax_whole_stage_operand_rate_atc,softmax_whole_stage_operand_rate_atc_v2,20260728_operand_rate_v2_final_normalization_session02_BCA,normalization,fp16_scalar,20260728_operand_rate_v2_final_normalization_session02_BCA_normalization_fp16_scalar,0,1,20260728_operand_rate_v2_final_normalization_session02_BCA_normalization_fp16_scalar_b0_r1_treatment,treatment,treatment,20260728_operand_rate_v2_final_normalization_session02_BCA_normalization_fp16_scalar_b0_r1_treatment_1785246286372,42,183030.958714954,183030.96018389199,183030.95944942301,0.0014689379895571619,10.715168347000144,10359217637,true,true,5dff3859ad319cb37301e68cfc6fde00723e3a42110ca93adb44c05e97098167
softmax_whole_stage_atc_trace_v1,softmax_whole_stage_operand_rate_atc,softmax_whole_stage_operand_rate_atc_v2,20260728_operand_rate_v2_final_normalization_session02_BCA,normalization,fp16_scalar,20260728_operand_rate_v2_final_normalization_session02_BCA_normalization_fp16_scalar,0,1,20260728_operand_rate_v2_final_normalization_session02_BCA_normalization_fp16_scalar_b0_r1_treatment,treatment,treatment,20260728_operand_rate_v2_final_normalization_session02_BCA_normalization_fp16_scalar_b0_r1_treatment_1785246286372,43,183031.213484237,183031.21488118099,183031.21418270899,0.001396943989675492,10.969901632983238,10359279309,true,true,5dff3859ad319cb37301e68cfc6fde00723e3a42110ca93adb44c05e97098167
softmax_whole_stage_atc_trace_v1,softmax_whole_stage_operand_rate_atc,softmax_whole_stage_operand_rate_atc_v2,20260728_operand_rate_v2_final_normalization_session02_BCA,normalization,fp16_scalar,20260728_operand_rate_v2_final_normalization_session02_BCA_normalization_fp16_scalar,0,1,20260728_operand_rate_v2_final_normalization_session02_BCA_normalization_fp16_scalar_b0_r1_treatment,treatment,treatment,20260728_operand_rate_v2_final_normalization_session02_BCA_normalization_fp16_scalar_b0_r1_treatment_1785246286372,44,183031.46586790099,183031.46723335399,183031.46655062749,0.0013654530048370361,11.222269551479258,10359320988,true,true,5dff3859ad319cb37301e68cfc6fde00723e3a42110ca93adb44c05e97098167
softmax_whole_stage_atc_trace_v1,softmax_whole_stage_operand_rate_atc,softmax_whole_stage_operand_rate_atc_v2,20260728_operand_rate_v2_final_normalization_session02_BCA,normalization,fp16_scalar,20260728_operand_rate_v2_final_normalization_session02_BCA_normalization_fp16_scalar,0,1,20260728_operand_rate_v2_final_normalization_session02_BCA_normalization_fp16_scalar_b0_r1_treatment,treatment,treatment,20260728_operand_rate_v2_final_normalization_session02_BCA_normalization_fp16_scalar_b0_r1_treatment_1785246286372,45,183031.72047233701,183031.721819664,183031.72114600049,0.0013473269937094301,11.476864924479742,10359382581,true,true,5dff3859ad319cb37301e68cfc6fde00723e3a42110ca93adb44c05e97098167
softmax_whole_stage_atc_trace_v1,softmax_whole_stage_operand_rate_atc,softmax_whole_stage_operand_rate_atc_v2,20260728_operand_rate_v2_final_normalization_session02_BCA,normalization,fp16_scalar,20260728_operand_rate_v2_final_normalization_session02_BCA_normalization_fp16_scalar,0,1,20260728_operand_rate_v2_final_normalization_session02_BCA_normalization_fp16_scalar_b0_r1_treatment,treatment,treatment,20260728_operand_rate_v2_final_normalization_session02_BCA_normalization_fp16_scalar_b0_r1_treatment_1785246286372,46,183031.97484803299,183031.97887847299,183031.97686325299,0.0040304400026798248,11.732582176977303,10359424088,true,true,5dff3859ad319cb37301e68cfc6fde00723e3a42110ca93adb44c05e97098167
softmax_whole_stage_atc_trace_v1,softmax_whole_stage_operand_rate_atc,softmax_whole_stage_operand_rate_atc_v2,20260728_operand_rate_v2_final_normalization_session02_BCA,normalization,fp16_scalar,20260728_operand_rate_v2_final_normalization_session02_BCA_normalization_fp16_scalar,0,1,20260728_operand_rate_v2_final_normalization_session02_BCA_normalization_fp16_scalar_b0_r1_treatment,treatment,treatment,20260728_operand_rate_v2_final_normalization_session02_BCA_normalization_fp16_scalar_b0_r1_treatment_1785246286372,47,183032.22977750399,183032.23114791801,183032.23046271101,0.0013704140146728605,11.98618163500214,10359488755,true,true,5dff3859ad319cb37301e68cfc6fde00723e3a42110ca93adb44c05e97098167
softmax_whole_stage_atc_trace_v1,softmax_whole_stage_operand_rate_atc,softmax_whole_stage_operand_rate_atc_v2,20260728_operand_rate_v2_final_normalization_session02_BCA,normalization,fp16_scalar,20260728_operand_rate_v2_final_normalization_session02_BCA_normalization_fp16_scalar,0,1,20260728_operand_rate_v2_final_normalization_session02_BCA_normalization_fp16_scalar_b0_r1_treatment,treatment,treatment,20260728_operand_rate_v2_final_normalization_session02_BCA_normalization_fp16_scalar_b0_r1_treatment_1785246286372,48,183032.48288333401,183032.48512526901,183032.48400430151,0.0022419349988922477,12.23972322550253,10359529537,true,true,5dff3859ad319cb37301e68cfc6fde00723e3a42110ca93adb44c05e97098167
softmax_whole_stage_atc_trace_v1,softmax_whole_stage_operand_rate_atc,softmax_whole_stage_operand_rate_atc_v2,20260728_operand_rate_v2_final_normalization_session02_BCA,normalization,fp16_scalar,20260728_operand_rate_v2_final_normalization_session02_BCA_normalization_fp16_scalar,0,1,20260728_operand_rate_v2_final_normalization_session02_BCA_normalization_fp16_scalar_b0_r1_treatment,treatment,treatment,20260728_operand_rate_v2_final_normalization_session02_BCA_normalization_fp16_scalar_b0_r1_treatment_1785246286372,49,183032.736297897,183032.73767519699,183032.73698654701,0.0013772999809589237,12.492705470998771,10359594113,true,true,5dff3859ad319cb37301e68cfc6fde00723e3a42110ca93adb44c05e97098167
softmax_whole_stage_atc_trace_v1,softmax_whole_stage_operand_rate_atc,softmax_whole_stage_operand_rate_atc_v2,20260728_operand_rate_v2_final_normalization_session02_BCA,normalization,fp16_scalar,20260728_operand_rate_v2_final_normalization_session02_BCA_normalization_fp16_scalar,0,1,20260728_operand_rate_v2_final_normalization_session02_BCA_normalization_fp16_scalar_b0_r1_treatment,treatment,treatment,20260728_operand_rate_v2_final_normalization_session02_BCA_normalization_fp16_scalar_b0_r1_treatment_1785246286372,50,183032.99094708901,183032.99229016399,183032.99161862652,0.0013430749822873622,12.747337550506927,10359634731,true,true,5dff3859ad319cb37301e68cfc6fde00723e3a42110ca93adb44c05e97098167
softmax_whole_stage_atc_trace_v1,softmax_whole_stage_operand_rate_atc,softmax_whole_stage_operand_rate_atc_v2,20260728_operand_rate_v2_final_normalization_session02_BCA,normalization,fp16_scalar,20260728_operand_rate_v2_final_normalization_session02_BCA_normalization_fp16_scalar,0,1,20260728_operand_rate_v2_final_normalization_session02_BCA_normalization_fp16_scalar_b0_r1_treatment,treatment,treatment,20260728_operand_rate_v2_final_normalization_session02_BCA_normalization_fp16_scalar_b0_r1_treatment_1785246286372,51,183033.24526871301,183033.246658772,183033.24596374249,0.0013900589838158339,13.00168266647961,10359699034,true,true,5dff3859ad319cb37301e68cfc6fde00723e3a42110ca93adb44c05e97098167
softmax_whole_stage_atc_trace_v1,softmax_whole_stage_operand_rate_atc,softmax_whole_stage_operand_rate_atc_v2,20260728_operand_rate_v2_final_normalization_session02_BCA,normalization,fp16_scalar,20260728_operand_rate_v2_final_normalization_session02_BCA_normalization_fp16_scalar,0,1,20260728_operand_rate_v2_final_normalization_session02_BCA_normalization_fp16_scalar_b0_r1_treatment,treatment,treatment,20260728_operand_rate_v2_final_normalization_session02_BCA_normalization_fp16_scalar_b0_r1_treatment_1785246286372,52,183033.498645913,183033.50004812199,183033.4993470175,0.001402208989020437,13.255065941484645,10359738944,true,false,5dff3859ad319cb37301e68cfc6fde00723e3a42110ca93adb44c05e97098167
softmax_whole_stage_atc_trace_v1,softmax_whole_stage_operand_rate_atc,softmax_whole_stage_operand_rate_atc_v2,20260728_operand_rate_v2_final_normalization_session02_BCA,normalization,fp16_scalar,20260728_operand_rate_v2_final_normalization_session02_BCA_normalization_fp16_scalar,0,1,20260728_operand_rate_v2_final_normalization_session02_BCA_normalization_fp16_scalar_b0_r1_treatment,treatment,treatment,20260728_operand_rate_v2_final_normalization_session02_BCA_normalization_fp16_scalar_b0_r1_treatment_1785246286372,53,183033.75115655299,183033.75254033299,183033.751848443,0.0013837800070177764,13.507567366992589,10359802543,true,false,5dff3859ad319cb37301e68cfc6fde00723e3a42110ca93adb44c05e97098167
softmax_whole_stage_atc_trace_v1,softmax_whole_stage_operand_rate_atc,softmax_whole_stage_operand_rate_atc_v2,20260728_operand_rate_v2_final_normalization_session02_BCA,normalization,fp16_scalar,20260728_operand_rate_v2_final_normalization_session02_BCA_normalization_fp16_scalar,0,1,20260728_operand_rate_v2_final_normalization_session02_BCA_normalization_fp16_scalar_b0_r1_treatment,treatment,treatment,20260728_operand_rate_v2_final_normalization_session02_BCA_normalization_fp16_scalar_b0_r1_treatment_1785246286372,54,183034.005987096,183034.00736338401,183034.00667524,0.0013762880116701126,13.762394163990393,10359829799,true,false,5dff3859ad319cb37301e68cfc6fde00723e3a42110ca93adb44c05e97098167
softmax_whole_stage_atc_trace_v1,softmax_whole_stage_operand_rate_atc,softmax_whole_stage_operand_rate_atc_v2,20260728_operand_rate_v2_final_normalization_session02_BCA,normalization,fp16_scalar,20260728_operand_rate_v2_final_normalization_session02_BCA_normalization_fp16_scalar,0,1,20260728_operand_rate_v2_final_normalization_session02_BCA_normalization_fp16_scalar_b0_r1_treatment,treatment,treatment,20260728_operand_rate_v2_final_normalization_session02_BCA_normalization_fp16_scalar_b0_r1_treatment_1785246286372,55,183034.007368041,183034.00858049499,183034.007974268,0.0012124539935030043,13.763693191984203,10359829799,false,false,5dff3859ad319cb37301e68cfc6fde00723e3a42110ca93adb44c05e97098167
softmax_whole_stage_atc_trace_v1,softmax_whole_stage_operand_rate_atc,softmax_whole_stage_operand_rate_atc_v2,20260728_operand_rate_v2_final_normalization_session02_BCA,normalization,fp16_scalar,20260728_operand_rate_v2_final_normalization_session02_BCA_normalization_fp16_scalar,0,2,20260728_operand_rate_v2_final_normalization_session02_BCA_normalization_fp16_scalar_b0_r2_control,control,control,20260728_operand_rate_v2_final_normalization_session02_BCA_normalization_fp16_scalar_b0_r2_control_1785246300754,0,183035.04255073,183035.044067562,183035.04330914601,0.0015168320096563548,0.00086888801888562739,10359961865,false,false,5dff3859ad319cb37301e68cfc6fde00723e3a42110ca93adb44c05e97098167
softmax_whole_stage_atc_trace_v1,softmax_whole_stage_operand_rate_atc,softmax_whole_stage_operand_rate_atc_v2,20260728_operand_rate_v2_final_normalization_session02_BCA,normalization,fp16_scalar,20260728_operand_rate_v2_final_normalization_session02_BCA_normalization_fp16_scalar,0,2,20260728_operand_rate_v2_final_normalization_session02_BCA_normalization_fp16_scalar_b0_r2_control,control,control,20260728_operand_rate_v2_final_normalization_session02_BCA_normalization_fp16_scalar_b0_r2_control_1785246300754,1,183035.29569179699,183035.299263644,183035.29747772048,0.0035718470171559602,0.25503746248432435,10360015048,true,false,5dff3859ad319cb37301e68cfc6fde00723e3a42110ca93adb44c05e97098167
softmax_whole_stage_atc_trace_v1,softmax_whole_stage_operand_rate_atc,softmax_whole_stage_operand_rate_atc_v2,20260728_operand_rate_v2_final_normalization_session02_BCA,normalization,fp16_scalar,20260728_operand_rate_v2_final_normalization_session02_BCA_normalization_fp16_scalar,0,2,20260728_operand_rate_v2_final_normalization_session02_BCA_normalization_fp16_scalar_b0_r2_control,control,control,20260728_operand_rate_v2_final_normalization_session02_BCA_normalization_fp16_scalar_b0_r2_control_1785246300754,2,183035.550927893,183035.552709632,183035.5518187625,0.0017817390034906566,0.50937850450281985,10360057231,true,false,5dff3859ad319cb37301e68cfc6fde00723e3a42110ca93adb44c05e97098167
softmax_whole_stage_atc_trace_v1,softmax_whole_stage_operand_rate_atc,softmax_whole_stage_operand_rate_atc_v2,20260728_operand_rate_v2_final_normalization_session02_BCA,normalization,fp16_scalar,20260728_operand_rate_v2_final_normalization_session02_BCA_normalization_fp16_scalar,0,2,20260728_operand_rate_v2_final_normalization_session02_BCA_normalization_fp16_scalar_b0_r2_control,control,control,20260728_operand_rate_v2_final_normalization_session02_BCA_normalization_fp16_scalar_b0_r2_control_1785246300754,3,183035.804394201,183035.805900315,183035.80514725798,0.0015061140002217144,0.76270699998713098,10360118882,true,true,5dff3859ad319cb37301e68cfc6fde00723e3a42110ca93adb44c05e97098167
softmax_whole_stage_atc_trace_v1,softmax_whole_stage_operand_rate_atc,softmax_whole_stage_operand_rate_atc_v2,20260728_operand_rate_v2_final_normalization_session02_BCA,normalization,fp16_scalar,20260728_operand_rate_v2_final_normalization_session02_BCA_normalization_fp16_scalar,0,2,20260728_operand_rate_v2_final_normalization_session02_BCA_normalization_fp16_scalar_b0_r2_control,control,control,20260728_operand_rate_v2_final_normalization_session02_BCA_normalization_fp16_scalar_b0_r2_control_1785246300754,4,183036.05760705899,183036.05918364899,183036.05839535399,0.0015765900025144219,1.0159550959942862,10360161088,true,true,5dff3859ad319cb37301e68cfc6fde00723e3a42110ca93adb44c05e97098167
softmax_whole_stage_atc_trace_v1,softmax_whole_stage_operand_rate_atc,softmax_whole_stage_operand_rate_atc_v2,20260728_operand_rate_v2_final_normalization_session02_BCA,normalization,fp16_scalar,20260728_operand_rate_v2_final_normalization_session02_BCA_normalization_fp16_scalar,0,2,20260728_operand_rate_v2_final_normalization_session02_BCA_normalization_fp16_scalar_b0_r2_control,control,control,20260728_operand_rate_v2_final_normalization_session02_BCA_normalization_fp16_scalar_b0_r2_control_1785246300754,5,183036.31033833401,183036.311952085,183036.3111452095,0.0016137509956024587,1.2687049515079707,10360222747,true,true,5dff3859ad319cb37301e68cfc6fde00723e3a42110ca93adb44c05e97098167
softmax_whole_stage_atc_trace_v1,softmax_whole_stage_operand_rate_atc,softmax_whole_stage_operand_rate_atc_v2,20260728_operand_rate_v2_final_normalization_session02_BCA,normalization,fp16_scalar,20260728_operand_rate_v2_final_normalization_session02_BCA_normalization_fp16_scalar,0,2,20260728_operand_rate_v2_final_normalization_session02_BCA_normalization_fp16_scalar_b0_r2_control,control,control,20260728_operand_rate_v2_final_normalization_session02_BCA_normalization_fp16_scalar_b0_r2_control_1785246300754,6,183036.563674829,183036.565316122,183036.5644954755,0.0016412929981015623,1.5220552175014745,10360264977,true,true,5dff3859ad319cb37301e68cfc6fde00723e3a42110ca93adb44c05e97098167
softmax_whole_stage_atc_trace_v1,softmax_whole_stage_operand_rate_atc,softmax_whole_stage_operand_rate_atc_v2,20260728_operand_rate_v2_final_normalization_session02_BCA,normalization,fp16_scalar,20260728_operand_rate_v2_final_normalization_session02_BCA_normalization_fp16_scalar,0,2,20260728_operand_rate_v2_final_normalization_session02_BCA_normalization_fp16_scalar_b0_r2_control,control,control,20260728_operand_rate_v2_final_normalization_session02_BCA_normalization_fp16_scalar_b0_r2_control_1785246300754,7,183036.817089191,183036.818476124,183036.81778265751,0.0013869329995941371,1.7753423995163757,10360326562,true,true,5dff3859ad319cb37301e68cfc6fde00723e3a42110ca93adb44c05e97098167
softmax_whole_stage_atc_trace_v1,softmax_whole_stage_operand_rate_atc,softmax_whole_stage_operand_rate_atc_v2,20260728_operand_rate_v2_final_normalization_session02_BCA,normalization,fp16_scalar,20260728_operand_rate_v2_final_normalization_session02_BCA_normalization_fp16_scalar,0,2,20260728_operand_rate_v2_final_normalization_session02_BCA_normalization_fp16_scalar_b0_r2_control,control,control,20260728_operand_rate_v2_final_normalization_session02_BCA_normalization_fp16_scalar_b0_r2_control_1785246300754,8,183037.07025891301,183037.07163977099,183037.07094934199,0.0013808579824399203,2.0285090839897748,10360368683,true,true,5dff3859ad319cb37301e68cfc6fde00723e3a42110ca93adb44c05e97098167
softmax_whole_stage_atc_trace_v1,softmax_whole_stage_operand_rate_atc,softmax_whole_stage_operand_rate_atc_v2,20260728_operand_rate_v2_final_normalization_session02_BCA,normalization,fp16_scalar,20260728_operand_rate_v2_final_normalization_session02_BCA_normalization_fp16_scalar,0,2,20260728_operand_rate_v2_final_normalization_session02_BCA_normalization_fp16_scalar_b0_r2_control,control,control,20260728_operand_rate_v2_final_normalization_session02_BCA_normalization_fp16_scalar_b0_r2_control_1785246300754,9,183037.323446761,183037.324941737,183037.324194249,0.0014949759934097528,2.2817539910029154,10360430211,true,true,5dff3859ad319cb37301e68cfc6fde00723e3a42110ca93adb44c05e97098167
softmax_whole_stage_atc_trace_v1,softmax_whole_stage_operand_rate_atc,softmax_whole_stage_operand_rate_atc_v2,20260728_operand_rate_v2_final_normalization_session02_BCA,normalization,fp16_scalar,20260728_operand_rate_v2_final_normalization_session02_BCA_normalization_fp16_scalar,0,2,20260728_operand_rate_v2_final_normalization_session02_BCA_normalization_fp16_scalar_b0_r2_control,control,control,20260728_operand_rate_v2_final_normalization_session02_BCA_normalization_fp16_scalar_b0_r2_control_1785246300754,10,183037.576721185,183037.578077538,183037.5773993615,0.0013563529937528074,2.5349591035046615,10360472226,true,true,5dff3859ad319cb37301e68cfc6fde00723e3a42110ca93adb44c05e97098167
softmax_whole_stage_atc_trace_v1,softmax_whole_stage_operand_rate_atc,softmax_whole_stage_operand_rate_atc_v2,20260728_operand_rate_v2_final_normalization_session02_BCA,normalization,fp16_scalar,20260728_operand_rate_v2_final_normalization_session02_BCA_normalization_fp16_scalar,0,2,20260728_operand_rate_v2_final_normalization_session02_BCA_normalization_fp16_scalar_b0_r2_control,control,control,20260728_operand_rate_v2_final_normalization_session02_BCA_normalization_fp16_scalar_b0_r2_control_1785246300754,11,183037.829910956,183037.83134416401,183037.83062756,0.0014332080027088523,2.7881873020087369,10360533631,true,true,5dff3859ad319cb37301e68cfc6fde00723e3a42110ca93adb44c05e97098167
softmax_whole_stage_atc_trace_v1,softmax_whole_stage_operand_rate_atc,softmax_whole_stage_operand_rate_atc_v2,20260728_operand_rate_v2_final_normalization_session02_BCA,normalization,fp16_scalar,20260728_operand_rate_v2_final_normalization_session02_BCA_normalization_fp16_scalar,0,2,20260728_operand_rate_v2_final_normalization_session02_BCA_normalization_fp16_scalar_b0_r2_control,control,control,20260728_operand_rate_v2_final_normalization_session02_BCA_normalization_fp16_scalar_b0_r2_control_1785246300754,12,183038.08320391001,183038.08457008499,183038.08388699748,0.0013661749835591763,3.0414467394875828,10360575644,true,true,5dff3859ad319cb37301e68cfc6fde00723e3a42110ca93adb44c05e97098167
softmax_whole_stage_atc_trace_v1,softmax_whole_stage_operand_rate_atc,softmax_whole_stage_operand_rate_atc_v2,20260728_operand_rate_v2_final_normalization_session02_BCA,normalization,fp16_scalar,20260728_operand_rate_v2_final_normalization_session02_BCA_normalization_fp16_scalar,0,2,20260728_operand_rate_v2_final_normalization_session02_BCA_normalization_fp16_scalar_b0_r2_control,control,control,20260728_operand_rate_v2_final_normalization_session02_BCA_normalization_fp16_scalar_b0_r2_control_1785246300754,13,183038.33563859999,183038.33701854601,183038.336328573,0.0013799460139125586,3.2938883150054608,10360636970,true,true,5dff3859ad319cb37301e68cfc6fde00723e3a42110ca93adb44c05e97098167
softmax_whole_stage_atc_trace_v1,softmax_whole_stage_operand_rate_atc,softmax_whole_stage_operand_rate_atc_v2,20260728_operand_rate_v2_final_normalization_session02_BCA,normalization,fp16_scalar,20260728_operand_rate_v2_final_normalization_session02_BCA_normalization_fp16_scalar,0,2,20260728_operand_rate_v2_final_normalization_session02_BCA_normalization_fp16_scalar_b0_r2_control,control,control,20260728_operand_rate_v2_final_normalization_session02_BCA_normalization_fp16_scalar_b0_r2_control_1785246300754,14,183038.588898644,183038.590324258,183038.589611451,0.0014256139984354377,3.5471711930003949,10360679050,true,true,5dff3859ad319cb37301e68cfc6fde00723e3a42110ca93adb44c05e97098167
softmax_whole_stage_atc_trace_v1,softmax_whole_stage_operand_rate_atc,softmax_whole_stage_operand_rate_atc_v2,20260728_operand_rate_v2_final_normalization_session02_BCA,normalization,fp16_scalar,20260728_operand_rate_v2_final_normalization_session02_BCA_normalization_fp16_scalar,0,2,20260728_operand_rate_v2_final_normalization_session02_BCA_normalization_fp16_scalar_b0_r2_control,control,control,20260728_operand_rate_v2_final_normalization_session02_BCA_normalization_fp16_scalar_b0_r2_control_1785246300754,15,183038.842230988,183038.84358612599,183038.84290855698,0.0013551379961427301,3.8004682989849243,10360740549,true,true,5dff3859ad319cb37301e68cfc6fde00723e3a42110ca93adb44c05e97098167
softmax_whole_stage_atc_trace_v1,softmax_whole_stage_operand_rate_atc,softmax_whole_stage_operand_rate_atc_v2,20260728_operand_rate_v2_final_normalization_session02_BCA,normalization,fp16_scalar,20260728_operand_rate_v2_final_normalization_session02_BCA_normalization_fp16_scalar,0,2,20260728_operand_rate_v2_final_normalization_session02_BCA_normalization_fp16_scalar_b0_r2_control,control,control,20260728_operand_rate_v2_final_normalization_session02_BCA_normalization_fp16_scalar_b0_r2_control_1785246300754,16,183039.09551077799,183039.096913507,183039.0962121425,0.0014027290162630379,4.0537718845007475,10360782565,true,true,5dff3859ad319cb37301e68cfc6fde00723e3a42110ca93adb44c05e97098167
softmax_whole_stage_atc_trace_v1,softmax_whole_stage_operand_rate_atc,softmax_whole_stage_operand_rate_atc_v2,20260728_operand_rate_v2_final_normalization_session02_BCA,normalization,fp16_scalar,20260728_operand_rate_v2_final_normalization_session02_BCA_normalization_fp16_scalar,0,2,20260728_operand_rate_v2_final_normalization_session02_BCA_normalization_fp16_scalar_b0_r2_control,control,control,20260728_operand_rate_v2_final_normalization_session02_BCA_normalization_fp16_scalar_b0_r2_control_1785246300754,17,183039.34886458801,183039.35079082201,183039.34982770501,0.0019262339919805527,4.3073874470137525,10360844019,true,true,5dff3859ad319cb37301e68cfc6fde00723e3a42110ca93adb44c05e97098167
softmax_whole_stage_atc_trace_v1,softmax_whole_stage_operand_rate_atc,softmax_whole_stage_operand_rate_atc_v2,20260728_operand_rate_v2_final_normalization_session02_BCA,normalization,fp16_scalar,20260728_operand_rate_v2_final_normalization_session02_BCA_normalization_fp16_scalar,0,2,20260728_operand_rate_v2_final_normalization_session02_BCA_normalization_fp16_scalar_b0_r2_control,control,control,20260728_operand_rate_v2_final_normalization_session02_BCA_normalization_fp16_scalar_b0_r2_control_1785246300754,18,183039.60276681199,183039.60416235201,183039.603464582,0.0013955400208942592,4.5610243240080308,10360885990,true,true,5dff3859ad319cb37301e68cfc6fde00723e3a42110ca93adb44c05e97098167
softmax_whole_stage_atc_trace_v1,softmax_whole_stage_operand_rate_atc,softmax_whole_stage_operand_rate_atc_v2,20260728_operand_rate_v2_final_normalization_session02_BCA,normalization,fp16_scalar,20260728_operand_rate_v2_final_normalization_session02_BCA_normalization_fp16_scalar,0,2,20260728_operand_rate_v2_final_normalization_session02_BCA_normalization_fp16_scalar_b0_r2_control,control,control,20260728_operand_rate_v2_final_normalization_session02_BCA_normalization_fp16_scalar_b0_r2_control_1785246300754,19,183039.85615899801,183039.85755221001,183039.85685560401,0.0013932120054960251,4.814415346016176,10360947337,true,true,5dff3859ad319cb37301e68cfc6fde00723e3a42110ca93adb44c05e97098167
softmax_whole_stage_atc_trace_v1,softmax_whole_stage_operand_rate_atc,softmax_whole_stage_operand_rate_atc_v2,20260728_operand_rate_v2_final_normalization_session02_BCA,normalization,fp16_scalar,20260728_operand_rate_v2_final_normalization_session02_BCA_normalization_fp16_scalar,0,2,20260728_operand_rate_v2_final_normalization_session02_BCA_normalization_fp16_scalar_b0_r2_control,control,control,20260728_operand_rate_v2_final_normalization_session02_BCA_normalization_fp16_scalar_b0_r2_control_1785246300754,20,183040.10956627299,183040.110981659,183040.11027396598,0.0014153860101941973,5.0678337079880293,10360989050,true,true,5dff3859ad319cb37301e68cfc6fde00723e3a42110ca93adb44c05e97098167
softmax_whole_stage_atc_trace_v1,softmax_whole_stage_operand_rate_atc,softmax_whole_stage_operand_rate_atc_v2,20260728_operand_rate_v2_final_normalization_session02_BCA,normalization,fp16_scalar,20260728_operand_rate_v2_final_normalization_session02_BCA_normalization_fp16_scalar,0,2,20260728_operand_rate_v2_final_normalization_session02_BCA_normalization_fp16_scalar_b0_r2_control,control,control,20260728_operand_rate_v2_final_normalization_session02_BCA_normalization_fp16_scalar_b0_r2_control_1785246300754,21,183040.36278156101,183040.364162824,183040.36347219249,0.0013812629913445562,5.3210319344943855,10361050168,true,true,5dff3859ad319cb37301e68cfc6fde00723e3a42110ca93adb44c05e97098167
softmax_whole_stage_atc_trace_v1,softmax_whole_stage_operand_rate_atc,softmax_whole_stage_operand_rate_atc_v2,20260728_operand_rate_v2_final_normalization_session02_BCA,normalization,fp16_scalar,20260728_operand_rate_v2_final_normalization_session02_BCA_normalization_fp16_scalar,0,2,20260728_operand_rate_v2_final_normalization_session02_BCA_normalization_fp16_scalar_b0_r2_control,control,control,20260728_operand_rate_v2_final_normalization_session02_BCA_normalization_fp16_scalar_b0_r2_control_1785246300754,22,183040.61622933901,183040.61759601999,183040.61691267951,0.0013666809827554971,5.5744724215182941,10361113446,true,true,5dff3859ad319cb37301e68cfc6fde00723e3a42110ca93adb44c05e97098167
softmax_whole_stage_atc_trace_v1,softmax_whole_stage_operand_rate_atc,softmax_whole_stage_operand_rate_atc_v2,20260728_operand_rate_v2_final_normalization_session02_BCA,normalization,fp16_scalar,20260728_operand_rate_v2_final_normalization_session02_BCA_normalization_fp16_scalar,0,2,20260728_operand_rate_v2_final_normalization_session02_BCA_normalization_fp16_scalar_b0_r2_control,control,control,20260728_operand_rate_v2_final_normalization_session02_BCA_normalization_fp16_scalar_b0_r2_control_1785246300754,23,183040.86969848201,183040.87131972599,183040.87050910399,0.001621243980480358,5.8280688459926751,10361156582,true,true,5dff3859ad319cb37301e68cfc6fde00723e3a42110ca93adb44c05e97098167
softmax_whole_stage_atc_trace_v1,softmax_whole_stage_operand_rate_atc,softmax_whole_stage_operand_rate_atc_v2,20260728_operand_rate_v2_final_normalization_session02_BCA,normalization,fp16_scalar,20260728_operand_rate_v2_final_normalization_session02_BCA_normalization_fp16_scalar,0,2,20260728_operand_rate_v2_final_normalization_session02_BCA_normalization_fp16_scalar_b0_r2_control,control,control,20260728_operand_rate_v2_final_normalization_session02_BCA_normalization_fp16_scalar_b0_r2_control_1785246300754,24,183041.12344932501,183041.12480699399,183041.12412815948,0.0013576689816545695,6.0816879014892038,10361219578,true,true,5dff3859ad319cb37301e68cfc6fde00723e3a42110ca93adb44c05e97098167
softmax_whole_stage_atc_trace_v1,softmax_whole_stage_operand_rate_atc,softmax_whole_stage_operand_rate_atc_v2,20260728_operand_rate_v2_final_normalization_session02_BCA,normalization,fp16_scalar,20260728_operand_rate_v2_final_normalization_session02_BCA_normalization_fp16_scalar,0,2,20260728_operand_rate_v2_final_normalization_session02_BCA_normalization_fp16_scalar_b0_r2_control,control,control,20260728_operand_rate_v2_final_normalization_session02_BCA_normalization_fp16_scalar_b0_r2_control_1785246300754,25,183041.37697618501,183041.37847399601,183041.37772509051,0.0014978109975345433,6.3352848325157538,10361262551,true,true,5dff3859ad319cb37301e68cfc6fde00723e3a42110ca93adb44c05e97098167
softmax_whole_stage_atc_trace_v1,softmax_whole_stage_operand_rate_atc,softmax_whole_stage_operand_rate_atc_v2,20260728_operand_rate_v2_final_normalization_session02_BCA,normalization,fp16_scalar,20260728_operand_rate_v2_final_normalization_session02_BCA_normalization_fp16_scalar,0,2,20260728_operand_rate_v2_final_normalization_session02_BCA_normalization_fp16_scalar_b0_r2_control,control,control,20260728_operand_rate_v2_final_normalization_session02_BCA_normalization_fp16_scalar_b0_r2_control_1785246300754,26,183041.63066202,183041.63651656499,183041.6335892925,0.0058545449865050614,6.5911490345024504,10361325193,true,true,5dff3859ad319cb37301e68cfc6fde00723e3a42110ca93adb44c05e97098167
softmax_whole_stage_atc_trace_v1,softmax_whole_stage_operand_rate_atc,softmax_whole_stage_operand_rate_atc_v2,20260728_operand_rate_v2_final_normalization_session02_BCA,normalization,fp16_scalar,20260728_operand_rate_v2_final_normalization_session02_BCA_normalization_fp16_scalar,0,2,20260728_operand_rate_v2_final_normalization_session02_BCA_normalization_fp16_scalar_b0_r2_control,control,control,20260728_operand_rate_v2_final_normalization_session02_BCA_normalization_fp16_scalar_b0_r2_control_1785246300754,27,183041.88883632701,183041.89030872201,183041.88957252452,0.0014723950007464737,6.8471322665282059,10361367354,true,true,5dff3859ad319cb37301e68cfc6fde00723e3a42110ca93adb44c05e97098167
softmax_whole_stage_atc_trace_v1,softmax_whole_stage_operand_rate_atc,softmax_whole_stage_operand_rate_atc_v2,20260728_operand_rate_v2_final_normalization_session02_BCA,normalization,fp16_scalar,20260728_operand_rate_v2_final_normalization_session02_BCA_normalization_fp16_scalar,0,2,20260728_operand_rate_v2_final_normalization_session02_BCA_normalization_fp16_scalar_b0_r2_control,control,control,20260728_operand_rate_v2_final_normalization_session02_BCA_normalization_fp16_scalar_b0_r2_control_1785246300754,28,183042.142614307,183042.14402625099,183042.14332027899,0.0014119439874775708,7.1008800209965557,10361428829,true,true,5dff3859ad319cb37301e68cfc6fde00723e3a42110ca93adb44c05e97098167
softmax_whole_stage_atc_trace_v1,softmax_whole_stage_operand_rate_atc,softmax_whole_stage_operand_rate_atc_v2,20260728_operand_rate_v2_final_normalization_session02_BCA,normalization,fp16_scalar,20260728_operand_rate_v2_final_normalization_session02_BCA_normalization_fp16_scalar,0,2,20260728_operand_rate_v2_final_normalization_session02_BCA_normalization_fp16_scalar_b0_r2_control,control,control,20260728_operand_rate_v2_final_normalization_session02_BCA_normalization_fp16_scalar_b0_r2_control_1785246300754,29,183042.39638064301,183042.39781648401,183042.3970985635,0.0014358409971464425,7.3546583054994699,10361470701,true,true,5dff3859ad319cb37301e68cfc6fde00723e3a42110ca93adb44c05e97098167
softmax_whole_stage_atc_trace_v1,softmax_whole_stage_operand_rate_atc,softmax_whole_stage_operand_rate_atc_v2,20260728_operand_rate_v2_final_normalization_session02_BCA,normalization,fp16_scalar,20260728_operand_rate_v2_final_normalization_session02_BCA_normalization_fp16_scalar,0,2,20260728_operand_rate_v2_final_normalization_session02_BCA_normalization_fp16_scalar_b0_r2_control,control,control,20260728_operand_rate_v2_final_normalization_session02_BCA_normalization_fp16_scalar_b0_r2_control_1785246300754,30,183042.65023547801,183042.65160064099,183042.65091805952,0.0013651629851665348,7.6084778015210759,10361531828,true,true,5dff3859ad319cb37301e68cfc6fde00723e3a42110ca93adb44c05e97098167
softmax_whole_stage_atc_trace_v1,softmax_whole_stage_operand_rate_atc,softmax_whole_stage_operand_rate_atc_v2,20260728_operand_rate_v2_final_normalization_session02_BCA,normalization,fp16_scalar,20260728_operand_rate_v2_final_normalization_session02_BCA_normalization_fp16_scalar,0,2,20260728_operand_rate_v2_final_normalization_session02_BCA_normalization_fp16_scalar_b0_r2_control,control,control,20260728_operand_rate_v2_final_normalization_session02_BCA_normalization_fp16_scalar_b0_r2_control_1785246300754,31,183042.90403634301,183042.905378419,183042.90470738101,0.0013420759933069348,7.8622671230114065,10361573354,true,true,5dff3859ad319cb37301e68cfc6fde00723e3a42110ca93adb44c05e97098167
softmax_whole_stage_atc_trace_v1,softmax_whole_stage_operand_rate_atc,softmax_whole_stage_operand_rate_atc_v2,20260728_operand_rate_v2_final_normalization_session02_BCA,normalization,fp16_scalar,20260728_operand_rate_v2_final_normalization_session02_BCA_normalization_fp16_scalar,0,2,20260728_operand_rate_v2_final_normalization_session02_BCA_normalization_fp16_scalar_b0_r2_control,control,control,20260728_operand_rate_v2_final_normalization_session02_BCA_normalization_fp16_scalar_b0_r2_control_1785246300754,32,183043.157798628,183043.15914151401,183043.15847007101,0.0013428860111162066,8.1160298130125739,10361634203,true,true,5dff3859ad319cb37301e68cfc6fde00723e3a42110ca93adb44c05e97098167
softmax_whole_stage_atc_trace_v1,softmax_whole_stage_operand_rate_atc,softmax_whole_stage_operand_rate_atc_v2,20260728_operand_rate_v2_final_normalization_session02_BCA,normalization,fp16_scalar,20260728_operand_rate_v2_final_normalization_session02_BCA_normalization_fp16_scalar,0,2,20260728_operand_rate_v2_final_normalization_session02_BCA_normalization_fp16_scalar_b0_r2_control,control,control,20260728_operand_rate_v2_final_normalization_session02_BCA_normalization_fp16_scalar_b0_r2_control_1785246300754,33,183043.411633212,183043.41340998901,183043.41252160049,0.0017767770041245967,8.3700813424948137,10361675488,true,true,5dff3859ad319cb37301e68cfc6fde00723e3a42110ca93adb44c05e97098167
softmax_whole_stage_atc_trace_v1,softmax_whole_stage_operand_rate_atc,softmax_whole_stage_operand_rate_atc_v2,20260728_operand_rate_v2_final_normalization_session02_BCA,normalization,fp16_scalar,20260728_operand_rate_v2_final_normalization_session02_BCA_normalization_fp16_scalar,0,2,20260728_operand_rate_v2_final_normalization_session02_BCA_normalization_fp16_scalar_b0_r2_control,control,control,20260728_operand_rate_v2_final_normalization_session02_BCA_normalization_fp16_scalar_b0_r2_control_1785246300754,34,183043.66593852299,183043.66733842299,183043.66663847299,0.0013999000075273216,8.6241982149949763,10361736002,true,true,5dff3859ad319cb37301e68cfc6fde00723e3a42110ca93adb44c05e97098167
softmax_whole_stage_atc_trace_v1,softmax_whole_stage_operand_rate_atc,softmax_whole_stage_operand_rate_atc_v2,20260728_operand_rate_v2_final_normalization_session02_BCA,normalization,fp16_scalar,20260728_operand_rate_v2_final_normalization_session02_BCA_normalization_fp16_scalar,0,2,20260728_operand_rate_v2_final_normalization_session02_BCA_normalization_fp16_scalar_b0_r2_control,control,control,20260728_operand_rate_v2_final_normalization_session02_BCA_normalization_fp16_scalar_b0_r2_control_1785246300754,35,183043.91991223101,183043.92357272701,183043.92174247903,0.003660496004158631,8.8793022210302297,10361776901,true,true,5dff3859ad319cb37301e68cfc6fde00723e3a42110ca93adb44c05e97098167
softmax_whole_stage_atc_trace_v1,softmax_whole_stage_operand_rate_atc,softmax_whole_stage_operand_rate_atc_v2,20260728_operand_rate_v2_final_normalization_session02_BCA,normalization,fp16_scalar,20260728_operand_rate_v2_final_normalization_session02_BCA_normalization_fp16_scalar,0,2,20260728_operand_rate_v2_final_normalization_session02_BCA_normalization_fp16_scalar_b0_r2_control,control,control,20260728_operand_rate_v2_final_normalization_session02_BCA_normalization_fp16_scalar_b0_r2_control_1785246300754,36,183044.17385080201,183044.17539114601,183044.17462097399,0.0015403440047521144,9.1321807159984019,10361840903,true,true,5dff3859ad319cb37301e68cfc6fde00723e3a42110ca93adb44c05e97098167
softmax_whole_stage_atc_trace_v1,softmax_whole_stage_operand_rate_atc,softmax_whole_stage_operand_rate_atc_v2,20260728_operand_rate_v2_final_normalization_session02_BCA,normalization,fp16_scalar,20260728_operand_rate_v2_final_normalization_session02_BCA_normalization_fp16_scalar,0,2,20260728_operand_rate_v2_final_normalization_session02_BCA_normalization_fp16_scalar_b0_r2_control,control,control,20260728_operand_rate_v2_final_normalization_session02_BCA_normalization_fp16_scalar_b0_r2_control_1785246300754,37,183044.42554356001,183044.42994182499,183044.4277426925,0.0043982649804092944,9.3853024345007725,10361881328,true,true,5dff3859ad319cb37301e68cfc6fde00723e3a42110ca93adb44c05e97098167
softmax_whole_stage_atc_trace_v1,softmax_whole_stage_operand_rate_atc,softmax_whole_stage_operand_rate_atc_v2,20260728_operand_rate_v2_final_normalization_session02_BCA,normalization,fp16_scalar,20260728_operand_rate_v2_final_normalization_session02_BCA_normalization_fp16_scalar,0,2,20260728_operand_rate_v2_final_normalization_session02_BCA_normalization_fp16_scalar_b0_r2_control,control,control,20260728_operand_rate_v2_final_normalization_session02_BCA_normalization_fp16_scalar_b0_r2_control_1785246300754,38,183044.68265243401,183044.68404696599,183044.6833497,0.0013945319806225598,9.6409094420087058,10361945275,true,true,5dff3859ad319cb37301e68cfc6fde00723e3a42110ca93adb44c05e97098167
softmax_whole_stage_atc_trace_v1,softmax_whole_stage_operand_rate_atc,softmax_whole_stage_operand_rate_atc_v2,20260728_operand_rate_v2_final_normalization_session02_BCA,normalization,fp16_scalar,20260728_operand_rate_v2_final_normalization_session02_BCA_normalization_fp16_scalar,0,2,20260728_operand_rate_v2_final_normalization_session02_BCA_normalization_fp16_scalar_b0_r2_control,control,control,20260728_operand_rate_v2_final_normalization_session02_BCA_normalization_fp16_scalar_b0_r2_control_1785246300754,39,183044.93662219201,183044.93805084901,183044.93733652052,0.0014286570076365024,9.8948962625290733,10361985156,true,true,5dff3859ad319cb37301e68cfc6fde00723e3a42110ca93adb44c05e97098167
softmax_whole_stage_atc_trace_v1,softmax_whole_stage_operand_rate_atc,softmax_whole_stage_operand_rate_atc_v2,20260728_operand_rate_v2_final_normalization_session02_BCA,normalization,fp16_scalar,20260728_operand_rate_v2_final_normalization_session02_BCA_normalization_fp16_scalar,0,2,20260728_operand_rate_v2_final_normalization_session02_BCA_normalization_fp16_scalar_b0_r2_control,control,control,20260728_operand_rate_v2_final_normalization_session02_BCA_normalization_fp16_scalar_b0_r2_control_1785246300754,40,183045.190827174,183045.19224874201,183045.19153795799,0.001421568013029173,10.149097699992126,10362048606,true,true,5dff3859ad319cb37301e68cfc6fde00723e3a42110ca93adb44c05e97098167
softmax_whole_stage_atc_trace_v1,softmax_whole_stage_operand_rate_atc,softmax_whole_stage_operand_rate_atc_v2,20260728_operand_rate_v2_final_normalization_session02_BCA,normalization,fp16_scalar,20260728_operand_rate_v2_final_normalization_session02_BCA_normalization_fp16_scalar,0,2,20260728_operand_rate_v2_final_normalization_session02_BCA_normalization_fp16_scalar_b0_r2_control,control,control,20260728_operand_rate_v2_final_normalization_session02_BCA_normalization_fp16_scalar_b0_r2_control_1785246300754,41,183045.44477678201,183045.44627216799,183045.44552447501,0.0014953859790693969,10.403084217017749,10362088024,true,true,5dff3859ad319cb37301e68cfc6fde00723e3a42110ca93adb44c05e97098167
softmax_whole_stage_atc_trace_v1,softmax_whole_stage_operand_rate_atc,softmax_whole_stage_operand_rate_atc_v2,20260728_operand_rate_v2_final_normalization_session02_BCA,normalization,fp16_scalar,20260728_operand_rate_v2_final_normalization_session02_BCA_normalization_fp16_scalar,0,2,20260728_operand_rate_v2_final_normalization_session02_BCA_normalization_fp16_scalar_b0_r2_control,control,control,20260728_operand_rate_v2_final_normalization_session02_BCA_normalization_fp16_scalar_b0_r2_control_1785246300754,42,183045.69913284201,183045.70056018201,183045.699846512,0.0014273400011006743,10.657406254002126,10362151033,true,true,5dff3859ad319cb37301e68cfc6fde00723e3a42110ca93adb44c05e97098167
softmax_whole_stage_atc_trace_v1,softmax_whole_stage_operand_rate_atc,softmax_whole_stage_operand_rate_atc_v2,20260728_operand_rate_v2_final_normalization_session02_BCA,normalization,fp16_scalar,20260728_operand_rate_v2_final_normalization_session02_BCA_normalization_fp16_scalar,0,2,20260728_operand_rate_v2_final_normalization_session02_BCA_normalization_fp16_scalar_b0_r2_control,control,control,20260728_operand_rate_v2_final_normalization_session02_BCA_normalization_fp16_scalar_b0_r2_control_1785246300754,43,183045.95303252901,183045.95459271999,183045.9538126245,0.001560190983582288,10.911372366506839,10362189951,true,true,5dff3859ad319cb37301e68cfc6fde00723e3a42110ca93adb44c05e97098167
softmax_whole_stage_atc_trace_v1,softmax_whole_stage_operand_rate_atc,softmax_whole_stage_operand_rate_atc_v2,20260728_operand_rate_v2_final_normalization_session02_BCA,normalization,fp16_scalar,20260728_operand_rate_v2_final_normalization_session02_BCA_normalization_fp16_scalar,0,2,20260728_operand_rate_v2_final_normalization_session02_BCA_normalization_fp16_scalar_b0_r2_control,control,control,20260728_operand_rate_v2_final_normalization_session02_BCA_normalization_fp16_scalar_b0_r2_control_1785246300754,44,183046.207546755,183046.21129726901,183046.20942201201,0.003750514006242156,11.166981754009612,10362252386,true,true,5dff3859ad319cb37301e68cfc6fde00723e3a42110ca93adb44c05e97098167
softmax_whole_stage_atc_trace_v1,softmax_whole_stage_operand_rate_atc,softmax_whole_stage_operand_rate_atc_v2,20260728_operand_rate_v2_final_normalization_session02_BCA,normalization,fp16_scalar,20260728_operand_rate_v2_final_normalization_session02_BCA_normalization_fp16_scalar,0,2,20260728_operand_rate_v2_final_normalization_session02_BCA_normalization_fp16_scalar_b0_r2_control,control,control,20260728_operand_rate_v2_final_normalization_session02_BCA_normalization_fp16_scalar_b0_r2_control_1785246300754,45,183046.46372435399,183046.46511321599,183046.46441878501,0.0013888620014768094,11.421978527010651,10362294637,true,true,5dff3859ad319cb37301e68cfc6fde00723e3a42110ca93adb44c05e97098167
softmax_whole_stage_atc_trace_v1,softmax_whole_stage_operand_rate_atc,softmax_whole_stage_operand_rate_atc_v2,20260728_operand_rate_v2_final_normalization_session02_BCA,normalization,fp16_scalar,20260728_operand_rate_v2_final_normalization_session02_BCA_normalization_fp16_scalar,0,2,20260728_operand_rate_v2_final_normalization_session02_BCA_normalization_fp16_scalar_b0_r2_control,control,control,20260728_operand_rate_v2_final_normalization_session02_BCA_normalization_fp16_scalar_b0_r2_control_1785246300754,46,183046.71770069399,183046.71900784,183046.71835426701,0.0013071460125502199,11.675914009014377,10362356262,true,true,5dff3859ad319cb37301e68cfc6fde00723e3a42110ca93adb44c05e97098167
softmax_whole_stage_atc_trace_v1,softmax_whole_stage_operand_rate_atc,softmax_whole_stage_operand_rate_atc_v2,20260728_operand_rate_v2_final_normalization_session02_BCA,normalization,fp16_scalar,20260728_operand_rate_v2_final_normalization_session02_BCA_normalization_fp16_scalar,0,2,20260728_operand_rate_v2_final_normalization_session02_BCA_normalization_fp16_scalar_b0_r2_control,control,control,20260728_operand_rate_v2_final_normalization_session02_BCA_normalization_fp16_scalar_b0_r2_control_1785246300754,47,183046.971424394,183046.97284555799,183046.97213497601,0.0014211639936547726,11.929694718011888,10362398272,true,true,5dff3859ad319cb37301e68cfc6fde00723e3a42110ca93adb44c05e97098167
softmax_whole_stage_atc_trace_v1,softmax_whole_stage_operand_rate_atc,softmax_whole_stage_operand_rate_atc_v2,20260728_operand_rate_v2_final_normalization_session02_BCA,normalization,fp16_scalar,20260728_operand_rate_v2_final_normalization_session02_BCA_normalization_fp16_scalar,0,2,20260728_operand_rate_v2_final_normalization_session02_BCA_normalization_fp16_scalar_b0_r2_control,control,control,20260728_operand_rate_v2_final_normalization_session02_BCA_normalization_fp16_scalar_b0_r2_control_1785246300754,48,183047.225997653,183047.22741841199,183047.22670803248,0.0014207589847501367,12.184267774486216,10362459599,true,true,5dff3859ad319cb37301e68cfc6fde00723e3a42110ca93adb44c05e97098167
softmax_whole_stage_atc_trace_v1,softmax_whole_stage_operand_rate_atc,softmax_whole_stage_operand_rate_atc_v2,20260728_operand_rate_v2_final_normalization_session02_BCA,normalization,fp16_scalar,20260728_operand_rate_v2_final_normalization_session02_BCA_normalization_fp16_scalar,0,2,20260728_operand_rate_v2_final_normalization_session02_BCA_normalization_fp16_scalar_b0_r2_control,control,control,20260728_operand_rate_v2_final_normalization_session02_BCA_normalization_fp16_scalar_b0_r2_control_1785246300754,49,183047.47978342499,183047.48117664101,183047.480480033,0.0013932160218246281,12.438039775006473,10362501151,true,true,5dff3859ad319cb37301e68cfc6fde00723e3a42110ca93adb44c05e97098167
softmax_whole_stage_atc_trace_v1,softmax_whole_stage_operand_rate_atc,softmax_whole_stage_operand_rate_atc_v2,20260728_operand_rate_v2_final_normalization_session02_BCA,normalization,fp16_scalar,20260728_operand_rate_v2_final_normalization_session02_BCA_normalization_fp16_scalar,0,2,20260728_operand_rate_v2_final_normalization_session02_BCA_normalization_fp16_scalar_b0_r2_control,control,control,20260728_operand_rate_v2_final_normalization_session02_BCA_normalization_fp16_scalar_b0_r2_control_1785246300754,50,183047.734449943,183047.73578888501,183047.73511941399,0.0013389420055318624,12.692679155996302,10362562067,true,true,5dff3859ad319cb37301e68cfc6fde00723e3a42110ca93adb44c05e97098167
softmax_whole_stage_atc_trace_v1,softmax_whole_stage_operand_rate_atc,softmax_whole_stage_operand_rate_atc_v2,20260728_operand_rate_v2_final_normalization_session02_BCA,normalization,fp16_scalar,20260728_operand_rate_v2_final_normalization_session02_BCA_normalization_fp16_scalar,0,2,20260728_operand_rate_v2_final_normalization_session02_BCA_normalization_fp16_scalar_b0_r2_control,control,control,20260728_operand_rate_v2_final_normalization_session02_BCA_normalization_fp16_scalar_b0_r2_control_1785246300754,51,183047.98810468701,183047.99286049599,183047.9904825915,0.0047558089718222618,12.948042333504418,10362603141,true,true,5dff3859ad319cb37301e68cfc6fde00723e3a42110ca93adb44c05e97098167
softmax_whole_stage_atc_trace_v1,softmax_whole_stage_operand_rate_atc,softmax_whole_stage_operand_rate_atc_v2,20260728_operand_rate_v2_final_normalization_session02_BCA,normalization,fp16_scalar,20260728_operand_rate_v2_final_normalization_session02_BCA_normalization_fp16_scalar,0,2,20260728_operand_rate_v2_final_normalization_session02_BCA_normalization_fp16_scalar_b0_r2_control,control,control,20260728_operand_rate_v2_final_normalization_session02_BCA_normalization_fp16_scalar_b0_r2_control_1785246300754,52,183048.24408392,183048.245463264,183048.24477359198,0.001379344001179561,13.202333333989372,10362667168,true,false,5dff3859ad319cb37301e68cfc6fde00723e3a42110ca93adb44c05e97098167
softmax_whole_stage_atc_trace_v1,softmax_whole_stage_operand_rate_atc,softmax_whole_stage_operand_rate_atc_v2,20260728_operand_rate_v2_final_normalization_session02_BCA,normalization,fp16_scalar,20260728_operand_rate_v2_final_normalization_session02_BCA_normalization_fp16_scalar,0,2,20260728_operand_rate_v2_final_normalization_session02_BCA_normalization_fp16_scalar_b0_r2_control,control,control,20260728_operand_rate_v2_final_normalization_session02_BCA_normalization_fp16_scalar_b0_r2_control_1785246300754,53,183048.49779324199,183048.49928984299,183048.4985415425,0.0014966010057833046,13.456101284507895,10362707484,true,false,5dff3859ad319cb37301e68cfc6fde00723e3a42110ca93adb44c05e97098167
softmax_whole_stage_atc_trace_v1,softmax_whole_stage_operand_rate_atc,softmax_whole_stage_operand_rate_atc_v2,20260728_operand_rate_v2_final_normalization_session02_BCA,normalization,fp16_scalar,20260728_operand_rate_v2_final_normalization_session02_BCA_normalization_fp16_scalar,0,2,20260728_operand_rate_v2_final_normalization_session02_BCA_normalization_fp16_scalar_b0_r2_control,control,control,20260728_operand_rate_v2_final_normalization_session02_BCA_normalization_fp16_scalar_b0_r2_control_1785246300754,54,183048.752611851,183048.754106426,183048.7533591385,0.00149457500083372,13.710918880504323,10362758872,true,false,5dff3859ad319cb37301e68cfc6fde00723e3a42110ca93adb44c05e97098167
softmax_whole_stage_atc_trace_v1,softmax_whole_stage_operand_rate_atc,softmax_whole_stage_operand_rate_atc_v2,20260728_operand_rate_v2_final_normalization_session02_BCA,normalization,fp16_scalar,20260728_operand_rate_v2_final_normalization_session02_BCA_normalization_fp16_scalar,0,2,20260728_operand_rate_v2_final_normalization_session02_BCA_normalization_fp16_scalar_b0_r2_control,control,control,20260728_operand_rate_v2_final_normalization_session02_BCA_normalization_fp16_scalar_b0_r2_control_1785246300754,55,183048.75411229901,183048.75548850399,183048.75480040151,0.0013762049784418195,13.71236014351598,10362758872,false,false,5dff3859ad319cb37301e68cfc6fde00723e3a42110ca93adb44c05e97098167
softmax_whole_stage_atc_trace_v1,softmax_whole_stage_operand_rate_atc,softmax_whole_stage_operand_rate_atc_v2,20260728_operand_rate_v2_final_normalization_session02_BCA,normalization,fp16_scalar,20260728_operand_rate_v2_final_normalization_session02_BCA_normalization_fp16_scalar,1,0,20260728_operand_rate_v2_final_normalization_session02_BCA_normalization_fp16_scalar_b1_r0_treatment,treatment,treatment,20260728_operand_rate_v2_final_normalization_session02_BCA_normalization_fp16_scalar_b1_r0_treatment_1785246315502,0,183049.780713902,183049.78188951401,183049.78130170802,0.0011756120075006038,0.00060198202845640481,10362889263,false,false,5dff3859ad319cb37301e68cfc6fde00723e3a42110ca93adb44c05e97098167
softmax_whole_stage_atc_trace_v1,softmax_whole_stage_operand_rate_atc,softmax_whole_stage_operand_rate_atc_v2,20260728_operand_rate_v2_final_normalization_session02_BCA,normalization,fp16_scalar,20260728_operand_rate_v2_final_normalization_session02_BCA_normalization_fp16_scalar,1,0,20260728_operand_rate_v2_final_normalization_session02_BCA_normalization_fp16_scalar_b1_r0_treatment,treatment,treatment,20260728_operand_rate_v2_final_normalization_session02_BCA_normalization_fp16_scalar_b1_r0_treatment_1785246315502,1,183050.03225315199,183050.03358774001,183050.03292044601,0.0013345880142878741,0.25222072002361529,10362946433,true,false,5dff3859ad319cb37301e68cfc6fde00723e3a42110ca93adb44c05e97098167
softmax_whole_stage_atc_trace_v1,softmax_whole_stage_operand_rate_atc,softmax_whole_stage_operand_rate_atc_v2,20260728_operand_rate_v2_final_normalization_session02_BCA,normalization,fp16_scalar,20260728_operand_rate_v2_final_normalization_session02_BCA_normalization_fp16_scalar,1,0,20260728_operand_rate_v2_final_normalization_session02_BCA_normalization_fp16_scalar_b1_r0_treatment,treatment,treatment,20260728_operand_rate_v2_final_normalization_session02_BCA_normalization_fp16_scalar_b1_r0_treatment_1785246315502,2,183050.28584167201,183050.287312959,183050.28657731551,0.0014712869888171554,0.50587758951587602,10362989243,true,false,5dff3859ad319cb37301e68cfc6fde00723e3a42110ca93adb44c05e97098167
softmax_whole_stage_atc_trace_v1,softmax_whole_stage_operand_rate_atc,softmax_whole_stage_operand_rate_atc_v2,20260728_operand_rate_v2_final_normalization_session02_BCA,normalization,fp16_scalar,20260728_operand_rate_v2_final_normalization_session02_BCA_normalization_fp16_scalar,1,0,20260728_operand_rate_v2_final_normalization_session02_BCA_normalization_fp16_scalar_b1_r0_treatment,treatment,treatment,20260728_operand_rate_v2_final_normalization_session02_BCA_normalization_fp16_scalar_b1_r0_treatment_1785246315502,3,183050.539682731,183050.54449939699,183050.54209106398,0.0048166659835260361,0.76139133799006231,10363051897,true,true,5dff3859ad319cb37301e68cfc6fde00723e3a42110ca93adb44c05e97098167
softmax_whole_stage_atc_trace_v1,softmax_whole_stage_operand_rate_atc,softmax_whole_stage_operand_rate_atc_v2,20260728_operand_rate_v2_final_normalization_session02_BCA,normalization,fp16_scalar,20260728_operand_rate_v2_final_normalization_session02_BCA_normalization_fp16_scalar,1,0,20260728_operand_rate_v2_final_normalization_session02_BCA_normalization_fp16_scalar_b1_r0_treatment,treatment,treatment,20260728_operand_rate_v2_final_normalization_session02_BCA_normalization_fp16_scalar_b1_r0_treatment_1785246315502,4,183050.79708252099,183050.79861739799,183050.79784995949,0.0015348769957199693,1.0171502334997058,10363094230,true,true,5dff3859ad319cb37301e68cfc6fde00723e3a42110ca93adb44c05e97098167
softmax_whole_stage_atc_trace_v1,softmax_whole_stage_operand_rate_atc,softmax_whole_stage_operand_rate_atc_v2,20260728_operand_rate_v2_final_normalization_session02_BCA,normalization,fp16_scalar,20260728_operand_rate_v2_final_normalization_session02_BCA_normalization_fp16_scalar,1,0,20260728_operand_rate_v2_final_normalization_session02_BCA_normalization_fp16_scalar_b1_r0_treatment,treatment,treatment,20260728_operand_rate_v2_final_normalization_session02_BCA_normalization_fp16_scalar_b1_r0_treatment_1785246315502,5,183051.05193505099,183051.05327500499,183051.05260502797,0.0013399540039245039,1.2719053019827697,10363155946,true,true,5dff3859ad319cb37301e68cfc6fde00723e3a42110ca93adb44c05e97098167
softmax_whole_stage_atc_trace_v1,softmax_whole_stage_operand_rate_atc,softmax_whole_stage_operand_rate_atc_v2,20260728_operand_rate_v2_final_normalization_session02_BCA,normalization,fp16_scalar,20260728_operand_rate_v2_final_normalization_session02_BCA_normalization_fp16_scalar,1,0,20260728_operand_rate_v2_final_normalization_session02_BCA_normalization_fp16_scalar_b1_r0_treatment,treatment,treatment,20260728_operand_rate_v2_final_normalization_session02_BCA_normalization_fp16_scalar_b1_r0_treatment_1785246315502,6,183051.30659417799,183051.308029112,183051.30731164501,0.0014349340053740889,1.5266119190200698,10363197750,true,true,5dff3859ad319cb37301e68cfc6fde00723e3a42110ca93adb44c05e97098167
softmax_whole_stage_atc_trace_v1,softmax_whole_stage_operand_rate_atc,softmax_whole_stage_operand_rate_atc_v2,20260728_operand_rate_v2_final_normalization_session02_BCA,normalization,fp16_scalar,20260728_operand_rate_v2_final_normalization_session02_BCA_normalization_fp16_scalar,1,0,20260728_operand_rate_v2_final_normalization_session02_BCA_normalization_fp16_scalar_b1_r0_treatment,treatment,treatment,20260728_operand_rate_v2_final_normalization_session02_BCA_normalization_fp16_scalar_b1_r0_treatment_1785246315502,7,183051.56075752,183051.562147788,183051.56145265402,0.0013902680075261742,1.780752928025322,10363258777,true,true,5dff3859ad319cb37301e68cfc6fde00723e3a42110ca93adb44c05e97098167
softmax_whole_stage_atc_trace_v1,softmax_whole_stage_operand_rate_atc,softmax_whole_stage_operand_rate_atc_v2,20260728_operand_rate_v2_final_normalization_session02_BCA,normalization,fp16_scalar,20260728_operand_rate_v2_final_normalization_session02_BCA_normalization_fp16_scalar,1,0,20260728_operand_rate_v2_final_normalization_session02_BCA_normalization_fp16_scalar_b1_r0_treatment,treatment,treatment,20260728_operand_rate_v2_final_normalization_session02_BCA_normalization_fp16_scalar_b1_r0_treatment_1785246315502,8,183051.81252480301,183051.81395921999,183051.8132420115,0.001434416975826025,2.0325422855094075,10363300031,true,true,5dff3859ad319cb37301e68cfc6fde00723e3a42110ca93adb44c05e97098167
softmax_whole_stage_atc_trace_v1,softmax_whole_stage_operand_rate_atc,softmax_whole_stage_operand_rate_atc_v2,20260728_operand_rate_v2_final_normalization_session02_BCA,normalization,fp16_scalar,20260728_operand_rate_v2_final_normalization_session02_BCA_normalization_fp16_scalar,1,0,20260728_operand_rate_v2_final_normalization_session02_BCA_normalization_fp16_scalar_b1_r0_treatment,treatment,treatment,20260728_operand_rate_v2_final_normalization_session02_BCA_normalization_fp16_scalar_b1_r0_treatment_1785246315502,9,183052.06459180999,183052.06597701501,183052.0652844125,0.0013852050178684294,2.2845846865093336,10363361263,true,true,5dff3859ad319cb37301e68cfc6fde00723e3a42110ca93adb44c05e97098167
softmax_whole_stage_atc_trace_v1,softmax_whole_stage_operand_rate_atc,softmax_whole_stage_operand_rate_atc_v2,20260728_operand_rate_v2_final_normalization_session02_BCA,normalization,fp16_scalar,20260728_operand_rate_v2_final_normalization_session02_BCA_normalization_fp16_scalar,1,0,20260728_operand_rate_v2_final_normalization_session02_BCA_normalization_fp16_scalar_b1_r0_treatment,treatment,treatment,20260728_operand_rate_v2_final_normalization_session02_BCA_normalization_fp16_scalar_b1_r0_treatment_1785246315502,10,183052.31838546199,183052.319919414,183052.31915243799,0.0015339520177803934,2.538452712004073,10363403111,true,true,5dff3859ad319cb37301e68cfc6fde00723e3a42110ca93adb44c05e97098167
softmax_whole_stage_atc_trace_v1,softmax_whole_stage_operand_rate_atc,softmax_whole_stage_operand_rate_atc_v2,20260728_operand_rate_v2_final_normalization_session02_BCA,normalization,fp16_scalar,20260728_operand_rate_v2_final_normalization_session02_BCA_normalization_fp16_scalar,1,0,20260728_operand_rate_v2_final_normalization_session02_BCA_normalization_fp16_scalar_b1_r0_treatment,treatment,treatment,20260728_operand_rate_v2_final_normalization_session02_BCA_normalization_fp16_scalar_b1_r0_treatment_1785246315502,11,183052.57290584,183052.574215912,183052.57356087602,0.0013100719952490181,2.7928611500246916,10363464416,true,true,5dff3859ad319cb37301e68cfc6fde00723e3a42110ca93adb44c05e97098167
softmax_whole_stage_atc_trace_v1,softmax_whole_stage_operand_rate_atc,softmax_whole_stage_operand_rate_atc_v2,20260728_operand_rate_v2_final_normalization_session02_BCA,normalization,fp16_scalar,20260728_operand_rate_v2_final_normalization_session02_BCA_normalization_fp16_scalar,1,0,20260728_operand_rate_v2_final_normalization_session02_BCA_normalization_fp16_scalar_b1_r0_treatment,treatment,treatment,20260728_operand_rate_v2_final_normalization_session02_BCA_normalization_fp16_scalar_b1_r0_treatment_1785246315502,12,183052.826524317,183052.83179670299,183052.82916050998,0.0052723859844263643,3.0484607839898672,10363505735,true,true,5dff3859ad319cb37301e68cfc6fde00723e3a42110ca93adb44c05e97098167
softmax_whole_stage_atc_trace_v1,softmax_whole_stage_operand_rate_atc,softmax_whole_stage_operand_rate_atc_v2,20260728_operand_rate_v2_final_normalization_session02_BCA,normalization,fp16_scalar,20260728_operand_rate_v2_final_normalization_session02_BCA_normalization_fp16_scalar,1,0,20260728_operand_rate_v2_final_normalization_session02_BCA_normalization_fp16_scalar_b1_r0_treatment,treatment,treatment,20260728_operand_rate_v2_final_normalization_session02_BCA_normalization_fp16_scalar_b1_r0_treatment_1785246315502,13,183053.08238018301,183053.083734707,183053.08305744501,0.0013545239926315844,3.3023577190178912,10363570038,true,true,5dff3859ad319cb37301e68cfc6fde00723e3a42110ca93adb44c05e97098167
softmax_whole_stage_atc_trace_v1,softmax_whole_stage_operand_rate_atc,softmax_whole_stage_operand_rate_atc_v2,20260728_operand_rate_v2_final_normalization_session02_BCA,normalization,fp16_scalar,20260728_operand_rate_v2_final_normalization_session02_BCA_normalization_fp16_scalar,1,0,20260728_operand_rate_v2_final_normalization_session02_BCA_normalization_fp16_scalar_b1_r0_treatment,treatment,treatment,20260728_operand_rate_v2_final_normalization_session02_BCA_normalization_fp16_scalar_b1_r0_treatment_1785246315502,14,183053.33698642801,183053.338368089,183053.3376772585,0.001381660986226052,3.556977532512974,10363610672,true,true,5dff3859ad319cb37301e68cfc6fde00723e3a42110ca93adb44c05e97098167
softmax_whole_stage_atc_trace_v1,softmax_whole_stage_operand_rate_atc,softmax_whole_stage_operand_rate_atc_v2,20260728_operand_rate_v2_final_normalization_session02_BCA,normalization,fp16_scalar,20260728_operand_rate_v2_final_normalization_session02_BCA_normalization_fp16_scalar,1,0,20260728_operand_rate_v2_final_normalization_session02_BCA_normalization_fp16_scalar_b1_r0_treatment,treatment,treatment,20260728_operand_rate_v2_final_normalization_session02_BCA_normalization_fp16_scalar_b1_r0_treatment_1785246315502,15,183053.59156492801,183053.59302557001,183053.59229524899,0.0014606420008931309,3.8115955230023246,10363674837,true,true,5dff3859ad319cb37301e68cfc6fde00723e3a42110ca93adb44c05e97098167
softmax_whole_stage_atc_trace_v1,softmax_whole_stage_operand_rate_atc,softmax_whole_stage_operand_rate_atc_v2,20260728_operand_rate_v2_final_normalization_session02_BCA,normalization,fp16_scalar,20260728_operand_rate_v2_final_normalization_session02_BCA_normalization_fp16_scalar,1,0,20260728_operand_rate_v2_final_normalization_session02_BCA_normalization_fp16_scalar_b1_r0_treatment,treatment,treatment,20260728_operand_rate_v2_final_normalization_session02_BCA_normalization_fp16_scalar_b1_r0_treatment_1785246315502,16,183053.84353371401,183053.845031417,183053.84428256552,0.0014977029932197183,4.0635828395315912,10363714720,true,true,5dff3859ad319cb37301e68cfc6fde00723e3a42110ca93adb44c05e97098167
softmax_whole_stage_atc_trace_v1,softmax_whole_stage_operand_rate_atc,softmax_whole_stage_operand_rate_atc_v2,20260728_operand_rate_v2_final_normalization_session02_BCA,normalization,fp16_scalar,20260728_operand_rate_v2_final_normalization_session02_BCA_normalization_fp16_scalar,1,0,20260728_operand_rate_v2_final_normalization_session02_BCA_normalization_fp16_scalar_b1_r0_treatment,treatment,treatment,20260728_operand_rate_v2_final_normalization_session02_BCA_normalization_fp16_scalar_b1_r0_treatment_1785246315502,17,183054.098354524,183054.09979208,183054.099073302,0.0014375559985637665,4.3183735760103446,10363778777,true,true,5dff3859ad319cb37301e68cfc6fde00723e3a42110ca93adb44c05e97098167
softmax_whole_stage_atc_trace_v1,softmax_whole_stage_operand_rate_atc,softmax_whole_stage_operand_rate_atc_v2,20260728_operand_rate_v2_final_normalization_session02_BCA,normalization,fp16_scalar,20260728_operand_rate_v2_final_normalization_session02_BCA_normalization_fp16_scalar,1,0,20260728_operand_rate_v2_final_normalization_session02_BCA_normalization_fp16_scalar_b1_r0_treatment,treatment,treatment,20260728_operand_rate_v2_final_normalization_session02_BCA_normalization_fp16_scalar_b1_r0_treatment_1785246315502,18,183054.35078970401,183054.352222905,183054.35150630452,0.0014332009886857122,4.5708065785293002,10363818498,true,true,5dff3859ad319cb37301e68cfc6fde00723e3a42110ca93adb44c05e97098167
softmax_whole_stage_atc_trace_v1,softmax_whole_stage_operand_rate_atc,softmax_whole_stage_operand_rate_atc_v2,20260728_operand_rate_v2_final_normalization_session02_BCA,normalization,fp16_scalar,20260728_operand_rate_v2_final_normalization_session02_BCA_normalization_fp16_scalar,1,0,20260728_operand_rate_v2_final_normalization_session02_BCA_normalization_fp16_scalar_b1_r0_treatment,treatment,treatment,20260728_operand_rate_v2_final_normalization_session02_BCA_normalization_fp16_scalar_b1_r0_treatment_1785246315502,19,183054.60546146199,183054.60685729899,183054.60615938049,0.0013958369963802397,4.8254596545011736,10363882315,true,true,5dff3859ad319cb37301e68cfc6fde00723e3a42110ca93adb44c05e97098167
softmax_whole_stage_atc_trace_v1,softmax_whole_stage_operand_rate_atc,softmax_whole_stage_operand_rate_atc_v2,20260728_operand_rate_v2_final_normalization_session02_BCA,normalization,fp16_scalar,20260728_operand_rate_v2_final_normalization_session02_BCA_normalization_fp16_scalar,1,0,20260728_operand_rate_v2_final_normalization_session02_BCA_normalization_fp16_scalar_b1_r0_treatment,treatment,treatment,20260728_operand_rate_v2_final_normalization_session02_BCA_normalization_fp16_scalar_b1_r0_treatment_1785246315502,20,183054.857634182,183054.85901250099,183054.8583233415,0.0013783189933747053,5.0776236155070364,10363921908,true,true,5dff3859ad319cb37301e68cfc6fde00723e3a42110ca93adb44c05e97098167
softmax_whole_stage_atc_trace_v1,softmax_whole_stage_operand_rate_atc,softmax_whole_stage_operand_rate_atc_v2,20260728_operand_rate_v2_final_normalization_session02_BCA,normalization,fp16_scalar,20260728_operand_rate_v2_final_normalization_session02_BCA_normalization_fp16_scalar,1,0,20260728_operand_rate_v2_final_normalization_session02_BCA_normalization_fp16_scalar_b1_r0_treatment,treatment,treatment,20260728_operand_rate_v2_final_normalization_session02_BCA_normalization_fp16_scalar_b1_r0_treatment_1785246315502,21,183055.11016180899,183055.11157000001,183055.11086590448,0.0014081910194363445,5.3301661784935277,10363985620,true,true,5dff3859ad319cb37301e68cfc6fde00723e3a42110ca93adb44c05e97098167
softmax_whole_stage_atc_trace_v1,softmax_whole_stage_operand_rate_atc,softmax_whole_stage_operand_rate_atc_v2,20260728_operand_rate_v2_final_normalization_session02_BCA,normalization,fp16_scalar,20260728_operand_rate_v2_final_normalization_session02_BCA_normalization_fp16_scalar,1,0,20260728_operand_rate_v2_final_normalization_session02_BCA_normalization_fp16_scalar_b1_r0_treatment,treatment,treatment,20260728_operand_rate_v2_final_normalization_session02_BCA_normalization_fp16_scalar_b1_r0_treatment_1785246315502,22,183055.36172870401,183055.36308343001,183055.36240606703,0.0013547260023187846,5.5817063410358969,10364025540,true,true,5dff3859ad319cb37301e68cfc6fde00723e3a42110ca93adb44c05e97098167
softmax_whole_stage_atc_trace_v1,softmax_whole_stage_operand_rate_atc,softmax_whole_stage_operand_rate_atc_v2,20260728_operand_rate_v2_final_normalization_session02_BCA,normalization,fp16_scalar,20260728_operand_rate_v2_final_normalization_session02_BCA_normalization_fp16_scalar,1,0,20260728_operand_rate_v2_final_normalization_session02_BCA_normalization_fp16_scalar_b1_r0_treatment,treatment,treatment,20260728_operand_rate_v2_final_normalization_session02_BCA_normalization_fp16_scalar_b1_r0_treatment_1785246315502,23,183055.61517433301,183055.61658303,183055.61587868151,0.0014086969895288348,5.8351789555163123,10364089784,true,true,5dff3859ad319cb37301e68cfc6fde00723e3a42110ca93adb44c05e97098167
softmax_whole_stage_atc_trace_v1,softmax_whole_stage_operand_rate_atc,softmax_whole_stage_operand_rate_atc_v2,20260728_operand_rate_v2_final_normalization_session02_BCA,normalization,fp16_scalar,20260728_operand_rate_v2_final_normalization_session02_BCA_normalization_fp16_scalar,1,0,20260728_operand_rate_v2_final_normalization_session02_BCA_normalization_fp16_scalar_b1_r0_treatment,treatment,treatment,20260728_operand_rate_v2_final_normalization_session02_BCA_normalization_fp16_scalar_b1_r0_treatment_1785246315502,24,183055.86689868401,183055.86859353501,183055.86774610949,0.0016948510019574314,6.087046383501729,10364129981,true,true,5dff3859ad319cb37301e68cfc6fde00723e3a42110ca93adb44c05e97098167
softmax_whole_stage_atc_trace_v1,softmax_whole_stage_operand_rate_atc,softmax_whole_stage_operand_rate_atc_v2,20260728_operand_rate_v2_final_normalization_session02_BCA,normalization,fp16_scalar,20260728_operand_rate_v2_final_normalization_session02_BCA_normalization_fp16_scalar,1,0,20260728_operand_rate_v2_final_normalization_session02_BCA_normalization_fp16_scalar_b1_r0_treatment,treatment,treatment,20260728_operand_rate_v2_final_normalization_session02_BCA_normalization_fp16_scalar_b1_r0_treatment_1785246315502,25,183056.12065547801,183056.12207683199,183056.12136615498,0.0014213539834599942,6.3406664289941546,10364194466,true,true,5dff3859ad319cb37301e68cfc6fde00723e3a42110ca93adb44c05e97098167
softmax_whole_stage_atc_trace_v1,softmax_whole_stage_operand_rate_atc,softmax_whole_stage_operand_rate_atc_v2,20260728_operand_rate_v2_final_normalization_session02_BCA,normalization,fp16_scalar,20260728_operand_rate_v2_final_normalization_session02_BCA_normalization_fp16_scalar,1,0,20260728_operand_rate_v2_final_normalization_session02_BCA_normalization_fp16_scalar_b1_r0_treatment,treatment,treatment,20260728_operand_rate_v2_final_normalization_session02_BCA_normalization_fp16_scalar_b1_r0_treatment_1785246315502,26,183056.37230965699,183056.37468020001,183056.3734949285,0.0023705430212430656,6.5927952025085688,10364234884,true,true,5dff3859ad319cb37301e68cfc6fde00723e3a42110ca93adb44c05e97098167
softmax_whole_stage_atc_trace_v1,softmax_whole_stage_operand_rate_atc,softmax_whole_stage_operand_rate_atc_v2,20260728_operand_rate_v2_final_normalization_session02_BCA,normalization,fp16_scalar,20260728_operand_rate_v2_final_normalization_session02_BCA_normalization_fp16_scalar,1,0,20260728_operand_rate_v2_final_normalization_session02_BCA_normalization_fp16_scalar_b1_r0_treatment,treatment,treatment,20260728_operand_rate_v2_final_normalization_session02_BCA_normalization_fp16_scalar_b1_r0_treatment_1785246315502,27,183056.62799480199,183056.629427598,183056.6287112,0.0014327960088849068,6.8480114740086719,10364299346,true,true,5dff3859ad319cb37301e68cfc6fde00723e3a42110ca93adb44c05e97098167
softmax_whole_stage_atc_trace_v1,softmax_whole_stage_operand_rate_atc,softmax_whole_stage_operand_rate_atc_v2,20260728_operand_rate_v2_final_normalization_session02_BCA,normalization,fp16_scalar,20260728_operand_rate_v2_final_normalization_session02_BCA_normalization_fp16_scalar,1,0,20260728_operand_rate_v2_final_normalization_session02_BCA_normalization_fp16_scalar_b1_r0_treatment,treatment,treatment,20260728_operand_rate_v2_final_normalization_session02_BCA_normalization_fp16_scalar_b1_r0_treatment_1785246315502,28,183056.88050400099,183056.881975275,183056.88123963799,0.0014712740085087717,7.1005399120040238,10364339461,true,true,5dff3859ad319cb37301e68cfc6fde00723e3a42110ca93adb44c05e97098167
softmax_whole_stage_atc_trace_v1,softmax_whole_stage_operand_rate_atc,softmax_whole_stage_operand_rate_atc_v2,20260728_operand_rate_v2_final_normalization_session02_BCA,normalization,fp16_scalar,20260728_operand_rate_v2_final_normalization_session02_BCA_normalization_fp16_scalar,1,0,20260728_operand_rate_v2_final_normalization_session02_BCA_normalization_fp16_scalar_b1_r0_treatment,treatment,treatment,20260728_operand_rate_v2_final_normalization_session02_BCA_normalization_fp16_scalar_b1_r0_treatment_1785246315502,29,183057.13407458199,183057.13550606201,183057.13479032199,0.0014314800209831446,7.3540905959962402,10364403725,true,true,5dff3859ad319cb37301e68cfc6fde00723e3a42110ca93adb44c05e97098167
softmax_whole_stage_atc_trace_v1,softmax_whole_stage_operand_rate_atc,softmax_whole_stage_operand_rate_atc_v2,20260728_operand_rate_v2_final_normalization_session02_BCA,normalization,fp16_scalar,20260728_operand_rate_v2_final_normalization_session02_BCA_normalization_fp16_scalar,1,0,20260728_operand_rate_v2_final_normalization_session02_BCA_normalization_fp16_scalar_b1_r0_treatment,treatment,treatment,20260728_operand_rate_v2_final_normalization_session02_BCA_normalization_fp16_scalar_b1_r0_treatment_1785246315502,30,183057.38590626599,183057.387302913,183057.3866045895,0.0013966470141895115,7.6059048635070212,10364443800,true,true,5dff3859ad319cb37301e68cfc6fde00723e3a42110ca93adb44c05e97098167
softmax_whole_stage_atc_trace_v1,softmax_whole_stage_operand_rate_atc,softmax_whole_stage_operand_rate_atc_v2,20260728_operand_rate_v2_final_normalization_session02_BCA,normalization,fp16_scalar,20260728_operand_rate_v2_final_normalization_session02_BCA_normalization_fp16_scalar,1,0,20260728_operand_rate_v2_final_normalization_session02_BCA_normalization_fp16_scalar_b1_r0_treatment,treatment,treatment,20260728_operand_rate_v2_final_normalization_session02_BCA_normalization_fp16_scalar_b1_r0_treatment_1785246315502,31,183057.64056860699,183057.6419931,183057.64128085348,0.0014244930061977357,7.8605811274901498,10364508030,true,true,5dff3859ad319cb37301e68cfc6fde00723e3a42110ca93adb44c05e97098167
softmax_whole_stage_atc_trace_v1,softmax_whole_stage_operand_rate_atc,softmax_whole_stage_operand_rate_atc_v2,20260728_operand_rate_v2_final_normalization_session02_BCA,normalization,fp16_scalar,20260728_operand_rate_v2_final_normalization_session02_BCA_normalization_fp16_scalar,1,0,20260728_operand_rate_v2_final_normalization_session02_BCA_normalization_fp16_scalar_b1_r0_treatment,treatment,treatment,20260728_operand_rate_v2_final_normalization_session02_BCA_normalization_fp16_scalar_b1_r0_treatment_1785246315502,32,183057.89231746201,183057.89392543401,183057.893121448,0.0016079719935078174,8.1124217220058199,10364547940,true,true,5dff3859ad319cb37301e68cfc6fde00723e3a42110ca93adb44c05e97098167
softmax_whole_stage_atc_trace_v1,softmax_whole_stage_operand_rate_atc,softmax_whole_stage_operand_rate_atc_v2,20260728_operand_rate_v2_final_normalization_session02_BCA,normalization,fp16_scalar,20260728_operand_rate_v2_final_normalization_session02_BCA_normalization_fp16_scalar,1,0,20260728_operand_rate_v2_final_normalization_session02_BCA_normalization_fp16_scalar_b1_r0_treatment,treatment,treatment,20260728_operand_rate_v2_final_normalization_session02_BCA_normalization_fp16_scalar_b1_r0_treatment_1785246315502,33,183058.14516445599,183058.146615479,183058.14588996751,0.0014510230103041977,8.365190241514938,10364612062,true,true,5dff3859ad319cb37301e68cfc6fde00723e3a42110ca93adb44c05e97098167
softmax_whole_stage_atc_trace_v1,softmax_whole_stage_operand_rate_atc,softmax_whole_stage_operand_rate_atc_v2,20260728_operand_rate_v2_final_normalization_session02_BCA,normalization,fp16_scalar,20260728_operand_rate_v2_final_normalization_session02_BCA_normalization_fp16_scalar,1,0,20260728_operand_rate_v2_final_normalization_session02_BCA_normalization_fp16_scalar_b1_r0_treatment,treatment,treatment,20260728_operand_rate_v2_final_normalization_session02_BCA_normalization_fp16_scalar_b1_r0_treatment_1785246315502,34,183058.39720523701,183058.39917733101,183058.39819128401,0.0019720940035767853,8.6174915580195375,10364652282,true,true,5dff3859ad319cb37301e68cfc6fde00723e3a42110ca93adb44c05e97098167
softmax_whole_stage_atc_trace_v1,softmax_whole_stage_operand_rate_atc,softmax_whole_stage_operand_rate_atc_v2,20260728_operand_rate_v2_final_normalization_session02_BCA,normalization,fp16_scalar,20260728_operand_rate_v2_final_normalization_session02_BCA_normalization_fp16_scalar,1,0,20260728_operand_rate_v2_final_normalization_session02_BCA_normalization_fp16_scalar_b1_r0_treatment,treatment,treatment,20260728_operand_rate_v2_final_normalization_session02_BCA_normalization_fp16_scalar_b1_r0_treatment_1785246315502,35,183058.652455987,183058.65385445699,183058.65315522201,0.00139846999081783,8.8724554960208479,10364716553,true,true,5dff3859ad319cb37301e68cfc6fde00723e3a42110ca93adb44c05e97098167
softmax_whole_stage_atc_trace_v1,softmax_whole_stage_operand_rate_atc,softmax_whole_stage_operand_rate_atc_v2,20260728_operand_rate_v2_final_normalization_session02_BCA,normalization,fp16_scalar,20260728_operand_rate_v2_final_normalization_session02_BCA_normalization_fp16_scalar,1,0,20260728_operand_rate_v2_final_normalization_session02_BCA_normalization_fp16_scalar_b1_r0_treatment,treatment,treatment,20260728_operand_rate_v2_final_normalization_session02_BCA_normalization_fp16_scalar_b1_r0_treatment_1785246315502,36,183058.90464865399,183058.906059275,183058.90535396448,0.001410621014656499,9.1246542384906206,10364756568,true,true,5dff3859ad319cb37301e68cfc6fde00723e3a42110ca93adb44c05e97098167
softmax_whole_stage_atc_trace_v1,softmax_whole_stage_operand_rate_atc,softmax_whole_stage_operand_rate_atc_v2,20260728_operand_rate_v2_final_normalization_session02_BCA,normalization,fp16_scalar,20260728_operand_rate_v2_final_normalization_session02_BCA_normalization_fp16_scalar,1,0,20260728_operand_rate_v2_final_normalization_session02_BCA_normalization_fp16_scalar_b1_r0_treatment,treatment,treatment,20260728_operand_rate_v2_final_normalization_session02_BCA_normalization_fp16_scalar_b1_r0_treatment_1785246315502,37,183059.15806714699,183059.15948445001,183059.15877579851,0.0014173030212987214,9.3780760725203436,10364820768,true,true,5dff3859ad319cb37301e68cfc6fde00723e3a42110ca93adb44c05e97098167
softmax_whole_stage_atc_trace_v1,softmax_whole_stage_operand_rate_atc,softmax_whole_stage_operand_rate_atc_v2,20260728_operand_rate_v2_final_normalization_session02_BCA,normalization,fp16_scalar,20260728_operand_rate_v2_final_normalization_session02_BCA_normalization_fp16_scalar,1,0,20260728_operand_rate_v2_final_normalization_session02_BCA_normalization_fp16_scalar_b1_r0_treatment,treatment,treatment,20260728_operand_rate_v2_final_normalization_session02_BCA_normalization_fp16_scalar_b1_r0_treatment_1785246315502,38,183059.41019116101,183059.411595504,183059.4108933325,0.0014043429982848465,9.6301936065137852,10364860932,true,true,5dff3859ad319cb37301e68cfc6fde00723e3a42110ca93adb44c05e97098167
softmax_whole_stage_atc_trace_v1,softmax_whole_stage_operand_rate_atc,softmax_whole_stage_operand_rate_atc_v2,20260728_operand_rate_v2_final_normalization_session02_BCA,normalization,fp16_scalar,20260728_operand_rate_v2_final_normalization_session02_BCA_normalization_fp16_scalar,1,0,20260728_operand_rate_v2_final_normalization_session02_BCA_normalization_fp16_scalar_b1_r0_treatment,treatment,treatment,20260728_operand_rate_v2_final_normalization_session02_BCA_normalization_fp16_scalar_b1_r0_treatment_1785246315502,39,183059.664909599,183059.66627819801,183059.66559389851,0.0013685990124940872,9.8848941725154873,10364925245,true,true,5dff3859ad319cb37301e68cfc6fde00723e3a42110ca93adb44c05e97098167
softmax_whole_stage_atc_trace_v1,softmax_whole_stage_operand_rate_atc,softmax_whole_stage_operand_rate_atc_v2,20260728_operand_rate_v2_final_normalization_session02_BCA,normalization,fp16_scalar,20260728_operand_rate_v2_final_normalization_session02_BCA_normalization_fp16_scalar,1,0,20260728_operand_rate_v2_final_normalization_session02_BCA_normalization_fp16_scalar_b1_r0_treatment,treatment,treatment,20260728_operand_rate_v2_final_normalization_session02_BCA_normalization_fp16_scalar_b1_r0_treatment_1785246315502,40,183059.91650616299,183059.91790483499,183059.91720549899,0.0013986720005050302,10.136505772999953,10364965324,true,true,5dff3859ad319cb37301e68cfc6fde00723e3a42110ca93adb44c05e97098167
softmax_whole_stage_atc_trace_v1,softmax_whole_stage_operand_rate_atc,softmax_whole_stage_operand_rate_atc_v2,20260728_operand_rate_v2_final_normalization_session02_BCA,normalization,fp16_scalar,20260728_operand_rate_v2_final_normalization_session02_BCA_normalization_fp16_scalar,1,0,20260728_operand_rate_v2_final_normalization_session02_BCA_normalization_fp16_scalar_b1_r0_treatment,treatment,treatment,20260728_operand_rate_v2_final_normalization_session02_BCA_normalization_fp16_scalar_b1_r0_treatment_1785246315502,41,183060.16842650701,183060.16986477101,183060.169145639,0.0014382640074472874,10.388445913005853,10365029712,true,true,5dff3859ad319cb37301e68cfc6fde00723e3a42110ca93adb44c05e97098167
softmax_whole_stage_atc_trace_v1,softmax_whole_stage_operand_rate_atc,softmax_whole_stage_operand_rate_atc_v2,20260728_operand_rate_v2_final_normalization_session02_BCA,normalization,fp16_scalar,20260728_operand_rate_v2_final_normalization_session02_BCA_normalization_fp16_scalar,1,0,20260728_operand_rate_v2_final_normalization_session02_BCA_normalization_fp16_scalar_b1_r0_treatment,treatment,treatment,20260728_operand_rate_v2_final_normalization_session02_BCA_normalization_fp16_scalar_b1_r0_treatment_1785246315502,42,183060.42078958399,183060.42373608201,183060.42226283299,0.0029464980179909617,10.641563106997637,10365070352,true,true,5dff3859ad319cb37301e68cfc6fde00723e3a42110ca93adb44c05e97098167
softmax_whole_stage_atc_trace_v1,softmax_whole_stage_operand_rate_atc,softmax_whole_stage_operand_rate_atc_v2,20260728_operand_rate_v2_final_normalization_session02_BCA,normalization,fp16_scalar,20260728_operand_rate_v2_final_normalization_session02_BCA_normalization_fp16_scalar,1,0,20260728_operand_rate_v2_final_normalization_session02_BCA_normalization_fp16_scalar_b1_r0_treatment,treatment,treatment,20260728_operand_rate_v2_final_normalization_session02_BCA_normalization_fp16_scalar_b1_r0_treatment_1785246315502,43,183060.67706070299,183060.678452794,183060.67775674851,0.0013920910132583231,10.897057022521039,10365134895,true,true,5dff3859ad319cb37301e68cfc6fde00723e3a42110ca93adb44c05e97098167
softmax_whole_stage_atc_trace_v1,softmax_whole_stage_operand_rate_atc,softmax_whole_stage_operand_rate_atc_v2,20260728_operand_rate_v2_final_normalization_session02_BCA,normalization,fp16_scalar,20260728_operand_rate_v2_final_normalization_session02_BCA_normalization_fp16_scalar,1,0,20260728_operand_rate_v2_final_normalization_session02_BCA_normalization_fp16_scalar_b1_r0_treatment,treatment,treatment,20260728_operand_rate_v2_final_normalization_session02_BCA_normalization_fp16_scalar_b1_r0_treatment_1785246315502,44,183060.929228758,183060.93061710201,183060.92992293002,0.0013883440115023404,11.149223204032751,10365175030,true,true,5dff3859ad319cb37301e68cfc6fde00723e3a42110ca93adb44c05e97098167
softmax_whole_stage_atc_trace_v1,softmax_whole_stage_operand_rate_atc,softmax_whole_stage_operand_rate_atc_v2,20260728_operand_rate_v2_final_normalization_session02_BCA,normalization,fp16_scalar,20260728_operand_rate_v2_final_normalization_session02_BCA_normalization_fp16_scalar,1,0,20260728_operand_rate_v2_final_normalization_session02_BCA_normalization_fp16_scalar_b1_r0_treatment,treatment,treatment,20260728_operand_rate_v2_final_normalization_session02_BCA_normalization_fp16_scalar_b1_r0_treatment_1785246315502,45,183061.18252532999,183061.18386506999,183061.18319519999,0.0013397400034591556,11.402495474001626,10365239273,true,true,5dff3859ad319cb37301e68cfc6fde00723e3a42110ca93adb44c05e97098167
softmax_whole_stage_atc_trace_v1,softmax_whole_stage_operand_rate_atc,softmax_whole_stage_operand_rate_atc_v2,20260728_operand_rate_v2_final_normalization_session02_BCA,normalization,fp16_scalar,20260728_operand_rate_v2_final_normalization_session02_BCA_normalization_fp16_scalar,1,0,20260728_operand_rate_v2_final_normalization_session02_BCA_normalization_fp16_scalar_b1_r0_treatment,treatment,treatment,20260728_operand_rate_v2_final_normalization_session02_BCA_normalization_fp16_scalar_b1_r0_treatment_1785246315502,46,183061.43505811499,183061.43647278601,183061.4357654505,0.0014146710163913667,11.655065724509768,10365279531,true,true,5dff3859ad319cb37301e68cfc6fde00723e3a42110ca93adb44c05e97098167
softmax_whole_stage_atc_trace_v1,softmax_whole_stage_operand_rate_atc,softmax_whole_stage_operand_rate_atc_v2,20260728_operand_rate_v2_final_normalization_session02_BCA,normalization,fp16_scalar,20260728_operand_rate_v2_final_normalization_session02_BCA_normalization_fp16_scalar,1,0,20260728_operand_rate_v2_final_normalization_session02_BCA_normalization_fp16_scalar_b1_r0_treatment,treatment,treatment,20260728_operand_rate_v2_final_normalization_session02_BCA_normalization_fp16_scalar_b1_r0_treatment_1785246315502,47,183061.689794673,183061.691209749,183061.69050221099,0.0014150759961921722,11.909802484995453,10365343847,true,true,5dff3859ad319cb37301e68cfc6fde00723e3a42110ca93adb44c05e97098167
softmax_whole_stage_atc_trace_v1,softmax_whole_stage_operand_rate_atc,softmax_whole_stage_operand_rate_atc_v2,20260728_operand_rate_v2_final_normalization_session02_BCA,normalization,fp16_scalar,20260728_operand_rate_v2_final_normalization_session02_BCA_normalization_fp16_scalar,1,0,20260728_operand_rate_v2_final_normalization_session02_BCA_normalization_fp16_scalar_b1_r0_treatment,treatment,treatment,20260728_operand_rate_v2_final_normalization_session02_BCA_normalization_fp16_scalar_b1_r0_treatment_1785246315502,48,183061.941422214,183061.942866453,183061.9421443335,0.0014442389947362244,12.16144460751093,10365383826,true,true,5dff3859ad319cb37301e68cfc6fde00723e3a42110ca93adb44c05e97098167
softmax_whole_stage_atc_trace_v1,softmax_whole_stage_operand_rate_atc,softmax_whole_stage_operand_rate_atc_v2,20260728_operand_rate_v2_final_normalization_session02_BCA,normalization,fp16_scalar,20260728_operand_rate_v2_final_normalization_session02_BCA_normalization_fp16_scalar,1,0,20260728_operand_rate_v2_final_normalization_session02_BCA_normalization_fp16_scalar_b1_r0_treatment,treatment,treatment,20260728_operand_rate_v2_final_normalization_session02_BCA_normalization_fp16_scalar_b1_r0_treatment_1785246315502,49,183062.19619350301,183062.197585594,183062.1968895485,0.0013920909841544926,12.416189822513843,10365448073,true,true,5dff3859ad319cb37301e68cfc6fde00723e3a42110ca93adb44c05e97098167
softmax_whole_stage_atc_trace_v1,softmax_whole_stage_operand_rate_atc,softmax_whole_stage_operand_rate_atc_v2,20260728_operand_rate_v2_final_normalization_session02_BCA,normalization,fp16_scalar,20260728_operand_rate_v2_final_normalization_session02_BCA_normalization_fp16_scalar,1,0,20260728_operand_rate_v2_final_normalization_session02_BCA_normalization_fp16_scalar_b1_r0_treatment,treatment,treatment,20260728_operand_rate_v2_final_normalization_session02_BCA_normalization_fp16_scalar_b1_r0_treatment_1785246315502,50,183062.44893356299,183062.45039856,183062.4496660615,0.0014649970107711852,12.668966335506411,10365487956,true,true,5dff3859ad319cb37301e68cfc6fde00723e3a42110ca93adb44c05e97098167
softmax_whole_stage_atc_trace_v1,softmax_whole_stage_operand_rate_atc,softmax_whole_stage_operand_rate_atc_v2,20260728_operand_rate_v2_final_normalization_session02_BCA,normalization,fp16_scalar,20260728_operand_rate_v2_final_normalization_session02_BCA_normalization_fp16_scalar,1,0,20260728_operand_rate_v2_final_normalization_session02_BCA_normalization_fp16_scalar_b1_r0_treatment,treatment,treatment,20260728_operand_rate_v2_final_normalization_session02_BCA_normalization_fp16_scalar_b1_r0_treatment_1785246315502,51,183062.70365635,183062.70505532701,183062.7043558385,0.0013989770086482167,12.923656112514436,10365551809,true,true,5dff3859ad319cb37301e68cfc6fde00723e3a42110ca93adb44c05e97098167
softmax_whole_stage_atc_trace_v1,softmax_whole_stage_operand_rate_atc,softmax_whole_stage_operand_rate_atc_v2,20260728_operand_rate_v2_final_normalization_session02_BCA,normalization,fp16_scalar,20260728_operand_rate_v2_final_normalization_session02_BCA_normalization_fp16_scalar,1,0,20260728_operand_rate_v2_final_normalization_session02_BCA_normalization_fp16_scalar_b1_r0_treatment,treatment,treatment,20260728_operand_rate_v2_final_normalization_session02_BCA_normalization_fp16_scalar_b1_r0_treatment_1785246315502,52,183062.955801014,183062.957192295,183062.95649665449,0.0013912809954490513,13.175796928495402,10365591361,true,false,5dff3859ad319cb37301e68cfc6fde00723e3a42110ca93adb44c05e97098167
softmax_whole_stage_atc_trace_v1,softmax_whole_stage_operand_rate_atc,softmax_whole_stage_operand_rate_atc_v2,20260728_operand_rate_v2_final_normalization_session02_BCA,normalization,fp16_scalar,20260728_operand_rate_v2_final_normalization_session02_BCA_normalization_fp16_scalar,1,0,20260728_operand_rate_v2_final_normalization_session02_BCA_normalization_fp16_scalar_b1_r0_treatment,treatment,treatment,20260728_operand_rate_v2_final_normalization_session02_BCA_normalization_fp16_scalar_b1_r0_treatment_1785246315502,53,183063.209171808,183063.21055741899,183063.20986461348,0.0013856109871994704,13.429164887493243,10365655096,true,false,5dff3859ad319cb37301e68cfc6fde00723e3a42110ca93adb44c05e97098167
softmax_whole_stage_atc_trace_v1,softmax_whole_stage_operand_rate_atc,softmax_whole_stage_operand_rate_atc_v2,20260728_operand_rate_v2_final_normalization_session02_BCA,normalization,fp16_scalar,20260728_operand_rate_v2_final_normalization_session02_BCA_normalization_fp16_scalar,1,0,20260728_operand_rate_v2_final_normalization_session02_BCA_normalization_fp16_scalar_b1_r0_treatment,treatment,treatment,20260728_operand_rate_v2_final_normalization_session02_BCA_normalization_fp16_scalar_b1_r0_treatment_1785246315502,54,183063.46198872299,183063.463406027,183063.46269737498,0.001417304010828957,13.681997648993274,10365688004,true,false,5dff3859ad319cb37301e68cfc6fde00723e3a42110ca93adb44c05e97098167
softmax_whole_stage_atc_trace_v1,softmax_whole_stage_operand_rate_atc,softmax_whole_stage_operand_rate_atc_v2,20260728_operand_rate_v2_final_normalization_session02_BCA,normalization,fp16_scalar,20260728_operand_rate_v2_final_normalization_session02_BCA_normalization_fp16_scalar,1,0,20260728_operand_rate_v2_final_normalization_session02_BCA_normalization_fp16_scalar_b1_r0_treatment,treatment,treatment,20260728_operand_rate_v2_final_normalization_session02_BCA_normalization_fp16_scalar_b1_r0_treatment_1785246315502,55,183063.46341210199,183063.464574035,183063.46399306849,0.0011619330034591258,13.683293342503021,10365688004,false,false,5dff3859ad319cb37301e68cfc6fde00723e3a42110ca93adb44c05e97098167
softmax_whole_stage_atc_trace_v1,softmax_whole_stage_operand_rate_atc,softmax_whole_stage_operand_rate_atc_v2,20260728_operand_rate_v2_final_normalization_session02_BCA,normalization,fp16_scalar,20260728_operand_rate_v2_final_normalization_session02_BCA_normalization_fp16_scalar,1,1,20260728_operand_rate_v2_final_normalization_session02_BCA_normalization_fp16_scalar_b1_r1_control,control,control,20260728_operand_rate_v2_final_normalization_session02_BCA_normalization_fp16_scalar_b1_r1_control_1785246329766,0,183064.50218834099,183064.50375338001,183064.50297086051,0.0015650390123482794,0.0008115805103443563,10365820565,false,false,5dff3859ad319cb37301e68cfc6fde00723e3a42110ca93adb44c05e97098167
softmax_whole_stage_atc_trace_v1,softmax_whole_stage_operand_rate_atc,softmax_whole_stage_operand_rate_atc_v2,20260728_operand_rate_v2_final_normalization_session02_BCA,normalization,fp16_scalar,20260728_operand_rate_v2_final_normalization_session02_BCA_normalization_fp16_scalar,1,1,20260728_operand_rate_v2_final_normalization_session02_BCA_normalization_fp16_scalar_b1_r1_control,control,control,20260728_operand_rate_v2_final_normalization_session02_BCA_normalization_fp16_scalar_b1_r1_control_1785246329766,1,183064.75611433099,183064.75754024199,183064.7568272865,0.0014259110030252486,0.25466800649883226,10365873917,true,false,5dff3859ad319cb37301e68cfc6fde00723e3a42110ca93adb44c05e97098167
softmax_whole_stage_atc_trace_v1,softmax_whole_stage_operand_rate_atc,softmax_whole_stage_operand_rate_atc_v2,20260728_operand_rate_v2_final_normalization_session02_BCA,normalization,fp16_scalar,20260728_operand_rate_v2_final_normalization_session02_BCA_normalization_fp16_scalar,1,1,20260728_operand_rate_v2_final_normalization_session02_BCA_normalization_fp16_scalar_b1_r1_control,control,control,20260728_operand_rate_v2_final_normalization_session02_BCA_normalization_fp16_scalar_b1_r1_control_1785246329766,2,183065.008112273,183065.009824946,183065.0089686095,0.0017126729944720864,0.50680932949762791,10365915918,true,false,5dff3859ad319cb37301e68cfc6fde00723e3a42110ca93adb44c05e97098167
softmax_whole_stage_atc_trace_v1,softmax_whole_stage_operand_rate_atc,softmax_whole_stage_operand_rate_atc_v2,20260728_operand_rate_v2_final_normalization_session02_BCA,normalization,fp16_scalar,20260728_operand_rate_v2_final_normalization_session02_BCA_normalization_fp16_scalar,1,1,20260728_operand_rate_v2_final_normalization_session02_BCA_normalization_fp16_scalar_b1_r1_control,control,control,20260728_operand_rate_v2_final_normalization_session02_BCA_normalization_fp16_scalar_b1_r1_control_1785246329766,3,183065.26099095499,183065.262596396,183065.26179367548,0.001605441007995978,0.75963439547922462,10365977612,true,true,5dff3859ad319cb37301e68cfc6fde00723e3a42110ca93adb44c05e97098167
softmax_whole_stage_atc_trace_v1,softmax_whole_stage_operand_rate_atc,softmax_whole_stage_operand_rate_atc_v2,20260728_operand_rate_v2_final_normalization_session02_BCA,normalization,fp16_scalar,20260728_operand_rate_v2_final_normalization_session02_BCA_normalization_fp16_scalar,1,1,20260728_operand_rate_v2_final_normalization_session02_BCA_normalization_fp16_scalar_b1_r1_control,control,control,20260728_operand_rate_v2_final_normalization_session02_BCA_normalization_fp16_scalar_b1_r1_control_1785246329766,4,183065.51445136199,183065.516152795,183065.51530207851,0.0017014330078382045,1.0131427985033952,10366019935,true,true,5dff3859ad319cb37301e68cfc6fde00723e3a42110ca93adb44c05e97098167
softmax_whole_stage_atc_trace_v1,softmax_whole_stage_operand_rate_atc,softmax_whole_stage_operand_rate_atc_v2,20260728_operand_rate_v2_final_normalization_session02_BCA,normalization,fp16_scalar,20260728_operand_rate_v2_final_normalization_session02_BCA_normalization_fp16_scalar,1,1,20260728_operand_rate_v2_final_normalization_session02_BCA_normalization_fp16_scalar_b1_r1_control,control,control,20260728_operand_rate_v2_final_normalization_session02_BCA_normalization_fp16_scalar_b1_r1_control_1785246329766,5,183065.768682441,183065.77011493401,183065.76939868752,0.0014324930089060217,1.2672394075198099,10366081741,true,true,5dff3859ad319cb37301e68cfc6fde00723e3a42110ca93adb44c05e97098167
softmax_whole_stage_atc_trace_v1,softmax_whole_stage_operand_rate_atc,softmax_whole_stage_operand_rate_atc_v2,20260728_operand_rate_v2_final_normalization_session02_BCA,normalization,fp16_scalar,20260728_operand_rate_v2_final_normalization_session02_BCA_normalization_fp16_scalar,1,1,20260728_operand_rate_v2_final_normalization_session02_BCA_normalization_fp16_scalar_b1_r1_control,control,control,20260728_operand_rate_v2_final_normalization_session02_BCA_normalization_fp16_scalar_b1_r1_control_1785246329766,6,183066.02071136801,183066.02227529301,183066.02149333051,0.001563925005029887,1.5193340505065862,10366123824,true,true,5dff3859ad319cb37301e68cfc6fde00723e3a42110ca93adb44c05e97098167
softmax_whole_stage_atc_trace_v1,softmax_whole_stage_operand_rate_atc,softmax_whole_stage_operand_rate_atc_v2,20260728_operand_rate_v2_final_normalization_session02_BCA,normalization,fp16_scalar,20260728_operand_rate_v2_final_normalization_session02_BCA_normalization_fp16_scalar,1,1,20260728_operand_rate_v2_final_normalization_session02_BCA_normalization_fp16_scalar_b1_r1_control,control,control,20260728_operand_rate_v2_final_normalization_session02_BCA_normalization_fp16_scalar_b1_r1_control_1785246329766,7,183066.27351137201,183066.27505838699,183066.2742848795,0.0015470149810425937,1.7721255994983949,10366185386,true,true,5dff3859ad319cb37301e68cfc6fde00723e3a42110ca93adb44c05e97098167
softmax_whole_stage_atc_trace_v1,softmax_whole_stage_operand_rate_atc,softmax_whole_stage_operand_rate_atc_v2,20260728_operand_rate_v2_final_normalization_session02_BCA,normalization,fp16_scalar,20260728_operand_rate_v2_final_normalization_session02_BCA_normalization_fp16_scalar,1,1,20260728_operand_rate_v2_final_normalization_session02_BCA_normalization_fp16_scalar_b1_r1_control,control,control,20260728_operand_rate_v2_final_normalization_session02_BCA_normalization_fp16_scalar_b1_r1_control_1785246329766,8,183066.52639997701,183066.52827010601,183066.52733504149,0.0018701289955060929,2.0251757614896633,10366227555,true,true,5dff3859ad319cb37301e68cfc6fde00723e3a42110ca93adb44c05e97098167
softmax_whole_stage_atc_trace_v1,softmax_whole_stage_operand_rate_atc,softmax_whole_stage_operand_rate_atc_v2,20260728_operand_rate_v2_final_normalization_session02_BCA,normalization,fp16_scalar,20260728_operand_rate_v2_final_normalization_session02_BCA_normalization_fp16_scalar,1,1,20260728_operand_rate_v2_final_normalization_session02_BCA_normalization_fp16_scalar_b1_r1_control,control,control,20260728_operand_rate_v2_final_normalization_session02_BCA_normalization_fp16_scalar_b1_r1_control_1785246329766,9,183066.78087711299,183066.78228054501,183066.78157882899,0.0014034320192877203,2.2794195489841513,10366289070,true,true,5dff3859ad319cb37301e68cfc6fde00723e3a42110ca93adb44c05e97098167
softmax_whole_stage_atc_trace_v1,softmax_whole_stage_operand_rate_atc,softmax_whole_stage_operand_rate_atc_v2,20260728_operand_rate_v2_final_normalization_session02_BCA,normalization,fp16_scalar,20260728_operand_rate_v2_final_normalization_session02_BCA_normalization_fp16_scalar,1,1,20260728_operand_rate_v2_final_normalization_session02_BCA_normalization_fp16_scalar_b1_r1_control,control,control,20260728_operand_rate_v2_final_normalization_session02_BCA_normalization_fp16_scalar_b1_r1_control_1785246329766,10,183067.03299018499,183067.03449133001,183067.0337407575,0.0015011450159363449,2.5315814774949104,10366330981,true,true,5dff3859ad319cb37301e68cfc6fde00723e3a42110ca93adb44c05e97098167
softmax_whole_stage_atc_trace_v1,softmax_whole_stage_operand_rate_atc,softmax_whole_stage_operand_rate_atc_v2,20260728_operand_rate_v2_final_normalization_session02_BCA,normalization,fp16_scalar,20260728_operand_rate_v2_final_normalization_session02_BCA_normalization_fp16_scalar,1,1,20260728_operand_rate_v2_final_normalization_session02_BCA_normalization_fp16_scalar_b1_r1_control,control,control,20260728_operand_rate_v2_final_normalization_session02_BCA_normalization_fp16_scalar_b1_r1_control_1785246329766,11,183067.285868259,183067.28739836399,183067.28663331148,0.0015301049861591309,2.7844740314758383,10366392494,true,true,5dff3859ad319cb37301e68cfc6fde00723e3a42110ca93adb44c05e97098167
softmax_whole_stage_atc_trace_v1,softmax_whole_stage_operand_rate_atc,softmax_whole_stage_operand_rate_atc_v2,20260728_operand_rate_v2_final_normalization_session02_BCA,normalization,fp16_scalar,20260728_operand_rate_v2_final_normalization_session02_BCA_normalization_fp16_scalar,1,1,20260728_operand_rate_v2_final_normalization_session02_BCA_normalization_fp16_scalar_b1_r1_control,control,control,20260728_operand_rate_v2_final_normalization_session02_BCA_normalization_fp16_scalar_b1_r1_control_1785246329766,12,183067.539457871,183067.54097369799,183067.54021578451,0.0015158269961830229,3.0380565045052208,10366434660,true,true,5dff3859ad319cb37301e68cfc6fde00723e3a42110ca93adb44c05e97098167
softmax_whole_stage_atc_trace_v1,softmax_whole_stage_operand_rate_atc,softmax_whole_stage_operand_rate_atc_v2,20260728_operand_rate_v2_final_normalization_session02_BCA,normalization,fp16_scalar,20260728_operand_rate_v2_final_normalization_session02_BCA_normalization_fp16_scalar,1,1,20260728_operand_rate_v2_final_normalization_session02_BCA_normalization_fp16_scalar_b1_r1_control,control,control,20260728_operand_rate_v2_final_normalization_session02_BCA_normalization_fp16_scalar_b1_r1_control_1785246329766,13,183067.793615437,183067.795377726,183067.79449658148,0.0017622890009079129,3.2923373014782555,10366496150,true,true,5dff3859ad319cb37301e68cfc6fde00723e3a42110ca93adb44c05e97098167
softmax_whole_stage_atc_trace_v1,softmax_whole_stage_operand_rate_atc,softmax_whole_stage_operand_rate_atc_v2,20260728_operand_rate_v2_final_normalization_session02_BCA,normalization,fp16_scalar,20260728_operand_rate_v2_final_normalization_session02_BCA_normalization_fp16_scalar,1,1,20260728_operand_rate_v2_final_normalization_session02_BCA_normalization_fp16_scalar_b1_r1_control,control,control,20260728_operand_rate_v2_final_normalization_session02_BCA_normalization_fp16_scalar_b1_r1_control_1785246329766,14,183068.04624624,183068.047635394,183068.046940817,0.0013891540002077818,3.5447815369989257,10366537991,true,true,5dff3859ad319cb37301e68cfc6fde00723e3a42110ca93adb44c05e97098167
softmax_whole_stage_atc_trace_v1,softmax_whole_stage_operand_rate_atc,softmax_whole_stage_operand_rate_atc_v2,20260728_operand_rate_v2_final_normalization_session02_BCA,normalization,fp16_scalar,20260728_operand_rate_v2_final_normalization_session02_BCA_normalization_fp16_scalar,1,1,20260728_operand_rate_v2_final_normalization_session02_BCA_normalization_fp16_scalar_b1_r1_control,control,control,20260728_operand_rate_v2_final_normalization_session02_BCA_normalization_fp16_scalar_b1_r1_control_1785246329766,15,183068.29910110199,183068.300485913,183068.2997935075,0.0013848110102117062,3.7976342274923809,10366599380,true,true,5dff3859ad319cb37301e68cfc6fde00723e3a42110ca93adb44c05e97098167
softmax_whole_stage_atc_trace_v1,softmax_whole_stage_operand_rate_atc,softmax_whole_stage_operand_rate_atc_v2,20260728_operand_rate_v2_final_normalization_session02_BCA,normalization,fp16_scalar,20260728_operand_rate_v2_final_normalization_session02_BCA_normalization_fp16_scalar,1,1,20260728_operand_rate_v2_final_normalization_session02_BCA_normalization_fp16_scalar_b1_r1_control,control,control,20260728_operand_rate_v2_final_normalization_session02_BCA_normalization_fp16_scalar_b1_r1_control_1785246329766,16,183068.55266461699,183068.55416850801,183068.5534165625,0.0015038910205475986,4.0512572824954987,10366641379,true,true,5dff3859ad319cb37301e68cfc6fde00723e3a42110ca93adb44c05e97098167
softmax_whole_stage_atc_trace_v1,softmax_whole_stage_operand_rate_atc,softmax_whole_stage_operand_rate_atc_v2,20260728_operand_rate_v2_final_normalization_session02_BCA,normalization,fp16_scalar,20260728_operand_rate_v2_final_normalization_session02_BCA_normalization_fp16_scalar,1,1,20260728_operand_rate_v2_final_normalization_session02_BCA_normalization_fp16_scalar_b1_r1_control,control,control,20260728_operand_rate_v2_final_normalization_session02_BCA_normalization_fp16_scalar_b1_r1_control_1785246329766,17,183068.80442330099,183068.805873626,183068.80514846349,0.0014503250131383538,4.3029891834885348,10366702721,true,true,5dff3859ad319cb37301e68cfc6fde00723e3a42110ca93adb44c05e97098167
softmax_whole_stage_atc_trace_v1,softmax_whole_stage_operand_rate_atc,softmax_whole_stage_operand_rate_atc_v2,20260728_operand_rate_v2_final_normalization_session02_BCA,normalization,fp16_scalar,20260728_operand_rate_v2_final_normalization_session02_BCA_normalization_fp16_scalar,1,1,20260728_operand_rate_v2_final_normalization_session02_BCA_normalization_fp16_scalar_b1_r1_control,control,control,20260728_operand_rate_v2_final_normalization_session02_BCA_normalization_fp16_scalar_b1_r1_control_1785246329766,18,183069.05669374601,183069.05835185299,183069.0575227995,0.0016581069794483483,4.5553635194955859,10366744893,true,true,5dff3859ad319cb37301e68cfc6fde00723e3a42110ca93adb44c05e97098167
softmax_whole_stage_atc_trace_v1,softmax_whole_stage_operand_rate_atc,softmax_whole_stage_operand_rate_atc_v2,20260728_operand_rate_v2_final_normalization_session02_BCA,normalization,fp16_scalar,20260728_operand_rate_v2_final_normalization_session02_BCA_normalization_fp16_scalar,1,1,20260728_operand_rate_v2_final_normalization_session02_BCA_normalization_fp16_scalar_b1_r1_control,control,control,20260728_operand_rate_v2_final_normalization_session02_BCA_normalization_fp16_scalar_b1_r1_control_1785246329766,19,183069.30984038001,183069.311416771,183069.31062857551,0.0015763909905217588,4.808469295501709,10366806697,true,true,5dff3859ad319cb37301e68cfc6fde00723e3a42110ca93adb44c05e97098167
softmax_whole_stage_atc_trace_v1,softmax_whole_stage_operand_rate_atc,softmax_whole_stage_operand_rate_atc_v2,20260728_operand_rate_v2_final_normalization_session02_BCA,normalization,fp16_scalar,20260728_operand_rate_v2_final_normalization_session02_BCA_normalization_fp16_scalar,1,1,20260728_operand_rate_v2_final_normalization_session02_BCA_normalization_fp16_scalar_b1_r1_control,control,control,20260728_operand_rate_v2_final_normalization_session02_BCA_normalization_fp16_scalar_b1_r1_control_1785246329766,20,183069.563606918,183069.56520649701,183069.5644067075,0.0015995790017768741,5.0622474275005516,10366848981,true,true,5dff3859ad319cb37301e68cfc6fde00723e3a42110ca93adb44c05e97098167
softmax_whole_stage_atc_trace_v1,softmax_whole_stage_operand_rate_atc,softmax_whole_stage_operand_rate_atc_v2,20260728_operand_rate_v2_final_normalization_session02_BCA,normalization,fp16_scalar,20260728_operand_rate_v2_final_normalization_session02_BCA_normalization_fp16_scalar,1,1,20260728_operand_rate_v2_final_normalization_session02_BCA_normalization_fp16_scalar_b1_r1_control,control,control,20260728_operand_rate_v2_final_normalization_session02_BCA_normalization_fp16_scalar_b1_r1_control_1785246329766,21,183069.81552670401,183069.81758478199,183069.81655574299,0.0020580779819283634,5.3143964629853144,10366910601,true,true,5dff3859ad319cb37301e68cfc6fde00723e3a42110ca93adb44c05e97098167
softmax_whole_stage_atc_trace_v1,softmax_whole_stage_operand_rate_atc,softmax_whole_stage_operand_rate_atc_v2,20260728_operand_rate_v2_final_normalization_session02_BCA,normalization,fp16_scalar,20260728_operand_rate_v2_final_normalization_session02_BCA_normalization_fp16_scalar,1,1,20260728_operand_rate_v2_final_normalization_session02_BCA_normalization_fp16_scalar_b1_r1_control,control,control,20260728_operand_rate_v2_final_normalization_session02_BCA_normalization_fp16_scalar_b1_r1_control_1785246329766,22,183070.068490668,183070.069912437,183070.06920155248,0.0014217690040823072,5.567042272479739,10366952917,true,true,5dff3859ad319cb37301e68cfc6fde00723e3a42110ca93adb44c05e97098167
softmax_whole_stage_atc_trace_v1,softmax_whole_stage_operand_rate_atc,softmax_whole_stage_operand_rate_atc_v2,20260728_operand_rate_v2_final_normalization_session02_BCA,normalization,fp16_scalar,20260728_operand_rate_v2_final_normalization_session02_BCA_normalization_fp16_scalar,1,1,20260728_operand_rate_v2_final_normalization_session02_BCA_normalization_fp16_scalar_b1_r1_control,control,control,20260728_operand_rate_v2_final_normalization_session02_BCA_normalization_fp16_scalar_b1_r1_control_1785246329766,23,183070.32149078001,183070.32366479901,183070.32257778951,0.0021740189986303449,5.8204185095091816,10367014767,true,true,5dff3859ad319cb37301e68cfc6fde00723e3a42110ca93adb44c05e97098167
softmax_whole_stage_atc_trace_v1,softmax_whole_stage_operand_rate_atc,softmax_whole_stage_operand_rate_atc_v2,20260728_operand_rate_v2_final_normalization_session02_BCA,normalization,fp16_scalar,20260728_operand_rate_v2_final_normalization_session02_BCA_normalization_fp16_scalar,1,1,20260728_operand_rate_v2_final_normalization_session02_BCA_normalization_fp16_scalar_b1_r1_control,control,control,20260728_operand_rate_v2_final_normalization_session02_BCA_normalization_fp16_scalar_b1_r1_control_1785246329766,24,183070.57588421,183070.57752733,183070.57670576998,0.0016431199910584837,6.0745464899810031,10367057031,true,true,5dff3859ad319cb37301e68cfc6fde00723e3a42110ca93adb44c05e97098167
softmax_whole_stage_atc_trace_v1,softmax_whole_stage_operand_rate_atc,softmax_whole_stage_operand_rate_atc_v2,20260728_operand_rate_v2_final_normalization_session02_BCA,normalization,fp16_scalar,20260728_operand_rate_v2_final_normalization_session02_BCA_normalization_fp16_scalar,1,1,20260728_operand_rate_v2_final_normalization_session02_BCA_normalization_fp16_scalar_b1_r1_control,control,control,20260728_operand_rate_v2_final_normalization_session02_BCA_normalization_fp16_scalar_b1_r1_control_1785246329766,25,183070.827872447,183070.829860656,183070.82886655151,0.001988208998227492,6.3267072715098038,10367118492,true,true,5dff3859ad319cb37301e68cfc6fde00723e3a42110ca93adb44c05e97098167
softmax_whole_stage_atc_trace_v1,softmax_whole_stage_operand_rate_atc,softmax_whole_stage_operand_rate_atc_v2,20260728_operand_rate_v2_final_normalization_session02_BCA,normalization,fp16_scalar,20260728_operand_rate_v2_final_normalization_session02_BCA_normalization_fp16_scalar,1,1,20260728_operand_rate_v2_final_normalization_session02_BCA_normalization_fp16_scalar_b1_r1_control,control,control,20260728_operand_rate_v2_final_normalization_session02_BCA_normalization_fp16_scalar_b1_r1_control_1785246329766,26,183071.08090557001,183071.082398322,183071.08165194601,0.0014927519951015711,6.5794926660018973,10367160750,true,true,5dff3859ad319cb37301e68cfc6fde00723e3a42110ca93adb44c05e97098167
softmax_whole_stage_atc_trace_v1,softmax_whole_stage_operand_rate_atc,softmax_whole_stage_operand_rate_atc_v2,20260728_operand_rate_v2_final_normalization_session02_BCA,normalization,fp16_scalar,20260728_operand_rate_v2_final_normalization_session02_BCA_normalization_fp16_scalar,1,1,20260728_operand_rate_v2_final_normalization_session02_BCA_normalization_fp16_scalar_b1_r1_control,control,control,20260728_operand_rate_v2_final_normalization_session02_BCA_normalization_fp16_scalar_b1_r1_control_1785246329766,27,183071.33400542199,183071.33599292301,183071.33499917248,0.0019875010184478015,6.8328398924786597,10367222594,true,true,5dff3859ad319cb37301e68cfc6fde00723e3a42110ca93adb44c05e97098167
softmax_whole_stage_atc_trace_v1,softmax_whole_stage_operand_rate_atc,softmax_whole_stage_operand_rate_atc_v2,20260728_operand_rate_v2_final_normalization_session02_BCA,normalization,fp16_scalar,20260728_operand_rate_v2_final_normalization_session02_BCA_normalization_fp16_scalar,1,1,20260728_operand_rate_v2_final_normalization_session02_BCA_normalization_fp16_scalar_b1_r1_control,control,control,20260728_operand_rate_v2_final_normalization_session02_BCA_normalization_fp16_scalar_b1_r1_control_1785246329766,28,183071.58834072901,183071.589937271,183071.58913899999,0.0015965419879648834,7.0869797199848108,10367264885,true,true,5dff3859ad319cb37301e68cfc6fde00723e3a42110ca93adb44c05e97098167
softmax_whole_stage_atc_trace_v1,softmax_whole_stage_operand_rate_atc,softmax_whole_stage_operand_rate_atc_v2,20260728_operand_rate_v2_final_normalization_session02_BCA,normalization,fp16_scalar,20260728_operand_rate_v2_final_normalization_session02_BCA_normalization_fp16_scalar,1,1,20260728_operand_rate_v2_final_normalization_session02_BCA_normalization_fp16_scalar_b1_r1_control,control,control,20260728_operand_rate_v2_final_normalization_session02_BCA_normalization_fp16_scalar_b1_r1_control_1785246329766,29,183071.84041017501,183071.84210534301,183071.84125775902,0.0016951680008787662,7.339098479016684,10367326401,true,true,5dff3859ad319cb37301e68cfc6fde00723e3a42110ca93adb44c05e97098167
softmax_whole_stage_atc_trace_v1,softmax_whole_stage_operand_rate_atc,softmax_whole_stage_operand_rate_atc_v2,20260728_operand_rate_v2_final_normalization_session02_BCA,normalization,fp16_scalar,20260728_operand_rate_v2_final_normalization_session02_BCA_normalization_fp16_scalar,1,1,20260728_operand_rate_v2_final_normalization_session02_BCA_normalization_fp16_scalar_b1_r1_control,control,control,20260728_operand_rate_v2_final_normalization_session02_BCA_normalization_fp16_scalar_b1_r1_control_1785246329766,30,183072.09320513799,183072.09471844599,183072.09396179201,0.0015133080014493316,7.5918025120045058,10367368728,true,true,5dff3859ad319cb37301e68cfc6fde00723e3a42110ca93adb44c05e97098167
softmax_whole_stage_atc_trace_v1,softmax_whole_stage_operand_rate_atc,softmax_whole_stage_operand_rate_atc_v2,20260728_operand_rate_v2_final_normalization_session02_BCA,normalization,fp16_scalar,20260728_operand_rate_v2_final_normalization_session02_BCA_normalization_fp16_scalar,1,1,20260728_operand_rate_v2_final_normalization_session02_BCA_normalization_fp16_scalar_b1_r1_control,control,control,20260728_operand_rate_v2_final_normalization_session02_BCA_normalization_fp16_scalar_b1_r1_control_1785246329766,31,183072.34648644601,183072.34821189,183072.34734916801,0.0017254439881071448,7.8451898880011868,10367430612,true,true,5dff3859ad319cb37301e68cfc6fde00723e3a42110ca93adb44c05e97098167
softmax_whole_stage_atc_trace_v1,softmax_whole_stage_operand_rate_atc,softmax_whole_stage_operand_rate_atc_v2,20260728_operand_rate_v2_final_normalization_session02_BCA,normalization,fp16_scalar,20260728_operand_rate_v2_final_normalization_session02_BCA_normalization_fp16_scalar,1,1,20260728_operand_rate_v2_final_normalization_session02_BCA_normalization_fp16_scalar_b1_r1_control,control,control,20260728_operand_rate_v2_final_normalization_session02_BCA_normalization_fp16_scalar_b1_r1_control_1785246329766,32,183072.60061609701,183072.60225952099,183072.601437809,0.0016434239805676043,8.0992785290000029,10367472971,true,true,5dff3859ad319cb37301e68cfc6fde00723e3a42110ca93adb44c05e97098167
softmax_whole_stage_atc_trace_v1,softmax_whole_stage_operand_rate_atc,softmax_whole_stage_operand_rate_atc_v2,20260728_operand_rate_v2_final_normalization_session02_BCA,normalization,fp16_scalar,20260728_operand_rate_v2_final_normalization_session02_BCA_normalization_fp16_scalar,1,1,20260728_operand_rate_v2_final_normalization_session02_BCA_normalization_fp16_scalar_b1_r1_control,control,control,20260728_operand_rate_v2_final_normalization_session02_BCA_normalization_fp16_scalar_b1_r1_control_1785246329766,33,183072.85271116201,183072.85444389601,183072.85357752902,0.0017327340028714389,8.3514182490180247,10367534656,true,true,5dff3859ad319cb37301e68cfc6fde00723e3a42110ca93adb44c05e97098167
softmax_whole_stage_atc_trace_v1,softmax_whole_stage_operand_rate_atc,softmax_whole_stage_operand_rate_atc_v2,20260728_operand_rate_v2_final_normalization_session02_BCA,normalization,fp16_scalar,20260728_operand_rate_v2_final_normalization_session02_BCA_normalization_fp16_scalar,1,1,20260728_operand_rate_v2_final_normalization_session02_BCA_normalization_fp16_scalar_b1_r1_control,control,control,20260728_operand_rate_v2_final_normalization_session02_BCA_normalization_fp16_scalar_b1_r1_control_1785246329766,34,183073.10563026799,183073.10739601299,183073.10651314049,0.0017657449934631586,8.6043538604862988,10367577005,true,true,5dff3859ad319cb37301e68cfc6fde00723e3a42110ca93adb44c05e97098167
softmax_whole_stage_atc_trace_v1,softmax_whole_stage_operand_rate_atc,softmax_whole_stage_operand_rate_atc_v2,20260728_operand_rate_v2_final_normalization_session02_BCA,normalization,fp16_scalar,20260728_operand_rate_v2_final_normalization_session02_BCA_normalization_fp16_scalar,1,1,20260728_operand_rate_v2_final_normalization_session02_BCA_normalization_fp16_scalar_b1_r1_control,control,control,20260728_operand_rate_v2_final_normalization_session02_BCA_normalization_fp16_scalar_b1_r1_control_1785246329766,35,183073.35917960599,183073.36071296301,183073.3599462845,0.0015333570190705359,8.8577870044973679,10367638886,true,true,5dff3859ad319cb37301e68cfc6fde00723e3a42110ca93adb44c05e97098167
softmax_whole_stage_atc_trace_v1,softmax_whole_stage_operand_rate_atc,softmax_whole_stage_operand_rate_atc_v2,20260728_operand_rate_v2_final_normalization_session02_BCA,normalization,fp16_scalar,20260728_operand_rate_v2_final_normalization_session02_BCA_normalization_fp16_scalar,1,1,20260728_operand_rate_v2_final_normalization_session02_BCA_normalization_fp16_scalar_b1_r1_control,control,control,20260728_operand_rate_v2_final_normalization_session02_BCA_normalization_fp16_scalar_b1_r1_control_1785246329766,36,183073.613261058,183073.61467361401,183073.61396733602,0.0014125560119282454,9.111808056011796,10367681189,true,true,5dff3859ad319cb37301e68cfc6fde00723e3a42110ca93adb44c05e97098167
softmax_whole_stage_atc_trace_v1,softmax_whole_stage_operand_rate_atc,softmax_whole_stage_operand_rate_atc_v2,20260728_operand_rate_v2_final_normalization_session02_BCA,normalization,fp16_scalar,20260728_operand_rate_v2_final_normalization_session02_BCA_normalization_fp16_scalar,1,1,20260728_operand_rate_v2_final_normalization_session02_BCA_normalization_fp16_scalar_b1_r1_control,control,control,20260728_operand_rate_v2_final_normalization_session02_BCA_normalization_fp16_scalar_b1_r1_control_1785246329766,37,183073.86532574499,183073.866936565,183073.86613115499,0.001610820007044822,9.3639718749909662,10367742636,true,true,5dff3859ad319cb37301e68cfc6fde00723e3a42110ca93adb44c05e97098167
softmax_whole_stage_atc_trace_v1,softmax_whole_stage_operand_rate_atc,softmax_whole_stage_operand_rate_atc_v2,20260728_operand_rate_v2_final_normalization_session02_BCA,normalization,fp16_scalar,20260728_operand_rate_v2_final_normalization_session02_BCA_normalization_fp16_scalar,1,1,20260728_operand_rate_v2_final_normalization_session02_BCA_normalization_fp16_scalar_b1_r1_control,control,control,20260728_operand_rate_v2_final_normalization_session02_BCA_normalization_fp16_scalar_b1_r1_control_1785246329766,38,183074.118214474,183074.119973536,183074.119094005,0.0017590619972907007,9.6169347249960992,10367784815,true,true,5dff3859ad319cb37301e68cfc6fde00723e3a42110ca93adb44c05e97098167
softmax_whole_stage_atc_trace_v1,softmax_whole_stage_operand_rate_atc,softmax_whole_stage_operand_rate_atc_v2,20260728_operand_rate_v2_final_normalization_session02_BCA,normalization,fp16_scalar,20260728_operand_rate_v2_final_normalization_session02_BCA_normalization_fp16_scalar,1,1,20260728_operand_rate_v2_final_normalization_session02_BCA_normalization_fp16_scalar_b1_r1_control,control,control,20260728_operand_rate_v2_final_normalization_session02_BCA_normalization_fp16_scalar_b1_r1_control_1785246329766,39,183074.371930889,183074.373364506,183074.37264769751,0.0014336169988382608,9.8704884175094776,10367846507,true,true,5dff3859ad319cb37301e68cfc6fde00723e3a42110ca93adb44c05e97098167
softmax_whole_stage_atc_trace_v1,softmax_whole_stage_operand_rate_atc,softmax_whole_stage_operand_rate_atc_v2,20260728_operand_rate_v2_final_normalization_session02_BCA,normalization,fp16_scalar,20260728_operand_rate_v2_final_normalization_session02_BCA_normalization_fp16_scalar,1,1,20260728_operand_rate_v2_final_normalization_session02_BCA_normalization_fp16_scalar_b1_r1_control,control,control,20260728_operand_rate_v2_final_normalization_session02_BCA_normalization_fp16_scalar_b1_r1_control_1785246329766,40,183074.62470367699,183074.6265321,183074.62561788849,0.0018284230027347803,10.123458608490182,10367888635,true,true,5dff3859ad319cb37301e68cfc6fde00723e3a42110ca93adb44c05e97098167
softmax_whole_stage_atc_trace_v1,softmax_whole_stage_operand_rate_atc,softmax_whole_stage_operand_rate_atc_v2,20260728_operand_rate_v2_final_normalization_session02_BCA,normalization,fp16_scalar,20260728_operand_rate_v2_final_normalization_session02_BCA_normalization_fp16_scalar,1,1,20260728_operand_rate_v2_final_normalization_session02_BCA_normalization_fp16_scalar_b1_r1_control,control,control,20260728_operand_rate_v2_final_normalization_session02_BCA_normalization_fp16_scalar_b1_r1_control_1785246329766,41,183074.87720509199,183074.878980557,183074.87809282448,0.0017754650034476072,10.375933544477448,10367950104,true,true,5dff3859ad319cb37301e68cfc6fde00723e3a42110ca93adb44c05e97098167
softmax_whole_stage_atc_trace_v1,softmax_whole_stage_operand_rate_atc,softmax_whole_stage_operand_rate_atc_v2,20260728_operand_rate_v2_final_normalization_session02_BCA,normalization,fp16_scalar,20260728_operand_rate_v2_final_normalization_session02_BCA_normalization_fp16_scalar,1,1,20260728_operand_rate_v2_final_normalization_session02_BCA_normalization_fp16_scalar_b1_r1_control,control,control,20260728_operand_rate_v2_final_normalization_session02_BCA_normalization_fp16_scalar_b1_r1_control_1785246329766,42,183075.13032175301,183075.13206349901,183075.13119262602,0.0017417460039723665,10.629033346020151,10367992313,true,true,5dff3859ad319cb37301e68cfc6fde00723e3a42110ca93adb44c05e97098167
softmax_whole_stage_atc_trace_v1,softmax_whole_stage_operand_rate_atc,softmax_whole_stage_operand_rate_atc_v2,20260728_operand_rate_v2_final_normalization_session02_BCA,normalization,fp16_scalar,20260728_operand_rate_v2_final_normalization_session02_BCA_normalization_fp16_scalar,1,1,20260728_operand_rate_v2_final_normalization_session02_BCA_normalization_fp16_scalar_b1_r1_control,control,control,20260728_operand_rate_v2_final_normalization_session02_BCA_normalization_fp16_scalar_b1_r1_control_1785246329766,43,183075.384076849,183075.38558043499,183075.38482864201,0.0015035859833005816,10.882669362006709,10368053950,true,true,5dff3859ad319cb37301e68cfc6fde00723e3a42110ca93adb44c05e97098167
softmax_whole_stage_atc_trace_v1,softmax_whole_stage_operand_rate_atc,softmax_whole_stage_operand_rate_atc_v2,20260728_operand_rate_v2_final_normalization_session02_BCA,normalization,fp16_scalar,20260728_operand_rate_v2_final_normalization_session02_BCA_normalization_fp16_scalar,1,1,20260728_operand_rate_v2_final_normalization_session02_BCA_normalization_fp16_scalar_b1_r1_control,control,control,20260728_operand_rate_v2_final_normalization_session02_BCA_normalization_fp16_scalar_b1_r1_control_1785246329766,44,183075.638269077,183075.63967191201,183075.6389704945,0.0014028350124135613,11.136811214499176,10368096070,true,true,5dff3859ad319cb37301e68cfc6fde00723e3a42110ca93adb44c05e97098167
softmax_whole_stage_atc_trace_v1,softmax_whole_stage_operand_rate_atc,softmax_whole_stage_operand_rate_atc_v2,20260728_operand_rate_v2_final_normalization_session02_BCA,normalization,fp16_scalar,20260728_operand_rate_v2_final_normalization_session02_BCA_normalization_fp16_scalar,1,1,20260728_operand_rate_v2_final_normalization_session02_BCA_normalization_fp16_scalar_b1_r1_control,control,control,20260728_operand_rate_v2_final_normalization_session02_BCA_normalization_fp16_scalar_b1_r1_control_1785246329766,45,183075.890535674,183075.89193091399,183075.89123329398,0.0013952399895060807,11.389074013975915,10368157403,true,true,5dff3859ad319cb37301e68cfc6fde00723e3a42110ca93adb44c05e97098167
softmax_whole_stage_atc_trace_v1,softmax_whole_stage_operand_rate_atc,softmax_whole_stage_operand_rate_atc_v2,20260728_operand_rate_v2_final_normalization_session02_BCA,normalization,fp16_scalar,20260728_operand_rate_v2_final_normalization_session02_BCA_normalization_fp16_scalar,1,1,20260728_operand_rate_v2_final_normalization_session02_BCA_normalization_fp16_scalar_b1_r1_control,control,control,20260728_operand_rate_v2_final_normalization_session02_BCA_normalization_fp16_scalar_b1_r1_control_1785246329766,46,183076.14340617601,183076.14492515399,183076.144165665,0.001518977980595082,11.642006384994602,10368199507,true,true,5dff3859ad319cb37301e68cfc6fde00723e3a42110ca93adb44c05e97098167
softmax_whole_stage_atc_trace_v1,softmax_whole_stage_operand_rate_atc,softmax_whole_stage_operand_rate_atc_v2,20260728_operand_rate_v2_final_normalization_session02_BCA,normalization,fp16_scalar,20260728_operand_rate_v2_final_normalization_session02_BCA_normalization_fp16_scalar,1,1,20260728_operand_rate_v2_final_normalization_session02_BCA_normalization_fp16_scalar_b1_r1_control,control,control,20260728_operand_rate_v2_final_normalization_session02_BCA_normalization_fp16_scalar_b1_r1_control_1785246329766,47,183076.397022394,183076.39843556899,183076.39772898151,0.0014131749921943992,11.895569701504428,10368261052,true,true,5dff3859ad319cb37301e68cfc6fde00723e3a42110ca93adb44c05e97098167
softmax_whole_stage_atc_trace_v1,softmax_whole_stage_operand_rate_atc,softmax_whole_stage_operand_rate_atc_v2,20260728_operand_rate_v2_final_normalization_session02_BCA,normalization,fp16_scalar,20260728_operand_rate_v2_final_normalization_session02_BCA_normalization_fp16_scalar,1,1,20260728_operand_rate_v2_final_normalization_session02_BCA_normalization_fp16_scalar_b1_r1_control,control,control,20260728_operand_rate_v2_final_normalization_session02_BCA_normalization_fp16_scalar_b1_r1_control_1785246329766,48,183076.64871265201,183076.65050240999,183076.649607531,0.0017897579818964005,12.147448250994785,10368303086,true,true,5dff3859ad319cb37301e68cfc6fde00723e3a42110ca93adb44c05e97098167
softmax_whole_stage_atc_trace_v1,softmax_whole_stage_operand_rate_atc,softmax_whole_stage_operand_rate_atc_v2,20260728_operand_rate_v2_final_normalization_session02_BCA,normalization,fp16_scalar,20260728_operand_rate_v2_final_normalization_session02_BCA_normalization_fp16_scalar,1,1,20260728_operand_rate_v2_final_normalization_session02_BCA_normalization_fp16_scalar_b1_r1_control,control,control,20260728_operand_rate_v2_final_normalization_session02_BCA_normalization_fp16_scalar_b1_r1_control_1785246329766,49,183076.901371252,183076.903580021,183076.90247563651,0.0022087690012995154,12.400316356506664,10368364849,true,true,5dff3859ad319cb37301e68cfc6fde00723e3a42110ca93adb44c05e97098167
softmax_whole_stage_atc_trace_v1,softmax_whole_stage_operand_rate_atc,softmax_whole_stage_operand_rate_atc_v2,20260728_operand_rate_v2_final_normalization_session02_BCA,normalization,fp16_scalar,20260728_operand_rate_v2_final_normalization_session02_BCA_normalization_fp16_scalar,1,1,20260728_operand_rate_v2_final_normalization_session02_BCA_normalization_fp16_scalar_b1_r1_control,control,control,20260728_operand_rate_v2_final_normalization_session02_BCA_normalization_fp16_scalar_b1_r1_control_1785246329766,50,183077.15506998799,183077.156774181,183077.15592208449,0.0017041930113919079,12.653762804489816,10368407127,true,true,5dff3859ad319cb37301e68cfc6fde00723e3a42110ca93adb44c05e97098167
softmax_whole_stage_atc_trace_v1,softmax_whole_stage_operand_rate_atc,softmax_whole_stage_operand_rate_atc_v2,20260728_operand_rate_v2_final_normalization_session02_BCA,normalization,fp16_scalar,20260728_operand_rate_v2_final_normalization_session02_BCA_normalization_fp16_scalar,1,1,20260728_operand_rate_v2_final_normalization_session02_BCA_normalization_fp16_scalar_b1_r1_control,control,control,20260728_operand_rate_v2_final_normalization_session02_BCA_normalization_fp16_scalar_b1_r1_control_1785246329766,51,183077.40898086099,183077.41034603899,183077.40966344997,0.0013651780027430505,12.907504169968888,10368468863,true,true,5dff3859ad319cb37301e68cfc6fde00723e3a42110ca93adb44c05e97098167
softmax_whole_stage_atc_trace_v1,softmax_whole_stage_operand_rate_atc,softmax_whole_stage_operand_rate_atc_v2,20260728_operand_rate_v2_final_normalization_session02_BCA,normalization,fp16_scalar,20260728_operand_rate_v2_final_normalization_session02_BCA_normalization_fp16_scalar,1,1,20260728_operand_rate_v2_final_normalization_session02_BCA_normalization_fp16_scalar_b1_r1_control,control,control,20260728_operand_rate_v2_final_normalization_session02_BCA_normalization_fp16_scalar_b1_r1_control_1785246329766,52,183077.66069856001,183077.66228823,183077.66149339499,0.0015896699915174395,13.159334114985541,10368510948,true,false,5dff3859ad319cb37301e68cfc6fde00723e3a42110ca93adb44c05e97098167
softmax_whole_stage_atc_trace_v1,softmax_whole_stage_operand_rate_atc,softmax_whole_stage_operand_rate_atc_v2,20260728_operand_rate_v2_final_normalization_session02_BCA,normalization,fp16_scalar,20260728_operand_rate_v2_final_normalization_session02_BCA_normalization_fp16_scalar,1,1,20260728_operand_rate_v2_final_normalization_session02_BCA_normalization_fp16_scalar_b1_r1_control,control,control,20260728_operand_rate_v2_final_normalization_session02_BCA_normalization_fp16_scalar_b1_r1_control_1785246329766,53,183077.91328617799,183077.915802167,183077.9145441725,0.0025159890064969659,13.412384892493719,10368572766,true,false,5dff3859ad319cb37301e68cfc6fde00723e3a42110ca93adb44c05e97098167
softmax_whole_stage_atc_trace_v1,softmax_whole_stage_operand_rate_atc,softmax_whole_stage_operand_rate_atc_v2,20260728_operand_rate_v2_final_normalization_session02_BCA,normalization,fp16_scalar,20260728_operand_rate_v2_final_normalization_session02_BCA_normalization_fp16_scalar,1,1,20260728_operand_rate_v2_final_normalization_session02_BCA_normalization_fp16_scalar_b1_r1_control,control,control,20260728_operand_rate_v2_final_normalization_session02_BCA_normalization_fp16_scalar_b1_r1_control_1785246329766,54,183078.167596418,183078.170140456,183078.168868437,0.0025440379977226257,13.666709156997968,10368609674,true,false,5dff3859ad319cb37301e68cfc6fde00723e3a42110ca93adb44c05e97098167
softmax_whole_stage_atc_trace_v1,softmax_whole_stage_operand_rate_atc,softmax_whole_stage_operand_rate_atc_v2,20260728_operand_rate_v2_final_normalization_session02_BCA,normalization,fp16_scalar,20260728_operand_rate_v2_final_normalization_session02_BCA_normalization_fp16_scalar,1,1,20260728_operand_rate_v2_final_normalization_session02_BCA_normalization_fp16_scalar_b1_r1_control,control,control,20260728_operand_rate_v2_final_normalization_session02_BCA_normalization_fp16_scalar_b1_r1_control_1785246329766,55,183078.17016283399,183078.17219470299,183078.17117876851,0.0020318689930718392,13.669019488501363,10368609674,false,false,5dff3859ad319cb37301e68cfc6fde00723e3a42110ca93adb44c05e97098167
softmax_whole_stage_atc_trace_v1,softmax_whole_stage_operand_rate_atc,softmax_whole_stage_operand_rate_atc_v2,20260728_operand_rate_v2_final_normalization_session02_BCA,normalization,fp16_scalar,20260728_operand_rate_v2_final_normalization_session02_BCA_normalization_fp16_scalar,1,2,20260728_operand_rate_v2_final_normalization_session02_BCA_normalization_fp16_scalar_b1_r2_treatment,treatment,treatment,20260728_operand_rate_v2_final_normalization_session02_BCA_normalization_fp16_scalar_b1_r2_treatment_1785246344476,0,183079.20490565099,183079.20611093999,183079.2055082955,0.0012052890087943524,0.00062380850431509316,10368753534,false,false,5dff3859ad319cb37301e68cfc6fde00723e3a42110ca93adb44c05e97098167
softmax_whole_stage_atc_trace_v1,softmax_whole_stage_operand_rate_atc,softmax_whole_stage_operand_rate_atc_v2,20260728_operand_rate_v2_final_normalization_session02_BCA,normalization,fp16_scalar,20260728_operand_rate_v2_final_normalization_session02_BCA_normalization_fp16_scalar,1,2,20260728_operand_rate_v2_final_normalization_session02_BCA_normalization_fp16_scalar_b1_r2_treatment,treatment,treatment,20260728_operand_rate_v2_final_normalization_session02_BCA_normalization_fp16_scalar_b1_r2_treatment_1785246344476,1,183079.45629790201,183079.45775846599,183079.457028184,0.0014605639735236764,0.25214369699824601,10368791949,true,false,5dff3859ad319cb37301e68cfc6fde00723e3a42110ca93adb44c05e97098167
softmax_whole_stage_atc_trace_v1,softmax_whole_stage_operand_rate_atc,softmax_whole_stage_operand_rate_atc_v2,20260728_operand_rate_v2_final_normalization_session02_BCA,normalization,fp16_scalar,20260728_operand_rate_v2_final_normalization_session02_BCA_normalization_fp16_scalar,1,2,20260728_operand_rate_v2_final_normalization_session02_BCA_normalization_fp16_scalar_b1_r2_treatment,treatment,treatment,20260728_operand_rate_v2_final_normalization_session02_BCA_normalization_fp16_scalar_b1_r2_treatment_1785246344476,2,183079.707996463,183079.70942816799,183079.70871231548,0.0014317049935925752,0.50382782847736962,10368855373,true,false,5dff3859ad319cb37301e68cfc6fde00723e3a42110ca93adb44c05e97098167
softmax_whole_stage_atc_trace_v1,softmax_whole_stage_operand_rate_atc,softmax_whole_stage_operand_rate_atc_v2,20260728_operand_rate_v2_final_normalization_session02_BCA,normalization,fp16_scalar,20260728_operand_rate_v2_final_normalization_session02_BCA_normalization_fp16_scalar,1,2,20260728_operand_rate_v2_final_normalization_session02_BCA_normalization_fp16_scalar_b1_r2_treatment,treatment,treatment,20260728_operand_rate_v2_final_normalization_session02_BCA_normalization_fp16_scalar_b1_r2_treatment_1785246344476,3,183079.95986220299,183079.961273555,183079.960567879,0.0014113520155660808,0.75568339199526235,10368895307,true,true,5dff3859ad319cb37301e68cfc6fde00723e3a42110ca93adb44c05e97098167
softmax_whole_stage_atc_trace_v1,softmax_whole_stage_operand_rate_atc,softmax_whole_stage_operand_rate_atc_v2,20260728_operand_rate_v2_final_normalization_session02_BCA,normalization,fp16_scalar,20260728_operand_rate_v2_final_normalization_session02_BCA_normalization_fp16_scalar,1,2,20260728_operand_rate_v2_final_normalization_session02_BCA_normalization_fp16_scalar_b1_r2_treatment,treatment,treatment,20260728_operand_rate_v2_final_normalization_session02_BCA_normalization_fp16_scalar_b1_r2_treatment_1785246344476,4,183080.211592154,183080.213079957,183080.2123360555,0.0014878030051477253,1.0074515684973449,10368959545,true,true,5dff3859ad319cb37301e68cfc6fde00723e3a42110ca93adb44c05e97098167
softmax_whole_stage_atc_trace_v1,softmax_whole_stage_operand_rate_atc,softmax_whole_stage_operand_rate_atc_v2,20260728_operand_rate_v2_final_normalization_session02_BCA,normalization,fp16_scalar,20260728_operand_rate_v2_final_normalization_session02_BCA_normalization_fp16_scalar,1,2,20260728_operand_rate_v2_final_normalization_session02_BCA_normalization_fp16_scalar_b1_r2_treatment,treatment,treatment,20260728_operand_rate_v2_final_normalization_session02_BCA_normalization_fp16_scalar_b1_r2_treatment_1785246344476,5,183080.463347218,183080.47477169501,183080.46905945649,0.01142447700840421,1.264174969488522,10369000147,true,true,5dff3859ad319cb37301e68cfc6fde00723e3a42110ca93adb44c05e97098167
softmax_whole_stage_atc_trace_v1,softmax_whole_stage_operand_rate_atc,softmax_whole_stage_operand_rate_atc_v2,20260728_operand_rate_v2_final_normalization_session02_BCA,normalization,fp16_scalar,20260728_operand_rate_v2_final_normalization_session02_BCA_normalization_fp16_scalar,1,2,20260728_operand_rate_v2_final_normalization_session02_BCA_normalization_fp16_scalar_b1_r2_treatment,treatment,treatment,20260728_operand_rate_v2_final_normalization_session02_BCA_normalization_fp16_scalar_b1_r2_treatment_1785246344476,6,183080.72516907399,183080.72972239999,183080.72744573699,0.0045533259981311858,1.5225612499925774,10369063679,true,true,5dff3859ad319cb37301e68cfc6fde00723e3a42110ca93adb44c05e97098167
softmax_whole_stage_atc_trace_v1,softmax_whole_stage_operand_rate_atc,softmax_whole_stage_operand_rate_atc_v2,20260728_operand_rate_v2_final_normalization_session02_BCA,normalization,fp16_scalar,20260728_operand_rate_v2_final_normalization_session02_BCA_normalization_fp16_scalar,1,2,20260728_operand_rate_v2_final_normalization_session02_BCA_normalization_fp16_scalar_b1_r2_treatment,treatment,treatment,20260728_operand_rate_v2_final_normalization_session02_BCA_normalization_fp16_scalar_b1_r2_treatment_1785246344476,7,183080.98077199,183080.98214830601,183080.981460148,0.001376316009555012,1.7765756610024255,10369106207,true,true,5dff3859ad319cb37301e68cfc6fde00723e3a42110ca93adb44c05e97098167
softmax_whole_stage_atc_trace_v1,softmax_whole_stage_operand_rate_atc,softmax_whole_stage_operand_rate_atc_v2,20260728_operand_rate_v2_final_normalization_session02_BCA,normalization,fp16_scalar,20260728_operand_rate_v2_final_normalization_session02_BCA_normalization_fp16_scalar,1,2,20260728_operand_rate_v2_final_normalization_session02_BCA_normalization_fp16_scalar_b1_r2_treatment,treatment,treatment,20260728_operand_rate_v2_final_normalization_session02_BCA_normalization_fp16_scalar_b1_r2_treatment_1785246344476,8,183081.23258102499,183081.235884305,183081.23423266498,0.0033032800129149109,2.0293481779808644,10369168474,true,true,5dff3859ad319cb37301e68cfc6fde00723e3a42110ca93adb44c05e97098167
softmax_whole_stage_atc_trace_v1,softmax_whole_stage_operand_rate_atc,softmax_whole_stage_operand_rate_atc_v2,20260728_operand_rate_v2_final_normalization_session02_BCA,normalization,fp16_scalar,20260728_operand_rate_v2_final_normalization_session02_BCA_normalization_fp16_scalar,1,2,20260728_operand_rate_v2_final_normalization_session02_BCA_normalization_fp16_scalar_b1_r2_treatment,treatment,treatment,20260728_operand_rate_v2_final_normalization_session02_BCA_normalization_fp16_scalar_b1_r2_treatment_1785246344476,9,183081.48630851801,183081.48765121601,183081.48697986701,0.0013426980003714561,2.2820953800110146,10369211078,true,true,5dff3859ad319cb37301e68cfc6fde00723e3a42110ca93adb44c05e97098167
softmax_whole_stage_atc_trace_v1,softmax_whole_stage_operand_rate_atc,softmax_whole_stage_operand_rate_atc_v2,20260728_operand_rate_v2_final_normalization_session02_BCA,normalization,fp16_scalar,20260728_operand_rate_v2_final_normalization_session02_BCA_normalization_fp16_scalar,1,2,20260728_operand_rate_v2_final_normalization_session02_BCA_normalization_fp16_scalar_b1_r2_treatment,treatment,treatment,20260728_operand_rate_v2_final_normalization_session02_BCA_normalization_fp16_scalar_b1_r2_treatment_1785246344476,10,183081.73811562901,183081.742243969,183081.740179799,0.0041283399914391339,2.5352953120018356,10369273521,true,true,5dff3859ad319cb37301e68cfc6fde00723e3a42110ca93adb44c05e97098167
softmax_whole_stage_atc_trace_v1,softmax_whole_stage_operand_rate_atc,softmax_whole_stage_operand_rate_atc_v2,20260728_operand_rate_v2_final_normalization_session02_BCA,normalization,fp16_scalar,20260728_operand_rate_v2_final_normalization_session02_BCA_normalization_fp16_scalar,1,2,20260728_operand_rate_v2_final_normalization_session02_BCA_normalization_fp16_scalar_b1_r2_treatment,treatment,treatment,20260728_operand_rate_v2_final_normalization_session02_BCA_normalization_fp16_scalar_b1_r2_treatment_1785246344476,11,183081.99337578201,183081.99478196999,183081.99407887598,0.0014061879774089903,2.7891943889844697,10369316042,true,true,5dff3859ad319cb37301e68cfc6fde00723e3a42110ca93adb44c05e97098167
softmax_whole_stage_atc_trace_v1,softmax_whole_stage_operand_rate_atc,softmax_whole_stage_operand_rate_atc_v2,20260728_operand_rate_v2_final_normalization_session02_BCA,normalization,fp16_scalar,20260728_operand_rate_v2_final_normalization_session02_BCA_normalization_fp16_scalar,1,2,20260728_operand_rate_v2_final_normalization_session02_BCA_normalization_fp16_scalar_b1_r2_treatment,treatment,treatment,20260728_operand_rate_v2_final_normalization_session02_BCA_normalization_fp16_scalar_b1_r2_treatment_1785246344476,12,183082.245367286,183082.24811171601,183082.24673950102,0.0027444300067145377,3.041855014016619,10369378243,true,true,5dff3859ad319cb37301e68cfc6fde00723e3a42110ca93adb44c05e97098167
softmax_whole_stage_atc_trace_v1,softmax_whole_stage_operand_rate_atc,softmax_whole_stage_operand_rate_atc_v2,20260728_operand_rate_v2_final_normalization_session02_BCA,normalization,fp16_scalar,20260728_operand_rate_v2_final_normalization_session02_BCA_normalization_fp16_scalar,1,2,20260728_operand_rate_v2_final_normalization_session02_BCA_normalization_fp16_scalar_b1_r2_treatment,treatment,treatment,20260728_operand_rate_v2_final_normalization_session02_BCA_normalization_fp16_scalar_b1_r2_treatment_1785246344476,13,183082.49862513901,183082.50006504601,183082.49934509251,0.0014399070059880614,3.294460605509812,10369420807,true,true,5dff3859ad319cb37301e68cfc6fde00723e3a42110ca93adb44c05e97098167
softmax_whole_stage_atc_trace_v1,softmax_whole_stage_operand_rate_atc,softmax_whole_stage_operand_rate_atc_v2,20260728_operand_rate_v2_final_normalization_session02_BCA,normalization,fp16_scalar,20260728_operand_rate_v2_final_normalization_session02_BCA_normalization_fp16_scalar,1,2,20260728_operand_rate_v2_final_normalization_session02_BCA_normalization_fp16_scalar_b1_r2_treatment,treatment,treatment,20260728_operand_rate_v2_final_normalization_session02_BCA_normalization_fp16_scalar_b1_r2_treatment_1785246344476,14,183082.75056662099,183082.754409916,183082.75248826848,0.0038432950095739216,3.547603781480575,10369483138,true,true,5dff3859ad319cb37301e68cfc6fde00723e3a42110ca93adb44c05e97098167
softmax_whole_stage_atc_trace_v1,softmax_whole_stage_operand_rate_atc,softmax_whole_stage_operand_rate_atc_v2,20260728_operand_rate_v2_final_normalization_session02_BCA,normalization,fp16_scalar,20260728_operand_rate_v2_final_normalization_session02_BCA_normalization_fp16_scalar,1,2,20260728_operand_rate_v2_final_normalization_session02_BCA_normalization_fp16_scalar_b1_r2_treatment,treatment,treatment,20260728_operand_rate_v2_final_normalization_session02_BCA_normalization_fp16_scalar_b1_r2_treatment_1785246344476,15,183083.00561220601,183083.00703013901,183083.00632117252,0.0014179330028127879,3.8014366855204571,10369525657,true,true,5dff3859ad319cb37301e68cfc6fde00723e3a42110ca93adb44c05e97098167
softmax_whole_stage_atc_trace_v1,softmax_whole_stage_operand_rate_atc,softmax_whole_stage_operand_rate_atc_v2,20260728_operand_rate_v2_final_normalization_session02_BCA,normalization,fp16_scalar,20260728_operand_rate_v2_final_normalization_session02_BCA_normalization_fp16_scalar,1,2,20260728_operand_rate_v2_final_normalization_session02_BCA_normalization_fp16_scalar_b1_r2_treatment,treatment,treatment,20260728_operand_rate_v2_final_normalization_session02_BCA_normalization_fp16_scalar_b1_r2_treatment_1785246344476,16,183083.25781706299,183083.260413857,183083.25911545998,0.0025967940164264292,4.0542309729789849,10369587819,true,true,5dff3859ad319cb37301e68cfc6fde00723e3a42110ca93adb44c05e97098167
softmax_whole_stage_atc_trace_v1,softmax_whole_stage_operand_rate_atc,softmax_whole_stage_operand_rate_atc_v2,20260728_operand_rate_v2_final_normalization_session02_BCA,normalization,fp16_scalar,20260728_operand_rate_v2_final_normalization_session02_BCA_normalization_fp16_scalar,1,2,20260728_operand_rate_v2_final_normalization_session02_BCA_normalization_fp16_scalar_b1_r2_treatment,treatment,treatment,20260728_operand_rate_v2_final_normalization_session02_BCA_normalization_fp16_scalar_b1_r2_treatment_1785246344476,17,183083.510796149,183083.51217347701,183083.511484813,0.0013773280079476535,4.3066003260028083,10369630357,true,true,5dff3859ad319cb37301e68cfc6fde00723e3a42110ca93adb44c05e97098167
softmax_whole_stage_atc_trace_v1,softmax_whole_stage_operand_rate_atc,softmax_whole_stage_operand_rate_atc_v2,20260728_operand_rate_v2_final_normalization_session02_BCA,normalization,fp16_scalar,20260728_operand_rate_v2_final_normalization_session02_BCA_normalization_fp16_scalar,1,2,20260728_operand_rate_v2_final_normalization_session02_BCA_normalization_fp16_scalar_b1_r2_treatment,treatment,treatment,20260728_operand_rate_v2_final_normalization_session02_BCA_normalization_fp16_scalar_b1_r2_treatment_1785246344476,18,183083.76281549901,183083.766564016,183083.76468975749,0.0037485169887077063,4.5598052704881411,10369692733,true,true,5dff3859ad319cb37301e68cfc6fde00723e3a42110ca93adb44c05e97098167
softmax_whole_stage_atc_trace_v1,softmax_whole_stage_operand_rate_atc,softmax_whole_stage_operand_rate_atc_v2,20260728_operand_rate_v2_final_normalization_session02_BCA,normalization,fp16_scalar,20260728_operand_rate_v2_final_normalization_session02_BCA_normalization_fp16_scalar,1,2,20260728_operand_rate_v2_final_normalization_session02_BCA_normalization_fp16_scalar_b1_r2_treatment,treatment,treatment,20260728_operand_rate_v2_final_normalization_session02_BCA_normalization_fp16_scalar_b1_r2_treatment_1785246344476,19,183084.01786503301,183084.019298156,183084.01858159452,0.0014331229904200882,4.8136971075145993,10369735292,true,true,5dff3859ad319cb37301e68cfc6fde00723e3a42110ca93adb44c05e97098167
softmax_whole_stage_atc_trace_v1,softmax_whole_stage_operand_rate_atc,softmax_whole_stage_operand_rate_atc_v2,20260728_operand_rate_v2_final_normalization_session02_BCA,normalization,fp16_scalar,20260728_operand_rate_v2_final_normalization_session02_BCA_normalization_fp16_scalar,1,2,20260728_operand_rate_v2_final_normalization_session02_BCA_normalization_fp16_scalar_b1_r2_treatment,treatment,treatment,20260728_operand_rate_v2_final_normalization_session02_BCA_normalization_fp16_scalar_b1_r2_treatment_1785246344476,20,183084.27075329801,183084.27280135799,183084.27177732799,0.0020480599778238684,5.0668928409868386,10369797466,true,true,5dff3859ad319cb37301e68cfc6fde00723e3a42110ca93adb44c05e97098167
softmax_whole_stage_atc_trace_v1,softmax_whole_stage_operand_rate_atc,softmax_whole_stage_operand_rate_atc_v2,20260728_operand_rate_v2_final_normalization_session02_BCA,normalization,fp16_scalar,20260728_operand_rate_v2_final_normalization_session02_BCA_normalization_fp16_scalar,1,2,20260728_operand_rate_v2_final_normalization_session02_BCA_normalization_fp16_scalar_b1_r2_treatment,treatment,treatment,20260728_operand_rate_v2_final_normalization_session02_BCA_normalization_fp16_scalar_b1_r2_treatment_1785246344476,21,183084.52349846801,183084.52492084901,183084.5242096585,0.0014223809994291514,5.3193251714983489,10369840045,true,true,5dff3859ad319cb37301e68cfc6fde00723e3a42110ca93adb44c05e97098167
softmax_whole_stage_atc_trace_v1,softmax_whole_stage_operand_rate_atc,softmax_whole_stage_operand_rate_atc_v2,20260728_operand_rate_v2_final_normalization_session02_BCA,normalization,fp16_scalar,20260728_operand_rate_v2_final_normalization_session02_BCA_normalization_fp16_scalar,1,2,20260728_operand_rate_v2_final_normalization_session02_BCA_normalization_fp16_scalar_b1_r2_treatment,treatment,treatment,20260728_operand_rate_v2_final_normalization_session02_BCA_normalization_fp16_scalar_b1_r2_treatment_1785246344476,22,183084.775624542,183084.77882026799,183084.77722240501,0.0031957259925547987,5.5723379180126358,10369902411,true,true,5dff3859ad319cb37301e68cfc6fde00723e3a42110ca93adb44c05e97098167
softmax_whole_stage_atc_trace_v1,softmax_whole_stage_operand_rate_atc,softmax_whole_stage_operand_rate_atc_v2,20260728_operand_rate_v2_final_normalization_session02_BCA,normalization,fp16_scalar,20260728_operand_rate_v2_final_normalization_session02_BCA_normalization_fp16_scalar,1,2,20260728_operand_rate_v2_final_normalization_session02_BCA_normalization_fp16_scalar_b1_r2_treatment,treatment,treatment,20260728_operand_rate_v2_final_normalization_session02_BCA_normalization_fp16_scalar_b1_r2_treatment_1785246344476,23,183085.03018801499,183085.03157070299,183085.03087935899,0.0013826880021952093,5.8259948719933163,10369945013,true,true,5dff3859ad319cb37301e68cfc6fde00723e3a42110ca93adb44c05e97098167
softmax_whole_stage_atc_trace_v1,softmax_whole_stage_operand_rate_atc,softmax_whole_stage_operand_rate_atc_v2,20260728_operand_rate_v2_final_normalization_session02_BCA,normalization,fp16_scalar,20260728_operand_rate_v2_final_normalization_session02_BCA_normalization_fp16_scalar,1,2,20260728_operand_rate_v2_final_normalization_session02_BCA_normalization_fp16_scalar_b1_r2_treatment,treatment,treatment,20260728_operand_rate_v2_final_normalization_session02_BCA_normalization_fp16_scalar_b1_r2_treatment_1785246344476,24,183085.28286756901,183085.285046859,183085.28395721401,0.0021792899933643639,6.0790727270068601,10370007299,true,true,5dff3859ad319cb37301e68cfc6fde00723e3a42110ca93adb44c05e97098167
softmax_whole_stage_atc_trace_v1,softmax_whole_stage_operand_rate_atc,softmax_whole_stage_operand_rate_atc_v2,20260728_operand_rate_v2_final_normalization_session02_BCA,normalization,fp16_scalar,20260728_operand_rate_v2_final_normalization_session02_BCA_normalization_fp16_scalar,1,2,20260728_operand_rate_v2_final_normalization_session02_BCA_normalization_fp16_scalar_b1_r2_treatment,treatment,treatment,20260728_operand_rate_v2_final_normalization_session02_BCA_normalization_fp16_scalar_b1_r2_treatment_1785246344476,25,183085.53521570301,183085.536608314,183085.53591200849,0.0013926109822932631,6.3310275214898866,10370049928,true,true,5dff3859ad319cb37301e68cfc6fde00723e3a42110ca93adb44c05e97098167
softmax_whole_stage_atc_trace_v1,softmax_whole_stage_operand_rate_atc,softmax_whole_stage_operand_rate_atc_v2,20260728_operand_rate_v2_final_normalization_session02_BCA,normalization,fp16_scalar,20260728_operand_rate_v2_final_normalization_session02_BCA_normalization_fp16_scalar,1,2,20260728_operand_rate_v2_final_normalization_session02_BCA_normalization_fp16_scalar_b1_r2_treatment,treatment,treatment,20260728_operand_rate_v2_final_normalization_session02_BCA_normalization_fp16_scalar_b1_r2_treatment_1785246344476,26,183085.7874,183085.79108754001,183085.78924377001,0.0036875400110147893,6.5843592830060516,10370112512,true,true,5dff3859ad319cb37301e68cfc6fde00723e3a42110ca93adb44c05e97098167
softmax_whole_stage_atc_trace_v1,softmax_whole_stage_operand_rate_atc,softmax_whole_stage_operand_rate_atc_v2,20260728_operand_rate_v2_final_normalization_session02_BCA,normalization,fp16_scalar,20260728_operand_rate_v2_final_normalization_session02_BCA_normalization_fp16_scalar,1,2,20260728_operand_rate_v2_final_normalization_session02_BCA_normalization_fp16_scalar_b1_r2_treatment,treatment,treatment,20260728_operand_rate_v2_final_normalization_session02_BCA_normalization_fp16_scalar_b1_r2_treatment_1785246344476,27,183086.04251047299,183086.04391452699,183086.04321249999,0.0014040539972484112,6.8383280129928607,10370155120,true,true,5dff3859ad319cb37301e68cfc6fde00723e3a42110ca93adb44c05e97098167
softmax_whole_stage_atc_trace_v1,softmax_whole_stage_operand_rate_atc,softmax_whole_stage_operand_rate_atc_v2,20260728_operand_rate_v2_final_normalization_session02_BCA,normalization,fp16_scalar,20260728_operand_rate_v2_final_normalization_session02_BCA_normalization_fp16_scalar,1,2,20260728_operand_rate_v2_final_normalization_session02_BCA_normalization_fp16_scalar_b1_r2_treatment,treatment,treatment,20260728_operand_rate_v2_final_normalization_session02_BCA_normalization_fp16_scalar_b1_r2_treatment_1785246344476,28,183086.29505778299,183086.29728557699,183086.29617167998,0.0022277940006460994,7.0912871929758694,10370217333,true,true,5dff3859ad319cb37301e68cfc6fde00723e3a42110ca93adb44c05e97098167
softmax_whole_stage_atc_trace_v1,softmax_whole_stage_operand_rate_atc,softmax_whole_stage_operand_rate_atc_v2,20260728_operand_rate_v2_final_normalization_session02_BCA,normalization,fp16_scalar,20260728_operand_rate_v2_final_normalization_session02_BCA_normalization_fp16_scalar,1,2,20260728_operand_rate_v2_final_normalization_session02_BCA_normalization_fp16_scalar_b1_r2_treatment,treatment,treatment,20260728_operand_rate_v2_final_normalization_session02_BCA_normalization_fp16_scalar_b1_r2_treatment_1785246344476,29,183086.54811776601,183086.549509365,183086.54881356552,0.0013915989839006215,7.3439290785172489,10370259945,true,true,5dff3859ad319cb37301e68cfc6fde00723e3a42110ca93adb44c05e97098167
softmax_whole_stage_atc_trace_v1,softmax_whole_stage_operand_rate_atc,softmax_whole_stage_operand_rate_atc_v2,20260728_operand_rate_v2_final_normalization_session02_BCA,normalization,fp16_scalar,20260728_operand_rate_v2_final_normalization_session02_BCA_normalization_fp16_scalar,1,2,20260728_operand_rate_v2_final_normalization_session02_BCA_normalization_fp16_scalar_b1_r2_treatment,treatment,treatment,20260728_operand_rate_v2_final_normalization_session02_BCA_normalization_fp16_scalar_b1_r2_treatment_1785246344476,30,183086.80033659301,183086.803371824,183086.80185420852,0.0030352309986483306,7.5969697215186898,10370322243,true,true,5dff3859ad319cb37301e68cfc6fde00723e3a42110ca93adb44c05e97098167
softmax_whole_stage_atc_trace_v1,softmax_whole_stage_operand_rate_atc,softmax_whole_stage_operand_rate_atc_v2,20260728_operand_rate_v2_final_normalization_session02_BCA,normalization,fp16_scalar,20260728_operand_rate_v2_final_normalization_session02_BCA_normalization_fp16_scalar,1,2,20260728_operand_rate_v2_final_normalization_session02_BCA_normalization_fp16_scalar_b1_r2_treatment,treatment,treatment,20260728_operand_rate_v2_final_normalization_session02_BCA_normalization_fp16_scalar_b1_r2_treatment_1785246344476,31,183087.05488508,183087.05627353999,183087.05557930999,0.0013884599902667105,7.8506948229914997,10370364803,true,true,5dff3859ad319cb37301e68cfc6fde00723e3a42110ca93adb44c05e97098167
softmax_whole_stage_atc_trace_v1,softmax_whole_stage_operand_rate_atc,softmax_whole_stage_operand_rate_atc_v2,20260728_operand_rate_v2_final_normalization_session02_BCA,normalization,fp16_scalar,20260728_operand_rate_v2_final_normalization_session02_BCA_normalization_fp16_scalar,1,2,20260728_operand_rate_v2_final_normalization_session02_BCA_normalization_fp16_scalar_b1_r2_treatment,treatment,treatment,20260728_operand_rate_v2_final_normalization_session02_BCA_normalization_fp16_scalar_b1_r2_treatment_1785246344476,32,183087.30653280701,183087.30955467201,183087.30804373953,0.0030218650063034147,8.1031592525250744,10370426924,true,true,5dff3859ad319cb37301e68cfc6fde00723e3a42110ca93adb44c05e97098167
softmax_whole_stage_atc_trace_v1,softmax_whole_stage_operand_rate_atc,softmax_whole_stage_operand_rate_atc_v2,20260728_operand_rate_v2_final_normalization_session02_BCA,normalization,fp16_scalar,20260728_operand_rate_v2_final_normalization_session02_BCA_normalization_fp16_scalar,1,2,20260728_operand_rate_v2_final_normalization_session02_BCA_normalization_fp16_scalar_b1_r2_treatment,treatment,treatment,20260728_operand_rate_v2_final_normalization_session02_BCA_normalization_fp16_scalar_b1_r2_treatment_1785246344476,33,183087.559775562,183087.56117830001,183087.56047693099,0.0014027380093466491,8.3555924439860974,10370469431,true,true,5dff3859ad319cb37301e68cfc6fde00723e3a42110ca93adb44c05e97098167
softmax_whole_stage_atc_trace_v1,softmax_whole_stage_operand_rate_atc,softmax_whole_stage_operand_rate_atc_v2,20260728_operand_rate_v2_final_normalization_session02_BCA,normalization,fp16_scalar,20260728_operand_rate_v2_final_normalization_session02_BCA_normalization_fp16_scalar,1,2,20260728_operand_rate_v2_final_normalization_session02_BCA_normalization_fp16_scalar_b1_r2_treatment,treatment,treatment,20260728_operand_rate_v2_final_normalization_session02_BCA_normalization_fp16_scalar_b1_r2_treatment_1785246344476,34,183087.81205757399,183087.815650437,183087.81385400548,0.0035928630095440894,8.6089695184782613,10370531733,true,true,5dff3859ad319cb37301e68cfc6fde00723e3a42110ca93adb44c05e97098167
softmax_whole_stage_atc_trace_v1,softmax_whole_stage_operand_rate_atc,softmax_whole_stage_operand_rate_atc_v2,20260728_operand_rate_v2_final_normalization_session02_BCA,normalization,fp16_scalar,20260728_operand_rate_v2_final_normalization_session02_BCA_normalization_fp16_scalar,1,2,20260728_operand_rate_v2_final_normalization_session02_BCA_normalization_fp16_scalar_b1_r2_treatment,treatment,treatment,20260728_operand_rate_v2_final_normalization_session02_BCA_normalization_fp16_scalar_b1_r2_treatment_1785246344476,35,183088.06857260701,183088.06998324301,183088.06927792501,0.0014106360031291842,8.8643934380088467,10370574276,true,true,5dff3859ad319cb37301e68cfc6fde00723e3a42110ca93adb44c05e97098167
softmax_whole_stage_atc_trace_v1,softmax_whole_stage_operand_rate_atc,softmax_whole_stage_operand_rate_atc_v2,20260728_operand_rate_v2_final_normalization_session02_BCA,normalization,fp16_scalar,20260728_operand_rate_v2_final_normalization_session02_BCA_normalization_fp16_scalar,1,2,20260728_operand_rate_v2_final_normalization_session02_BCA_normalization_fp16_scalar_b1_r2_treatment,treatment,treatment,20260728_operand_rate_v2_final_normalization_session02_BCA_normalization_fp16_scalar_b1_r2_treatment_1785246344476,36,183088.32086049201,183088.322302316,183088.32158140402,0.0014418239879887551,9.1166969170153607,10370636094,true,true,5dff3859ad319cb37301e68cfc6fde00723e3a42110ca93adb44c05e97098167
softmax_whole_stage_atc_trace_v1,softmax_whole_stage_operand_rate_atc,softmax_whole_stage_operand_rate_atc_v2,20260728_operand_rate_v2_final_normalization_session02_BCA,normalization,fp16_scalar,20260728_operand_rate_v2_final_normalization_session02_BCA_normalization_fp16_scalar,1,2,20260728_operand_rate_v2_final_normalization_session02_BCA_normalization_fp16_scalar_b1_r2_treatment,treatment,treatment,20260728_operand_rate_v2_final_normalization_session02_BCA_normalization_fp16_scalar_b1_r2_treatment_1785246344476,37,183088.57487564901,183088.576284462,183088.57558005551,0.0014088129973970354,9.3706955685047433,10370678563,true,true,5dff3859ad319cb37301e68cfc6fde00723e3a42110ca93adb44c05e97098167
softmax_whole_stage_atc_trace_v1,softmax_whole_stage_operand_rate_atc,softmax_whole_stage_operand_rate_atc_v2,20260728_operand_rate_v2_final_normalization_session02_BCA,normalization,fp16_scalar,20260728_operand_rate_v2_final_normalization_session02_BCA_normalization_fp16_scalar,1,2,20260728_operand_rate_v2_final_normalization_session02_BCA_normalization_fp16_scalar_b1_r2_treatment,treatment,treatment,20260728_operand_rate_v2_final_normalization_session02_BCA_normalization_fp16_scalar_b1_r2_treatment_1785246344476,38,183088.82707037599,183088.828479291,183088.82777483348,0.0014089150063227862,9.622890346479835,10370740389,true,true,5dff3859ad319cb37301e68cfc6fde00723e3a42110ca93adb44c05e97098167
softmax_whole_stage_atc_trace_v1,softmax_whole_stage_operand_rate_atc,softmax_whole_stage_operand_rate_atc_v2,20260728_operand_rate_v2_final_normalization_session02_BCA,normalization,fp16_scalar,20260728_operand_rate_v2_final_normalization_session02_BCA_normalization_fp16_scalar,1,2,20260728_operand_rate_v2_final_normalization_session02_BCA_normalization_fp16_scalar_b1_r2_treatment,treatment,treatment,20260728_operand_rate_v2_final_normalization_session02_BCA_normalization_fp16_scalar_b1_r2_treatment_1785246344476,39,183089.07962811599,183089.08105495301,183089.08034153451,0.001426837028702721,9.875457047513919,10370782869,true,true,5dff3859ad319cb37301e68cfc6fde00723e3a42110ca93adb44c05e97098167
softmax_whole_stage_atc_trace_v1,softmax_whole_stage_operand_rate_atc,softmax_whole_stage_operand_rate_atc_v2,20260728_operand_rate_v2_final_normalization_session02_BCA,normalization,fp16_scalar,20260728_operand_rate_v2_final_normalization_session02_BCA_normalization_fp16_scalar,1,2,20260728_operand_rate_v2_final_normalization_session02_BCA_normalization_fp16_scalar_b1_r2_treatment,treatment,treatment,20260728_operand_rate_v2_final_normalization_session02_BCA_normalization_fp16_scalar_b1_r2_treatment_1785246344476,40,183089.331768467,183089.334127796,183089.33294813149,0.0023593289952259511,10.128063644486247,10370845111,true,true,5dff3859ad319cb37301e68cfc6fde00723e3a42110ca93adb44c05e97098167
softmax_whole_stage_atc_trace_v1,softmax_whole_stage_operand_rate_atc,softmax_whole_stage_operand_rate_atc_v2,20260728_operand_rate_v2_final_normalization_session02_BCA,normalization,fp16_scalar,20260728_operand_rate_v2_final_normalization_session02_BCA_normalization_fp16_scalar,1,2,20260728_operand_rate_v2_final_normalization_session02_BCA_normalization_fp16_scalar_b1_r2_treatment,treatment,treatment,20260728_operand_rate_v2_final_normalization_session02_BCA_normalization_fp16_scalar_b1_r2_treatment_1785246344476,41,183089.58421826499,183089.58560135899,183089.58490981199,0.0013830940006300807,10.380025324993767,10370887797,true,true,5dff3859ad319cb37301e68cfc6fde00723e3a42110ca93adb44c05e97098167
softmax_whole_stage_atc_trace_v1,softmax_whole_stage_operand_rate_atc,softmax_whole_stage_operand_rate_atc_v2,20260728_operand_rate_v2_final_normalization_session02_BCA,normalization,fp16_scalar,20260728_operand_rate_v2_final_normalization_session02_BCA_normalization_fp16_scalar,1,2,20260728_operand_rate_v2_final_normalization_session02_BCA_normalization_fp16_scalar_b1_r2_treatment,treatment,treatment,20260728_operand_rate_v2_final_normalization_session02_BCA_normalization_fp16_scalar_b1_r2_treatment_1785246344476,42,183089.83620834901,183089.84024249701,183089.83822542301,0.0040341480053029954,10.633340936008608,10370950410,true,true,5dff3859ad319cb37301e68cfc6fde00723e3a42110ca93adb44c05e97098167
softmax_whole_stage_atc_trace_v1,softmax_whole_stage_operand_rate_atc,softmax_whole_stage_operand_rate_atc_v2,20260728_operand_rate_v2_final_normalization_session02_BCA,normalization,fp16_scalar,20260728_operand_rate_v2_final_normalization_session02_BCA_normalization_fp16_scalar,1,2,20260728_operand_rate_v2_final_normalization_session02_BCA_normalization_fp16_scalar_b1_r2_treatment,treatment,treatment,20260728_operand_rate_v2_final_normalization_session02_BCA_normalization_fp16_scalar_b1_r2_treatment_1785246344476,43,183090.09324182599,183090.09461904599,183090.09393043601,0.0013772200036328286,10.889045949006686,10370993060,true,true,5dff3859ad319cb37301e68cfc6fde00723e3a42110ca93adb44c05e97098167
softmax_whole_stage_atc_trace_v1,softmax_whole_stage_operand_rate_atc,softmax_whole_stage_operand_rate_atc_v2,20260728_operand_rate_v2_final_normalization_session02_BCA,normalization,fp16_scalar,20260728_operand_rate_v2_final_normalization_session02_BCA_normalization_fp16_scalar,1,2,20260728_operand_rate_v2_final_normalization_session02_BCA_normalization_fp16_scalar_b1_r2_treatment,treatment,treatment,20260728_operand_rate_v2_final_normalization_session02_BCA_normalization_fp16_scalar_b1_r2_treatment_1785246344476,44,183090.345207101,183090.34665064601,183090.34592887352,0.0014435450138989836,11.141044386517024,10371055051,true,true,5dff3859ad319cb37301e68cfc6fde00723e3a42110ca93adb44c05e97098167
softmax_whole_stage_atc_trace_v1,softmax_whole_stage_operand_rate_atc,softmax_whole_stage_operand_rate_atc_v2,20260728_operand_rate_v2_final_normalization_session02_BCA,normalization,fp16_scalar,20260728_operand_rate_v2_final_normalization_session02_BCA_normalization_fp16_scalar,1,2,20260728_operand_rate_v2_final_normalization_session02_BCA_normalization_fp16_scalar_b1_r2_treatment,treatment,treatment,20260728_operand_rate_v2_final_normalization_session02_BCA_normalization_fp16_scalar_b1_r2_treatment_1785246344476,45,183090.59955884199,183090.600947403,183090.60025312251,0.0013885610096622258,11.39536863550893,10371097618,true,true,5dff3859ad319cb37301e68cfc6fde00723e3a42110ca93adb44c05e97098167
softmax_whole_stage_atc_trace_v1,softmax_whole_stage_operand_rate_atc,softmax_whole_stage_operand_rate_atc_v2,20260728_operand_rate_v2_final_normalization_session02_BCA,normalization,fp16_scalar,20260728_operand_rate_v2_final_normalization_session02_BCA_normalization_fp16_scalar,1,2,20260728_operand_rate_v2_final_normalization_session02_BCA_normalization_fp16_scalar_b1_r2_treatment,treatment,treatment,20260728_operand_rate_v2_final_normalization_session02_BCA_normalization_fp16_scalar_b1_r2_treatment_1785246344476,46,183090.85143784399,183090.852860226,183090.852149035,0.0014223820180632174,11.647264547995292,10371159471,true,true,5dff3859ad319cb37301e68cfc6fde00723e3a42110ca93adb44c05e97098167
softmax_whole_stage_atc_trace_v1,softmax_whole_stage_operand_rate_atc,softmax_whole_stage_operand_rate_atc_v2,20260728_operand_rate_v2_final_normalization_session02_BCA,normalization,fp16_scalar,20260728_operand_rate_v2_final_normalization_session02_BCA_normalization_fp16_scalar,1,2,20260728_operand_rate_v2_final_normalization_session02_BCA_normalization_fp16_scalar_b1_r2_treatment,treatment,treatment,20260728_operand_rate_v2_final_normalization_session02_BCA_normalization_fp16_scalar_b1_r2_treatment_1785246344476,47,183091.10540054899,183091.10680551399,183091.10610303149,0.0014049650053493679,11.901218544488074,10371202000,true,true,5dff3859ad319cb37301e68cfc6fde00723e3a42110ca93adb44c05e97098167
softmax_whole_stage_atc_trace_v1,softmax_whole_stage_operand_rate_atc,softmax_whole_stage_operand_rate_atc_v2,20260728_operand_rate_v2_final_normalization_session02_BCA,normalization,fp16_scalar,20260728_operand_rate_v2_final_normalization_session02_BCA_normalization_fp16_scalar,1,2,20260728_operand_rate_v2_final_normalization_session02_BCA_normalization_fp16_scalar_b1_r2_treatment,treatment,treatment,20260728_operand_rate_v2_final_normalization_session02_BCA_normalization_fp16_scalar_b1_r2_treatment_1785246344476,48,183091.35725190799,183091.35870699599,183091.357979452,0.0014550880005117506,12.153094965004129,10371263873,true,true,5dff3859ad319cb37301e68cfc6fde00723e3a42110ca93adb44c05e97098167
softmax_whole_stage_atc_trace_v1,softmax_whole_stage_operand_rate_atc,softmax_whole_stage_operand_rate_atc_v2,20260728_operand_rate_v2_final_normalization_session02_BCA,normalization,fp16_scalar,20260728_operand_rate_v2_final_normalization_session02_BCA_normalization_fp16_scalar,1,2,20260728_operand_rate_v2_final_normalization_session02_BCA_normalization_fp16_scalar_b1_r2_treatment,treatment,treatment,20260728_operand_rate_v2_final_normalization_session02_BCA_normalization_fp16_scalar_b1_r2_treatment_1785246344476,49,183091.611774574,183091.61316171699,183091.6124681455,0.0013871429837308824,12.407583658496151,10371306389,true,true,5dff3859ad319cb37301e68cfc6fde00723e3a42110ca93adb44c05e97098167
softmax_whole_stage_atc_trace_v1,softmax_whole_stage_operand_rate_atc,softmax_whole_stage_operand_rate_atc_v2,20260728_operand_rate_v2_final_normalization_session02_BCA,normalization,fp16_scalar,20260728_operand_rate_v2_final_normalization_session02_BCA_normalization_fp16_scalar,1,2,20260728_operand_rate_v2_final_normalization_session02_BCA_normalization_fp16_scalar_b1_r2_treatment,treatment,treatment,20260728_operand_rate_v2_final_normalization_session02_BCA_normalization_fp16_scalar_b1_r2_treatment_1785246344476,50,183091.86362218601,183091.865027758,183091.864324972,0.0014055719948373735,12.65944048500387,10371368131,true,true,5dff3859ad319cb37301e68cfc6fde00723e3a42110ca93adb44c05e97098167
softmax_whole_stage_atc_trace_v1,softmax_whole_stage_operand_rate_atc,softmax_whole_stage_operand_rate_atc_v2,20260728_operand_rate_v2_final_normalization_session02_BCA,normalization,fp16_scalar,20260728_operand_rate_v2_final_normalization_session02_BCA_normalization_fp16_scalar,1,2,20260728_operand_rate_v2_final_normalization_session02_BCA_normalization_fp16_scalar_b1_r2_treatment,treatment,treatment,20260728_operand_rate_v2_final_normalization_session02_BCA_normalization_fp16_scalar_b1_r2_treatment_1785246344476,51,183092.116399961,183092.11776492899,183092.11708244501,0.0013649679895024747,12.912197958008619,10371410622,true,true,5dff3859ad319cb37301e68cfc6fde00723e3a42110ca93adb44c05e97098167
softmax_whole_stage_atc_trace_v1,softmax_whole_stage_operand_rate_atc,softmax_whole_stage_operand_rate_atc_v2,20260728_operand_rate_v2_final_normalization_session02_BCA,normalization,fp16_scalar,20260728_operand_rate_v2_final_normalization_session02_BCA_normalization_fp16_scalar,1,2,20260728_operand_rate_v2_final_normalization_session02_BCA_normalization_fp16_scalar_b1_r2_treatment,treatment,treatment,20260728_operand_rate_v2_final_normalization_session02_BCA_normalization_fp16_scalar_b1_r2_treatment_1785246344476,52,183092.36802703101,183092.370928702,183092.36947786651,0.0029016709886491299,13.164593379508005,10371472778,true,false,5dff3859ad319cb37301e68cfc6fde00723e3a42110ca93adb44c05e97098167
softmax_whole_stage_atc_trace_v1,softmax_whole_stage_operand_rate_atc,softmax_whole_stage_operand_rate_atc_v2,20260728_operand_rate_v2_final_normalization_session02_BCA,normalization,fp16_scalar,20260728_operand_rate_v2_final_normalization_session02_BCA_normalization_fp16_scalar,1,2,20260728_operand_rate_v2_final_normalization_session02_BCA_normalization_fp16_scalar_b1_r2_treatment,treatment,treatment,20260728_operand_rate_v2_final_normalization_session02_BCA_normalization_fp16_scalar_b1_r2_treatment_1785246344476,53,183092.62414776301,183092.62560194,183092.62487485149,0.0014541769924107939,13.419990364491241,10371515335,true,false,5dff3859ad319cb37301e68cfc6fde00723e3a42110ca93adb44c05e97098167
softmax_whole_stage_atc_trace_v1,softmax_whole_stage_operand_rate_atc,softmax_whole_stage_operand_rate_atc_v2,20260728_operand_rate_v2_final_normalization_session02_BCA,normalization,fp16_scalar,20260728_operand_rate_v2_final_normalization_session02_BCA_normalization_fp16_scalar,1,2,20260728_operand_rate_v2_final_normalization_session02_BCA_normalization_fp16_scalar_b1_r2_treatment,treatment,treatment,20260728_operand_rate_v2_final_normalization_session02_BCA_normalization_fp16_scalar_b1_r2_treatment_1785246344476,54,183092.8758259,183092.87728757301,183092.8765567365,0.0014616730040870607,13.671672249503899,10371567484,true,false,5dff3859ad319cb37301e68cfc6fde00723e3a42110ca93adb44c05e97098167
softmax_whole_stage_atc_trace_v1,softmax_whole_stage_operand_rate_atc,softmax_whole_stage_operand_rate_atc_v2,20260728_operand_rate_v2_final_normalization_session02_BCA,normalization,fp16_scalar,20260728_operand_rate_v2_final_normalization_session02_BCA_normalization_fp16_scalar,1,2,20260728_operand_rate_v2_final_normalization_session02_BCA_normalization_fp16_scalar_b1_r2_treatment,treatment,treatment,20260728_operand_rate_v2_final_normalization_session02_BCA_normalization_fp16_scalar_b1_r2_treatment_1785246344476,55,183092.87729334401,183092.87857183901,183092.87793259151,0.0012784950085915625,13.67304810450878,10371567484,false,false,5dff3859ad319cb37301e68cfc6fde00723e3a42110ca93adb44c05e97098167
softmax_whole_stage_atc_trace_v1,softmax_whole_stage_operand_rate_atc,softmax_whole_stage_operand_rate_atc_v2,20260728_operand_rate_v2_final_normalization_session02_BCA,normalization,fp16x2,20260728_operand_rate_v2_final_normalization_session02_BCA_normalization_fp16x2,0,0,20260728_operand_rate_v2_final_normalization_session02_BCA_normalization_fp16x2_b0_r0_control,control,control,20260728_operand_rate_v2_final_normalization_session02_BCA_normalization_fp16x2_b0_r0_control_1785246358776,0,183093.91365016301,183093.91525126901,183093.91445071599,0.0016011059924494475,0.00089361000573262572,10371700167,false,false,5dff3859ad319cb37301e68cfc6fde00723e3a42110ca93adb44c05e97098167
softmax_whole_stage_atc_trace_v1,softmax_whole_stage_operand_rate_atc,softmax_whole_stage_operand_rate_atc_v2,20260728_operand_rate_v2_final_normalization_session02_BCA,normalization,fp16x2,20260728_operand_rate_v2_final_normalization_session02_BCA_normalization_fp16x2,0,0,20260728_operand_rate_v2_final_normalization_session02_BCA_normalization_fp16x2_b0_r0_control,control,control,20260728_operand_rate_v2_final_normalization_session02_BCA_normalization_fp16x2_b0_r0_control_1785246358776,1,183094.168509935,183094.17286882701,183094.17068938102,0.0043588920088950545,0.2571322750300169,10371759714,true,false,5dff3859ad319cb37301e68cfc6fde00723e3a42110ca93adb44c05e97098167
softmax_whole_stage_atc_trace_v1,softmax_whole_stage_operand_rate_atc,softmax_whole_stage_operand_rate_atc_v2,20260728_operand_rate_v2_final_normalization_session02_BCA,normalization,fp16x2,20260728_operand_rate_v2_final_normalization_session02_BCA_normalization_fp16x2,0,0,20260728_operand_rate_v2_final_normalization_session02_BCA_normalization_fp16x2_b0_r0_control,control,control,20260728_operand_rate_v2_final_normalization_session02_BCA_normalization_fp16x2_b0_r0_control_1785246358776,2,183094.42331067301,183094.42471452599,183094.42401259951,0.0014038529770914465,0.51045549352420494,10371805562,true,false,5dff3859ad319cb37301e68cfc6fde00723e3a42110ca93adb44c05e97098167
softmax_whole_stage_atc_trace_v1,softmax_whole_stage_operand_rate_atc,softmax_whole_stage_operand_rate_atc_v2,20260728_operand_rate_v2_final_normalization_session02_BCA,normalization,fp16x2,20260728_operand_rate_v2_final_normalization_session02_BCA_normalization_fp16x2,0,0,20260728_operand_rate_v2_final_normalization_session02_BCA_normalization_fp16x2_b0_r0_control,control,control,20260728_operand_rate_v2_final_normalization_session02_BCA_normalization_fp16x2_b0_r0_control_1785246358776,3,183094.678032125,183094.67953440201,183094.67878326349,0.0015022770094219595,0.76522615749854594,10371872656,true,true,5dff3859ad319cb37301e68cfc6fde00723e3a42110ca93adb44c05e97098167
softmax_whole_stage_atc_trace_v1,softmax_whole_stage_operand_rate_atc,softmax_whole_stage_operand_rate_atc_v2,20260728_operand_rate_v2_final_normalization_session02_BCA,normalization,fp16x2,20260728_operand_rate_v2_final_normalization_session02_BCA_normalization_fp16x2,0,0,20260728_operand_rate_v2_final_normalization_session02_BCA_normalization_fp16x2_b0_r0_control,control,control,20260728_operand_rate_v2_final_normalization_session02_BCA_normalization_fp16x2_b0_r0_control_1785246358776,4,183094.932823446,183094.93421180599,183094.93351762599,0.0013883599895052612,1.0199605200032238,10371918136,true,true,5dff3859ad319cb37301e68cfc6fde00723e3a42110ca93adb44c05e97098167
softmax_whole_stage_atc_trace_v1,softmax_whole_stage_operand_rate_atc,softmax_whole_stage_operand_rate_atc_v2,20260728_operand_rate_v2_final_normalization_session02_BCA,normalization,fp16x2,20260728_operand_rate_v2_final_normalization_session02_BCA_normalization_fp16x2,0,0,20260728_operand_rate_v2_final_normalization_session02_BCA_normalization_fp16x2_b0_r0_control,control,control,20260728_operand_rate_v2_final_normalization_session02_BCA_normalization_fp16x2_b0_r0_control_1785246358776,5,183095.187471991,183095.188854682,183095.18816333648,0.0013826909998897463,1.2746062304941006,10371984372,true,true,5dff3859ad319cb37301e68cfc6fde00723e3a42110ca93adb44c05e97098167
softmax_whole_stage_atc_trace_v1,softmax_whole_stage_operand_rate_atc,softmax_whole_stage_operand_rate_atc_v2,20260728_operand_rate_v2_final_normalization_session02_BCA,normalization,fp16x2,20260728_operand_rate_v2_final_normalization_session02_BCA_normalization_fp16x2,0,0,20260728_operand_rate_v2_final_normalization_session02_BCA_normalization_fp16x2_b0_r0_control,control,control,20260728_operand_rate_v2_final_normalization_session02_BCA_normalization_fp16x2_b0_r0_control_1785246358776,6,183095.439323867,183095.44076316099,183095.44004351401,0.0014392939920071512,1.5264864080236293,10372029235,true,true,5dff3859ad319cb37301e68cfc6fde00723e3a42110ca93adb44c05e97098167
softmax_whole_stage_atc_trace_v1,softmax_whole_stage_operand_rate_atc,softmax_whole_stage_operand_rate_atc_v2,20260728_operand_rate_v2_final_normalization_session02_BCA,normalization,fp16x2,20260728_operand_rate_v2_final_normalization_session02_BCA_normalization_fp16x2,0,0,20260728_operand_rate_v2_final_normalization_session02_BCA_normalization_fp16x2_b0_r0_control,control,control,20260728_operand_rate_v2_final_normalization_session02_BCA_normalization_fp16x2_b0_r0_control_1785246358776,7,183095.694082481,183095.69544735001,183095.6947649155,0.0013648690073750913,1.7812078095157631,10372095345,true,true,5dff3859ad319cb37301e68cfc6fde00723e3a42110ca93adb44c05e97098167
softmax_whole_stage_atc_trace_v1,softmax_whole_stage_operand_rate_atc,softmax_whole_stage_operand_rate_atc_v2,20260728_operand_rate_v2_final_normalization_session02_BCA,normalization,fp16x2,20260728_operand_rate_v2_final_normalization_session02_BCA_normalization_fp16x2,0,0,20260728_operand_rate_v2_final_normalization_session02_BCA_normalization_fp16x2_b0_r0_control,control,control,20260728_operand_rate_v2_final_normalization_session02_BCA_normalization_fp16x2_b0_r0_control_1785246358776,8,183095.947353906,183095.948745912,183095.948049909,0.001392006000969559,2.0344928030099254,10372140049,true,true,5dff3859ad319cb37301e68cfc6fde00723e3a42110ca93adb44c05e97098167
softmax_whole_stage_atc_trace_v1,softmax_whole_stage_operand_rate_atc,softmax_whole_stage_operand_rate_atc_v2,20260728_operand_rate_v2_final_normalization_session02_BCA,normalization,fp16x2,20260728_operand_rate_v2_final_normalization_session02_BCA_normalization_fp16x2,0,0,20260728_operand_rate_v2_final_normalization_session02_BCA_normalization_fp16x2_b0_r0_control,control,control,20260728_operand_rate_v2_final_normalization_session02_BCA_normalization_fp16x2_b0_r0_control_1785246358776,9,183096.199671471,183096.20105497201,183096.20036322152,0.0013835010176990181,2.2868061155313626,10372205799,true,true,5dff3859ad319cb37301e68cfc6fde00723e3a42110ca93adb44c05e97098167
softmax_whole_stage_atc_trace_v1,softmax_whole_stage_operand_rate_atc,softmax_whole_stage_operand_rate_atc_v2,20260728_operand_rate_v2_final_normalization_session02_BCA,normalization,fp16x2,20260728_operand_rate_v2_final_normalization_session02_BCA_normalization_fp16x2,0,0,20260728_operand_rate_v2_final_normalization_session02_BCA_normalization_fp16x2_b0_r0_control,control,control,20260728_operand_rate_v2_final_normalization_session02_BCA_normalization_fp16x2_b0_r0_control_1785246358776,10,183096.454368317,183096.45580366199,183096.4550859895,0.0014353449805639684,2.5415288835065439,10372250761,true,true,5dff3859ad319cb37301e68cfc6fde00723e3a42110ca93adb44c05e97098167
softmax_whole_stage_atc_trace_v1,softmax_whole_stage_operand_rate_atc,softmax_whole_stage_operand_rate_atc_v2,20260728_operand_rate_v2_final_normalization_session02_BCA,normalization,fp16x2,20260728_operand_rate_v2_final_normalization_session02_BCA_normalization_fp16x2,0,0,20260728_operand_rate_v2_final_normalization_session02_BCA_normalization_fp16x2_b0_r0_control,control,control,20260728_operand_rate_v2_final_normalization_session02_BCA_normalization_fp16x2_b0_r0_control_1785246358776,11,183096.709082783,183096.710469118,183096.7097759505,0.0013863350031897426,2.7962188445089851,10372316456,true,true,5dff3859ad319cb37301e68cfc6fde00723e3a42110ca93adb44c05e97098167
softmax_whole_stage_atc_trace_v1,softmax_whole_stage_operand_rate_atc,softmax_whole_stage_operand_rate_atc_v2,20260728_operand_rate_v2_final_normalization_session02_BCA,normalization,fp16x2,20260728_operand_rate_v2_final_normalization_session02_BCA_normalization_fp16x2,0,0,20260728_operand_rate_v2_final_normalization_session02_BCA_normalization_fp16x2_b0_r0_control,control,control,20260728_operand_rate_v2_final_normalization_session02_BCA_normalization_fp16x2_b0_r0_control_1785246358776,12,183096.96378388201,183096.96681365001,183096.96529876601,0.0030297680059447885,3.0517416600196157,10372360712,true,true,5dff3859ad319cb37301e68cfc6fde00723e3a42110ca93adb44c05e97098167
softmax_whole_stage_atc_trace_v1,softmax_whole_stage_operand_rate_atc,softmax_whole_stage_operand_rate_atc_v2,20260728_operand_rate_v2_final_normalization_session02_BCA,normalization,fp16x2,20260728_operand_rate_v2_final_normalization_session02_BCA_normalization_fp16x2,0,0,20260728_operand_rate_v2_final_normalization_session02_BCA_normalization_fp16x2_b0_r0_control,control,control,20260728_operand_rate_v2_final_normalization_session02_BCA_normalization_fp16x2_b0_r0_control_1785246358776,13,183097.22010147799,183097.221481941,183097.22079170949,0.001380463014356792,3.3072346035041846,10372430161,true,true,5dff3859ad319cb37301e68cfc6fde00723e3a42110ca93adb44c05e97098167
softmax_whole_stage_atc_trace_v1,softmax_whole_stage_operand_rate_atc,softmax_whole_stage_operand_rate_atc_v2,20260728_operand_rate_v2_final_normalization_session02_BCA,normalization,fp16x2,20260728_operand_rate_v2_final_normalization_session02_BCA_normalization_fp16x2,0,0,20260728_operand_rate_v2_final_normalization_session02_BCA_normalization_fp16x2_b0_r0_control,control,control,20260728_operand_rate_v2_final_normalization_session02_BCA_normalization_fp16x2_b0_r0_control_1785246358776,14,183097.474771693,183097.476141119,183097.47545640601,0.0013694259978365153,3.561899300024379,10372473430,true,true,5dff3859ad319cb37301e68cfc6fde00723e3a42110ca93adb44c05e97098167
softmax_whole_stage_atc_trace_v1,softmax_whole_stage_operand_rate_atc,softmax_whole_stage_operand_rate_atc_v2,20260728_operand_rate_v2_final_normalization_session02_BCA,normalization,fp16x2,20260728_operand_rate_v2_final_normalization_session02_BCA_normalization_fp16x2,0,0,20260728_operand_rate_v2_final_normalization_session02_BCA_normalization_fp16x2_b0_r0_control,control,control,20260728_operand_rate_v2_final_normalization_session02_BCA_normalization_fp16x2_b0_r0_control_1785246358776,15,183097.72945527401,183097.73082510501,183097.73014018952,0.0013698310067411512,3.8165830835350789,10372542213,true,true,5dff3859ad319cb37301e68cfc6fde00723e3a42110ca93adb44c05e97098167
softmax_whole_stage_atc_trace_v1,softmax_whole_stage_operand_rate_atc,softmax_whole_stage_operand_rate_atc_v2,20260728_operand_rate_v2_final_normalization_session02_BCA,normalization,fp16x2,20260728_operand_rate_v2_final_normalization_session02_BCA_normalization_fp16x2,0,0,20260728_operand_rate_v2_final_normalization_session02_BCA_normalization_fp16x2_b0_r0_control,control,control,20260728_operand_rate_v2_final_normalization_session02_BCA_normalization_fp16x2_b0_r0_control_1785246358776,16,183097.982459477,183097.983827788,183097.9831436325,0.0013683110009878874,4.0695865265151951,10372584805,true,true,5dff3859ad319cb37301e68cfc6fde00723e3a42110ca93adb44c05e97098167
softmax_whole_stage_atc_trace_v1,softmax_whole_stage_operand_rate_atc,softmax_whole_stage_operand_rate_atc_v2,20260728_operand_rate_v2_final_normalization_session02_BCA,normalization,fp16x2,20260728_operand_rate_v2_final_normalization_session02_BCA_normalization_fp16x2,0,0,20260728_operand_rate_v2_final_normalization_session02_BCA_normalization_fp16x2_b0_r0_control,control,control,20260728_operand_rate_v2_final_normalization_session02_BCA_normalization_fp16x2_b0_r0_control_1785246358776,17,183098.237123414,183098.24202313001,183098.239573272,0.0048997160047292709,4.3260161660145968,10372653401,true,true,5dff3859ad319cb37301e68cfc6fde00723e3a42110ca93adb44c05e97098167
softmax_whole_stage_atc_trace_v1,softmax_whole_stage_operand_rate_atc,softmax_whole_stage_operand_rate_atc_v2,20260728_operand_rate_v2_final_normalization_session02_BCA,normalization,fp16x2,20260728_operand_rate_v2_final_normalization_session02_BCA_normalization_fp16x2,0,0,20260728_operand_rate_v2_final_normalization_session02_BCA_normalization_fp16x2_b0_r0_control,control,control,20260728_operand_rate_v2_final_normalization_session02_BCA_normalization_fp16x2_b0_r0_control_1785246358776,18,183098.49534781699,183098.496761188,183098.4960545025,0.0014133710064925253,4.5824973965063691,10372699576,true,true,5dff3859ad319cb37301e68cfc6fde00723e3a42110ca93adb44c05e97098167
softmax_whole_stage_atc_trace_v1,softmax_whole_stage_operand_rate_atc,softmax_whole_stage_operand_rate_atc_v2,20260728_operand_rate_v2_final_normalization_session02_BCA,normalization,fp16x2,20260728_operand_rate_v2_final_normalization_session02_BCA_normalization_fp16x2,0,0,20260728_operand_rate_v2_final_normalization_session02_BCA_normalization_fp16x2_b0_r0_control,control,control,20260728_operand_rate_v2_final_normalization_session02_BCA_normalization_fp16x2_b0_r0_control_1785246358776,19,183098.750055396,183098.75142846699,183098.75074193149,0.0013730709906667471,4.8371848255046643,10372766427,true,true,5dff3859ad319cb37301e68cfc6fde00723e3a42110ca93adb44c05e97098167
softmax_whole_stage_atc_trace_v1,softmax_whole_stage_operand_rate_atc,softmax_whole_stage_operand_rate_atc_v2,20260728_operand_rate_v2_final_normalization_session02_BCA,normalization,fp16x2,20260728_operand_rate_v2_final_normalization_session02_BCA_normalization_fp16x2,0,0,20260728_operand_rate_v2_final_normalization_session02_BCA_normalization_fp16x2_b0_r0_control,control,control,20260728_operand_rate_v2_final_normalization_session02_BCA_normalization_fp16x2_b0_r0_control_1785246358776,20,183099.00474920499,183099.006124301,183099.00543675298,0.0013750960060860962,5.0918796469923109,10372811713,true,true,5dff3859ad319cb37301e68cfc6fde00723e3a42110ca93adb44c05e97098167
softmax_whole_stage_atc_trace_v1,softmax_whole_stage_operand_rate_atc,softmax_whole_stage_operand_rate_atc_v2,20260728_operand_rate_v2_final_normalization_session02_BCA,normalization,fp16x2,20260728_operand_rate_v2_final_normalization_session02_BCA_normalization_fp16x2,0,0,20260728_operand_rate_v2_final_normalization_session02_BCA_normalization_fp16x2_b0_r0_control,control,control,20260728_operand_rate_v2_final_normalization_session02_BCA_normalization_fp16x2_b0_r0_control_1785246358776,21,183099.259445139,183099.26081395699,183099.260129548,0.0013688179897144437,5.3465724420093466,10372877763,true,true,5dff3859ad319cb37301e68cfc6fde00723e3a42110ca93adb44c05e97098167
softmax_whole_stage_atc_trace_v1,softmax_whole_stage_operand_rate_atc,softmax_whole_stage_operand_rate_atc_v2,20260728_operand_rate_v2_final_normalization_session02_BCA,normalization,fp16x2,20260728_operand_rate_v2_final_normalization_session02_BCA_normalization_fp16x2,0,0,20260728_operand_rate_v2_final_normalization_session02_BCA_normalization_fp16x2_b0_r0_control,control,control,20260728_operand_rate_v2_final_normalization_session02_BCA_normalization_fp16x2_b0_r0_control_1785246358776,22,183099.51262887401,183099.517571017,183099.51509994551,0.0049421429866924882,5.6015428395185154,10372922238,true,true,5dff3859ad319cb37301e68cfc6fde00723e3a42110ca93adb44c05e97098167
softmax_whole_stage_atc_trace_v1,softmax_whole_stage_operand_rate_atc,softmax_whole_stage_operand_rate_atc_v2,20260728_operand_rate_v2_final_normalization_session02_BCA,normalization,fp16x2,20260728_operand_rate_v2_final_normalization_session02_BCA_normalization_fp16x2,0,0,20260728_operand_rate_v2_final_normalization_session02_BCA_normalization_fp16x2_b0_r0_control,control,control,20260728_operand_rate_v2_final_normalization_session02_BCA_normalization_fp16x2_b0_r0_control_1785246358776,23,183099.77085489701,183099.77223262601,183099.77154376151,0.0013777290005236864,5.8579866555228364,10372991606,true,true,5dff3859ad319cb37301e68cfc6fde00723e3a42110ca93adb44c05e97098167
softmax_whole_stage_atc_trace_v1,softmax_whole_stage_operand_rate_atc,softmax_whole_stage_operand_rate_atc_v2,20260728_operand_rate_v2_final_normalization_session02_BCA,normalization,fp16x2,20260728_operand_rate_v2_final_normalization_session02_BCA_normalization_fp16x2,0,0,20260728_operand_rate_v2_final_normalization_session02_BCA_normalization_fp16x2_b0_r0_control,control,control,20260728_operand_rate_v2_final_normalization_session02_BCA_normalization_fp16x2_b0_r0_control_1785246358776,24,183100.02414586401,183100.02551984601,183100.02483285501,0.0013739819987677038,6.1112757490191143,10373034741,true,true,5dff3859ad319cb37301e68cfc6fde00723e3a42110ca93adb44c05e97098167
softmax_whole_stage_atc_trace_v1,softmax_whole_stage_operand_rate_atc,softmax_whole_stage_operand_rate_atc_v2,20260728_operand_rate_v2_final_normalization_session02_BCA,normalization,fp16x2,20260728_operand_rate_v2_final_normalization_session02_BCA_normalization_fp16x2,0,0,20260728_operand_rate_v2_final_normalization_session02_BCA_normalization_fp16x2_b0_r0_control,control,control,20260728_operand_rate_v2_final_normalization_session02_BCA_normalization_fp16x2_b0_r0_control_1785246358776,25,183100.27741394701,183100.278814358,183100.27811415249,0.0014004109834786505,6.3645570465014316,10373103619,true,true,5dff3859ad319cb37301e68cfc6fde00723e3a42110ca93adb44c05e97098167
softmax_whole_stage_atc_trace_v1,softmax_whole_stage_operand_rate_atc,softmax_whole_stage_operand_rate_atc_v2,20260728_operand_rate_v2_final_normalization_session02_BCA,normalization,fp16x2,20260728_operand_rate_v2_final_normalization_session02_BCA_normalization_fp16x2,0,0,20260728_operand_rate_v2_final_normalization_session02_BCA_normalization_fp16x2_b0_r0_control,control,control,20260728_operand_rate_v2_final_normalization_session02_BCA_normalization_fp16x2_b0_r0_control_1785246358776,26,183100.53038301301,183100.53177512001,183100.53107906651,0.0013921069912612438,6.6175219605211169,10373146718,true,true,5dff3859ad319cb37301e68cfc6fde00723e3a42110ca93adb44c05e97098167
softmax_whole_stage_atc_trace_v1,softmax_whole_stage_operand_rate_atc,softmax_whole_stage_operand_rate_atc_v2,20260728_operand_rate_v2_final_normalization_session02_BCA,normalization,fp16x2,20260728_operand_rate_v2_final_normalization_session02_BCA_normalization_fp16x2,0,0,20260728_operand_rate_v2_final_normalization_session02_BCA_normalization_fp16x2_b0_r0_control,control,control,20260728_operand_rate_v2_final_normalization_session02_BCA_normalization_fp16x2_b0_r0_control_1785246358776,27,183100.78198669001,183100.78345810101,183100.7827223955,0.0014714110002387315,6.8691652895067818,10373215701,true,true,5dff3859ad319cb37301e68cfc6fde00723e3a42110ca93adb44c05e97098167
softmax_whole_stage_atc_trace_v1,softmax_whole_stage_operand_rate_atc,softmax_whole_stage_operand_rate_atc_v2,20260728_operand_rate_v2_final_normalization_session02_BCA,normalization,fp16x2,20260728_operand_rate_v2_final_normalization_session02_BCA_normalization_fp16x2,0,0,20260728_operand_rate_v2_final_normalization_session02_BCA_normalization_fp16x2_b0_r0_control,control,control,20260728_operand_rate_v2_final_normalization_session02_BCA_normalization_fp16x2_b0_r0_control_1785246358776,28,183101.03807949301,183101.03946653099,183101.038773012,0.0013870379771105945,7.1252159060095437,10373259274,true,true,5dff3859ad319cb37301e68cfc6fde00723e3a42110ca93adb44c05e97098167
softmax_whole_stage_atc_trace_v1,softmax_whole_stage_operand_rate_atc,softmax_whole_stage_operand_rate_atc_v2,20260728_operand_rate_v2_final_normalization_session02_BCA,normalization,fp16x2,20260728_operand_rate_v2_final_normalization_session02_BCA_normalization_fp16x2,0,0,20260728_operand_rate_v2_final_normalization_session02_BCA_normalization_fp16x2_b0_r0_control,control,control,20260728_operand_rate_v2_final_normalization_session02_BCA_normalization_fp16x2_b0_r0_control_1785246358776,29,183101.29407998401,183101.29555251499,183101.29481624952,0.0014725309738423675,7.3812591435271315,10373328347,true,true,5dff3859ad319cb37301e68cfc6fde00723e3a42110ca93adb44c05e97098167
softmax_whole_stage_atc_trace_v1,softmax_whole_stage_operand_rate_atc,softmax_whole_stage_operand_rate_atc_v2,20260728_operand_rate_v2_final_normalization_session02_BCA,normalization,fp16x2,20260728_operand_rate_v2_final_normalization_session02_BCA_normalization_fp16x2,0,0,20260728_operand_rate_v2_final_normalization_session02_BCA_normalization_fp16x2_b0_r0_control,control,control,20260728_operand_rate_v2_final_normalization_session02_BCA_normalization_fp16x2_b0_r0_control_1785246358776,30,183101.54577616,183101.54714569199,183101.54646092601,0.0013695319939870387,7.6329038200201467,10373371186,true,true,5dff3859ad319cb37301e68cfc6fde00723e3a42110ca93adb44c05e97098167
softmax_whole_stage_atc_trace_v1,softmax_whole_stage_operand_rate_atc,softmax_whole_stage_operand_rate_atc_v2,20260728_operand_rate_v2_final_normalization_session02_BCA,normalization,fp16x2,20260728_operand_rate_v2_final_normalization_session02_BCA_normalization_fp16x2,0,0,20260728_operand_rate_v2_final_normalization_session02_BCA_normalization_fp16x2_b0_r0_control,control,control,20260728_operand_rate_v2_final_normalization_session02_BCA_normalization_fp16x2_b0_r0_control_1785246358776,31,183101.80176362299,183101.80311605599,183101.80243983949,0.0013524329988285899,7.8888827335031237,10373440634,true,true,5dff3859ad319cb37301e68cfc6fde00723e3a42110ca93adb44c05e97098167
softmax_whole_stage_atc_trace_v1,softmax_whole_stage_operand_rate_atc,softmax_whole_stage_operand_rate_atc_v2,20260728_operand_rate_v2_final_normalization_session02_BCA,normalization,fp16x2,20260728_operand_rate_v2_final_normalization_session02_BCA_normalization_fp16x2,0,0,20260728_operand_rate_v2_final_normalization_session02_BCA_normalization_fp16x2_b0_r0_control,control,control,20260728_operand_rate_v2_final_normalization_session02_BCA_normalization_fp16x2_b0_r0_control_1785246358776,32,183102.05455340899,183102.055980954,183102.05526718148,0.0014275450084824115,8.1417100754915737,10373483827,true,true,5dff3859ad319cb37301e68cfc6fde00723e3a42110ca93adb44c05e97098167
softmax_whole_stage_atc_trace_v1,softmax_whole_stage_operand_rate_atc,softmax_whole_stage_operand_rate_atc_v2,20260728_operand_rate_v2_final_normalization_session02_BCA,normalization,fp16x2,20260728_operand_rate_v2_final_normalization_session02_BCA_normalization_fp16x2,0,0,20260728_operand_rate_v2_final_normalization_session02_BCA_normalization_fp16x2_b0_r0_control,control,control,20260728_operand_rate_v2_final_normalization_session02_BCA_normalization_fp16x2_b0_r0_control_1785246358776,33,183102.31052845501,183102.31192363499,183102.31122604501,0.001395179977407679,8.397668939025607,10373553390,true,true,5dff3859ad319cb37301e68cfc6fde00723e3a42110ca93adb44c05e97098167
softmax_whole_stage_atc_trace_v1,softmax_whole_stage_operand_rate_atc,softmax_whole_stage_operand_rate_atc_v2,20260728_operand_rate_v2_final_normalization_session02_BCA,normalization,fp16x2,20260728_operand_rate_v2_final_normalization_session02_BCA_normalization_fp16x2,0,0,20260728_operand_rate_v2_final_normalization_session02_BCA_normalization_fp16x2_b0_r0_control,control,control,20260728_operand_rate_v2_final_normalization_session02_BCA_normalization_fp16x2_b0_r0_control_1785246358776,34,183102.566543703,183102.56795028201,183102.56724699249,0.0014065790164750069,8.6536898865015246,10373596562,true,true,5dff3859ad319cb37301e68cfc6fde00723e3a42110ca93adb44c05e97098167
softmax_whole_stage_atc_trace_v1,softmax_whole_stage_operand_rate_atc,softmax_whole_stage_operand_rate_atc_v2,20260728_operand_rate_v2_final_normalization_session02_BCA,normalization,fp16x2,20260728_operand_rate_v2_final_normalization_session02_BCA_normalization_fp16x2,0,0,20260728_operand_rate_v2_final_normalization_session02_BCA_normalization_fp16x2_b0_r0_control,control,control,20260728_operand_rate_v2_final_normalization_session02_BCA_normalization_fp16x2_b0_r0_control_1785246358776,35,183102.82245025199,183102.82383332,183102.82314178598,0.0013830680109094828,8.9095846799900755,10373665156,true,true,5dff3859ad319cb37301e68cfc6fde00723e3a42110ca93adb44c05e97098167
softmax_whole_stage_atc_trace_v1,softmax_whole_stage_operand_rate_atc,softmax_whole_stage_operand_rate_atc_v2,20260728_operand_rate_v2_final_normalization_session02_BCA,normalization,fp16x2,20260728_operand_rate_v2_final_normalization_session02_BCA_normalization_fp16x2,0,0,20260728_operand_rate_v2_final_normalization_session02_BCA_normalization_fp16x2_b0_r0_control,control,control,20260728_operand_rate_v2_final_normalization_session02_BCA_normalization_fp16x2_b0_r0_control_1785246358776,36,183103.078421329,183103.079830045,183103.07912568701,0.0014087159943301231,9.1655685810255818,10373707531,true,true,5dff3859ad319cb37301e68cfc6fde00723e3a42110ca93adb44c05e97098167
softmax_whole_stage_atc_trace_v1,softmax_whole_stage_operand_rate_atc,softmax_whole_stage_operand_rate_atc_v2,20260728_operand_rate_v2_final_normalization_session02_BCA,normalization,fp16x2,20260728_operand_rate_v2_final_normalization_session02_BCA_normalization_fp16x2,0,0,20260728_operand_rate_v2_final_normalization_session02_BCA_normalization_fp16x2_b0_r0_control,control,control,20260728_operand_rate_v2_final_normalization_session02_BCA_normalization_fp16x2_b0_r0_control_1785246358776,37,183103.333641178,183103.33692363699,183103.3352824075,0.0032824589870870113,9.4217253015085589,10373775378,true,true,5dff3859ad319cb37301e68cfc6fde00723e3a42110ca93adb44c05e97098167
softmax_whole_stage_atc_trace_v1,softmax_whole_stage_operand_rate_atc,softmax_whole_stage_operand_rate_atc_v2,20260728_operand_rate_v2_final_normalization_session02_BCA,normalization,fp16x2,20260728_operand_rate_v2_final_normalization_session02_BCA_normalization_fp16x2,0,0,20260728_operand_rate_v2_final_normalization_session02_BCA_normalization_fp16x2_b0_r0_control,control,control,20260728_operand_rate_v2_final_normalization_session02_BCA_normalization_fp16x2_b0_r0_control_1785246358776,38,183103.591534545,183103.59292199,183103.59222826752,0.0013874449941795319,9.6786711615277454,10373821429,true,true,5dff3859ad319cb37301e68cfc6fde00723e3a42110ca93adb44c05e97098167
softmax_whole_stage_atc_trace_v1,softmax_whole_stage_operand_rate_atc,softmax_whole_stage_operand_rate_atc_v2,20260728_operand_rate_v2_final_normalization_session02_BCA,normalization,fp16x2,20260728_operand_rate_v2_final_normalization_session02_BCA_normalization_fp16x2,0,0,20260728_operand_rate_v2_final_normalization_session02_BCA_normalization_fp16x2_b0_r0_control,control,control,20260728_operand_rate_v2_final_normalization_session02_BCA_normalization_fp16x2_b0_r0_control_1785246358776,39,183103.847419823,183103.84992011299,183103.84866996799,0.0025002899928949773,9.9351128620037343,10373888209,true,true,5dff3859ad319cb37301e68cfc6fde00723e3a42110ca93adb44c05e97098167
softmax_whole_stage_atc_trace_v1,softmax_whole_stage_operand_rate_atc,softmax_whole_stage_operand_rate_atc_v2,20260728_operand_rate_v2_final_normalization_session02_BCA,normalization,fp16x2,20260728_operand_rate_v2_final_normalization_session02_BCA_normalization_fp16x2,0,0,20260728_operand_rate_v2_final_normalization_session02_BCA_normalization_fp16x2_b0_r0_control,control,control,20260728_operand_rate_v2_final_normalization_session02_BCA_normalization_fp16x2_b0_r0_control_1785246358776,40,183104.10176081501,183104.10313278899,183104.10244680202,0.0013719739799853414,10.188889696029946,10373933287,true,true,5dff3859ad319cb37301e68cfc6fde00723e3a42110ca93adb44c05e97098167
softmax_whole_stage_atc_trace_v1,softmax_whole_stage_operand_rate_atc,softmax_whole_stage_operand_rate_atc_v2,20260728_operand_rate_v2_final_normalization_session02_BCA,normalization,fp16x2,20260728_operand_rate_v2_final_normalization_session02_BCA_normalization_fp16x2,0,0,20260728_operand_rate_v2_final_normalization_session02_BCA_normalization_fp16x2_b0_r0_control,control,control,20260728_operand_rate_v2_final_normalization_session02_BCA_normalization_fp16x2_b0_r0_control_1785246358776,41,183104.357148904,183104.359142439,183104.35814567149,0.0019935349992010742,10.444588565500453,10373999661,true,true,5dff3859ad319cb37301e68cfc6fde00723e3a42110ca93adb44c05e97098167
softmax_whole_stage_atc_trace_v1,softmax_whole_stage_operand_rate_atc,softmax_whole_stage_operand_rate_atc_v2,20260728_operand_rate_v2_final_normalization_session02_BCA,normalization,fp16x2,20260728_operand_rate_v2_final_normalization_session02_BCA_normalization_fp16x2,0,0,20260728_operand_rate_v2_final_normalization_session02_BCA_normalization_fp16x2_b0_r0_control,control,control,20260728_operand_rate_v2_final_normalization_session02_BCA_normalization_fp16x2_b0_r0_control_1785246358776,42,183104.61327325899,183104.61451790799,183104.61389558349,0.0012446490000002086,10.700338477501646,10374068003,true,true,5dff3859ad319cb37301e68cfc6fde00723e3a42110ca93adb44c05e97098167
softmax_whole_stage_atc_trace_v1,softmax_whole_stage_operand_rate_atc,softmax_whole_stage_operand_rate_atc_v2,20260728_operand_rate_v2_final_normalization_session02_BCA,normalization,fp16x2,20260728_operand_rate_v2_final_normalization_session02_BCA_normalization_fp16x2,0,0,20260728_operand_rate_v2_final_normalization_session02_BCA_normalization_fp16x2_b0_r0_control,control,control,20260728_operand_rate_v2_final_normalization_session02_BCA_normalization_fp16x2_b0_r0_control_1785246358776,43,183104.86912820599,183104.870507407,183104.8698178065,0.0013792010140605271,10.956260700506391,10374114521,true,true,5dff3859ad319cb37301e68cfc6fde00723e3a42110ca93adb44c05e97098167
softmax_whole_stage_atc_trace_v1,softmax_whole_stage_operand_rate_atc,softmax_whole_stage_operand_rate_atc_v2,20260728_operand_rate_v2_final_normalization_session02_BCA,normalization,fp16x2,20260728_operand_rate_v2_final_normalization_session02_BCA_normalization_fp16x2,0,0,20260728_operand_rate_v2_final_normalization_session02_BCA_normalization_fp16x2_b0_r0_control,control,control,20260728_operand_rate_v2_final_normalization_session02_BCA_normalization_fp16x2_b0_r0_control_1785246358776,44,183105.12511963799,183105.12775590501,183105.12643777148,0.0026362670178059489,11.212880665494595,10374182290,true,true,5dff3859ad319cb37301e68cfc6fde00723e3a42110ca93adb44c05e97098167
softmax_whole_stage_atc_trace_v1,softmax_whole_stage_operand_rate_atc,softmax_whole_stage_operand_rate_atc_v2,20260728_operand_rate_v2_final_normalization_session02_BCA,normalization,fp16x2,20260728_operand_rate_v2_final_normalization_session02_BCA_normalization_fp16x2,0,0,20260728_operand_rate_v2_final_normalization_session02_BCA_normalization_fp16x2_b0_r0_control,control,control,20260728_operand_rate_v2_final_normalization_session02_BCA_normalization_fp16x2_b0_r0_control_1785246358776,45,183105.382343506,183105.38378458799,183105.383064047,0.0014410819858312607,11.469506941008149,10374228337,true,true,5dff3859ad319cb37301e68cfc6fde00723e3a42110ca93adb44c05e97098167
softmax_whole_stage_atc_trace_v1,softmax_whole_stage_operand_rate_atc,softmax_whole_stage_operand_rate_atc_v2,20260728_operand_rate_v2_final_normalization_session02_BCA,normalization,fp16x2,20260728_operand_rate_v2_final_normalization_session02_BCA_normalization_fp16x2,0,0,20260728_operand_rate_v2_final_normalization_session02_BCA_normalization_fp16x2_b0_r0_control,control,control,20260728_operand_rate_v2_final_normalization_session02_BCA_normalization_fp16x2_b0_r0_control_1785246358776,46,183105.63770991701,183105.63908901499,183105.638399466,0.0013790979865007102,11.724842360010371,10374295255,true,true,5dff3859ad319cb37301e68cfc6fde00723e3a42110ca93adb44c05e97098167
softmax_whole_stage_atc_trace_v1,softmax_whole_stage_operand_rate_atc,softmax_whole_stage_operand_rate_atc_v2,20260728_operand_rate_v2_final_normalization_session02_BCA,normalization,fp16x2,20260728_operand_rate_v2_final_normalization_session02_BCA_normalization_fp16x2,0,0,20260728_operand_rate_v2_final_normalization_session02_BCA_normalization_fp16x2_b0_r0_control,control,control,20260728_operand_rate_v2_final_normalization_session02_BCA_normalization_fp16x2_b0_r0_control_1785246358776,47,183105.89361585499,183105.894988338,183105.89430209651,0.0013724830059800297,11.980744990520179,10374340772,true,true,5dff3859ad319cb37301e68cfc6fde00723e3a42110ca93adb44c05e97098167
softmax_whole_stage_atc_trace_v1,softmax_whole_stage_operand_rate_atc,softmax_whole_stage_operand_rate_atc_v2,20260728_operand_rate_v2_final_normalization_session02_BCA,normalization,fp16x2,20260728_operand_rate_v2_final_normalization_session02_BCA_normalization_fp16x2,0,0,20260728_operand_rate_v2_final_normalization_session02_BCA_normalization_fp16x2_b0_r0_control,control,control,20260728_operand_rate_v2_final_normalization_session02_BCA_normalization_fp16x2_b0_r0_control_1785246358776,48,183106.145728,183106.14712389201,183106.146425946,0.001395892002619803,12.232868840015726,10374407213,true,true,5dff3859ad319cb37301e68cfc6fde00723e3a42110ca93adb44c05e97098167
softmax_whole_stage_atc_trace_v1,softmax_whole_stage_operand_rate_atc,softmax_whole_stage_operand_rate_atc_v2,20260728_operand_rate_v2_final_normalization_session02_BCA,normalization,fp16x2,20260728_operand_rate_v2_final_normalization_session02_BCA_normalization_fp16x2,0,0,20260728_operand_rate_v2_final_normalization_session02_BCA_normalization_fp16x2_b0_r0_control,control,control,20260728_operand_rate_v2_final_normalization_session02_BCA_normalization_fp16x2_b0_r0_control_1785246358776,49,183106.39759547001,183106.39897660399,183106.398286037,0.0013811339740641415,12.484728931012796,10374452932,true,true,5dff3859ad319cb37301e68cfc6fde00723e3a42110ca93adb44c05e97098167
softmax_whole_stage_atc_trace_v1,softmax_whole_stage_operand_rate_atc,softmax_whole_stage_operand_rate_atc_v2,20260728_operand_rate_v2_final_normalization_session02_BCA,normalization,fp16x2,20260728_operand_rate_v2_final_normalization_session02_BCA_normalization_fp16x2,0,0,20260728_operand_rate_v2_final_normalization_session02_BCA_normalization_fp16x2_b0_r0_control,control,control,20260728_operand_rate_v2_final_normalization_session02_BCA_normalization_fp16x2_b0_r0_control_1785246358776,50,183106.649625174,183106.654537208,183106.65208119102,0.0049120339972432703,12.738524085027166,10374520522,true,true,5dff3859ad319cb37301e68cfc6fde00723e3a42110ca93adb44c05e97098167
softmax_whole_stage_atc_trace_v1,softmax_whole_stage_operand_rate_atc,softmax_whole_stage_operand_rate_atc_v2,20260728_operand_rate_v2_final_normalization_session02_BCA,normalization,fp16x2,20260728_operand_rate_v2_final_normalization_session02_BCA_normalization_fp16x2,0,0,20260728_operand_rate_v2_final_normalization_session02_BCA_normalization_fp16x2_b0_r0_control,control,control,20260728_operand_rate_v2_final_normalization_session02_BCA_normalization_fp16x2_b0_r0_control_1785246358776,51,183106.905291526,183106.906825938,183106.90605873201,0.001534412003820762,12.992501626024023,10374566519,true,true,5dff3859ad319cb37301e68cfc6fde00723e3a42110ca93adb44c05e97098167
softmax_whole_stage_atc_trace_v1,softmax_whole_stage_operand_rate_atc,softmax_whole_stage_operand_rate_atc_v2,20260728_operand_rate_v2_final_normalization_session02_BCA,normalization,fp16x2,20260728_operand_rate_v2_final_normalization_session02_BCA_normalization_fp16x2,0,0,20260728_operand_rate_v2_final_normalization_session02_BCA_normalization_fp16x2_b0_r0_control,control,control,20260728_operand_rate_v2_final_normalization_session02_BCA_normalization_fp16x2_b0_r0_control_1785246358776,52,183107.15771501101,183107.162669385,183107.160192198,0.0049543739878572524,13.246635092014913,10374634193,true,false,5dff3859ad319cb37301e68cfc6fde00723e3a42110ca93adb44c05e97098167
softmax_whole_stage_atc_trace_v1,softmax_whole_stage_operand_rate_atc,softmax_whole_stage_operand_rate_atc_v2,20260728_operand_rate_v2_final_normalization_session02_BCA,normalization,fp16x2,20260728_operand_rate_v2_final_normalization_session02_BCA_normalization_fp16x2,0,0,20260728_operand_rate_v2_final_normalization_session02_BCA_normalization_fp16x2_b0_r0_control,control,control,20260728_operand_rate_v2_final_normalization_session02_BCA_normalization_fp16x2_b0_r0_control_1785246358776,53,183107.41335724099,183107.41492849801,183107.4141428695,0.0015712570166215301,13.500585763511481,10374677976,true,false,5dff3859ad319cb37301e68cfc6fde00723e3a42110ca93adb44c05e97098167
softmax_whole_stage_atc_trace_v1,softmax_whole_stage_operand_rate_atc,softmax_whole_stage_operand_rate_atc_v2,20260728_operand_rate_v2_final_normalization_session02_BCA,normalization,fp16x2,20260728_operand_rate_v2_final_normalization_session02_BCA_normalization_fp16x2,0,0,20260728_operand_rate_v2_final_normalization_session02_BCA_normalization_fp16x2_b0_r0_control,control,control,20260728_operand_rate_v2_final_normalization_session02_BCA_normalization_fp16x2_b0_r0_control_1785246358776,54,183107.665826629,183107.67177761701,183107.66880212299,0.0059509880084078759,13.755245017004199,10374720112,true,false,5dff3859ad319cb37301e68cfc6fde00723e3a42110ca93adb44c05e97098167
softmax_whole_stage_atc_trace_v1,softmax_whole_stage_operand_rate_atc,softmax_whole_stage_operand_rate_atc_v2,20260728_operand_rate_v2_final_normalization_session02_BCA,normalization,fp16x2,20260728_operand_rate_v2_final_normalization_session02_BCA_normalization_fp16x2,0,0,20260728_operand_rate_v2_final_normalization_session02_BCA_normalization_fp16x2_b0_r0_control,control,control,20260728_operand_rate_v2_final_normalization_session02_BCA_normalization_fp16x2_b0_r0_control_1785246358776,55,183107.67178352,183107.67301371699,183107.67239861848,0.0012301969982217997,13.758841512491927,10374720112,false,false,5dff3859ad319cb37301e68cfc6fde00723e3a42110ca93adb44c05e97098167
softmax_whole_stage_atc_trace_v1,softmax_whole_stage_operand_rate_atc,softmax_whole_stage_operand_rate_atc_v2,20260728_operand_rate_v2_final_normalization_session02_BCA,normalization,fp16x2,20260728_operand_rate_v2_final_normalization_session02_BCA_normalization_fp16x2,0,1,20260728_operand_rate_v2_final_normalization_session02_BCA_normalization_fp16x2_b0_r1_treatment,treatment,treatment,20260728_operand_rate_v2_final_normalization_session02_BCA_normalization_fp16x2_b0_r1_treatment_1785246373570,0,183108.708380978,183108.710444842,183108.70941290999,0.0020638639980461448,0.0010618550004437566,10374852362,false,false,5dff3859ad319cb37301e68cfc6fde00723e3a42110ca93adb44c05e97098167
softmax_whole_stage_atc_trace_v1,softmax_whole_stage_operand_rate_atc,softmax_whole_stage_operand_rate_atc_v2,20260728_operand_rate_v2_final_normalization_session02_BCA,normalization,fp16x2,20260728_operand_rate_v2_final_normalization_session02_BCA_normalization_fp16x2,0,1,20260728_operand_rate_v2_final_normalization_session02_BCA_normalization_fp16x2_b0_r1_treatment,treatment,treatment,20260728_operand_rate_v2_final_normalization_session02_BCA_normalization_fp16x2_b0_r1_treatment_1785246373570,1,183108.96342929499,183108.96480168801,183108.96411549149,0.0013723930169362575,0.25576443650061265,10374891602,true,false,5dff3859ad319cb37301e68cfc6fde00723e3a42110ca93adb44c05e97098167
softmax_whole_stage_atc_trace_v1,softmax_whole_stage_operand_rate_atc,softmax_whole_stage_operand_rate_atc_v2,20260728_operand_rate_v2_final_normalization_session02_BCA,normalization,fp16x2,20260728_operand_rate_v2_final_normalization_session02_BCA_normalization_fp16x2,0,1,20260728_operand_rate_v2_final_normalization_session02_BCA_normalization_fp16x2_b0_r1_treatment,treatment,treatment,20260728_operand_rate_v2_final_normalization_session02_BCA_normalization_fp16x2_b0_r1_treatment_1785246373570,2,183109.21678580699,183109.21823078999,183109.21750829849,0.0014449830050580204,0.50915724350488745,10374958080,true,false,5dff3859ad319cb37301e68cfc6fde00723e3a42110ca93adb44c05e97098167
softmax_whole_stage_atc_trace_v1,softmax_whole_stage_operand_rate_atc,softmax_whole_stage_operand_rate_atc_v2,20260728_operand_rate_v2_final_normalization_session02_BCA,normalization,fp16x2,20260728_operand_rate_v2_final_normalization_session02_BCA_normalization_fp16x2,0,1,20260728_operand_rate_v2_final_normalization_session02_BCA_normalization_fp16x2_b0_r1_treatment,treatment,treatment,20260728_operand_rate_v2_final_normalization_session02_BCA_normalization_fp16x2_b0_r1_treatment_1785246373570,3,183109.46940913299,183109.47084641,183109.47012777149,0.0014372770092450082,0.7617767165065743,10375003657,true,true,5dff3859ad319cb37301e68cfc6fde00723e3a42110ca93adb44c05e97098167
softmax_whole_stage_atc_trace_v1,softmax_whole_stage_operand_rate_atc,softmax_whole_stage_operand_rate_atc_v2,20260728_operand_rate_v2_final_normalization_session02_BCA,normalization,fp16x2,20260728_operand_rate_v2_final_normalization_session02_BCA_normalization_fp16x2,0,1,20260728_operand_rate_v2_final_normalization_session02_BCA_normalization_fp16x2_b0_r1_treatment,treatment,treatment,20260728_operand_rate_v2_final_normalization_session02_BCA_normalization_fp16x2_b0_r1_treatment_1785246373570,4,183109.72440740801,183109.725811129,183109.7251092685,0.0014037209912203252,1.0167582135181874,10375070778,true,true,5dff3859ad319cb37301e68cfc6fde00723e3a42110ca93adb44c05e97098167
softmax_whole_stage_atc_trace_v1,softmax_whole_stage_operand_rate_atc,softmax_whole_stage_operand_rate_atc_v2,20260728_operand_rate_v2_final_normalization_session02_BCA,normalization,fp16x2,20260728_operand_rate_v2_final_normalization_session02_BCA_normalization_fp16x2,0,1,20260728_operand_rate_v2_final_normalization_session02_BCA_normalization_fp16x2_b0_r1_treatment,treatment,treatment,20260728_operand_rate_v2_final_normalization_session02_BCA_normalization_fp16x2_b0_r1_treatment_1785246373570,5,183109.979337353,183109.98072160801,183109.9800294805,0.0013842550106346607,1.271678425517166,10375116369,true,true,5dff3859ad319cb37301e68cfc6fde00723e3a42110ca93adb44c05e97098167
softmax_whole_stage_atc_trace_v1,softmax_whole_stage_operand_rate_atc,softmax_whole_stage_operand_rate_atc_v2,20260728_operand_rate_v2_final_normalization_session02_BCA,normalization,fp16x2,20260728_operand_rate_v2_final_normalization_session02_BCA_normalization_fp16x2,0,1,20260728_operand_rate_v2_final_normalization_session02_BCA_normalization_fp16x2_b0_r1_treatment,treatment,treatment,20260728_operand_rate_v2_final_normalization_session02_BCA_normalization_fp16x2_b0_r1_treatment_1785246373570,6,183110.23181864401,183110.23325957099,183110.2325391075,0.0014409269788302481,1.5241880525136366,10375182920,true,true,5dff3859ad319cb37301e68cfc6fde00723e3a42110ca93adb44c05e97098167
softmax_whole_stage_atc_trace_v1,softmax_whole_stage_operand_rate_atc,softmax_whole_stage_operand_rate_atc_v2,20260728_operand_rate_v2_final_normalization_session02_BCA,normalization,fp16x2,20260728_operand_rate_v2_final_normalization_session02_BCA_normalization_fp16x2,0,1,20260728_operand_rate_v2_final_normalization_session02_BCA_normalization_fp16x2_b0_r1_treatment,treatment,treatment,20260728_operand_rate_v2_final_normalization_session02_BCA_normalization_fp16x2_b0_r1_treatment_1785246373570,7,183110.484771458,183110.486175584,183110.485473521,0.0014041260001249611,1.7771224660100415,10375228471,true,true,5dff3859ad319cb37301e68cfc6fde00723e3a42110ca93adb44c05e97098167
softmax_whole_stage_atc_trace_v1,softmax_whole_stage_operand_rate_atc,softmax_whole_stage_operand_rate_atc_v2,20260728_operand_rate_v2_final_normalization_session02_BCA,normalization,fp16x2,20260728_operand_rate_v2_final_normalization_session02_BCA_normalization_fp16x2,0,1,20260728_operand_rate_v2_final_normalization_session02_BCA_normalization_fp16x2_b0_r1_treatment,treatment,treatment,20260728_operand_rate_v2_final_normalization_session02_BCA_normalization_fp16x2_b0_r1_treatment_1785246373570,8,183110.73978331799,183110.74118703799,183110.74048517799,0.0014037200016900897,2.0321341230010148,10375295378,true,true,5dff3859ad319cb37301e68cfc6fde00723e3a42110ca93adb44c05e97098167
softmax_whole_stage_atc_trace_v1,softmax_whole_stage_operand_rate_atc,softmax_whole_stage_operand_rate_atc_v2,20260728_operand_rate_v2_final_normalization_session02_BCA,normalization,fp16x2,20260728_operand_rate_v2_final_normalization_session02_BCA_normalization_fp16x2,0,1,20260728_operand_rate_v2_final_normalization_session02_BCA_normalization_fp16x2_b0_r1_treatment,treatment,treatment,20260728_operand_rate_v2_final_normalization_session02_BCA_normalization_fp16x2_b0_r1_treatment_1785246373570,9,183110.991345591,183110.99274231601,183110.99204395351,0.0013967250124551356,2.2836928985198028,10375340554,true,true,5dff3859ad319cb37301e68cfc6fde00723e3a42110ca93adb44c05e97098167
softmax_whole_stage_atc_trace_v1,softmax_whole_stage_operand_rate_atc,softmax_whole_stage_operand_rate_atc_v2,20260728_operand_rate_v2_final_normalization_session02_BCA,normalization,fp16x2,20260728_operand_rate_v2_final_normalization_session02_BCA_normalization_fp16x2,0,1,20260728_operand_rate_v2_final_normalization_session02_BCA_normalization_fp16x2_b0_r1_treatment,treatment,treatment,20260728_operand_rate_v2_final_normalization_session02_BCA_normalization_fp16x2_b0_r1_treatment_1785246373570,10,183111.245564146,183111.246926097,183111.2462451215,0.0013619509991258383,2.5378940665104892,10375407337,true,true,5dff3859ad319cb37301e68cfc6fde00723e3a42110ca93adb44c05e97098167
softmax_whole_stage_atc_trace_v1,softmax_whole_stage_operand_rate_atc,softmax_whole_stage_operand_rate_atc_v2,20260728_operand_rate_v2_final_normalization_session02_BCA,normalization,fp16x2,20260728_operand_rate_v2_final_normalization_session02_BCA_normalization_fp16x2,0,1,20260728_operand_rate_v2_final_normalization_session02_BCA_normalization_fp16x2_b0_r1_treatment,treatment,treatment,20260728_operand_rate_v2_final_normalization_session02_BCA_normalization_fp16x2_b0_r1_treatment_1785246373570,11,183111.49866112301,183111.50010965401,183111.49938538851,0.0014485309948213398,2.7910343335242942,10375452736,true,true,5dff3859ad319cb37301e68cfc6fde00723e3a42110ca93adb44c05e97098167
softmax_whole_stage_atc_trace_v1,softmax_whole_stage_operand_rate_atc,softmax_whole_stage_operand_rate_atc_v2,20260728_operand_rate_v2_final_normalization_session02_BCA,normalization,fp16x2,20260728_operand_rate_v2_final_normalization_session02_BCA_normalization_fp16x2,0,1,20260728_operand_rate_v2_final_normalization_session02_BCA_normalization_fp16x2_b0_r1_treatment,treatment,treatment,20260728_operand_rate_v2_final_normalization_session02_BCA_normalization_fp16x2_b0_r1_treatment_1785246373570,12,183111.75373056799,183111.755296599,183111.7545135835,0.0015660310164093971,3.0461625285097398,10375519370,true,true,5dff3859ad319cb37301e68cfc6fde00723e3a42110ca93adb44c05e97098167
softmax_whole_stage_atc_trace_v1,softmax_whole_stage_operand_rate_atc,softmax_whole_stage_operand_rate_atc_v2,20260728_operand_rate_v2_final_normalization_session02_BCA,normalization,fp16x2,20260728_operand_rate_v2_final_normalization_session02_BCA_normalization_fp16x2,0,1,20260728_operand_rate_v2_final_normalization_session02_BCA_normalization_fp16x2_b0_r1_treatment,treatment,treatment,20260728_operand_rate_v2_final_normalization_session02_BCA_normalization_fp16x2_b0_r1_treatment_1785246373570,13,183112.008869966,183112.013881833,183112.01137589948,0.0050118670042138547,3.3030248444993049,10375564374,true,true,5dff3859ad319cb37301e68cfc6fde00723e3a42110ca93adb44c05e97098167
softmax_whole_stage_atc_trace_v1,softmax_whole_stage_operand_rate_atc,softmax_whole_stage_operand_rate_atc_v2,20260728_operand_rate_v2_final_normalization_session02_BCA,normalization,fp16x2,20260728_operand_rate_v2_final_normalization_session02_BCA_normalization_fp16x2,0,1,20260728_operand_rate_v2_final_normalization_session02_BCA_normalization_fp16x2_b0_r1_treatment,treatment,treatment,20260728_operand_rate_v2_final_normalization_session02_BCA_normalization_fp16x2_b0_r1_treatment_1785246373570,14,183112.26476921301,183112.26616512699,183112.26546716999,0.0013959139760117978,3.5571161150000989,10375633986,true,true,5dff3859ad319cb37301e68cfc6fde00723e3a42110ca93adb44c05e97098167
softmax_whole_stage_atc_trace_v1,softmax_whole_stage_operand_rate_atc,softmax_whole_stage_operand_rate_atc_v2,20260728_operand_rate_v2_final_normalization_session02_BCA,normalization,fp16x2,20260728_operand_rate_v2_final_normalization_session02_BCA_normalization_fp16x2,0,1,20260728_operand_rate_v2_final_normalization_session02_BCA_normalization_fp16x2_b0_r1_treatment,treatment,treatment,20260728_operand_rate_v2_final_normalization_session02_BCA_normalization_fp16x2_b0_r1_treatment_1785246373570,15,183112.51807584599,183112.52063165899,183112.51935375249,0.0025558130000717938,3.8110026975045912,10375677953,true,true,5dff3859ad319cb37301e68cfc6fde00723e3a42110ca93adb44c05e97098167
softmax_whole_stage_atc_trace_v1,softmax_whole_stage_operand_rate_atc,softmax_whole_stage_operand_rate_atc_v2,20260728_operand_rate_v2_final_normalization_session02_BCA,normalization,fp16x2,20260728_operand_rate_v2_final_normalization_session02_BCA_normalization_fp16x2,0,1,20260728_operand_rate_v2_final_normalization_session02_BCA_normalization_fp16x2_b0_r1_treatment,treatment,treatment,20260728_operand_rate_v2_final_normalization_session02_BCA_normalization_fp16x2_b0_r1_treatment_1785246373570,16,183112.77421668501,183112.775619594,183112.7749181395,0.0014029089943505824,4.0665670845191926,10375747524,true,true,5dff3859ad319cb37301e68cfc6fde00723e3a42110ca93adb44c05e97098167
softmax_whole_stage_atc_trace_v1,softmax_whole_stage_operand_rate_atc,softmax_whole_stage_operand_rate_atc_v2,20260728_operand_rate_v2_final_normalization_session02_BCA,normalization,fp16x2,20260728_operand_rate_v2_final_normalization_session02_BCA_normalization_fp16x2,0,1,20260728_operand_rate_v2_final_normalization_session02_BCA_normalization_fp16x2_b0_r1_treatment,treatment,treatment,20260728_operand_rate_v2_final_normalization_session02_BCA_normalization_fp16x2_b0_r1_treatment_1785246373570,17,183113.026542559,183113.02802697799,183113.0272847685,0.0014844189863651991,4.3189337135117967,10375790887,true,true,5dff3859ad319cb37301e68cfc6fde00723e3a42110ca93adb44c05e97098167
softmax_whole_stage_atc_trace_v1,softmax_whole_stage_operand_rate_atc,softmax_whole_stage_operand_rate_atc_v2,20260728_operand_rate_v2_final_normalization_session02_BCA,normalization,fp16x2,20260728_operand_rate_v2_final_normalization_session02_BCA_normalization_fp16x2,0,1,20260728_operand_rate_v2_final_normalization_session02_BCA_normalization_fp16x2_b0_r1_treatment,treatment,treatment,20260728_operand_rate_v2_final_normalization_session02_BCA_normalization_fp16x2_b0_r1_treatment_1785246373570,18,183113.28159588401,183113.28295651701,183113.28227620051,0.0013606330030597746,4.5739251455233898,10375860457,true,true,5dff3859ad319cb37301e68cfc6fde00723e3a42110ca93adb44c05e97098167
softmax_whole_stage_atc_trace_v1,softmax_whole_stage_operand_rate_atc,softmax_whole_stage_operand_rate_atc_v2,20260728_operand_rate_v2_final_normalization_session02_BCA,normalization,fp16x2,20260728_operand_rate_v2_final_normalization_session02_BCA_normalization_fp16x2,0,1,20260728_operand_rate_v2_final_normalization_session02_BCA_normalization_fp16x2_b0_r1_treatment,treatment,treatment,20260728_operand_rate_v2_final_normalization_session02_BCA_normalization_fp16x2_b0_r1_treatment_1785246373570,19,183113.534925835,183113.53633026499,183113.53562804998,0.0014044299896340817,4.8272769949981011,10375903747,true,true,5dff3859ad319cb37301e68cfc6fde00723e3a42110ca93adb44c05e97098167
softmax_whole_stage_atc_trace_v1,softmax_whole_stage_operand_rate_atc,softmax_whole_stage_operand_rate_atc_v2,20260728_operand_rate_v2_final_normalization_session02_BCA,normalization,fp16x2,20260728_operand_rate_v2_final_normalization_session02_BCA_normalization_fp16x2,0,1,20260728_operand_rate_v2_final_normalization_session02_BCA_normalization_fp16x2_b0_r1_treatment,treatment,treatment,20260728_operand_rate_v2_final_normalization_session02_BCA_normalization_fp16x2_b0_r1_treatment_1785246373570,20,183113.78995857999,183113.79138521201,183113.79067189601,0.0014266320213209838,5.0823208410292864,10375973039,true,true,5dff3859ad319cb37301e68cfc6fde00723e3a42110ca93adb44c05e97098167
softmax_whole_stage_atc_trace_v1,softmax_whole_stage_operand_rate_atc,softmax_whole_stage_operand_rate_atc_v2,20260728_operand_rate_v2_final_normalization_session02_BCA,normalization,fp16x2,20260728_operand_rate_v2_final_normalization_session02_BCA_normalization_fp16x2,0,1,20260728_operand_rate_v2_final_normalization_session02_BCA_normalization_fp16x2_b0_r1_treatment,treatment,treatment,20260728_operand_rate_v2_final_normalization_session02_BCA_normalization_fp16x2_b0_r1_treatment_1785246373570,21,183114.044969426,183114.04633147901,183114.04565045249,0.0013620530080515891,5.3372993975062855,10376016064,true,true,5dff3859ad319cb37301e68cfc6fde00723e3a42110ca93adb44c05e97098167
softmax_whole_stage_atc_trace_v1,softmax_whole_stage_operand_rate_atc,softmax_whole_stage_operand_rate_atc_v2,20260728_operand_rate_v2_final_normalization_session02_BCA,normalization,fp16x2,20260728_operand_rate_v2_final_normalization_session02_BCA_normalization_fp16x2,0,1,20260728_operand_rate_v2_final_normalization_session02_BCA_normalization_fp16x2_b0_r1_treatment,treatment,treatment,20260728_operand_rate_v2_final_normalization_session02_BCA_normalization_fp16x2_b0_r1_treatment_1785246373570,22,183114.296628518,183114.298021289,183114.29732490348,0.0013927709951531142,5.5889738484984264,10376084715,true,true,5dff3859ad319cb37301e68cfc6fde00723e3a42110ca93adb44c05e97098167
softmax_whole_stage_atc_trace_v1,softmax_whole_stage_operand_rate_atc,softmax_whole_stage_operand_rate_atc_v2,20260728_operand_rate_v2_final_normalization_session02_BCA,normalization,fp16x2,20260728_operand_rate_v2_final_normalization_session02_BCA_normalization_fp16x2,0,1,20260728_operand_rate_v2_final_normalization_session02_BCA_normalization_fp16x2_b0_r1_treatment,treatment,treatment,20260728_operand_rate_v2_final_normalization_session02_BCA_normalization_fp16x2_b0_r1_treatment_1785246373570,23,183114.550196714,183114.55167221199,183114.55093446298,0.0014754979929421097,5.8425834079971537,10376127881,true,true,5dff3859ad319cb37301e68cfc6fde00723e3a42110ca93adb44c05e97098167
softmax_whole_stage_atc_trace_v1,softmax_whole_stage_operand_rate_atc,softmax_whole_stage_operand_rate_atc_v2,20260728_operand_rate_v2_final_normalization_session02_BCA,normalization,fp16x2,20260728_operand_rate_v2_final_normalization_session02_BCA_normalization_fp16x2,0,1,20260728_operand_rate_v2_final_normalization_session02_BCA_normalization_fp16x2_b0_r1_treatment,treatment,treatment,20260728_operand_rate_v2_final_normalization_session02_BCA_normalization_fp16x2_b0_r1_treatment_1785246373570,24,183114.80178676499,183114.80319808901,183114.802492427,0.0014113240176811814,6.0941413720138371,10376197043,true,true,5dff3859ad319cb37301e68cfc6fde00723e3a42110ca93adb44c05e97098167
softmax_whole_stage_atc_trace_v1,softmax_whole_stage_operand_rate_atc,softmax_whole_stage_operand_rate_atc_v2,20260728_operand_rate_v2_final_normalization_session02_BCA,normalization,fp16x2,20260728_operand_rate_v2_final_normalization_session02_BCA_normalization_fp16x2,0,1,20260728_operand_rate_v2_final_normalization_session02_BCA_normalization_fp16x2_b0_r1_treatment,treatment,treatment,20260728_operand_rate_v2_final_normalization_session02_BCA_normalization_fp16x2_b0_r1_treatment_1785246373570,25,183115.054137072,183115.05553075601,183115.05483391401,0.0013936840114183724,6.3464828590222169,10376240508,true,true,5dff3859ad319cb37301e68cfc6fde00723e3a42110ca93adb44c05e97098167
softmax_whole_stage_atc_trace_v1,softmax_whole_stage_operand_rate_atc,softmax_whole_stage_operand_rate_atc_v2,20260728_operand_rate_v2_final_normalization_session02_BCA,normalization,fp16x2,20260728_operand_rate_v2_final_normalization_session02_BCA_normalization_fp16x2,0,1,20260728_operand_rate_v2_final_normalization_session02_BCA_normalization_fp16x2_b0_r1_treatment,treatment,treatment,20260728_operand_rate_v2_final_normalization_session02_BCA_normalization_fp16x2_b0_r1_treatment_1785246373570,26,183115.30914548601,183115.31065961,183115.309902548,0.0015141239855438471,6.6015514930186328,10376310288,true,true,5dff3859ad319cb37301e68cfc6fde00723e3a42110ca93adb44c05e97098167
softmax_whole_stage_atc_trace_v1,softmax_whole_stage_operand_rate_atc,softmax_whole_stage_operand_rate_atc_v2,20260728_operand_rate_v2_final_normalization_session02_BCA,normalization,fp16x2,20260728_operand_rate_v2_final_normalization_session02_BCA_normalization_fp16x2,0,1,20260728_operand_rate_v2_final_normalization_session02_BCA_normalization_fp16x2_b0_r1_treatment,treatment,treatment,20260728_operand_rate_v2_final_normalization_session02_BCA_normalization_fp16x2_b0_r1_treatment_1785246373570,27,183115.56321349001,183115.56458050999,183115.56389699999,0.0013670199841726571,6.8555459449999034,10376353624,true,true,5dff3859ad319cb37301e68cfc6fde00723e3a42110ca93adb44c05e97098167
softmax_whole_stage_atc_trace_v1,softmax_whole_stage_operand_rate_atc,softmax_whole_stage_operand_rate_atc_v2,20260728_operand_rate_v2_final_normalization_session02_BCA,normalization,fp16x2,20260728_operand_rate_v2_final_normalization_session02_BCA_normalization_fp16x2,0,1,20260728_operand_rate_v2_final_normalization_session02_BCA_normalization_fp16x2_b0_r1_treatment,treatment,treatment,20260728_operand_rate_v2_final_normalization_session02_BCA_normalization_fp16x2_b0_r1_treatment_1785246373570,28,183115.81820953399,183115.81959987199,183115.81890470299,0.0013903380022384226,7.1105536480026785,10376422704,true,true,5dff3859ad319cb37301e68cfc6fde00723e3a42110ca93adb44c05e97098167
softmax_whole_stage_atc_trace_v1,softmax_whole_stage_operand_rate_atc,softmax_whole_stage_operand_rate_atc_v2,20260728_operand_rate_v2_final_normalization_session02_BCA,normalization,fp16x2,20260728_operand_rate_v2_final_normalization_session02_BCA_normalization_fp16x2,0,1,20260728_operand_rate_v2_final_normalization_session02_BCA_normalization_fp16x2_b0_r1_treatment,treatment,treatment,20260728_operand_rate_v2_final_normalization_session02_BCA_normalization_fp16x2_b0_r1_treatment_1785246373570,29,183116.07315052999,183116.07457178901,183116.0738611595,0.0014212590176612139,7.3655101045151241,10376465376,true,true,5dff3859ad319cb37301e68cfc6fde00723e3a42110ca93adb44c05e97098167
softmax_whole_stage_atc_trace_v1,softmax_whole_stage_operand_rate_atc,softmax_whole_stage_operand_rate_atc_v2,20260728_operand_rate_v2_final_normalization_session02_BCA,normalization,fp16x2,20260728_operand_rate_v2_final_normalization_session02_BCA_normalization_fp16x2,0,1,20260728_operand_rate_v2_final_normalization_session02_BCA_normalization_fp16x2_b0_r1_treatment,treatment,treatment,20260728_operand_rate_v2_final_normalization_session02_BCA_normalization_fp16x2_b0_r1_treatment_1785246373570,30,183116.32475578799,183116.32614014501,183116.32544796652,0.0013843570195604116,7.6170969115337357,10376533616,true,true,5dff3859ad319cb37301e68cfc6fde00723e3a42110ca93adb44c05e97098167
softmax_whole_stage_atc_trace_v1,softmax_whole_stage_operand_rate_atc,softmax_whole_stage_operand_rate_atc_v2,20260728_operand_rate_v2_final_normalization_session02_BCA,normalization,fp16x2,20260728_operand_rate_v2_final_normalization_session02_BCA_normalization_fp16x2,0,1,20260728_operand_rate_v2_final_normalization_session02_BCA_normalization_fp16x2_b0_r1_treatment,treatment,treatment,20260728_operand_rate_v2_final_normalization_session02_BCA_normalization_fp16x2_b0_r1_treatment_1785246373570,31,183116.57886910901,183116.58027637799,183116.5795727435,0.0014072689809836447,7.871221688517835,10376576322,true,true,5dff3859ad319cb37301e68cfc6fde00723e3a42110ca93adb44c05e97098167
softmax_whole_stage_atc_trace_v1,softmax_whole_stage_operand_rate_atc,softmax_whole_stage_operand_rate_atc_v2,20260728_operand_rate_v2_final_normalization_session02_BCA,normalization,fp16x2,20260728_operand_rate_v2_final_normalization_session02_BCA_normalization_fp16x2,0,1,20260728_operand_rate_v2_final_normalization_session02_BCA_normalization_fp16x2_b0_r1_treatment,treatment,treatment,20260728_operand_rate_v2_final_normalization_session02_BCA_normalization_fp16x2_b0_r1_treatment_1785246373570,32,183116.83390104299,183116.838465415,183116.836183229,0.0045643720077350736,8.1278321740101092,10376644706,true,true,5dff3859ad319cb37301e68cfc6fde00723e3a42110ca93adb44c05e97098167
softmax_whole_stage_atc_trace_v1,softmax_whole_stage_operand_rate_atc,softmax_whole_stage_operand_rate_atc_v2,20260728_operand_rate_v2_final_normalization_session02_BCA,normalization,fp16x2,20260728_operand_rate_v2_final_normalization_session02_BCA_normalization_fp16x2,0,1,20260728_operand_rate_v2_final_normalization_session02_BCA_normalization_fp16x2_b0_r1_treatment,treatment,treatment,20260728_operand_rate_v2_final_normalization_session02_BCA_normalization_fp16x2_b0_r1_treatment_1785246373570,33,183117.092032524,183117.09348662599,183117.092759575,0.0014541019918397069,8.3844085200107656,10376690810,true,true,5dff3859ad319cb37301e68cfc6fde00723e3a42110ca93adb44c05e97098167
softmax_whole_stage_atc_trace_v1,softmax_whole_stage_operand_rate_atc,softmax_whole_stage_operand_rate_atc_v2,20260728_operand_rate_v2_final_normalization_session02_BCA,normalization,fp16x2,20260728_operand_rate_v2_final_normalization_session02_BCA_normalization_fp16x2,0,1,20260728_operand_rate_v2_final_normalization_session02_BCA_normalization_fp16x2_b0_r1_treatment,treatment,treatment,20260728_operand_rate_v2_final_normalization_session02_BCA_normalization_fp16x2_b0_r1_treatment_1785246373570,34,183117.34682705,183117.34946582699,183117.34814643848,0.0026387769903521985,8.6397953834966756,10376757784,true,true,5dff3859ad319cb37301e68cfc6fde00723e3a42110ca93adb44c05e97098167
softmax_whole_stage_atc_trace_v1,softmax_whole_stage_operand_rate_atc,softmax_whole_stage_operand_rate_atc_v2,20260728_operand_rate_v2_final_normalization_session02_BCA,normalization,fp16x2,20260728_operand_rate_v2_final_normalization_session02_BCA_normalization_fp16x2,0,1,20260728_operand_rate_v2_final_normalization_session02_BCA_normalization_fp16x2_b0_r1_treatment,treatment,treatment,20260728_operand_rate_v2_final_normalization_session02_BCA_normalization_fp16x2_b0_r1_treatment_1785246373570,35,183117.60211718301,183117.603470909,183117.60279404599,0.0013537259947042912,8.8944429910043254,10376826688,true,true,5dff3859ad319cb37301e68cfc6fde00723e3a42110ca93adb44c05e97098167
softmax_whole_stage_atc_trace_v1,softmax_whole_stage_operand_rate_atc,softmax_whole_stage_operand_rate_atc_v2,20260728_operand_rate_v2_final_normalization_session02_BCA,normalization,fp16x2,20260728_operand_rate_v2_final_normalization_session02_BCA_normalization_fp16x2,0,1,20260728_operand_rate_v2_final_normalization_session02_BCA_normalization_fp16x2_b0_r1_treatment,treatment,treatment,20260728_operand_rate_v2_final_normalization_session02_BCA_normalization_fp16x2_b0_r1_treatment_1785246373570,36,183117.8568638,183117.85833745199,183117.85760062601,0.0014736519951839,9.1492495710263029,10376873643,true,true,5dff3859ad319cb37301e68cfc6fde00723e3a42110ca93adb44c05e97098167
softmax_whole_stage_atc_trace_v1,softmax_whole_stage_operand_rate_atc,softmax_whole_stage_operand_rate_atc_v2,20260728_operand_rate_v2_final_normalization_session02_BCA,normalization,fp16x2,20260728_operand_rate_v2_final_normalization_session02_BCA_normalization_fp16x2,0,1,20260728_operand_rate_v2_final_normalization_session02_BCA_normalization_fp16x2_b0_r1_treatment,treatment,treatment,20260728_operand_rate_v2_final_normalization_session02_BCA_normalization_fp16x2_b0_r1_treatment_1785246373570,37,183118.111667241,183118.114428172,183118.11304770649,0.002760931005468592,9.4046966515015811,10376941927,true,true,5dff3859ad319cb37301e68cfc6fde00723e3a42110ca93adb44c05e97098167
softmax_whole_stage_atc_trace_v1,softmax_whole_stage_operand_rate_atc,softmax_whole_stage_operand_rate_atc_v2,20260728_operand_rate_v2_final_normalization_session02_BCA,normalization,fp16x2,20260728_operand_rate_v2_final_normalization_session02_BCA_normalization_fp16x2,0,1,20260728_operand_rate_v2_final_normalization_session02_BCA_normalization_fp16x2_b0_r1_treatment,treatment,treatment,20260728_operand_rate_v2_final_normalization_session02_BCA_normalization_fp16x2_b0_r1_treatment_1785246373570,38,183118.3645232,183118.36607595801,183118.36529957899,0.0015527580108027905,9.6569485240033828,10376988212,true,true,5dff3859ad319cb37301e68cfc6fde00723e3a42110ca93adb44c05e97098167
softmax_whole_stage_atc_trace_v1,softmax_whole_stage_operand_rate_atc,softmax_whole_stage_operand_rate_atc_v2,20260728_operand_rate_v2_final_normalization_session02_BCA,normalization,fp16x2,20260728_operand_rate_v2_final_normalization_session02_BCA_normalization_fp16x2,0,1,20260728_operand_rate_v2_final_normalization_session02_BCA_normalization_fp16x2_b0_r1_treatment,treatment,treatment,20260728_operand_rate_v2_final_normalization_session02_BCA_normalization_fp16x2_b0_r1_treatment_1785246373570,39,183118.61895318801,183118.62104581599,183118.619999502,0.0020926279830746353,9.9116484470141586,10377056277,true,true,5dff3859ad319cb37301e68cfc6fde00723e3a42110ca93adb44c05e97098167
softmax_whole_stage_atc_trace_v1,softmax_whole_stage_operand_rate_atc,softmax_whole_stage_operand_rate_atc_v2,20260728_operand_rate_v2_final_normalization_session02_BCA,normalization,fp16x2,20260728_operand_rate_v2_final_normalization_session02_BCA_normalization_fp16x2,0,1,20260728_operand_rate_v2_final_normalization_session02_BCA_normalization_fp16x2_b0_r1_treatment,treatment,treatment,20260728_operand_rate_v2_final_normalization_session02_BCA_normalization_fp16x2_b0_r1_treatment_1785246373570,40,183118.874416323,183118.87582535201,183118.8751208375,0.0014090290060266852,10.166769782517804,10377102606,true,true,5dff3859ad319cb37301e68cfc6fde00723e3a42110ca93adb44c05e97098167
softmax_whole_stage_atc_trace_v1,softmax_whole_stage_operand_rate_atc,softmax_whole_stage_operand_rate_atc_v2,20260728_operand_rate_v2_final_normalization_session02_BCA,normalization,fp16x2,20260728_operand_rate_v2_final_normalization_session02_BCA_normalization_fp16x2,0,1,20260728_operand_rate_v2_final_normalization_session02_BCA_normalization_fp16x2_b0_r1_treatment,treatment,treatment,20260728_operand_rate_v2_final_normalization_session02_BCA_normalization_fp16x2_b0_r1_treatment_1785246373570,41,183119.12913153999,183119.13051747601,183119.12982450798,0.0013859360187780112,10.421473452995997,10377169899,true,true,5dff3859ad319cb37301e68cfc6fde00723e3a42110ca93adb44c05e97098167
softmax_whole_stage_atc_trace_v1,softmax_whole_stage_operand_rate_atc,softmax_whole_stage_operand_rate_atc_v2,20260728_operand_rate_v2_final_normalization_session02_BCA,normalization,fp16x2,20260728_operand_rate_v2_final_normalization_session02_BCA_normalization_fp16x2,0,1,20260728_operand_rate_v2_final_normalization_session02_BCA_normalization_fp16x2_b0_r1_treatment,treatment,treatment,20260728_operand_rate_v2_final_normalization_session02_BCA_normalization_fp16x2_b0_r1_treatment_1785246373570,42,183119.38392414301,183119.38563258201,183119.38477836252,0.0017084389983210713,10.676427307538688,10377215426,true,true,5dff3859ad319cb37301e68cfc6fde00723e3a42110ca93adb44c05e97098167
softmax_whole_stage_atc_trace_v1,softmax_whole_stage_operand_rate_atc,softmax_whole_stage_operand_rate_atc_v2,20260728_operand_rate_v2_final_normalization_session02_BCA,normalization,fp16x2,20260728_operand_rate_v2_final_normalization_session02_BCA_normalization_fp16x2,0,1,20260728_operand_rate_v2_final_normalization_session02_BCA_normalization_fp16x2_b0_r1_treatment,treatment,treatment,20260728_operand_rate_v2_final_normalization_session02_BCA_normalization_fp16x2_b0_r1_treatment_1785246373570,43,183119.63896328199,183119.64033138999,183119.63964733598,0.0013681080017704517,10.931296280992683,10377281865,true,true,5dff3859ad319cb37301e68cfc6fde00723e3a42110ca93adb44c05e97098167
softmax_whole_stage_atc_trace_v1,softmax_whole_stage_operand_rate_atc,softmax_whole_stage_operand_rate_atc_v2,20260728_operand_rate_v2_final_normalization_session02_BCA,normalization,fp16x2,20260728_operand_rate_v2_final_normalization_session02_BCA_normalization_fp16x2,0,1,20260728_operand_rate_v2_final_normalization_session02_BCA_normalization_fp16x2_b0_r1_treatment,treatment,treatment,20260728_operand_rate_v2_final_normalization_session02_BCA_normalization_fp16x2_b0_r1_treatment_1785246373570,44,183119.893730866,183119.89637217499,183119.89505152049,0.0026413089944981039,11.186700465506874,10377326521,true,true,5dff3859ad319cb37301e68cfc6fde00723e3a42110ca93adb44c05e97098167
softmax_whole_stage_atc_trace_v1,softmax_whole_stage_operand_rate_atc,softmax_whole_stage_operand_rate_atc_v2,20260728_operand_rate_v2_final_normalization_session02_BCA,normalization,fp16x2,20260728_operand_rate_v2_final_normalization_session02_BCA_normalization_fp16x2,0,1,20260728_operand_rate_v2_final_normalization_session02_BCA_normalization_fp16x2_b0_r1_treatment,treatment,treatment,20260728_operand_rate_v2_final_normalization_session02_BCA_normalization_fp16x2_b0_r1_treatment_1785246373570,45,183120.14656950501,183120.14797731899,183120.147273412,0.0014078139793127775,11.438922357017873,10377396536,true,true,5dff3859ad319cb37301e68cfc6fde00723e3a42110ca93adb44c05e97098167
softmax_whole_stage_atc_trace_v1,softmax_whole_stage_operand_rate_atc,softmax_whole_stage_operand_rate_atc_v2,20260728_operand_rate_v2_final_normalization_session02_BCA,normalization,fp16x2,20260728_operand_rate_v2_final_normalization_session02_BCA_normalization_fp16x2,0,1,20260728_operand_rate_v2_final_normalization_session02_BCA_normalization_fp16x2_b0_r1_treatment,treatment,treatment,20260728_operand_rate_v2_final_normalization_session02_BCA_normalization_fp16x2_b0_r1_treatment_1785246373570,46,183120.39809128799,183120.402757868,183120.40042457799,0.0046665800036862493,11.69207352300873,10377440789,true,true,5dff3859ad319cb37301e68cfc6fde00723e3a42110ca93adb44c05e97098167
softmax_whole_stage_atc_trace_v1,softmax_whole_stage_operand_rate_atc,softmax_whole_stage_operand_rate_atc_v2,20260728_operand_rate_v2_final_normalization_session02_BCA,normalization,fp16x2,20260728_operand_rate_v2_final_normalization_session02_BCA_normalization_fp16x2,0,1,20260728_operand_rate_v2_final_normalization_session02_BCA_normalization_fp16x2_b0_r1_treatment,treatment,treatment,20260728_operand_rate_v2_final_normalization_session02_BCA_normalization_fp16x2_b0_r1_treatment_1785246373570,47,183120.65583018001,183120.65718461401,183120.65650739701,0.0013544340035878122,11.948156342026778,10377510693,true,true,5dff3859ad319cb37301e68cfc6fde00723e3a42110ca93adb44c05e97098167
softmax_whole_stage_atc_trace_v1,softmax_whole_stage_operand_rate_atc,softmax_whole_stage_operand_rate_atc_v2,20260728_operand_rate_v2_final_normalization_session02_BCA,normalization,fp16x2,20260728_operand_rate_v2_final_normalization_session02_BCA_normalization_fp16x2,0,1,20260728_operand_rate_v2_final_normalization_session02_BCA_normalization_fp16x2_b0_r1_treatment,treatment,treatment,20260728_operand_rate_v2_final_normalization_session02_BCA_normalization_fp16x2_b0_r1_treatment_1785246373570,48,183120.910582874,183120.91198258501,183120.9112827295,0.0013997110072523355,12.202931674517458,10377554196,true,true,5dff3859ad319cb37301e68cfc6fde00723e3a42110ca93adb44c05e97098167
softmax_whole_stage_atc_trace_v1,softmax_whole_stage_operand_rate_atc,softmax_whole_stage_operand_rate_atc_v2,20260728_operand_rate_v2_final_normalization_session02_BCA,normalization,fp16x2,20260728_operand_rate_v2_final_normalization_session02_BCA_normalization_fp16x2,0,1,20260728_operand_rate_v2_final_normalization_session02_BCA_normalization_fp16x2_b0_r1_treatment,treatment,treatment,20260728_operand_rate_v2_final_normalization_session02_BCA_normalization_fp16x2_b0_r1_treatment_1785246373570,49,183121.16534124099,183121.166745814,183121.16604352748,0.0014045730058569461,12.457692472497001,10377623419,true,true,5dff3859ad319cb37301e68cfc6fde00723e3a42110ca93adb44c05e97098167
softmax_whole_stage_atc_trace_v1,softmax_whole_stage_operand_rate_atc,softmax_whole_stage_operand_rate_atc_v2,20260728_operand_rate_v2_final_normalization_session02_BCA,normalization,fp16x2,20260728_operand_rate_v2_final_normalization_session02_BCA_normalization_fp16x2,0,1,20260728_operand_rate_v2_final_normalization_session02_BCA_normalization_fp16x2_b0_r1_treatment,treatment,treatment,20260728_operand_rate_v2_final_normalization_session02_BCA_normalization_fp16x2_b0_r1_treatment_1785246373570,50,183121.42013911001,183121.421662799,183121.42090095452,0.0015236889885272831,12.712549899530131,10377666241,true,true,5dff3859ad319cb37301e68cfc6fde00723e3a42110ca93adb44c05e97098167
softmax_whole_stage_atc_trace_v1,softmax_whole_stage_operand_rate_atc,softmax_whole_stage_operand_rate_atc_v2,20260728_operand_rate_v2_final_normalization_session02_BCA,normalization,fp16x2,20260728_operand_rate_v2_final_normalization_session02_BCA_normalization_fp16x2,0,1,20260728_operand_rate_v2_final_normalization_session02_BCA_normalization_fp16x2_b0_r1_treatment,treatment,treatment,20260728_operand_rate_v2_final_normalization_session02_BCA_normalization_fp16x2_b0_r1_treatment_1785246373570,51,183121.67505883001,183121.67834474199,183121.676701786,0.0032859119819477201,12.968350731011014,10377734787,true,true,5dff3859ad319cb37301e68cfc6fde00723e3a42110ca93adb44c05e97098167
softmax_whole_stage_atc_trace_v1,softmax_whole_stage_operand_rate_atc,softmax_whole_stage_operand_rate_atc_v2,20260728_operand_rate_v2_final_normalization_session02_BCA,normalization,fp16x2,20260728_operand_rate_v2_final_normalization_session02_BCA_normalization_fp16x2,0,1,20260728_operand_rate_v2_final_normalization_session02_BCA_normalization_fp16x2_b0_r1_treatment,treatment,treatment,20260728_operand_rate_v2_final_normalization_session02_BCA_normalization_fp16x2_b0_r1_treatment_1785246373570,52,183121.93166926299,183121.93306958201,183121.93236942252,0.0014003190153744072,13.224018367531244,10377781196,true,false,5dff3859ad319cb37301e68cfc6fde00723e3a42110ca93adb44c05e97098167
softmax_whole_stage_atc_trace_v1,softmax_whole_stage_operand_rate_atc,softmax_whole_stage_operand_rate_atc_v2,20260728_operand_rate_v2_final_normalization_session02_BCA,normalization,fp16x2,20260728_operand_rate_v2_final_normalization_session02_BCA_normalization_fp16x2,0,1,20260728_operand_rate_v2_final_normalization_session02_BCA_normalization_fp16x2_b0_r1_treatment,treatment,treatment,20260728_operand_rate_v2_final_normalization_session02_BCA_normalization_fp16x2_b0_r1_treatment_1785246373570,53,183122.18638184699,183122.18777092299,183122.18707638499,0.0013890760019421577,13.478725330001907,10377848547,true,false,5dff3859ad319cb37301e68cfc6fde00723e3a42110ca93adb44c05e97098167
softmax_whole_stage_atc_trace_v1,softmax_whole_stage_operand_rate_atc,softmax_whole_stage_operand_rate_atc_v2,20260728_operand_rate_v2_final_normalization_session02_BCA,normalization,fp16x2,20260728_operand_rate_v2_final_normalization_session02_BCA_normalization_fp16x2,0,1,20260728_operand_rate_v2_final_normalization_session02_BCA_normalization_fp16x2_b0_r1_treatment,treatment,treatment,20260728_operand_rate_v2_final_normalization_session02_BCA_normalization_fp16x2_b0_r1_treatment_1785246373570,54,183122.441189137,183122.442555321,183122.44187222898,0.0013661840057466179,13.733521173999179,10377886394,true,false,5dff3859ad319cb37301e68cfc6fde00723e3a42110ca93adb44c05e97098167
softmax_whole_stage_atc_trace_v1,softmax_whole_stage_operand_rate_atc,softmax_whole_stage_operand_rate_atc_v2,20260728_operand_rate_v2_final_normalization_session02_BCA,normalization,fp16x2,20260728_operand_rate_v2_final_normalization_session02_BCA_normalization_fp16x2,0,1,20260728_operand_rate_v2_final_normalization_session02_BCA_normalization_fp16x2_b0_r1_treatment,treatment,treatment,20260728_operand_rate_v2_final_normalization_session02_BCA_normalization_fp16x2_b0_r1_treatment_1785246373570,55,183122.442562107,183122.443826192,183122.4431941495,0.0012640850036405027,13.734843094513053,10377886394,false,false,5dff3859ad319cb37301e68cfc6fde00723e3a42110ca93adb44c05e97098167
softmax_whole_stage_atc_trace_v1,softmax_whole_stage_operand_rate_atc,softmax_whole_stage_operand_rate_atc_v2,20260728_operand_rate_v2_final_normalization_session02_BCA,normalization,fp16x2,20260728_operand_rate_v2_final_normalization_session02_BCA_normalization_fp16x2,0,2,20260728_operand_rate_v2_final_normalization_session02_BCA_normalization_fp16x2_b0_r2_control,control,control,20260728_operand_rate_v2_final_normalization_session02_BCA_normalization_fp16x2_b0_r2_control_1785246387933,0,183123.484633215,183123.48587825801,183123.48525573651,0.0012450430076569319,0.00067843249416910112,10378029544,false,false,5dff3859ad319cb37301e68cfc6fde00723e3a42110ca93adb44c05e97098167
softmax_whole_stage_atc_trace_v1,softmax_whole_stage_operand_rate_atc,softmax_whole_stage_operand_rate_atc_v2,20260728_operand_rate_v2_final_normalization_session02_BCA,normalization,fp16x2,20260728_operand_rate_v2_final_normalization_session02_BCA_normalization_fp16x2,0,2,20260728_operand_rate_v2_final_normalization_session02_BCA_normalization_fp16x2_b0_r2_control,control,control,20260728_operand_rate_v2_final_normalization_session02_BCA_normalization_fp16x2_b0_r2_control_1785246387933,1,183123.73928452001,183123.74420077601,183123.74174264801,0.0049162560026161373,0.25716534399543889,10378072686,true,false,5dff3859ad319cb37301e68cfc6fde00723e3a42110ca93adb44c05e97098167
softmax_whole_stage_atc_trace_v1,softmax_whole_stage_operand_rate_atc,softmax_whole_stage_operand_rate_atc_v2,20260728_operand_rate_v2_final_normalization_session02_BCA,normalization,fp16x2,20260728_operand_rate_v2_final_normalization_session02_BCA_normalization_fp16x2,0,2,20260728_operand_rate_v2_final_normalization_session02_BCA_normalization_fp16x2_b0_r2_control,control,control,20260728_operand_rate_v2_final_normalization_session02_BCA_normalization_fp16x2_b0_r2_control_1785246387933,2,183123.99753218601,183123.998923084,183123.99822763499,0.0013908979890402406,0.51365033097681589,10378141623,true,true,5dff3859ad319cb37301e68cfc6fde00723e3a42110ca93adb44c05e97098167
softmax_whole_stage_atc_trace_v1,softmax_whole_stage_operand_rate_atc,softmax_whole_stage_operand_rate_atc_v2,20260728_operand_rate_v2_final_normalization_session02_BCA,normalization,fp16x2,20260728_operand_rate_v2_final_normalization_session02_BCA_normalization_fp16x2,0,2,20260728_operand_rate_v2_final_normalization_session02_BCA_normalization_fp16x2_b0_r2_control,control,control,20260728_operand_rate_v2_final_normalization_session02_BCA_normalization_fp16x2_b0_r2_control_1785246387933,3,183124.25041356901,183124.25178025899,183124.251096914,0.0013666899758391082,0.76651960998424329,10378184703,true,true,5dff3859ad319cb37301e68cfc6fde00723e3a42110ca93adb44c05e97098167
softmax_whole_stage_atc_trace_v1,softmax_whole_stage_operand_rate_atc,softmax_whole_stage_operand_rate_atc_v2,20260728_operand_rate_v2_final_normalization_session02_BCA,normalization,fp16x2,20260728_operand_rate_v2_final_normalization_session02_BCA_normalization_fp16x2,0,2,20260728_operand_rate_v2_final_normalization_session02_BCA_normalization_fp16x2_b0_r2_control,control,control,20260728_operand_rate_v2_final_normalization_session02_BCA_normalization_fp16x2_b0_r2_control_1785246387933,4,183124.50202225699,183124.50344607499,183124.50273416599,0.0014238180010579526,1.0181568619736936,10378253590,true,true,5dff3859ad319cb37301e68cfc6fde00723e3a42110ca93adb44c05e97098167
softmax_whole_stage_atc_trace_v1,softmax_whole_stage_operand_rate_atc,softmax_whole_stage_operand_rate_atc_v2,20260728_operand_rate_v2_final_normalization_session02_BCA,normalization,fp16x2,20260728_operand_rate_v2_final_normalization_session02_BCA_normalization_fp16x2,0,2,20260728_operand_rate_v2_final_normalization_session02_BCA_normalization_fp16x2_b0_r2_control,control,control,20260728_operand_rate_v2_final_normalization_session02_BCA_normalization_fp16x2_b0_r2_control_1785246387933,5,183124.75604000001,183124.75739949901,183124.75671974951,0.0013594990014098585,1.2721424454939552,10378297050,true,true,5dff3859ad319cb37301e68cfc6fde00723e3a42110ca93adb44c05e97098167
softmax_whole_stage_atc_trace_v1,softmax_whole_stage_operand_rate_atc,softmax_whole_stage_operand_rate_atc_v2,20260728_operand_rate_v2_final_normalization_session02_BCA,normalization,fp16x2,20260728_operand_rate_v2_final_normalization_session02_BCA_normalization_fp16x2,0,2,20260728_operand_rate_v2_final_normalization_session02_BCA_normalization_fp16x2_b0_r2_control,control,control,20260728_operand_rate_v2_final_normalization_session02_BCA_normalization_fp16x2_b0_r2_control_1785246387933,6,183125.010752787,183125.012213676,183125.0114832315,0.0014608890051022172,1.5269059274869505,10378366078,true,true,5dff3859ad319cb37301e68cfc6fde00723e3a42110ca93adb44c05e97098167
softmax_whole_stage_atc_trace_v1,softmax_whole_stage_operand_rate_atc,softmax_whole_stage_operand_rate_atc_v2,20260728_operand_rate_v2_final_normalization_session02_BCA,normalization,fp16x2,20260728_operand_rate_v2_final_normalization_session02_BCA_normalization_fp16x2,0,2,20260728_operand_rate_v2_final_normalization_session02_BCA_normalization_fp16x2_b0_r2_control,control,control,20260728_operand_rate_v2_final_normalization_session02_BCA_normalization_fp16x2_b0_r2_control_1785246387933,7,183125.26557496499,183125.26704537499,183125.26631017,0.0014704100030940026,1.7817328659875784,10378409046,true,true,5dff3859ad319cb37301e68cfc6fde00723e3a42110ca93adb44c05e97098167
softmax_whole_stage_atc_trace_v1,softmax_whole_stage_operand_rate_atc,softmax_whole_stage_operand_rate_atc_v2,20260728_operand_rate_v2_final_normalization_session02_BCA,normalization,fp16x2,20260728_operand_rate_v2_final_normalization_session02_BCA_normalization_fp16x2,0,2,20260728_operand_rate_v2_final_normalization_session02_BCA_normalization_fp16x2_b0_r2_control,control,control,20260728_operand_rate_v2_final_normalization_session02_BCA_normalization_fp16x2_b0_r2_control_1785246387933,8,183125.518784524,183125.52015405099,183125.51946928748,0.0013695269881282002,2.0348919834650587,10378477479,true,true,5dff3859ad319cb37301e68cfc6fde00723e3a42110ca93adb44c05e97098167
softmax_whole_stage_atc_trace_v1,softmax_whole_stage_operand_rate_atc,softmax_whole_stage_operand_rate_atc_v2,20260728_operand_rate_v2_final_normalization_session02_BCA,normalization,fp16x2,20260728_operand_rate_v2_final_normalization_session02_BCA_normalization_fp16x2,0,2,20260728_operand_rate_v2_final_normalization_session02_BCA_normalization_fp16x2_b0_r2_control,control,control,20260728_operand_rate_v2_final_normalization_session02_BCA_normalization_fp16x2_b0_r2_control_1785246387933,9,183125.77069588,183125.772246465,183125.77147117251,0.001550585002405569,2.286893868498737,10378520114,true,true,5dff3859ad319cb37301e68cfc6fde00723e3a42110ca93adb44c05e97098167
softmax_whole_stage_atc_trace_v1,softmax_whole_stage_operand_rate_atc,softmax_whole_stage_operand_rate_atc_v2,20260728_operand_rate_v2_final_normalization_session02_BCA,normalization,fp16x2,20260728_operand_rate_v2_final_normalization_session02_BCA_normalization_fp16x2,0,2,20260728_operand_rate_v2_final_normalization_session02_BCA_normalization_fp16x2_b0_r2_control,control,control,20260728_operand_rate_v2_final_normalization_session02_BCA_normalization_fp16x2_b0_r2_control_1785246387933,10,183126.02262645899,183126.02651548001,183126.02457096952,0.0038890210271347314,2.5399936655012425,10378588332,true,true,5dff3859ad319cb37301e68cfc6fde00723e3a42110ca93adb44c05e97098167
softmax_whole_stage_atc_trace_v1,softmax_whole_stage_operand_rate_atc,softmax_whole_stage_operand_rate_atc_v2,20260728_operand_rate_v2_final_normalization_session02_BCA,normalization,fp16x2,20260728_operand_rate_v2_final_normalization_session02_BCA_normalization_fp16x2,0,2,20260728_operand_rate_v2_final_normalization_session02_BCA_normalization_fp16x2_b0_r2_control,control,control,20260728_operand_rate_v2_final_normalization_session02_BCA_normalization_fp16x2_b0_r2_control_1785246387933,11,183126.27683061999,183126.278212265,183126.27752144251,0.0013816450082231313,2.7929441384912934,10378634379,true,true,5dff3859ad319cb37301e68cfc6fde00723e3a42110ca93adb44c05e97098167
softmax_whole_stage_atc_trace_v1,softmax_whole_stage_operand_rate_atc,softmax_whole_stage_operand_rate_atc_v2,20260728_operand_rate_v2_final_normalization_session02_BCA,normalization,fp16x2,20260728_operand_rate_v2_final_normalization_session02_BCA_normalization_fp16x2,0,2,20260728_operand_rate_v2_final_normalization_session02_BCA_normalization_fp16x2_b0_r2_control,control,control,20260728_operand_rate_v2_final_normalization_session02_BCA_normalization_fp16x2_b0_r2_control_1785246387933,12,183126.528415512,183126.52983759,183126.529126551,0.0014220779994502664,3.0445492469880264,10378701278,true,true,5dff3859ad319cb37301e68cfc6fde00723e3a42110ca93adb44c05e97098167
softmax_whole_stage_atc_trace_v1,softmax_whole_stage_operand_rate_atc,softmax_whole_stage_operand_rate_atc_v2,20260728_operand_rate_v2_final_normalization_session02_BCA,normalization,fp16x2,20260728_operand_rate_v2_final_normalization_session02_BCA_normalization_fp16x2,0,2,20260728_operand_rate_v2_final_normalization_session02_BCA_normalization_fp16x2_b0_r2_control,control,control,20260728_operand_rate_v2_final_normalization_session02_BCA_normalization_fp16x2_b0_r2_control_1785246387933,13,183126.77996497499,183126.781327203,183126.780646089,0.0013622280093841255,3.2960687849845272,10378746718,true,true,5dff3859ad319cb37301e68cfc6fde00723e3a42110ca93adb44c05e97098167
softmax_whole_stage_atc_trace_v1,softmax_whole_stage_operand_rate_atc,softmax_whole_stage_operand_rate_atc_v2,20260728_operand_rate_v2_final_normalization_session02_BCA,normalization,fp16x2,20260728_operand_rate_v2_final_normalization_session02_BCA_normalization_fp16x2,0,2,20260728_operand_rate_v2_final_normalization_session02_BCA_normalization_fp16x2_b0_r2_control,control,control,20260728_operand_rate_v2_final_normalization_session02_BCA_normalization_fp16x2_b0_r2_control_1785246387933,14,183127.031478808,183127.032879568,183127.03217918798,0.0014007599966134876,3.5476018839690369,10378813054,true,true,5dff3859ad319cb37301e68cfc6fde00723e3a42110ca93adb44c05e97098167
softmax_whole_stage_atc_trace_v1,softmax_whole_stage_operand_rate_atc,softmax_whole_stage_operand_rate_atc_v2,20260728_operand_rate_v2_final_normalization_session02_BCA,normalization,fp16x2,20260728_operand_rate_v2_final_normalization_session02_BCA_normalization_fp16x2,0,2,20260728_operand_rate_v2_final_normalization_session02_BCA_normalization_fp16x2_b0_r2_control,control,control,20260728_operand_rate_v2_final_normalization_session02_BCA_normalization_fp16x2_b0_r2_control_1785246387933,15,183127.28301145701,183127.28720232801,183127.28510689252,0.0041908709972631186,3.8005295885086525,10378857869,true,true,5dff3859ad319cb37301e68cfc6fde00723e3a42110ca93adb44c05e97098167
softmax_whole_stage_atc_trace_v1,softmax_whole_stage_operand_rate_atc,softmax_whole_stage_operand_rate_atc_v2,20260728_operand_rate_v2_final_normalization_session02_BCA,normalization,fp16x2,20260728_operand_rate_v2_final_normalization_session02_BCA_normalization_fp16x2,0,2,20260728_operand_rate_v2_final_normalization_session02_BCA_normalization_fp16x2_b0_r2_control,control,control,20260728_operand_rate_v2_final_normalization_session02_BCA_normalization_fp16x2_b0_r2_control_1785246387933,16,183127.537329813,183127.538744385,183127.538037099,0.0014145720051601529,4.0534597949881572,10378927520,true,true,5dff3859ad319cb37301e68cfc6fde00723e3a42110ca93adb44c05e97098167
softmax_whole_stage_atc_trace_v1,softmax_whole_stage_operand_rate_atc,softmax_whole_stage_operand_rate_atc_v2,20260728_operand_rate_v2_final_normalization_session02_BCA,normalization,fp16x2,20260728_operand_rate_v2_final_normalization_session02_BCA_normalization_fp16x2,0,2,20260728_operand_rate_v2_final_normalization_session02_BCA_normalization_fp16x2_b0_r2_control,control,control,20260728_operand_rate_v2_final_normalization_session02_BCA_normalization_fp16x2_b0_r2_control_1785246387933,17,183127.78889228599,183127.790271629,183127.78958195751,0.0013793430116493255,4.3050046534917783,10378970914,true,true,5dff3859ad319cb37301e68cfc6fde00723e3a42110ca93adb44c05e97098167
softmax_whole_stage_atc_trace_v1,softmax_whole_stage_operand_rate_atc,softmax_whole_stage_operand_rate_atc_v2,20260728_operand_rate_v2_final_normalization_session02_BCA,normalization,fp16x2,20260728_operand_rate_v2_final_normalization_session02_BCA_normalization_fp16x2,0,2,20260728_operand_rate_v2_final_normalization_session02_BCA_normalization_fp16x2_b0_r2_control,control,control,20260728_operand_rate_v2_final_normalization_session02_BCA_normalization_fp16x2_b0_r2_control_1785246387933,18,183128.040420631,183128.04186652901,183128.04114357999,0.0014458980003837496,4.5565662759763654,10379039880,true,true,5dff3859ad319cb37301e68cfc6fde00723e3a42110ca93adb44c05e97098167
softmax_whole_stage_atc_trace_v1,softmax_whole_stage_operand_rate_atc,softmax_whole_stage_operand_rate_atc_v2,20260728_operand_rate_v2_final_normalization_session02_BCA,normalization,fp16x2,20260728_operand_rate_v2_final_normalization_session02_BCA_normalization_fp16x2,0,2,20260728_operand_rate_v2_final_normalization_session02_BCA_normalization_fp16x2_b0_r2_control,control,control,20260728_operand_rate_v2_final_normalization_session02_BCA_normalization_fp16x2_b0_r2_control_1785246387933,19,183128.29209299601,183128.29356591601,183128.29282945601,0.0014729200047440827,4.8082521519972943,10379082626,true,true,5dff3859ad319cb37301e68cfc6fde00723e3a42110ca93adb44c05e97098167
softmax_whole_stage_atc_trace_v1,softmax_whole_stage_operand_rate_atc,softmax_whole_stage_operand_rate_atc_v2,20260728_operand_rate_v2_final_normalization_session02_BCA,normalization,fp16x2,20260728_operand_rate_v2_final_normalization_session02_BCA_normalization_fp16x2,0,2,20260728_operand_rate_v2_final_normalization_session02_BCA_normalization_fp16x2_b0_r2_control,control,control,20260728_operand_rate_v2_final_normalization_session02_BCA_normalization_fp16x2_b0_r2_control_1785246387933,20,183128.543804293,183128.54806882501,183128.54593655901,0.0042645320063456893,5.061359254992567,10379150867,true,true,5dff3859ad319cb37301e68cfc6fde00723e3a42110ca93adb44c05e97098167
softmax_whole_stage_atc_trace_v1,softmax_whole_stage_operand_rate_atc,softmax_whole_stage_operand_rate_atc_v2,20260728_operand_rate_v2_final_normalization_session02_BCA,normalization,fp16x2,20260728_operand_rate_v2_final_normalization_session02_BCA_normalization_fp16x2,0,2,20260728_operand_rate_v2_final_normalization_session02_BCA_normalization_fp16x2_b0_r2_control,control,control,20260728_operand_rate_v2_final_normalization_session02_BCA_normalization_fp16x2_b0_r2_control_1785246387933,21,183128.79821332399,183128.799534919,183128.79887412151,0.0013215950166340917,5.3142968174943235,10379196826,true,true,5dff3859ad319cb37301e68cfc6fde00723e3a42110ca93adb44c05e97098167
softmax_whole_stage_atc_trace_v1,softmax_whole_stage_operand_rate_atc,softmax_whole_stage_operand_rate_atc_v2,20260728_operand_rate_v2_final_normalization_session02_BCA,normalization,fp16x2,20260728_operand_rate_v2_final_normalization_session02_BCA_normalization_fp16x2,0,2,20260728_operand_rate_v2_final_normalization_session02_BCA_normalization_fp16x2_b0_r2_control,control,control,20260728_operand_rate_v2_final_normalization_session02_BCA_normalization_fp16x2_b0_r2_control_1785246387933,22,183129.049725055,183129.052372848,183129.05104895151,0.0026477930077817291,5.5664716475002933,10379263531,true,true,5dff3859ad319cb37301e68cfc6fde00723e3a42110ca93adb44c05e97098167
softmax_whole_stage_atc_trace_v1,softmax_whole_stage_operand_rate_atc,softmax_whole_stage_operand_rate_atc_v2,20260728_operand_rate_v2_final_normalization_session02_BCA,normalization,fp16x2,20260728_operand_rate_v2_final_normalization_session02_BCA_normalization_fp16x2,0,2,20260728_operand_rate_v2_final_normalization_session02_BCA_normalization_fp16x2_b0_r2_control,control,control,20260728_operand_rate_v2_final_normalization_session02_BCA_normalization_fp16x2_b0_r2_control_1785246387933,23,183129.30275994801,183129.30406833201,183129.30341414001,0.001308384002186358,5.818836835998809,10379332049,true,true,5dff3859ad319cb37301e68cfc6fde00723e3a42110ca93adb44c05e97098167
softmax_whole_stage_atc_trace_v1,softmax_whole_stage_operand_rate_atc,softmax_whole_stage_operand_rate_atc_v2,20260728_operand_rate_v2_final_normalization_session02_BCA,normalization,fp16x2,20260728_operand_rate_v2_final_normalization_session02_BCA_normalization_fp16x2,0,2,20260728_operand_rate_v2_final_normalization_session02_BCA_normalization_fp16x2_b0_r2_control,control,control,20260728_operand_rate_v2_final_normalization_session02_BCA_normalization_fp16x2_b0_r2_control_1785246387933,24,183129.55437696699,183129.555874507,183129.55512573698,0.0014975400117691606,6.0705484329664614,10379378558,true,true,5dff3859ad319cb37301e68cfc6fde00723e3a42110ca93adb44c05e97098167
softmax_whole_stage_atc_trace_v1,softmax_whole_stage_operand_rate_atc,softmax_whole_stage_operand_rate_atc_v2,20260728_operand_rate_v2_final_normalization_session02_BCA,normalization,fp16x2,20260728_operand_rate_v2_final_normalization_session02_BCA_normalization_fp16x2,0,2,20260728_operand_rate_v2_final_normalization_session02_BCA_normalization_fp16x2_b0_r2_control,control,control,20260728_operand_rate_v2_final_normalization_session02_BCA_normalization_fp16x2_b0_r2_control_1785246387933,25,183129.806185344,183129.80865619099,183129.80742076749,0.0024708469863981009,6.3228434634802397,10379446311,true,true,5dff3859ad319cb37301e68cfc6fde00723e3a42110ca93adb44c05e97098167
softmax_whole_stage_atc_trace_v1,softmax_whole_stage_operand_rate_atc,softmax_whole_stage_operand_rate_atc_v2,20260728_operand_rate_v2_final_normalization_session02_BCA,normalization,fp16x2,20260728_operand_rate_v2_final_normalization_session02_BCA_normalization_fp16x2,0,2,20260728_operand_rate_v2_final_normalization_session02_BCA_normalization_fp16x2_b0_r2_control,control,control,20260728_operand_rate_v2_final_normalization_session02_BCA_normalization_fp16x2_b0_r2_control_1785246387933,26,183130.05900405801,183130.06045055599,183130.059727307,0.0014464979758486152,6.5751500029873569,10379492334,true,true,5dff3859ad319cb37301e68cfc6fde00723e3a42110ca93adb44c05e97098167
softmax_whole_stage_atc_trace_v1,softmax_whole_stage_operand_rate_atc,softmax_whole_stage_operand_rate_atc_v2,20260728_operand_rate_v2_final_normalization_session02_BCA,normalization,fp16x2,20260728_operand_rate_v2_final_normalization_session02_BCA_normalization_fp16x2,0,2,20260728_operand_rate_v2_final_normalization_session02_BCA_normalization_fp16x2_b0_r2_control,control,control,20260728_operand_rate_v2_final_normalization_session02_BCA_normalization_fp16x2_b0_r2_control_1785246387933,27,183130.31083205101,183130.31221439599,183130.3115232235,0.0013823449844494462,6.8269459194852971,10379559199,true,true,5dff3859ad319cb37301e68cfc6fde00723e3a42110ca93adb44c05e97098167
softmax_whole_stage_atc_trace_v1,softmax_whole_stage_operand_rate_atc,softmax_whole_stage_operand_rate_atc_v2,20260728_operand_rate_v2_final_normalization_session02_BCA,normalization,fp16x2,20260728_operand_rate_v2_final_normalization_session02_BCA_normalization_fp16x2,0,2,20260728_operand_rate_v2_final_normalization_session02_BCA_normalization_fp16x2_b0_r2_control,control,control,20260728_operand_rate_v2_final_normalization_session02_BCA_normalization_fp16x2_b0_r2_control_1785246387933,28,183130.562462481,183130.563833817,183130.563148149,0.0013713359949178994,7.0785708449839149,10379604571,true,true,5dff3859ad319cb37301e68cfc6fde00723e3a42110ca93adb44c05e97098167
softmax_whole_stage_atc_trace_v1,softmax_whole_stage_operand_rate_atc,softmax_whole_stage_operand_rate_atc_v2,20260728_operand_rate_v2_final_normalization_session02_BCA,normalization,fp16x2,20260728_operand_rate_v2_final_normalization_session02_BCA_normalization_fp16x2,0,2,20260728_operand_rate_v2_final_normalization_session02_BCA_normalization_fp16x2_b0_r2_control,control,control,20260728_operand_rate_v2_final_normalization_session02_BCA_normalization_fp16x2_b0_r2_control_1785246387933,29,183130.81395639799,183130.81525267099,183130.81460453448,0.0012962729961145669,7.3300272304622922,10379670873,true,true,5dff3859ad319cb37301e68cfc6fde00723e3a42110ca93adb44c05e97098167
softmax_whole_stage_atc_trace_v1,softmax_whole_stage_operand_rate_atc,softmax_whole_stage_operand_rate_atc_v2,20260728_operand_rate_v2_final_normalization_session02_BCA,normalization,fp16x2,20260728_operand_rate_v2_final_normalization_session02_BCA_normalization_fp16x2,0,2,20260728_operand_rate_v2_final_normalization_session02_BCA_normalization_fp16x2_b0_r2_control,control,control,20260728_operand_rate_v2_final_normalization_session02_BCA_normalization_fp16x2_b0_r2_control_1785246387933,30,183131.06562245701,183131.06933933601,183131.06748089651,0.0037168790004216135,7.5829035924980417,10379715673,true,true,5dff3859ad319cb37301e68cfc6fde00723e3a42110ca93adb44c05e97098167
softmax_whole_stage_atc_trace_v1,softmax_whole_stage_operand_rate_atc,softmax_whole_stage_operand_rate_atc_v2,20260728_operand_rate_v2_final_normalization_session02_BCA,normalization,fp16x2,20260728_operand_rate_v2_final_normalization_session02_BCA_normalization_fp16x2,0,2,20260728_operand_rate_v2_final_normalization_session02_BCA_normalization_fp16x2_b0_r2_control,control,control,20260728_operand_rate_v2_final_normalization_session02_BCA_normalization_fp16x2_b0_r2_control_1785246387933,31,183131.31973424199,183131.32110867999,183131.32042146099,0.0013744379975832999,7.8358441569725983,10379785511,true,true,5dff3859ad319cb37301e68cfc6fde00723e3a42110ca93adb44c05e97098167
softmax_whole_stage_atc_trace_v1,softmax_whole_stage_operand_rate_atc,softmax_whole_stage_operand_rate_atc_v2,20260728_operand_rate_v2_final_normalization_session02_BCA,normalization,fp16x2,20260728_operand_rate_v2_final_normalization_session02_BCA_normalization_fp16x2,0,2,20260728_operand_rate_v2_final_normalization_session02_BCA_normalization_fp16x2_b0_r2_control,control,control,20260728_operand_rate_v2_final_normalization_session02_BCA_normalization_fp16x2_b0_r2_control_1785246387933,32,183131.57138929199,183131.57275692499,183131.57207310849,0.0013676329981535673,8.0874958044732921,10379828952,true,true,5dff3859ad319cb37301e68cfc6fde00723e3a42110ca93adb44c05e97098167
softmax_whole_stage_atc_trace_v1,softmax_whole_stage_operand_rate_atc,softmax_whole_stage_operand_rate_atc_v2,20260728_operand_rate_v2_final_normalization_session02_BCA,normalization,fp16x2,20260728_operand_rate_v2_final_normalization_session02_BCA_normalization_fp16x2,0,2,20260728_operand_rate_v2_final_normalization_session02_BCA_normalization_fp16x2_b0_r2_control,control,control,20260728_operand_rate_v2_final_normalization_session02_BCA_normalization_fp16x2_b0_r2_control_1785246387933,33,183131.82444801601,183131.82581181699,183131.82512991648,0.0013638009841088206,8.3405526124697644,10379897936,true,true,5dff3859ad319cb37301e68cfc6fde00723e3a42110ca93adb44c05e97098167
softmax_whole_stage_atc_trace_v1,softmax_whole_stage_operand_rate_atc,softmax_whole_stage_operand_rate_atc_v2,20260728_operand_rate_v2_final_normalization_session02_BCA,normalization,fp16x2,20260728_operand_rate_v2_final_normalization_session02_BCA_normalization_fp16x2,0,2,20260728_operand_rate_v2_final_normalization_session02_BCA_normalization_fp16x2_b0_r2_control,control,control,20260728_operand_rate_v2_final_normalization_session02_BCA_normalization_fp16x2_b0_r2_control_1785246387933,34,183132.07904172901,183132.08042861399,183132.07973517152,0.0013868849782738835,8.595157867501257,10379940519,true,true,5dff3859ad319cb37301e68cfc6fde00723e3a42110ca93adb44c05e97098167
softmax_whole_stage_atc_trace_v1,softmax_whole_stage_operand_rate_atc,softmax_whole_stage_operand_rate_atc_v2,20260728_operand_rate_v2_final_normalization_session02_BCA,normalization,fp16x2,20260728_operand_rate_v2_final_normalization_session02_BCA_normalization_fp16x2,0,2,20260728_operand_rate_v2_final_normalization_session02_BCA_normalization_fp16x2_b0_r2_control,control,control,20260728_operand_rate_v2_final_normalization_session02_BCA_normalization_fp16x2_b0_r2_control_1785246387933,35,183132.332963464,183132.33703157899,183132.33499752148,0.004068114998517558,8.8504202174663078,10380008679,true,true,5dff3859ad319cb37301e68cfc6fde00723e3a42110ca93adb44c05e97098167
softmax_whole_stage_atc_trace_v1,softmax_whole_stage_operand_rate_atc,softmax_whole_stage_operand_rate_atc_v2,20260728_operand_rate_v2_final_normalization_session02_BCA,normalization,fp16x2,20260728_operand_rate_v2_final_normalization_session02_BCA_normalization_fp16x2,0,2,20260728_operand_rate_v2_final_normalization_session02_BCA_normalization_fp16x2_b0_r2_control,control,control,20260728_operand_rate_v2_final_normalization_session02_BCA_normalization_fp16x2_b0_r2_control_1785246387933,36,183132.588064629,183132.58938195699,183132.58872329298,0.0013173279876355082,9.1041459889675025,10380054764,true,true,5dff3859ad319cb37301e68cfc6fde00723e3a42110ca93adb44c05e97098167
softmax_whole_stage_atc_trace_v1,softmax_whole_stage_operand_rate_atc,softmax_whole_stage_operand_rate_atc_v2,20260728_operand_rate_v2_final_normalization_session02_BCA,normalization,fp16x2,20260728_operand_rate_v2_final_normalization_session02_BCA_normalization_fp16x2,0,2,20260728_operand_rate_v2_final_normalization_session02_BCA_normalization_fp16x2_b0_r2_control,control,control,20260728_operand_rate_v2_final_normalization_session02_BCA_normalization_fp16x2_b0_r2_control_1785246387933,37,183132.83962203801,183132.84310200799,183132.841362023,0.0034799699787981808,9.3567847189842723,10380122147,true,true,5dff3859ad319cb37301e68cfc6fde00723e3a42110ca93adb44c05e97098167
softmax_whole_stage_atc_trace_v1,softmax_whole_stage_operand_rate_atc,softmax_whole_stage_operand_rate_atc_v2,20260728_operand_rate_v2_final_normalization_session02_BCA,normalization,fp16x2,20260728_operand_rate_v2_final_normalization_session02_BCA_normalization_fp16x2,0,2,20260728_operand_rate_v2_final_normalization_session02_BCA_normalization_fp16x2_b0_r2_control,control,control,20260728_operand_rate_v2_final_normalization_session02_BCA_normalization_fp16x2_b0_r2_control_1785246387933,38,183133.093325586,183133.094705383,183133.0940154845,0.0013797970023006201,9.6094381804869045,10380168197,true,true,5dff3859ad319cb37301e68cfc6fde00723e3a42110ca93adb44c05e97098167
softmax_whole_stage_atc_trace_v1,softmax_whole_stage_operand_rate_atc,softmax_whole_stage_operand_rate_atc_v2,20260728_operand_rate_v2_final_normalization_session02_BCA,normalization,fp16x2,20260728_operand_rate_v2_final_normalization_session02_BCA_normalization_fp16x2,0,2,20260728_operand_rate_v2_final_normalization_session02_BCA_normalization_fp16x2_b0_r2_control,control,control,20260728_operand_rate_v2_final_normalization_session02_BCA_normalization_fp16x2_b0_r2_control_1785246387933,39,183133.344880869,183133.34911593999,183133.34699840448,0.0042350709845777601,9.8624211004644167,10380235722,true,true,5dff3859ad319cb37301e68cfc6fde00723e3a42110ca93adb44c05e97098167
softmax_whole_stage_atc_trace_v1,softmax_whole_stage_operand_rate_atc,softmax_whole_stage_operand_rate_atc_v2,20260728_operand_rate_v2_final_normalization_session02_BCA,normalization,fp16x2,20260728_operand_rate_v2_final_normalization_session02_BCA_normalization_fp16x2,0,2,20260728_operand_rate_v2_final_normalization_session02_BCA_normalization_fp16x2_b0_r2_control,control,control,20260728_operand_rate_v2_final_normalization_session02_BCA_normalization_fp16x2_b0_r2_control_1785246387933,40,183133.59926712999,183133.60067018899,183133.59996865949,0.0014030589954927564,10.115391355473548,10380281824,true,true,5dff3859ad319cb37301e68cfc6fde00723e3a42110ca93adb44c05e97098167
softmax_whole_stage_atc_trace_v1,softmax_whole_stage_operand_rate_atc,softmax_whole_stage_operand_rate_atc_v2,20260728_operand_rate_v2_final_normalization_session02_BCA,normalization,fp16x2,20260728_operand_rate_v2_final_normalization_session02_BCA_normalization_fp16x2,0,2,20260728_operand_rate_v2_final_normalization_session02_BCA_normalization_fp16x2_b0_r2_control,control,control,20260728_operand_rate_v2_final_normalization_session02_BCA_normalization_fp16x2_b0_r2_control_1785246387933,41,183133.85094289001,183133.85522263701,183133.8530827635,0.0042797469941433519,10.368505459482549,10380349496,true,true,5dff3859ad319cb37301e68cfc6fde00723e3a42110ca93adb44c05e97098167
softmax_whole_stage_atc_trace_v1,softmax_whole_stage_operand_rate_atc,softmax_whole_stage_operand_rate_atc_v2,20260728_operand_rate_v2_final_normalization_session02_BCA,normalization,fp16x2,20260728_operand_rate_v2_final_normalization_session02_BCA_normalization_fp16x2,0,2,20260728_operand_rate_v2_final_normalization_session02_BCA_normalization_fp16x2_b0_r2_control,control,control,20260728_operand_rate_v2_final_normalization_session02_BCA_normalization_fp16x2_b0_r2_control_1785246387933,42,183134.10544522101,183134.10685820199,183134.10615171149,0.0014129809860605747,10.621574407472508,10380395588,true,true,5dff3859ad319cb37301e68cfc6fde00723e3a42110ca93adb44c05e97098167
softmax_whole_stage_atc_trace_v1,softmax_whole_stage_operand_rate_atc,softmax_whole_stage_operand_rate_atc_v2,20260728_operand_rate_v2_final_normalization_session02_BCA,normalization,fp16x2,20260728_operand_rate_v2_final_normalization_session02_BCA_normalization_fp16x2,0,2,20260728_operand_rate_v2_final_normalization_session02_BCA_normalization_fp16x2_b0_r2_control,control,control,20260728_operand_rate_v2_final_normalization_session02_BCA_normalization_fp16x2_b0_r2_control_1785246387933,43,183134.357021659,183134.36137663099,183134.35919914499,0.0043549719848670065,10.874621840979671,10380463311,true,true,5dff3859ad319cb37301e68cfc6fde00723e3a42110ca93adb44c05e97098167
softmax_whole_stage_atc_trace_v1,softmax_whole_stage_operand_rate_atc,softmax_whole_stage_operand_rate_atc_v2,20260728_operand_rate_v2_final_normalization_session02_BCA,normalization,fp16x2,20260728_operand_rate_v2_final_normalization_session02_BCA_normalization_fp16x2,0,2,20260728_operand_rate_v2_final_normalization_session02_BCA_normalization_fp16x2_b0_r2_control,control,control,20260728_operand_rate_v2_final_normalization_session02_BCA_normalization_fp16x2_b0_r2_control_1785246387933,44,183134.611522978,183134.61291408999,183134.61221853399,0.001391111989505589,11.127641229977598,10380509528,true,true,5dff3859ad319cb37301e68cfc6fde00723e3a42110ca93adb44c05e97098167
softmax_whole_stage_atc_trace_v1,softmax_whole_stage_operand_rate_atc,softmax_whole_stage_operand_rate_atc_v2,20260728_operand_rate_v2_final_normalization_session02_BCA,normalization,fp16x2,20260728_operand_rate_v2_final_normalization_session02_BCA_normalization_fp16x2,0,2,20260728_operand_rate_v2_final_normalization_session02_BCA_normalization_fp16x2_b0_r2_control,control,control,20260728_operand_rate_v2_final_normalization_session02_BCA_normalization_fp16x2_b0_r2_control_1785246387933,45,183134.86314072399,183134.86730545599,183134.86522308999,0.0041647320031188428,11.380645785975503,10380577329,true,true,5dff3859ad319cb37301e68cfc6fde00723e3a42110ca93adb44c05e97098167
softmax_whole_stage_atc_trace_v1,softmax_whole_stage_operand_rate_atc,softmax_whole_stage_operand_rate_atc_v2,20260728_operand_rate_v2_final_normalization_session02_BCA,normalization,fp16x2,20260728_operand_rate_v2_final_normalization_session02_BCA_normalization_fp16x2,0,2,20260728_operand_rate_v2_final_normalization_session02_BCA_normalization_fp16x2_b0_r2_control,control,control,20260728_operand_rate_v2_final_normalization_session02_BCA_normalization_fp16x2_b0_r2_control_1785246387933,46,183135.117536342,183135.119030017,183135.1182831795,0.0014936749939806759,11.633705875487067,10380623541,true,true,5dff3859ad319cb37301e68cfc6fde00723e3a42110ca93adb44c05e97098167
softmax_whole_stage_atc_trace_v1,softmax_whole_stage_operand_rate_atc,softmax_whole_stage_operand_rate_atc_v2,20260728_operand_rate_v2_final_normalization_session02_BCA,normalization,fp16x2,20260728_operand_rate_v2_final_normalization_session02_BCA_normalization_fp16x2,0,2,20260728_operand_rate_v2_final_normalization_session02_BCA_normalization_fp16x2_b0_r2_control,control,control,20260728_operand_rate_v2_final_normalization_session02_BCA_normalization_fp16x2_b0_r2_control_1785246387933,47,183135.36918425999,183135.37350389699,183135.37134407851,0.0043196369952056557,11.886766774492571,10380691377,true,true,5dff3859ad319cb37301e68cfc6fde00723e3a42110ca93adb44c05e97098167
softmax_whole_stage_atc_trace_v1,softmax_whole_stage_operand_rate_atc,softmax_whole_stage_operand_rate_atc_v2,20260728_operand_rate_v2_final_normalization_session02_BCA,normalization,fp16x2,20260728_operand_rate_v2_final_normalization_session02_BCA_normalization_fp16x2,0,2,20260728_operand_rate_v2_final_normalization_session02_BCA_normalization_fp16x2_b0_r2_control,control,control,20260728_operand_rate_v2_final_normalization_session02_BCA_normalization_fp16x2_b0_r2_control_1785246387933,48,183135.62361004899,183135.624995391,183135.62430272001,0.0013853420095983893,12.139725415996509,10380737605,true,true,5dff3859ad319cb37301e68cfc6fde00723e3a42110ca93adb44c05e97098167
softmax_whole_stage_atc_trace_v1,softmax_whole_stage_operand_rate_atc,softmax_whole_stage_operand_rate_atc_v2,20260728_operand_rate_v2_final_normalization_session02_BCA,normalization,fp16x2,20260728_operand_rate_v2_final_normalization_session02_BCA_normalization_fp16x2,0,2,20260728_operand_rate_v2_final_normalization_session02_BCA_normalization_fp16x2_b0_r2_control,control,control,20260728_operand_rate_v2_final_normalization_session02_BCA_normalization_fp16x2_b0_r2_control_1785246387933,49,183135.87520572401,183135.87965961301,183135.87743266852,0.0044538890069816262,12.39285536450916,10380805378,true,true,5dff3859ad319cb37301e68cfc6fde00723e3a42110ca93adb44c05e97098167
softmax_whole_stage_atc_trace_v1,softmax_whole_stage_operand_rate_atc,softmax_whole_stage_operand_rate_atc_v2,20260728_operand_rate_v2_final_normalization_session02_BCA,normalization,fp16x2,20260728_operand_rate_v2_final_normalization_session02_BCA_normalization_fp16x2,0,2,20260728_operand_rate_v2_final_normalization_session02_BCA_normalization_fp16x2_b0_r2_control,control,control,20260728_operand_rate_v2_final_normalization_session02_BCA_normalization_fp16x2_b0_r2_control_1785246387933,50,183136.12985961899,183136.13130499999,183136.1305823095,0.0014453809999395162,12.646005005488405,10380851547,true,true,5dff3859ad319cb37301e68cfc6fde00723e3a42110ca93adb44c05e97098167
softmax_whole_stage_atc_trace_v1,softmax_whole_stage_operand_rate_atc,softmax_whole_stage_operand_rate_atc_v2,20260728_operand_rate_v2_final_normalization_session02_BCA,normalization,fp16x2,20260728_operand_rate_v2_final_normalization_session02_BCA_normalization_fp16x2,0,2,20260728_operand_rate_v2_final_normalization_session02_BCA_normalization_fp16x2_b0_r2_control,control,control,20260728_operand_rate_v2_final_normalization_session02_BCA_normalization_fp16x2_b0_r2_control_1785246387933,51,183136.381457724,183136.385551382,183136.383504553,0.0040936580044217408,12.898927248985274,10380919197,true,true,5dff3859ad319cb37301e68cfc6fde00723e3a42110ca93adb44c05e97098167
softmax_whole_stage_atc_trace_v1,softmax_whole_stage_operand_rate_atc,softmax_whole_stage_operand_rate_atc_v2,20260728_operand_rate_v2_final_normalization_session02_BCA,normalization,fp16x2,20260728_operand_rate_v2_final_normalization_session02_BCA_normalization_fp16x2,0,2,20260728_operand_rate_v2_final_normalization_session02_BCA_normalization_fp16x2_b0_r2_control,control,control,20260728_operand_rate_v2_final_normalization_session02_BCA_normalization_fp16x2_b0_r2_control_1785246387933,52,183136.635679909,183136.63712528901,183136.63640259899,0.0014453800104092807,13.151825294975424,10380965352,true,false,5dff3859ad319cb37301e68cfc6fde00723e3a42110ca93adb44c05e97098167
softmax_whole_stage_atc_trace_v1,softmax_whole_stage_operand_rate_atc,softmax_whole_stage_operand_rate_atc_v2,20260728_operand_rate_v2_final_normalization_session02_BCA,normalization,fp16x2,20260728_operand_rate_v2_final_normalization_session02_BCA_normalization_fp16x2,0,2,20260728_operand_rate_v2_final_normalization_session02_BCA_normalization_fp16x2_b0_r2_control,control,control,20260728_operand_rate_v2_final_normalization_session02_BCA_normalization_fp16x2_b0_r2_control_1785246387933,53,183136.88731861301,183136.89161911499,183136.88946886401,0.0043005019833799452,13.404891559999669,10381028225,true,false,5dff3859ad319cb37301e68cfc6fde00723e3a42110ca93adb44c05e97098167
softmax_whole_stage_atc_trace_v1,softmax_whole_stage_operand_rate_atc,softmax_whole_stage_operand_rate_atc_v2,20260728_operand_rate_v2_final_normalization_session02_BCA,normalization,fp16x2,20260728_operand_rate_v2_final_normalization_session02_BCA_normalization_fp16x2,0,2,20260728_operand_rate_v2_final_normalization_session02_BCA_normalization_fp16x2_b0_r2_control,control,control,20260728_operand_rate_v2_final_normalization_session02_BCA_normalization_fp16x2_b0_r2_control_1785246387933,54,183137.14188098299,183137.14350678201,183137.14269388252,0.0016257990209851414,13.658116578502813,10381056763,true,false,5dff3859ad319cb37301e68cfc6fde00723e3a42110ca93adb44c05e97098167
softmax_whole_stage_atc_trace_v1,softmax_whole_stage_operand_rate_atc,softmax_whole_stage_operand_rate_atc_v2,20260728_operand_rate_v2_final_normalization_session02_BCA,normalization,fp16x2,20260728_operand_rate_v2_final_normalization_session02_BCA_normalization_fp16x2,0,2,20260728_operand_rate_v2_final_normalization_session02_BCA_normalization_fp16x2_b0_r2_control,control,control,20260728_operand_rate_v2_final_normalization_session02_BCA_normalization_fp16x2_b0_r2_control_1785246387933,55,183137.14351751399,183137.14494639201,183137.14423195302,0.0014288780221249908,13.659654649003642,10381056763,false,false,5dff3859ad319cb37301e68cfc6fde00723e3a42110ca93adb44c05e97098167
softmax_whole_stage_atc_trace_v1,softmax_whole_stage_operand_rate_atc,softmax_whole_stage_operand_rate_atc_v2,20260728_operand_rate_v2_final_normalization_session02_BCA,normalization,fp16x2,20260728_operand_rate_v2_final_normalization_session02_BCA_normalization_fp16x2,1,0,20260728_operand_rate_v2_final_normalization_session02_BCA_normalization_fp16x2_b1_r0_treatment,treatment,treatment,20260728_operand_rate_v2_final_normalization_session02_BCA_normalization_fp16x2_b1_r0_treatment_1785246402635,0,183138.19571479701,183138.19695069999,183138.19633274851,0.0012359029788058251,0.00064933751127682626,10381199564,false,false,5dff3859ad319cb37301e68cfc6fde00723e3a42110ca93adb44c05e97098167
softmax_whole_stage_atc_trace_v1,softmax_whole_stage_operand_rate_atc,softmax_whole_stage_operand_rate_atc_v2,20260728_operand_rate_v2_final_normalization_session02_BCA,normalization,fp16x2,20260728_operand_rate_v2_final_normalization_session02_BCA_normalization_fp16x2,1,0,20260728_operand_rate_v2_final_normalization_session02_BCA_normalization_fp16x2_b1_r0_treatment,treatment,treatment,20260728_operand_rate_v2_final_normalization_session02_BCA_normalization_fp16x2_b1_r0_treatment_1785246402635,1,183138.44753270599,183138.45055437699,183138.44904354151,0.0030216710001695901,0.25336013050400652,10381241638,true,false,5dff3859ad319cb37301e68cfc6fde00723e3a42110ca93adb44c05e97098167
softmax_whole_stage_atc_trace_v1,softmax_whole_stage_operand_rate_atc,softmax_whole_stage_operand_rate_atc_v2,20260728_operand_rate_v2_final_normalization_session02_BCA,normalization,fp16x2,20260728_operand_rate_v2_final_normalization_session02_BCA_normalization_fp16x2,1,0,20260728_operand_rate_v2_final_normalization_session02_BCA_normalization_fp16x2_b1_r0_treatment,treatment,treatment,20260728_operand_rate_v2_final_normalization_session02_BCA_normalization_fp16x2_b1_r0_treatment_1785246402635,2,183138.70384166099,183138.70528066199,183138.70456116149,0.0014390010037459433,0.50887775048613548,10381311016,true,false,5dff3859ad319cb37301e68cfc6fde00723e3a42110ca93adb44c05e97098167
softmax_whole_stage_atc_trace_v1,softmax_whole_stage_operand_rate_atc,softmax_whole_stage_operand_rate_atc_v2,20260728_operand_rate_v2_final_normalization_session02_BCA,normalization,fp16x2,20260728_operand_rate_v2_final_normalization_session02_BCA_normalization_fp16x2,1,0,20260728_operand_rate_v2_final_normalization_session02_BCA_normalization_fp16x2_b1_r0_treatment,treatment,treatment,20260728_operand_rate_v2_final_normalization_session02_BCA_normalization_fp16x2_b1_r0_treatment_1785246402635,3,183138.955945892,183138.9574017,183138.956673796,0.0014558080001734197,0.76099038499523886,10381354314,true,true,5dff3859ad319cb37301e68cfc6fde00723e3a42110ca93adb44c05e97098167
softmax_whole_stage_atc_trace_v1,softmax_whole_stage_operand_rate_atc,softmax_whole_stage_operand_rate_atc_v2,20260728_operand_rate_v2_final_normalization_session02_BCA,normalization,fp16x2,20260728_operand_rate_v2_final_normalization_session02_BCA_normalization_fp16x2,1,0,20260728_operand_rate_v2_final_normalization_session02_BCA_normalization_fp16x2_b1_r0_treatment,treatment,treatment,20260728_operand_rate_v2_final_normalization_session02_BCA_normalization_fp16x2_b1_r0_treatment_1785246402635,4,183139.210645246,183139.21202987901,183139.2113375625,0.0013846330111846328,1.015654151502531,10381423898,true,true,5dff3859ad319cb37301e68cfc6fde00723e3a42110ca93adb44c05e97098167
softmax_whole_stage_atc_trace_v1,softmax_whole_stage_operand_rate_atc,softmax_whole_stage_operand_rate_atc_v2,20260728_operand_rate_v2_final_normalization_session02_BCA,normalization,fp16x2,20260728_operand_rate_v2_final_normalization_session02_BCA_normalization_fp16x2,1,0,20260728_operand_rate_v2_final_normalization_session02_BCA_normalization_fp16x2_b1_r0_treatment,treatment,treatment,20260728_operand_rate_v2_final_normalization_session02_BCA_normalization_fp16x2_b1_r0_treatment_1785246402635,5,183139.46282966301,183139.464263603,183139.46354663302,0.0014339399931486696,1.2678632220195141,10381467177,true,true,5dff3859ad319cb37301e68cfc6fde00723e3a42110ca93adb44c05e97098167
softmax_whole_stage_atc_trace_v1,softmax_whole_stage_operand_rate_atc,softmax_whole_stage_operand_rate_atc_v2,20260728_operand_rate_v2_final_normalization_session02_BCA,normalization,fp16x2,20260728_operand_rate_v2_final_normalization_session02_BCA_normalization_fp16x2,1,0,20260728_operand_rate_v2_final_normalization_session02_BCA_normalization_fp16x2_b1_r0_treatment,treatment,treatment,20260728_operand_rate_v2_final_normalization_session02_BCA_normalization_fp16x2_b1_r0_treatment_1785246402635,6,183139.717547951,183139.71896214699,183139.718255049,0.0014141959836706519,1.5225716379936785,10381536782,true,true,5dff3859ad319cb37301e68cfc6fde00723e3a42110ca93adb44c05e97098167
softmax_whole_stage_atc_trace_v1,softmax_whole_stage_operand_rate_atc,softmax_whole_stage_operand_rate_atc_v2,20260728_operand_rate_v2_final_normalization_session02_BCA,normalization,fp16x2,20260728_operand_rate_v2_final_normalization_session02_BCA_normalization_fp16x2,1,0,20260728_operand_rate_v2_final_normalization_session02_BCA_normalization_fp16x2_b1_r0_treatment,treatment,treatment,20260728_operand_rate_v2_final_normalization_session02_BCA_normalization_fp16x2_b1_r0_treatment_1785246402635,7,183139.97221926,183139.97359832501,183139.97290879249,0.0013790650118608028,1.7772253814910073,10381579912,true,true,5dff3859ad319cb37301e68cfc6fde00723e3a42110ca93adb44c05e97098167
softmax_whole_stage_atc_trace_v1,softmax_whole_stage_operand_rate_atc,softmax_whole_stage_operand_rate_atc_v2,20260728_operand_rate_v2_final_normalization_session02_BCA,normalization,fp16x2,20260728_operand_rate_v2_final_normalization_session02_BCA_normalization_fp16x2,1,0,20260728_operand_rate_v2_final_normalization_session02_BCA_normalization_fp16x2_b1_r0_treatment,treatment,treatment,20260728_operand_rate_v2_final_normalization_session02_BCA_normalization_fp16x2_b1_r0_treatment_1785246402635,8,183140.22429210501,183140.22569688599,183140.22499449551,0.0014047809818293899,2.029311084508663,10381648638,true,true,5dff3859ad319cb37301e68cfc6fde00723e3a42110ca93adb44c05e97098167
softmax_whole_stage_atc_trace_v1,softmax_whole_stage_operand_rate_atc,softmax_whole_stage_operand_rate_atc_v2,20260728_operand_rate_v2_final_normalization_session02_BCA,normalization,fp16x2,20260728_operand_rate_v2_final_normalization_session02_BCA_normalization_fp16x2,1,0,20260728_operand_rate_v2_final_normalization_session02_BCA_normalization_fp16x2_b1_r0_treatment,treatment,treatment,20260728_operand_rate_v2_final_normalization_session02_BCA_normalization_fp16x2_b1_r0_treatment_1785246402635,9,183140.47688768001,183140.47829843499,183140.4775930575,0.0014107549795880914,2.2819096464954782,10381691489,true,true,5dff3859ad319cb37301e68cfc6fde00723e3a42110ca93adb44c05e97098167
softmax_whole_stage_atc_trace_v1,softmax_whole_stage_operand_rate_atc,softmax_whole_stage_operand_rate_atc_v2,20260728_operand_rate_v2_final_normalization_session02_BCA,normalization,fp16x2,20260728_operand_rate_v2_final_normalization_session02_BCA_normalization_fp16x2,1,0,20260728_operand_rate_v2_final_normalization_session02_BCA_normalization_fp16x2_b1_r0_treatment,treatment,treatment,20260728_operand_rate_v2_final_normalization_session02_BCA_normalization_fp16x2_b1_r0_treatment_1785246402635,10,183140.731524364,183140.73294807799,183140.732236221,0.0014237139839679003,2.5365528099937364,10381760492,true,true,5dff3859ad319cb37301e68cfc6fde00723e3a42110ca93adb44c05e97098167
softmax_whole_stage_atc_trace_v1,softmax_whole_stage_operand_rate_atc,softmax_whole_stage_operand_rate_atc_v2,20260728_operand_rate_v2_final_normalization_session02_BCA,normalization,fp16x2,20260728_operand_rate_v2_final_normalization_session02_BCA_normalization_fp16x2,1,0,20260728_operand_rate_v2_final_normalization_session02_BCA_normalization_fp16x2_b1_r0_treatment,treatment,treatment,20260728_operand_rate_v2_final_normalization_session02_BCA_normalization_fp16x2_b1_r0_treatment_1785246402635,11,183140.98321237499,183140.984648035,183140.98393020499,0.0014356600004248321,2.7882467939925846,10381803078,true,true,5dff3859ad319cb37301e68cfc6fde00723e3a42110ca93adb44c05e97098167
softmax_whole_stage_atc_trace_v1,softmax_whole_stage_operand_rate_atc,softmax_whole_stage_operand_rate_atc_v2,20260728_operand_rate_v2_final_normalization_session02_BCA,normalization,fp16x2,20260728_operand_rate_v2_final_normalization_session02_BCA_normalization_fp16x2,1,0,20260728_operand_rate_v2_final_normalization_session02_BCA_normalization_fp16x2_b1_r0_treatment,treatment,treatment,20260728_operand_rate_v2_final_normalization_session02_BCA_normalization_fp16x2_b1_r0_treatment_1785246402635,12,183141.23790697099,183141.23931489,183141.23861093051,0.0014079190150368959,3.0429275195056107,10381871917,true,true,5dff3859ad319cb37301e68cfc6fde00723e3a42110ca93adb44c05e97098167
softmax_whole_stage_atc_trace_v1,softmax_whole_stage_operand_rate_atc,softmax_whole_stage_operand_rate_atc_v2,20260728_operand_rate_v2_final_normalization_session02_BCA,normalization,fp16x2,20260728_operand_rate_v2_final_normalization_session02_BCA_normalization_fp16x2,1,0,20260728_operand_rate_v2_final_normalization_session02_BCA_normalization_fp16x2_b1_r0_treatment,treatment,treatment,20260728_operand_rate_v2_final_normalization_session02_BCA_normalization_fp16x2_b1_r0_treatment_1785246402635,13,183141.49066170401,183141.49208258299,183141.4913721435,0.0014208789798431098,3.2956887324980926,10381914369,true,true,5dff3859ad319cb37301e68cfc6fde00723e3a42110ca93adb44c05e97098167
softmax_whole_stage_atc_trace_v1,softmax_whole_stage_operand_rate_atc,softmax_whole_stage_operand_rate_atc_v2,20260728_operand_rate_v2_final_normalization_session02_BCA,normalization,fp16x2,20260728_operand_rate_v2_final_normalization_session02_BCA_normalization_fp16x2,1,0,20260728_operand_rate_v2_final_normalization_session02_BCA_normalization_fp16x2_b1_r0_treatment,treatment,treatment,20260728_operand_rate_v2_final_normalization_session02_BCA_normalization_fp16x2_b1_r0_treatment_1785246402635,14,183141.74546384401,183141.75005696801,183141.747760406,0.0045931240019854158,3.5520769949944224,10381982827,true,true,5dff3859ad319cb37301e68cfc6fde00723e3a42110ca93adb44c05e97098167
softmax_whole_stage_atc_trace_v1,softmax_whole_stage_operand_rate_atc,softmax_whole_stage_operand_rate_atc_v2,20260728_operand_rate_v2_final_normalization_session02_BCA,normalization,fp16x2,20260728_operand_rate_v2_final_normalization_session02_BCA_normalization_fp16x2,1,0,20260728_operand_rate_v2_final_normalization_session02_BCA_normalization_fp16x2_b1_r0_treatment,treatment,treatment,20260728_operand_rate_v2_final_normalization_session02_BCA_normalization_fp16x2_b1_r0_treatment_1785246402635,15,183142.00366871999,183142.005014344,183142.00434153201,0.0013456240121740848,3.8086581210081931,10382028977,true,true,5dff3859ad319cb37301e68cfc6fde00723e3a42110ca93adb44c05e97098167
softmax_whole_stage_atc_trace_v1,softmax_whole_stage_operand_rate_atc,softmax_whole_stage_operand_rate_atc_v2,20260728_operand_rate_v2_final_normalization_session02_BCA,normalization,fp16x2,20260728_operand_rate_v2_final_normalization_session02_BCA_normalization_fp16x2,1,0,20260728_operand_rate_v2_final_normalization_session02_BCA_normalization_fp16x2_b1_r0_treatment,treatment,treatment,20260728_operand_rate_v2_final_normalization_session02_BCA_normalization_fp16x2_b1_r0_treatment_1785246402635,16,183142.258582209,183142.260034968,183142.25930858852,0.0014527589955832809,4.0636251775140408,10382096057,true,true,5dff3859ad319cb37301e68cfc6fde00723e3a42110ca93adb44c05e97098167
softmax_whole_stage_atc_trace_v1,softmax_whole_stage_operand_rate_atc,softmax_whole_stage_operand_rate_atc_v2,20260728_operand_rate_v2_final_normalization_session02_BCA,normalization,fp16x2,20260728_operand_rate_v2_final_normalization_session02_BCA_normalization_fp16x2,1,0,20260728_operand_rate_v2_final_normalization_session02_BCA_normalization_fp16x2_b1_r0_treatment,treatment,treatment,20260728_operand_rate_v2_final_normalization_session02_BCA_normalization_fp16x2_b1_r0_treatment_1785246402635,17,183142.51153300799,183142.51296438099,183142.51224869449,0.0014313730061985552,4.3165652834868524,10382141576,true,true,5dff3859ad319cb37301e68cfc6fde00723e3a42110ca93adb44c05e97098167
softmax_whole_stage_atc_trace_v1,softmax_whole_stage_operand_rate_atc,softmax_whole_stage_operand_rate_atc_v2,20260728_operand_rate_v2_final_normalization_session02_BCA,normalization,fp16x2,20260728_operand_rate_v2_final_normalization_session02_BCA_normalization_fp16x2,1,0,20260728_operand_rate_v2_final_normalization_session02_BCA_normalization_fp16x2_b1_r0_treatment,treatment,treatment,20260728_operand_rate_v2_final_normalization_session02_BCA_normalization_fp16x2_b1_r0_treatment_1785246402635,18,183142.766536098,183142.76792449501,183142.76723029651,0.0013883970095776021,4.5715468855050858,10382208554,true,true,5dff3859ad319cb37301e68cfc6fde00723e3a42110ca93adb44c05e97098167
softmax_whole_stage_atc_trace_v1,softmax_whole_stage_operand_rate_atc,softmax_whole_stage_operand_rate_atc_v2,20260728_operand_rate_v2_final_normalization_session02_BCA,normalization,fp16x2,20260728_operand_rate_v2_final_normalization_session02_BCA_normalization_fp16x2,1,0,20260728_operand_rate_v2_final_normalization_session02_BCA_normalization_fp16x2_b1_r0_treatment,treatment,treatment,20260728_operand_rate_v2_final_normalization_session02_BCA_normalization_fp16x2_b1_r0_treatment_1785246402635,19,183143.01803778601,183143.019458314,183143.01874805,0.0014205279876478016,4.8230646390002221,10382253841,true,true,5dff3859ad319cb37301e68cfc6fde00723e3a42110ca93adb44c05e97098167
softmax_whole_stage_atc_trace_v1,softmax_whole_stage_operand_rate_atc,softmax_whole_stage_operand_rate_atc_v2,20260728_operand_rate_v2_final_normalization_session02_BCA,normalization,fp16x2,20260728_operand_rate_v2_final_normalization_session02_BCA_normalization_fp16x2,1,0,20260728_operand_rate_v2_final_normalization_session02_BCA_normalization_fp16x2_b1_r0_treatment,treatment,treatment,20260728_operand_rate_v2_final_normalization_session02_BCA_normalization_fp16x2_b1_r0_treatment_1785246402635,20,183143.27290505599,183143.27430217,183143.27360361299,0.0013971140142530203,5.0779202019912191,10382320952,true,true,5dff3859ad319cb37301e68cfc6fde00723e3a42110ca93adb44c05e97098167
softmax_whole_stage_atc_trace_v1,softmax_whole_stage_operand_rate_atc,softmax_whole_stage_operand_rate_atc_v2,20260728_operand_rate_v2_final_normalization_session02_BCA,normalization,fp16x2,20260728_operand_rate_v2_final_normalization_session02_BCA_normalization_fp16x2,1,0,20260728_operand_rate_v2_final_normalization_session02_BCA_normalization_fp16x2_b1_r0_treatment,treatment,treatment,20260728_operand_rate_v2_final_normalization_session02_BCA_normalization_fp16x2_b1_r0_treatment_1785246402635,21,183143.52596288899,183143.52727466001,183143.52661877451,0.0013117710186634213,5.3309353635122534,10382366328,true,true,5dff3859ad319cb37301e68cfc6fde00723e3a42110ca93adb44c05e97098167
softmax_whole_stage_atc_trace_v1,softmax_whole_stage_operand_rate_atc,softmax_whole_stage_operand_rate_atc_v2,20260728_operand_rate_v2_final_normalization_session02_BCA,normalization,fp16x2,20260728_operand_rate_v2_final_normalization_session02_BCA_normalization_fp16x2,1,0,20260728_operand_rate_v2_final_normalization_session02_BCA_normalization_fp16x2_b1_r0_treatment,treatment,treatment,20260728_operand_rate_v2_final_normalization_session02_BCA_normalization_fp16x2_b1_r0_treatment_1785246402635,22,183143.77742687301,183143.77885500199,183143.7781409375,0.0014281289768405259,5.5824575264996383,10382433162,true,true,5dff3859ad319cb37301e68cfc6fde00723e3a42110ca93adb44c05e97098167
softmax_whole_stage_atc_trace_v1,softmax_whole_stage_operand_rate_atc,softmax_whole_stage_operand_rate_atc_v2,20260728_operand_rate_v2_final_normalization_session02_BCA,normalization,fp16x2,20260728_operand_rate_v2_final_normalization_session02_BCA_normalization_fp16x2,1,0,20260728_operand_rate_v2_final_normalization_session02_BCA_normalization_fp16x2_b1_r0_treatment,treatment,treatment,20260728_operand_rate_v2_final_normalization_session02_BCA_normalization_fp16x2_b1_r0_treatment_1785246402635,23,183144.029123777,183144.03052565499,183144.02982471598,0.0014018779911566526,5.8341413049784023,10382478987,true,true,5dff3859ad319cb37301e68cfc6fde00723e3a42110ca93adb44c05e97098167
softmax_whole_stage_atc_trace_v1,softmax_whole_stage_operand_rate_atc,softmax_whole_stage_operand_rate_atc_v2,20260728_operand_rate_v2_final_normalization_session02_BCA,normalization,fp16x2,20260728_operand_rate_v2_final_normalization_session02_BCA_normalization_fp16x2,1,0,20260728_operand_rate_v2_final_normalization_session02_BCA_normalization_fp16x2_b1_r0_treatment,treatment,treatment,20260728_operand_rate_v2_final_normalization_session02_BCA_normalization_fp16x2_b1_r0_treatment_1785246402635,24,183144.28073736501,183144.283156366,183144.28194686549,0.0024190009862650186,6.0862634544901084,10382546579,true,true,5dff3859ad319cb37301e68cfc6fde00723e3a42110ca93adb44c05e97098167
softmax_whole_stage_atc_trace_v1,softmax_whole_stage_operand_rate_atc,softmax_whole_stage_operand_rate_atc_v2,20260728_operand_rate_v2_final_normalization_session02_BCA,normalization,fp16x2,20260728_operand_rate_v2_final_normalization_session02_BCA_normalization_fp16x2,1,0,20260728_operand_rate_v2_final_normalization_session02_BCA_normalization_fp16x2_b1_r0_treatment,treatment,treatment,20260728_operand_rate_v2_final_normalization_session02_BCA_normalization_fp16x2_b1_r0_treatment_1785246402635,25,183144.534143361,183144.53554605,183144.53484470549,0.0014026889984961599,6.3391612944833469,10382592917,true,true,5dff3859ad319cb37301e68cfc6fde00723e3a42110ca93adb44c05e97098167
softmax_whole_stage_atc_trace_v1,softmax_whole_stage_operand_rate_atc,softmax_whole_stage_operand_rate_atc_v2,20260728_operand_rate_v2_final_normalization_session02_BCA,normalization,fp16x2,20260728_operand_rate_v2_final_normalization_session02_BCA_normalization_fp16x2,1,0,20260728_operand_rate_v2_final_normalization_session02_BCA_normalization_fp16x2_b1_r0_treatment,treatment,treatment,20260728_operand_rate_v2_final_normalization_session02_BCA_normalization_fp16x2_b1_r0_treatment_1785246402635,26,183144.787226229,183144.78988778,183144.7885570045,0.0026615509996190667,6.592873593501281,10382660760,true,true,5dff3859ad319cb37301e68cfc6fde00723e3a42110ca93adb44c05e97098167
softmax_whole_stage_atc_trace_v1,softmax_whole_stage_operand_rate_atc,softmax_whole_stage_operand_rate_atc_v2,20260728_operand_rate_v2_final_normalization_session02_BCA,normalization,fp16x2,20260728_operand_rate_v2_final_normalization_session02_BCA_normalization_fp16x2,1,0,20260728_operand_rate_v2_final_normalization_session02_BCA_normalization_fp16x2_b1_r0_treatment,treatment,treatment,20260728_operand_rate_v2_final_normalization_session02_BCA_normalization_fp16x2_b1_r0_treatment_1785246402635,27,183145.040043338,183145.04144288399,183145.04074311099,0.0013995459885336459,6.8450596999900881,10382707047,true,true,5dff3859ad319cb37301e68cfc6fde00723e3a42110ca93adb44c05e97098167
softmax_whole_stage_atc_trace_v1,softmax_whole_stage_operand_rate_atc,softmax_whole_stage_operand_rate_atc_v2,20260728_operand_rate_v2_final_normalization_session02_BCA,normalization,fp16x2,20260728_operand_rate_v2_final_normalization_session02_BCA_normalization_fp16x2,1,0,20260728_operand_rate_v2_final_normalization_session02_BCA_normalization_fp16x2_b1_r0_treatment,treatment,treatment,20260728_operand_rate_v2_final_normalization_session02_BCA_normalization_fp16x2_b1_r0_treatment_1785246402635,28,183145.29390128801,183145.29649675399,183145.295199021,0.0025954659795388579,7.0995156099961605,10382774977,true,true,5dff3859ad319cb37301e68cfc6fde00723e3a42110ca93adb44c05e97098167
softmax_whole_stage_atc_trace_v1,softmax_whole_stage_operand_rate_atc,softmax_whole_stage_operand_rate_atc_v2,20260728_operand_rate_v2_final_normalization_session02_BCA,normalization,fp16x2,20260728_operand_rate_v2_final_normalization_session02_BCA_normalization_fp16x2,1,0,20260728_operand_rate_v2_final_normalization_session02_BCA_normalization_fp16x2_b1_r0_treatment,treatment,treatment,20260728_operand_rate_v2_final_normalization_session02_BCA_normalization_fp16x2_b1_r0_treatment_1785246402635,29,183145.546667819,183145.54810679401,183145.54738730652,0.0014389750140253454,7.3517038955178577,10382821185,true,true,5dff3859ad319cb37301e68cfc6fde00723e3a42110ca93adb44c05e97098167
softmax_whole_stage_atc_trace_v1,softmax_whole_stage_operand_rate_atc,softmax_whole_stage_operand_rate_atc_v2,20260728_operand_rate_v2_final_normalization_session02_BCA,normalization,fp16x2,20260728_operand_rate_v2_final_normalization_session02_BCA_normalization_fp16x2,1,0,20260728_operand_rate_v2_final_normalization_session02_BCA_normalization_fp16x2_b1_r0_treatment,treatment,treatment,20260728_operand_rate_v2_final_normalization_session02_BCA_normalization_fp16x2_b1_r0_treatment_1785246402635,30,183145.80079082001,183145.80318326599,183145.801987043,0.0023924459819681942,7.6063036319974344,10382889060,true,true,5dff3859ad319cb37301e68cfc6fde00723e3a42110ca93adb44c05e97098167
softmax_whole_stage_atc_trace_v1,softmax_whole_stage_operand_rate_atc,softmax_whole_stage_operand_rate_atc_v2,20260728_operand_rate_v2_final_normalization_session02_BCA,normalization,fp16x2,20260728_operand_rate_v2_final_normalization_session02_BCA_normalization_fp16x2,1,0,20260728_operand_rate_v2_final_normalization_session02_BCA_normalization_fp16x2_b1_r0_treatment,treatment,treatment,20260728_operand_rate_v2_final_normalization_session02_BCA_normalization_fp16x2_b1_r0_treatment_1785246402635,31,183146.05672285199,183146.05821534299,183146.05746909749,0.0014924909919500351,7.8617856864875648,10382935306,true,true,5dff3859ad319cb37301e68cfc6fde00723e3a42110ca93adb44c05e97098167
softmax_whole_stage_atc_trace_v1,softmax_whole_stage_operand_rate_atc,softmax_whole_stage_operand_rate_atc_v2,20260728_operand_rate_v2_final_normalization_session02_BCA,normalization,fp16x2,20260728_operand_rate_v2_final_normalization_session02_BCA_normalization_fp16x2,1,0,20260728_operand_rate_v2_final_normalization_session02_BCA_normalization_fp16x2_b1_r0_treatment,treatment,treatment,20260728_operand_rate_v2_final_normalization_session02_BCA_normalization_fp16x2_b1_r0_treatment_1785246402635,32,183146.31095237899,183146.31251227399,183146.31173232649,0.001559894997626543,8.1160489154863171,10383002446,true,true,5dff3859ad319cb37301e68cfc6fde00723e3a42110ca93adb44c05e97098167
softmax_whole_stage_atc_trace_v1,softmax_whole_stage_operand_rate_atc,softmax_whole_stage_operand_rate_atc_v2,20260728_operand_rate_v2_final_normalization_session02_BCA,normalization,fp16x2,20260728_operand_rate_v2_final_normalization_session02_BCA_normalization_fp16x2,1,0,20260728_operand_rate_v2_final_normalization_session02_BCA_normalization_fp16x2_b1_r0_treatment,treatment,treatment,20260728_operand_rate_v2_final_normalization_session02_BCA_normalization_fp16x2_b1_r0_treatment_1785246402635,33,183146.56345811699,183146.564794923,183146.56412652001,0.0013368060172069818,8.3684431090077851,10383048102,true,true,5dff3859ad319cb37301e68cfc6fde00723e3a42110ca93adb44c05e97098167
softmax_whole_stage_atc_trace_v1,softmax_whole_stage_operand_rate_atc,softmax_whole_stage_operand_rate_atc_v2,20260728_operand_rate_v2_final_normalization_session02_BCA,normalization,fp16x2,20260728_operand_rate_v2_final_normalization_session02_BCA_normalization_fp16x2,1,0,20260728_operand_rate_v2_final_normalization_session02_BCA_normalization_fp16x2_b1_r0_treatment,treatment,treatment,20260728_operand_rate_v2_final_normalization_session02_BCA_normalization_fp16x2_b1_r0_treatment_1785246402635,34,183146.81509856501,183146.81654189801,183146.81582023151,0.0014433329924941063,8.6201368205074687,10383115364,true,true,5dff3859ad319cb37301e68cfc6fde00723e3a42110ca93adb44c05e97098167
softmax_whole_stage_atc_trace_v1,softmax_whole_stage_operand_rate_atc,softmax_whole_stage_operand_rate_atc_v2,20260728_operand_rate_v2_final_normalization_session02_BCA,normalization,fp16x2,20260728_operand_rate_v2_final_normalization_session02_BCA_normalization_fp16x2,1,0,20260728_operand_rate_v2_final_normalization_session02_BCA_normalization_fp16x2_b1_r0_treatment,treatment,treatment,20260728_operand_rate_v2_final_normalization_session02_BCA_normalization_fp16x2_b1_r0_treatment_1785246402635,35,183147.06750497199,183147.06893441899,183147.06821969547,0.00142944700201042,8.8725362844706979,10383161728,true,true,5dff3859ad319cb37301e68cfc6fde00723e3a42110ca93adb44c05e97098167
softmax_whole_stage_atc_trace_v1,softmax_whole_stage_operand_rate_atc,softmax_whole_stage_operand_rate_atc_v2,20260728_operand_rate_v2_final_normalization_session02_BCA,normalization,fp16x2,20260728_operand_rate_v2_final_normalization_session02_BCA_normalization_fp16x2,1,0,20260728_operand_rate_v2_final_normalization_session02_BCA_normalization_fp16x2_b1_r0_treatment,treatment,treatment,20260728_operand_rate_v2_final_normalization_session02_BCA_normalization_fp16x2_b1_r0_treatment_1785246402635,36,183147.31925488601,183147.32296933999,183147.32111211302,0.003714453981956467,9.1254287020128686,10383229671,true,true,5dff3859ad319cb37301e68cfc6fde00723e3a42110ca93adb44c05e97098167
softmax_whole_stage_atc_trace_v1,softmax_whole_stage_operand_rate_atc,softmax_whole_stage_operand_rate_atc_v2,20260728_operand_rate_v2_final_normalization_session02_BCA,normalization,fp16x2,20260728_operand_rate_v2_final_normalization_session02_BCA_normalization_fp16x2,1,0,20260728_operand_rate_v2_final_normalization_session02_BCA_normalization_fp16x2_b1_r0_treatment,treatment,treatment,20260728_operand_rate_v2_final_normalization_session02_BCA_normalization_fp16x2_b1_r0_treatment_1785246402635,37,183147.57398491699,183147.57539014,183147.57468752848,0.0014052230108063668,9.3790041174797807,10383276120,true,true,5dff3859ad319cb37301e68cfc6fde00723e3a42110ca93adb44c05e97098167
softmax_whole_stage_atc_trace_v1,softmax_whole_stage_operand_rate_atc,softmax_whole_stage_operand_rate_atc_v2,20260728_operand_rate_v2_final_normalization_session02_BCA,normalization,fp16x2,20260728_operand_rate_v2_final_normalization_session02_BCA_normalization_fp16x2,1,0,20260728_operand_rate_v2_final_normalization_session02_BCA_normalization_fp16x2_b1_r0_treatment,treatment,treatment,20260728_operand_rate_v2_final_normalization_session02_BCA_normalization_fp16x2_b1_r0_treatment_1785246402635,38,183147.825690842,183147.82960263899,183147.82764674048,0.0039117969863582402,9.6319633294770028,10383344191,true,true,5dff3859ad319cb37301e68cfc6fde00723e3a42110ca93adb44c05e97098167
softmax_whole_stage_atc_trace_v1,softmax_whole_stage_operand_rate_atc,softmax_whole_stage_operand_rate_atc_v2,20260728_operand_rate_v2_final_normalization_session02_BCA,normalization,fp16x2,20260728_operand_rate_v2_final_normalization_session02_BCA_normalization_fp16x2,1,0,20260728_operand_rate_v2_final_normalization_session02_BCA_normalization_fp16x2_b1_r0_treatment,treatment,treatment,20260728_operand_rate_v2_final_normalization_session02_BCA_normalization_fp16x2_b1_r0_treatment_1785246402635,39,183148.08021927299,183148.08158699301,183148.080903133,0.0013677200186066329,9.8852197219966911,10383390652,true,true,5dff3859ad319cb37301e68cfc6fde00723e3a42110ca93adb44c05e97098167
softmax_whole_stage_atc_trace_v1,softmax_whole_stage_operand_rate_atc,softmax_whole_stage_operand_rate_atc_v2,20260728_operand_rate_v2_final_normalization_session02_BCA,normalization,fp16x2,20260728_operand_rate_v2_final_normalization_session02_BCA_normalization_fp16x2,1,0,20260728_operand_rate_v2_final_normalization_session02_BCA_normalization_fp16x2_b1_r0_treatment,treatment,treatment,20260728_operand_rate_v2_final_normalization_session02_BCA_normalization_fp16x2_b1_r0_treatment_1785246402635,40,183148.33195580801,183148.336290368,183148.33412308799,0.0043345599842723459,10.138439676986309,10383458768,true,true,5dff3859ad319cb37301e68cfc6fde00723e3a42110ca93adb44c05e97098167
softmax_whole_stage_atc_trace_v1,softmax_whole_stage_operand_rate_atc,softmax_whole_stage_operand_rate_atc_v2,20260728_operand_rate_v2_final_normalization_session02_BCA,normalization,fp16x2,20260728_operand_rate_v2_final_normalization_session02_BCA_normalization_fp16x2,1,0,20260728_operand_rate_v2_final_normalization_session02_BCA_normalization_fp16x2_b1_r0_treatment,treatment,treatment,20260728_operand_rate_v2_final_normalization_session02_BCA_normalization_fp16x2_b1_r0_treatment_1785246402635,41,183148.58735550899,183148.58875627199,183148.58805589049,0.0014007629943080246,10.392372479487676,10383505176,true,true,5dff3859ad319cb37301e68cfc6fde00723e3a42110ca93adb44c05e97098167
softmax_whole_stage_atc_trace_v1,softmax_whole_stage_operand_rate_atc,softmax_whole_stage_operand_rate_atc_v2,20260728_operand_rate_v2_final_normalization_session02_BCA,normalization,fp16x2,20260728_operand_rate_v2_final_normalization_session02_BCA_normalization_fp16x2,1,0,20260728_operand_rate_v2_final_normalization_session02_BCA_normalization_fp16x2_b1_r0_treatment,treatment,treatment,20260728_operand_rate_v2_final_normalization_session02_BCA_normalization_fp16x2_b1_r0_treatment_1785246402635,42,183148.839190158,183148.84285748101,183148.84102381952,0.0036673230060841888,10.645340408518678,10383573019,true,true,5dff3859ad319cb37301e68cfc6fde00723e3a42110ca93adb44c05e97098167
softmax_whole_stage_atc_trace_v1,softmax_whole_stage_operand_rate_atc,softmax_whole_stage_operand_rate_atc_v2,20260728_operand_rate_v2_final_normalization_session02_BCA,normalization,fp16x2,20260728_operand_rate_v2_final_normalization_session02_BCA_normalization_fp16x2,1,0,20260728_operand_rate_v2_final_normalization_session02_BCA_normalization_fp16x2_b1_r0_treatment,treatment,treatment,20260728_operand_rate_v2_final_normalization_session02_BCA_normalization_fp16x2_b1_r0_treatment_1785246402635,43,183149.093561485,183149.095000662,183149.09428107349,0.0014391769946087152,10.898597662482643,10383619386,true,true,5dff3859ad319cb37301e68cfc6fde00723e3a42110ca93adb44c05e97098167
softmax_whole_stage_atc_trace_v1,softmax_whole_stage_operand_rate_atc,softmax_whole_stage_operand_rate_atc_v2,20260728_operand_rate_v2_final_normalization_session02_BCA,normalization,fp16x2,20260728_operand_rate_v2_final_normalization_session02_BCA_normalization_fp16x2,1,0,20260728_operand_rate_v2_final_normalization_session02_BCA_normalization_fp16x2_b1_r0_treatment,treatment,treatment,20260728_operand_rate_v2_final_normalization_session02_BCA_normalization_fp16x2_b1_r0_treatment_1785246402635,44,183149.345447117,183149.349533959,183149.347490538,0.0040868420037440956,11.151807126996573,10383687284,true,true,5dff3859ad319cb37301e68cfc6fde00723e3a42110ca93adb44c05e97098167
softmax_whole_stage_atc_trace_v1,softmax_whole_stage_operand_rate_atc,softmax_whole_stage_operand_rate_atc_v2,20260728_operand_rate_v2_final_normalization_session02_BCA,normalization,fp16x2,20260728_operand_rate_v2_final_normalization_session02_BCA_normalization_fp16x2,1,0,20260728_operand_rate_v2_final_normalization_session02_BCA_normalization_fp16x2_b1_r0_treatment,treatment,treatment,20260728_operand_rate_v2_final_normalization_session02_BCA_normalization_fp16x2_b1_r0_treatment_1785246402635,45,183149.60073198,183149.602090578,183149.601411279,0.0013585980050265789,11.405727867997484,10383733529,true,true,5dff3859ad319cb37301e68cfc6fde00723e3a42110ca93adb44c05e97098167
softmax_whole_stage_atc_trace_v1,softmax_whole_stage_operand_rate_atc,softmax_whole_stage_operand_rate_atc_v2,20260728_operand_rate_v2_final_normalization_session02_BCA,normalization,fp16x2,20260728_operand_rate_v2_final_normalization_session02_BCA_normalization_fp16x2,1,0,20260728_operand_rate_v2_final_normalization_session02_BCA_normalization_fp16x2_b1_r0_treatment,treatment,treatment,20260728_operand_rate_v2_final_normalization_session02_BCA_normalization_fp16x2_b1_r0_treatment_1785246402635,46,183149.85258561801,183149.856094369,183149.8543399935,0.0035087509895674884,11.658656582498224,10383801143,true,true,5dff3859ad319cb37301e68cfc6fde00723e3a42110ca93adb44c05e97098167
softmax_whole_stage_atc_trace_v1,softmax_whole_stage_operand_rate_atc,softmax_whole_stage_operand_rate_atc_v2,20260728_operand_rate_v2_final_normalization_session02_BCA,normalization,fp16x2,20260728_operand_rate_v2_final_normalization_session02_BCA_normalization_fp16x2,1,0,20260728_operand_rate_v2_final_normalization_session02_BCA_normalization_fp16x2_b1_r0_treatment,treatment,treatment,20260728_operand_rate_v2_final_normalization_session02_BCA_normalization_fp16x2_b1_r0_treatment_1785246402635,47,183150.106286656,183150.10772361499,183150.10700513551,0.0014369589916896075,11.911321724503068,10383847351,true,true,5dff3859ad319cb37301e68cfc6fde00723e3a42110ca93adb44c05e97098167
softmax_whole_stage_atc_trace_v1,softmax_whole_stage_operand_rate_atc,softmax_whole_stage_operand_rate_atc_v2,20260728_operand_rate_v2_final_normalization_session02_BCA,normalization,fp16x2,20260728_operand_rate_v2_final_normalization_session02_BCA_normalization_fp16x2,1,0,20260728_operand_rate_v2_final_normalization_session02_BCA_normalization_fp16x2_b1_r0_treatment,treatment,treatment,20260728_operand_rate_v2_final_normalization_session02_BCA_normalization_fp16x2_b1_r0_treatment_1785246402635,48,183150.35824288899,183150.36224480299,183150.36024384599,0.0040019139996729791,12.164560434990562,10383915258,true,true,5dff3859ad319cb37301e68cfc6fde00723e3a42110ca93adb44c05e97098167
softmax_whole_stage_atc_trace_v1,softmax_whole_stage_operand_rate_atc,softmax_whole_stage_operand_rate_atc_v2,20260728_operand_rate_v2_final_normalization_session02_BCA,normalization,fp16x2,20260728_operand_rate_v2_final_normalization_session02_BCA_normalization_fp16x2,1,0,20260728_operand_rate_v2_final_normalization_session02_BCA_normalization_fp16x2_b1_r0_treatment,treatment,treatment,20260728_operand_rate_v2_final_normalization_session02_BCA_normalization_fp16x2_b1_r0_treatment_1785246402635,49,183150.61345703699,183150.614869185,183150.61416311099,0.0014121480053290725,12.418479699990712,10383961580,true,true,5dff3859ad319cb37301e68cfc6fde00723e3a42110ca93adb44c05e97098167
softmax_whole_stage_atc_trace_v1,softmax_whole_stage_operand_rate_atc,softmax_whole_stage_operand_rate_atc_v2,20260728_operand_rate_v2_final_normalization_session02_BCA,normalization,fp16x2,20260728_operand_rate_v2_final_normalization_session02_BCA_normalization_fp16x2,1,0,20260728_operand_rate_v2_final_normalization_session02_BCA_normalization_fp16x2_b1_r0_treatment,treatment,treatment,20260728_operand_rate_v2_final_normalization_session02_BCA_normalization_fp16x2_b1_r0_treatment_1785246402635,50,183150.86517671301,183150.86844485701,183150.86681078502,0.0032681440061423928,12.671127374022035,10384029366,true,true,5dff3859ad319cb37301e68cfc6fde00723e3a42110ca93adb44c05e97098167
softmax_whole_stage_atc_trace_v1,softmax_whole_stage_operand_rate_atc,softmax_whole_stage_operand_rate_atc_v2,20260728_operand_rate_v2_final_normalization_session02_BCA,normalization,fp16x2,20260728_operand_rate_v2_final_normalization_session02_BCA_normalization_fp16x2,1,0,20260728_operand_rate_v2_final_normalization_session02_BCA_normalization_fp16x2_b1_r0_treatment,treatment,treatment,20260728_operand_rate_v2_final_normalization_session02_BCA_normalization_fp16x2_b1_r0_treatment_1785246402635,51,183151.118748334,183151.12015845699,183151.11945339548,0.0014101229899097234,12.923769984481623,10384075712,true,true,5dff3859ad319cb37301e68cfc6fde00723e3a42110ca93adb44c05e97098167
softmax_whole_stage_atc_trace_v1,softmax_whole_stage_operand_rate_atc,softmax_whole_stage_operand_rate_atc_v2,20260728_operand_rate_v2_final_normalization_session02_BCA,normalization,fp16x2,20260728_operand_rate_v2_final_normalization_session02_BCA_normalization_fp16x2,1,0,20260728_operand_rate_v2_final_normalization_session02_BCA_normalization_fp16x2_b1_r0_treatment,treatment,treatment,20260728_operand_rate_v2_final_normalization_session02_BCA_normalization_fp16x2_b1_r0_treatment_1785246402635,52,183151.37075641399,183151.37458435399,183151.37267038401,0.0038279400032479316,13.176986973005114,10384143764,true,false,5dff3859ad319cb37301e68cfc6fde00723e3a42110ca93adb44c05e97098167
softmax_whole_stage_atc_trace_v1,softmax_whole_stage_operand_rate_atc,softmax_whole_stage_operand_rate_atc_v2,20260728_operand_rate_v2_final_normalization_session02_BCA,normalization,fp16x2,20260728_operand_rate_v2_final_normalization_session02_BCA_normalization_fp16x2,1,0,20260728_operand_rate_v2_final_normalization_session02_BCA_normalization_fp16x2_b1_r0_treatment,treatment,treatment,20260728_operand_rate_v2_final_normalization_session02_BCA_normalization_fp16x2_b1_r0_treatment_1785246402635,53,183151.62585187901,183151.627240331,183151.62654610502,0.0013884519867133349,13.430862694018288,10384190204,true,false,5dff3859ad319cb37301e68cfc6fde00723e3a42110ca93adb44c05e97098167
softmax_whole_stage_atc_trace_v1,softmax_whole_stage_operand_rate_atc,softmax_whole_stage_operand_rate_atc_v2,20260728_operand_rate_v2_final_normalization_session02_BCA,normalization,fp16x2,20260728_operand_rate_v2_final_normalization_session02_BCA_normalization_fp16x2,1,0,20260728_operand_rate_v2_final_normalization_session02_BCA_normalization_fp16x2_b1_r0_treatment,treatment,treatment,20260728_operand_rate_v2_final_normalization_session02_BCA_normalization_fp16x2_b1_r0_treatment_1785246402635,54,183151.877794136,183151.881259849,183151.8795269925,0.0034657130017876625,13.683843581500696,10384248987,true,false,5dff3859ad319cb37301e68cfc6fde00723e3a42110ca93adb44c05e97098167
softmax_whole_stage_atc_trace_v1,softmax_whole_stage_operand_rate_atc,softmax_whole_stage_operand_rate_atc_v2,20260728_operand_rate_v2_final_normalization_session02_BCA,normalization,fp16x2,20260728_operand_rate_v2_final_normalization_session02_BCA_normalization_fp16x2,1,0,20260728_operand_rate_v2_final_normalization_session02_BCA_normalization_fp16x2_b1_r0_treatment,treatment,treatment,20260728_operand_rate_v2_final_normalization_session02_BCA_normalization_fp16x2_b1_r0_treatment_1785246402635,55,183151.881284659,183151.883284654,183151.88228465652,0.0019999950018245727,13.686601245513884,10384248987,false,false,5dff3859ad319cb37301e68cfc6fde00723e3a42110ca93adb44c05e97098167
softmax_whole_stage_atc_trace_v1,softmax_whole_stage_operand_rate_atc,softmax_whole_stage_operand_rate_atc_v2,20260728_operand_rate_v2_final_normalization_session02_BCA,normalization,fp16x2,20260728_operand_rate_v2_final_normalization_session02_BCA_normalization_fp16x2,1,1,20260728_operand_rate_v2_final_normalization_session02_BCA_normalization_fp16x2_b1_r1_control,control,control,20260728_operand_rate_v2_final_normalization_session02_BCA_normalization_fp16x2_b1_r1_control_1785246417385,0,183152.92764103701,183152.92876842601,183152.92820473149,0.001127388997701928,0.00058101149625144899,10384382211,false,false,5dff3859ad319cb37301e68cfc6fde00723e3a42110ca93adb44c05e97098167
softmax_whole_stage_atc_trace_v1,softmax_whole_stage_operand_rate_atc,softmax_whole_stage_operand_rate_atc_v2,20260728_operand_rate_v2_final_normalization_session02_BCA,normalization,fp16x2,20260728_operand_rate_v2_final_normalization_session02_BCA_normalization_fp16x2,1,1,20260728_operand_rate_v2_final_normalization_session02_BCA_normalization_fp16x2_b1_r1_control,control,control,20260728_operand_rate_v2_final_normalization_session02_BCA_normalization_fp16x2_b1_r1_control_1785246417385,1,183153.18029265999,183153.181693466,183153.180993063,0.0014008060097694397,0.25336934300139546,10384441776,true,false,5dff3859ad319cb37301e68cfc6fde00723e3a42110ca93adb44c05e97098167
softmax_whole_stage_atc_trace_v1,softmax_whole_stage_operand_rate_atc,softmax_whole_stage_operand_rate_atc_v2,20260728_operand_rate_v2_final_normalization_session02_BCA,normalization,fp16x2,20260728_operand_rate_v2_final_normalization_session02_BCA_normalization_fp16x2,1,1,20260728_operand_rate_v2_final_normalization_session02_BCA_normalization_fp16x2_b1_r1_control,control,control,20260728_operand_rate_v2_final_normalization_session02_BCA_normalization_fp16x2_b1_r1_control_1785246417385,2,183153.433231067,183153.43468959499,183153.43396033099,0.0014585279859602451,0.5063366109970957,10384486205,true,false,5dff3859ad319cb37301e68cfc6fde00723e3a42110ca93adb44c05e97098167
softmax_whole_stage_atc_trace_v1,softmax_whole_stage_operand_rate_atc,softmax_whole_stage_operand_rate_atc_v2,20260728_operand_rate_v2_final_normalization_session02_BCA,normalization,fp16x2,20260728_operand_rate_v2_final_normalization_session02_BCA_normalization_fp16x2,1,1,20260728_operand_rate_v2_final_normalization_session02_BCA_normalization_fp16x2_b1_r1_control,control,control,20260728_operand_rate_v2_final_normalization_session02_BCA_normalization_fp16x2_b1_r1_control_1785246417385,3,183153.68482664,183153.686075879,183153.68545125949,0.0012492389942053705,0.75782753949170001,10384551811,true,true,5dff3859ad319cb37301e68cfc6fde00723e3a42110ca93adb44c05e97098167
softmax_whole_stage_atc_trace_v1,softmax_whole_stage_operand_rate_atc,softmax_whole_stage_operand_rate_atc_v2,20260728_operand_rate_v2_final_normalization_session02_BCA,normalization,fp16x2,20260728_operand_rate_v2_final_normalization_session02_BCA_normalization_fp16x2,1,1,20260728_operand_rate_v2_final_normalization_session02_BCA_normalization_fp16x2_b1_r1_control,control,control,20260728_operand_rate_v2_final_normalization_session02_BCA_normalization_fp16x2_b1_r1_control_1785246417385,4,183153.93616219799,183153.93749336299,183153.9368277805,0.0013311649963725358,1.0092040605086368,10384595064,true,true,5dff3859ad319cb37301e68cfc6fde00723e3a42110ca93adb44c05e97098167
softmax_whole_stage_atc_trace_v1,softmax_whole_stage_operand_rate_atc,softmax_whole_stage_operand_rate_atc_v2,20260728_operand_rate_v2_final_normalization_session02_BCA,normalization,fp16x2,20260728_operand_rate_v2_final_normalization_session02_BCA_normalization_fp16x2,1,1,20260728_operand_rate_v2_final_normalization_session02_BCA_normalization_fp16x2_b1_r1_control,control,control,20260728_operand_rate_v2_final_normalization_session02_BCA_normalization_fp16x2_b1_r1_control_1785246417385,5,183154.187602069,183154.189060512,183154.1883312905,0.0014584430027753115,1.260707570501836,10384661582,true,true,5dff3859ad319cb37301e68cfc6fde00723e3a42110ca93adb44c05e97098167
softmax_whole_stage_atc_trace_v1,softmax_whole_stage_operand_rate_atc,softmax_whole_stage_operand_rate_atc_v2,20260728_operand_rate_v2_final_normalization_session02_BCA,normalization,fp16x2,20260728_operand_rate_v2_final_normalization_session02_BCA_normalization_fp16x2,1,1,20260728_operand_rate_v2_final_normalization_session02_BCA_normalization_fp16x2_b1_r1_control,control,control,20260728_operand_rate_v2_final_normalization_session02_BCA_normalization_fp16x2_b1_r1_control_1785246417385,6,183154.43915213799,183154.440508778,183154.439830458,0.0013566400157287717,1.5122067379998043,10384704580,true,true,5dff3859ad319cb37301e68cfc6fde00723e3a42110ca93adb44c05e97098167
softmax_whole_stage_atc_trace_v1,softmax_whole_stage_operand_rate_atc,softmax_whole_stage_operand_rate_atc_v2,20260728_operand_rate_v2_final_normalization_session02_BCA,normalization,fp16x2,20260728_operand_rate_v2_final_normalization_session02_BCA_normalization_fp16x2,1,1,20260728_operand_rate_v2_final_normalization_session02_BCA_normalization_fp16x2_b1_r1_control,control,control,20260728_operand_rate_v2_final_normalization_session02_BCA_normalization_fp16x2_b1_r1_control_1785246417385,7,183154.690539684,183154.691941795,183154.69124073948,0.0014021109964232892,1.7636170194891747,10384770957,true,true,5dff3859ad319cb37301e68cfc6fde00723e3a42110ca93adb44c05e97098167
softmax_whole_stage_atc_trace_v1,softmax_whole_stage_operand_rate_atc,softmax_whole_stage_operand_rate_atc_v2,20260728_operand_rate_v2_final_normalization_session02_BCA,normalization,fp16x2,20260728_operand_rate_v2_final_normalization_session02_BCA_normalization_fp16x2,1,1,20260728_operand_rate_v2_final_normalization_session02_BCA_normalization_fp16x2_b1_r1_control,control,control,20260728_operand_rate_v2_final_normalization_session02_BCA_normalization_fp16x2_b1_r1_control_1785246417385,8,183154.94203351301,183154.94335688199,183154.9426951975,0.001323368982411921,2.0150714775081724,10384837463,true,true,5dff3859ad319cb37301e68cfc6fde00723e3a42110ca93adb44c05e97098167
softmax_whole_stage_atc_trace_v1,softmax_whole_stage_operand_rate_atc,softmax_whole_stage_operand_rate_atc_v2,20260728_operand_rate_v2_final_normalization_session02_BCA,normalization,fp16x2,20260728_operand_rate_v2_final_normalization_session02_BCA_normalization_fp16x2,1,1,20260728_operand_rate_v2_final_normalization_session02_BCA_normalization_fp16x2_b1_r1_control,control,control,20260728_operand_rate_v2_final_normalization_session02_BCA_normalization_fp16x2_b1_r1_control_1785246417385,9,183155.19338898599,183155.19475759999,183155.19407329301,0.0013686140009667724,2.266449573013233,10384880770,true,true,5dff3859ad319cb37301e68cfc6fde00723e3a42110ca93adb44c05e97098167
softmax_whole_stage_atc_trace_v1,softmax_whole_stage_operand_rate_atc,softmax_whole_stage_operand_rate_atc_v2,20260728_operand_rate_v2_final_normalization_session02_BCA,normalization,fp16x2,20260728_operand_rate_v2_final_normalization_session02_BCA_normalization_fp16x2,1,1,20260728_operand_rate_v2_final_normalization_session02_BCA_normalization_fp16x2_b1_r1_control,control,control,20260728_operand_rate_v2_final_normalization_session02_BCA_normalization_fp16x2_b1_r1_control_1785246417385,10,183155.44484397801,183155.446155793,183155.44549988551,0.0013118149945512414,2.5178761655115522,10384947952,true,true,5dff3859ad319cb37301e68cfc6fde00723e3a42110ca93adb44c05e97098167
softmax_whole_stage_atc_trace_v1,softmax_whole_stage_operand_rate_atc,softmax_whole_stage_operand_rate_atc_v2,20260728_operand_rate_v2_final_normalization_session02_BCA,normalization,fp16x2,20260728_operand_rate_v2_final_normalization_session02_BCA_normalization_fp16x2,1,1,20260728_operand_rate_v2_final_normalization_session02_BCA_normalization_fp16x2_b1_r1_control,control,control,20260728_operand_rate_v2_final_normalization_session02_BCA_normalization_fp16x2_b1_r1_control_1785246417385,11,183155.69622882601,183155.69757697301,183155.69690289951,0.0013481469941325486,2.7692791795125231,10384991811,true,true,5dff3859ad319cb37301e68cfc6fde00723e3a42110ca93adb44c05e97098167
softmax_whole_stage_atc_trace_v1,softmax_whole_stage_operand_rate_atc,softmax_whole_stage_operand_rate_atc_v2,20260728_operand_rate_v2_final_normalization_session02_BCA,normalization,fp16x2,20260728_operand_rate_v2_final_normalization_session02_BCA_normalization_fp16x2,1,1,20260728_operand_rate_v2_final_normalization_session02_BCA_normalization_fp16x2_b1_r1_control,control,control,20260728_operand_rate_v2_final_normalization_session02_BCA_normalization_fp16x2_b1_r1_control_1785246417385,12,183155.94763221001,183155.94902106101,183155.94832663552,0.0013888510002288967,3.0207029155280907,10385059780,true,true,5dff3859ad319cb37301e68cfc6fde00723e3a42110ca93adb44c05e97098167
softmax_whole_stage_atc_trace_v1,softmax_whole_stage_operand_rate_atc,softmax_whole_stage_operand_rate_atc_v2,20260728_operand_rate_v2_final_normalization_session02_BCA,normalization,fp16x2,20260728_operand_rate_v2_final_normalization_session02_BCA_normalization_fp16x2,1,1,20260728_operand_rate_v2_final_normalization_session02_BCA_normalization_fp16x2_b1_r1_control,control,control,20260728_operand_rate_v2_final_normalization_session02_BCA_normalization_fp16x2_b1_r1_control_1785246417385,13,183156.199130083,183156.20050048601,183156.19981528452,0.0013704030134249479,3.2721915645233821,10385128336,true,true,5dff3859ad319cb37301e68cfc6fde00723e3a42110ca93adb44c05e97098167
softmax_whole_stage_atc_trace_v1,softmax_whole_stage_operand_rate_atc,softmax_whole_stage_operand_rate_atc_v2,20260728_operand_rate_v2_final_normalization_session02_BCA,normalization,fp16x2,20260728_operand_rate_v2_final_normalization_session02_BCA_normalization_fp16x2,1,1,20260728_operand_rate_v2_final_normalization_session02_BCA_normalization_fp16x2_b1_r1_control,control,control,20260728_operand_rate_v2_final_normalization_session02_BCA_normalization_fp16x2_b1_r1_control_1785246417385,14,183156.45054410599,183156.45185584301,183156.45119997452,0.0013117370253894478,3.5235762545198668,10385173779,true,true,5dff3859ad319cb37301e68cfc6fde00723e3a42110ca93adb44c05e97098167
softmax_whole_stage_atc_trace_v1,softmax_whole_stage_operand_rate_atc,softmax_whole_stage_operand_rate_atc_v2,20260728_operand_rate_v2_final_normalization_session02_BCA,normalization,fp16x2,20260728_operand_rate_v2_final_normalization_session02_BCA_normalization_fp16x2,1,1,20260728_operand_rate_v2_final_normalization_session02_BCA_normalization_fp16x2_b1_r1_control,control,control,20260728_operand_rate_v2_final_normalization_session02_BCA_normalization_fp16x2_b1_r1_control_1785246417385,15,183156.70193655801,183156.70570717001,183156.70382186401,0.003770612005610019,3.7761981440125965,10385243356,true,true,5dff3859ad319cb37301e68cfc6fde00723e3a42110ca93adb44c05e97098167
softmax_whole_stage_atc_trace_v1,softmax_whole_stage_operand_rate_atc,softmax_whole_stage_operand_rate_atc_v2,20260728_operand_rate_v2_final_normalization_session02_BCA,normalization,fp16x2,20260728_operand_rate_v2_final_normalization_session02_BCA_normalization_fp16x2,1,1,20260728_operand_rate_v2_final_normalization_session02_BCA_normalization_fp16x2_b1_r1_control,control,control,20260728_operand_rate_v2_final_normalization_session02_BCA_normalization_fp16x2_b1_r1_control_1785246417385,16,183156.955769539,183156.96063765799,183156.95820359851,0.0048681189946364611,4.0305798785120714,10385289474,true,true,5dff3859ad319cb37301e68cfc6fde00723e3a42110ca93adb44c05e97098167
softmax_whole_stage_atc_trace_v1,softmax_whole_stage_operand_rate_atc,softmax_whole_stage_operand_rate_atc_v2,20260728_operand_rate_v2_final_normalization_session02_BCA,normalization,fp16x2,20260728_operand_rate_v2_final_normalization_session02_BCA_normalization_fp16x2,1,1,20260728_operand_rate_v2_final_normalization_session02_BCA_normalization_fp16x2_b1_r1_control,control,control,20260728_operand_rate_v2_final_normalization_session02_BCA_normalization_fp16x2_b1_r1_control_1785246417385,17,183157.21070375401,183157.21569524499,183157.2131994995,0.0049914909759536386,4.2855757795041427,10385359071,true,true,5dff3859ad319cb37301e68cfc6fde00723e3a42110ca93adb44c05e97098167
softmax_whole_stage_atc_trace_v1,softmax_whole_stage_operand_rate_atc,softmax_whole_stage_operand_rate_atc_v2,20260728_operand_rate_v2_final_normalization_session02_BCA,normalization,fp16x2,20260728_operand_rate_v2_final_normalization_session02_BCA_normalization_fp16x2,1,1,20260728_operand_rate_v2_final_normalization_session02_BCA_normalization_fp16x2_b1_r1_control,control,control,20260728_operand_rate_v2_final_normalization_session02_BCA_normalization_fp16x2_b1_r1_control_1785246417385,18,183157.46582469501,183157.47128770899,183157.46855620202,0.0054630139784421772,4.5409324820211623,10385428586,true,true,5dff3859ad319cb37301e68cfc6fde00723e3a42110ca93adb44c05e97098167
softmax_whole_stage_atc_trace_v1,softmax_whole_stage_operand_rate_atc,softmax_whole_stage_operand_rate_atc_v2,20260728_operand_rate_v2_final_normalization_session02_BCA,normalization,fp16x2,20260728_operand_rate_v2_final_normalization_session02_BCA_normalization_fp16x2,1,1,20260728_operand_rate_v2_final_normalization_session02_BCA_normalization_fp16x2_b1_r1_control,control,control,20260728_operand_rate_v2_final_normalization_session02_BCA_normalization_fp16x2_b1_r1_control_1785246417385,19,183157.72138827399,183157.72630054,183157.72384440701,0.0049122660129796714,4.7962206870142836,10385474406,true,true,5dff3859ad319cb37301e68cfc6fde00723e3a42110ca93adb44c05e97098167
softmax_whole_stage_atc_trace_v1,softmax_whole_stage_operand_rate_atc,softmax_whole_stage_operand_rate_atc_v2,20260728_operand_rate_v2_final_normalization_session02_BCA,normalization,fp16x2,20260728_operand_rate_v2_final_normalization_session02_BCA_normalization_fp16x2,1,1,20260728_operand_rate_v2_final_normalization_session02_BCA_normalization_fp16x2_b1_r1_control,control,control,20260728_operand_rate_v2_final_normalization_session02_BCA_normalization_fp16x2_b1_r1_control_1785246417385,20,183157.97636409599,183157.977717325,183157.97704071051,0.001353229017695412,5.0494169905141462,10385543864,true,true,5dff3859ad319cb37301e68cfc6fde00723e3a42110ca93adb44c05e97098167
softmax_whole_stage_atc_trace_v1,softmax_whole_stage_operand_rate_atc,softmax_whole_stage_operand_rate_atc_v2,20260728_operand_rate_v2_final_normalization_session02_BCA,normalization,fp16x2,20260728_operand_rate_v2_final_normalization_session02_BCA_normalization_fp16x2,1,1,20260728_operand_rate_v2_final_normalization_session02_BCA_normalization_fp16x2_b1_r1_control,control,control,20260728_operand_rate_v2_final_normalization_session02_BCA_normalization_fp16x2_b1_r1_control_1785246417385,21,183158.22780956401,183158.22917677401,183158.22849316901,0.0013672100030817091,5.30086944901268,10385586179,true,true,5dff3859ad319cb37301e68cfc6fde00723e3a42110ca93adb44c05e97098167
softmax_whole_stage_atc_trace_v1,softmax_whole_stage_operand_rate_atc,softmax_whole_stage_operand_rate_atc_v2,20260728_operand_rate_v2_final_normalization_session02_BCA,normalization,fp16x2,20260728_operand_rate_v2_final_normalization_session02_BCA_normalization_fp16x2,1,1,20260728_operand_rate_v2_final_normalization_session02_BCA_normalization_fp16x2_b1_r1_control,control,control,20260728_operand_rate_v2_final_normalization_session02_BCA_normalization_fp16x2_b1_r1_control_1785246417385,22,183158.479269998,183158.48062037199,183158.47994518501,0.0013503739901352674,5.5523214650165755,10385653143,true,true,5dff3859ad319cb37301e68cfc6fde00723e3a42110ca93adb44c05e97098167
softmax_whole_stage_atc_trace_v1,softmax_whole_stage_operand_rate_atc,softmax_whole_stage_operand_rate_atc_v2,20260728_operand_rate_v2_final_normalization_session02_BCA,normalization,fp16x2,20260728_operand_rate_v2_final_normalization_session02_BCA_normalization_fp16x2,1,1,20260728_operand_rate_v2_final_normalization_session02_BCA_normalization_fp16x2_b1_r1_control,control,control,20260728_operand_rate_v2_final_normalization_session02_BCA_normalization_fp16x2_b1_r1_control_1785246417385,23,183158.73072934599,183158.732135989,183158.7314326675,0.0014066430157981813,5.8038089475012384,10385697676,true,true,5dff3859ad319cb37301e68cfc6fde00723e3a42110ca93adb44c05e97098167
softmax_whole_stage_atc_trace_v1,softmax_whole_stage_operand_rate_atc,softmax_whole_stage_operand_rate_atc_v2,20260728_operand_rate_v2_final_normalization_session02_BCA,normalization,fp16x2,20260728_operand_rate_v2_final_normalization_session02_BCA_normalization_fp16x2,1,1,20260728_operand_rate_v2_final_normalization_session02_BCA_normalization_fp16x2_b1_r1_control,control,control,20260728_operand_rate_v2_final_normalization_session02_BCA_normalization_fp16x2_b1_r1_control_1785246417385,24,183158.98224106501,183158.98366351699,183158.982952291,0.0014224519836716354,6.055328571004793,10385766936,true,true,5dff3859ad319cb37301e68cfc6fde00723e3a42110ca93adb44c05e97098167
softmax_whole_stage_atc_trace_v1,softmax_whole_stage_operand_rate_atc,softmax_whole_stage_operand_rate_atc_v2,20260728_operand_rate_v2_final_normalization_session02_BCA,normalization,fp16x2,20260728_operand_rate_v2_final_normalization_session02_BCA_normalization_fp16x2,1,1,20260728_operand_rate_v2_final_normalization_session02_BCA_normalization_fp16x2_b1_r1_control,control,control,20260728_operand_rate_v2_final_normalization_session02_BCA_normalization_fp16x2_b1_r1_control_1785246417385,25,183159.233745868,183159.23540277599,183159.23457432201,0.0016569079889450222,6.3069506020110566,10385809235,true,true,5dff3859ad319cb37301e68cfc6fde00723e3a42110ca93adb44c05e97098167
softmax_whole_stage_atc_trace_v1,softmax_whole_stage_operand_rate_atc,softmax_whole_stage_operand_rate_atc_v2,20260728_operand_rate_v2_final_normalization_session02_BCA,normalization,fp16x2,20260728_operand_rate_v2_final_normalization_session02_BCA_normalization_fp16x2,1,1,20260728_operand_rate_v2_final_normalization_session02_BCA_normalization_fp16x2_b1_r1_control,control,control,20260728_operand_rate_v2_final_normalization_session02_BCA_normalization_fp16x2_b1_r1_control_1785246417385,26,183159.48553275,183159.48697209699,183159.48625242349,0.001439346990082413,6.5586287034966517,10385876371,true,true,5dff3859ad319cb37301e68cfc6fde00723e3a42110ca93adb44c05e97098167
softmax_whole_stage_atc_trace_v1,softmax_whole_stage_operand_rate_atc,softmax_whole_stage_operand_rate_atc_v2,20260728_operand_rate_v2_final_normalization_session02_BCA,normalization,fp16x2,20260728_operand_rate_v2_final_normalization_session02_BCA_normalization_fp16x2,1,1,20260728_operand_rate_v2_final_normalization_session02_BCA_normalization_fp16x2_b1_r1_control,control,control,20260728_operand_rate_v2_final_normalization_session02_BCA_normalization_fp16x2_b1_r1_control_1785246417385,27,183159.73708816501,183159.73904544301,183159.73806680401,0.0019572780001908541,6.8104430840176065,10385944914,true,true,5dff3859ad319cb37301e68cfc6fde00723e3a42110ca93adb44c05e97098167
softmax_whole_stage_atc_trace_v1,softmax_whole_stage_operand_rate_atc,softmax_whole_stage_operand_rate_atc_v2,20260728_operand_rate_v2_final_normalization_session02_BCA,normalization,fp16x2,20260728_operand_rate_v2_final_normalization_session02_BCA_normalization_fp16x2,1,1,20260728_operand_rate_v2_final_normalization_session02_BCA_normalization_fp16x2_b1_r1_control,control,control,20260728_operand_rate_v2_final_normalization_session02_BCA_normalization_fp16x2_b1_r1_control_1785246417385,28,183159.989130423,183159.99053002201,183159.9898302225,0.001399599015712738,7.0622065025090706,10385991168,true,true,5dff3859ad319cb37301e68cfc6fde00723e3a42110ca93adb44c05e97098167
softmax_whole_stage_atc_trace_v1,softmax_whole_stage_operand_rate_atc,softmax_whole_stage_operand_rate_atc_v2,20260728_operand_rate_v2_final_normalization_session02_BCA,normalization,fp16x2,20260728_operand_rate_v2_final_normalization_session02_BCA_normalization_fp16x2,1,1,20260728_operand_rate_v2_final_normalization_session02_BCA_normalization_fp16x2_b1_r1_control,control,control,20260728_operand_rate_v2_final_normalization_session02_BCA_normalization_fp16x2_b1_r1_control_1785246417385,29,183160.24065177,183160.24203244,183160.241342105,0.0013806700007990003,7.3137183850049041,10386057831,true,true,5dff3859ad319cb37301e68cfc6fde00723e3a42110ca93adb44c05e97098167
softmax_whole_stage_atc_trace_v1,softmax_whole_stage_operand_rate_atc,softmax_whole_stage_operand_rate_atc_v2,20260728_operand_rate_v2_final_normalization_session02_BCA,normalization,fp16x2,20260728_operand_rate_v2_final_normalization_session02_BCA_normalization_fp16x2,1,1,20260728_operand_rate_v2_final_normalization_session02_BCA_normalization_fp16x2_b1_r1_control,control,control,20260728_operand_rate_v2_final_normalization_session02_BCA_normalization_fp16x2_b1_r1_control_1785246417385,30,183160.49214655699,183160.493428813,183160.49278768501,0.0012822560092899948,7.5651639650168363,10386102222,true,true,5dff3859ad319cb37301e68cfc6fde00723e3a42110ca93adb44c05e97098167
softmax_whole_stage_atc_trace_v1,softmax_whole_stage_operand_rate_atc,softmax_whole_stage_operand_rate_atc_v2,20260728_operand_rate_v2_final_normalization_session02_BCA,normalization,fp16x2,20260728_operand_rate_v2_final_normalization_session02_BCA_normalization_fp16x2,1,1,20260728_operand_rate_v2_final_normalization_session02_BCA_normalization_fp16x2_b1_r1_control,control,control,20260728_operand_rate_v2_final_normalization_session02_BCA_normalization_fp16x2_b1_r1_control_1785246417385,31,183160.74355607,183160.74492565999,183160.74424086499,0.001369589997921139,7.8166171449993271,10386171651,true,true,5dff3859ad319cb37301e68cfc6fde00723e3a42110ca93adb44c05e97098167
softmax_whole_stage_atc_trace_v1,softmax_whole_stage_operand_rate_atc,softmax_whole_stage_operand_rate_atc_v2,20260728_operand_rate_v2_final_normalization_session02_BCA,normalization,fp16x2,20260728_operand_rate_v2_final_normalization_session02_BCA_normalization_fp16x2,1,1,20260728_operand_rate_v2_final_normalization_session02_BCA_normalization_fp16x2_b1_r1_control,control,control,20260728_operand_rate_v2_final_normalization_session02_BCA_normalization_fp16x2_b1_r1_control_1785246417385,32,183160.99504631301,183160.99643190301,183160.99573910801,0.0013855900033377111,8.068115388014121,10386214320,true,true,5dff3859ad319cb37301e68cfc6fde00723e3a42110ca93adb44c05e97098167
softmax_whole_stage_atc_trace_v1,softmax_whole_stage_operand_rate_atc,softmax_whole_stage_operand_rate_atc_v2,20260728_operand_rate_v2_final_normalization_session02_BCA,normalization,fp16x2,20260728_operand_rate_v2_final_normalization_session02_BCA_normalization_fp16x2,1,1,20260728_operand_rate_v2_final_normalization_session02_BCA_normalization_fp16x2_b1_r1_control,control,control,20260728_operand_rate_v2_final_normalization_session02_BCA_normalization_fp16x2_b1_r1_control_1785246417385,33,183161.246554841,183161.24796746101,183161.247261151,0.0014126200112514198,8.319637431006413,10386282138,true,true,5dff3859ad319cb37301e68cfc6fde00723e3a42110ca93adb44c05e97098167
softmax_whole_stage_atc_trace_v1,softmax_whole_stage_operand_rate_atc,softmax_whole_stage_operand_rate_atc_v2,20260728_operand_rate_v2_final_normalization_session02_BCA,normalization,fp16x2,20260728_operand_rate_v2_final_normalization_session02_BCA_normalization_fp16x2,1,1,20260728_operand_rate_v2_final_normalization_session02_BCA_normalization_fp16x2_b1_r1_control,control,control,20260728_operand_rate_v2_final_normalization_session02_BCA_normalization_fp16x2_b1_r1_control_1785246417385,34,183161.49815847099,183161.49951385101,183161.49883616099,0.0013553800235968083,8.5712124409910757,10386327942,true,true,5dff3859ad319cb37301e68cfc6fde00723e3a42110ca93adb44c05e97098167
softmax_whole_stage_atc_trace_v1,softmax_whole_stage_operand_rate_atc,softmax_whole_stage_operand_rate_atc_v2,20260728_operand_rate_v2_final_normalization_session02_BCA,normalization,fp16x2,20260728_operand_rate_v2_final_normalization_session02_BCA_normalization_fp16x2,1,1,20260728_operand_rate_v2_final_normalization_session02_BCA_normalization_fp16x2_b1_r1_control,control,control,20260728_operand_rate_v2_final_normalization_session02_BCA_normalization_fp16x2_b1_r1_control_1785246417385,35,183161.749640205,183161.751022087,183161.750331146,0.0013818820007145405,8.8227074260066729,10386394193,true,true,5dff3859ad319cb37301e68cfc6fde00723e3a42110ca93adb44c05e97098167
softmax_whole_stage_atc_trace_v1,softmax_whole_stage_operand_rate_atc,softmax_whole_stage_operand_rate_atc_v2,20260728_operand_rate_v2_final_normalization_session02_BCA,normalization,fp16x2,20260728_operand_rate_v2_final_normalization_session02_BCA_normalization_fp16x2,1,1,20260728_operand_rate_v2_final_normalization_session02_BCA_normalization_fp16x2_b1_r1_control,control,control,20260728_operand_rate_v2_final_normalization_session02_BCA_normalization_fp16x2_b1_r1_control_1785246417385,36,183162.00111680399,183162.00303398701,183162.00207539549,0.0019171830208506435,9.0744516754930373,10386438631,true,true,5dff3859ad319cb37301e68cfc6fde00723e3a42110ca93adb44c05e97098167
softmax_whole_stage_atc_trace_v1,softmax_whole_stage_operand_rate_atc,softmax_whole_stage_operand_rate_atc_v2,20260728_operand_rate_v2_final_normalization_session02_BCA,normalization,fp16x2,20260728_operand_rate_v2_final_normalization_session02_BCA_normalization_fp16x2,1,1,20260728_operand_rate_v2_final_normalization_session02_BCA_normalization_fp16x2_b1_r1_control,control,control,20260728_operand_rate_v2_final_normalization_session02_BCA_normalization_fp16x2_b1_r1_control_1785246417385,37,183162.25316466301,183162.254578419,183162.253871541,0.001413755991961807,9.3262478210090194,10386508234,true,true,5dff3859ad319cb37301e68cfc6fde00723e3a42110ca93adb44c05e97098167
softmax_whole_stage_atc_trace_v1,softmax_whole_stage_operand_rate_atc,softmax_whole_stage_operand_rate_atc_v2,20260728_operand_rate_v2_final_normalization_session02_BCA,normalization,fp16x2,20260728_operand_rate_v2_final_normalization_session02_BCA_normalization_fp16x2,1,1,20260728_operand_rate_v2_final_normalization_session02_BCA_normalization_fp16x2_b1_r1_control,control,control,20260728_operand_rate_v2_final_normalization_session02_BCA_normalization_fp16x2_b1_r1_control_1785246417385,38,183162.50467244,183162.50607434299,183162.5053733915,0.0014019029913470149,9.577749671501806,10386551344,true,true,5dff3859ad319cb37301e68cfc6fde00723e3a42110ca93adb44c05e97098167
softmax_whole_stage_atc_trace_v1,softmax_whole_stage_operand_rate_atc,softmax_whole_stage_operand_rate_atc_v2,20260728_operand_rate_v2_final_normalization_session02_BCA,normalization,fp16x2,20260728_operand_rate_v2_final_normalization_session02_BCA_normalization_fp16x2,1,1,20260728_operand_rate_v2_final_normalization_session02_BCA_normalization_fp16x2_b1_r1_control,control,control,20260728_operand_rate_v2_final_normalization_session02_BCA_normalization_fp16x2_b1_r1_control_1785246417385,39,183162.75617350399,183162.760428387,183162.75830094551,0.0042548830097075552,9.8306772255164105,10386619772,true,true,5dff3859ad319cb37301e68cfc6fde00723e3a42110ca93adb44c05e97098167
softmax_whole_stage_atc_trace_v1,softmax_whole_stage_operand_rate_atc,softmax_whole_stage_operand_rate_atc_v2,20260728_operand_rate_v2_final_normalization_session02_BCA,normalization,fp16x2,20260728_operand_rate_v2_final_normalization_session02_BCA_normalization_fp16x2,1,1,20260728_operand_rate_v2_final_normalization_session02_BCA_normalization_fp16x2_b1_r1_control,control,control,20260728_operand_rate_v2_final_normalization_session02_BCA_normalization_fp16x2_b1_r1_control_1785246417385,40,183163.01056381699,183163.01194294999,183163.01125338348,0.0013791329984087497,10.083629663480679,10386665918,true,true,5dff3859ad319cb37301e68cfc6fde00723e3a42110ca93adb44c05e97098167
softmax_whole_stage_atc_trace_v1,softmax_whole_stage_operand_rate_atc,softmax_whole_stage_operand_rate_atc_v2,20260728_operand_rate_v2_final_normalization_session02_BCA,normalization,fp16x2,20260728_operand_rate_v2_final_normalization_session02_BCA_normalization_fp16x2,1,1,20260728_operand_rate_v2_final_normalization_session02_BCA_normalization_fp16x2_b1_r1_control,control,control,20260728_operand_rate_v2_final_normalization_session02_BCA_normalization_fp16x2_b1_r1_control_1785246417385,41,183163.26206869801,183163.263958881,183163.26301378949,0.0018901829898823053,10.33539006949286,10386732827,true,true,5dff3859ad319cb37301e68cfc6fde00723e3a42110ca93adb44c05e97098167
softmax_whole_stage_atc_trace_v1,softmax_whole_stage_operand_rate_atc,softmax_whole_stage_operand_rate_atc_v2,20260728_operand_rate_v2_final_normalization_session02_BCA,normalization,fp16x2,20260728_operand_rate_v2_final_normalization_session02_BCA_normalization_fp16x2,1,1,20260728_operand_rate_v2_final_normalization_session02_BCA_normalization_fp16x2_b1_r1_control,control,control,20260728_operand_rate_v2_final_normalization_session02_BCA_normalization_fp16x2_b1_r1_control_1785246417385,42,183163.514059076,183163.51877470099,183163.51641688851,0.0047156249929685146,10.588793168513803,10386801558,true,true,5dff3859ad319cb37301e68cfc6fde00723e3a42110ca93adb44c05e97098167
softmax_whole_stage_atc_trace_v1,softmax_whole_stage_operand_rate_atc,softmax_whole_stage_operand_rate_atc_v2,20260728_operand_rate_v2_final_normalization_session02_BCA,normalization,fp16x2,20260728_operand_rate_v2_final_normalization_session02_BCA_normalization_fp16x2,1,1,20260728_operand_rate_v2_final_normalization_session02_BCA_normalization_fp16x2_b1_r1_control,control,control,20260728_operand_rate_v2_final_normalization_session02_BCA_normalization_fp16x2_b1_r1_control_1785246417385,43,183163.76889976399,183163.77049925999,183163.76969951199,0.0015994959976524115,10.84207579199574,10386847786,true,true,5dff3859ad319cb37301e68cfc6fde00723e3a42110ca93adb44c05e97098167
softmax_whole_stage_atc_trace_v1,softmax_whole_stage_operand_rate_atc,softmax_whole_stage_operand_rate_atc_v2,20260728_operand_rate_v2_final_normalization_session02_BCA,normalization,fp16x2,20260728_operand_rate_v2_final_normalization_session02_BCA_normalization_fp16x2,1,1,20260728_operand_rate_v2_final_normalization_session02_BCA_normalization_fp16x2_b1_r1_control,control,control,20260728_operand_rate_v2_final_normalization_session02_BCA_normalization_fp16x2_b1_r1_control_1785246417385,44,183164.02061490901,183164.022016918,183164.0213159135,0.0014020089874975383,11.093692193506286,10386914974,true,true,5dff3859ad319cb37301e68cfc6fde00723e3a42110ca93adb44c05e97098167
softmax_whole_stage_atc_trace_v1,softmax_whole_stage_operand_rate_atc,softmax_whole_stage_operand_rate_atc_v2,20260728_operand_rate_v2_final_normalization_session02_BCA,normalization,fp16x2,20260728_operand_rate_v2_final_normalization_session02_BCA_normalization_fp16x2,1,1,20260728_operand_rate_v2_final_normalization_session02_BCA_normalization_fp16x2_b1_r1_control,control,control,20260728_operand_rate_v2_final_normalization_session02_BCA_normalization_fp16x2_b1_r1_control_1785246417385,45,183164.27214676599,183164.27358267299,183164.2728647195,0.0014359070046339184,11.345240999507951,10386960465,true,true,5dff3859ad319cb37301e68cfc6fde00723e3a42110ca93adb44c05e97098167
softmax_whole_stage_atc_trace_v1,softmax_whole_stage_operand_rate_atc,softmax_whole_stage_operand_rate_atc_v2,20260728_operand_rate_v2_final_normalization_session02_BCA,normalization,fp16x2,20260728_operand_rate_v2_final_normalization_session02_BCA_normalization_fp16x2,1,1,20260728_operand_rate_v2_final_normalization_session02_BCA_normalization_fp16x2_b1_r1_control,control,control,20260728_operand_rate_v2_final_normalization_session02_BCA_normalization_fp16x2_b1_r1_control_1785246417385,46,183164.52374451901,183164.525087633,183164.52441607602,0.0013431139814201742,11.596792356023798,10387026844,true,true,5dff3859ad319cb37301e68cfc6fde00723e3a42110ca93adb44c05e97098167
softmax_whole_stage_atc_trace_v1,softmax_whole_stage_operand_rate_atc,softmax_whole_stage_operand_rate_atc_v2,20260728_operand_rate_v2_final_normalization_session02_BCA,normalization,fp16x2,20260728_operand_rate_v2_final_normalization_session02_BCA_normalization_fp16x2,1,1,20260728_operand_rate_v2_final_normalization_session02_BCA_normalization_fp16x2_b1_r1_control,control,control,20260728_operand_rate_v2_final_normalization_session02_BCA_normalization_fp16x2_b1_r1_control_1785246417385,47,183164.77551156099,183164.778719878,183164.77711571951,0.0032083170081023127,11.849491999513702,10387071477,true,true,5dff3859ad319cb37301e68cfc6fde00723e3a42110ca93adb44c05e97098167
softmax_whole_stage_atc_trace_v1,softmax_whole_stage_operand_rate_atc,softmax_whole_stage_operand_rate_atc_v2,20260728_operand_rate_v2_final_normalization_session02_BCA,normalization,fp16x2,20260728_operand_rate_v2_final_normalization_session02_BCA_normalization_fp16x2,1,1,20260728_operand_rate_v2_final_normalization_session02_BCA_normalization_fp16x2_b1_r1_control,control,control,20260728_operand_rate_v2_final_normalization_session02_BCA_normalization_fp16x2_b1_r1_control_1785246417385,48,183165.02915121699,183165.03047590499,183165.02981356101,0.0013246879971120507,12.102189841010841,10387141317,true,true,5dff3859ad319cb37301e68cfc6fde00723e3a42110ca93adb44c05e97098167
softmax_whole_stage_atc_trace_v1,softmax_whole_stage_operand_rate_atc,softmax_whole_stage_operand_rate_atc_v2,20260728_operand_rate_v2_final_normalization_session02_BCA,normalization,fp16x2,20260728_operand_rate_v2_final_normalization_session02_BCA_normalization_fp16x2,1,1,20260728_operand_rate_v2_final_normalization_session02_BCA_normalization_fp16x2_b1_r1_control,control,control,20260728_operand_rate_v2_final_normalization_session02_BCA_normalization_fp16x2_b1_r1_control_1785246417385,49,183165.280947505,183165.282339194,183165.2816433495,0.0013916890020482242,12.354019629507093,10387184778,true,true,5dff3859ad319cb37301e68cfc6fde00723e3a42110ca93adb44c05e97098167
softmax_whole_stage_atc_trace_v1,softmax_whole_stage_operand_rate_atc,softmax_whole_stage_operand_rate_atc_v2,20260728_operand_rate_v2_final_normalization_session02_BCA,normalization,fp16x2,20260728_operand_rate_v2_final_normalization_session02_BCA_normalization_fp16x2,1,1,20260728_operand_rate_v2_final_normalization_session02_BCA_normalization_fp16x2_b1_r1_control,control,control,20260728_operand_rate_v2_final_normalization_session02_BCA_normalization_fp16x2_b1_r1_control_1785246417385,50,183165.53278253999,183165.534164604,183165.533473572,0.0013820640160702169,12.605849851999665,10387253782,true,true,5dff3859ad319cb37301e68cfc6fde00723e3a42110ca93adb44c05e97098167
softmax_whole_stage_atc_trace_v1,softmax_whole_stage_operand_rate_atc,softmax_whole_stage_operand_rate_atc_v2,20260728_operand_rate_v2_final_normalization_session02_BCA,normalization,fp16x2,20260728_operand_rate_v2_final_normalization_session02_BCA_normalization_fp16x2,1,1,20260728_operand_rate_v2_final_normalization_session02_BCA_normalization_fp16x2_b1_r1_control,control,control,20260728_operand_rate_v2_final_normalization_session02_BCA_normalization_fp16x2_b1_r1_control_1785246417385,51,183165.78487181099,183165.78629930501,183165.78558555798,0.0014274940185714513,12.857961837988114,10387296419,true,false,5dff3859ad319cb37301e68cfc6fde00723e3a42110ca93adb44c05e97098167
softmax_whole_stage_atc_trace_v1,softmax_whole_stage_operand_rate_atc,softmax_whole_stage_operand_rate_atc_v2,20260728_operand_rate_v2_final_normalization_session02_BCA,normalization,fp16x2,20260728_operand_rate_v2_final_normalization_session02_BCA_normalization_fp16x2,1,1,20260728_operand_rate_v2_final_normalization_session02_BCA_normalization_fp16x2_b1_r1_control,control,control,20260728_operand_rate_v2_final_normalization_session02_BCA_normalization_fp16x2_b1_r1_control_1785246417385,52,183166.03704314699,183166.04078403601,183166.0389135915,0.0037408890202641487,13.111289871507324,10387363269,true,false,5dff3859ad319cb37301e68cfc6fde00723e3a42110ca93adb44c05e97098167
softmax_whole_stage_atc_trace_v1,softmax_whole_stage_operand_rate_atc,softmax_whole_stage_operand_rate_atc_v2,20260728_operand_rate_v2_final_normalization_session02_BCA,normalization,fp16x2,20260728_operand_rate_v2_final_normalization_session02_BCA_normalization_fp16x2,1,1,20260728_operand_rate_v2_final_normalization_session02_BCA_normalization_fp16x2_b1_r1_control,control,control,20260728_operand_rate_v2_final_normalization_session02_BCA_normalization_fp16x2_b1_r1_control_1785246417385,53,183166.29160730401,183166.29308008801,183166.292343696,0.0014727840025443584,13.364719976001652,10387393536,true,false,5dff3859ad319cb37301e68cfc6fde00723e3a42110ca93adb44c05e97098167
softmax_whole_stage_atc_trace_v1,softmax_whole_stage_operand_rate_atc,softmax_whole_stage_operand_rate_atc_v2,20260728_operand_rate_v2_final_normalization_session02_BCA,normalization,fp16x2,20260728_operand_rate_v2_final_normalization_session02_BCA_normalization_fp16x2,1,1,20260728_operand_rate_v2_final_normalization_session02_BCA_normalization_fp16x2_b1_r1_control,control,control,20260728_operand_rate_v2_final_normalization_session02_BCA_normalization_fp16x2_b1_r1_control_1785246417385,54,183166.29308590601,183166.29431494701,183166.29370042653,0.0012290409940760583,13.366076706530293,10387393536,false,false,5dff3859ad319cb37301e68cfc6fde00723e3a42110ca93adb44c05e97098167
softmax_whole_stage_atc_trace_v1,softmax_whole_stage_operand_rate_atc,softmax_whole_stage_operand_rate_atc_v2,20260728_operand_rate_v2_final_normalization_session02_BCA,normalization,fp16x2,20260728_operand_rate_v2_final_normalization_session02_BCA_normalization_fp16x2,1,2,20260728_operand_rate_v2_final_normalization_session02_BCA_normalization_fp16x2_b1_r2_treatment,treatment,treatment,20260728_operand_rate_v2_final_normalization_session02_BCA_normalization_fp16x2_b1_r2_treatment_1785246431782,0,183167.31883709299,183167.320043705,183167.31944039901,0.0012066120107192546,0.0006198759947437793,10387536607,false,false,5dff3859ad319cb37301e68cfc6fde00723e3a42110ca93adb44c05e97098167
softmax_whole_stage_atc_trace_v1,softmax_whole_stage_operand_rate_atc,softmax_whole_stage_operand_rate_atc_v2,20260728_operand_rate_v2_final_normalization_session02_BCA,normalization,fp16x2,20260728_operand_rate_v2_final_normalization_session02_BCA_normalization_fp16x2,1,2,20260728_operand_rate_v2_final_normalization_session02_BCA_normalization_fp16x2_b1_r2_treatment,treatment,treatment,20260728_operand_rate_v2_final_normalization_session02_BCA_normalization_fp16x2_b1_r2_treatment_1785246431782,1,183167.570150046,183167.571540081,183167.57084506348,0.0013900350022595376,0.25202454047393985,10387582560,true,false,5dff3859ad319cb37301e68cfc6fde00723e3a42110ca93adb44c05e97098167
softmax_whole_stage_atc_trace_v1,softmax_whole_stage_operand_rate_atc,softmax_whole_stage_operand_rate_atc_v2,20260728_operand_rate_v2_final_normalization_session02_BCA,normalization,fp16x2,20260728_operand_rate_v2_final_normalization_session02_BCA_normalization_fp16x2,1,2,20260728_operand_rate_v2_final_normalization_session02_BCA_normalization_fp16x2_b1_r2_treatment,treatment,treatment,20260728_operand_rate_v2_final_normalization_session02_BCA_normalization_fp16x2_b1_r2_treatment_1785246431782,2,183167.82168148999,183167.82414911201,183167.82291530102,0.0024676220200490206,0.50409477800712921,10387650946,true,false,5dff3859ad319cb37301e68cfc6fde00723e3a42110ca93adb44c05e97098167
softmax_whole_stage_atc_trace_v1,softmax_whole_stage_operand_rate_atc,softmax_whole_stage_operand_rate_atc_v2,20260728_operand_rate_v2_final_normalization_session02_BCA,normalization,fp16x2,20260728_operand_rate_v2_final_normalization_session02_BCA_normalization_fp16x2,1,2,20260728_operand_rate_v2_final_normalization_session02_BCA_normalization_fp16x2_b1_r2_treatment,treatment,treatment,20260728_operand_rate_v2_final_normalization_session02_BCA_normalization_fp16x2_b1_r2_treatment_1785246431782,3,183168.07431485,183168.07566618099,183168.07499051548,0.0013513309822883457,0.75616999246994965,10387697664,true,true,5dff3859ad319cb37301e68cfc6fde00723e3a42110ca93adb44c05e97098167
softmax_whole_stage_atc_trace_v1,softmax_whole_stage_operand_rate_atc,softmax_whole_stage_operand_rate_atc_v2,20260728_operand_rate_v2_final_normalization_session02_BCA,normalization,fp16x2,20260728_operand_rate_v2_final_normalization_session02_BCA_normalization_fp16x2,1,2,20260728_operand_rate_v2_final_normalization_session02_BCA_normalization_fp16x2_b1_r2_treatment,treatment,treatment,20260728_operand_rate_v2_final_normalization_session02_BCA_normalization_fp16x2_b1_r2_treatment_1785246431782,4,183168.32581784399,183168.33017714799,183168.327997496,0.004359304002719,1.0091769729915541,10387766003,true,true,5dff3859ad319cb37301e68cfc6fde00723e3a42110ca93adb44c05e97098167
softmax_whole_stage_atc_trace_v1,softmax_whole_stage_operand_rate_atc,softmax_whole_stage_operand_rate_atc_v2,20260728_operand_rate_v2_final_normalization_session02_BCA,normalization,fp16x2,20260728_operand_rate_v2_final_normalization_session02_BCA_normalization_fp16x2,1,2,20260728_operand_rate_v2_final_normalization_session02_BCA_normalization_fp16x2_b1_r2_treatment,treatment,treatment,20260728_operand_rate_v2_final_normalization_session02_BCA_normalization_fp16x2_b1_r2_treatment_1785246431782,5,183168.58027575701,183168.581666057,183168.580970907,0.0013902999926358461,1.2621503839909565,10387812341,true,true,5dff3859ad319cb37301e68cfc6fde00723e3a42110ca93adb44c05e97098167
softmax_whole_stage_atc_trace_v1,softmax_whole_stage_operand_rate_atc,softmax_whole_stage_operand_rate_atc_v2,20260728_operand_rate_v2_final_normalization_session02_BCA,normalization,fp16x2,20260728_operand_rate_v2_final_normalization_session02_BCA_normalization_fp16x2,1,2,20260728_operand_rate_v2_final_normalization_session02_BCA_normalization_fp16x2_b1_r2_treatment,treatment,treatment,20260728_operand_rate_v2_final_normalization_session02_BCA_normalization_fp16x2_b1_r2_treatment_1785246431782,6,183168.83181213701,183168.83344222,183168.83262717852,0.0016300829884130508,1.5138066555082332,10387879909,true,true,5dff3859ad319cb37301e68cfc6fde00723e3a42110ca93adb44c05e97098167
softmax_whole_stage_atc_trace_v1,softmax_whole_stage_operand_rate_atc,softmax_whole_stage_operand_rate_atc_v2,20260728_operand_rate_v2_final_normalization_session02_BCA,normalization,fp16x2,20260728_operand_rate_v2_final_normalization_session02_BCA_normalization_fp16x2,1,2,20260728_operand_rate_v2_final_normalization_session02_BCA_normalization_fp16x2_b1_r2_treatment,treatment,treatment,20260728_operand_rate_v2_final_normalization_session02_BCA_normalization_fp16x2_b1_r2_treatment_1785246431782,7,183169.08356747101,183169.084910278,183169.08423887449,0.0013428069942165166,1.7654183514823671,10387926114,true,true,5dff3859ad319cb37301e68cfc6fde00723e3a42110ca93adb44c05e97098167
softmax_whole_stage_atc_trace_v1,softmax_whole_stage_operand_rate_atc,softmax_whole_stage_operand_rate_atc_v2,20260728_operand_rate_v2_final_normalization_session02_BCA,normalization,fp16x2,20260728_operand_rate_v2_final_normalization_session02_BCA_normalization_fp16x2,1,2,20260728_operand_rate_v2_final_normalization_session02_BCA_normalization_fp16x2_b1_r2_treatment,treatment,treatment,20260728_operand_rate_v2_final_normalization_session02_BCA_normalization_fp16x2_b1_r2_treatment_1785246431782,8,183169.33505595499,183169.33640137801,183169.33572866651,0.0013454230211209506,2.0169081435014959,10387993569,true,true,5dff3859ad319cb37301e68cfc6fde00723e3a42110ca93adb44c05e97098167
softmax_whole_stage_atc_trace_v1,softmax_whole_stage_operand_rate_atc,softmax_whole_stage_operand_rate_atc_v2,20260728_operand_rate_v2_final_normalization_session02_BCA,normalization,fp16x2,20260728_operand_rate_v2_final_normalization_session02_BCA_normalization_fp16x2,1,2,20260728_operand_rate_v2_final_normalization_session02_BCA_normalization_fp16x2_b1_r2_treatment,treatment,treatment,20260728_operand_rate_v2_final_normalization_session02_BCA_normalization_fp16x2_b1_r2_treatment_1785246431782,9,183169.586568942,183169.58795985,183169.58726439602,0.0013909080007579178,2.2684438730066177,10388039763,true,true,5dff3859ad319cb37301e68cfc6fde00723e3a42110ca93adb44c05e97098167
softmax_whole_stage_atc_trace_v1,softmax_whole_stage_operand_rate_atc,softmax_whole_stage_operand_rate_atc_v2,20260728_operand_rate_v2_final_normalization_session02_BCA,normalization,fp16x2,20260728_operand_rate_v2_final_normalization_session02_BCA_normalization_fp16x2,1,2,20260728_operand_rate_v2_final_normalization_session02_BCA_normalization_fp16x2_b1_r2_treatment,treatment,treatment,20260728_operand_rate_v2_final_normalization_session02_BCA_normalization_fp16x2_b1_r2_treatment_1785246431782,10,183169.838106421,183169.839667316,183169.8388868685,0.0015608950052410364,2.5200663454888854,10388107146,true,true,5dff3859ad319cb37301e68cfc6fde00723e3a42110ca93adb44c05e97098167
softmax_whole_stage_atc_trace_v1,softmax_whole_stage_operand_rate_atc,softmax_whole_stage_operand_rate_atc_v2,20260728_operand_rate_v2_final_normalization_session02_BCA,normalization,fp16x2,20260728_operand_rate_v2_final_normalization_session02_BCA_normalization_fp16x2,1,2,20260728_operand_rate_v2_final_normalization_session02_BCA_normalization_fp16x2_b1_r2_treatment,treatment,treatment,20260728_operand_rate_v2_final_normalization_session02_BCA_normalization_fp16x2_b1_r2_treatment_1785246431782,11,183170.08987189099,183170.09125977801,183170.09056583449,0.0013878870231565088,2.7717453114746604,10388153241,true,true,5dff3859ad319cb37301e68cfc6fde00723e3a42110ca93adb44c05e97098167
softmax_whole_stage_atc_trace_v1,softmax_whole_stage_operand_rate_atc,softmax_whole_stage_operand_rate_atc_v2,20260728_operand_rate_v2_final_normalization_session02_BCA,normalization,fp16x2,20260728_operand_rate_v2_final_normalization_session02_BCA_normalization_fp16x2,1,2,20260728_operand_rate_v2_final_normalization_session02_BCA_normalization_fp16x2_b1_r2_treatment,treatment,treatment,20260728_operand_rate_v2_final_normalization_session02_BCA_normalization_fp16x2_b1_r2_treatment_1785246431782,12,183170.34143515001,183170.342823037,183170.34212909351,0.0013878869940526783,3.023308570496738,10388220629,true,true,5dff3859ad319cb37301e68cfc6fde00723e3a42110ca93adb44c05e97098167
softmax_whole_stage_atc_trace_v1,softmax_whole_stage_operand_rate_atc,softmax_whole_stage_operand_rate_atc_v2,20260728_operand_rate_v2_final_normalization_session02_BCA,normalization,fp16x2,20260728_operand_rate_v2_final_normalization_session02_BCA_normalization_fp16x2,1,2,20260728_operand_rate_v2_final_normalization_session02_BCA_normalization_fp16x2_b1_r2_treatment,treatment,treatment,20260728_operand_rate_v2_final_normalization_session02_BCA_normalization_fp16x2_b1_r2_treatment_1785246431782,13,183170.59295896901,183170.59437412801,183170.59366654849,0.0014151590003166348,3.274846025480656,10388266800,true,true,5dff3859ad319cb37301e68cfc6fde00723e3a42110ca93adb44c05e97098167
softmax_whole_stage_atc_trace_v1,softmax_whole_stage_operand_rate_atc,softmax_whole_stage_operand_rate_atc_v2,20260728_operand_rate_v2_final_normalization_session02_BCA,normalization,fp16x2,20260728_operand_rate_v2_final_normalization_session02_BCA_normalization_fp16x2,1,2,20260728_operand_rate_v2_final_normalization_session02_BCA_normalization_fp16x2_b1_r2_treatment,treatment,treatment,20260728_operand_rate_v2_final_normalization_session02_BCA_normalization_fp16x2_b1_r2_treatment_1785246431782,14,183170.84451515999,183170.84657174101,183170.8455434505,0.0020565810264088213,3.5267229274904821,10388334319,true,true,5dff3859ad319cb37301e68cfc6fde00723e3a42110ca93adb44c05e97098167
softmax_whole_stage_atc_trace_v1,softmax_whole_stage_operand_rate_atc,softmax_whole_stage_operand_rate_atc_v2,20260728_operand_rate_v2_final_normalization_session02_BCA,normalization,fp16x2,20260728_operand_rate_v2_final_normalization_session02_BCA_normalization_fp16x2,1,2,20260728_operand_rate_v2_final_normalization_session02_BCA_normalization_fp16x2_b1_r2_treatment,treatment,treatment,20260728_operand_rate_v2_final_normalization_session02_BCA_normalization_fp16x2_b1_r2_treatment_1785246431782,15,183171.096760641,183171.09820109399,183171.09748086749,0.0014404529938474298,3.7786603444837965,10388380531,true,true,5dff3859ad319cb37301e68cfc6fde00723e3a42110ca93adb44c05e97098167
softmax_whole_stage_atc_trace_v1,softmax_whole_stage_operand_rate_atc,softmax_whole_stage_operand_rate_atc_v2,20260728_operand_rate_v2_final_normalization_session02_BCA,normalization,fp16x2,20260728_operand_rate_v2_final_normalization_session02_BCA_normalization_fp16x2,1,2,20260728_operand_rate_v2_final_normalization_session02_BCA_normalization_fp16x2_b1_r2_treatment,treatment,treatment,20260728_operand_rate_v2_final_normalization_session02_BCA_normalization_fp16x2_b1_r2_treatment_1785246431782,16,183171.35024442399,183171.35160244501,183171.35092343448,0.0013580210215877742,4.0321029114711564,10388448271,true,true,5dff3859ad319cb37301e68cfc6fde00723e3a42110ca93adb44c05e97098167
softmax_whole_stage_atc_trace_v1,softmax_whole_stage_operand_rate_atc,softmax_whole_stage_operand_rate_atc_v2,20260728_operand_rate_v2_final_normalization_session02_BCA,normalization,fp16x2,20260728_operand_rate_v2_final_normalization_session02_BCA_normalization_fp16x2,1,2,20260728_operand_rate_v2_final_normalization_session02_BCA_normalization_fp16x2_b1_r2_treatment,treatment,treatment,20260728_operand_rate_v2_final_normalization_session02_BCA_normalization_fp16x2_b1_r2_treatment_1785246431782,17,183171.60315957901,183171.60461190299,183171.603885741,0.0014523239806294441,4.2850652179913595,10388494228,true,true,5dff3859ad319cb37301e68cfc6fde00723e3a42110ca93adb44c05e97098167
softmax_whole_stage_atc_trace_v1,softmax_whole_stage_operand_rate_atc,softmax_whole_stage_operand_rate_atc_v2,20260728_operand_rate_v2_final_normalization_session02_BCA,normalization,fp16x2,20260728_operand_rate_v2_final_normalization_session02_BCA_normalization_fp16x2,1,2,20260728_operand_rate_v2_final_normalization_session02_BCA_normalization_fp16x2_b1_r2_treatment,treatment,treatment,20260728_operand_rate_v2_final_normalization_session02_BCA_normalization_fp16x2_b1_r2_treatment_1785246431782,18,183171.85570826,183171.85706932901,183171.85638879449,0.001361069007543847,4.5375682714802679,10388561371,true,true,5dff3859ad319cb37301e68cfc6fde00723e3a42110ca93adb44c05e97098167
softmax_whole_stage_atc_trace_v1,softmax_whole_stage_operand_rate_atc,softmax_whole_stage_operand_rate_atc_v2,20260728_operand_rate_v2_final_normalization_session02_BCA,normalization,fp16x2,20260728_operand_rate_v2_final_normalization_session02_BCA_normalization_fp16x2,1,2,20260728_operand_rate_v2_final_normalization_session02_BCA_normalization_fp16x2_b1_r2_treatment,treatment,treatment,20260728_operand_rate_v2_final_normalization_session02_BCA_normalization_fp16x2_b1_r2_treatment_1785246431782,19,183172.10929755599,183172.11072618401,183172.11001186998,0.0014286280202213675,4.7911913469724823,10388607034,true,true,5dff3859ad319cb37301e68cfc6fde00723e3a42110ca93adb44c05e97098167
softmax_whole_stage_atc_trace_v1,softmax_whole_stage_operand_rate_atc,softmax_whole_stage_operand_rate_atc_v2,20260728_operand_rate_v2_final_normalization_session02_BCA,normalization,fp16x2,20260728_operand_rate_v2_final_normalization_session02_BCA_normalization_fp16x2,1,2,20260728_operand_rate_v2_final_normalization_session02_BCA_normalization_fp16x2_b1_r2_treatment,treatment,treatment,20260728_operand_rate_v2_final_normalization_session02_BCA_normalization_fp16x2_b1_r2_treatment_1785246431782,20,183172.362755062,183172.364180362,183172.36346771201,0.00142529999720864,5.0446471890027169,10388673686,true,true,5dff3859ad319cb37301e68cfc6fde00723e3a42110ca93adb44c05e97098167
softmax_whole_stage_atc_trace_v1,softmax_whole_stage_operand_rate_atc,softmax_whole_stage_operand_rate_atc_v2,20260728_operand_rate_v2_final_normalization_session02_BCA,normalization,fp16x2,20260728_operand_rate_v2_final_normalization_session02_BCA_normalization_fp16x2,1,2,20260728_operand_rate_v2_final_normalization_session02_BCA_normalization_fp16x2_b1_r2_treatment,treatment,treatment,20260728_operand_rate_v2_final_normalization_session02_BCA_normalization_fp16x2_b1_r2_treatment_1785246431782,21,183172.616136105,183172.62019889499,183172.61816750001,0.0040627899870742112,5.2993469770008232,10388718593,true,true,5dff3859ad319cb37301e68cfc6fde00723e3a42110ca93adb44c05e97098167
softmax_whole_stage_atc_trace_v1,softmax_whole_stage_operand_rate_atc,softmax_whole_stage_operand_rate_atc_v2,20260728_operand_rate_v2_final_normalization_session02_BCA,normalization,fp16x2,20260728_operand_rate_v2_final_normalization_session02_BCA_normalization_fp16x2,1,2,20260728_operand_rate_v2_final_normalization_session02_BCA_normalization_fp16x2_b1_r2_treatment,treatment,treatment,20260728_operand_rate_v2_final_normalization_session02_BCA_normalization_fp16x2_b1_r2_treatment_1785246431782,22,183172.87256555801,183172.87397689099,183172.8732712245,0.0014113329816609621,5.5544507014856208,10388788743,true,true,5dff3859ad319cb37301e68cfc6fde00723e3a42110ca93adb44c05e97098167
softmax_whole_stage_atc_trace_v1,softmax_whole_stage_operand_rate_atc,softmax_whole_stage_operand_rate_atc_v2,20260728_operand_rate_v2_final_normalization_session02_BCA,normalization,fp16x2,20260728_operand_rate_v2_final_normalization_session02_BCA_normalization_fp16x2,1,2,20260728_operand_rate_v2_final_normalization_session02_BCA_normalization_fp16x2_b1_r2_treatment,treatment,treatment,20260728_operand_rate_v2_final_normalization_session02_BCA_normalization_fp16x2_b1_r2_treatment_1785246431782,23,183173.12633679499,183173.12771523799,183173.12702601647,0.0013784430047962815,5.8082054934639018,10388832286,true,true,5dff3859ad319cb37301e68cfc6fde00723e3a42110ca93adb44c05e97098167
softmax_whole_stage_atc_trace_v1,softmax_whole_stage_operand_rate_atc,softmax_whole_stage_operand_rate_atc_v2,20260728_operand_rate_v2_final_normalization_session02_BCA,normalization,fp16x2,20260728_operand_rate_v2_final_normalization_session02_BCA_normalization_fp16x2,1,2,20260728_operand_rate_v2_final_normalization_session02_BCA_normalization_fp16x2_b1_r2_treatment,treatment,treatment,20260728_operand_rate_v2_final_normalization_session02_BCA_normalization_fp16x2_b1_r2_treatment_1785246431782,24,183173.38014092101,183173.381503727,183173.38082232402,0.0013628059823531657,6.0620018010085914,10388901547,true,true,5dff3859ad319cb37301e68cfc6fde00723e3a42110ca93adb44c05e97098167
softmax_whole_stage_atc_trace_v1,softmax_whole_stage_operand_rate_atc,softmax_whole_stage_operand_rate_atc_v2,20260728_operand_rate_v2_final_normalization_session02_BCA,normalization,fp16x2,20260728_operand_rate_v2_final_normalization_session02_BCA_normalization_fp16x2,1,2,20260728_operand_rate_v2_final_normalization_session02_BCA_normalization_fp16x2_b1_r2_treatment,treatment,treatment,20260728_operand_rate_v2_final_normalization_session02_BCA_normalization_fp16x2_b1_r2_treatment_1785246431782,25,183173.63353766399,183173.63490968599,183173.63422367501,0.001372022001305595,6.3154031519952696,10388944280,true,true,5dff3859ad319cb37301e68cfc6fde00723e3a42110ca93adb44c05e97098167
softmax_whole_stage_atc_trace_v1,softmax_whole_stage_operand_rate_atc,softmax_whole_stage_operand_rate_atc_v2,20260728_operand_rate_v2_final_normalization_session02_BCA,normalization,fp16x2,20260728_operand_rate_v2_final_normalization_session02_BCA_normalization_fp16x2,1,2,20260728_operand_rate_v2_final_normalization_session02_BCA_normalization_fp16x2_b1_r2_treatment,treatment,treatment,20260728_operand_rate_v2_final_normalization_session02_BCA_normalization_fp16x2_b1_r2_treatment_1785246431782,26,183173.88588995501,183173.89081875701,183173.88835435599,0.0049288019945379347,6.5695338329824153,10389012757,true,true,5dff3859ad319cb37301e68cfc6fde00723e3a42110ca93adb44c05e97098167
softmax_whole_stage_atc_trace_v1,softmax_whole_stage_operand_rate_atc,softmax_whole_stage_operand_rate_atc_v2,20260728_operand_rate_v2_final_normalization_session02_BCA,normalization,fp16x2,20260728_operand_rate_v2_final_normalization_session02_BCA_normalization_fp16x2,1,2,20260728_operand_rate_v2_final_normalization_session02_BCA_normalization_fp16x2_b1_r2_treatment,treatment,treatment,20260728_operand_rate_v2_final_normalization_session02_BCA_normalization_fp16x2_b1_r2_treatment_1785246431782,27,183174.14335720599,183174.144757345,183174.14405727549,0.0014001390081830323,6.8252367524837609,10389059067,true,true,5dff3859ad319cb37301e68cfc6fde00723e3a42110ca93adb44c05e97098167
softmax_whole_stage_atc_trace_v1,softmax_whole_stage_operand_rate_atc,softmax_whole_stage_operand_rate_atc_v2,20260728_operand_rate_v2_final_normalization_session02_BCA,normalization,fp16x2,20260728_operand_rate_v2_final_normalization_session02_BCA_normalization_fp16x2,1,2,20260728_operand_rate_v2_final_normalization_session02_BCA_normalization_fp16x2_b1_r2_treatment,treatment,treatment,20260728_operand_rate_v2_final_normalization_session02_BCA_normalization_fp16x2_b1_r2_treatment_1785246431782,28,183174.39723108499,183174.39864566,183174.39793837251,0.00141457500285469,7.0791178494982887,10389126098,true,true,5dff3859ad319cb37301e68cfc6fde00723e3a42110ca93adb44c05e97098167
softmax_whole_stage_atc_trace_v1,softmax_whole_stage_operand_rate_atc,softmax_whole_stage_operand_rate_atc_v2,20260728_operand_rate_v2_final_normalization_session02_BCA,normalization,fp16x2,20260728_operand_rate_v2_final_normalization_session02_BCA_normalization_fp16x2,1,2,20260728_operand_rate_v2_final_normalization_session02_BCA_normalization_fp16x2_b1_r2_treatment,treatment,treatment,20260728_operand_rate_v2_final_normalization_session02_BCA_normalization_fp16x2_b1_r2_treatment_1785246431782,29,183174.65099632801,183174.65236219901,183174.65167926351,0.0013658709940500557,7.3328587404976133,10389171527,true,true,5dff3859ad319cb37301e68cfc6fde00723e3a42110ca93adb44c05e97098167
softmax_whole_stage_atc_trace_v1,softmax_whole_stage_operand_rate_atc,softmax_whole_stage_operand_rate_atc_v2,20260728_operand_rate_v2_final_normalization_session02_BCA,normalization,fp16x2,20260728_operand_rate_v2_final_normalization_session02_BCA_normalization_fp16x2,1,2,20260728_operand_rate_v2_final_normalization_session02_BCA_normalization_fp16x2_b1_r2_treatment,treatment,treatment,20260728_operand_rate_v2_final_normalization_session02_BCA_normalization_fp16x2_b1_r2_treatment_1785246431782,30,183174.90495569599,183174.90642932101,183174.9056925085,0.0014736250159330666,7.586871985491598,10389238017,true,true,5dff3859ad319cb37301e68cfc6fde00723e3a42110ca93adb44c05e97098167
softmax_whole_stage_atc_trace_v1,softmax_whole_stage_operand_rate_atc,softmax_whole_stage_operand_rate_atc_v2,20260728_operand_rate_v2_final_normalization_session02_BCA,normalization,fp16x2,20260728_operand_rate_v2_final_normalization_session02_BCA_normalization_fp16x2,1,2,20260728_operand_rate_v2_final_normalization_session02_BCA_normalization_fp16x2_b1_r2_treatment,treatment,treatment,20260728_operand_rate_v2_final_normalization_session02_BCA_normalization_fp16x2_b1_r2_treatment_1785246431782,31,183175.15903867301,183175.16247905101,183175.16075886201,0.003440378000959754,7.8419383389991708,10389282812,true,true,5dff3859ad319cb37301e68cfc6fde00723e3a42110ca93adb44c05e97098167
softmax_whole_stage_atc_trace_v1,softmax_whole_stage_operand_rate_atc,softmax_whole_stage_operand_rate_atc_v2,20260728_operand_rate_v2_final_normalization_session02_BCA,normalization,fp16x2,20260728_operand_rate_v2_final_normalization_session02_BCA_normalization_fp16x2,1,2,20260728_operand_rate_v2_final_normalization_session02_BCA_normalization_fp16x2_b1_r2_treatment,treatment,treatment,20260728_operand_rate_v2_final_normalization_session02_BCA_normalization_fp16x2_b1_r2_treatment_1785246431782,32,183175.41260620399,183175.41416809399,183175.41338714899,0.0015618900069966912,8.0945666259794962,10389352893,true,true,5dff3859ad319cb37301e68cfc6fde00723e3a42110ca93adb44c05e97098167
softmax_whole_stage_atc_trace_v1,softmax_whole_stage_operand_rate_atc,softmax_whole_stage_operand_rate_atc_v2,20260728_operand_rate_v2_final_normalization_session02_BCA,normalization,fp16x2,20260728_operand_rate_v2_final_normalization_session02_BCA_normalization_fp16x2,1,2,20260728_operand_rate_v2_final_normalization_session02_BCA_normalization_fp16x2_b1_r2_treatment,treatment,treatment,20260728_operand_rate_v2_final_normalization_session02_BCA_normalization_fp16x2_b1_r2_treatment_1785246431782,33,183175.66676723599,183175.66818239001,183175.667474813,0.0014151540235616267,8.3486542899918277,10389397163,true,true,5dff3859ad319cb37301e68cfc6fde00723e3a42110ca93adb44c05e97098167
softmax_whole_stage_atc_trace_v1,softmax_whole_stage_operand_rate_atc,softmax_whole_stage_operand_rate_atc_v2,20260728_operand_rate_v2_final_normalization_session02_BCA,normalization,fp16x2,20260728_operand_rate_v2_final_normalization_session02_BCA_normalization_fp16x2,1,2,20260728_operand_rate_v2_final_normalization_session02_BCA_normalization_fp16x2_b1_r2_treatment,treatment,treatment,20260728_operand_rate_v2_final_normalization_session02_BCA_normalization_fp16x2_b1_r2_treatment_1785246431782,34,183175.918988341,183175.92039591799,183175.91969212948,0.0014075769868213683,8.6008716064679902,10389467139,true,true,5dff3859ad319cb37301e68cfc6fde00723e3a42110ca93adb44c05e97098167
softmax_whole_stage_atc_trace_v1,softmax_whole_stage_operand_rate_atc,softmax_whole_stage_operand_rate_atc_v2,20260728_operand_rate_v2_final_normalization_session02_BCA,normalization,fp16x2,20260728_operand_rate_v2_final_normalization_session02_BCA_normalization_fp16x2,1,2,20260728_operand_rate_v2_final_normalization_session02_BCA_normalization_fp16x2_b1_r2_treatment,treatment,treatment,20260728_operand_rate_v2_final_normalization_session02_BCA_normalization_fp16x2_b1_r2_treatment_1785246431782,35,183176.17083282501,183176.17222302599,183176.1715279255,0.0013902009814046323,8.8527074024896137,10389511106,true,true,5dff3859ad319cb37301e68cfc6fde00723e3a42110ca93adb44c05e97098167
softmax_whole_stage_atc_trace_v1,softmax_whole_stage_operand_rate_atc,softmax_whole_stage_operand_rate_atc_v2,20260728_operand_rate_v2_final_normalization_session02_BCA,normalization,fp16x2,20260728_operand_rate_v2_final_normalization_session02_BCA_normalization_fp16x2,1,2,20260728_operand_rate_v2_final_normalization_session02_BCA_normalization_fp16x2_b1_r2_treatment,treatment,treatment,20260728_operand_rate_v2_final_normalization_session02_BCA_normalization_fp16x2_b1_r2_treatment_1785246431782,36,183176.42234675601,183176.423676645,183176.42301170051,0.0013298889971338212,9.1041911774955224,10389581435,true,true,5dff3859ad319cb37301e68cfc6fde00723e3a42110ca93adb44c05e97098167
softmax_whole_stage_atc_trace_v1,softmax_whole_stage_operand_rate_atc,softmax_whole_stage_operand_rate_atc_v2,20260728_operand_rate_v2_final_normalization_session02_BCA,normalization,fp16x2,20260728_operand_rate_v2_final_normalization_session02_BCA_normalization_fp16x2,1,2,20260728_operand_rate_v2_final_normalization_session02_BCA_normalization_fp16x2_b1_r2_treatment,treatment,treatment,20260728_operand_rate_v2_final_normalization_session02_BCA_normalization_fp16x2_b1_r2_treatment_1785246431782,37,183176.676464057,183176.67792775601,183176.67719590652,0.0014636990090366453,9.3583753835118841,10389625851,true,true,5dff3859ad319cb37301e68cfc6fde00723e3a42110ca93adb44c05e97098167
softmax_whole_stage_atc_trace_v1,softmax_whole_stage_operand_rate_atc,softmax_whole_stage_operand_rate_atc_v2,20260728_operand_rate_v2_final_normalization_session02_BCA,normalization,fp16x2,20260728_operand_rate_v2_final_normalization_session02_BCA_normalization_fp16x2,1,2,20260728_operand_rate_v2_final_normalization_session02_BCA_normalization_fp16x2_b1_r2_treatment,treatment,treatment,20260728_operand_rate_v2_final_normalization_session02_BCA_normalization_fp16x2_b1_r2_treatment_1785246431782,38,183176.928132428,183176.92960380801,183176.928868118,0.0014713800046592951,9.6100475949933752,10389695917,true,true,5dff3859ad319cb37301e68cfc6fde00723e3a42110ca93adb44c05e97098167
softmax_whole_stage_atc_trace_v1,softmax_whole_stage_operand_rate_atc,softmax_whole_stage_operand_rate_atc_v2,20260728_operand_rate_v2_final_normalization_session02_BCA,normalization,fp16x2,20260728_operand_rate_v2_final_normalization_session02_BCA_normalization_fp16x2,1,2,20260728_operand_rate_v2_final_normalization_session02_BCA_normalization_fp16x2_b1_r2_treatment,treatment,treatment,20260728_operand_rate_v2_final_normalization_session02_BCA_normalization_fp16x2_b1_r2_treatment_1785246431782,39,183177.182210689,183177.18363113599,183177.18292091251,0.0014204469916876405,9.8641003895027097,10389740039,true,true,5dff3859ad319cb37301e68cfc6fde00723e3a42110ca93adb44c05e97098167
softmax_whole_stage_atc_trace_v1,softmax_whole_stage_operand_rate_atc,softmax_whole_stage_operand_rate_atc_v2,20260728_operand_rate_v2_final_normalization_session02_BCA,normalization,fp16x2,20260728_operand_rate_v2_final_normalization_session02_BCA_normalization_fp16x2,1,2,20260728_operand_rate_v2_final_normalization_session02_BCA_normalization_fp16x2_b1_r2_treatment,treatment,treatment,20260728_operand_rate_v2_final_normalization_session02_BCA_normalization_fp16x2_b1_r2_treatment_1785246431782,40,183177.43409491601,183177.43557286501,183177.43483389053,0.001477949001127854,10.116013367514824,10389809864,true,true,5dff3859ad319cb37301e68cfc6fde00723e3a42110ca93adb44c05e97098167
softmax_whole_stage_atc_trace_v1,softmax_whole_stage_operand_rate_atc,softmax_whole_stage_operand_rate_atc_v2,20260728_operand_rate_v2_final_normalization_session02_BCA,normalization,fp16x2,20260728_operand_rate_v2_final_normalization_session02_BCA_normalization_fp16x2,1,2,20260728_operand_rate_v2_final_normalization_session02_BCA_normalization_fp16x2_b1_r2_treatment,treatment,treatment,20260728_operand_rate_v2_final_normalization_session02_BCA_normalization_fp16x2_b1_r2_treatment_1785246431782,41,183177.68842569701,183177.68986998399,183177.68914784049,0.0014442869869526476,10.37032731747604,10389853666,true,true,5dff3859ad319cb37301e68cfc6fde00723e3a42110ca93adb44c05e97098167
softmax_whole_stage_atc_trace_v1,softmax_whole_stage_operand_rate_atc,softmax_whole_stage_operand_rate_atc_v2,20260728_operand_rate_v2_final_normalization_session02_BCA,normalization,fp16x2,20260728_operand_rate_v2_final_normalization_session02_BCA_normalization_fp16x2,1,2,20260728_operand_rate_v2_final_normalization_session02_BCA_normalization_fp16x2_b1_r2_treatment,treatment,treatment,20260728_operand_rate_v2_final_normalization_session02_BCA_normalization_fp16x2_b1_r2_treatment_1785246431782,42,183177.94044695099,183177.94181077601,183177.94112886349,0.0013638250238727778,10.622308340476593,10389923099,true,true,5dff3859ad319cb37301e68cfc6fde00723e3a42110ca93adb44c05e97098167
softmax_whole_stage_atc_trace_v1,softmax_whole_stage_operand_rate_atc,softmax_whole_stage_operand_rate_atc_v2,20260728_operand_rate_v2_final_normalization_session02_BCA,normalization,fp16x2,20260728_operand_rate_v2_final_normalization_session02_BCA_normalization_fp16x2,1,2,20260728_operand_rate_v2_final_normalization_session02_BCA_normalization_fp16x2_b1_r2_treatment,treatment,treatment,20260728_operand_rate_v2_final_normalization_session02_BCA_normalization_fp16x2_b1_r2_treatment_1785246431782,43,183178.193812521,183178.19527156599,183178.19454204349,0.0014590449864044785,10.87572152048233,10389966631,true,true,5dff3859ad319cb37301e68cfc6fde00723e3a42110ca93adb44c05e97098167
softmax_whole_stage_atc_trace_v1,softmax_whole_stage_operand_rate_atc,softmax_whole_stage_operand_rate_atc_v2,20260728_operand_rate_v2_final_normalization_session02_BCA,normalization,fp16x2,20260728_operand_rate_v2_final_normalization_session02_BCA_normalization_fp16x2,1,2,20260728_operand_rate_v2_final_normalization_session02_BCA_normalization_fp16x2_b1_r2_treatment,treatment,treatment,20260728_operand_rate_v2_final_normalization_session02_BCA_normalization_fp16x2_b1_r2_treatment_1785246431782,44,183178.44586116899,183178.447223578,183178.44654237351,0.0013624090061057359,11.127721850498347,10390035961,true,true,5dff3859ad319cb37301e68cfc6fde00723e3a42110ca93adb44c05e97098167
softmax_whole_stage_atc_trace_v1,softmax_whole_stage_operand_rate_atc,softmax_whole_stage_operand_rate_atc_v2,20260728_operand_rate_v2_final_normalization_session02_BCA,normalization,fp16x2,20260728_operand_rate_v2_final_normalization_session02_BCA_normalization_fp16x2,1,2,20260728_operand_rate_v2_final_normalization_session02_BCA_normalization_fp16x2_b1_r2_treatment,treatment,treatment,20260728_operand_rate_v2_final_normalization_session02_BCA_normalization_fp16x2_b1_r2_treatment_1785246431782,45,183178.69870376299,183178.70009693201,183178.69940034748,0.0013931690191384405,11.380579824472079,10390079465,true,true,5dff3859ad319cb37301e68cfc6fde00723e3a42110ca93adb44c05e97098167
softmax_whole_stage_atc_trace_v1,softmax_whole_stage_operand_rate_atc,softmax_whole_stage_operand_rate_atc_v2,20260728_operand_rate_v2_final_normalization_session02_BCA,normalization,fp16x2,20260728_operand_rate_v2_final_normalization_session02_BCA_normalization_fp16x2,1,2,20260728_operand_rate_v2_final_normalization_session02_BCA_normalization_fp16x2_b1_r2_treatment,treatment,treatment,20260728_operand_rate_v2_final_normalization_session02_BCA_normalization_fp16x2_b1_r2_treatment_1785246431782,46,183178.950283215,183178.951718041,183178.951000628,0.0014348260010592639,11.632180104992585,10390148965,true,true,5dff3859ad319cb37301e68cfc6fde00723e3a42110ca93adb44c05e97098167
softmax_whole_stage_atc_trace_v1,softmax_whole_stage_operand_rate_atc,softmax_whole_stage_operand_rate_atc_v2,20260728_operand_rate_v2_final_normalization_session02_BCA,normalization,fp16x2,20260728_operand_rate_v2_final_normalization_session02_BCA_normalization_fp16x2,1,2,20260728_operand_rate_v2_final_normalization_session02_BCA_normalization_fp16x2_b1_r2_treatment,treatment,treatment,20260728_operand_rate_v2_final_normalization_session02_BCA_normalization_fp16x2_b1_r2_treatment_1785246431782,47,183179.20186479099,183179.20350607901,183179.20268543501,0.0016412880213465542,11.883864912000718,10390192761,true,true,5dff3859ad319cb37301e68cfc6fde00723e3a42110ca93adb44c05e97098167
softmax_whole_stage_atc_trace_v1,softmax_whole_stage_operand_rate_atc,softmax_whole_stage_operand_rate_atc_v2,20260728_operand_rate_v2_final_normalization_session02_BCA,normalization,fp16x2,20260728_operand_rate_v2_final_normalization_session02_BCA_normalization_fp16x2,1,2,20260728_operand_rate_v2_final_normalization_session02_BCA_normalization_fp16x2_b1_r2_treatment,treatment,treatment,20260728_operand_rate_v2_final_normalization_session02_BCA_normalization_fp16x2_b1_r2_treatment_1785246431782,48,183179.45368457699,183179.45500201601,183179.4543432965,0.0013174390187487006,12.135522773489356,10390262770,true,true,5dff3859ad319cb37301e68cfc6fde00723e3a42110ca93adb44c05e97098167
softmax_whole_stage_atc_trace_v1,softmax_whole_stage_operand_rate_atc,softmax_whole_stage_operand_rate_atc_v2,20260728_operand_rate_v2_final_normalization_session02_BCA,normalization,fp16x2,20260728_operand_rate_v2_final_normalization_session02_BCA_normalization_fp16x2,1,2,20260728_operand_rate_v2_final_normalization_session02_BCA_normalization_fp16x2_b1_r2_treatment,treatment,treatment,20260728_operand_rate_v2_final_normalization_session02_BCA_normalization_fp16x2_b1_r2_treatment_1785246431782,49,183179.705176155,183179.70897669499,183179.70707642499,0.0038005399983376265,12.388255901983939,10390307070,true,true,5dff3859ad319cb37301e68cfc6fde00723e3a42110ca93adb44c05e97098167
softmax_whole_stage_atc_trace_v1,softmax_whole_stage_operand_rate_atc,softmax_whole_stage_operand_rate_atc_v2,20260728_operand_rate_v2_final_normalization_session02_BCA,normalization,fp16x2,20260728_operand_rate_v2_final_normalization_session02_BCA_normalization_fp16x2,1,2,20260728_operand_rate_v2_final_normalization_session02_BCA_normalization_fp16x2_b1_r2_treatment,treatment,treatment,20260728_operand_rate_v2_final_normalization_session02_BCA_normalization_fp16x2_b1_r2_treatment_1785246431782,50,183179.95911906901,183179.960596669,183179.95985786902,0.0014775999879930168,12.641037346009398,10390377173,true,true,5dff3859ad319cb37301e68cfc6fde00723e3a42110ca93adb44c05e97098167
softmax_whole_stage_atc_trace_v1,softmax_whole_stage_operand_rate_atc,softmax_whole_stage_operand_rate_atc_v2,20260728_operand_rate_v2_final_normalization_session02_BCA,normalization,fp16x2,20260728_operand_rate_v2_final_normalization_session02_BCA_normalization_fp16x2,1,2,20260728_operand_rate_v2_final_normalization_session02_BCA_normalization_fp16x2_b1_r2_treatment,treatment,treatment,20260728_operand_rate_v2_final_normalization_session02_BCA_normalization_fp16x2_b1_r2_treatment_1785246431782,51,183180.210831476,183180.21451885201,183180.21267516399,0.0036873760109301656,12.893854640977224,10390421540,true,true,5dff3859ad319cb37301e68cfc6fde00723e3a42110ca93adb44c05e97098167
softmax_whole_stage_atc_trace_v1,softmax_whole_stage_operand_rate_atc,softmax_whole_stage_operand_rate_atc_v2,20260728_operand_rate_v2_final_normalization_session02_BCA,normalization,fp16x2,20260728_operand_rate_v2_final_normalization_session02_BCA_normalization_fp16x2,1,2,20260728_operand_rate_v2_final_normalization_session02_BCA_normalization_fp16x2_b1_r2_treatment,treatment,treatment,20260728_operand_rate_v2_final_normalization_session02_BCA_normalization_fp16x2_b1_r2_treatment_1785246431782,52,183180.46471290401,183180.46614246801,183180.46542768599,0.001429563999408856,13.146607162983855,10390491825,true,false,5dff3859ad319cb37301e68cfc6fde00723e3a42110ca93adb44c05e97098167
softmax_whole_stage_atc_trace_v1,softmax_whole_stage_operand_rate_atc,softmax_whole_stage_operand_rate_atc_v2,20260728_operand_rate_v2_final_normalization_session02_BCA,normalization,fp16x2,20260728_operand_rate_v2_final_normalization_session02_BCA_normalization_fp16x2,1,2,20260728_operand_rate_v2_final_normalization_session02_BCA_normalization_fp16x2_b1_r2_treatment,treatment,treatment,20260728_operand_rate_v2_final_normalization_session02_BCA_normalization_fp16x2_b1_r2_treatment_1785246431782,53,183180.71625874701,183180.720022558,183180.71814065252,0.003763810993405059,13.399320129508851,10390536226,true,false,5dff3859ad319cb37301e68cfc6fde00723e3a42110ca93adb44c05e97098167
softmax_whole_stage_atc_trace_v1,softmax_whole_stage_operand_rate_atc,softmax_whole_stage_operand_rate_atc_v2,20260728_operand_rate_v2_final_normalization_session02_BCA,normalization,fp16x2,20260728_operand_rate_v2_final_normalization_session02_BCA_normalization_fp16x2,1,2,20260728_operand_rate_v2_final_normalization_session02_BCA_normalization_fp16x2_b1_r2_treatment,treatment,treatment,20260728_operand_rate_v2_final_normalization_session02_BCA_normalization_fp16x2_b1_r2_treatment_1785246431782,54,183180.97043953199,183180.97296124799,183180.97170038999,0.002521716000046581,13.652879866975127,10390596567,true,false,5dff3859ad319cb37301e68cfc6fde00723e3a42110ca93adb44c05e97098167
softmax_whole_stage_atc_trace_v1,softmax_whole_stage_operand_rate_atc,softmax_whole_stage_operand_rate_atc_v2,20260728_operand_rate_v2_final_normalization_session02_BCA,normalization,fp16x2,20260728_operand_rate_v2_final_normalization_session02_BCA_normalization_fp16x2,1,2,20260728_operand_rate_v2_final_normalization_session02_BCA_normalization_fp16x2_b1_r2_treatment,treatment,treatment,20260728_operand_rate_v2_final_normalization_session02_BCA_normalization_fp16x2_b1_r2_treatment_1785246431782,55,183180.97298400599,183180.97494263199,183180.97396331897,0.0019586260023061186,13.655142795963911,10390596567,false,false,5dff3859ad319cb37301e68cfc6fde00723e3a42110ca93adb44c05e97098167
softmax_whole_stage_atc_trace_v1,softmax_whole_stage_operand_rate_atc,softmax_whole_stage_operand_rate_atc_v2,20260728_operand_rate_v2_final_normalization_session02_BCA,normalization,fp32,20260728_operand_rate_v2_final_normalization_session02_BCA_normalization_fp32,0,0,20260728_operand_rate_v2_final_normalization_session02_BCA_normalization_fp32_b0_r0_control,control,control,20260728_operand_rate_v2_final_normalization_session02_BCA_normalization_fp32_b0_r0_control_1785246446477,0,183182.017805649,183182.01908328399,183182.01844446649,0.001277634990401566,0.00068877849844284356,10390729636,false,false,5dff3859ad319cb37301e68cfc6fde00723e3a42110ca93adb44c05e97098167
softmax_whole_stage_atc_trace_v1,softmax_whole_stage_operand_rate_atc,softmax_whole_stage_operand_rate_atc_v2,20260728_operand_rate_v2_final_normalization_session02_BCA,normalization,fp32,20260728_operand_rate_v2_final_normalization_session02_BCA_normalization_fp32,0,0,20260728_operand_rate_v2_final_normalization_session02_BCA_normalization_fp32_b0_r0_control,control,control,20260728_operand_rate_v2_final_normalization_session02_BCA_normalization_fp32_b0_r0_control_1785246446477,1,183182.27154515,183182.27289327601,183182.27221921302,0.0013481260102707893,0.25446352502331138,10390788472,true,false,5dff3859ad319cb37301e68cfc6fde00723e3a42110ca93adb44c05e97098167
softmax_whole_stage_atc_trace_v1,softmax_whole_stage_operand_rate_atc,softmax_whole_stage_operand_rate_atc_v2,20260728_operand_rate_v2_final_normalization_session02_BCA,normalization,fp32,20260728_operand_rate_v2_final_normalization_session02_BCA_normalization_fp32,0,0,20260728_operand_rate_v2_final_normalization_session02_BCA_normalization_fp32_b0_r0_control,control,control,20260728_operand_rate_v2_final_normalization_session02_BCA_normalization_fp32_b0_r0_control_1785246446477,2,183182.523608141,183182.527618233,183182.525613187,0.0040100920014083385,0.507857499003876,10390831641,true,false,5dff3859ad319cb37301e68cfc6fde00723e3a42110ca93adb44c05e97098167
softmax_whole_stage_atc_trace_v1,softmax_whole_stage_operand_rate_atc,softmax_whole_stage_operand_rate_atc_v2,20260728_operand_rate_v2_final_normalization_session02_BCA,normalization,fp32,20260728_operand_rate_v2_final_normalization_session02_BCA_normalization_fp32,0,0,20260728_operand_rate_v2_final_normalization_session02_BCA_normalization_fp32_b0_r0_control,control,control,20260728_operand_rate_v2_final_normalization_session02_BCA_normalization_fp32_b0_r0_control_1785246446477,3,183182.780668614,183182.78271546299,183182.78169203849,0.0020468489965423942,0.76393635050044395,10390901629,true,true,5dff3859ad319cb37301e68cfc6fde00723e3a42110ca93adb44c05e97098167
softmax_whole_stage_atc_trace_v1,softmax_whole_stage_operand_rate_atc,softmax_whole_stage_operand_rate_atc_v2,20260728_operand_rate_v2_final_normalization_session02_BCA,normalization,fp32,20260728_operand_rate_v2_final_normalization_session02_BCA_normalization_fp32,0,0,20260728_operand_rate_v2_final_normalization_session02_BCA_normalization_fp32_b0_r0_control,control,control,20260728_operand_rate_v2_final_normalization_session02_BCA_normalization_fp32_b0_r0_control_1785246446477,4,183183.03342380101,183183.03486153099,183183.034142666,0.0014377299812622368,1.0163869780080859,10390948840,true,true,5dff3859ad319cb37301e68cfc6fde00723e3a42110ca93adb44c05e97098167
softmax_whole_stage_atc_trace_v1,softmax_whole_stage_operand_rate_atc,softmax_whole_stage_operand_rate_atc_v2,20260728_operand_rate_v2_final_normalization_session02_BCA,normalization,fp32,20260728_operand_rate_v2_final_normalization_session02_BCA_normalization_fp32,0,0,20260728_operand_rate_v2_final_normalization_session02_BCA_normalization_fp32_b0_r0_control,control,control,20260728_operand_rate_v2_final_normalization_session02_BCA_normalization_fp32_b0_r0_control_1785246446477,5,183183.28790509401,183183.28932249299,183183.2886137935,0.0014173989766277373,1.2708581055048853,10391017937,true,true,5dff3859ad319cb37301e68cfc6fde00723e3a42110ca93adb44c05e97098167
softmax_whole_stage_atc_trace_v1,softmax_whole_stage_operand_rate_atc,softmax_whole_stage_operand_rate_atc_v2,20260728_operand_rate_v2_final_normalization_session02_BCA,normalization,fp32,20260728_operand_rate_v2_final_normalization_session02_BCA_normalization_fp32,0,0,20260728_operand_rate_v2_final_normalization_session02_BCA_normalization_fp32_b0_r0_control,control,control,20260728_operand_rate_v2_final_normalization_session02_BCA_normalization_fp32_b0_r0_control_1785246446477,6,183183.53999426399,183183.54146757699,183183.5407309205,0.00147331299376674,1.5229752325103618,10391064990,true,true,5dff3859ad319cb37301e68cfc6fde00723e3a42110ca93adb44c05e97098167
softmax_whole_stage_atc_trace_v1,softmax_whole_stage_operand_rate_atc,softmax_whole_stage_operand_rate_atc_v2,20260728_operand_rate_v2_final_normalization_session02_BCA,normalization,fp32,20260728_operand_rate_v2_final_normalization_session02_BCA_normalization_fp32,0,0,20260728_operand_rate_v2_final_normalization_session02_BCA_normalization_fp32_b0_r0_control,control,control,20260728_operand_rate_v2_final_normalization_session02_BCA_normalization_fp32_b0_r0_control_1785246446477,7,183183.79456483401,183183.79606404499,183183.79531443951,0.0014992109790910035,1.7775587515207008,10391134012,true,true,5dff3859ad319cb37301e68cfc6fde00723e3a42110ca93adb44c05e97098167
softmax_whole_stage_atc_trace_v1,softmax_whole_stage_operand_rate_atc,softmax_whole_stage_operand_rate_atc_v2,20260728_operand_rate_v2_final_normalization_session02_BCA,normalization,fp32,20260728_operand_rate_v2_final_normalization_session02_BCA_normalization_fp32,0,0,20260728_operand_rate_v2_final_normalization_session02_BCA_normalization_fp32_b0_r0_control,control,control,20260728_operand_rate_v2_final_normalization_session02_BCA_normalization_fp32_b0_r0_control_1785246446477,8,183184.04662093901,183184.04800958,183184.04731525952,0.0013886409869883209,2.0295595715288073,10391180810,true,true,5dff3859ad319cb37301e68cfc6fde00723e3a42110ca93adb44c05e97098167
softmax_whole_stage_atc_trace_v1,softmax_whole_stage_operand_rate_atc,softmax_whole_stage_operand_rate_atc_v2,20260728_operand_rate_v2_final_normalization_session02_BCA,normalization,fp32,20260728_operand_rate_v2_final_normalization_session02_BCA_normalization_fp32,0,0,20260728_operand_rate_v2_final_normalization_session02_BCA_normalization_fp32_b0_r0_control,control,control,20260728_operand_rate_v2_final_normalization_session02_BCA_normalization_fp32_b0_r0_control_1785246446477,9,183184.299841411,183184.30124977799,183184.30054559448,0.0014083669811952859,2.2827899064868689,10391249647,true,true,5dff3859ad319cb37301e68cfc6fde00723e3a42110ca93adb44c05e97098167
softmax_whole_stage_atc_trace_v1,softmax_whole_stage_operand_rate_atc,softmax_whole_stage_operand_rate_atc_v2,20260728_operand_rate_v2_final_normalization_session02_BCA,normalization,fp32,20260728_operand_rate_v2_final_normalization_session02_BCA_normalization_fp32,0,0,20260728_operand_rate_v2_final_normalization_session02_BCA_normalization_fp32_b0_r0_control,control,control,20260728_operand_rate_v2_final_normalization_session02_BCA_normalization_fp32_b0_r0_control_1785246446477,10,183184.55166669199,183184.55317547201,183184.55242108199,0.001508780027506873,2.5346653939923272,10391296629,true,true,5dff3859ad319cb37301e68cfc6fde00723e3a42110ca93adb44c05e97098167
softmax_whole_stage_atc_trace_v1,softmax_whole_stage_operand_rate_atc,softmax_whole_stage_operand_rate_atc_v2,20260728_operand_rate_v2_final_normalization_session02_BCA,normalization,fp32,20260728_operand_rate_v2_final_normalization_session02_BCA_normalization_fp32,0,0,20260728_operand_rate_v2_final_normalization_session02_BCA_normalization_fp32_b0_r0_control,control,control,20260728_operand_rate_v2_final_normalization_session02_BCA_normalization_fp32_b0_r0_control_1785246446477,11,183184.80627773001,183184.80773238299,183184.8070050565,0.0014546529855579138,2.7892493685067166,10391365703,true,true,5dff3859ad319cb37301e68cfc6fde00723e3a42110ca93adb44c05e97098167
softmax_whole_stage_atc_trace_v1,softmax_whole_stage_operand_rate_atc,softmax_whole_stage_operand_rate_atc_v2,20260728_operand_rate_v2_final_normalization_session02_BCA,normalization,fp32,20260728_operand_rate_v2_final_normalization_session02_BCA_normalization_fp32,0,0,20260728_operand_rate_v2_final_normalization_session02_BCA_normalization_fp32_b0_r0_control,control,control,20260728_operand_rate_v2_final_normalization_session02_BCA_normalization_fp32_b0_r0_control_1785246446477,12,183185.05815226299,183185.05952243801,183185.05883735052,0.0013701750140171498,3.0410816625226289,10391412562,true,true,5dff3859ad319cb37301e68cfc6fde00723e3a42110ca93adb44c05e97098167
softmax_whole_stage_atc_trace_v1,softmax_whole_stage_operand_rate_atc,softmax_whole_stage_operand_rate_atc_v2,20260728_operand_rate_v2_final_normalization_session02_BCA,normalization,fp32,20260728_operand_rate_v2_final_normalization_session02_BCA_normalization_fp32,0,0,20260728_operand_rate_v2_final_normalization_session02_BCA_normalization_fp32_b0_r0_control,control,control,20260728_operand_rate_v2_final_normalization_session02_BCA_normalization_fp32_b0_r0_control_1785246446477,13,183185.31262955201,183185.31403311301,183185.31333133252,0.0014035610074643046,3.2955756445298903,10391481434,true,true,5dff3859ad319cb37301e68cfc6fde00723e3a42110ca93adb44c05e97098167
softmax_whole_stage_atc_trace_v1,softmax_whole_stage_operand_rate_atc,softmax_whole_stage_operand_rate_atc_v2,20260728_operand_rate_v2_final_normalization_session02_BCA,normalization,fp32,20260728_operand_rate_v2_final_normalization_session02_BCA_normalization_fp32,0,0,20260728_operand_rate_v2_final_normalization_session02_BCA_normalization_fp32_b0_r0_control,control,control,20260728_operand_rate_v2_final_normalization_session02_BCA_normalization_fp32_b0_r0_control_1785246446477,14,183185.564143686,183185.56546258999,183185.564803138,0.0013189039891585708,3.547047450003447,10391528077,true,true,5dff3859ad319cb37301e68cfc6fde00723e3a42110ca93adb44c05e97098167
softmax_whole_stage_atc_trace_v1,softmax_whole_stage_operand_rate_atc,softmax_whole_stage_operand_rate_atc_v2,20260728_operand_rate_v2_final_normalization_session02_BCA,normalization,fp32,20260728_operand_rate_v2_final_normalization_session02_BCA_normalization_fp32,0,0,20260728_operand_rate_v2_final_normalization_session02_BCA_normalization_fp32_b0_r0_control,control,control,20260728_operand_rate_v2_final_normalization_session02_BCA_normalization_fp32_b0_r0_control_1785246446477,15,183185.81556483,183185.81690258201,183185.81623370602,0.0013377520081121475,3.798478018026799,10391596366,true,true,5dff3859ad319cb37301e68cfc6fde00723e3a42110ca93adb44c05e97098167
softmax_whole_stage_atc_trace_v1,softmax_whole_stage_operand_rate_atc,softmax_whole_stage_operand_rate_atc_v2,20260728_operand_rate_v2_final_normalization_session02_BCA,normalization,fp32,20260728_operand_rate_v2_final_normalization_session02_BCA_normalization_fp32,0,0,20260728_operand_rate_v2_final_normalization_session02_BCA_normalization_fp32_b0_r0_control,control,control,20260728_operand_rate_v2_final_normalization_session02_BCA_normalization_fp32_b0_r0_control_1785246446477,16,183186.06701236099,183186.068518866,183186.06776561349,0.0015065050101839006,4.0500099255004898,10391664559,true,true,5dff3859ad319cb37301e68cfc6fde00723e3a42110ca93adb44c05e97098167
softmax_whole_stage_atc_trace_v1,softmax_whole_stage_operand_rate_atc,softmax_whole_stage_operand_rate_atc_v2,20260728_operand_rate_v2_final_normalization_session02_BCA,normalization,fp32,20260728_operand_rate_v2_final_normalization_session02_BCA_normalization_fp32,0,0,20260728_operand_rate_v2_final_normalization_session02_BCA_normalization_fp32_b0_r0_control,control,control,20260728_operand_rate_v2_final_normalization_session02_BCA_normalization_fp32_b0_r0_control_1785246446477,17,183186.31863657001,183186.32005057999,183186.31934357499,0.0014140099810902029,4.3015878869919106,10391712712,true,true,5dff3859ad319cb37301e68cfc6fde00723e3a42110ca93adb44c05e97098167
softmax_whole_stage_atc_trace_v1,softmax_whole_stage_operand_rate_atc,softmax_whole_stage_operand_rate_atc_v2,20260728_operand_rate_v2_final_normalization_session02_BCA,normalization,fp32,20260728_operand_rate_v2_final_normalization_session02_BCA_normalization_fp32,0,0,20260728_operand_rate_v2_final_normalization_session02_BCA_normalization_fp32_b0_r0_control,control,control,20260728_operand_rate_v2_final_normalization_session02_BCA_normalization_fp32_b0_r0_control_1785246446477,18,183186.57014975001,183186.571512275,183186.5708310125,0.001362524984870106,4.5530753245111555,10391780685,true,true,5dff3859ad319cb37301e68cfc6fde00723e3a42110ca93adb44c05e97098167
softmax_whole_stage_atc_trace_v1,softmax_whole_stage_operand_rate_atc,softmax_whole_stage_operand_rate_atc_v2,20260728_operand_rate_v2_final_normalization_session02_BCA,normalization,fp32,20260728_operand_rate_v2_final_normalization_session02_BCA_normalization_fp32,0,0,20260728_operand_rate_v2_final_normalization_session02_BCA_normalization_fp32_b0_r0_control,control,control,20260728_operand_rate_v2_final_normalization_session02_BCA_normalization_fp32_b0_r0_control_1785246446477,19,183186.821602154,183186.822914608,183186.822258381,0.0013124539982527494,4.8045026930049062,10391824453,true,true,5dff3859ad319cb37301e68cfc6fde00723e3a42110ca93adb44c05e97098167
softmax_whole_stage_atc_trace_v1,softmax_whole_stage_operand_rate_atc,softmax_whole_stage_operand_rate_atc_v2,20260728_operand_rate_v2_final_normalization_session02_BCA,normalization,fp32,20260728_operand_rate_v2_final_normalization_session02_BCA_normalization_fp32,0,0,20260728_operand_rate_v2_final_normalization_session02_BCA_normalization_fp32_b0_r0_control,control,control,20260728_operand_rate_v2_final_normalization_session02_BCA_normalization_fp32_b0_r0_control_1785246446477,20,183187.07303462701,183187.07452111499,183187.073777871,0.0014864879776723683,5.0560221830091905,10391892785,true,true,5dff3859ad319cb37301e68cfc6fde00723e3a42110ca93adb44c05e97098167
softmax_whole_stage_atc_trace_v1,softmax_whole_stage_operand_rate_atc,softmax_whole_stage_operand_rate_atc_v2,20260728_operand_rate_v2_final_normalization_session02_BCA,normalization,fp32,20260728_operand_rate_v2_final_normalization_session02_BCA_normalization_fp32,0,0,20260728_operand_rate_v2_final_normalization_session02_BCA_normalization_fp32_b0_r0_control,control,control,20260728_operand_rate_v2_final_normalization_session02_BCA_normalization_fp32_b0_r0_control_1785246446477,21,183187.324568896,183187.326174972,183187.32537193398,0.001606075995368883,5.3076162459910847,10391937264,true,true,5dff3859ad319cb37301e68cfc6fde00723e3a42110ca93adb44c05e97098167
softmax_whole_stage_atc_trace_v1,softmax_whole_stage_operand_rate_atc,softmax_whole_stage_operand_rate_atc_v2,20260728_operand_rate_v2_final_normalization_session02_BCA,normalization,fp32,20260728_operand_rate_v2_final_normalization_session02_BCA_normalization_fp32,0,0,20260728_operand_rate_v2_final_normalization_session02_BCA_normalization_fp32_b0_r0_control,control,control,20260728_operand_rate_v2_final_normalization_session02_BCA_normalization_fp32_b0_r0_control_1785246446477,22,183187.576298514,183187.577709326,183187.57700391999,0.0014108119939919561,5.5592482319916598,10392006158,true,true,5dff3859ad319cb37301e68cfc6fde00723e3a42110ca93adb44c05e97098167
softmax_whole_stage_atc_trace_v1,softmax_whole_stage_operand_rate_atc,softmax_whole_stage_operand_rate_atc_v2,20260728_operand_rate_v2_final_normalization_session02_BCA,normalization,fp32,20260728_operand_rate_v2_final_normalization_session02_BCA_normalization_fp32,0,0,20260728_operand_rate_v2_final_normalization_session02_BCA_normalization_fp32_b0_r0_control,control,control,20260728_operand_rate_v2_final_normalization_session02_BCA_normalization_fp32_b0_r0_control_1785246446477,23,183187.827799019,183187.82915334401,183187.82847618149,0.0013543250097427517,5.810720493493136,10392075448,true,true,5dff3859ad319cb37301e68cfc6fde00723e3a42110ca93adb44c05e97098167
softmax_whole_stage_atc_trace_v1,softmax_whole_stage_operand_rate_atc,softmax_whole_stage_operand_rate_atc_v2,20260728_operand_rate_v2_final_normalization_session02_BCA,normalization,fp32,20260728_operand_rate_v2_final_normalization_session02_BCA_normalization_fp32,0,0,20260728_operand_rate_v2_final_normalization_session02_BCA_normalization_fp32_b0_r0_control,control,control,20260728_operand_rate_v2_final_normalization_session02_BCA_normalization_fp32_b0_r0_control_1785246446477,24,183188.07924450299,183188.080599023,183188.07992176298,0.0013545200054068118,6.0621660749893636,10392121198,true,true,5dff3859ad319cb37301e68cfc6fde00723e3a42110ca93adb44c05e97098167
softmax_whole_stage_atc_trace_v1,softmax_whole_stage_operand_rate_atc,softmax_whole_stage_operand_rate_atc_v2,20260728_operand_rate_v2_final_normalization_session02_BCA,normalization,fp32,20260728_operand_rate_v2_final_normalization_session02_BCA_normalization_fp32,0,0,20260728_operand_rate_v2_final_normalization_session02_BCA_normalization_fp32_b0_r0_control,control,control,20260728_operand_rate_v2_final_normalization_session02_BCA_normalization_fp32_b0_r0_control_1785246446477,25,183188.33063809201,183188.332030238,183188.33133416501,0.0013921459903940558,6.3135784770129248,10392191882,true,true,5dff3859ad319cb37301e68cfc6fde00723e3a42110ca93adb44c05e97098167
softmax_whole_stage_atc_trace_v1,softmax_whole_stage_operand_rate_atc,softmax_whole_stage_operand_rate_atc_v2,20260728_operand_rate_v2_final_normalization_session02_BCA,normalization,fp32,20260728_operand_rate_v2_final_normalization_session02_BCA_normalization_fp32,0,0,20260728_operand_rate_v2_final_normalization_session02_BCA_normalization_fp32_b0_r0_control,control,control,20260728_operand_rate_v2_final_normalization_session02_BCA_normalization_fp32_b0_r0_control_1785246446477,26,183188.58206766701,183188.58486007401,183188.58346387051,0.0027924070018343627,6.5657081825193018,10392239026,true,true,5dff3859ad319cb37301e68cfc6fde00723e3a42110ca93adb44c05e97098167
softmax_whole_stage_atc_trace_v1,softmax_whole_stage_operand_rate_atc,softmax_whole_stage_operand_rate_atc_v2,20260728_operand_rate_v2_final_normalization_session02_BCA,normalization,fp32,20260728_operand_rate_v2_final_normalization_session02_BCA_normalization_fp32,0,0,20260728_operand_rate_v2_final_normalization_session02_BCA_normalization_fp32_b0_r0_control,control,control,20260728_operand_rate_v2_final_normalization_session02_BCA_normalization_fp32_b0_r0_control_1785246446477,27,183188.83491597301,183188.840164953,183188.83754046302,0.0052489799854811281,6.8197847750270739,10392310774,true,true,5dff3859ad319cb37301e68cfc6fde00723e3a42110ca93adb44c05e97098167
softmax_whole_stage_atc_trace_v1,softmax_whole_stage_operand_rate_atc,softmax_whole_stage_operand_rate_atc_v2,20260728_operand_rate_v2_final_normalization_session02_BCA,normalization,fp32,20260728_operand_rate_v2_final_normalization_session02_BCA_normalization_fp32,0,0,20260728_operand_rate_v2_final_normalization_session02_BCA_normalization_fp32_b0_r0_control,control,control,20260728_operand_rate_v2_final_normalization_session02_BCA_normalization_fp32_b0_r0_control_1785246446477,28,183189.090203083,183189.095767185,183189.09298513399,0.0055641020007897168,7.0752294459962286,10392382452,true,true,5dff3859ad319cb37301e68cfc6fde00723e3a42110ca93adb44c05e97098167
softmax_whole_stage_atc_trace_v1,softmax_whole_stage_operand_rate_atc,softmax_whole_stage_operand_rate_atc_v2,20260728_operand_rate_v2_final_normalization_session02_BCA,normalization,fp32,20260728_operand_rate_v2_final_normalization_session02_BCA_normalization_fp32,0,0,20260728_operand_rate_v2_final_normalization_session02_BCA_normalization_fp32_b0_r0_control,control,control,20260728_operand_rate_v2_final_normalization_session02_BCA_normalization_fp32_b0_r0_control_1785246446477,29,183189.34582750101,183189.35042680099,183189.348127151,0.004599299980327487,7.3303714630019385,10392429751,true,true,5dff3859ad319cb37301e68cfc6fde00723e3a42110ca93adb44c05e97098167
softmax_whole_stage_atc_trace_v1,softmax_whole_stage_operand_rate_atc,softmax_whole_stage_operand_rate_atc_v2,20260728_operand_rate_v2_final_normalization_session02_BCA,normalization,fp32,20260728_operand_rate_v2_final_normalization_session02_BCA_normalization_fp32,0,0,20260728_operand_rate_v2_final_normalization_session02_BCA_normalization_fp32_b0_r0_control,control,control,20260728_operand_rate_v2_final_normalization_session02_BCA_normalization_fp32_b0_r0_control_1785246446477,30,183189.60054547401,183189.601878313,183189.60121189349,0.0013328389904927462,7.5834562054951675,10392501343,true,true,5dff3859ad319cb37301e68cfc6fde00723e3a42110ca93adb44c05e97098167
softmax_whole_stage_atc_trace_v1,softmax_whole_stage_operand_rate_atc,softmax_whole_stage_operand_rate_atc_v2,20260728_operand_rate_v2_final_normalization_session02_BCA,normalization,fp32,20260728_operand_rate_v2_final_normalization_session02_BCA_normalization_fp32,0,0,20260728_operand_rate_v2_final_normalization_session02_BCA_normalization_fp32_b0_r0_control,control,control,20260728_operand_rate_v2_final_normalization_session02_BCA_normalization_fp32_b0_r0_control_1785246446477,31,183189.85196062,183189.853263005,183189.8526118125,0.0013023850042372942,7.8348561245074961,10392544812,true,true,5dff3859ad319cb37301e68cfc6fde00723e3a42110ca93adb44c05e97098167
softmax_whole_stage_atc_trace_v1,softmax_whole_stage_operand_rate_atc,softmax_whole_stage_operand_rate_atc_v2,20260728_operand_rate_v2_final_normalization_session02_BCA,normalization,fp32,20260728_operand_rate_v2_final_normalization_session02_BCA_normalization_fp32,0,0,20260728_operand_rate_v2_final_normalization_session02_BCA_normalization_fp32_b0_r0_control,control,control,20260728_operand_rate_v2_final_normalization_session02_BCA_normalization_fp32_b0_r0_control_1785246446477,32,183190.103341546,183190.104721654,183190.1040316,0.0013801080058328807,8.0862759120063856,10392613694,true,true,5dff3859ad319cb37301e68cfc6fde00723e3a42110ca93adb44c05e97098167
softmax_whole_stage_atc_trace_v1,softmax_whole_stage_operand_rate_atc,softmax_whole_stage_operand_rate_atc_v2,20260728_operand_rate_v2_final_normalization_session02_BCA,normalization,fp32,20260728_operand_rate_v2_final_normalization_session02_BCA_normalization_fp32,0,0,20260728_operand_rate_v2_final_normalization_session02_BCA_normalization_fp32_b0_r0_control,control,control,20260728_operand_rate_v2_final_normalization_session02_BCA_normalization_fp32_b0_r0_control_1785246446477,33,183190.354803589,183190.356144719,183190.355474154,0.0013411300024017692,8.3377184660057537,10392659481,true,true,5dff3859ad319cb37301e68cfc6fde00723e3a42110ca93adb44c05e97098167
softmax_whole_stage_atc_trace_v1,softmax_whole_stage_operand_rate_atc,softmax_whole_stage_operand_rate_atc_v2,20260728_operand_rate_v2_final_normalization_session02_BCA,normalization,fp32,20260728_operand_rate_v2_final_normalization_session02_BCA_normalization_fp32,0,0,20260728_operand_rate_v2_final_normalization_session02_BCA_normalization_fp32_b0_r0_control,control,control,20260728_operand_rate_v2_final_normalization_session02_BCA_normalization_fp32_b0_r0_control_1785246446477,34,183190.60622731599,183190.61045884801,183190.60834308201,0.0042315320170018822,8.5905873940209858,10392730484,true,true,5dff3859ad319cb37301e68cfc6fde00723e3a42110ca93adb44c05e97098167
softmax_whole_stage_atc_trace_v1,softmax_whole_stage_operand_rate_atc,softmax_whole_stage_operand_rate_atc_v2,20260728_operand_rate_v2_final_normalization_session02_BCA,normalization,fp32,20260728_operand_rate_v2_final_normalization_session02_BCA_normalization_fp32,0,0,20260728_operand_rate_v2_final_normalization_session02_BCA_normalization_fp32_b0_r0_control,control,control,20260728_operand_rate_v2_final_normalization_session02_BCA_normalization_fp32_b0_r0_control_1785246446477,35,183190.86055709099,183190.86188206801,183190.8612195795,0.0013249770272523165,8.8434638915059622,10392801949,true,true,5dff3859ad319cb37301e68cfc6fde00723e3a42110ca93adb44c05e97098167
softmax_whole_stage_atc_trace_v1,softmax_whole_stage_operand_rate_atc,softmax_whole_stage_operand_rate_atc_v2,20260728_operand_rate_v2_final_normalization_session02_BCA,normalization,fp32,20260728_operand_rate_v2_final_normalization_session02_BCA_normalization_fp32,0,0,20260728_operand_rate_v2_final_normalization_session02_BCA_normalization_fp32_b0_r0_control,control,control,20260728_operand_rate_v2_final_normalization_session02_BCA_normalization_fp32_b0_r0_control_1785246446477,36,183191.1119812,183191.113459268,183191.112720234,0.0014780680066905916,9.0949645460059401,10392850135,true,true,5dff3859ad319cb37301e68cfc6fde00723e3a42110ca93adb44c05e97098167
softmax_whole_stage_atc_trace_v1,softmax_whole_stage_operand_rate_atc,softmax_whole_stage_operand_rate_atc_v2,20260728_operand_rate_v2_final_normalization_session02_BCA,normalization,fp32,20260728_operand_rate_v2_final_normalization_session02_BCA_normalization_fp32,0,0,20260728_operand_rate_v2_final_normalization_session02_BCA_normalization_fp32_b0_r0_control,control,control,20260728_operand_rate_v2_final_normalization_session02_BCA_normalization_fp32_b0_r0_control_1785246446477,37,183191.363563536,183191.364945601,183191.3642545685,0.0013820650056004524,9.3464988805062603,10392919298,true,true,5dff3859ad319cb37301e68cfc6fde00723e3a42110ca93adb44c05e97098167
softmax_whole_stage_atc_trace_v1,softmax_whole_stage_operand_rate_atc,softmax_whole_stage_operand_rate_atc_v2,20260728_operand_rate_v2_final_normalization_session02_BCA,normalization,fp32,20260728_operand_rate_v2_final_normalization_session02_BCA_normalization_fp32,0,0,20260728_operand_rate_v2_final_normalization_session02_BCA_normalization_fp32_b0_r0_control,control,control,20260728_operand_rate_v2_final_normalization_session02_BCA_normalization_fp32_b0_r0_control_1785246446477,38,183191.61505725101,183191.61791066299,183191.61648395698,0.0028534119774121791,9.5987282689893618,10392965591,true,true,5dff3859ad319cb37301e68cfc6fde00723e3a42110ca93adb44c05e97098167
softmax_whole_stage_atc_trace_v1,softmax_whole_stage_operand_rate_atc,softmax_whole_stage_operand_rate_atc_v2,20260728_operand_rate_v2_final_normalization_session02_BCA,normalization,fp32,20260728_operand_rate_v2_final_normalization_session02_BCA_normalization_fp32,0,0,20260728_operand_rate_v2_final_normalization_session02_BCA_normalization_fp32_b0_r0_control,control,control,20260728_operand_rate_v2_final_normalization_session02_BCA_normalization_fp32_b0_r0_control_1785246446477,39,183191.86802339501,183191.86937778501,183191.86870059001,0.0013543899985961616,9.8509449020202737,10393037149,true,true,5dff3859ad319cb37301e68cfc6fde00723e3a42110ca93adb44c05e97098167
softmax_whole_stage_atc_trace_v1,softmax_whole_stage_operand_rate_atc,softmax_whole_stage_operand_rate_atc_v2,20260728_operand_rate_v2_final_normalization_session02_BCA,normalization,fp32,20260728_operand_rate_v2_final_normalization_session02_BCA_normalization_fp32,0,0,20260728_operand_rate_v2_final_normalization_session02_BCA_normalization_fp32_b0_r0_control,control,control,20260728_operand_rate_v2_final_normalization_session02_BCA_normalization_fp32_b0_r0_control_1785246446477,40,183192.11949923399,183192.12086541299,183192.1201823235,0.0013661789998877794,10.102426635508891,10393081096,true,true,5dff3859ad319cb37301e68cfc6fde00723e3a42110ca93adb44c05e97098167
softmax_whole_stage_atc_trace_v1,softmax_whole_stage_operand_rate_atc,softmax_whole_stage_operand_rate_atc_v2,20260728_operand_rate_v2_final_normalization_session02_BCA,normalization,fp32,20260728_operand_rate_v2_final_normalization_session02_BCA_normalization_fp32,0,0,20260728_operand_rate_v2_final_normalization_session02_BCA_normalization_fp32_b0_r0_control,control,control,20260728_operand_rate_v2_final_normalization_session02_BCA_normalization_fp32_b0_r0_control_1785246446477,41,183192.370980621,183192.372359876,183192.37167024851,0.0013792550016660243,10.353914560517296,10393150855,true,true,5dff3859ad319cb37301e68cfc6fde00723e3a42110ca93adb44c05e97098167
softmax_whole_stage_atc_trace_v1,softmax_whole_stage_operand_rate_atc,softmax_whole_stage_operand_rate_atc_v2,20260728_operand_rate_v2_final_normalization_session02_BCA,normalization,fp32,20260728_operand_rate_v2_final_normalization_session02_BCA_normalization_fp32,0,0,20260728_operand_rate_v2_final_normalization_session02_BCA_normalization_fp32_b0_r0_control,control,control,20260728_operand_rate_v2_final_normalization_session02_BCA_normalization_fp32_b0_r0_control_1785246446477,42,183192.62247777701,183192.62383509701,183192.62315643701,0.0013573199976235628,10.605400749016553,10393197830,true,true,5dff3859ad319cb37301e68cfc6fde00723e3a42110ca93adb44c05e97098167
softmax_whole_stage_atc_trace_v1,softmax_whole_stage_operand_rate_atc,softmax_whole_stage_operand_rate_atc_v2,20260728_operand_rate_v2_final_normalization_session02_BCA,normalization,fp32,20260728_operand_rate_v2_final_normalization_session02_BCA_normalization_fp32,0,0,20260728_operand_rate_v2_final_normalization_session02_BCA_normalization_fp32_b0_r0_control,control,control,20260728_operand_rate_v2_final_normalization_session02_BCA_normalization_fp32_b0_r0_control_1785246446477,43,183192.87395491099,183192.87533537301,183192.874645142,0.0013804620248265564,10.856889454007614,10393265793,true,true,5dff3859ad319cb37301e68cfc6fde00723e3a42110ca93adb44c05e97098167
softmax_whole_stage_atc_trace_v1,softmax_whole_stage_operand_rate_atc,softmax_whole_stage_operand_rate_atc_v2,20260728_operand_rate_v2_final_normalization_session02_BCA,normalization,fp32,20260728_operand_rate_v2_final_normalization_session02_BCA_normalization_fp32,0,0,20260728_operand_rate_v2_final_normalization_session02_BCA_normalization_fp32_b0_r0_control,control,control,20260728_operand_rate_v2_final_normalization_session02_BCA_normalization_fp32_b0_r0_control_1785246446477,44,183193.12546253699,183193.12683704001,183193.1261497885,0.0013745030155405402,11.108394100505393,10393311100,true,true,5dff3859ad319cb37301e68cfc6fde00723e3a42110ca93adb44c05e97098167
softmax_whole_stage_atc_trace_v1,softmax_whole_stage_operand_rate_atc,softmax_whole_stage_operand_rate_atc_v2,20260728_operand_rate_v2_final_normalization_session02_BCA,normalization,fp32,20260728_operand_rate_v2_final_normalization_session02_BCA_normalization_fp32,0,0,20260728_operand_rate_v2_final_normalization_session02_BCA_normalization_fp32_b0_r0_control,control,control,20260728_operand_rate_v2_final_normalization_session02_BCA_normalization_fp32_b0_r0_control_1785246446477,45,183193.376953378,183193.37838508899,183193.37766923348,0.0014317109889816493,11.359913545486052,10393382195,true,true,5dff3859ad319cb37301e68cfc6fde00723e3a42110ca93adb44c05e97098167
softmax_whole_stage_atc_trace_v1,softmax_whole_stage_operand_rate_atc,softmax_whole_stage_operand_rate_atc_v2,20260728_operand_rate_v2_final_normalization_session02_BCA,normalization,fp32,20260728_operand_rate_v2_final_normalization_session02_BCA_normalization_fp32,0,0,20260728_operand_rate_v2_final_normalization_session02_BCA_normalization_fp32_b0_r0_control,control,control,20260728_operand_rate_v2_final_normalization_session02_BCA_normalization_fp32_b0_r0_control_1785246446477,46,183193.62851097199,183193.62988551101,183193.62919824151,0.0013745390169788152,11.611442553519737,10393425839,true,true,5dff3859ad319cb37301e68cfc6fde00723e3a42110ca93adb44c05e97098167
softmax_whole_stage_atc_trace_v1,softmax_whole_stage_operand_rate_atc,softmax_whole_stage_operand_rate_atc_v2,20260728_operand_rate_v2_final_normalization_session02_BCA,normalization,fp32,20260728_operand_rate_v2_final_normalization_session02_BCA_normalization_fp32,0,0,20260728_operand_rate_v2_final_normalization_session02_BCA_normalization_fp32_b0_r0_control,control,control,20260728_operand_rate_v2_final_normalization_session02_BCA_normalization_fp32_b0_r0_control_1785246446477,47,183193.88003003201,183193.88145175701,183193.88074089453,0.0014217249990906566,11.862985206535086,10393495340,true,true,5dff3859ad319cb37301e68cfc6fde00723e3a42110ca93adb44c05e97098167
softmax_whole_stage_atc_trace_v1,softmax_whole_stage_operand_rate_atc,softmax_whole_stage_operand_rate_atc_v2,20260728_operand_rate_v2_final_normalization_session02_BCA,normalization,fp32,20260728_operand_rate_v2_final_normalization_session02_BCA_normalization_fp32,0,0,20260728_operand_rate_v2_final_normalization_session02_BCA_normalization_fp32_b0_r0_control,control,control,20260728_operand_rate_v2_final_normalization_session02_BCA_normalization_fp32_b0_r0_control_1785246446477,48,183194.13156930101,183194.13281532499,183194.132192313,0.0012460239813663065,12.114436625008238,10393566542,true,true,5dff3859ad319cb37301e68cfc6fde00723e3a42110ca93adb44c05e97098167
softmax_whole_stage_atc_trace_v1,softmax_whole_stage_operand_rate_atc,softmax_whole_stage_operand_rate_atc_v2,20260728_operand_rate_v2_final_normalization_session02_BCA,normalization,fp32,20260728_operand_rate_v2_final_normalization_session02_BCA_normalization_fp32,0,0,20260728_operand_rate_v2_final_normalization_session02_BCA_normalization_fp32_b0_r0_control,control,control,20260728_operand_rate_v2_final_normalization_session02_BCA_normalization_fp32_b0_r0_control_1785246446477,49,183194.382941232,183194.38433986099,183194.3836405465,0.0013986289850436151,12.365884858503705,10393614786,true,true,5dff3859ad319cb37301e68cfc6fde00723e3a42110ca93adb44c05e97098167
softmax_whole_stage_atc_trace_v1,softmax_whole_stage_operand_rate_atc,softmax_whole_stage_operand_rate_atc_v2,20260728_operand_rate_v2_final_normalization_session02_BCA,normalization,fp32,20260728_operand_rate_v2_final_normalization_session02_BCA_normalization_fp32,0,0,20260728_operand_rate_v2_final_normalization_session02_BCA_normalization_fp32_b0_r0_control,control,control,20260728_operand_rate_v2_final_normalization_session02_BCA_normalization_fp32_b0_r0_control_1785246446477,50,183194.634463625,183194.63712758801,183194.6357956065,0.002663963008671999,12.618039918510476,10393684701,true,true,5dff3859ad319cb37301e68cfc6fde00723e3a42110ca93adb44c05e97098167
softmax_whole_stage_atc_trace_v1,softmax_whole_stage_operand_rate_atc,softmax_whole_stage_operand_rate_atc_v2,20260728_operand_rate_v2_final_normalization_session02_BCA,normalization,fp32,20260728_operand_rate_v2_final_normalization_session02_BCA_normalization_fp32,0,0,20260728_operand_rate_v2_final_normalization_session02_BCA_normalization_fp32_b0_r0_control,control,control,20260728_operand_rate_v2_final_normalization_session02_BCA_normalization_fp32_b0_r0_control_1785246446477,51,183194.88725255799,183194.88870812199,183194.88798033999,0.0014555639936588705,12.870224651996978,10393731881,true,false,5dff3859ad319cb37301e68cfc6fde00723e3a42110ca93adb44c05e97098167
softmax_whole_stage_atc_trace_v1,softmax_whole_stage_operand_rate_atc,softmax_whole_stage_operand_rate_atc_v2,20260728_operand_rate_v2_final_normalization_session02_BCA,normalization,fp32,20260728_operand_rate_v2_final_normalization_session02_BCA_normalization_fp32,0,0,20260728_operand_rate_v2_final_normalization_session02_BCA_normalization_fp32_b0_r0_control,control,control,20260728_operand_rate_v2_final_normalization_session02_BCA_normalization_fp32_b0_r0_control_1785246446477,52,183195.13883977401,183195.14021803701,183195.13952890551,0.0013782629976049066,13.121773217513692,10393800333,true,false,5dff3859ad319cb37301e68cfc6fde00723e3a42110ca93adb44c05e97098167
softmax_whole_stage_atc_trace_v1,softmax_whole_stage_operand_rate_atc,softmax_whole_stage_operand_rate_atc_v2,20260728_operand_rate_v2_final_normalization_session02_BCA,normalization,fp32,20260728_operand_rate_v2_final_normalization_session02_BCA_normalization_fp32,0,0,20260728_operand_rate_v2_final_normalization_session02_BCA_normalization_fp32_b0_r0_control,control,control,20260728_operand_rate_v2_final_normalization_session02_BCA_normalization_fp32_b0_r0_control_1785246446477,53,183195.39034270699,183195.394629705,183195.39248620599,0.0042869980097748339,13.374730518000433,10393840979,true,false,5dff3859ad319cb37301e68cfc6fde00723e3a42110ca93adb44c05e97098167
softmax_whole_stage_atc_trace_v1,softmax_whole_stage_operand_rate_atc,softmax_whole_stage_operand_rate_atc_v2,20260728_operand_rate_v2_final_normalization_session02_BCA,normalization,fp32,20260728_operand_rate_v2_final_normalization_session02_BCA_normalization_fp32,0,0,20260728_operand_rate_v2_final_normalization_session02_BCA_normalization_fp32_b0_r0_control,control,control,20260728_operand_rate_v2_final_normalization_session02_BCA_normalization_fp32_b0_r0_control_1785246446477,54,183195.39463718599,183195.39606172999,183195.39534945798,0.0014245439961086959,13.377593769982923,10393840979,false,false,5dff3859ad319cb37301e68cfc6fde00723e3a42110ca93adb44c05e97098167
softmax_whole_stage_atc_trace_v1,softmax_whole_stage_operand_rate_atc,softmax_whole_stage_operand_rate_atc_v2,20260728_operand_rate_v2_final_normalization_session02_BCA,normalization,fp32,20260728_operand_rate_v2_final_normalization_session02_BCA_normalization_fp32,0,1,20260728_operand_rate_v2_final_normalization_session02_BCA_normalization_fp32_b0_r1_treatment,treatment,treatment,20260728_operand_rate_v2_final_normalization_session02_BCA_normalization_fp32_b0_r1_treatment_1785246460882,0,183196.41711883701,183196.418265682,183196.41769225951,0.0011468449956737459,0.00058900951989926398,10393975606,false,false,5dff3859ad319cb37301e68cfc6fde00723e3a42110ca93adb44c05e97098167
softmax_whole_stage_atc_trace_v1,softmax_whole_stage_operand_rate_atc,softmax_whole_stage_operand_rate_atc_v2,20260728_operand_rate_v2_final_normalization_session02_BCA,normalization,fp32,20260728_operand_rate_v2_final_normalization_session02_BCA_normalization_fp32,0,1,20260728_operand_rate_v2_final_normalization_session02_BCA_normalization_fp32_b0_r1_treatment,treatment,treatment,20260728_operand_rate_v2_final_normalization_session02_BCA_normalization_fp32_b0_r1_treatment_1785246460882,1,183196.66841333901,183196.673090214,183196.67075177649,0.004676874988945201,0.25364852650091052,10394032926,true,false,5dff3859ad319cb37301e68cfc6fde00723e3a42110ca93adb44c05e97098167
softmax_whole_stage_atc_trace_v1,softmax_whole_stage_operand_rate_atc,softmax_whole_stage_operand_rate_atc_v2,20260728_operand_rate_v2_final_normalization_session02_BCA,normalization,fp32,20260728_operand_rate_v2_final_normalization_session02_BCA_normalization_fp32,0,1,20260728_operand_rate_v2_final_normalization_session02_BCA_normalization_fp32_b0_r1_treatment,treatment,treatment,20260728_operand_rate_v2_final_normalization_session02_BCA_normalization_fp32_b0_r1_treatment_1785246460882,2,183196.923343298,183196.924739846,183196.924041572,0.0013965480029582977,0.5069383220106829,10394080107,true,false,5dff3859ad319cb37301e68cfc6fde00723e3a42110ca93adb44c05e97098167
softmax_whole_stage_atc_trace_v1,softmax_whole_stage_operand_rate_atc,softmax_whole_stage_operand_rate_atc_v2,20260728_operand_rate_v2_final_normalization_session02_BCA,normalization,fp32,20260728_operand_rate_v2_final_normalization_session02_BCA_normalization_fp32,0,1,20260728_operand_rate_v2_final_normalization_session02_BCA_normalization_fp32_b0_r1_treatment,treatment,treatment,20260728_operand_rate_v2_final_normalization_session02_BCA_normalization_fp32_b0_r1_treatment_1785246460882,3,183197.17495530599,183197.17762331699,183197.17628931149,0.0026680110022425652,0.75918606150662526,10394148597,true,true,5dff3859ad319cb37301e68cfc6fde00723e3a42110ca93adb44c05e97098167
softmax_whole_stage_atc_trace_v1,softmax_whole_stage_operand_rate_atc,softmax_whole_stage_operand_rate_atc_v2,20260728_operand_rate_v2_final_normalization_session02_BCA,normalization,fp32,20260728_operand_rate_v2_final_normalization_session02_BCA_normalization_fp32,0,1,20260728_operand_rate_v2_final_normalization_session02_BCA_normalization_fp32_b0_r1_treatment,treatment,treatment,20260728_operand_rate_v2_final_normalization_session02_BCA_normalization_fp32_b0_r1_treatment_1785246460882,4,183197.42786159099,183197.42925703901,183197.42855931498,0.0013954480236861855,1.0114560649963096,10394219092,true,true,5dff3859ad319cb37301e68cfc6fde00723e3a42110ca93adb44c05e97098167
softmax_whole_stage_atc_trace_v1,softmax_whole_stage_operand_rate_atc,softmax_whole_stage_operand_rate_atc_v2,20260728_operand_rate_v2_final_normalization_session02_BCA,normalization,fp32,20260728_operand_rate_v2_final_normalization_session02_BCA_normalization_fp32,0,1,20260728_operand_rate_v2_final_normalization_session02_BCA_normalization_fp32_b0_r1_treatment,treatment,treatment,20260728_operand_rate_v2_final_normalization_session02_BCA_normalization_fp32_b0_r1_treatment_1785246460882,5,183197.67980404201,183197.68126436,183197.680534201,0.0014603179879486561,1.2634309510176536,10394266918,true,true,5dff3859ad319cb37301e68cfc6fde00723e3a42110ca93adb44c05e97098167
softmax_whole_stage_atc_trace_v1,softmax_whole_stage_operand_rate_atc,softmax_whole_stage_operand_rate_atc_v2,20260728_operand_rate_v2_final_normalization_session02_BCA,normalization,fp32,20260728_operand_rate_v2_final_normalization_session02_BCA_normalization_fp32,0,1,20260728_operand_rate_v2_final_normalization_session02_BCA_normalization_fp32_b0_r1_treatment,treatment,treatment,20260728_operand_rate_v2_final_normalization_session02_BCA_normalization_fp32_b0_r1_treatment_1785246460882,6,183197.931524274,183197.93403619199,183197.93278023298,0.0025119179917965084,1.515676982991863,10394336521,true,true,5dff3859ad319cb37301e68cfc6fde00723e3a42110ca93adb44c05e97098167
softmax_whole_stage_atc_trace_v1,softmax_whole_stage_operand_rate_atc,softmax_whole_stage_operand_rate_atc_v2,20260728_operand_rate_v2_final_normalization_session02_BCA,normalization,fp32,20260728_operand_rate_v2_final_normalization_session02_BCA_normalization_fp32,0,1,20260728_operand_rate_v2_final_normalization_session02_BCA_normalization_fp32_b0_r1_treatment,treatment,treatment,20260728_operand_rate_v2_final_normalization_session02_BCA_normalization_fp32_b0_r1_treatment_1785246460882,7,183198.184323136,183198.18576409799,183198.18504361698,0.0014409619907382876,1.767940366989933,10394383823,true,true,5dff3859ad319cb37301e68cfc6fde00723e3a42110ca93adb44c05e97098167
softmax_whole_stage_atc_trace_v1,softmax_whole_stage_operand_rate_atc,softmax_whole_stage_operand_rate_atc_v2,20260728_operand_rate_v2_final_normalization_session02_BCA,normalization,fp32,20260728_operand_rate_v2_final_normalization_session02_BCA_normalization_fp32,0,1,20260728_operand_rate_v2_final_normalization_session02_BCA_normalization_fp32_b0_r1_treatment,treatment,treatment,20260728_operand_rate_v2_final_normalization_session02_BCA_normalization_fp32_b0_r1_treatment_1785246460882,8,183198.43588295201,183198.437224219,183198.43655358552,0.001341266994131729,2.0194503355305642,10394452568,true,true,5dff3859ad319cb37301e68cfc6fde00723e3a42110ca93adb44c05e97098167
softmax_whole_stage_atc_trace_v1,softmax_whole_stage_operand_rate_atc,softmax_whole_stage_operand_rate_atc_v2,20260728_operand_rate_v2_final_normalization_session02_BCA,normalization,fp32,20260728_operand_rate_v2_final_normalization_session02_BCA_normalization_fp32,0,1,20260728_operand_rate_v2_final_normalization_session02_BCA_normalization_fp32_b0_r1_treatment,treatment,treatment,20260728_operand_rate_v2_final_normalization_session02_BCA_normalization_fp32_b0_r1_treatment_1785246460882,9,183198.68808943199,183198.689504443,183198.68879693749,0.0014150110073387623,2.2716936875076499,10394499367,true,true,5dff3859ad319cb37301e68cfc6fde00723e3a42110ca93adb44c05e97098167
softmax_whole_stage_atc_trace_v1,softmax_whole_stage_operand_rate_atc,softmax_whole_stage_operand_rate_atc_v2,20260728_operand_rate_v2_final_normalization_session02_BCA,normalization,fp32,20260728_operand_rate_v2_final_normalization_session02_BCA_normalization_fp32,0,1,20260728_operand_rate_v2_final_normalization_session02_BCA_normalization_fp32_b0_r1_treatment,treatment,treatment,20260728_operand_rate_v2_final_normalization_session02_BCA_normalization_fp32_b0_r1_treatment_1785246460882,10,183198.94024166599,183198.94165788201,183198.940949774,0.0014162160223349929,2.5238465240108781,10394567550,true,true,5dff3859ad319cb37301e68cfc6fde00723e3a42110ca93adb44c05e97098167
softmax_whole_stage_atc_trace_v1,softmax_whole_stage_operand_rate_atc,softmax_whole_stage_operand_rate_atc_v2,20260728_operand_rate_v2_final_normalization_session02_BCA,normalization,fp32,20260728_operand_rate_v2_final_normalization_session02_BCA_normalization_fp32,0,1,20260728_operand_rate_v2_final_normalization_session02_BCA_normalization_fp32_b0_r1_treatment,treatment,treatment,20260728_operand_rate_v2_final_normalization_session02_BCA_normalization_fp32_b0_r1_treatment_1785246460882,11,183199.19289777,183199.19805846299,183199.19547811651,0.0051606929919216782,2.7783748665242456,10394613651,true,true,5dff3859ad319cb37301e68cfc6fde00723e3a42110ca93adb44c05e97098167
softmax_whole_stage_atc_trace_v1,softmax_whole_stage_operand_rate_atc,softmax_whole_stage_operand_rate_atc_v2,20260728_operand_rate_v2_final_normalization_session02_BCA,normalization,fp32,20260728_operand_rate_v2_final_normalization_session02_BCA_normalization_fp32,0,1,20260728_operand_rate_v2_final_normalization_session02_BCA_normalization_fp32_b0_r1_treatment,treatment,treatment,20260728_operand_rate_v2_final_normalization_session02_BCA_normalization_fp32_b0_r1_treatment_1785246460882,12,183199.44872399201,183199.450129062,183199.44942652702,0.0014050699828658253,3.0323232770315371,10394685089,true,true,5dff3859ad319cb37301e68cfc6fde00723e3a42110ca93adb44c05e97098167
softmax_whole_stage_atc_trace_v1,softmax_whole_stage_operand_rate_atc,softmax_whole_stage_operand_rate_atc_v2,20260728_operand_rate_v2_final_normalization_session02_BCA,normalization,fp32,20260728_operand_rate_v2_final_normalization_session02_BCA_normalization_fp32,0,1,20260728_operand_rate_v2_final_normalization_session02_BCA_normalization_fp32_b0_r1_treatment,treatment,treatment,20260728_operand_rate_v2_final_normalization_session02_BCA_normalization_fp32_b0_r1_treatment_1785246460882,13,183199.700834766,183199.70221602399,183199.70152539498,0.0013812579854857177,3.284422144992277,10394729659,true,true,5dff3859ad319cb37301e68cfc6fde00723e3a42110ca93adb44c05e97098167
softmax_whole_stage_atc_trace_v1,softmax_whole_stage_operand_rate_atc,softmax_whole_stage_operand_rate_atc_v2,20260728_operand_rate_v2_final_normalization_session02_BCA,normalization,fp32,20260728_operand_rate_v2_final_normalization_session02_BCA_normalization_fp32,0,1,20260728_operand_rate_v2_final_normalization_session02_BCA_normalization_fp32_b0_r1_treatment,treatment,treatment,20260728_operand_rate_v2_final_normalization_session02_BCA_normalization_fp32_b0_r1_treatment_1785246460882,14,183199.95306901701,183199.954444948,183199.95375698252,0.0013759309949818999,3.536653732531704,10394800636,true,true,5dff3859ad319cb37301e68cfc6fde00723e3a42110ca93adb44c05e97098167
softmax_whole_stage_atc_trace_v1,softmax_whole_stage_operand_rate_atc,softmax_whole_stage_operand_rate_atc_v2,20260728_operand_rate_v2_final_normalization_session02_BCA,normalization,fp32,20260728_operand_rate_v2_final_normalization_session02_BCA_normalization_fp32,0,1,20260728_operand_rate_v2_final_normalization_session02_BCA_normalization_fp32_b0_r1_treatment,treatment,treatment,20260728_operand_rate_v2_final_normalization_session02_BCA_normalization_fp32_b0_r1_treatment_1785246460882,15,183200.204914984,183200.20631343001,183200.20561420702,0.0013984460092615336,3.7885109570343047,10394844830,true,true,5dff3859ad319cb37301e68cfc6fde00723e3a42110ca93adb44c05e97098167
softmax_whole_stage_atc_trace_v1,softmax_whole_stage_operand_rate_atc,softmax_whole_stage_operand_rate_atc_v2,20260728_operand_rate_v2_final_normalization_session02_BCA,normalization,fp32,20260728_operand_rate_v2_final_normalization_session02_BCA_normalization_fp32,0,1,20260728_operand_rate_v2_final_normalization_session02_BCA_normalization_fp32_b0_r1_treatment,treatment,treatment,20260728_operand_rate_v2_final_normalization_session02_BCA_normalization_fp32_b0_r1_treatment_1785246460882,16,183200.45696398799,183200.45832283201,183200.45764341002,0.0013588440197054297,4.0405401600291952,10394915518,true,true,5dff3859ad319cb37301e68cfc6fde00723e3a42110ca93adb44c05e97098167
softmax_whole_stage_atc_trace_v1,softmax_whole_stage_operand_rate_atc,softmax_whole_stage_operand_rate_atc_v2,20260728_operand_rate_v2_final_normalization_session02_BCA,normalization,fp32,20260728_operand_rate_v2_final_normalization_session02_BCA_normalization_fp32,0,1,20260728_operand_rate_v2_final_normalization_session02_BCA_normalization_fp32_b0_r1_treatment,treatment,treatment,20260728_operand_rate_v2_final_normalization_session02_BCA_normalization_fp32_b0_r1_treatment_1785246460882,17,183200.70852567899,183200.709936122,183200.70923090051,0.0014104430156294256,4.2921276505221613,10394959398,true,true,5dff3859ad319cb37301e68cfc6fde00723e3a42110ca93adb44c05e97098167
softmax_whole_stage_atc_trace_v1,softmax_whole_stage_operand_rate_atc,softmax_whole_stage_operand_rate_atc_v2,20260728_operand_rate_v2_final_normalization_session02_BCA,normalization,fp32,20260728_operand_rate_v2_final_normalization_session02_BCA_normalization_fp32,0,1,20260728_operand_rate_v2_final_normalization_session02_BCA_normalization_fp32_b0_r1_treatment,treatment,treatment,20260728_operand_rate_v2_final_normalization_session02_BCA_normalization_fp32_b0_r1_treatment_1785246460882,18,183200.96079979601,183200.96223277401,183200.96151628502,0.0014329779951367527,4.544413035036996,10395029933,true,true,5dff3859ad319cb37301e68cfc6fde00723e3a42110ca93adb44c05e97098167
softmax_whole_stage_atc_trace_v1,softmax_whole_stage_operand_rate_atc,softmax_whole_stage_operand_rate_atc_v2,20260728_operand_rate_v2_final_normalization_session02_BCA,normalization,fp32,20260728_operand_rate_v2_final_normalization_session02_BCA_normalization_fp32,0,1,20260728_operand_rate_v2_final_normalization_session02_BCA_normalization_fp32_b0_r1_treatment,treatment,treatment,20260728_operand_rate_v2_final_normalization_session02_BCA_normalization_fp32_b0_r1_treatment_1785246460882,19,183201.21314202101,183201.21452811899,183201.21383507,0.0013860979815945029,4.7967318200098816,10395073545,true,true,5dff3859ad319cb37301e68cfc6fde00723e3a42110ca93adb44c05e97098167
softmax_whole_stage_atc_trace_v1,softmax_whole_stage_operand_rate_atc,softmax_whole_stage_operand_rate_atc_v2,20260728_operand_rate_v2_final_normalization_session02_BCA,normalization,fp32,20260728_operand_rate_v2_final_normalization_session02_BCA_normalization_fp32,0,1,20260728_operand_rate_v2_final_normalization_session02_BCA_normalization_fp32_b0_r1_treatment,treatment,treatment,20260728_operand_rate_v2_final_normalization_session02_BCA_normalization_fp32_b0_r1_treatment_1785246460882,20,183201.46577056,183201.46928338899,183201.46752697451,0.0035128289891872555,5.0504237245186232,10395143649,true,true,5dff3859ad319cb37301e68cfc6fde00723e3a42110ca93adb44c05e97098167
softmax_whole_stage_atc_trace_v1,softmax_whole_stage_operand_rate_atc,softmax_whole_stage_operand_rate_atc_v2,20260728_operand_rate_v2_final_normalization_session02_BCA,normalization,fp32,20260728_operand_rate_v2_final_normalization_session02_BCA_normalization_fp32,0,1,20260728_operand_rate_v2_final_normalization_session02_BCA_normalization_fp32_b0_r1_treatment,treatment,treatment,20260728_operand_rate_v2_final_normalization_session02_BCA_normalization_fp32_b0_r1_treatment_1785246460882,21,183201.71997345501,183201.72143723801,183201.7207053465,0.0014637830026913434,5.3036020965082571,10395191091,true,true,5dff3859ad319cb37301e68cfc6fde00723e3a42110ca93adb44c05e97098167
softmax_whole_stage_atc_trace_v1,softmax_whole_stage_operand_rate_atc,softmax_whole_stage_operand_rate_atc_v2,20260728_operand_rate_v2_final_normalization_session02_BCA,normalization,fp32,20260728_operand_rate_v2_final_normalization_session02_BCA_normalization_fp32,0,1,20260728_operand_rate_v2_final_normalization_session02_BCA_normalization_fp32_b0_r1_treatment,treatment,treatment,20260728_operand_rate_v2_final_normalization_session02_BCA_normalization_fp32_b0_r1_treatment_1785246460882,22,183201.97229701601,183201.973697774,183201.972997395,0.0014007579884491861,5.555894145014463,10395260155,true,true,5dff3859ad319cb37301e68cfc6fde00723e3a42110ca93adb44c05e97098167
softmax_whole_stage_atc_trace_v1,softmax_whole_stage_operand_rate_atc,softmax_whole_stage_operand_rate_atc_v2,20260728_operand_rate_v2_final_normalization_session02_BCA,normalization,fp32,20260728_operand_rate_v2_final_normalization_session02_BCA_normalization_fp32,0,1,20260728_operand_rate_v2_final_normalization_session02_BCA_normalization_fp32_b0_r1_treatment,treatment,treatment,20260728_operand_rate_v2_final_normalization_session02_BCA_normalization_fp32_b0_r1_treatment_1785246460882,23,183202.22557431701,183202.22696259001,183202.22626845352,0.001388272998156026,5.809165203536395,10395307270,true,true,5dff3859ad319cb37301e68cfc6fde00723e3a42110ca93adb44c05e97098167
softmax_whole_stage_atc_trace_v1,softmax_whole_stage_operand_rate_atc,softmax_whole_stage_operand_rate_atc_v2,20260728_operand_rate_v2_final_normalization_session02_BCA,normalization,fp32,20260728_operand_rate_v2_final_normalization_session02_BCA_normalization_fp32,0,1,20260728_operand_rate_v2_final_normalization_session02_BCA_normalization_fp32_b0_r1_treatment,treatment,treatment,20260728_operand_rate_v2_final_normalization_session02_BCA_normalization_fp32_b0_r1_treatment_1785246460882,24,183202.478831179,183202.48029073401,183202.4795609565,0.0014595550019294024,6.0624577065173071,10395375746,true,true,5dff3859ad319cb37301e68cfc6fde00723e3a42110ca93adb44c05e97098167
softmax_whole_stage_atc_trace_v1,softmax_whole_stage_operand_rate_atc,softmax_whole_stage_operand_rate_atc_v2,20260728_operand_rate_v2_final_normalization_session02_BCA,normalization,fp32,20260728_operand_rate_v2_final_normalization_session02_BCA_normalization_fp32,0,1,20260728_operand_rate_v2_final_normalization_session02_BCA_normalization_fp32_b0_r1_treatment,treatment,treatment,20260728_operand_rate_v2_final_normalization_session02_BCA_normalization_fp32_b0_r1_treatment_1785246460882,25,183202.731616498,183202.73309144401,183202.73235397099,0.0014749460096936673,6.3152507210033946,10395422032,true,true,5dff3859ad319cb37301e68cfc6fde00723e3a42110ca93adb44c05e97098167
softmax_whole_stage_atc_trace_v1,softmax_whole_stage_operand_rate_atc,softmax_whole_stage_operand_rate_atc_v2,20260728_operand_rate_v2_final_normalization_session02_BCA,normalization,fp32,20260728_operand_rate_v2_final_normalization_session02_BCA_normalization_fp32,0,1,20260728_operand_rate_v2_final_normalization_session02_BCA_normalization_fp32_b0_r1_treatment,treatment,treatment,20260728_operand_rate_v2_final_normalization_session02_BCA_normalization_fp32_b0_r1_treatment_1785246460882,26,183202.98394002,183202.98535532199,183202.98464767099,0.0014153019874356687,6.5675444210064597,10395489789,true,true,5dff3859ad319cb37301e68cfc6fde00723e3a42110ca93adb44c05e97098167
softmax_whole_stage_atc_trace_v1,softmax_whole_stage_operand_rate_atc,softmax_whole_stage_operand_rate_atc_v2,20260728_operand_rate_v2_final_normalization_session02_BCA,normalization,fp32,20260728_operand_rate_v2_final_normalization_session02_BCA_normalization_fp32,0,1,20260728_operand_rate_v2_final_normalization_session02_BCA_normalization_fp32_b0_r1_treatment,treatment,treatment,20260728_operand_rate_v2_final_normalization_session02_BCA_normalization_fp32_b0_r1_treatment_1785246460882,27,183203.23614214099,183203.241236545,183203.23868934298,0.0050944040121976286,6.8215860929922201,10395535646,true,true,5dff3859ad319cb37301e68cfc6fde00723e3a42110ca93adb44c05e97098167
softmax_whole_stage_atc_trace_v1,softmax_whole_stage_operand_rate_atc,softmax_whole_stage_operand_rate_atc_v2,20260728_operand_rate_v2_final_normalization_session02_BCA,normalization,fp32,20260728_operand_rate_v2_final_normalization_session02_BCA_normalization_fp32,0,1,20260728_operand_rate_v2_final_normalization_session02_BCA_normalization_fp32_b0_r1_treatment,treatment,treatment,20260728_operand_rate_v2_final_normalization_session02_BCA_normalization_fp32_b0_r1_treatment_1785246460882,28,183203.49324291301,183203.49461146799,183203.49392719049,0.0013685549783986062,7.076823940500617,10395607101,true,true,5dff3859ad319cb37301e68cfc6fde00723e3a42110ca93adb44c05e97098167
softmax_whole_stage_atc_trace_v1,softmax_whole_stage_operand_rate_atc,softmax_whole_stage_operand_rate_atc_v2,20260728_operand_rate_v2_final_normalization_session02_BCA,normalization,fp32,20260728_operand_rate_v2_final_normalization_session02_BCA_normalization_fp32,0,1,20260728_operand_rate_v2_final_normalization_session02_BCA_normalization_fp32_b0_r1_treatment,treatment,treatment,20260728_operand_rate_v2_final_normalization_session02_BCA_normalization_fp32_b0_r1_treatment_1785246460882,29,183203.74679243201,183203.74822006101,183203.74750624649,0.0014276290021371096,7.3304029965074733,10395651641,true,true,5dff3859ad319cb37301e68cfc6fde00723e3a42110ca93adb44c05e97098167
softmax_whole_stage_atc_trace_v1,softmax_whole_stage_operand_rate_atc,softmax_whole_stage_operand_rate_atc_v2,20260728_operand_rate_v2_final_normalization_session02_BCA,normalization,fp32,20260728_operand_rate_v2_final_normalization_session02_BCA_normalization_fp32,0,1,20260728_operand_rate_v2_final_normalization_session02_BCA_normalization_fp32_b0_r1_treatment,treatment,treatment,20260728_operand_rate_v2_final_normalization_session02_BCA_normalization_fp32_b0_r1_treatment_1785246460882,30,183203.99905575099,183204.00053721,183203.99979648049,0.0014814590103924274,7.5826932305062655,10395722431,true,true,5dff3859ad319cb37301e68cfc6fde00723e3a42110ca93adb44c05e97098167
softmax_whole_stage_atc_trace_v1,softmax_whole_stage_operand_rate_atc,softmax_whole_stage_operand_rate_atc_v2,20260728_operand_rate_v2_final_normalization_session02_BCA,normalization,fp32,20260728_operand_rate_v2_final_normalization_session02_BCA_normalization_fp32,0,1,20260728_operand_rate_v2_final_normalization_session02_BCA_normalization_fp32_b0_r1_treatment,treatment,treatment,20260728_operand_rate_v2_final_normalization_session02_BCA_normalization_fp32_b0_r1_treatment_1785246460882,31,183204.25159094599,183204.25303813099,183204.25231453849,0.0014471850008703768,7.8352112885040697,10395766552,true,true,5dff3859ad319cb37301e68cfc6fde00723e3a42110ca93adb44c05e97098167
softmax_whole_stage_atc_trace_v1,softmax_whole_stage_operand_rate_atc,softmax_whole_stage_operand_rate_atc_v2,20260728_operand_rate_v2_final_normalization_session02_BCA,normalization,fp32,20260728_operand_rate_v2_final_normalization_session02_BCA_normalization_fp32,0,1,20260728_operand_rate_v2_final_normalization_session02_BCA_normalization_fp32_b0_r1_treatment,treatment,treatment,20260728_operand_rate_v2_final_normalization_session02_BCA_normalization_fp32_b0_r1_treatment_1785246460882,32,183204.50520921199,183204.506583412,183204.50589631201,0.0013742000155616552,8.0887930620228872,10395837267,true,true,5dff3859ad319cb37301e68cfc6fde00723e3a42110ca93adb44c05e97098167
softmax_whole_stage_atc_trace_v1,softmax_whole_stage_operand_rate_atc,softmax_whole_stage_operand_rate_atc_v2,20260728_operand_rate_v2_final_normalization_session02_BCA,normalization,fp32,20260728_operand_rate_v2_final_normalization_session02_BCA_normalization_fp32,0,1,20260728_operand_rate_v2_final_normalization_session02_BCA_normalization_fp32_b0_r1_treatment,treatment,treatment,20260728_operand_rate_v2_final_normalization_session02_BCA_normalization_fp32_b0_r1_treatment_1785246460882,33,183204.75760188699,183204.758965802,183204.75828384451,0.00136391501291655,8.3411805945215747,10395880947,true,true,5dff3859ad319cb37301e68cfc6fde00723e3a42110ca93adb44c05e97098167
softmax_whole_stage_atc_trace_v1,softmax_whole_stage_operand_rate_atc,softmax_whole_stage_operand_rate_atc_v2,20260728_operand_rate_v2_final_normalization_session02_BCA,normalization,fp32,20260728_operand_rate_v2_final_normalization_session02_BCA_normalization_fp32,0,1,20260728_operand_rate_v2_final_normalization_session02_BCA_normalization_fp32_b0_r1_treatment,treatment,treatment,20260728_operand_rate_v2_final_normalization_session02_BCA_normalization_fp32_b0_r1_treatment_1785246460882,34,183205.00970178499,183205.01495935899,183205.012330572,0.0052575739973690361,8.5952273220173083,10395951296,true,true,5dff3859ad319cb37301e68cfc6fde00723e3a42110ca93adb44c05e97098167
softmax_whole_stage_atc_trace_v1,softmax_whole_stage_operand_rate_atc,softmax_whole_stage_operand_rate_atc_v2,20260728_operand_rate_v2_final_normalization_session02_BCA,normalization,fp32,20260728_operand_rate_v2_final_normalization_session02_BCA_normalization_fp32,0,1,20260728_operand_rate_v2_final_normalization_session02_BCA_normalization_fp32_b0_r1_treatment,treatment,treatment,20260728_operand_rate_v2_final_normalization_session02_BCA_normalization_fp32_b0_r1_treatment_1785246460882,35,183205.26518570201,183205.26670594799,183205.265945825,0.001520245976280421,8.8488425750110764,10395998922,true,true,5dff3859ad319cb37301e68cfc6fde00723e3a42110ca93adb44c05e97098167
softmax_whole_stage_atc_trace_v1,softmax_whole_stage_operand_rate_atc,softmax_whole_stage_operand_rate_atc_v2,20260728_operand_rate_v2_final_normalization_session02_BCA,normalization,fp32,20260728_operand_rate_v2_final_normalization_session02_BCA_normalization_fp32,0,1,20260728_operand_rate_v2_final_normalization_session02_BCA_normalization_fp32_b0_r1_treatment,treatment,treatment,20260728_operand_rate_v2_final_normalization_session02_BCA_normalization_fp32_b0_r1_treatment_1785246460882,36,183205.51902461,183205.520483231,183205.5197539205,0.0014586210018023849,9.1026506705093198,10396068409,true,true,5dff3859ad319cb37301e68cfc6fde00723e3a42110ca93adb44c05e97098167
softmax_whole_stage_atc_trace_v1,softmax_whole_stage_operand_rate_atc,softmax_whole_stage_operand_rate_atc_v2,20260728_operand_rate_v2_final_normalization_session02_BCA,normalization,fp32,20260728_operand_rate_v2_final_normalization_session02_BCA_normalization_fp32,0,1,20260728_operand_rate_v2_final_normalization_session02_BCA_normalization_fp32_b0_r1_treatment,treatment,treatment,20260728_operand_rate_v2_final_normalization_session02_BCA_normalization_fp32_b0_r1_treatment_1785246460882,37,183205.77289300101,183205.77426187001,183205.77357743552,0.0013688690087292343,9.3564741855370812,10396115577,true,true,5dff3859ad319cb37301e68cfc6fde00723e3a42110ca93adb44c05e97098167
softmax_whole_stage_atc_trace_v1,softmax_whole_stage_operand_rate_atc,softmax_whole_stage_operand_rate_atc_v2,20260728_operand_rate_v2_final_normalization_session02_BCA,normalization,fp32,20260728_operand_rate_v2_final_normalization_session02_BCA_normalization_fp32,0,1,20260728_operand_rate_v2_final_normalization_session02_BCA_normalization_fp32_b0_r1_treatment,treatment,treatment,20260728_operand_rate_v2_final_normalization_session02_BCA_normalization_fp32_b0_r1_treatment_1785246460882,38,183206.02497118499,183206.02765100301,183206.026311094,0.0026798180188052356,9.6092078440124169,10396184208,true,true,5dff3859ad319cb37301e68cfc6fde00723e3a42110ca93adb44c05e97098167
softmax_whole_stage_atc_trace_v1,softmax_whole_stage_operand_rate_atc,softmax_whole_stage_operand_rate_atc_v2,20260728_operand_rate_v2_final_normalization_session02_BCA,normalization,fp32,20260728_operand_rate_v2_final_normalization_session02_BCA_normalization_fp32,0,1,20260728_operand_rate_v2_final_normalization_session02_BCA_normalization_fp32_b0_r1_treatment,treatment,treatment,20260728_operand_rate_v2_final_normalization_session02_BCA_normalization_fp32_b0_r1_treatment_1785246460882,39,183206.28005799299,183206.28135664799,183206.28070732049,0.0012986549991182983,9.8636040705023333,10396254971,true,true,5dff3859ad319cb37301e68cfc6fde00723e3a42110ca93adb44c05e97098167
softmax_whole_stage_atc_trace_v1,softmax_whole_stage_operand_rate_atc,softmax_whole_stage_operand_rate_atc_v2,20260728_operand_rate_v2_final_normalization_session02_BCA,normalization,fp32,20260728_operand_rate_v2_final_normalization_session02_BCA_normalization_fp32,0,1,20260728_operand_rate_v2_final_normalization_session02_BCA_normalization_fp32_b0_r1_treatment,treatment,treatment,20260728_operand_rate_v2_final_normalization_session02_BCA_normalization_fp32_b0_r1_treatment_1785246460882,40,183206.533691182,183206.535118025,183206.5344046035,0.0014268429949879646,10.117301353515359,10396303000,true,true,5dff3859ad319cb37301e68cfc6fde00723e3a42110ca93adb44c05e97098167
softmax_whole_stage_atc_trace_v1,softmax_whole_stage_operand_rate_atc,softmax_whole_stage_operand_rate_atc_v2,20260728_operand_rate_v2_final_normalization_session02_BCA,normalization,fp32,20260728_operand_rate_v2_final_normalization_session02_BCA_normalization_fp32,0,1,20260728_operand_rate_v2_final_normalization_session02_BCA_normalization_fp32_b0_r1_treatment,treatment,treatment,20260728_operand_rate_v2_final_normalization_session02_BCA_normalization_fp32_b0_r1_treatment_1785246460882,41,183206.78594373501,183206.79026009599,183206.7881019155,0.0043163609807379544,10.370998665515799,10396372827,true,true,5dff3859ad319cb37301e68cfc6fde00723e3a42110ca93adb44c05e97098167
softmax_whole_stage_atc_trace_v1,softmax_whole_stage_operand_rate_atc,softmax_whole_stage_operand_rate_atc_v2,20260728_operand_rate_v2_final_normalization_session02_BCA,normalization,fp32,20260728_operand_rate_v2_final_normalization_session02_BCA_normalization_fp32,0,1,20260728_operand_rate_v2_final_normalization_session02_BCA_normalization_fp32_b0_r1_treatment,treatment,treatment,20260728_operand_rate_v2_final_normalization_session02_BCA_normalization_fp32_b0_r1_treatment_1785246460882,42,183207.04091099501,183207.04234550899,183207.04162825202,0.0014345139788929373,10.624525002029259,10396420091,true,true,5dff3859ad319cb37301e68cfc6fde00723e3a42110ca93adb44c05e97098167
softmax_whole_stage_atc_trace_v1,softmax_whole_stage_operand_rate_atc,softmax_whole_stage_operand_rate_atc_v2,20260728_operand_rate_v2_final_normalization_session02_BCA,normalization,fp32,20260728_operand_rate_v2_final_normalization_session02_BCA_normalization_fp32,0,1,20260728_operand_rate_v2_final_normalization_session02_BCA_normalization_fp32_b0_r1_treatment,treatment,treatment,20260728_operand_rate_v2_final_normalization_session02_BCA_normalization_fp32_b0_r1_treatment_1785246460882,43,183207.29252546999,183207.29518083,183207.29385314998,0.0026553600037004799,10.876749899995048,10396489215,true,true,5dff3859ad319cb37301e68cfc6fde00723e3a42110ca93adb44c05e97098167
softmax_whole_stage_atc_trace_v1,softmax_whole_stage_operand_rate_atc,softmax_whole_stage_operand_rate_atc_v2,20260728_operand_rate_v2_final_normalization_session02_BCA,normalization,fp32,20260728_operand_rate_v2_final_normalization_session02_BCA_normalization_fp32,0,1,20260728_operand_rate_v2_final_normalization_session02_BCA_normalization_fp32_b0_r1_treatment,treatment,treatment,20260728_operand_rate_v2_final_normalization_session02_BCA_normalization_fp32_b0_r1_treatment_1785246460882,44,183207.547687802,183207.549138662,183207.548413232,0.0014508599997498095,11.131309982010862,10396536432,true,true,5dff3859ad319cb37301e68cfc6fde00723e3a42110ca93adb44c05e97098167
softmax_whole_stage_atc_trace_v1,softmax_whole_stage_operand_rate_atc,softmax_whole_stage_operand_rate_atc_v2,20260728_operand_rate_v2_final_normalization_session02_BCA,normalization,fp32,20260728_operand_rate_v2_final_normalization_session02_BCA_normalization_fp32,0,1,20260728_operand_rate_v2_final_normalization_session02_BCA_normalization_fp32_b0_r1_treatment,treatment,treatment,20260728_operand_rate_v2_final_normalization_session02_BCA_normalization_fp32_b0_r1_treatment_1785246460882,45,183207.80172423099,183207.803218708,183207.80247146951,0.0014944770082365721,11.385368219518568,10396605103,true,true,5dff3859ad319cb37301e68cfc6fde00723e3a42110ca93adb44c05e97098167
softmax_whole_stage_atc_trace_v1,softmax_whole_stage_operand_rate_atc,softmax_whole_stage_operand_rate_atc_v2,20260728_operand_rate_v2_final_normalization_session02_BCA,normalization,fp32,20260728_operand_rate_v2_final_normalization_session02_BCA_normalization_fp32,0,1,20260728_operand_rate_v2_final_normalization_session02_BCA_normalization_fp32_b0_r1_treatment,treatment,treatment,20260728_operand_rate_v2_final_normalization_session02_BCA_normalization_fp32_b0_r1_treatment_1785246460882,46,183208.05378417901,183208.05520747599,183208.0544958275,0.0014232969842851162,11.637392577511491,10396651594,true,true,5dff3859ad319cb37301e68cfc6fde00723e3a42110ca93adb44c05e97098167
softmax_whole_stage_atc_trace_v1,softmax_whole_stage_operand_rate_atc,softmax_whole_stage_operand_rate_atc_v2,20260728_operand_rate_v2_final_normalization_session02_BCA,normalization,fp32,20260728_operand_rate_v2_final_normalization_session02_BCA_normalization_fp32,0,1,20260728_operand_rate_v2_final_normalization_session02_BCA_normalization_fp32_b0_r1_treatment,treatment,treatment,20260728_operand_rate_v2_final_normalization_session02_BCA_normalization_fp32_b0_r1_treatment_1785246460882,47,183208.30540957599,183208.30686932101,183208.30613944848,0.0014597450208384544,11.889036198495887,10396719918,true,true,5dff3859ad319cb37301e68cfc6fde00723e3a42110ca93adb44c05e97098167
softmax_whole_stage_atc_trace_v1,softmax_whole_stage_operand_rate_atc,softmax_whole_stage_operand_rate_atc_v2,20260728_operand_rate_v2_final_normalization_session02_BCA,normalization,fp32,20260728_operand_rate_v2_final_normalization_session02_BCA_normalization_fp32,0,1,20260728_operand_rate_v2_final_normalization_session02_BCA_normalization_fp32_b0_r1_treatment,treatment,treatment,20260728_operand_rate_v2_final_normalization_session02_BCA_normalization_fp32_b0_r1_treatment_1785246460882,48,183208.55940315299,183208.56083172699,183208.56011744001,0.0014285740035120398,12.14301419002004,10396766632,true,true,5dff3859ad319cb37301e68cfc6fde00723e3a42110ca93adb44c05e97098167
softmax_whole_stage_atc_trace_v1,softmax_whole_stage_operand_rate_atc,softmax_whole_stage_operand_rate_atc_v2,20260728_operand_rate_v2_final_normalization_session02_BCA,normalization,fp32,20260728_operand_rate_v2_final_normalization_session02_BCA_normalization_fp32,0,1,20260728_operand_rate_v2_final_normalization_session02_BCA_normalization_fp32_b0_r1_treatment,treatment,treatment,20260728_operand_rate_v2_final_normalization_session02_BCA_normalization_fp32_b0_r1_treatment_1785246460882,49,183208.811352271,183208.81276003999,183208.8120561555,0.0014077689847908914,12.394952905509854,10396834914,true,true,5dff3859ad319cb37301e68cfc6fde00723e3a42110ca93adb44c05e97098167
softmax_whole_stage_atc_trace_v1,softmax_whole_stage_operand_rate_atc,softmax_whole_stage_operand_rate_atc_v2,20260728_operand_rate_v2_final_normalization_session02_BCA,normalization,fp32,20260728_operand_rate_v2_final_normalization_session02_BCA_normalization_fp32,0,1,20260728_operand_rate_v2_final_normalization_session02_BCA_normalization_fp32_b0_r1_treatment,treatment,treatment,20260728_operand_rate_v2_final_normalization_session02_BCA_normalization_fp32_b0_r1_treatment_1785246460882,50,183209.06319574799,183209.06464714601,183209.063921447,0.0014513980131596327,12.64681819701218,10396881442,true,true,5dff3859ad319cb37301e68cfc6fde00723e3a42110ca93adb44c05e97098167
softmax_whole_stage_atc_trace_v1,softmax_whole_stage_operand_rate_atc,softmax_whole_stage_operand_rate_atc_v2,20260728_operand_rate_v2_final_normalization_session02_BCA,normalization,fp32,20260728_operand_rate_v2_final_normalization_session02_BCA_normalization_fp32,0,1,20260728_operand_rate_v2_final_normalization_session02_BCA_normalization_fp32_b0_r1_treatment,treatment,treatment,20260728_operand_rate_v2_final_normalization_session02_BCA_normalization_fp32_b0_r1_treatment_1785246460882,51,183209.31471159699,183209.31612360801,183209.31541760248,0.0014120110135991126,12.898314352496527,10396950099,true,true,5dff3859ad319cb37301e68cfc6fde00723e3a42110ca93adb44c05e97098167
softmax_whole_stage_atc_trace_v1,softmax_whole_stage_operand_rate_atc,softmax_whole_stage_operand_rate_atc_v2,20260728_operand_rate_v2_final_normalization_session02_BCA,normalization,fp32,20260728_operand_rate_v2_final_normalization_session02_BCA_normalization_fp32,0,1,20260728_operand_rate_v2_final_normalization_session02_BCA_normalization_fp32_b0_r1_treatment,treatment,treatment,20260728_operand_rate_v2_final_normalization_session02_BCA_normalization_fp32_b0_r1_treatment_1785246460882,52,183209.56627853401,183209.56775486399,183209.567016699,0.0014763299841433764,13.149913449015003,10396997067,true,false,5dff3859ad319cb37301e68cfc6fde00723e3a42110ca93adb44c05e97098167
softmax_whole_stage_atc_trace_v1,softmax_whole_stage_operand_rate_atc,softmax_whole_stage_operand_rate_atc_v2,20260728_operand_rate_v2_final_normalization_session02_BCA,normalization,fp32,20260728_operand_rate_v2_final_normalization_session02_BCA_normalization_fp32,0,1,20260728_operand_rate_v2_final_normalization_session02_BCA_normalization_fp32_b0_r1_treatment,treatment,treatment,20260728_operand_rate_v2_final_normalization_session02_BCA_normalization_fp32_b0_r1_treatment_1785246460882,53,183209.81893468901,183209.82036050799,183209.81964759849,0.0014258189767133445,13.402544348500669,10397063792,true,false,5dff3859ad319cb37301e68cfc6fde00723e3a42110ca93adb44c05e97098167
softmax_whole_stage_atc_trace_v1,softmax_whole_stage_operand_rate_atc,softmax_whole_stage_operand_rate_atc_v2,20260728_operand_rate_v2_final_normalization_session02_BCA,normalization,fp32,20260728_operand_rate_v2_final_normalization_session02_BCA_normalization_fp32,0,1,20260728_operand_rate_v2_final_normalization_session02_BCA_normalization_fp32_b0_r1_treatment,treatment,treatment,20260728_operand_rate_v2_final_normalization_session02_BCA_normalization_fp32_b0_r1_treatment_1785246460882,54,183210.07245235701,183210.07390232099,183210.07317733899,0.001449963980121538,13.656074088998139,10397093513,true,false,5dff3859ad319cb37301e68cfc6fde00723e3a42110ca93adb44c05e97098167
softmax_whole_stage_atc_trace_v1,softmax_whole_stage_operand_rate_atc,softmax_whole_stage_operand_rate_atc_v2,20260728_operand_rate_v2_final_normalization_session02_BCA,normalization,fp32,20260728_operand_rate_v2_final_normalization_session02_BCA_normalization_fp32,0,1,20260728_operand_rate_v2_final_normalization_session02_BCA_normalization_fp32_b0_r1_treatment,treatment,treatment,20260728_operand_rate_v2_final_normalization_session02_BCA_normalization_fp32_b0_r1_treatment_1785246460882,55,183210.07390797799,183210.07512559101,183210.07451678452,0.0012176130258012563,13.657413534529041,10397093513,false,false,5dff3859ad319cb37301e68cfc6fde00723e3a42110ca93adb44c05e97098167
softmax_whole_stage_atc_trace_v1,softmax_whole_stage_operand_rate_atc,softmax_whole_stage_operand_rate_atc_v2,20260728_operand_rate_v2_final_normalization_session02_BCA,normalization,fp32,20260728_operand_rate_v2_final_normalization_session02_BCA_normalization_fp32,0,2,20260728_operand_rate_v2_final_normalization_session02_BCA_normalization_fp32_b0_r2_control,control,control,20260728_operand_rate_v2_final_normalization_session02_BCA_normalization_fp32_b0_r2_control_1785246475562,0,183211.097632032,183211.09881122599,183211.09822162898,0.0011791939905378968,0.00063567399047315121,10397225962,false,false,5dff3859ad319cb37301e68cfc6fde00723e3a42110ca93adb44c05e97098167
softmax_whole_stage_atc_trace_v1,softmax_whole_stage_operand_rate_atc,softmax_whole_stage_operand_rate_atc_v2,20260728_operand_rate_v2_final_normalization_session02_BCA,normalization,fp32,20260728_operand_rate_v2_final_normalization_session02_BCA_normalization_fp32,0,2,20260728_operand_rate_v2_final_normalization_session02_BCA_normalization_fp32_b0_r2_control,control,control,20260728_operand_rate_v2_final_normalization_session02_BCA_normalization_fp32_b0_r2_control_1785246475562,1,183211.34901269499,183211.35346897799,183211.35124083649,0.0044562830007635057,0.25365488149691373,10397286434,true,false,5dff3859ad319cb37301e68cfc6fde00723e3a42110ca93adb44c05e97098167
softmax_whole_stage_atc_trace_v1,softmax_whole_stage_operand_rate_atc,softmax_whole_stage_operand_rate_atc_v2,20260728_operand_rate_v2_final_normalization_session02_BCA,normalization,fp32,20260728_operand_rate_v2_final_normalization_session02_BCA_normalization_fp32,0,2,20260728_operand_rate_v2_final_normalization_session02_BCA_normalization_fp32_b0_r2_control,control,control,20260728_operand_rate_v2_final_normalization_session02_BCA_normalization_fp32_b0_r2_control_1785246475562,2,183211.60365296699,183211.60501219399,183211.60433258049,0.0013592269970104098,0.50674662549863569,10397333505,true,false,5dff3859ad319cb37301e68cfc6fde00723e3a42110ca93adb44c05e97098167
softmax_whole_stage_atc_trace_v1,softmax_whole_stage_operand_rate_atc,softmax_whole_stage_operand_rate_atc_v2,20260728_operand_rate_v2_final_normalization_session02_BCA,normalization,fp32,20260728_operand_rate_v2_final_normalization_session02_BCA_normalization_fp32,0,2,20260728_operand_rate_v2_final_normalization_session02_BCA_normalization_fp32_b0_r2_control,control,control,20260728_operand_rate_v2_final_normalization_session02_BCA_normalization_fp32_b0_r2_control_1785246475562,3,183211.85517775701,183211.85867967099,183211.856928714,0.0035019139759242535,0.75934275900362991,10397402649,true,true,5dff3859ad319cb37301e68cfc6fde00723e3a42110ca93adb44c05e97098167
softmax_whole_stage_atc_trace_v1,softmax_whole_stage_operand_rate_atc,softmax_whole_stage_operand_rate_atc_v2,20260728_operand_rate_v2_final_normalization_session02_BCA,normalization,fp32,20260728_operand_rate_v2_final_normalization_session02_BCA_normalization_fp32,0,2,20260728_operand_rate_v2_final_normalization_session02_BCA_normalization_fp32_b0_r2_control,control,control,20260728_operand_rate_v2_final_normalization_session02_BCA_normalization_fp32_b0_r2_control_1785246475562,4,183212.10882138301,183212.110216589,183212.10951898602,0.0013952059962321073,1.011933031026274,10397449930,true,true,5dff3859ad319cb37301e68cfc6fde00723e3a42110ca93adb44c05e97098167
softmax_whole_stage_atc_trace_v1,softmax_whole_stage_operand_rate_atc,softmax_whole_stage_operand_rate_atc_v2,20260728_operand_rate_v2_final_normalization_session02_BCA,normalization,fp32,20260728_operand_rate_v2_final_normalization_session02_BCA_normalization_fp32,0,2,20260728_operand_rate_v2_final_normalization_session02_BCA_normalization_fp32_b0_r2_control,control,control,20260728_operand_rate_v2_final_normalization_session02_BCA_normalization_fp32_b0_r2_control_1785246475562,5,183212.360406611,183212.363791187,183212.362098899,0.0033845760044641793,1.2645129440061282,10397519273,true,true,5dff3859ad319cb37301e68cfc6fde00723e3a42110ca93adb44c05e97098167
softmax_whole_stage_atc_trace_v1,softmax_whole_stage_operand_rate_atc,softmax_whole_stage_operand_rate_atc_v2,20260728_operand_rate_v2_final_normalization_session02_BCA,normalization,fp32,20260728_operand_rate_v2_final_normalization_session02_BCA_normalization_fp32,0,2,20260728_operand_rate_v2_final_normalization_session02_BCA_normalization_fp32_b0_r2_control,control,control,20260728_operand_rate_v2_final_normalization_session02_BCA_normalization_fp32_b0_r2_control_1785246475562,6,183212.613985264,183212.61536171299,183212.61467348848,0.0013764489849563688,1.5170875334879383,10397566666,true,true,5dff3859ad319cb37301e68cfc6fde00723e3a42110ca93adb44c05e97098167
softmax_whole_stage_atc_trace_v1,softmax_whole_stage_operand_rate_atc,softmax_whole_stage_operand_rate_atc_v2,20260728_operand_rate_v2_final_normalization_session02_BCA,normalization,fp32,20260728_operand_rate_v2_final_normalization_session02_BCA_normalization_fp32,0,2,20260728_operand_rate_v2_final_normalization_session02_BCA_normalization_fp32_b0_r2_control,control,control,20260728_operand_rate_v2_final_normalization_session02_BCA_normalization_fp32_b0_r2_control_1785246475562,7,183212.86550211001,183212.868980281,183212.86724119552,0.0034781709837261587,1.7696552405250259,10397636188,true,true,5dff3859ad319cb37301e68cfc6fde00723e3a42110ca93adb44c05e97098167
softmax_whole_stage_atc_trace_v1,softmax_whole_stage_operand_rate_atc,softmax_whole_stage_operand_rate_atc_v2,20260728_operand_rate_v2_final_normalization_session02_BCA,normalization,fp32,20260728_operand_rate_v2_final_normalization_session02_BCA_normalization_fp32,0,2,20260728_operand_rate_v2_final_normalization_session02_BCA_normalization_fp32_b0_r2_control,control,control,20260728_operand_rate_v2_final_normalization_session02_BCA_normalization_fp32_b0_r2_control_1785246475562,8,183213.12153889099,183213.122935658,183213.12223727448,0.0013967670092824847,2.0246513194870204,10397683773,true,true,5dff3859ad319cb37301e68cfc6fde00723e3a42110ca93adb44c05e97098167
softmax_whole_stage_atc_trace_v1,softmax_whole_stage_operand_rate_atc,softmax_whole_stage_operand_rate_atc_v2,20260728_operand_rate_v2_final_normalization_session02_BCA,normalization,fp32,20260728_operand_rate_v2_final_normalization_session02_BCA_normalization_fp32,0,2,20260728_operand_rate_v2_final_normalization_session02_BCA_normalization_fp32_b0_r2_control,control,control,20260728_operand_rate_v2_final_normalization_session02_BCA_normalization_fp32_b0_r2_control_1785246475562,9,183213.37380395501,183213.37520880901,183213.37450638201,0.0014048540033400059,2.2769204270152841,10397752937,true,true,5dff3859ad319cb37301e68cfc6fde00723e3a42110ca93adb44c05e97098167
softmax_whole_stage_atc_trace_v1,softmax_whole_stage_operand_rate_atc,softmax_whole_stage_operand_rate_atc_v2,20260728_operand_rate_v2_final_normalization_session02_BCA,normalization,fp32,20260728_operand_rate_v2_final_normalization_session02_BCA_normalization_fp32,0,2,20260728_operand_rate_v2_final_normalization_session02_BCA_normalization_fp32_b0_r2_control,control,control,20260728_operand_rate_v2_final_normalization_session02_BCA_normalization_fp32_b0_r2_control_1785246475562,10,183213.62806975501,183213.629426197,183213.62874797601,0.0013564419932663441,2.5311620210122783,10397800302,true,true,5dff3859ad319cb37301e68cfc6fde00723e3a42110ca93adb44c05e97098167
softmax_whole_stage_atc_trace_v1,softmax_whole_stage_operand_rate_atc,softmax_whole_stage_operand_rate_atc_v2,20260728_operand_rate_v2_final_normalization_session02_BCA,normalization,fp32,20260728_operand_rate_v2_final_normalization_session02_BCA_normalization_fp32,0,2,20260728_operand_rate_v2_final_normalization_session02_BCA_normalization_fp32_b0_r2_control,control,control,20260728_operand_rate_v2_final_normalization_session02_BCA_normalization_fp32_b0_r2_control_1785246475562,11,183213.880519778,183213.88189249701,183213.88120613751,0.0013727190089412034,2.7836201825120952,10397869153,true,true,5dff3859ad319cb37301e68cfc6fde00723e3a42110ca93adb44c05e97098167
softmax_whole_stage_atc_trace_v1,softmax_whole_stage_operand_rate_atc,softmax_whole_stage_operand_rate_atc_v2,20260728_operand_rate_v2_final_normalization_session02_BCA,normalization,fp32,20260728_operand_rate_v2_final_normalization_session02_BCA_normalization_fp32,0,2,20260728_operand_rate_v2_final_normalization_session02_BCA_normalization_fp32_b0_r2_control,control,control,20260728_operand_rate_v2_final_normalization_session02_BCA_normalization_fp32_b0_r2_control_1785246475562,12,183214.13209848499,183214.13346214901,183214.13278031698,0.0013636640214826912,3.035194361989852,10397916071,true,true,5dff3859ad319cb37301e68cfc6fde00723e3a42110ca93adb44c05e97098167
softmax_whole_stage_atc_trace_v1,softmax_whole_stage_operand_rate_atc,softmax_whole_stage_operand_rate_atc_v2,20260728_operand_rate_v2_final_normalization_session02_BCA,normalization,fp32,20260728_operand_rate_v2_final_normalization_session02_BCA_normalization_fp32,0,2,20260728_operand_rate_v2_final_normalization_session02_BCA_normalization_fp32_b0_r2_control,control,control,20260728_operand_rate_v2_final_normalization_session02_BCA_normalization_fp32_b0_r2_control_1785246475562,13,183214.38509487701,183214.38652796199,183214.38581141952,0.0014330849808175117,3.2882254645228386,10397985030,true,true,5dff3859ad319cb37301e68cfc6fde00723e3a42110ca93adb44c05e97098167
softmax_whole_stage_atc_trace_v1,softmax_whole_stage_operand_rate_atc,softmax_whole_stage_operand_rate_atc_v2,20260728_operand_rate_v2_final_normalization_session02_BCA,normalization,fp32,20260728_operand_rate_v2_final_normalization_session02_BCA_normalization_fp32,0,2,20260728_operand_rate_v2_final_normalization_session02_BCA_normalization_fp32_b0_r2_control,control,control,20260728_operand_rate_v2_final_normalization_session02_BCA_normalization_fp32_b0_r2_control_1785246475562,14,183214.63822901799,183214.63964418499,183214.63893660149,0.0014151670038700104,3.5413506464974489,10398031772,true,true,5dff3859ad319cb37301e68cfc6fde00723e3a42110ca93adb44c05e97098167
softmax_whole_stage_atc_trace_v1,softmax_whole_stage_operand_rate_atc,softmax_whole_stage_operand_rate_atc_v2,20260728_operand_rate_v2_final_normalization_session02_BCA,normalization,fp32,20260728_operand_rate_v2_final_normalization_session02_BCA_normalization_fp32,0,2,20260728_operand_rate_v2_final_normalization_session02_BCA_normalization_fp32_b0_r2_control,control,control,20260728_operand_rate_v2_final_normalization_session02_BCA_normalization_fp32_b0_r2_control_1785246475562,15,183214.88975545199,183214.891181285,183214.89046836848,0.0014258330047596246,3.7928824134869501,10398099910,true,true,5dff3859ad319cb37301e68cfc6fde00723e3a42110ca93adb44c05e97098167
softmax_whole_stage_atc_trace_v1,softmax_whole_stage_operand_rate_atc,softmax_whole_stage_operand_rate_atc_v2,20260728_operand_rate_v2_final_normalization_session02_BCA,normalization,fp32,20260728_operand_rate_v2_final_normalization_session02_BCA_normalization_fp32,0,2,20260728_operand_rate_v2_final_normalization_session02_BCA_normalization_fp32_b0_r2_control,control,control,20260728_operand_rate_v2_final_normalization_session02_BCA_normalization_fp32_b0_r2_control_1785246475562,16,183215.142883105,183215.14425842499,183215.14357076498,0.0013753199891652912,4.0459848099853843,10398146219,true,true,5dff3859ad319cb37301e68cfc6fde00723e3a42110ca93adb44c05e97098167
softmax_whole_stage_atc_trace_v1,softmax_whole_stage_operand_rate_atc,softmax_whole_stage_operand_rate_atc_v2,20260728_operand_rate_v2_final_normalization_session02_BCA,normalization,fp32,20260728_operand_rate_v2_final_normalization_session02_BCA_normalization_fp32,0,2,20260728_operand_rate_v2_final_normalization_session02_BCA_normalization_fp32_b0_r2_control,control,control,20260728_operand_rate_v2_final_normalization_session02_BCA_normalization_fp32_b0_r2_control_1785246475562,17,183215.39557324801,183215.39699354599,183215.39628339699,0.0014202979800757021,4.2986974419909529,10398213856,true,true,5dff3859ad319cb37301e68cfc6fde00723e3a42110ca93adb44c05e97098167
softmax_whole_stage_atc_trace_v1,softmax_whole_stage_operand_rate_atc,softmax_whole_stage_operand_rate_atc_v2,20260728_operand_rate_v2_final_normalization_session02_BCA,normalization,fp32,20260728_operand_rate_v2_final_normalization_session02_BCA_normalization_fp32,0,2,20260728_operand_rate_v2_final_normalization_session02_BCA_normalization_fp32_b0_r2_control,control,control,20260728_operand_rate_v2_final_normalization_session02_BCA_normalization_fp32_b0_r2_control_1785246475562,18,183215.64849170001,183215.65122042599,183215.64985606301,0.0027287259872537106,4.5522701080190018,10398259402,true,true,5dff3859ad319cb37301e68cfc6fde00723e3a42110ca93adb44c05e97098167
softmax_whole_stage_atc_trace_v1,softmax_whole_stage_operand_rate_atc,softmax_whole_stage_operand_rate_atc_v2,20260728_operand_rate_v2_final_normalization_session02_BCA,normalization,fp32,20260728_operand_rate_v2_final_normalization_session02_BCA_normalization_fp32,0,2,20260728_operand_rate_v2_final_normalization_session02_BCA_normalization_fp32_b0_r2_control,control,control,20260728_operand_rate_v2_final_normalization_session02_BCA_normalization_fp32_b0_r2_control_1785246475562,19,183215.90297520001,183215.90437090999,183215.903673055,0.0013957099872641265,4.806087100005243,10398330919,true,true,5dff3859ad319cb37301e68cfc6fde00723e3a42110ca93adb44c05e97098167
softmax_whole_stage_atc_trace_v1,softmax_whole_stage_operand_rate_atc,softmax_whole_stage_operand_rate_atc_v2,20260728_operand_rate_v2_final_normalization_session02_BCA,normalization,fp32,20260728_operand_rate_v2_final_normalization_session02_BCA_normalization_fp32,0,2,20260728_operand_rate_v2_final_normalization_session02_BCA_normalization_fp32_b0_r2_control,control,control,20260728_operand_rate_v2_final_normalization_session02_BCA_normalization_fp32_b0_r2_control_1785246475562,20,183216.15459129799,183216.156020319,183216.1553058085,0.0014290210092440248,5.0577198535029311,10398375471,true,true,5dff3859ad319cb37301e68cfc6fde00723e3a42110ca93adb44c05e97098167
softmax_whole_stage_atc_trace_v1,softmax_whole_stage_operand_rate_atc,softmax_whole_stage_operand_rate_atc_v2,20260728_operand_rate_v2_final_normalization_session02_BCA,normalization,fp32,20260728_operand_rate_v2_final_normalization_session02_BCA_normalization_fp32,0,2,20260728_operand_rate_v2_final_normalization_session02_BCA_normalization_fp32_b0_r2_control,control,control,20260728_operand_rate_v2_final_normalization_session02_BCA_normalization_fp32_b0_r2_control_1785246475562,21,183216.407773079,183216.40920179899,183216.40848743898,0.0014287199883256108,5.3109014839865267,10398446693,true,true,5dff3859ad319cb37301e68cfc6fde00723e3a42110ca93adb44c05e97098167
softmax_whole_stage_atc_trace_v1,softmax_whole_stage_operand_rate_atc,softmax_whole_stage_operand_rate_atc_v2,20260728_operand_rate_v2_final_normalization_session02_BCA,normalization,fp32,20260728_operand_rate_v2_final_normalization_session02_BCA_normalization_fp32,0,2,20260728_operand_rate_v2_final_normalization_session02_BCA_normalization_fp32_b0_r2_control,control,control,20260728_operand_rate_v2_final_normalization_session02_BCA_normalization_fp32_b0_r2_control_1785246475562,22,183216.66071506601,183216.66213356701,183216.66142431652,0.0014185009931679815,5.5638383615296334,10398490897,true,true,5dff3859ad319cb37301e68cfc6fde00723e3a42110ca93adb44c05e97098167
softmax_whole_stage_atc_trace_v1,softmax_whole_stage_operand_rate_atc,softmax_whole_stage_operand_rate_atc_v2,20260728_operand_rate_v2_final_normalization_session02_BCA,normalization,fp32,20260728_operand_rate_v2_final_normalization_session02_BCA_normalization_fp32,0,2,20260728_operand_rate_v2_final_normalization_session02_BCA_normalization_fp32_b0_r2_control,control,control,20260728_operand_rate_v2_final_normalization_session02_BCA_normalization_fp32_b0_r2_control_1785246475562,23,183216.912236848,183216.91356114499,183216.9128989965,0.0013242969871498644,5.8153130415012129,10398561524,true,true,5dff3859ad319cb37301e68cfc6fde00723e3a42110ca93adb44c05e97098167
softmax_whole_stage_atc_trace_v1,softmax_whole_stage_operand_rate_atc,softmax_whole_stage_operand_rate_atc_v2,20260728_operand_rate_v2_final_normalization_session02_BCA,normalization,fp32,20260728_operand_rate_v2_final_normalization_session02_BCA_normalization_fp32,0,2,20260728_operand_rate_v2_final_normalization_session02_BCA_normalization_fp32_b0_r2_control,control,control,20260728_operand_rate_v2_final_normalization_session02_BCA_normalization_fp32_b0_r2_control_1785246475562,24,183217.16517904401,183217.166638508,183217.16590877599,0.0014594639942515641,6.0683228209964,10398605531,true,true,5dff3859ad319cb37301e68cfc6fde00723e3a42110ca93adb44c05e97098167
softmax_whole_stage_atc_trace_v1,softmax_whole_stage_operand_rate_atc,softmax_whole_stage_operand_rate_atc_v2,20260728_operand_rate_v2_final_normalization_session02_BCA,normalization,fp32,20260728_operand_rate_v2_final_normalization_session02_BCA_normalization_fp32,0,2,20260728_operand_rate_v2_final_normalization_session02_BCA_normalization_fp32_b0_r2_control,control,control,20260728_operand_rate_v2_final_normalization_session02_BCA_normalization_fp32_b0_r2_control_1785246475562,25,183217.41849188201,183217.422156844,183217.42032436299,0.0036649619869422168,6.3227384079946205,10398675921,true,true,5dff3859ad319cb37301e68cfc6fde00723e3a42110ca93adb44c05e97098167
softmax_whole_stage_atc_trace_v1,softmax_whole_stage_operand_rate_atc,softmax_whole_stage_operand_rate_atc_v2,20260728_operand_rate_v2_final_normalization_session02_BCA,normalization,fp32,20260728_operand_rate_v2_final_normalization_session02_BCA_normalization_fp32,0,2,20260728_operand_rate_v2_final_normalization_session02_BCA_normalization_fp32_b0_r2_control,control,control,20260728_operand_rate_v2_final_normalization_session02_BCA_normalization_fp32_b0_r2_control_1785246475562,26,183217.67392982601,183217.67530453901,183217.67461718252,0.0013747129996772856,6.5770312275271863,10398723557,true,true,5dff3859ad319cb37301e68cfc6fde00723e3a42110ca93adb44c05e97098167
softmax_whole_stage_atc_trace_v1,softmax_whole_stage_operand_rate_atc,softmax_whole_stage_operand_rate_atc_v2,20260728_operand_rate_v2_final_normalization_session02_BCA,normalization,fp32,20260728_operand_rate_v2_final_normalization_session02_BCA_normalization_fp32,0,2,20260728_operand_rate_v2_final_normalization_session02_BCA_normalization_fp32_b0_r2_control,control,control,20260728_operand_rate_v2_final_normalization_session02_BCA_normalization_fp32_b0_r2_control_1785246475562,27,183217.92726213901,183217.929770344,183217.92851624149,0.0025082049833144993,6.8309302864945494,10398792631,true,true,5dff3859ad319cb37301e68cfc6fde00723e3a42110ca93adb44c05e97098167
softmax_whole_stage_atc_trace_v1,softmax_whole_stage_operand_rate_atc,softmax_whole_stage_operand_rate_atc_v2,20260728_operand_rate_v2_final_normalization_session02_BCA,normalization,fp32,20260728_operand_rate_v2_final_normalization_session02_BCA_normalization_fp32,0,2,20260728_operand_rate_v2_final_normalization_session02_BCA_normalization_fp32_b0_r2_control,control,control,20260728_operand_rate_v2_final_normalization_session02_BCA_normalization_fp32_b0_r2_control_1785246475562,28,183218.18174294999,183218.18307818199,183218.18241056599,0.0013352319947443902,7.0848246109962929,10398863525,true,true,5dff3859ad319cb37301e68cfc6fde00723e3a42110ca93adb44c05e97098167
softmax_whole_stage_atc_trace_v1,softmax_whole_stage_operand_rate_atc,softmax_whole_stage_operand_rate_atc_v2,20260728_operand_rate_v2_final_normalization_session02_BCA,normalization,fp32,20260728_operand_rate_v2_final_normalization_session02_BCA_normalization_fp32,0,2,20260728_operand_rate_v2_final_normalization_session02_BCA_normalization_fp32_b0_r2_control,control,control,20260728_operand_rate_v2_final_normalization_session02_BCA_normalization_fp32_b0_r2_control_1785246475562,29,183218.43504394,183218.43648724299,183218.43576559151,0.0014433029864449054,7.3381796365138143,10398911550,true,true,5dff3859ad319cb37301e68cfc6fde00723e3a42110ca93adb44c05e97098167
softmax_whole_stage_atc_trace_v1,softmax_whole_stage_operand_rate_atc,softmax_whole_stage_operand_rate_atc_v2,20260728_operand_rate_v2_final_normalization_session02_BCA,normalization,fp32,20260728_operand_rate_v2_final_normalization_session02_BCA_normalization_fp32,0,2,20260728_operand_rate_v2_final_normalization_session02_BCA_normalization_fp32_b0_r2_control,control,control,20260728_operand_rate_v2_final_normalization_session02_BCA_normalization_fp32_b0_r2_control_1785246475562,30,183218.68842540399,183218.69079532099,183218.68961036249,0.0023699169978499413,7.592024407495046,10398981380,true,true,5dff3859ad319cb37301e68cfc6fde00723e3a42110ca93adb44c05e97098167
softmax_whole_stage_atc_trace_v1,softmax_whole_stage_operand_rate_atc,softmax_whole_stage_operand_rate_atc_v2,20260728_operand_rate_v2_final_normalization_session02_BCA,normalization,fp32,20260728_operand_rate_v2_final_normalization_session02_BCA_normalization_fp32,0,2,20260728_operand_rate_v2_final_normalization_session02_BCA_normalization_fp32_b0_r2_control,control,control,20260728_operand_rate_v2_final_normalization_session02_BCA_normalization_fp32_b0_r2_control_1785246475562,31,183218.942766619,183218.94416832499,183218.94346747198,0.0014017059875186533,7.8458815169869922,10399028763,true,true,5dff3859ad319cb37301e68cfc6fde00723e3a42110ca93adb44c05e97098167
softmax_whole_stage_atc_trace_v1,softmax_whole_stage_operand_rate_atc,softmax_whole_stage_operand_rate_atc_v2,20260728_operand_rate_v2_final_normalization_session02_BCA,normalization,fp32,20260728_operand_rate_v2_final_normalization_session02_BCA_normalization_fp32,0,2,20260728_operand_rate_v2_final_normalization_session02_BCA_normalization_fp32_b0_r2_control,control,control,20260728_operand_rate_v2_final_normalization_session02_BCA_normalization_fp32_b0_r2_control_1785246475562,32,183219.19572747999,183219.19713684099,183219.1964321605,0.0014093609934207052,8.0988462055101991,10399097588,true,true,5dff3859ad319cb37301e68cfc6fde00723e3a42110ca93adb44c05e97098167
softmax_whole_stage_atc_trace_v1,softmax_whole_stage_operand_rate_atc,softmax_whole_stage_operand_rate_atc_v2,20260728_operand_rate_v2_final_normalization_session02_BCA,normalization,fp32,20260728_operand_rate_v2_final_normalization_session02_BCA_normalization_fp32,0,2,20260728_operand_rate_v2_final_normalization_session02_BCA_normalization_fp32_b0_r2_control,control,control,20260728_operand_rate_v2_final_normalization_session02_BCA_normalization_fp32_b0_r2_control_1785246475562,33,183219.44735875001,183219.44874625499,183219.4480525025,0.0013875049771741033,8.3504665475047659,10399144258,true,true,5dff3859ad319cb37301e68cfc6fde00723e3a42110ca93adb44c05e97098167
softmax_whole_stage_atc_trace_v1,softmax_whole_stage_operand_rate_atc,softmax_whole_stage_operand_rate_atc_v2,20260728_operand_rate_v2_final_normalization_session02_BCA,normalization,fp32,20260728_operand_rate_v2_final_normalization_session02_BCA_normalization_fp32,0,2,20260728_operand_rate_v2_final_normalization_session02_BCA_normalization_fp32_b0_r2_control,control,control,20260728_operand_rate_v2_final_normalization_session02_BCA_normalization_fp32_b0_r2_control_1785246475562,34,183219.70069106299,183219.702097906,183219.70139448449,0.00140684301732108,8.6038085295003839,10399212775,true,true,5dff3859ad319cb37301e68cfc6fde00723e3a42110ca93adb44c05e97098167
softmax_whole_stage_atc_trace_v1,softmax_whole_stage_operand_rate_atc,softmax_whole_stage_operand_rate_atc_v2,20260728_operand_rate_v2_final_normalization_session02_BCA,normalization,fp32,20260728_operand_rate_v2_final_normalization_session02_BCA_normalization_fp32,0,2,20260728_operand_rate_v2_final_normalization_session02_BCA_normalization_fp32_b0_r2_control,control,control,20260728_operand_rate_v2_final_normalization_session02_BCA_normalization_fp32_b0_r2_control_1785246475562,35,183219.95406759201,183219.955594492,183219.95483104201,0.001526899985037744,8.8572450870124158,10399259093,true,true,5dff3859ad319cb37301e68cfc6fde00723e3a42110ca93adb44c05e97098167
softmax_whole_stage_atc_trace_v1,softmax_whole_stage_operand_rate_atc,softmax_whole_stage_operand_rate_atc_v2,20260728_operand_rate_v2_final_normalization_session02_BCA,normalization,fp32,20260728_operand_rate_v2_final_normalization_session02_BCA_normalization_fp32,0,2,20260728_operand_rate_v2_final_normalization_session02_BCA_normalization_fp32_b0_r2_control,control,control,20260728_operand_rate_v2_final_normalization_session02_BCA_normalization_fp32_b0_r2_control_1785246475562,36,183220.206174961,183220.20756669599,183220.20687082849,0.0013917349861003458,9.1092848734988365,10399326926,true,true,5dff3859ad319cb37301e68cfc6fde00723e3a42110ca93adb44c05e97098167
softmax_whole_stage_atc_trace_v1,softmax_whole_stage_operand_rate_atc,softmax_whole_stage_operand_rate_atc_v2,20260728_operand_rate_v2_final_normalization_session02_BCA,normalization,fp32,20260728_operand_rate_v2_final_normalization_session02_BCA_normalization_fp32,0,2,20260728_operand_rate_v2_final_normalization_session02_BCA_normalization_fp32_b0_r2_control,control,control,20260728_operand_rate_v2_final_normalization_session02_BCA_normalization_fp32_b0_r2_control_1785246475562,37,183220.457875828,183220.462861518,183220.460368673,0.0049856900004670024,9.3627827180025633,10399372851,true,true,5dff3859ad319cb37301e68cfc6fde00723e3a42110ca93adb44c05e97098167
softmax_whole_stage_atc_trace_v1,softmax_whole_stage_operand_rate_atc,softmax_whole_stage_operand_rate_atc_v2,20260728_operand_rate_v2_final_normalization_session02_BCA,normalization,fp32,20260728_operand_rate_v2_final_normalization_session02_BCA_normalization_fp32,0,2,20260728_operand_rate_v2_final_normalization_session02_BCA_normalization_fp32_b0_r2_control,control,control,20260728_operand_rate_v2_final_normalization_session02_BCA_normalization_fp32_b0_r2_control_1785246475562,38,183220.715160469,183220.716536094,183220.71584828151,0.0013756249973084778,9.6182623265194707,10399444674,true,true,5dff3859ad319cb37301e68cfc6fde00723e3a42110ca93adb44c05e97098167
softmax_whole_stage_atc_trace_v1,softmax_whole_stage_operand_rate_atc,softmax_whole_stage_operand_rate_atc_v2,20260728_operand_rate_v2_final_normalization_session02_BCA,normalization,fp32,20260728_operand_rate_v2_final_normalization_session02_BCA_normalization_fp32,0,2,20260728_operand_rate_v2_final_normalization_session02_BCA_normalization_fp32_b0_r2_control,control,control,20260728_operand_rate_v2_final_normalization_session02_BCA_normalization_fp32_b0_r2_control_1785246475562,39,183220.96892528899,183220.970280971,183220.96960313001,0.0013556820049416274,9.8720171750173904,10399489381,true,true,5dff3859ad319cb37301e68cfc6fde00723e3a42110ca93adb44c05e97098167
softmax_whole_stage_atc_trace_v1,softmax_whole_stage_operand_rate_atc,softmax_whole_stage_operand_rate_atc_v2,20260728_operand_rate_v2_final_normalization_session02_BCA,normalization,fp32,20260728_operand_rate_v2_final_normalization_session02_BCA_normalization_fp32,0,2,20260728_operand_rate_v2_final_normalization_session02_BCA_normalization_fp32_b0_r2_control,control,control,20260728_operand_rate_v2_final_normalization_session02_BCA_normalization_fp32_b0_r2_control_1785246475562,40,183221.220410796,183221.221785915,183221.22109835548,0.001375118998112157,10.123512400488835,10399560654,true,true,5dff3859ad319cb37301e68cfc6fde00723e3a42110ca93adb44c05e97098167
softmax_whole_stage_atc_trace_v1,softmax_whole_stage_operand_rate_atc,softmax_whole_stage_operand_rate_atc_v2,20260728_operand_rate_v2_final_normalization_session02_BCA,normalization,fp32,20260728_operand_rate_v2_final_normalization_session02_BCA_normalization_fp32,0,2,20260728_operand_rate_v2_final_normalization_session02_BCA_normalization_fp32_b0_r2_control,control,control,20260728_operand_rate_v2_final_normalization_session02_BCA_normalization_fp32_b0_r2_control_1785246475562,41,183221.47265097901,183221.474013545,183221.47333226202,0.0013625659921672195,10.375746307021473,10399605559,true,true,5dff3859ad319cb37301e68cfc6fde00723e3a42110ca93adb44c05e97098167
softmax_whole_stage_atc_trace_v1,softmax_whole_stage_operand_rate_atc,softmax_whole_stage_operand_rate_atc_v2,20260728_operand_rate_v2_final_normalization_session02_BCA,normalization,fp32,20260728_operand_rate_v2_final_normalization_session02_BCA_normalization_fp32,0,2,20260728_operand_rate_v2_final_normalization_session02_BCA_normalization_fp32_b0_r2_control,control,control,20260728_operand_rate_v2_final_normalization_session02_BCA_normalization_fp32_b0_r2_control_1785246475562,42,183221.72418892401,183221.72555381901,183221.72487137152,0.0013648949970956892,10.627285416529048,10399677564,true,true,5dff3859ad319cb37301e68cfc6fde00723e3a42110ca93adb44c05e97098167
softmax_whole_stage_atc_trace_v1,softmax_whole_stage_operand_rate_atc,softmax_whole_stage_operand_rate_atc_v2,20260728_operand_rate_v2_final_normalization_session02_BCA,normalization,fp32,20260728_operand_rate_v2_final_normalization_session02_BCA_normalization_fp32,0,2,20260728_operand_rate_v2_final_normalization_session02_BCA_normalization_fp32_b0_r2_control,control,control,20260728_operand_rate_v2_final_normalization_session02_BCA_normalization_fp32_b0_r2_control_1785246475562,43,183221.975724844,183221.98005995099,183221.9778923975,0.0043351069907657802,10.880306442501023,10399723068,true,true,5dff3859ad319cb37301e68cfc6fde00723e3a42110ca93adb44c05e97098167
softmax_whole_stage_atc_trace_v1,softmax_whole_stage_operand_rate_atc,softmax_whole_stage_operand_rate_atc_v2,20260728_operand_rate_v2_final_normalization_session02_BCA,normalization,fp32,20260728_operand_rate_v2_final_normalization_session02_BCA_normalization_fp32,0,2,20260728_operand_rate_v2_final_normalization_session02_BCA_normalization_fp32_b0_r2_control,control,control,20260728_operand_rate_v2_final_normalization_session02_BCA_normalization_fp32_b0_r2_control_1785246475562,44,183222.23028462901,183222.23165256099,183222.23096859502,0.0013679319818038493,11.133382640022319,10399794870,true,true,5dff3859ad319cb37301e68cfc6fde00723e3a42110ca93adb44c05e97098167
softmax_whole_stage_atc_trace_v1,softmax_whole_stage_operand_rate_atc,softmax_whole_stage_operand_rate_atc_v2,20260728_operand_rate_v2_final_normalization_session02_BCA,normalization,fp32,20260728_operand_rate_v2_final_normalization_session02_BCA_normalization_fp32,0,2,20260728_operand_rate_v2_final_normalization_session02_BCA_normalization_fp32_b0_r2_control,control,control,20260728_operand_rate_v2_final_normalization_session02_BCA_normalization_fp32_b0_r2_control_1785246475562,45,183222.482326906,183222.48593851601,183222.48413271102,0.0036116100091021508,11.386546756024472,10399840298,true,true,5dff3859ad319cb37301e68cfc6fde00723e3a42110ca93adb44c05e97098167
softmax_whole_stage_atc_trace_v1,softmax_whole_stage_operand_rate_atc,softmax_whole_stage_operand_rate_atc_v2,20260728_operand_rate_v2_final_normalization_session02_BCA,normalization,fp32,20260728_operand_rate_v2_final_normalization_session02_BCA_normalization_fp32,0,2,20260728_operand_rate_v2_final_normalization_session02_BCA_normalization_fp32_b0_r2_control,control,control,20260728_operand_rate_v2_final_normalization_session02_BCA_normalization_fp32_b0_r2_control_1785246475562,46,183222.73614257801,183222.737525298,183222.73683393799,0.0013827199873048812,11.639247982995585,10399912085,true,true,5dff3859ad319cb37301e68cfc6fde00723e3a42110ca93adb44c05e97098167
softmax_whole_stage_atc_trace_v1,softmax_whole_stage_operand_rate_atc,softmax_whole_stage_operand_rate_atc_v2,20260728_operand_rate_v2_final_normalization_session02_BCA,normalization,fp32,20260728_operand_rate_v2_final_normalization_session02_BCA_normalization_fp32,0,2,20260728_operand_rate_v2_final_normalization_session02_BCA_normalization_fp32_b0_r2_control,control,control,20260728_operand_rate_v2_final_normalization_session02_BCA_normalization_fp32_b0_r2_control_1785246475562,47,183222.98770156101,183222.99230241901,183222.99000198999,0.0046008579956833273,11.892416034999769,10399957458,true,true,5dff3859ad319cb37301e68cfc6fde00723e3a42110ca93adb44c05e97098167
softmax_whole_stage_atc_trace_v1,softmax_whole_stage_operand_rate_atc,softmax_whole_stage_operand_rate_atc_v2,20260728_operand_rate_v2_final_normalization_session02_BCA,normalization,fp32,20260728_operand_rate_v2_final_normalization_session02_BCA_normalization_fp32,0,2,20260728_operand_rate_v2_final_normalization_session02_BCA_normalization_fp32_b0_r2_control,control,control,20260728_operand_rate_v2_final_normalization_session02_BCA_normalization_fp32_b0_r2_control_1785246475562,48,183223.24267011799,183223.244041589,183223.24335585348,0.0013714710075873882,12.145769898488652,10400029221,true,true,5dff3859ad319cb37301e68cfc6fde00723e3a42110ca93adb44c05e97098167
softmax_whole_stage_atc_trace_v1,softmax_whole_stage_operand_rate_atc,softmax_whole_stage_operand_rate_atc_v2,20260728_operand_rate_v2_final_normalization_session02_BCA,normalization,fp32,20260728_operand_rate_v2_final_normalization_session02_BCA_normalization_fp32,0,2,20260728_operand_rate_v2_final_normalization_session02_BCA_normalization_fp32_b0_r2_control,control,control,20260728_operand_rate_v2_final_normalization_session02_BCA_normalization_fp32_b0_r2_control_1785246475562,49,183223.495028898,183223.498982277,183223.4970055875,0.0039533789968118072,12.399419632507488,10400074621,true,true,5dff3859ad319cb37301e68cfc6fde00723e3a42110ca93adb44c05e97098167
softmax_whole_stage_atc_trace_v1,softmax_whole_stage_operand_rate_atc,softmax_whole_stage_operand_rate_atc_v2,20260728_operand_rate_v2_final_normalization_session02_BCA,normalization,fp32,20260728_operand_rate_v2_final_normalization_session02_BCA_normalization_fp32,0,2,20260728_operand_rate_v2_final_normalization_session02_BCA_normalization_fp32_b0_r2_control,control,control,20260728_operand_rate_v2_final_normalization_session02_BCA_normalization_fp32_b0_r2_control_1785246475562,50,183223.74928319201,183223.75068303899,183223.7499831155,0.0013998469803482294,12.652397160505643,10400146300,true,true,5dff3859ad319cb37301e68cfc6fde00723e3a42110ca93adb44c05e97098167
softmax_whole_stage_atc_trace_v1,softmax_whole_stage_operand_rate_atc,softmax_whole_stage_operand_rate_atc_v2,20260728_operand_rate_v2_final_normalization_session02_BCA,normalization,fp32,20260728_operand_rate_v2_final_normalization_session02_BCA_normalization_fp32,0,2,20260728_operand_rate_v2_final_normalization_session02_BCA_normalization_fp32_b0_r2_control,control,control,20260728_operand_rate_v2_final_normalization_session02_BCA_normalization_fp32_b0_r2_control_1785246475562,51,183224.00098628399,183224.00557721101,183224.00328174751,0.0045909270120318979,12.905695792520419,10400191664,true,true,5dff3859ad319cb37301e68cfc6fde00723e3a42110ca93adb44c05e97098167
softmax_whole_stage_atc_trace_v1,softmax_whole_stage_operand_rate_atc,softmax_whole_stage_operand_rate_atc_v2,20260728_operand_rate_v2_final_normalization_session02_BCA,normalization,fp32,20260728_operand_rate_v2_final_normalization_session02_BCA_normalization_fp32,0,2,20260728_operand_rate_v2_final_normalization_session02_BCA_normalization_fp32_b0_r2_control,control,control,20260728_operand_rate_v2_final_normalization_session02_BCA_normalization_fp32_b0_r2_control_1785246475562,52,183224.25607006799,183224.25744356599,183224.25675681699,0.0013734980020672083,13.159170861996245,10400263310,true,false,5dff3859ad319cb37301e68cfc6fde00723e3a42110ca93adb44c05e97098167
softmax_whole_stage_atc_trace_v1,softmax_whole_stage_operand_rate_atc,softmax_whole_stage_operand_rate_atc_v2,20260728_operand_rate_v2_final_normalization_session02_BCA,normalization,fp32,20260728_operand_rate_v2_final_normalization_session02_BCA_normalization_fp32,0,2,20260728_operand_rate_v2_final_normalization_session02_BCA_normalization_fp32_b0_r2_control,control,control,20260728_operand_rate_v2_final_normalization_session02_BCA_normalization_fp32_b0_r2_control_1785246475562,53,183224.50776951201,183224.51211893899,183224.50994422549,0.0043494269775692374,13.412358270492405,10400308648,true,false,5dff3859ad319cb37301e68cfc6fde00723e3a42110ca93adb44c05e97098167
softmax_whole_stage_atc_trace_v1,softmax_whole_stage_operand_rate_atc,softmax_whole_stage_operand_rate_atc_v2,20260728_operand_rate_v2_final_normalization_session02_BCA,normalization,fp32,20260728_operand_rate_v2_final_normalization_session02_BCA_normalization_fp32,0,2,20260728_operand_rate_v2_final_normalization_session02_BCA_normalization_fp32_b0_r2_control,control,control,20260728_operand_rate_v2_final_normalization_session02_BCA_normalization_fp32_b0_r2_control_1785246475562,54,183224.76225902201,183224.763698697,183224.76297885951,0.0014396749902516603,13.665392904513283,10400364980,true,false,5dff3859ad319cb37301e68cfc6fde00723e3a42110ca93adb44c05e97098167
softmax_whole_stage_atc_trace_v1,softmax_whole_stage_operand_rate_atc,softmax_whole_stage_operand_rate_atc_v2,20260728_operand_rate_v2_final_normalization_session02_BCA,normalization,fp32,20260728_operand_rate_v2_final_normalization_session02_BCA_normalization_fp32,0,2,20260728_operand_rate_v2_final_normalization_session02_BCA_normalization_fp32_b0_r2_control,control,control,20260728_operand_rate_v2_final_normalization_session02_BCA_normalization_fp32_b0_r2_control_1785246475562,55,183224.76370822301,183224.76490376299,183224.76430599298,0.0011955399822909385,13.666720037988853,10400364980,false,false,5dff3859ad319cb37301e68cfc6fde00723e3a42110ca93adb44c05e97098167
softmax_whole_stage_atc_trace_v1,softmax_whole_stage_operand_rate_atc,softmax_whole_stage_operand_rate_atc_v2,20260728_operand_rate_v2_final_normalization_session02_BCA,normalization,fp32,20260728_operand_rate_v2_final_normalization_session02_BCA_normalization_fp32,1,0,20260728_operand_rate_v2_final_normalization_session02_BCA_normalization_fp32_b1_r0_treatment,treatment,treatment,20260728_operand_rate_v2_final_normalization_session02_BCA_normalization_fp32_b1_r0_treatment_1785246489837,0,183225.79204446901,183225.79326727,183225.7926558695,0.0012228009873069823,0.00061677148914895952,10400499632,false,false,5dff3859ad319cb37301e68cfc6fde00723e3a42110ca93adb44c05e97098167
softmax_whole_stage_atc_trace_v1,softmax_whole_stage_operand_rate_atc,softmax_whole_stage_operand_rate_atc_v2,20260728_operand_rate_v2_final_normalization_session02_BCA,normalization,fp32,20260728_operand_rate_v2_final_normalization_session02_BCA_normalization_fp32,1,0,20260728_operand_rate_v2_final_normalization_session02_BCA_normalization_fp32_b1_r0_treatment,treatment,treatment,20260728_operand_rate_v2_final_normalization_session02_BCA_normalization_fp32_b1_r0_treatment_1785246489837,1,183226.04396332,183226.045311786,183226.04463755299,0.0013484660012181848,0.25259845497203059,10400539789,true,false,5dff3859ad319cb37301e68cfc6fde00723e3a42110ca93adb44c05e97098167
softmax_whole_stage_atc_trace_v1,softmax_whole_stage_operand_rate_atc,softmax_whole_stage_operand_rate_atc_v2,20260728_operand_rate_v2_final_normalization_session02_BCA,normalization,fp32,20260728_operand_rate_v2_final_normalization_session02_BCA_normalization_fp32,1,0,20260728_operand_rate_v2_final_normalization_session02_BCA_normalization_fp32_b1_r0_treatment,treatment,treatment,20260728_operand_rate_v2_final_normalization_session02_BCA_normalization_fp32_b1_r0_treatment_1785246489837,2,183226.29556861601,183226.29697241599,183226.296270516,0.0014037999790161848,0.50423141798819415,10400607805,true,false,5dff3859ad319cb37301e68cfc6fde00723e3a42110ca93adb44c05e97098167
softmax_whole_stage_atc_trace_v1,softmax_whole_stage_operand_rate_atc,softmax_whole_stage_operand_rate_atc_v2,20260728_operand_rate_v2_final_normalization_session02_BCA,normalization,fp32,20260728_operand_rate_v2_final_normalization_session02_BCA_normalization_fp32,1,0,20260728_operand_rate_v2_final_normalization_session02_BCA_normalization_fp32_b1_r0_treatment,treatment,treatment,20260728_operand_rate_v2_final_normalization_session02_BCA_normalization_fp32_b1_r0_treatment_1785246489837,3,183226.549070846,183226.55051680401,183226.54979382502,0.0014459580124821514,0.7577547270047944,10400654643,true,true,5dff3859ad319cb37301e68cfc6fde00723e3a42110ca93adb44c05e97098167
softmax_whole_stage_atc_trace_v1,softmax_whole_stage_operand_rate_atc,softmax_whole_stage_operand_rate_atc_v2,20260728_operand_rate_v2_final_normalization_session02_BCA,normalization,fp32,20260728_operand_rate_v2_final_normalization_session02_BCA_normalization_fp32,1,0,20260728_operand_rate_v2_final_normalization_session02_BCA_normalization_fp32_b1_r0_treatment,treatment,treatment,20260728_operand_rate_v2_final_normalization_session02_BCA_normalization_fp32_b1_r0_treatment_1785246489837,4,183226.80402551999,183226.80538787,183226.80470669499,0.0013623500126414001,1.0126675969804637,10400723251,true,true,5dff3859ad319cb37301e68cfc6fde00723e3a42110ca93adb44c05e97098167
softmax_whole_stage_atc_trace_v1,softmax_whole_stage_operand_rate_atc,softmax_whole_stage_operand_rate_atc_v2,20260728_operand_rate_v2_final_normalization_session02_BCA,normalization,fp32,20260728_operand_rate_v2_final_normalization_session02_BCA_normalization_fp32,1,0,20260728_operand_rate_v2_final_normalization_session02_BCA_normalization_fp32_b1_r0_treatment,treatment,treatment,20260728_operand_rate_v2_final_normalization_session02_BCA_normalization_fp32_b1_r0_treatment_1785246489837,5,183227.05889506501,183227.06022508701,183227.05956007601,0.0013300220016390085,1.2675209779990837,10400769760,true,true,5dff3859ad319cb37301e68cfc6fde00723e3a42110ca93adb44c05e97098167
softmax_whole_stage_atc_trace_v1,softmax_whole_stage_operand_rate_atc,softmax_whole_stage_operand_rate_atc_v2,20260728_operand_rate_v2_final_normalization_session02_BCA,normalization,fp32,20260728_operand_rate_v2_final_normalization_session02_BCA_normalization_fp32,1,0,20260728_operand_rate_v2_final_normalization_session02_BCA_normalization_fp32_b1_r0_treatment,treatment,treatment,20260728_operand_rate_v2_final_normalization_session02_BCA_normalization_fp32_b1_r0_treatment_1785246489837,6,183227.31132468299,183227.31271439599,183227.31201953947,0.0013897129974793643,1.5199804414587561,10400837630,true,true,5dff3859ad319cb37301e68cfc6fde00723e3a42110ca93adb44c05e97098167
softmax_whole_stage_atc_trace_v1,softmax_whole_stage_operand_rate_atc,softmax_whole_stage_operand_rate_atc_v2,20260728_operand_rate_v2_final_normalization_session02_BCA,normalization,fp32,20260728_operand_rate_v2_final_normalization_session02_BCA_normalization_fp32,1,0,20260728_operand_rate_v2_final_normalization_session02_BCA_normalization_fp32_b1_r0_treatment,treatment,treatment,20260728_operand_rate_v2_final_normalization_session02_BCA_normalization_fp32_b1_r0_treatment_1785246489837,7,183227.56625270401,183227.567580395,183227.56691654952,0.0013276909885462373,1.7748774515057448,10400883903,true,true,5dff3859ad319cb37301e68cfc6fde00723e3a42110ca93adb44c05e97098167
softmax_whole_stage_atc_trace_v1,softmax_whole_stage_operand_rate_atc,softmax_whole_stage_operand_rate_atc_v2,20260728_operand_rate_v2_final_normalization_session02_BCA,normalization,fp32,20260728_operand_rate_v2_final_normalization_session02_BCA_normalization_fp32,1,0,20260728_operand_rate_v2_final_normalization_session02_BCA_normalization_fp32_b1_r0_treatment,treatment,treatment,20260728_operand_rate_v2_final_normalization_session02_BCA_normalization_fp32_b1_r0_treatment_1785246489837,8,183227.821108264,183227.822491795,183227.82180002949,0.0013835309946443886,2.0297609314729925,10400951529,true,true,5dff3859ad319cb37301e68cfc6fde00723e3a42110ca93adb44c05e97098167
softmax_whole_stage_atc_trace_v1,softmax_whole_stage_operand_rate_atc,softmax_whole_stage_operand_rate_atc_v2,20260728_operand_rate_v2_final_normalization_session02_BCA,normalization,fp32,20260728_operand_rate_v2_final_normalization_session02_BCA_normalization_fp32,1,0,20260728_operand_rate_v2_final_normalization_session02_BCA_normalization_fp32_b1_r0_treatment,treatment,treatment,20260728_operand_rate_v2_final_normalization_session02_BCA_normalization_fp32_b1_r0_treatment_1785246489837,9,183228.07598358599,183228.078095467,183228.07703952648,0.0021118810109328479,2.2850004284700844,10400997002,true,true,5dff3859ad319cb37301e68cfc6fde00723e3a42110ca93adb44c05e97098167
softmax_whole_stage_atc_trace_v1,softmax_whole_stage_operand_rate_atc,softmax_whole_stage_operand_rate_atc_v2,20260728_operand_rate_v2_final_normalization_session02_BCA,normalization,fp32,20260728_operand_rate_v2_final_normalization_session02_BCA_normalization_fp32,1,0,20260728_operand_rate_v2_final_normalization_session02_BCA_normalization_fp32_b1_r0_treatment,treatment,treatment,20260728_operand_rate_v2_final_normalization_session02_BCA_normalization_fp32_b1_r0_treatment_1785246489837,10,183228.32849863599,183228.32990172601,183228.329200181,0.0014030900201760232,2.5371610829897691,10401068577,true,true,5dff3859ad319cb37301e68cfc6fde00723e3a42110ca93adb44c05e97098167
softmax_whole_stage_atc_trace_v1,softmax_whole_stage_operand_rate_atc,softmax_whole_stage_operand_rate_atc_v2,20260728_operand_rate_v2_final_normalization_session02_BCA,normalization,fp32,20260728_operand_rate_v2_final_normalization_session02_BCA_normalization_fp32,1,0,20260728_operand_rate_v2_final_normalization_session02_BCA_normalization_fp32_b1_r0_treatment,treatment,treatment,20260728_operand_rate_v2_final_normalization_session02_BCA_normalization_fp32_b1_r0_treatment_1785246489837,11,183228.58336058099,183228.584758604,183228.58405959251,0.0013980230141896755,2.7920204944966827,10401113964,true,true,5dff3859ad319cb37301e68cfc6fde00723e3a42110ca93adb44c05e97098167
softmax_whole_stage_atc_trace_v1,softmax_whole_stage_operand_rate_atc,softmax_whole_stage_operand_rate_atc_v2,20260728_operand_rate_v2_final_normalization_session02_BCA,normalization,fp32,20260728_operand_rate_v2_final_normalization_session02_BCA_normalization_fp32,1,0,20260728_operand_rate_v2_final_normalization_session02_BCA_normalization_fp32_b1_r0_treatment,treatment,treatment,20260728_operand_rate_v2_final_normalization_session02_BCA_normalization_fp32_b1_r0_treatment_1785246489837,12,183228.83825799599,183228.83962713601,183228.83894256601,0.0013691400235984474,3.0469034679990727,10401185623,true,true,5dff3859ad319cb37301e68cfc6fde00723e3a42110ca93adb44c05e97098167
softmax_whole_stage_atc_trace_v1,softmax_whole_stage_operand_rate_atc,softmax_whole_stage_operand_rate_atc_v2,20260728_operand_rate_v2_final_normalization_session02_BCA,normalization,fp32,20260728_operand_rate_v2_final_normalization_session02_BCA_normalization_fp32,1,0,20260728_operand_rate_v2_final_normalization_session02_BCA_normalization_fp32_b1_r0_treatment,treatment,treatment,20260728_operand_rate_v2_final_normalization_session02_BCA_normalization_fp32_b1_r0_treatment_1785246489837,13,183229.093166559,183229.09454218499,183229.09385437198,0.0013756259868387133,3.3018152739678044,10401230327,true,true,5dff3859ad319cb37301e68cfc6fde00723e3a42110ca93adb44c05e97098167
softmax_whole_stage_atc_trace_v1,softmax_whole_stage_operand_rate_atc,softmax_whole_stage_operand_rate_atc_v2,20260728_operand_rate_v2_final_normalization_session02_BCA,normalization,fp32,20260728_operand_rate_v2_final_normalization_session02_BCA_normalization_fp32,1,0,20260728_operand_rate_v2_final_normalization_session02_BCA_normalization_fp32_b1_r0_treatment,treatment,treatment,20260728_operand_rate_v2_final_normalization_session02_BCA_normalization_fp32_b1_r0_treatment_1785246489837,14,183229.34477388201,183229.346132381,183229.34545313151,0.0013584989937953651,3.5534140334930271,10401301373,true,true,5dff3859ad319cb37301e68cfc6fde00723e3a42110ca93adb44c05e97098167
softmax_whole_stage_atc_trace_v1,softmax_whole_stage_operand_rate_atc,softmax_whole_stage_operand_rate_atc_v2,20260728_operand_rate_v2_final_normalization_session02_BCA,normalization,fp32,20260728_operand_rate_v2_final_normalization_session02_BCA_normalization_fp32,1,0,20260728_operand_rate_v2_final_normalization_session02_BCA_normalization_fp32_b1_r0_treatment,treatment,treatment,20260728_operand_rate_v2_final_normalization_session02_BCA_normalization_fp32_b1_r0_treatment_1785246489837,15,183229.599628834,183229.60101834399,183229.60032358899,0.0013895099982619286,3.8082844909804408,10401346127,true,true,5dff3859ad319cb37301e68cfc6fde00723e3a42110ca93adb44c05e97098167
softmax_whole_stage_atc_trace_v1,softmax_whole_stage_operand_rate_atc,softmax_whole_stage_operand_rate_atc_v2,20260728_operand_rate_v2_final_normalization_session02_BCA,normalization,fp32,20260728_operand_rate_v2_final_normalization_session02_BCA_normalization_fp32,1,0,20260728_operand_rate_v2_final_normalization_session02_BCA_normalization_fp32_b1_r0_treatment,treatment,treatment,20260728_operand_rate_v2_final_normalization_session02_BCA_normalization_fp32_b1_r0_treatment_1785246489837,16,183229.85455219299,183229.85597767899,183229.85526493599,0.001425485999789089,4.0632258379773702,10401417382,true,true,5dff3859ad319cb37301e68cfc6fde00723e3a42110ca93adb44c05e97098167
softmax_whole_stage_atc_trace_v1,softmax_whole_stage_operand_rate_atc,softmax_whole_stage_operand_rate_atc_v2,20260728_operand_rate_v2_final_normalization_session02_BCA,normalization,fp32,20260728_operand_rate_v2_final_normalization_session02_BCA_normalization_fp32,1,0,20260728_operand_rate_v2_final_normalization_session02_BCA_normalization_fp32_b1_r0_treatment,treatment,treatment,20260728_operand_rate_v2_final_normalization_session02_BCA_normalization_fp32_b1_r0_treatment_1785246489837,17,183230.10713382499,183230.108516849,183230.10782533698,0.0013830240059178323,4.3157862389634829,10401461410,true,true,5dff3859ad319cb37301e68cfc6fde00723e3a42110ca93adb44c05e97098167
softmax_whole_stage_atc_trace_v1,softmax_whole_stage_operand_rate_atc,softmax_whole_stage_operand_rate_atc_v2,20260728_operand_rate_v2_final_normalization_session02_BCA,normalization,fp32,20260728_operand_rate_v2_final_normalization_session02_BCA_normalization_fp32,1,0,20260728_operand_rate_v2_final_normalization_session02_BCA_normalization_fp32_b1_r0_treatment,treatment,treatment,20260728_operand_rate_v2_final_normalization_session02_BCA_normalization_fp32_b1_r0_treatment_1785246489837,18,183230.35931018801,183230.36072006801,183230.36001512801,0.0014098800020292401,4.5679760299972259,10401532303,true,true,5dff3859ad319cb37301e68cfc6fde00723e3a42110ca93adb44c05e97098167
softmax_whole_stage_atc_trace_v1,softmax_whole_stage_operand_rate_atc,softmax_whole_stage_operand_rate_atc_v2,20260728_operand_rate_v2_final_normalization_session02_BCA,normalization,fp32,20260728_operand_rate_v2_final_normalization_session02_BCA_normalization_fp32,1,0,20260728_operand_rate_v2_final_normalization_session02_BCA_normalization_fp32_b1_r0_treatment,treatment,treatment,20260728_operand_rate_v2_final_normalization_session02_BCA_normalization_fp32_b1_r0_treatment_1785246489837,19,183230.611601777,183230.61303820901,183230.612319993,0.0014364320086315274,4.8202808949863538,10401576698,true,true,5dff3859ad319cb37301e68cfc6fde00723e3a42110ca93adb44c05e97098167
softmax_whole_stage_atc_trace_v1,softmax_whole_stage_operand_rate_atc,softmax_whole_stage_operand_rate_atc_v2,20260728_operand_rate_v2_final_normalization_session02_BCA,normalization,fp32,20260728_operand_rate_v2_final_normalization_session02_BCA_normalization_fp32,1,0,20260728_operand_rate_v2_final_normalization_session02_BCA_normalization_fp32_b1_r0_treatment,treatment,treatment,20260728_operand_rate_v2_final_normalization_session02_BCA_normalization_fp32_b1_r0_treatment_1785246489837,20,183230.86806507199,183230.86949869001,183230.868781881,0.0014336180174723268,5.0767427829850931,10401647889,true,true,5dff3859ad319cb37301e68cfc6fde00723e3a42110ca93adb44c05e97098167
softmax_whole_stage_atc_trace_v1,softmax_whole_stage_operand_rate_atc,softmax_whole_stage_operand_rate_atc_v2,20260728_operand_rate_v2_final_normalization_session02_BCA,normalization,fp32,20260728_operand_rate_v2_final_normalization_session02_BCA_normalization_fp32,1,0,20260728_operand_rate_v2_final_normalization_session02_BCA_normalization_fp32_b1_r0_treatment,treatment,treatment,20260728_operand_rate_v2_final_normalization_session02_BCA_normalization_fp32_b1_r0_treatment_1785246489837,21,183231.11969628499,183231.12129346799,183231.12049487649,0.001597182999830693,5.3284557784791104,10401692022,true,true,5dff3859ad319cb37301e68cfc6fde00723e3a42110ca93adb44c05e97098167
softmax_whole_stage_atc_trace_v1,softmax_whole_stage_operand_rate_atc,softmax_whole_stage_operand_rate_atc_v2,20260728_operand_rate_v2_final_normalization_session02_BCA,normalization,fp32,20260728_operand_rate_v2_final_normalization_session02_BCA_normalization_fp32,1,0,20260728_operand_rate_v2_final_normalization_session02_BCA_normalization_fp32_b1_r0_treatment,treatment,treatment,20260728_operand_rate_v2_final_normalization_session02_BCA_normalization_fp32_b1_r0_treatment_1785246489837,22,183231.37149576901,183231.37291711199,183231.37220644049,0.0014213429822120816,5.580167342472123,10401763680,true,true,5dff3859ad319cb37301e68cfc6fde00723e3a42110ca93adb44c05e97098167
softmax_whole_stage_atc_trace_v1,softmax_whole_stage_operand_rate_atc,softmax_whole_stage_operand_rate_atc_v2,20260728_operand_rate_v2_final_normalization_session02_BCA,normalization,fp32,20260728_operand_rate_v2_final_normalization_session02_BCA_normalization_fp32,1,0,20260728_operand_rate_v2_final_normalization_session02_BCA_normalization_fp32_b1_r0_treatment,treatment,treatment,20260728_operand_rate_v2_final_normalization_session02_BCA_normalization_fp32_b1_r0_treatment_1785246489837,23,183231.62651161,183231.62794226201,183231.62722693599,0.0014306520170066506,5.8351878379762638,10401809667,true,true,5dff3859ad319cb37301e68cfc6fde00723e3a42110ca93adb44c05e97098167
softmax_whole_stage_atc_trace_v1,softmax_whole_stage_operand_rate_atc,softmax_whole_stage_operand_rate_atc_v2,20260728_operand_rate_v2_final_normalization_session02_BCA,normalization,fp32,20260728_operand_rate_v2_final_normalization_session02_BCA_normalization_fp32,1,0,20260728_operand_rate_v2_final_normalization_session02_BCA_normalization_fp32_b1_r0_treatment,treatment,treatment,20260728_operand_rate_v2_final_normalization_session02_BCA_normalization_fp32_b1_r0_treatment_1785246489837,24,183231.88297835601,183231.88433290299,183231.8836556295,0.0013545469846576452,6.0916165314847603,10401877613,true,true,5dff3859ad319cb37301e68cfc6fde00723e3a42110ca93adb44c05e97098167
softmax_whole_stage_atc_trace_v1,softmax_whole_stage_operand_rate_atc,softmax_whole_stage_operand_rate_atc_v2,20260728_operand_rate_v2_final_normalization_session02_BCA,normalization,fp32,20260728_operand_rate_v2_final_normalization_session02_BCA_normalization_fp32,1,0,20260728_operand_rate_v2_final_normalization_session02_BCA_normalization_fp32_b1_r0_treatment,treatment,treatment,20260728_operand_rate_v2_final_normalization_session02_BCA_normalization_fp32_b1_r0_treatment_1785246489837,25,183232.140252696,183232.14394736901,183232.14210003251,0.0036946730106137693,6.3500609344919212,10401923522,true,true,5dff3859ad319cb37301e68cfc6fde00723e3a42110ca93adb44c05e97098167
softmax_whole_stage_atc_trace_v1,softmax_whole_stage_operand_rate_atc,softmax_whole_stage_operand_rate_atc_v2,20260728_operand_rate_v2_final_normalization_session02_BCA,normalization,fp32,20260728_operand_rate_v2_final_normalization_session02_BCA_normalization_fp32,1,0,20260728_operand_rate_v2_final_normalization_session02_BCA_normalization_fp32_b1_r0_treatment,treatment,treatment,20260728_operand_rate_v2_final_normalization_session02_BCA_normalization_fp32_b1_r0_treatment_1785246489837,26,183232.39765050099,183232.39904207701,183232.398346289,0.0013915760209783912,6.6063071909884457,10401995187,true,true,5dff3859ad319cb37301e68cfc6fde00723e3a42110ca93adb44c05e97098167
softmax_whole_stage_atc_trace_v1,softmax_whole_stage_operand_rate_atc,softmax_whole_stage_operand_rate_atc_v2,20260728_operand_rate_v2_final_normalization_session02_BCA,normalization,fp32,20260728_operand_rate_v2_final_normalization_session02_BCA_normalization_fp32,1,0,20260728_operand_rate_v2_final_normalization_session02_BCA_normalization_fp32_b1_r0_treatment,treatment,treatment,20260728_operand_rate_v2_final_normalization_session02_BCA_normalization_fp32_b1_r0_treatment_1785246489837,27,183232.65322771901,183232.655113569,183232.654170644,0.0018858499825000763,6.8621315459895413,10402040321,true,true,5dff3859ad319cb37301e68cfc6fde00723e3a42110ca93adb44c05e97098167
softmax_whole_stage_atc_trace_v1,softmax_whole_stage_operand_rate_atc,softmax_whole_stage_operand_rate_atc_v2,20260728_operand_rate_v2_final_normalization_session02_BCA,normalization,fp32,20260728_operand_rate_v2_final_normalization_session02_BCA_normalization_fp32,1,0,20260728_operand_rate_v2_final_normalization_session02_BCA_normalization_fp32_b1_r0_treatment,treatment,treatment,20260728_operand_rate_v2_final_normalization_session02_BCA_normalization_fp32_b1_r0_treatment_1785246489837,28,183232.91049541,183232.91192687899,183232.9112111445,0.0014314689906314015,7.1191720464848913,10402112005,true,true,5dff3859ad319cb37301e68cfc6fde00723e3a42110ca93adb44c05e97098167
softmax_whole_stage_atc_trace_v1,softmax_whole_stage_operand_rate_atc,softmax_whole_stage_operand_rate_atc_v2,20260728_operand_rate_v2_final_normalization_session02_BCA,normalization,fp32,20260728_operand_rate_v2_final_normalization_session02_BCA_normalization_fp32,1,0,20260728_operand_rate_v2_final_normalization_session02_BCA_normalization_fp32_b1_r0_treatment,treatment,treatment,20260728_operand_rate_v2_final_normalization_session02_BCA_normalization_fp32_b1_r0_treatment_1785246489837,29,183233.16779654901,183233.169238453,183233.16851750101,0.0014419039944186807,7.3764784029917791,10402156782,true,true,5dff3859ad319cb37301e68cfc6fde00723e3a42110ca93adb44c05e97098167
softmax_whole_stage_atc_trace_v1,softmax_whole_stage_operand_rate_atc,softmax_whole_stage_operand_rate_atc_v2,20260728_operand_rate_v2_final_normalization_session02_BCA,normalization,fp32,20260728_operand_rate_v2_final_normalization_session02_BCA_normalization_fp32,1,0,20260728_operand_rate_v2_final_normalization_session02_BCA_normalization_fp32_b1_r0_treatment,treatment,treatment,20260728_operand_rate_v2_final_normalization_session02_BCA_normalization_fp32_b1_r0_treatment_1785246489837,30,183233.419484535,183233.42090557099,183233.42019505298,0.0014210359950084239,7.6281559549679514,10402227924,true,true,5dff3859ad319cb37301e68cfc6fde00723e3a42110ca93adb44c05e97098167
softmax_whole_stage_atc_trace_v1,softmax_whole_stage_operand_rate_atc,softmax_whole_stage_operand_rate_atc_v2,20260728_operand_rate_v2_final_normalization_session02_BCA,normalization,fp32,20260728_operand_rate_v2_final_normalization_session02_BCA_normalization_fp32,1,0,20260728_operand_rate_v2_final_normalization_session02_BCA_normalization_fp32_b1_r0_treatment,treatment,treatment,20260728_operand_rate_v2_final_normalization_session02_BCA_normalization_fp32_b1_r0_treatment_1785246489837,31,183233.675636325,183233.67775079701,183233.67669356102,0.002114472008543089,7.884654463006882,10402273342,true,true,5dff3859ad319cb37301e68cfc6fde00723e3a42110ca93adb44c05e97098167
softmax_whole_stage_atc_trace_v1,softmax_whole_stage_operand_rate_atc,softmax_whole_stage_operand_rate_atc_v2,20260728_operand_rate_v2_final_normalization_session02_BCA,normalization,fp32,20260728_operand_rate_v2_final_normalization_session02_BCA_normalization_fp32,1,0,20260728_operand_rate_v2_final_normalization_session02_BCA_normalization_fp32_b1_r0_treatment,treatment,treatment,20260728_operand_rate_v2_final_normalization_session02_BCA_normalization_fp32_b1_r0_treatment_1785246489837,32,183233.933377626,183233.93481963201,183233.93409862899,0.0014420060033444315,8.1420595309755299,10402345338,true,true,5dff3859ad319cb37301e68cfc6fde00723e3a42110ca93adb44c05e97098167
softmax_whole_stage_atc_trace_v1,softmax_whole_stage_operand_rate_atc,softmax_whole_stage_operand_rate_atc_v2,20260728_operand_rate_v2_final_normalization_session02_BCA,normalization,fp32,20260728_operand_rate_v2_final_normalization_session02_BCA_normalization_fp32,1,0,20260728_operand_rate_v2_final_normalization_session02_BCA_normalization_fp32_b1_r0_treatment,treatment,treatment,20260728_operand_rate_v2_final_normalization_session02_BCA_normalization_fp32_b1_r0_treatment_1785246489837,33,183234.19072305801,183234.19215084601,183234.19143695201,0.0014277879963628948,8.399397853994742,10402390332,true,true,5dff3859ad319cb37301e68cfc6fde00723e3a42110ca93adb44c05e97098167
softmax_whole_stage_atc_trace_v1,softmax_whole_stage_operand_rate_atc,softmax_whole_stage_operand_rate_atc_v2,20260728_operand_rate_v2_final_normalization_session02_BCA,normalization,fp32,20260728_operand_rate_v2_final_normalization_session02_BCA_normalization_fp32,1,0,20260728_operand_rate_v2_final_normalization_session02_BCA_normalization_fp32_b1_r0_treatment,treatment,treatment,20260728_operand_rate_v2_final_normalization_session02_BCA_normalization_fp32_b1_r0_treatment_1785246489837,34,183234.44504403201,183234.44641627499,183234.4457301535,0.001372242986690253,8.6536910554859787,10402461651,true,true,5dff3859ad319cb37301e68cfc6fde00723e3a42110ca93adb44c05e97098167
softmax_whole_stage_atc_trace_v1,softmax_whole_stage_operand_rate_atc,softmax_whole_stage_operand_rate_atc_v2,20260728_operand_rate_v2_final_normalization_session02_BCA,normalization,fp32,20260728_operand_rate_v2_final_normalization_session02_BCA_normalization_fp32,1,0,20260728_operand_rate_v2_final_normalization_session02_BCA_normalization_fp32_b1_r0_treatment,treatment,treatment,20260728_operand_rate_v2_final_normalization_session02_BCA_normalization_fp32_b1_r0_treatment_1785246489837,35,183234.69680566801,183234.700382296,183234.698593982,0.0035766279906965792,8.9065548839862458,10402506515,true,true,5dff3859ad319cb37301e68cfc6fde00723e3a42110ca93adb44c05e97098167
softmax_whole_stage_atc_trace_v1,softmax_whole_stage_operand_rate_atc,softmax_whole_stage_operand_rate_atc_v2,20260728_operand_rate_v2_final_normalization_session02_BCA,normalization,fp32,20260728_operand_rate_v2_final_normalization_session02_BCA_normalization_fp32,1,0,20260728_operand_rate_v2_final_normalization_session02_BCA_normalization_fp32_b1_r0_treatment,treatment,treatment,20260728_operand_rate_v2_final_normalization_session02_BCA_normalization_fp32_b1_r0_treatment_1785246489837,36,183234.95628756401,183234.95772967199,183234.95700861799,0.0014421079831663519,9.1649695199739654,10402578409,true,true,5dff3859ad319cb37301e68cfc6fde00723e3a42110ca93adb44c05e97098167
softmax_whole_stage_atc_trace_v1,softmax_whole_stage_operand_rate_atc,softmax_whole_stage_operand_rate_atc_v2,20260728_operand_rate_v2_final_normalization_session02_BCA,normalization,fp32,20260728_operand_rate_v2_final_normalization_session02_BCA_normalization_fp32,1,0,20260728_operand_rate_v2_final_normalization_session02_BCA_normalization_fp32_b1_r0_treatment,treatment,treatment,20260728_operand_rate_v2_final_normalization_session02_BCA_normalization_fp32_b1_r0_treatment_1785246489837,37,183235.213606809,183235.21499777201,183235.21430229052,0.001390963006997481,9.4222631925076712,10402623092,true,true,5dff3859ad319cb37301e68cfc6fde00723e3a42110ca93adb44c05e97098167
softmax_whole_stage_atc_trace_v1,softmax_whole_stage_operand_rate_atc,softmax_whole_stage_operand_rate_atc_v2,20260728_operand_rate_v2_final_normalization_session02_BCA,normalization,fp32,20260728_operand_rate_v2_final_normalization_session02_BCA_normalization_fp32,1,0,20260728_operand_rate_v2_final_normalization_session02_BCA_normalization_fp32_b1_r0_treatment,treatment,treatment,20260728_operand_rate_v2_final_normalization_session02_BCA_normalization_fp32_b1_r0_treatment_1785246489837,38,183235.46515991,183235.46653338699,183235.4658466485,0.0013734769891016185,9.6738075504836161,10402694090,true,true,5dff3859ad319cb37301e68cfc6fde00723e3a42110ca93adb44c05e97098167
softmax_whole_stage_atc_trace_v1,softmax_whole_stage_operand_rate_atc,softmax_whole_stage_operand_rate_atc_v2,20260728_operand_rate_v2_final_normalization_session02_BCA,normalization,fp32,20260728_operand_rate_v2_final_normalization_session02_BCA_normalization_fp32,1,0,20260728_operand_rate_v2_final_normalization_session02_BCA_normalization_fp32_b1_r0_treatment,treatment,treatment,20260728_operand_rate_v2_final_normalization_session02_BCA_normalization_fp32_b1_r0_treatment_1785246489837,39,183235.718705106,183235.72010075499,183235.7194029305,0.0013956489856354892,9.9273638324812055,10402739086,true,true,5dff3859ad319cb37301e68cfc6fde00723e3a42110ca93adb44c05e97098167
softmax_whole_stage_atc_trace_v1,softmax_whole_stage_operand_rate_atc,softmax_whole_stage_operand_rate_atc_v2,20260728_operand_rate_v2_final_normalization_session02_BCA,normalization,fp32,20260728_operand_rate_v2_final_normalization_session02_BCA_normalization_fp32,1,0,20260728_operand_rate_v2_final_normalization_session02_BCA_normalization_fp32_b1_r0_treatment,treatment,treatment,20260728_operand_rate_v2_final_normalization_session02_BCA_normalization_fp32_b1_r0_treatment_1785246489837,40,183235.973382514,183235.97474880199,183235.974065658,0.0013662879937328398,10.18202655998175,10402810621,true,true,5dff3859ad319cb37301e68cfc6fde00723e3a42110ca93adb44c05e97098167
softmax_whole_stage_atc_trace_v1,softmax_whole_stage_operand_rate_atc,softmax_whole_stage_operand_rate_atc_v2,20260728_operand_rate_v2_final_normalization_session02_BCA,normalization,fp32,20260728_operand_rate_v2_final_normalization_session02_BCA_normalization_fp32,1,0,20260728_operand_rate_v2_final_normalization_session02_BCA_normalization_fp32_b1_r0_treatment,treatment,treatment,20260728_operand_rate_v2_final_normalization_session02_BCA_normalization_fp32_b1_r0_treatment_1785246489837,41,183236.22595212201,183236.227302313,183236.22662721749,0.0013501909852493554,10.434588119474938,10402855057,true,true,5dff3859ad319cb37301e68cfc6fde00723e3a42110ca93adb44c05e97098167
softmax_whole_stage_atc_trace_v1,softmax_whole_stage_operand_rate_atc,softmax_whole_stage_operand_rate_atc_v2,20260728_operand_rate_v2_final_normalization_session02_BCA,normalization,fp32,20260728_operand_rate_v2_final_normalization_session02_BCA_normalization_fp32,1,0,20260728_operand_rate_v2_final_normalization_session02_BCA_normalization_fp32_b1_r0_treatment,treatment,treatment,20260728_operand_rate_v2_final_normalization_session02_BCA_normalization_fp32_b1_r0_treatment_1785246489837,42,183236.480585691,183236.48193891899,183236.48126230499,0.0013532279990613461,10.689223206980387,10402926257,true,true,5dff3859ad319cb37301e68cfc6fde00723e3a42110ca93adb44c05e97098167
softmax_whole_stage_atc_trace_v1,softmax_whole_stage_operand_rate_atc,softmax_whole_stage_operand_rate_atc_v2,20260728_operand_rate_v2_final_normalization_session02_BCA,normalization,fp32,20260728_operand_rate_v2_final_normalization_session02_BCA_normalization_fp32,1,0,20260728_operand_rate_v2_final_normalization_session02_BCA_normalization_fp32_b1_r0_treatment,treatment,treatment,20260728_operand_rate_v2_final_normalization_session02_BCA_normalization_fp32_b1_r0_treatment_1785246489837,43,183236.73467102399,183236.73607669599,183236.73537385999,0.0014056719955988228,10.943334761977894,10402970451,true,true,5dff3859ad319cb37301e68cfc6fde00723e3a42110ca93adb44c05e97098167
softmax_whole_stage_atc_trace_v1,softmax_whole_stage_operand_rate_atc,softmax_whole_stage_operand_rate_atc_v2,20260728_operand_rate_v2_final_normalization_session02_BCA,normalization,fp32,20260728_operand_rate_v2_final_normalization_session02_BCA_normalization_fp32,1,0,20260728_operand_rate_v2_final_normalization_session02_BCA_normalization_fp32_b1_r0_treatment,treatment,treatment,20260728_operand_rate_v2_final_normalization_session02_BCA_normalization_fp32_b1_r0_treatment_1785246489837,44,183236.98937526101,183236.994629322,183236.99200229149,0.0052540609904099256,11.199963193474105,10403041189,true,true,5dff3859ad319cb37301e68cfc6fde00723e3a42110ca93adb44c05e97098167
softmax_whole_stage_atc_trace_v1,softmax_whole_stage_operand_rate_atc,softmax_whole_stage_operand_rate_atc_v2,20260728_operand_rate_v2_final_normalization_session02_BCA,normalization,fp32,20260728_operand_rate_v2_final_normalization_session02_BCA_normalization_fp32,1,0,20260728_operand_rate_v2_final_normalization_session02_BCA_normalization_fp32_b1_r0_treatment,treatment,treatment,20260728_operand_rate_v2_final_normalization_session02_BCA_normalization_fp32_b1_r0_treatment_1785246489837,45,183237.247897008,183237.24921905299,183237.24855803049,0.0013220449909567833,11.456518932478502,10403088800,true,true,5dff3859ad319cb37301e68cfc6fde00723e3a42110ca93adb44c05e97098167
softmax_whole_stage_atc_trace_v1,softmax_whole_stage_operand_rate_atc,softmax_whole_stage_operand_rate_atc_v2,20260728_operand_rate_v2_final_normalization_session02_BCA,normalization,fp32,20260728_operand_rate_v2_final_normalization_session02_BCA_normalization_fp32,1,0,20260728_operand_rate_v2_final_normalization_session02_BCA_normalization_fp32_b1_r0_treatment,treatment,treatment,20260728_operand_rate_v2_final_normalization_session02_BCA_normalization_fp32_b1_r0_treatment_1785246489837,46,183237.49935202001,183237.500924947,183237.5001384835,0.0015729269944131374,11.708099385490641,10403157932,true,true,5dff3859ad319cb37301e68cfc6fde00723e3a42110ca93adb44c05e97098167
softmax_whole_stage_atc_trace_v1,softmax_whole_stage_operand_rate_atc,softmax_whole_stage_operand_rate_atc_v2,20260728_operand_rate_v2_final_normalization_session02_BCA,normalization,fp32,20260728_operand_rate_v2_final_normalization_session02_BCA_normalization_fp32,1,0,20260728_operand_rate_v2_final_normalization_session02_BCA_normalization_fp32_b1_r0_treatment,treatment,treatment,20260728_operand_rate_v2_final_normalization_session02_BCA_normalization_fp32_b1_r0_treatment_1785246489837,47,183237.75178798501,183237.75338490799,183237.7525864465,0.0015969229862093925,11.960547348484397,10403205566,true,true,5dff3859ad319cb37301e68cfc6fde00723e3a42110ca93adb44c05e97098167
softmax_whole_stage_atc_trace_v1,softmax_whole_stage_operand_rate_atc,softmax_whole_stage_operand_rate_atc_v2,20260728_operand_rate_v2_final_normalization_session02_BCA,normalization,fp32,20260728_operand_rate_v2_final_normalization_session02_BCA_normalization_fp32,1,0,20260728_operand_rate_v2_final_normalization_session02_BCA_normalization_fp32_b1_r0_treatment,treatment,treatment,20260728_operand_rate_v2_final_normalization_session02_BCA_normalization_fp32_b1_r0_treatment_1785246489837,48,183238.00666514799,183238.00809218301,183238.0073786655,0.0014270350220613182,12.21533956748317,10403275236,true,true,5dff3859ad319cb37301e68cfc6fde00723e3a42110ca93adb44c05e97098167
softmax_whole_stage_atc_trace_v1,softmax_whole_stage_operand_rate_atc,softmax_whole_stage_operand_rate_atc_v2,20260728_operand_rate_v2_final_normalization_session02_BCA,normalization,fp32,20260728_operand_rate_v2_final_normalization_session02_BCA_normalization_fp32,1,0,20260728_operand_rate_v2_final_normalization_session02_BCA_normalization_fp32_b1_r0_treatment,treatment,treatment,20260728_operand_rate_v2_final_normalization_session02_BCA_normalization_fp32_b1_r0_treatment_1785246489837,49,183238.25839797399,183238.26016559399,183238.259281784,0.0017676200077403337,12.467242685990641,10403322652,true,true,5dff3859ad319cb37301e68cfc6fde00723e3a42110ca93adb44c05e97098167
softmax_whole_stage_atc_trace_v1,softmax_whole_stage_operand_rate_atc,softmax_whole_stage_operand_rate_atc_v2,20260728_operand_rate_v2_final_normalization_session02_BCA,normalization,fp32,20260728_operand_rate_v2_final_normalization_session02_BCA_normalization_fp32,1,0,20260728_operand_rate_v2_final_normalization_session02_BCA_normalization_fp32_b1_r0_treatment,treatment,treatment,20260728_operand_rate_v2_final_normalization_session02_BCA_normalization_fp32_b1_r0_treatment_1785246489837,50,183238.51076438499,183238.51278673499,183238.51177555998,0.0020223500032443553,12.719736461964203,10403392219,true,true,5dff3859ad319cb37301e68cfc6fde00723e3a42110ca93adb44c05e97098167
softmax_whole_stage_atc_trace_v1,softmax_whole_stage_operand_rate_atc,softmax_whole_stage_operand_rate_atc_v2,20260728_operand_rate_v2_final_normalization_session02_BCA,normalization,fp32,20260728_operand_rate_v2_final_normalization_session02_BCA_normalization_fp32,1,0,20260728_operand_rate_v2_final_normalization_session02_BCA_normalization_fp32_b1_r0_treatment,treatment,treatment,20260728_operand_rate_v2_final_normalization_session02_BCA_normalization_fp32_b1_r0_treatment_1785246489837,51,183238.76365230401,183238.76504157501,183238.76434693951,0.0013892709976062179,12.972307841497241,10403439868,true,true,5dff3859ad319cb37301e68cfc6fde00723e3a42110ca93adb44c05e97098167
softmax_whole_stage_atc_trace_v1,softmax_whole_stage_operand_rate_atc,softmax_whole_stage_operand_rate_atc_v2,20260728_operand_rate_v2_final_normalization_session02_BCA,normalization,fp32,20260728_operand_rate_v2_final_normalization_session02_BCA_normalization_fp32,1,0,20260728_operand_rate_v2_final_normalization_session02_BCA_normalization_fp32_b1_r0_treatment,treatment,treatment,20260728_operand_rate_v2_final_normalization_session02_BCA_normalization_fp32_b1_r0_treatment_1785246489837,52,183239.01828910899,183239.01970099899,183239.01899505401,0.0014118899998720735,13.226955955993617,10403509595,true,false,5dff3859ad319cb37301e68cfc6fde00723e3a42110ca93adb44c05e97098167
softmax_whole_stage_atc_trace_v1,softmax_whole_stage_operand_rate_atc,softmax_whole_stage_operand_rate_atc_v2,20260728_operand_rate_v2_final_normalization_session02_BCA,normalization,fp32,20260728_operand_rate_v2_final_normalization_session02_BCA_normalization_fp32,1,0,20260728_operand_rate_v2_final_normalization_session02_BCA_normalization_fp32_b1_r0_treatment,treatment,treatment,20260728_operand_rate_v2_final_normalization_session02_BCA_normalization_fp32_b1_r0_treatment_1785246489837,53,183239.27046087899,183239.27228089501,183239.271370887,0.0018200160120613873,13.479331788985291,10403556886,true,false,5dff3859ad319cb37301e68cfc6fde00723e3a42110ca93adb44c05e97098167
softmax_whole_stage_atc_trace_v1,softmax_whole_stage_operand_rate_atc,softmax_whole_stage_operand_rate_atc_v2,20260728_operand_rate_v2_final_normalization_session02_BCA,normalization,fp32,20260728_operand_rate_v2_final_normalization_session02_BCA_normalization_fp32,1,0,20260728_operand_rate_v2_final_normalization_session02_BCA_normalization_fp32_b1_r0_treatment,treatment,treatment,20260728_operand_rate_v2_final_normalization_session02_BCA_normalization_fp32_b1_r0_treatment_1785246489837,54,183239.52317594,183239.52567896899,183239.52442745451,0.002503028983483091,13.732388356496813,10403610222,true,false,5dff3859ad319cb37301e68cfc6fde00723e3a42110ca93adb44c05e97098167
softmax_whole_stage_atc_trace_v1,softmax_whole_stage_operand_rate_atc,softmax_whole_stage_operand_rate_atc_v2,20260728_operand_rate_v2_final_normalization_session02_BCA,normalization,fp32,20260728_operand_rate_v2_final_normalization_session02_BCA_normalization_fp32,1,0,20260728_operand_rate_v2_final_normalization_session02_BCA_normalization_fp32_b1_r0_treatment,treatment,treatment,20260728_operand_rate_v2_final_normalization_session02_BCA_normalization_fp32_b1_r0_treatment_1785246489837,55,183239.52570033199,183239.52781932999,183239.526759831,0.0021189980034250766,13.734720732987626,10403610222,false,false,5dff3859ad319cb37301e68cfc6fde00723e3a42110ca93adb44c05e97098167
softmax_whole_stage_atc_trace_v1,softmax_whole_stage_operand_rate_atc,softmax_whole_stage_operand_rate_atc_v2,20260728_operand_rate_v2_final_normalization_session02_BCA,normalization,fp32,20260728_operand_rate_v2_final_normalization_session02_BCA_normalization_fp32,1,1,20260728_operand_rate_v2_final_normalization_session02_BCA_normalization_fp32_b1_r1_control,control,control,20260728_operand_rate_v2_final_normalization_session02_BCA_normalization_fp32_b1_r1_control_1785246504601,0,183240.55239044499,183240.55704041701,183240.554715431,0.004649972019251436,0.0023425010149367154,10403744376,false,false,5dff3859ad319cb37301e68cfc6fde00723e3a42110ca93adb44c05e97098167
softmax_whole_stage_atc_trace_v1,softmax_whole_stage_operand_rate_atc,softmax_whole_stage_operand_rate_atc_v2,20260728_operand_rate_v2_final_normalization_session02_BCA,normalization,fp32,20260728_operand_rate_v2_final_normalization_session02_BCA_normalization_fp32,1,1,20260728_operand_rate_v2_final_normalization_session02_BCA_normalization_fp32_b1_r1_control,control,control,20260728_operand_rate_v2_final_normalization_session02_BCA_normalization_fp32_b1_r1_control_1785246504601,1,183240.80827271499,183240.809662229,183240.808967472,0.0013895140145905316,0.25659454200649634,10403805184,true,false,5dff3859ad319cb37301e68cfc6fde00723e3a42110ca93adb44c05e97098167
softmax_whole_stage_atc_trace_v1,softmax_whole_stage_operand_rate_atc,softmax_whole_stage_operand_rate_atc_v2,20260728_operand_rate_v2_final_normalization_session02_BCA,normalization,fp32,20260728_operand_rate_v2_final_normalization_session02_BCA_normalization_fp32,1,1,20260728_operand_rate_v2_final_normalization_session02_BCA_normalization_fp32_b1_r1_control,control,control,20260728_operand_rate_v2_final_normalization_session02_BCA_normalization_fp32_b1_r1_control_1785246504601,2,183241.06295510699,183241.06436183301,183241.06365847,0.0014067260199226439,0.51128554000752047,10403850059,true,false,5dff3859ad319cb37301e68cfc6fde00723e3a42110ca93adb44c05e97098167
softmax_whole_stage_atc_trace_v1,softmax_whole_stage_operand_rate_atc,softmax_whole_stage_operand_rate_atc_v2,20260728_operand_rate_v2_final_normalization_session02_BCA,normalization,fp32,20260728_operand_rate_v2_final_normalization_session02_BCA_normalization_fp32,1,1,20260728_operand_rate_v2_final_normalization_session02_BCA_normalization_fp32_b1_r1_control,control,control,20260728_operand_rate_v2_final_normalization_session02_BCA_normalization_fp32_b1_r1_control_1785246504601,3,183241.315272268,183241.31658625099,183241.31592925949,0.0013139829970896244,0.76355632950435393,10403921364,true,true,5dff3859ad319cb37301e68cfc6fde00723e3a42110ca93adb44c05e97098167
softmax_whole_stage_atc_trace_v1,softmax_whole_stage_operand_rate_atc,softmax_whole_stage_operand_rate_atc_v2,20260728_operand_rate_v2_final_normalization_session02_BCA,normalization,fp32,20260728_operand_rate_v2_final_normalization_session02_BCA_normalization_fp32,1,1,20260728_operand_rate_v2_final_normalization_session02_BCA_normalization_fp32_b1_r1_control,control,control,20260728_operand_rate_v2_final_normalization_session02_BCA_normalization_fp32_b1_r1_control_1785246504601,4,183241.567843558,183241.56944781699,183241.56864568748,0.0016042589850258082,1.0162727574934252,10403966250,true,true,5dff3859ad319cb37301e68cfc6fde00723e3a42110ca93adb44c05e97098167
softmax_whole_stage_atc_trace_v1,softmax_whole_stage_operand_rate_atc,softmax_whole_stage_operand_rate_atc_v2,20260728_operand_rate_v2_final_normalization_session02_BCA,normalization,fp32,20260728_operand_rate_v2_final_normalization_session02_BCA_normalization_fp32,1,1,20260728_operand_rate_v2_final_normalization_session02_BCA_normalization_fp32_b1_r1_control,control,control,20260728_operand_rate_v2_final_normalization_session02_BCA_normalization_fp32_b1_r1_control_1785246504601,5,183241.820974542,183241.822430778,183241.82170266,0.0014562360011041164,1.2693297300138511,10404037973,true,true,5dff3859ad319cb37301e68cfc6fde00723e3a42110ca93adb44c05e97098167
softmax_whole_stage_atc_trace_v1,softmax_whole_stage_operand_rate_atc,softmax_whole_stage_operand_rate_atc_v2,20260728_operand_rate_v2_final_normalization_session02_BCA,normalization,fp32,20260728_operand_rate_v2_final_normalization_session02_BCA_normalization_fp32,1,1,20260728_operand_rate_v2_final_normalization_session02_BCA_normalization_fp32_b1_r1_control,control,control,20260728_operand_rate_v2_final_normalization_session02_BCA_normalization_fp32_b1_r1_control_1785246504601,6,183242.073957908,183242.07564407599,183242.07480099198,0.0016861679905559868,1.5224280619877391,10404083053,true,true,5dff3859ad319cb37301e68cfc6fde00723e3a42110ca93adb44c05e97098167
softmax_whole_stage_atc_trace_v1,softmax_whole_stage_operand_rate_atc,softmax_whole_stage_operand_rate_atc_v2,20260728_operand_rate_v2_final_normalization_session02_BCA,normalization,fp32,20260728_operand_rate_v2_final_normalization_session02_BCA_normalization_fp32,1,1,20260728_operand_rate_v2_final_normalization_session02_BCA_normalization_fp32_b1_r1_control,control,control,20260728_operand_rate_v2_final_normalization_session02_BCA_normalization_fp32_b1_r1_control_1785246504601,7,183242.32894039599,183242.330325961,183242.32963317848,0.0013855650031473488,1.7772602484910749,10404154954,true,true,5dff3859ad319cb37301e68cfc6fde00723e3a42110ca93adb44c05e97098167
softmax_whole_stage_atc_trace_v1,softmax_whole_stage_operand_rate_atc,softmax_whole_stage_operand_rate_atc_v2,20260728_operand_rate_v2_final_normalization_session02_BCA,normalization,fp32,20260728_operand_rate_v2_final_normalization_session02_BCA_normalization_fp32,1,1,20260728_operand_rate_v2_final_normalization_session02_BCA_normalization_fp32_b1_r1_control,control,control,20260728_operand_rate_v2_final_normalization_session02_BCA_normalization_fp32_b1_r1_control_1785246504601,8,183242.58168572999,183242.58307392799,183242.58237982899,0.001388197997584939,2.030006899003638,10404199671,true,true,5dff3859ad319cb37301e68cfc6fde00723e3a42110ca93adb44c05e97098167
softmax_whole_stage_atc_trace_v1,softmax_whole_stage_operand_rate_atc,softmax_whole_stage_operand_rate_atc_v2,20260728_operand_rate_v2_final_normalization_session02_BCA,normalization,fp32,20260728_operand_rate_v2_final_normalization_session02_BCA_normalization_fp32,1,1,20260728_operand_rate_v2_final_normalization_session02_BCA_normalization_fp32_b1_r1_control,control,control,20260728_operand_rate_v2_final_normalization_session02_BCA_normalization_fp32_b1_r1_control_1785246504601,9,183242.83461280301,183242.83599927899,183242.835306041,0.001386475982144475,2.2829331110115163,10404271185,true,true,5dff3859ad319cb37301e68cfc6fde00723e3a42110ca93adb44c05e97098167
softmax_whole_stage_atc_trace_v1,softmax_whole_stage_operand_rate_atc,softmax_whole_stage_operand_rate_atc_v2,20260728_operand_rate_v2_final_normalization_session02_BCA,normalization,fp32,20260728_operand_rate_v2_final_normalization_session02_BCA_normalization_fp32,1,1,20260728_operand_rate_v2_final_normalization_session02_BCA_normalization_fp32_b1_r1_control,control,control,20260728_operand_rate_v2_final_normalization_session02_BCA_normalization_fp32_b1_r1_control_1785246504601,10,183243.089322126,183243.09066850899,183243.08999531751,0.0013463829818647355,2.5376223875209689,10404315889,true,true,5dff3859ad319cb37301e68cfc6fde00723e3a42110ca93adb44c05e97098167
softmax_whole_stage_atc_trace_v1,softmax_whole_stage_operand_rate_atc,softmax_whole_stage_operand_rate_atc_v2,20260728_operand_rate_v2_final_normalization_session02_BCA,normalization,fp32,20260728_operand_rate_v2_final_normalization_session02_BCA_normalization_fp32,1,1,20260728_operand_rate_v2_final_normalization_session02_BCA_normalization_fp32_b1_r1_control,control,control,20260728_operand_rate_v2_final_normalization_session02_BCA_normalization_fp32_b1_r1_control_1785246504601,11,183243.340828399,183243.34222915201,183243.34152877552,0.001400753011694178,2.7891558455303311,10404386914,true,true,5dff3859ad319cb37301e68cfc6fde00723e3a42110ca93adb44c05e97098167
softmax_whole_stage_atc_trace_v1,softmax_whole_stage_operand_rate_atc,softmax_whole_stage_operand_rate_atc_v2,20260728_operand_rate_v2_final_normalization_session02_BCA,normalization,fp32,20260728_operand_rate_v2_final_normalization_session02_BCA_normalization_fp32,1,1,20260728_operand_rate_v2_final_normalization_session02_BCA_normalization_fp32_b1_r1_control,control,control,20260728_operand_rate_v2_final_normalization_session02_BCA_normalization_fp32_b1_r1_control_1785246504601,12,183243.59380599399,183243.59519571101,183243.59450085252,0.0013897170138079673,3.0421279225265607,10404431514,true,true,5dff3859ad319cb37301e68cfc6fde00723e3a42110ca93adb44c05e97098167
softmax_whole_stage_atc_trace_v1,softmax_whole_stage_operand_rate_atc,softmax_whole_stage_operand_rate_atc_v2,20260728_operand_rate_v2_final_normalization_session02_BCA,normalization,fp32,20260728_operand_rate_v2_final_normalization_session02_BCA_normalization_fp32,1,1,20260728_operand_rate_v2_final_normalization_session02_BCA_normalization_fp32_b1_r1_control,control,control,20260728_operand_rate_v2_final_normalization_session02_BCA_normalization_fp32_b1_r1_control_1785246504601,13,183243.84678723401,183243.84817927901,183243.84748325651,0.001392045000102371,3.2951103265222628,10404502760,true,true,5dff3859ad319cb37301e68cfc6fde00723e3a42110ca93adb44c05e97098167
softmax_whole_stage_atc_trace_v1,softmax_whole_stage_operand_rate_atc,softmax_whole_stage_operand_rate_atc_v2,20260728_operand_rate_v2_final_normalization_session02_BCA,normalization,fp32,20260728_operand_rate_v2_final_normalization_session02_BCA_normalization_fp32,1,1,20260728_operand_rate_v2_final_normalization_session02_BCA_normalization_fp32_b1_r1_control,control,control,20260728_operand_rate_v2_final_normalization_session02_BCA_normalization_fp32_b1_r1_control_1785246504601,14,183244.101483395,183244.10296443701,183244.10222391601,0.0014810420107096434,3.5498509860190097,10404547304,true,true,5dff3859ad319cb37301e68cfc6fde00723e3a42110ca93adb44c05e97098167
softmax_whole_stage_atc_trace_v1,softmax_whole_stage_operand_rate_atc,softmax_whole_stage_operand_rate_atc_v2,20260728_operand_rate_v2_final_normalization_session02_BCA,normalization,fp32,20260728_operand_rate_v2_final_normalization_session02_BCA_normalization_fp32,1,1,20260728_operand_rate_v2_final_normalization_session02_BCA_normalization_fp32_b1_r1_control,control,control,20260728_operand_rate_v2_final_normalization_session02_BCA_normalization_fp32_b1_r1_control_1785246504601,15,183244.35431580199,183244.355717567,183244.35501668451,0.0014017650100868195,3.8026437545195222,10404618184,true,true,5dff3859ad319cb37301e68cfc6fde00723e3a42110ca93adb44c05e97098167
softmax_whole_stage_atc_trace_v1,softmax_whole_stage_operand_rate_atc,softmax_whole_stage_operand_rate_atc_v2,20260728_operand_rate_v2_final_normalization_session02_BCA,normalization,fp32,20260728_operand_rate_v2_final_normalization_session02_BCA_normalization_fp32,1,1,20260728_operand_rate_v2_final_normalization_session02_BCA_normalization_fp32_b1_r1_control,control,control,20260728_operand_rate_v2_final_normalization_session02_BCA_normalization_fp32_b1_r1_control_1785246504601,16,183244.60743696499,183244.60876198401,183244.60809947451,0.0013250190240796655,4.0557265445240773,10404662456,true,true,5dff3859ad319cb37301e68cfc6fde00723e3a42110ca93adb44c05e97098167
softmax_whole_stage_atc_trace_v1,softmax_whole_stage_operand_rate_atc,softmax_whole_stage_operand_rate_atc_v2,20260728_operand_rate_v2_final_normalization_session02_BCA,normalization,fp32,20260728_operand_rate_v2_final_normalization_session02_BCA_normalization_fp32,1,1,20260728_operand_rate_v2_final_normalization_session02_BCA_normalization_fp32_b1_r1_control,control,control,20260728_operand_rate_v2_final_normalization_session02_BCA_normalization_fp32_b1_r1_control_1785246504601,17,183244.86058566699,183244.86195766501,183244.86127166601,0.0013719980197492987,4.3088987360242754,10404733464,true,true,5dff3859ad319cb37301e68cfc6fde00723e3a42110ca93adb44c05e97098167
softmax_whole_stage_atc_trace_v1,softmax_whole_stage_operand_rate_atc,softmax_whole_stage_operand_rate_atc_v2,20260728_operand_rate_v2_final_normalization_session02_BCA,normalization,fp32,20260728_operand_rate_v2_final_normalization_session02_BCA_normalization_fp32,1,1,20260728_operand_rate_v2_final_normalization_session02_BCA_normalization_fp32_b1_r1_control,control,control,20260728_operand_rate_v2_final_normalization_session02_BCA_normalization_fp32_b1_r1_control_1785246504601,18,183245.112212829,183245.11357004501,183245.11289143702,0.0013572160096373409,4.5605185070307925,10404777716,true,true,5dff3859ad319cb37301e68cfc6fde00723e3a42110ca93adb44c05e97098167
softmax_whole_stage_atc_trace_v1,softmax_whole_stage_operand_rate_atc,softmax_whole_stage_operand_rate_atc_v2,20260728_operand_rate_v2_final_normalization_session02_BCA,normalization,fp32,20260728_operand_rate_v2_final_normalization_session02_BCA_normalization_fp32,1,1,20260728_operand_rate_v2_final_normalization_session02_BCA_normalization_fp32_b1_r1_control,control,control,20260728_operand_rate_v2_final_normalization_session02_BCA_normalization_fp32_b1_r1_control_1785246504601,19,183245.366529719,183245.36795051899,183245.367240119,0.0014207999920472503,4.8148671890085097,10404849089,true,true,5dff3859ad319cb37301e68cfc6fde00723e3a42110ca93adb44c05e97098167
softmax_whole_stage_atc_trace_v1,softmax_whole_stage_operand_rate_atc,softmax_whole_stage_operand_rate_atc_v2,20260728_operand_rate_v2_final_normalization_session02_BCA,normalization,fp32,20260728_operand_rate_v2_final_normalization_session02_BCA_normalization_fp32,1,1,20260728_operand_rate_v2_final_normalization_session02_BCA_normalization_fp32_b1_r1_control,control,control,20260728_operand_rate_v2_final_normalization_session02_BCA_normalization_fp32_b1_r1_control_1785246504601,20,183245.61870493201,183245.62006488099,183245.61938490649,0.00135994897573255,5.0670119764981791,10404893451,true,true,5dff3859ad319cb37301e68cfc6fde00723e3a42110ca93adb44c05e97098167
softmax_whole_stage_atc_trace_v1,softmax_whole_stage_operand_rate_atc,softmax_whole_stage_operand_rate_atc_v2,20260728_operand_rate_v2_final_normalization_session02_BCA,normalization,fp32,20260728_operand_rate_v2_final_normalization_session02_BCA_normalization_fp32,1,1,20260728_operand_rate_v2_final_normalization_session02_BCA_normalization_fp32_b1_r1_control,control,control,20260728_operand_rate_v2_final_normalization_session02_BCA_normalization_fp32_b1_r1_control_1785246504601,21,183245.87155789099,183245.87301007699,183245.87228398398,0.0014521859993692487,5.3199110539862886,10404964855,true,true,5dff3859ad319cb37301e68cfc6fde00723e3a42110ca93adb44c05e97098167
softmax_whole_stage_atc_trace_v1,softmax_whole_stage_operand_rate_atc,softmax_whole_stage_operand_rate_atc_v2,20260728_operand_rate_v2_final_normalization_session02_BCA,normalization,fp32,20260728_operand_rate_v2_final_normalization_session02_BCA_normalization_fp32,1,1,20260728_operand_rate_v2_final_normalization_session02_BCA_normalization_fp32_b1_r1_control,control,control,20260728_operand_rate_v2_final_normalization_session02_BCA_normalization_fp32_b1_r1_control_1785246504601,22,183246.12632806401,183246.12773489099,183246.12703147752,0.0014068269811104983,5.5746585475280881,10405009557,true,true,5dff3859ad319cb37301e68cfc6fde00723e3a42110ca93adb44c05e97098167
softmax_whole_stage_atc_trace_v1,softmax_whole_stage_operand_rate_atc,softmax_whole_stage_operand_rate_atc_v2,20260728_operand_rate_v2_final_normalization_session02_BCA,normalization,fp32,20260728_operand_rate_v2_final_normalization_session02_BCA_normalization_fp32,1,1,20260728_operand_rate_v2_final_normalization_session02_BCA_normalization_fp32_b1_r1_control,control,control,20260728_operand_rate_v2_final_normalization_session02_BCA_normalization_fp32_b1_r1_control_1785246504601,23,183246.37827952101,183246.37963623001,183246.37895787551,0.0013567089918069541,5.8265849455201533,10405080711,true,true,5dff3859ad319cb37301e68cfc6fde00723e3a42110ca93adb44c05e97098167
softmax_whole_stage_atc_trace_v1,softmax_whole_stage_operand_rate_atc,softmax_whole_stage_operand_rate_atc_v2,20260728_operand_rate_v2_final_normalization_session02_BCA,normalization,fp32,20260728_operand_rate_v2_final_normalization_session02_BCA_normalization_fp32,1,1,20260728_operand_rate_v2_final_normalization_session02_BCA_normalization_fp32_b1_r1_control,control,control,20260728_operand_rate_v2_final_normalization_session02_BCA_normalization_fp32_b1_r1_control_1785246504601,24,183246.63292050199,183246.634374207,183246.63364735449,0.0014537050155922771,6.0812744245049544,10405125367,true,true,5dff3859ad319cb37301e68cfc6fde00723e3a42110ca93adb44c05e97098167
softmax_whole_stage_atc_trace_v1,softmax_whole_stage_operand_rate_atc,softmax_whole_stage_operand_rate_atc_v2,20260728_operand_rate_v2_final_normalization_session02_BCA,normalization,fp32,20260728_operand_rate_v2_final_normalization_session02_BCA_normalization_fp32,1,1,20260728_operand_rate_v2_final_normalization_session02_BCA_normalization_fp32_b1_r1_control,control,control,20260728_operand_rate_v2_final_normalization_session02_BCA_normalization_fp32_b1_r1_control_1785246504601,25,183246.88689558301,183246.888242168,183246.88756887551,0.0013465849915519357,6.3351959455176257,10405196419,true,true,5dff3859ad319cb37301e68cfc6fde00723e3a42110ca93adb44c05e97098167
softmax_whole_stage_atc_trace_v1,softmax_whole_stage_operand_rate_atc,softmax_whole_stage_operand_rate_atc_v2,20260728_operand_rate_v2_final_normalization_session02_BCA,normalization,fp32,20260728_operand_rate_v2_final_normalization_session02_BCA_normalization_fp32,1,1,20260728_operand_rate_v2_final_normalization_session02_BCA_normalization_fp32_b1_r1_control,control,control,20260728_operand_rate_v2_final_normalization_session02_BCA_normalization_fp32_b1_r1_control_1785246504601,26,183247.14100524501,183247.14233321499,183247.14166923001,0.0013279699778649956,6.5892963000223972,10405240437,true,true,5dff3859ad319cb37301e68cfc6fde00723e3a42110ca93adb44c05e97098167
softmax_whole_stage_atc_trace_v1,softmax_whole_stage_operand_rate_atc,softmax_whole_stage_operand_rate_atc_v2,20260728_operand_rate_v2_final_normalization_session02_BCA,normalization,fp32,20260728_operand_rate_v2_final_normalization_session02_BCA_normalization_fp32,1,1,20260728_operand_rate_v2_final_normalization_session02_BCA_normalization_fp32_b1_r1_control,control,control,20260728_operand_rate_v2_final_normalization_session02_BCA_normalization_fp32_b1_r1_control_1785246504601,27,183247.39316216699,183247.39814657401,183247.39565437048,0.0049844070163089782,6.8432814404950477,10405310825,true,true,5dff3859ad319cb37301e68cfc6fde00723e3a42110ca93adb44c05e97098167
softmax_whole_stage_atc_trace_v1,softmax_whole_stage_operand_rate_atc,softmax_whole_stage_operand_rate_atc_v2,20260728_operand_rate_v2_final_normalization_session02_BCA,normalization,fp32,20260728_operand_rate_v2_final_normalization_session02_BCA_normalization_fp32,1,1,20260728_operand_rate_v2_final_normalization_session02_BCA_normalization_fp32_b1_r1_control,control,control,20260728_operand_rate_v2_final_normalization_session02_BCA_normalization_fp32_b1_r1_control_1785246504601,28,183247.650738008,183247.652095161,183247.6514165845,0.0013571529998444021,7.0990436545107514,10405358471,true,true,5dff3859ad319cb37301e68cfc6fde00723e3a42110ca93adb44c05e97098167
softmax_whole_stage_atc_trace_v1,softmax_whole_stage_operand_rate_atc,softmax_whole_stage_operand_rate_atc_v2,20260728_operand_rate_v2_final_normalization_session02_BCA,normalization,fp32,20260728_operand_rate_v2_final_normalization_session02_BCA_normalization_fp32,1,1,20260728_operand_rate_v2_final_normalization_session02_BCA_normalization_fp32_b1_r1_control,control,control,20260728_operand_rate_v2_final_normalization_session02_BCA_normalization_fp32_b1_r1_control_1785246504601,29,183247.90337740601,183247.90478646199,183247.90408193402,0.0014090559852775186,7.3517090040259063,10405427614,true,true,5dff3859ad319cb37301e68cfc6fde00723e3a42110ca93adb44c05e97098167
softmax_whole_stage_atc_trace_v1,softmax_whole_stage_operand_rate_atc,softmax_whole_stage_operand_rate_atc_v2,20260728_operand_rate_v2_final_normalization_session02_BCA,normalization,fp32,20260728_operand_rate_v2_final_normalization_session02_BCA_normalization_fp32,1,1,20260728_operand_rate_v2_final_normalization_session02_BCA_normalization_fp32_b1_r1_control,control,control,20260728_operand_rate_v2_final_normalization_session02_BCA_normalization_fp32_b1_r1_control_1785246504601,30,183248.155029535,183248.15645707099,183248.15574330301,0.0014275359862949699,7.6033703730208799,10405474646,true,true,5dff3859ad319cb37301e68cfc6fde00723e3a42110ca93adb44c05e97098167
softmax_whole_stage_atc_trace_v1,softmax_whole_stage_operand_rate_atc,softmax_whole_stage_operand_rate_atc_v2,20260728_operand_rate_v2_final_normalization_session02_BCA,normalization,fp32,20260728_operand_rate_v2_final_normalization_session02_BCA_normalization_fp32,1,1,20260728_operand_rate_v2_final_normalization_session02_BCA_normalization_fp32_b1_r1_control,control,control,20260728_operand_rate_v2_final_normalization_session02_BCA_normalization_fp32_b1_r1_control_1785246504601,31,183248.406961578,183248.40831024901,183248.40763591352,0.0013486710085999221,7.8552629835321568,10405543799,true,true,5dff3859ad319cb37301e68cfc6fde00723e3a42110ca93adb44c05e97098167
softmax_whole_stage_atc_trace_v1,softmax_whole_stage_operand_rate_atc,softmax_whole_stage_operand_rate_atc_v2,20260728_operand_rate_v2_final_normalization_session02_BCA,normalization,fp32,20260728_operand_rate_v2_final_normalization_session02_BCA_normalization_fp32,1,1,20260728_operand_rate_v2_final_normalization_session02_BCA_normalization_fp32_b1_r1_control,control,control,20260728_operand_rate_v2_final_normalization_session02_BCA_normalization_fp32_b1_r1_control_1785246504601,32,183248.659070333,183248.66046353601,183248.65976693452,0.001393203012412414,8.1073940045316704,10405591142,true,true,5dff3859ad319cb37301e68cfc6fde00723e3a42110ca93adb44c05e97098167
softmax_whole_stage_atc_trace_v1,softmax_whole_stage_operand_rate_atc,softmax_whole_stage_operand_rate_atc_v2,20260728_operand_rate_v2_final_normalization_session02_BCA,normalization,fp32,20260728_operand_rate_v2_final_normalization_session02_BCA_normalization_fp32,1,1,20260728_operand_rate_v2_final_normalization_session02_BCA_normalization_fp32_b1_r1_control,control,control,20260728_operand_rate_v2_final_normalization_session02_BCA_normalization_fp32_b1_r1_control_1785246504601,33,183248.91182494801,183248.91327954599,183248.912552247,0.0014545979793183506,8.3601793170091696,10405660369,true,true,5dff3859ad319cb37301e68cfc6fde00723e3a42110ca93adb44c05e97098167
softmax_whole_stage_atc_trace_v1,softmax_whole_stage_operand_rate_atc,softmax_whole_stage_operand_rate_atc_v2,20260728_operand_rate_v2_final_normalization_session02_BCA,normalization,fp32,20260728_operand_rate_v2_final_normalization_session02_BCA_normalization_fp32,1,1,20260728_operand_rate_v2_final_normalization_session02_BCA_normalization_fp32_b1_r1_control,control,control,20260728_operand_rate_v2_final_normalization_session02_BCA_normalization_fp32_b1_r1_control_1785246504601,34,183249.16581200701,183249.167237624,183249.16652481549,0.0014256169961299747,8.6141518855001777,10405707679,true,true,5dff3859ad319cb37301e68cfc6fde00723e3a42110ca93adb44c05e97098167
softmax_whole_stage_atc_trace_v1,softmax_whole_stage_operand_rate_atc,softmax_whole_stage_operand_rate_atc_v2,20260728_operand_rate_v2_final_normalization_session02_BCA,normalization,fp32,20260728_operand_rate_v2_final_normalization_session02_BCA_normalization_fp32,1,1,20260728_operand_rate_v2_final_normalization_session02_BCA_normalization_fp32_b1_r1_control,control,control,20260728_operand_rate_v2_final_normalization_session02_BCA_normalization_fp32_b1_r1_control_1785246504601,35,183249.41808475199,183249.41948401299,183249.41878438249,0.0013992610038258135,8.8664114525017794,10405776545,true,true,5dff3859ad319cb37301e68cfc6fde00723e3a42110ca93adb44c05e97098167
softmax_whole_stage_atc_trace_v1,softmax_whole_stage_operand_rate_atc,softmax_whole_stage_operand_rate_atc_v2,20260728_operand_rate_v2_final_normalization_session02_BCA,normalization,fp32,20260728_operand_rate_v2_final_normalization_session02_BCA_normalization_fp32,1,1,20260728_operand_rate_v2_final_normalization_session02_BCA_normalization_fp32_b1_r1_control,control,control,20260728_operand_rate_v2_final_normalization_session02_BCA_normalization_fp32_b1_r1_control_1785246504601,36,183249.67210493199,183249.67349762999,183249.67280128098,0.0013926980027463287,9.1204283509869128,10405823621,true,true,5dff3859ad319cb37301e68cfc6fde00723e3a42110ca93adb44c05e97098167
softmax_whole_stage_atc_trace_v1,softmax_whole_stage_operand_rate_atc,softmax_whole_stage_operand_rate_atc_v2,20260728_operand_rate_v2_final_normalization_session02_BCA,normalization,fp32,20260728_operand_rate_v2_final_normalization_session02_BCA_normalization_fp32,1,1,20260728_operand_rate_v2_final_normalization_session02_BCA_normalization_fp32_b1_r1_control,control,control,20260728_operand_rate_v2_final_normalization_session02_BCA_normalization_fp32_b1_r1_control_1785246504601,37,183249.92425599799,183249.92557053801,183249.92491326801,0.0013145400153007358,9.3725403380231,10405892170,true,true,5dff3859ad319cb37301e68cfc6fde00723e3a42110ca93adb44c05e97098167
softmax_whole_stage_atc_trace_v1,softmax_whole_stage_operand_rate_atc,softmax_whole_stage_operand_rate_atc_v2,20260728_operand_rate_v2_final_normalization_session02_BCA,normalization,fp32,20260728_operand_rate_v2_final_normalization_session02_BCA_normalization_fp32,1,1,20260728_operand_rate_v2_final_normalization_session02_BCA_normalization_fp32_b1_r1_control,control,control,20260728_operand_rate_v2_final_normalization_session02_BCA_normalization_fp32_b1_r1_control_1785246504601,38,183250.17812541701,183250.179469241,183250.17879732902,0.0013438239984679967,9.6264243990299292,10405938938,true,true,5dff3859ad319cb37301e68cfc6fde00723e3a42110ca93adb44c05e97098167
softmax_whole_stage_atc_trace_v1,softmax_whole_stage_operand_rate_atc,softmax_whole_stage_operand_rate_atc_v2,20260728_operand_rate_v2_final_normalization_session02_BCA,normalization,fp32,20260728_operand_rate_v2_final_normalization_session02_BCA_normalization_fp32,1,1,20260728_operand_rate_v2_final_normalization_session02_BCA_normalization_fp32_b1_r1_control,control,control,20260728_operand_rate_v2_final_normalization_session02_BCA_normalization_fp32_b1_r1_control_1785246504601,39,183250.43122194501,183250.432624337,183250.431923141,0.0014023919939063489,9.8795502110151574,10406007451,true,true,5dff3859ad319cb37301e68cfc6fde00723e3a42110ca93adb44c05e97098167
softmax_whole_stage_atc_trace_v1,softmax_whole_stage_operand_rate_atc,softmax_whole_stage_operand_rate_atc_v2,20260728_operand_rate_v2_final_normalization_session02_BCA,normalization,fp32,20260728_operand_rate_v2_final_normalization_session02_BCA_normalization_fp32,1,1,20260728_operand_rate_v2_final_normalization_session02_BCA_normalization_fp32_b1_r1_control,control,control,20260728_operand_rate_v2_final_normalization_session02_BCA_normalization_fp32_b1_r1_control_1785246504601,40,183250.68385467899,183250.689043669,183250.68644917401,0.0051889900059904903,10.134076244023163,10406053815,true,true,5dff3859ad319cb37301e68cfc6fde00723e3a42110ca93adb44c05e97098167
softmax_whole_stage_atc_trace_v1,softmax_whole_stage_operand_rate_atc,softmax_whole_stage_operand_rate_atc_v2,20260728_operand_rate_v2_final_normalization_session02_BCA,normalization,fp32,20260728_operand_rate_v2_final_normalization_session02_BCA_normalization_fp32,1,1,20260728_operand_rate_v2_final_normalization_session02_BCA_normalization_fp32_b1_r1_control,control,control,20260728_operand_rate_v2_final_normalization_session02_BCA_normalization_fp32_b1_r1_control_1785246504601,41,183250.941657216,183250.94307475499,183250.94236598548,0.0014175389951560646,10.389993055490777,10406126060,true,true,5dff3859ad319cb37301e68cfc6fde00723e3a42110ca93adb44c05e97098167
softmax_whole_stage_atc_trace_v1,softmax_whole_stage_operand_rate_atc,softmax_whole_stage_operand_rate_atc_v2,20260728_operand_rate_v2_final_normalization_session02_BCA,normalization,fp32,20260728_operand_rate_v2_final_normalization_session02_BCA_normalization_fp32,1,1,20260728_operand_rate_v2_final_normalization_session02_BCA_normalization_fp32_b1_r1_control,control,control,20260728_operand_rate_v2_final_normalization_session02_BCA_normalization_fp32_b1_r1_control_1785246504601,42,183251.19564578999,183251.19696709601,183251.19630644302,0.0013213060155976564,10.64393351302715,10406170943,true,true,5dff3859ad319cb37301e68cfc6fde00723e3a42110ca93adb44c05e97098167
softmax_whole_stage_atc_trace_v1,softmax_whole_stage_operand_rate_atc,softmax_whole_stage_operand_rate_atc_v2,20260728_operand_rate_v2_final_normalization_session02_BCA,normalization,fp32,20260728_operand_rate_v2_final_normalization_session02_BCA_normalization_fp32,1,1,20260728_operand_rate_v2_final_normalization_session02_BCA_normalization_fp32_b1_r1_control,control,control,20260728_operand_rate_v2_final_normalization_session02_BCA_normalization_fp32_b1_r1_control_1785246504601,43,183251.44959114501,183251.4509382,183251.45026467252,0.0013470549893099815,10.897891742526554,10406242259,true,true,5dff3859ad319cb37301e68cfc6fde00723e3a42110ca93adb44c05e97098167
softmax_whole_stage_atc_trace_v1,softmax_whole_stage_operand_rate_atc,softmax_whole_stage_operand_rate_atc_v2,20260728_operand_rate_v2_final_normalization_session02_BCA,normalization,fp32,20260728_operand_rate_v2_final_normalization_session02_BCA_normalization_fp32,1,1,20260728_operand_rate_v2_final_normalization_session02_BCA_normalization_fp32_b1_r1_control,control,control,20260728_operand_rate_v2_final_normalization_session02_BCA_normalization_fp32_b1_r1_control_1785246504601,44,183251.70355911899,183251.70494353701,183251.70425132802,0.0013844180211890489,11.151878398028202,10406286272,true,true,5dff3859ad319cb37301e68cfc6fde00723e3a42110ca93adb44c05e97098167
softmax_whole_stage_atc_trace_v1,softmax_whole_stage_operand_rate_atc,softmax_whole_stage_operand_rate_atc_v2,20260728_operand_rate_v2_final_normalization_session02_BCA,normalization,fp32,20260728_operand_rate_v2_final_normalization_session02_BCA_normalization_fp32,1,1,20260728_operand_rate_v2_final_normalization_session02_BCA_normalization_fp32_b1_r1_control,control,control,20260728_operand_rate_v2_final_normalization_session02_BCA_normalization_fp32_b1_r1_control_1785246504601,45,183251.955625262,183251.95700402401,183251.956314643,0.0013787620118819177,11.403941713011591,10406356625,true,true,5dff3859ad319cb37301e68cfc6fde00723e3a42110ca93adb44c05e97098167
softmax_whole_stage_atc_trace_v1,softmax_whole_stage_operand_rate_atc,softmax_whole_stage_operand_rate_atc_v2,20260728_operand_rate_v2_final_normalization_session02_BCA,normalization,fp32,20260728_operand_rate_v2_final_normalization_session02_BCA_normalization_fp32,1,1,20260728_operand_rate_v2_final_normalization_session02_BCA_normalization_fp32_b1_r1_control,control,control,20260728_operand_rate_v2_final_normalization_session02_BCA_normalization_fp32_b1_r1_control_1785246504601,46,183252.20734413801,183252.208728556,183252.208036347,0.0013844179920852184,11.655663417011965,10406400303,true,true,5dff3859ad319cb37301e68cfc6fde00723e3a42110ca93adb44c05e97098167
softmax_whole_stage_atc_trace_v1,softmax_whole_stage_operand_rate_atc,softmax_whole_stage_operand_rate_atc_v2,20260728_operand_rate_v2_final_normalization_session02_BCA,normalization,fp32,20260728_operand_rate_v2_final_normalization_session02_BCA_normalization_fp32,1,1,20260728_operand_rate_v2_final_normalization_session02_BCA_normalization_fp32_b1_r1_control,control,control,20260728_operand_rate_v2_final_normalization_session02_BCA_normalization_fp32_b1_r1_control_1785246504601,47,183252.45992224201,183252.46129545101,183252.46060884651,0.0013732090010307729,11.908235916518606,10406470798,true,true,5dff3859ad319cb37301e68cfc6fde00723e3a42110ca93adb44c05e97098167
softmax_whole_stage_atc_trace_v1,softmax_whole_stage_operand_rate_atc,softmax_whole_stage_operand_rate_atc_v2,20260728_operand_rate_v2_final_normalization_session02_BCA,normalization,fp32,20260728_operand_rate_v2_final_normalization_session02_BCA_normalization_fp32,1,1,20260728_operand_rate_v2_final_normalization_session02_BCA_normalization_fp32_b1_r1_control,control,control,20260728_operand_rate_v2_final_normalization_session02_BCA_normalization_fp32_b1_r1_control_1785246504601,48,183252.71388829799,183252.71528240899,183252.7145853535,0.0013941109937150031,12.162212423514575,10406514506,true,true,5dff3859ad319cb37301e68cfc6fde00723e3a42110ca93adb44c05e97098167
softmax_whole_stage_atc_trace_v1,softmax_whole_stage_operand_rate_atc,softmax_whole_stage_operand_rate_atc_v2,20260728_operand_rate_v2_final_normalization_session02_BCA,normalization,fp32,20260728_operand_rate_v2_final_normalization_session02_BCA_normalization_fp32,1,1,20260728_operand_rate_v2_final_normalization_session02_BCA_normalization_fp32_b1_r1_control,control,control,20260728_operand_rate_v2_final_normalization_session02_BCA_normalization_fp32_b1_r1_control_1785246504601,49,183252.96790242,183252.97064106201,183252.96927174099,0.0027386420115362853,12.416898811003193,10406584542,true,true,5dff3859ad319cb37301e68cfc6fde00723e3a42110ca93adb44c05e97098167
softmax_whole_stage_atc_trace_v1,softmax_whole_stage_operand_rate_atc,softmax_whole_stage_operand_rate_atc_v2,20260728_operand_rate_v2_final_normalization_session02_BCA,normalization,fp32,20260728_operand_rate_v2_final_normalization_session02_BCA_normalization_fp32,1,1,20260728_operand_rate_v2_final_normalization_session02_BCA_normalization_fp32_b1_r1_control,control,control,20260728_operand_rate_v2_final_normalization_session02_BCA_normalization_fp32_b1_r1_control_1785246504601,50,183253.223215026,183253.224562788,183253.223888907,0.0013477620086632669,12.671515977010131,10406632023,true,true,5dff3859ad319cb37301e68cfc6fde00723e3a42110ca93adb44c05e97098167
softmax_whole_stage_atc_trace_v1,softmax_whole_stage_operand_rate_atc,softmax_whole_stage_operand_rate_atc_v2,20260728_operand_rate_v2_final_normalization_session02_BCA,normalization,fp32,20260728_operand_rate_v2_final_normalization_session02_BCA_normalization_fp32,1,1,20260728_operand_rate_v2_final_normalization_session02_BCA_normalization_fp32_b1_r1_control,control,control,20260728_operand_rate_v2_final_normalization_session02_BCA_normalization_fp32_b1_r1_control_1785246504601,51,183253.47564257,183253.47715452401,183253.47639854701,0.001511954003944993,12.924025617016014,10406701026,true,true,5dff3859ad319cb37301e68cfc6fde00723e3a42110ca93adb44c05e97098167
softmax_whole_stage_atc_trace_v1,softmax_whole_stage_operand_rate_atc,softmax_whole_stage_operand_rate_atc_v2,20260728_operand_rate_v2_final_normalization_session02_BCA,normalization,fp32,20260728_operand_rate_v2_final_normalization_session02_BCA_normalization_fp32,1,1,20260728_operand_rate_v2_final_normalization_session02_BCA_normalization_fp32_b1_r1_control,control,control,20260728_operand_rate_v2_final_normalization_session02_BCA_normalization_fp32_b1_r1_control_1785246504601,52,183253.729775443,183253.73115198399,183253.73046371349,0.0013765409821644425,13.178090783505468,10406748204,true,false,5dff3859ad319cb37301e68cfc6fde00723e3a42110ca93adb44c05e97098167
softmax_whole_stage_atc_trace_v1,softmax_whole_stage_operand_rate_atc,softmax_whole_stage_operand_rate_atc_v2,20260728_operand_rate_v2_final_normalization_session02_BCA,normalization,fp32,20260728_operand_rate_v2_final_normalization_session02_BCA_normalization_fp32,1,1,20260728_operand_rate_v2_final_normalization_session02_BCA_normalization_fp32_b1_r1_control,control,control,20260728_operand_rate_v2_final_normalization_session02_BCA_normalization_fp32_b1_r1_control_1785246504601,53,183253.98160044799,183253.98413571899,183253.98286808349,0.0025352709926664829,13.430495153501397,10406816880,true,false,5dff3859ad319cb37301e68cfc6fde00723e3a42110ca93adb44c05e97098167
softmax_whole_stage_atc_trace_v1,softmax_whole_stage_operand_rate_atc,softmax_whole_stage_operand_rate_atc_v2,20260728_operand_rate_v2_final_normalization_session02_BCA,normalization,fp32,20260728_operand_rate_v2_final_normalization_session02_BCA_normalization_fp32,1,1,20260728_operand_rate_v2_final_normalization_session02_BCA_normalization_fp32_b1_r1_control,control,control,20260728_operand_rate_v2_final_normalization_session02_BCA_normalization_fp32_b1_r1_control_1785246504601,54,183254.236732302,183254.23805855599,183254.23739542899,0.0013262539869174361,13.685022499004845,10406871409,true,false,5dff3859ad319cb37301e68cfc6fde00723e3a42110ca93adb44c05e97098167
softmax_whole_stage_atc_trace_v1,softmax_whole_stage_operand_rate_atc,softmax_whole_stage_operand_rate_atc_v2,20260728_operand_rate_v2_final_normalization_session02_BCA,normalization,fp32,20260728_operand_rate_v2_final_normalization_session02_BCA_normalization_fp32,1,1,20260728_operand_rate_v2_final_normalization_session02_BCA_normalization_fp32_b1_r1_control,control,control,20260728_operand_rate_v2_final_normalization_session02_BCA_normalization_fp32_b1_r1_control_1785246504601,55,183254.23806380699,183254.243457884,183254.24076084548,0.0053940770158078521,13.688387915492058,10406871409,false,false,5dff3859ad319cb37301e68cfc6fde00723e3a42110ca93adb44c05e97098167
softmax_whole_stage_atc_trace_v1,softmax_whole_stage_operand_rate_atc,softmax_whole_stage_operand_rate_atc_v2,20260728_operand_rate_v2_final_normalization_session02_BCA,normalization,fp32,20260728_operand_rate_v2_final_normalization_session02_BCA_normalization_fp32,1,2,20260728_operand_rate_v2_final_normalization_session02_BCA_normalization_fp32_b1_r2_treatment,treatment,treatment,20260728_operand_rate_v2_final_normalization_session02_BCA_normalization_fp32_b1_r2_treatment_1785246518885,0,183255.27857106199,183255.279786239,183255.2791786505,0.0012151770060881972,0.00063515649526380002,10407006968,false,false,5dff3859ad319cb37301e68cfc6fde00723e3a42110ca93adb44c05e97098167
softmax_whole_stage_atc_trace_v1,softmax_whole_stage_operand_rate_atc,softmax_whole_stage_operand_rate_atc_v2,20260728_operand_rate_v2_final_normalization_session02_BCA,normalization,fp32,20260728_operand_rate_v2_final_normalization_session02_BCA_normalization_fp32,1,2,20260728_operand_rate_v2_final_normalization_session02_BCA_normalization_fp32_b1_r2_treatment,treatment,treatment,20260728_operand_rate_v2_final_normalization_session02_BCA_normalization_fp32_b1_r2_treatment_1785246518885,1,183255.532517446,183255.53468679899,183255.53360212251,0.00216935298522003,0.25505862850695848,10407046121,true,false,5dff3859ad319cb37301e68cfc6fde00723e3a42110ca93adb44c05e97098167
softmax_whole_stage_atc_trace_v1,softmax_whole_stage_operand_rate_atc,softmax_whole_stage_operand_rate_atc_v2,20260728_operand_rate_v2_final_normalization_session02_BCA,normalization,fp32,20260728_operand_rate_v2_final_normalization_session02_BCA_normalization_fp32,1,2,20260728_operand_rate_v2_final_normalization_session02_BCA_normalization_fp32_b1_r2_treatment,treatment,treatment,20260728_operand_rate_v2_final_normalization_session02_BCA_normalization_fp32_b1_r2_treatment_1785246518885,2,183255.78705022301,183255.788428392,183255.7877393075,0.0013781689922325313,0.50919581350171939,10407117419,true,false,5dff3859ad319cb37301e68cfc6fde00723e3a42110ca93adb44c05e97098167
softmax_whole_stage_atc_trace_v1,softmax_whole_stage_operand_rate_atc,softmax_whole_stage_operand_rate_atc_v2,20260728_operand_rate_v2_final_normalization_session02_BCA,normalization,fp32,20260728_operand_rate_v2_final_normalization_session02_BCA_normalization_fp32,1,2,20260728_operand_rate_v2_final_normalization_session02_BCA_normalization_fp32_b1_r2_treatment,treatment,treatment,20260728_operand_rate_v2_final_normalization_session02_BCA_normalization_fp32_b1_r2_treatment_1785246518885,3,183256.038584903,183256.04074170199,183256.03966330248,0.002156798989744857,0.76111980847781524,10407162100,true,true,5dff3859ad319cb37301e68cfc6fde00723e3a42110ca93adb44c05e97098167
softmax_whole_stage_atc_trace_v1,softmax_whole_stage_operand_rate_atc,softmax_whole_stage_operand_rate_atc_v2,20260728_operand_rate_v2_final_normalization_session02_BCA,normalization,fp32,20260728_operand_rate_v2_final_normalization_session02_BCA_normalization_fp32,1,2,20260728_operand_rate_v2_final_normalization_session02_BCA_normalization_fp32_b1_r2_treatment,treatment,treatment,20260728_operand_rate_v2_final_normalization_session02_BCA_normalization_fp32_b1_r2_treatment_1785246518885,4,183256.29282347899,183256.29425732899,183256.293540404,0.0014338500041048974,1.0149969100020826,10407233558,true,true,5dff3859ad319cb37301e68cfc6fde00723e3a42110ca93adb44c05e97098167
softmax_whole_stage_atc_trace_v1,softmax_whole_stage_operand_rate_atc,softmax_whole_stage_operand_rate_atc_v2,20260728_operand_rate_v2_final_normalization_session02_BCA,normalization,fp32,20260728_operand_rate_v2_final_normalization_session02_BCA_normalization_fp32,1,2,20260728_operand_rate_v2_final_normalization_session02_BCA_normalization_fp32_b1_r2_treatment,treatment,treatment,20260728_operand_rate_v2_final_normalization_session02_BCA_normalization_fp32_b1_r2_treatment_1785246518885,5,183256.547059423,183256.548459054,183256.54775923851,0.00139963100082241,1.2692157445126213,10407278397,true,true,5dff3859ad319cb37301e68cfc6fde00723e3a42110ca93adb44c05e97098167
softmax_whole_stage_atc_trace_v1,softmax_whole_stage_operand_rate_atc,softmax_whole_stage_operand_rate_atc_v2,20260728_operand_rate_v2_final_normalization_session02_BCA,normalization,fp32,20260728_operand_rate_v2_final_normalization_session02_BCA_normalization_fp32,1,2,20260728_operand_rate_v2_final_normalization_session02_BCA_normalization_fp32_b1_r2_treatment,treatment,treatment,20260728_operand_rate_v2_final_normalization_session02_BCA_normalization_fp32_b1_r2_treatment_1785246518885,6,183256.80085031901,183256.80225420301,183256.80155226099,0.0014038840017747134,1.523008766991552,10407349480,true,true,5dff3859ad319cb37301e68cfc6fde00723e3a42110ca93adb44c05e97098167
softmax_whole_stage_atc_trace_v1,softmax_whole_stage_operand_rate_atc,softmax_whole_stage_operand_rate_atc_v2,20260728_operand_rate_v2_final_normalization_session02_BCA,normalization,fp32,20260728_operand_rate_v2_final_normalization_session02_BCA_normalization_fp32,1,2,20260728_operand_rate_v2_final_normalization_session02_BCA_normalization_fp32_b1_r2_treatment,treatment,treatment,20260728_operand_rate_v2_final_normalization_session02_BCA_normalization_fp32_b1_r2_treatment_1785246518885,7,183257.05549638299,183257.05685967,183257.05617802648,0.0013632870104629546,1.7776345324818976,10407393784,true,true,5dff3859ad319cb37301e68cfc6fde00723e3a42110ca93adb44c05e97098167
softmax_whole_stage_atc_trace_v1,softmax_whole_stage_operand_rate_atc,softmax_whole_stage_operand_rate_atc_v2,20260728_operand_rate_v2_final_normalization_session02_BCA,normalization,fp32,20260728_operand_rate_v2_final_normalization_session02_BCA_normalization_fp32,1,2,20260728_operand_rate_v2_final_normalization_session02_BCA_normalization_fp32_b1_r2_treatment,treatment,treatment,20260728_operand_rate_v2_final_normalization_session02_BCA_normalization_fp32_b1_r2_treatment_1785246518885,8,183257.310125438,183257.311484473,183257.31080495549,0.0013590349990408868,2.0322614614851773,10407464389,true,true,5dff3859ad319cb37301e68cfc6fde00723e3a42110ca93adb44c05e97098167
softmax_whole_stage_atc_trace_v1,softmax_whole_stage_operand_rate_atc,softmax_whole_stage_operand_rate_atc_v2,20260728_operand_rate_v2_final_normalization_session02_BCA,normalization,fp32,20260728_operand_rate_v2_final_normalization_session02_BCA_normalization_fp32,1,2,20260728_operand_rate_v2_final_normalization_session02_BCA_normalization_fp32_b1_r2_treatment,treatment,treatment,20260728_operand_rate_v2_final_normalization_session02_BCA_normalization_fp32_b1_r2_treatment_1785246518885,9,183257.56241839999,183257.56381367799,183257.56311603897,0.0013952779991086572,2.2845725449733436,10407508019,true,true,5dff3859ad319cb37301e68cfc6fde00723e3a42110ca93adb44c05e97098167
softmax_whole_stage_atc_trace_v1,softmax_whole_stage_operand_rate_atc,softmax_whole_stage_operand_rate_atc_v2,20260728_operand_rate_v2_final_normalization_session02_BCA,normalization,fp32,20260728_operand_rate_v2_final_normalization_session02_BCA_normalization_fp32,1,2,20260728_operand_rate_v2_final_normalization_session02_BCA_normalization_fp32_b1_r2_treatment,treatment,treatment,20260728_operand_rate_v2_final_normalization_session02_BCA_normalization_fp32_b1_r2_treatment_1785246518885,10,183257.814429816,183257.81581405899,183257.81512193748,0.0013842429907526821,2.5365784434834495,10407578491,true,true,5dff3859ad319cb37301e68cfc6fde00723e3a42110ca93adb44c05e97098167
softmax_whole_stage_atc_trace_v1,softmax_whole_stage_operand_rate_atc,softmax_whole_stage_operand_rate_atc_v2,20260728_operand_rate_v2_final_normalization_session02_BCA,normalization,fp32,20260728_operand_rate_v2_final_normalization_session02_BCA_normalization_fp32,1,2,20260728_operand_rate_v2_final_normalization_session02_BCA_normalization_fp32_b1_r2_treatment,treatment,treatment,20260728_operand_rate_v2_final_normalization_session02_BCA_normalization_fp32_b1_r2_treatment_1785246518885,11,183258.065978467,183258.06740209201,183258.06669027952,0.001423625013558194,2.7881467855186202,10407622650,true,true,5dff3859ad319cb37301e68cfc6fde00723e3a42110ca93adb44c05e97098167
softmax_whole_stage_atc_trace_v1,softmax_whole_stage_operand_rate_atc,softmax_whole_stage_operand_rate_atc_v2,20260728_operand_rate_v2_final_normalization_session02_BCA,normalization,fp32,20260728_operand_rate_v2_final_normalization_session02_BCA_normalization_fp32,1,2,20260728_operand_rate_v2_final_normalization_session02_BCA_normalization_fp32_b1_r2_treatment,treatment,treatment,20260728_operand_rate_v2_final_normalization_session02_BCA_normalization_fp32_b1_r2_treatment_1785246518885,12,183258.320365864,183258.321685011,183258.3210254375,0.0013191470061428845,3.0424819434992969,10407693838,true,true,5dff3859ad319cb37301e68cfc6fde00723e3a42110ca93adb44c05e97098167
softmax_whole_stage_atc_trace_v1,softmax_whole_stage_operand_rate_atc,softmax_whole_stage_operand_rate_atc_v2,20260728_operand_rate_v2_final_normalization_session02_BCA,normalization,fp32,20260728_operand_rate_v2_final_normalization_session02_BCA_normalization_fp32,1,2,20260728_operand_rate_v2_final_normalization_session02_BCA_normalization_fp32_b1_r2_treatment,treatment,treatment,20260728_operand_rate_v2_final_normalization_session02_BCA_normalization_fp32_b1_r2_treatment_1785246518885,13,183258.57412335201,183258.57553543599,183258.574829394,0.0014120839769020677,3.2962858999962918,10407738110,true,true,5dff3859ad319cb37301e68cfc6fde00723e3a42110ca93adb44c05e97098167
softmax_whole_stage_atc_trace_v1,softmax_whole_stage_operand_rate_atc,softmax_whole_stage_operand_rate_atc_v2,20260728_operand_rate_v2_final_normalization_session02_BCA,normalization,fp32,20260728_operand_rate_v2_final_normalization_session02_BCA_normalization_fp32,1,2,20260728_operand_rate_v2_final_normalization_session02_BCA_normalization_fp32_b1_r2_treatment,treatment,treatment,20260728_operand_rate_v2_final_normalization_session02_BCA_normalization_fp32_b1_r2_treatment_1785246518885,14,183258.82622871699,183258.82760810101,183258.826918409,0.001379384018946439,3.5483749150007498,10407808992,true,true,5dff3859ad319cb37301e68cfc6fde00723e3a42110ca93adb44c05e97098167
softmax_whole_stage_atc_trace_v1,softmax_whole_stage_operand_rate_atc,softmax_whole_stage_operand_rate_atc_v2,20260728_operand_rate_v2_final_normalization_session02_BCA,normalization,fp32,20260728_operand_rate_v2_final_normalization_session02_BCA_normalization_fp32,1,2,20260728_operand_rate_v2_final_normalization_session02_BCA_normalization_fp32_b1_r2_treatment,treatment,treatment,20260728_operand_rate_v2_final_normalization_session02_BCA_normalization_fp32_b1_r2_treatment_1785246518885,15,183259.07893635501,183259.08032748199,183259.07963191852,0.0013911269779782742,3.8010884245159104,10407853376,true,true,5dff3859ad319cb37301e68cfc6fde00723e3a42110ca93adb44c05e97098167
softmax_whole_stage_atc_trace_v1,softmax_whole_stage_operand_rate_atc,softmax_whole_stage_operand_rate_atc_v2,20260728_operand_rate_v2_final_normalization_session02_BCA,normalization,fp32,20260728_operand_rate_v2_final_normalization_session02_BCA_normalization_fp32,1,2,20260728_operand_rate_v2_final_normalization_session02_BCA_normalization_fp32_b1_r2_treatment,treatment,treatment,20260728_operand_rate_v2_final_normalization_session02_BCA_normalization_fp32_b1_r2_treatment_1785246518885,16,183259.33120775199,183259.33258490899,183259.33189633049,0.0013771569938398898,4.0533528364903759,10407924456,true,true,5dff3859ad319cb37301e68cfc6fde00723e3a42110ca93adb44c05e97098167
softmax_whole_stage_atc_trace_v1,softmax_whole_stage_operand_rate_atc,softmax_whole_stage_operand_rate_atc_v2,20260728_operand_rate_v2_final_normalization_session02_BCA,normalization,fp32,20260728_operand_rate_v2_final_normalization_session02_BCA_normalization_fp32,1,2,20260728_operand_rate_v2_final_normalization_session02_BCA_normalization_fp32_b1_r2_treatment,treatment,treatment,20260728_operand_rate_v2_final_normalization_session02_BCA_normalization_fp32_b1_r2_treatment_1785246518885,17,183259.585862523,183259.58717903699,183259.58652077999,0.0013165139826014638,4.3079772859928198,10407968984,true,true,5dff3859ad319cb37301e68cfc6fde00723e3a42110ca93adb44c05e97098167
softmax_whole_stage_atc_trace_v1,softmax_whole_stage_operand_rate_atc,softmax_whole_stage_operand_rate_atc_v2,20260728_operand_rate_v2_final_normalization_session02_BCA,normalization,fp32,20260728_operand_rate_v2_final_normalization_session02_BCA_normalization_fp32,1,2,20260728_operand_rate_v2_final_normalization_session02_BCA_normalization_fp32_b1_r2_treatment,treatment,treatment,20260728_operand_rate_v2_final_normalization_session02_BCA_normalization_fp32_b1_r2_treatment_1785246518885,18,183259.837914737,183259.83929037501,183259.838602556,0.0013756380067206919,4.5600590620015282,10408039821,true,true,5dff3859ad319cb37301e68cfc6fde00723e3a42110ca93adb44c05e97098167
softmax_whole_stage_atc_trace_v1,softmax_whole_stage_operand_rate_atc,softmax_whole_stage_operand_rate_atc_v2,20260728_operand_rate_v2_final_normalization_session02_BCA,normalization,fp32,20260728_operand_rate_v2_final_normalization_session02_BCA_normalization_fp32,1,2,20260728_operand_rate_v2_final_normalization_session02_BCA_normalization_fp32_b1_r2_treatment,treatment,treatment,20260728_operand_rate_v2_final_normalization_session02_BCA_normalization_fp32_b1_r2_treatment_1785246518885,19,183260.08951340101,183260.090858262,183260.0901858315,0.0013448609970510006,4.8116423375031445,10408084176,true,true,5dff3859ad319cb37301e68cfc6fde00723e3a42110ca93adb44c05e97098167
softmax_whole_stage_atc_trace_v1,softmax_whole_stage_operand_rate_atc,softmax_whole_stage_operand_rate_atc_v2,20260728_operand_rate_v2_final_normalization_session02_BCA,normalization,fp32,20260728_operand_rate_v2_final_normalization_session02_BCA_normalization_fp32,1,2,20260728_operand_rate_v2_final_normalization_session02_BCA_normalization_fp32_b1_r2_treatment,treatment,treatment,20260728_operand_rate_v2_final_normalization_session02_BCA_normalization_fp32_b1_r2_treatment_1785246518885,20,183260.34309098599,183260.344467232,183260.34377910901,0.0013762460148427635,5.065235615009442,10408155559,true,true,5dff3859ad319cb37301e68cfc6fde00723e3a42110ca93adb44c05e97098167
softmax_whole_stage_atc_trace_v1,softmax_whole_stage_operand_rate_atc,softmax_whole_stage_operand_rate_atc_v2,20260728_operand_rate_v2_final_normalization_session02_BCA,normalization,fp32,20260728_operand_rate_v2_final_normalization_session02_BCA_normalization_fp32,1,2,20260728_operand_rate_v2_final_normalization_session02_BCA_normalization_fp32_b1_r2_treatment,treatment,treatment,20260728_operand_rate_v2_final_normalization_session02_BCA_normalization_fp32_b1_r2_treatment_1785246518885,21,183260.594734499,183260.596293582,183260.5955140405,0.0015590830007568002,5.316970546497032,10408200011,true,true,5dff3859ad319cb37301e68cfc6fde00723e3a42110ca93adb44c05e97098167
softmax_whole_stage_atc_trace_v1,softmax_whole_stage_operand_rate_atc,softmax_whole_stage_operand_rate_atc_v2,20260728_operand_rate_v2_final_normalization_session02_BCA,normalization,fp32,20260728_operand_rate_v2_final_normalization_session02_BCA_normalization_fp32,1,2,20260728_operand_rate_v2_final_normalization_session02_BCA_normalization_fp32_b1_r2_treatment,treatment,treatment,20260728_operand_rate_v2_final_normalization_session02_BCA_normalization_fp32_b1_r2_treatment_1785246518885,22,183260.84645667399,183260.847818037,183260.84713735548,0.0013613630144391209,5.5685938614769839,10408271476,true,true,5dff3859ad319cb37301e68cfc6fde00723e3a42110ca93adb44c05e97098167
softmax_whole_stage_atc_trace_v1,softmax_whole_stage_operand_rate_atc,softmax_whole_stage_operand_rate_atc_v2,20260728_operand_rate_v2_final_normalization_session02_BCA,normalization,fp32,20260728_operand_rate_v2_final_normalization_session02_BCA_normalization_fp32,1,2,20260728_operand_rate_v2_final_normalization_session02_BCA_normalization_fp32_b1_r2_treatment,treatment,treatment,20260728_operand_rate_v2_final_normalization_session02_BCA_normalization_fp32_b1_r2_treatment_1785246518885,23,183261.10109514499,183261.10252777999,183261.10181146249,0.0014326350064948201,5.8232679684879258,10408316544,true,true,5dff3859ad319cb37301e68cfc6fde00723e3a42110ca93adb44c05e97098167
softmax_whole_stage_atc_trace_v1,softmax_whole_stage_operand_rate_atc,softmax_whole_stage_operand_rate_atc_v2,20260728_operand_rate_v2_final_normalization_session02_BCA,normalization,fp32,20260728_operand_rate_v2_final_normalization_session02_BCA_normalization_fp32,1,2,20260728_operand_rate_v2_final_normalization_session02_BCA_normalization_fp32_b1_r2_treatment,treatment,treatment,20260728_operand_rate_v2_final_normalization_session02_BCA_normalization_fp32_b1_r2_treatment_1785246518885,24,183261.355764493,183261.35712869099,183261.35644659199,0.0013641979894600809,6.0779030979902018,10408387936,true,true,5dff3859ad319cb37301e68cfc6fde00723e3a42110ca93adb44c05e97098167
softmax_whole_stage_atc_trace_v1,softmax_whole_stage_operand_rate_atc,softmax_whole_stage_operand_rate_atc_v2,20260728_operand_rate_v2_final_normalization_session02_BCA,normalization,fp32,20260728_operand_rate_v2_final_normalization_session02_BCA_normalization_fp32,1,2,20260728_operand_rate_v2_final_normalization_session02_BCA_normalization_fp32_b1_r2_treatment,treatment,treatment,20260728_operand_rate_v2_final_normalization_session02_BCA_normalization_fp32_b1_r2_treatment_1785246518885,25,183261.60781518999,183261.60920571,183261.60851044999,0.001390520017594099,6.3299669559928589,10408432300,true,true,5dff3859ad319cb37301e68cfc6fde00723e3a42110ca93adb44c05e97098167
softmax_whole_stage_atc_trace_v1,softmax_whole_stage_operand_rate_atc,softmax_whole_stage_operand_rate_atc_v2,20260728_operand_rate_v2_final_normalization_session02_BCA,normalization,fp32,20260728_operand_rate_v2_final_normalization_session02_BCA_normalization_fp32,1,2,20260728_operand_rate_v2_final_normalization_session02_BCA_normalization_fp32_b1_r2_treatment,treatment,treatment,20260728_operand_rate_v2_final_normalization_session02_BCA_normalization_fp32_b1_r2_treatment_1785246518885,26,183261.85942529299,183261.860808119,183261.860116706,0.0013828260125592351,6.5815732119954191,10408503509,true,true,5dff3859ad319cb37301e68cfc6fde00723e3a42110ca93adb44c05e97098167
softmax_whole_stage_atc_trace_v1,softmax_whole_stage_operand_rate_atc,softmax_whole_stage_operand_rate_atc_v2,20260728_operand_rate_v2_final_normalization_session02_BCA,normalization,fp32,20260728_operand_rate_v2_final_normalization_session02_BCA_normalization_fp32,1,2,20260728_operand_rate_v2_final_normalization_session02_BCA_normalization_fp32_b1_r2_treatment,treatment,treatment,20260728_operand_rate_v2_final_normalization_session02_BCA_normalization_fp32_b1_r2_treatment_1785246518885,27,183262.11401689,183262.11537967101,183262.11469828052,0.0013627810112666339,6.8361547865206376,10408548424,true,true,5dff3859ad319cb37301e68cfc6fde00723e3a42110ca93adb44c05e97098167
softmax_whole_stage_atc_trace_v1,softmax_whole_stage_operand_rate_atc,softmax_whole_stage_operand_rate_atc_v2,20260728_operand_rate_v2_final_normalization_session02_BCA,normalization,fp32,20260728_operand_rate_v2_final_normalization_session02_BCA_normalization_fp32,1,2,20260728_operand_rate_v2_final_normalization_session02_BCA_normalization_fp32_b1_r2_treatment,treatment,treatment,20260728_operand_rate_v2_final_normalization_session02_BCA_normalization_fp32_b1_r2_treatment_1785246518885,28,183262.36727294,183262.36868401099,183262.36797847549,0.0014110709889791906,7.0894349814916495,10408619744,true,true,5dff3859ad319cb37301e68cfc6fde00723e3a42110ca93adb44c05e97098167
softmax_whole_stage_atc_trace_v1,softmax_whole_stage_operand_rate_atc,softmax_whole_stage_operand_rate_atc_v2,20260728_operand_rate_v2_final_normalization_session02_BCA,normalization,fp32,20260728_operand_rate_v2_final_normalization_session02_BCA_normalization_fp32,1,2,20260728_operand_rate_v2_final_normalization_session02_BCA_normalization_fp32_b1_r2_treatment,treatment,treatment,20260728_operand_rate_v2_final_normalization_session02_BCA_normalization_fp32_b1_r2_treatment_1785246518885,29,183262.62039980901,183262.621971952,183262.6211858805,0.0015721429954282939,7.3426423865021206,10408664288,true,true,5dff3859ad319cb37301e68cfc6fde00723e3a42110ca93adb44c05e97098167
softmax_whole_stage_atc_trace_v1,softmax_whole_stage_operand_rate_atc,softmax_whole_stage_operand_rate_atc_v2,20260728_operand_rate_v2_final_normalization_session02_BCA,normalization,fp32,20260728_operand_rate_v2_final_normalization_session02_BCA_normalization_fp32,1,2,20260728_operand_rate_v2_final_normalization_session02_BCA_normalization_fp32_b1_r2_treatment,treatment,treatment,20260728_operand_rate_v2_final_normalization_session02_BCA_normalization_fp32_b1_r2_treatment_1785246518885,30,183262.875181735,183262.87656688999,183262.87587431248,0.0013851549883838743,7.5973308184766211,10408735555,true,true,5dff3859ad319cb37301e68cfc6fde00723e3a42110ca93adb44c05e97098167
softmax_whole_stage_atc_trace_v1,softmax_whole_stage_operand_rate_atc,softmax_whole_stage_operand_rate_atc_v2,20260728_operand_rate_v2_final_normalization_session02_BCA,normalization,fp32,20260728_operand_rate_v2_final_normalization_session02_BCA_normalization_fp32,1,2,20260728_operand_rate_v2_final_normalization_session02_BCA_normalization_fp32_b1_r2_treatment,treatment,treatment,20260728_operand_rate_v2_final_normalization_session02_BCA_normalization_fp32_b1_r2_treatment_1785246518885,31,183263.12983933999,183263.131245653,183263.13054249651,0.0014063130074646324,7.8519990025088191,10408779771,true,true,5dff3859ad319cb37301e68cfc6fde00723e3a42110ca93adb44c05e97098167
softmax_whole_stage_atc_trace_v1,softmax_whole_stage_operand_rate_atc,softmax_whole_stage_operand_rate_atc_v2,20260728_operand_rate_v2_final_normalization_session02_BCA,normalization,fp32,20260728_operand_rate_v2_final_normalization_session02_BCA_normalization_fp32,1,2,20260728_operand_rate_v2_final_normalization_session02_BCA_normalization_fp32_b1_r2_treatment,treatment,treatment,20260728_operand_rate_v2_final_normalization_session02_BCA_normalization_fp32_b1_r2_treatment_1785246518885,32,183263.38451162499,183263.38859854901,183263.386555087,0.0040869240183383226,8.1080115929944441,10408850238,true,true,5dff3859ad319cb37301e68cfc6fde00723e3a42110ca93adb44c05e97098167
softmax_whole_stage_atc_trace_v1,softmax_whole_stage_operand_rate_atc,softmax_whole_stage_operand_rate_atc_v2,20260728_operand_rate_v2_final_normalization_session02_BCA,normalization,fp32,20260728_operand_rate_v2_final_normalization_session02_BCA_normalization_fp32,1,2,20260728_operand_rate_v2_final_normalization_session02_BCA_normalization_fp32_b1_r2_treatment,treatment,treatment,20260728_operand_rate_v2_final_normalization_session02_BCA_normalization_fp32_b1_r2_treatment_1785246518885,33,183263.641800749,183263.64318088099,183263.64249081499,0.0013801319873891771,8.3639473209914286,10408897798,true,true,5dff3859ad319cb37301e68cfc6fde00723e3a42110ca93adb44c05e97098167
softmax_whole_stage_atc_trace_v1,softmax_whole_stage_operand_rate_atc,softmax_whole_stage_operand_rate_atc_v2,20260728_operand_rate_v2_final_normalization_session02_BCA,normalization,fp32,20260728_operand_rate_v2_final_normalization_session02_BCA_normalization_fp32,1,2,20260728_operand_rate_v2_final_normalization_session02_BCA_normalization_fp32_b1_r2_treatment,treatment,treatment,20260728_operand_rate_v2_final_normalization_session02_BCA_normalization_fp32_b1_r2_treatment_1785246518885,34,183263.89645607001,183263.89898722401,183263.89772164699,0.0025311539939139038,8.6191781529923901,10408966786,true,true,5dff3859ad319cb37301e68cfc6fde00723e3a42110ca93adb44c05e97098167
softmax_whole_stage_atc_trace_v1,softmax_whole_stage_operand_rate_atc,softmax_whole_stage_operand_rate_atc_v2,20260728_operand_rate_v2_final_normalization_session02_BCA,normalization,fp32,20260728_operand_rate_v2_final_normalization_session02_BCA_normalization_fp32,1,2,20260728_operand_rate_v2_final_normalization_session02_BCA_normalization_fp32_b1_r2_treatment,treatment,treatment,20260728_operand_rate_v2_final_normalization_session02_BCA_normalization_fp32_b1_r2_treatment_1785246518885,35,183264.149266152,183264.15071361,183264.149989881,0.001447457994800061,8.8714463869982865,10409013254,true,true,5dff3859ad319cb37301e68cfc6fde00723e3a42110ca93adb44c05e97098167
softmax_whole_stage_atc_trace_v1,softmax_whole_stage_operand_rate_atc,softmax_whole_stage_operand_rate_atc_v2,20260728_operand_rate_v2_final_normalization_session02_BCA,normalization,fp32,20260728_operand_rate_v2_final_normalization_session02_BCA_normalization_fp32,1,2,20260728_operand_rate_v2_final_normalization_session02_BCA_normalization_fp32_b1_r2_treatment,treatment,treatment,20260728_operand_rate_v2_final_normalization_session02_BCA_normalization_fp32_b1_r2_treatment_1785246518885,36,183264.40166579801,183264.40383572,183264.40275075901,0.0021699219942092896,9.1242072650056798,10409081774,true,true,5dff3859ad319cb37301e68cfc6fde00723e3a42110ca93adb44c05e97098167
softmax_whole_stage_atc_trace_v1,softmax_whole_stage_operand_rate_atc,softmax_whole_stage_operand_rate_atc_v2,20260728_operand_rate_v2_final_normalization_session02_BCA,normalization,fp32,20260728_operand_rate_v2_final_normalization_session02_BCA_normalization_fp32,1,2,20260728_operand_rate_v2_final_normalization_session02_BCA_normalization_fp32_b1_r2_treatment,treatment,treatment,20260728_operand_rate_v2_final_normalization_session02_BCA_normalization_fp32_b1_r2_treatment_1785246518885,37,183264.657102506,183264.65837117101,183264.6577368385,0.001268665015231818,9.3791933445027098,10409152797,true,true,5dff3859ad319cb37301e68cfc6fde00723e3a42110ca93adb44c05e97098167
softmax_whole_stage_atc_trace_v1,softmax_whole_stage_operand_rate_atc,softmax_whole_stage_operand_rate_atc_v2,20260728_operand_rate_v2_final_normalization_session02_BCA,normalization,fp32,20260728_operand_rate_v2_final_normalization_session02_BCA_normalization_fp32,1,2,20260728_operand_rate_v2_final_normalization_session02_BCA_normalization_fp32_b1_r2_treatment,treatment,treatment,20260728_operand_rate_v2_final_normalization_session02_BCA_normalization_fp32_b1_r2_treatment_1785246518885,38,183264.91162722401,183264.91304694201,183264.91233708302,0.0014197179989423603,9.6337935890187509,10409201104,true,true,5dff3859ad319cb37301e68cfc6fde00723e3a42110ca93adb44c05e97098167
softmax_whole_stage_atc_trace_v1,softmax_whole_stage_operand_rate_atc,softmax_whole_stage_operand_rate_atc_v2,20260728_operand_rate_v2_final_normalization_session02_BCA,normalization,fp32,20260728_operand_rate_v2_final_normalization_session02_BCA_normalization_fp32,1,2,20260728_operand_rate_v2_final_normalization_session02_BCA_normalization_fp32_b1_r2_treatment,treatment,treatment,20260728_operand_rate_v2_final_normalization_session02_BCA_normalization_fp32_b1_r2_treatment_1785246518885,39,183265.163649744,183265.16490909399,183265.164279419,0.0012593499850481749,9.88573592499597,10409271337,true,true,5dff3859ad319cb37301e68cfc6fde00723e3a42110ca93adb44c05e97098167
softmax_whole_stage_atc_trace_v1,softmax_whole_stage_operand_rate_atc,softmax_whole_stage_operand_rate_atc_v2,20260728_operand_rate_v2_final_normalization_session02_BCA,normalization,fp32,20260728_operand_rate_v2_final_normalization_session02_BCA_normalization_fp32,1,2,20260728_operand_rate_v2_final_normalization_session02_BCA_normalization_fp32_b1_r2_treatment,treatment,treatment,20260728_operand_rate_v2_final_normalization_session02_BCA_normalization_fp32_b1_r2_treatment_1785246518885,40,183265.41821637601,183265.419737438,183265.41897690701,0.0015210619894787669,10.140433413005667,10409319522,true,true,5dff3859ad319cb37301e68cfc6fde00723e3a42110ca93adb44c05e97098167
softmax_whole_stage_atc_trace_v1,softmax_whole_stage_operand_rate_atc,softmax_whole_stage_operand_rate_atc_v2,20260728_operand_rate_v2_final_normalization_session02_BCA,normalization,fp32,20260728_operand_rate_v2_final_normalization_session02_BCA_normalization_fp32,1,2,20260728_operand_rate_v2_final_normalization_session02_BCA_normalization_fp32_b1_r2_treatment,treatment,treatment,20260728_operand_rate_v2_final_normalization_session02_BCA_normalization_fp32_b1_r2_treatment_1785246518885,41,183265.67300695699,183265.67591250499,183265.67445973097,0.0029055479972157627,10.395916236971971,10409389566,true,true,5dff3859ad319cb37301e68cfc6fde00723e3a42110ca93adb44c05e97098167
softmax_whole_stage_atc_trace_v1,softmax_whole_stage_operand_rate_atc,softmax_whole_stage_operand_rate_atc_v2,20260728_operand_rate_v2_final_normalization_session02_BCA,normalization,fp32,20260728_operand_rate_v2_final_normalization_session02_BCA_normalization_fp32,1,2,20260728_operand_rate_v2_final_normalization_session02_BCA_normalization_fp32_b1_r2_treatment,treatment,treatment,20260728_operand_rate_v2_final_normalization_session02_BCA_normalization_fp32_b1_r2_treatment_1785246518885,42,183265.929125125,183265.93057309001,183265.92984910752,0.0014479650126304477,10.651305613515433,10409437042,true,true,5dff3859ad319cb37301e68cfc6fde00723e3a42110ca93adb44c05e97098167
softmax_whole_stage_atc_trace_v1,softmax_whole_stage_operand_rate_atc,softmax_whole_stage_operand_rate_atc_v2,20260728_operand_rate_v2_final_normalization_session02_BCA,normalization,fp32,20260728_operand_rate_v2_final_normalization_session02_BCA_normalization_fp32,1,2,20260728_operand_rate_v2_final_normalization_session02_BCA_normalization_fp32_b1_r2_treatment,treatment,treatment,20260728_operand_rate_v2_final_normalization_session02_BCA_normalization_fp32_b1_r2_treatment_1785246518885,43,183266.18380545301,183266.18516958901,183266.18448752101,0.001364135998301208,10.905944027006626,10409505979,true,true,5dff3859ad319cb37301e68cfc6fde00723e3a42110ca93adb44c05e97098167
softmax_whole_stage_atc_trace_v1,softmax_whole_stage_operand_rate_atc,softmax_whole_stage_operand_rate_atc_v2,20260728_operand_rate_v2_final_normalization_session02_BCA,normalization,fp32,20260728_operand_rate_v2_final_normalization_session02_BCA_normalization_fp32,1,2,20260728_operand_rate_v2_final_normalization_session02_BCA_normalization_fp32_b1_r2_treatment,treatment,treatment,20260728_operand_rate_v2_final_normalization_session02_BCA_normalization_fp32_b1_r2_treatment_1785246518885,44,183266.435454591,183266.436844646,183266.4361496185,0.0013900549965910614,11.15760612449958,10409552716,true,true,5dff3859ad319cb37301e68cfc6fde00723e3a42110ca93adb44c05e97098167
softmax_whole_stage_atc_trace_v1,softmax_whole_stage_operand_rate_atc,softmax_whole_stage_operand_rate_atc_v2,20260728_operand_rate_v2_final_normalization_session02_BCA,normalization,fp32,20260728_operand_rate_v2_final_normalization_session02_BCA_normalization_fp32,1,2,20260728_operand_rate_v2_final_normalization_session02_BCA_normalization_fp32_b1_r2_treatment,treatment,treatment,20260728_operand_rate_v2_final_normalization_session02_BCA_normalization_fp32_b1_r2_treatment_1785246518885,45,183266.68714108801,183266.68853488899,183266.68783798849,0.001393800979712978,11.409294494485948,10409621771,true,true,5dff3859ad319cb37301e68cfc6fde00723e3a42110ca93adb44c05e97098167
softmax_whole_stage_atc_trace_v1,softmax_whole_stage_operand_rate_atc,softmax_whole_stage_operand_rate_atc_v2,20260728_operand_rate_v2_final_normalization_session02_BCA,normalization,fp32,20260728_operand_rate_v2_final_normalization_session02_BCA_normalization_fp32,1,2,20260728_operand_rate_v2_final_normalization_session02_BCA_normalization_fp32_b1_r2_treatment,treatment,treatment,20260728_operand_rate_v2_final_normalization_session02_BCA_normalization_fp32_b1_r2_treatment_1785246518885,46,183266.93954164599,183266.94091459,183266.94022811798,0.0013729440106544644,11.661684623977635,10409669293,true,true,5dff3859ad319cb37301e68cfc6fde00723e3a42110ca93adb44c05e97098167
softmax_whole_stage_atc_trace_v1,softmax_whole_stage_operand_rate_atc,softmax_whole_stage_operand_rate_atc_v2,20260728_operand_rate_v2_final_normalization_session02_BCA,normalization,fp32,20260728_operand_rate_v2_final_normalization_session02_BCA_normalization_fp32,1,2,20260728_operand_rate_v2_final_normalization_session02_BCA_normalization_fp32_b1_r2_treatment,treatment,treatment,20260728_operand_rate_v2_final_normalization_session02_BCA_normalization_fp32_b1_r2_treatment_1785246518885,47,183267.19250764101,183267.194626132,183267.1935668865,0.0021184909855946898,11.915023392502917,10409738958,true,true,5dff3859ad319cb37301e68cfc6fde00723e3a42110ca93adb44c05e97098167
softmax_whole_stage_atc_trace_v1,softmax_whole_stage_operand_rate_atc,softmax_whole_stage_operand_rate_atc_v2,20260728_operand_rate_v2_final_normalization_session02_BCA,normalization,fp32,20260728_operand_rate_v2_final_normalization_session02_BCA_normalization_fp32,1,2,20260728_operand_rate_v2_final_normalization_session02_BCA_normalization_fp32_b1_r2_treatment,treatment,treatment,20260728_operand_rate_v2_final_normalization_session02_BCA_normalization_fp32_b1_r2_treatment_1785246518885,48,183267.444997899,183267.44637600699,183267.445686953,0.001378107990603894,12.16714345899527,10409786516,true,true,5dff3859ad319cb37301e68cfc6fde00723e3a42110ca93adb44c05e97098167
softmax_whole_stage_atc_trace_v1,softmax_whole_stage_operand_rate_atc,softmax_whole_stage_operand_rate_atc_v2,20260728_operand_rate_v2_final_normalization_session02_BCA,normalization,fp32,20260728_operand_rate_v2_final_normalization_session02_BCA_normalization_fp32,1,2,20260728_operand_rate_v2_final_normalization_session02_BCA_normalization_fp32_b1_r2_treatment,treatment,treatment,20260728_operand_rate_v2_final_normalization_session02_BCA_normalization_fp32_b1_r2_treatment_1785246518885,49,183267.696747065,183267.700056467,183267.69840176601,0.0033094020036514848,12.419858272012789,10409856251,true,true,5dff3859ad319cb37301e68cfc6fde00723e3a42110ca93adb44c05e97098167
softmax_whole_stage_atc_trace_v1,softmax_whole_stage_operand_rate_atc,softmax_whole_stage_operand_rate_atc_v2,20260728_operand_rate_v2_final_normalization_session02_BCA,normalization,fp32,20260728_operand_rate_v2_final_normalization_session02_BCA_normalization_fp32,1,2,20260728_operand_rate_v2_final_normalization_session02_BCA_normalization_fp32_b1_r2_treatment,treatment,treatment,20260728_operand_rate_v2_final_normalization_session02_BCA_normalization_fp32_b1_r2_treatment_1785246518885,50,183267.95100247901,183267.95240215099,183267.95170231501,0.0013996719790156931,12.673158821009565,10409903896,true,true,5dff3859ad319cb37301e68cfc6fde00723e3a42110ca93adb44c05e97098167
softmax_whole_stage_atc_trace_v1,softmax_whole_stage_operand_rate_atc,softmax_whole_stage_operand_rate_atc_v2,20260728_operand_rate_v2_final_normalization_session02_BCA,normalization,fp32,20260728_operand_rate_v2_final_normalization_session02_BCA_normalization_fp32,1,2,20260728_operand_rate_v2_final_normalization_session02_BCA_normalization_fp32_b1_r2_treatment,treatment,treatment,20260728_operand_rate_v2_final_normalization_session02_BCA_normalization_fp32_b1_r2_treatment_1785246518885,51,183268.20337519501,183268.20674483699,183268.20506001601,0.003369641985045746,12.926516522013117,10409973513,true,true,5dff3859ad319cb37301e68cfc6fde00723e3a42110ca93adb44c05e97098167
softmax_whole_stage_atc_trace_v1,softmax_whole_stage_operand_rate_atc,softmax_whole_stage_operand_rate_atc_v2,20260728_operand_rate_v2_final_normalization_session02_BCA,normalization,fp32,20260728_operand_rate_v2_final_normalization_session02_BCA_normalization_fp32,1,2,20260728_operand_rate_v2_final_normalization_session02_BCA_normalization_fp32_b1_r2_treatment,treatment,treatment,20260728_operand_rate_v2_final_normalization_session02_BCA_normalization_fp32_b1_r2_treatment_1785246518885,52,183268.45713482701,183268.458504835,183268.457819831,0.0013700079871341586,13.179276337003103,10410020911,true,false,5dff3859ad319cb37301e68cfc6fde00723e3a42110ca93adb44c05e97098167
softmax_whole_stage_atc_trace_v1,softmax_whole_stage_operand_rate_atc,softmax_whole_stage_operand_rate_atc_v2,20260728_operand_rate_v2_final_normalization_session02_BCA,normalization,fp32,20260728_operand_rate_v2_final_normalization_session02_BCA_normalization_fp32,1,2,20260728_operand_rate_v2_final_normalization_session02_BCA_normalization_fp32_b1_r2_treatment,treatment,treatment,20260728_operand_rate_v2_final_normalization_session02_BCA_normalization_fp32_b1_r2_treatment_1785246518885,53,183268.70885554401,183268.71225282401,183268.71055418401,0.0033972800010815263,13.432010690012248,10410089716,true,false,5dff3859ad319cb37301e68cfc6fde00723e3a42110ca93adb44c05e97098167
softmax_whole_stage_atc_trace_v1,softmax_whole_stage_operand_rate_atc,softmax_whole_stage_operand_rate_atc_v2,20260728_operand_rate_v2_final_normalization_session02_BCA,normalization,fp32,20260728_operand_rate_v2_final_normalization_session02_BCA_normalization_fp32,1,2,20260728_operand_rate_v2_final_normalization_session02_BCA_normalization_fp32_b1_r2_treatment,treatment,treatment,20260728_operand_rate_v2_final_normalization_session02_BCA_normalization_fp32_b1_r2_treatment_1785246518885,54,183268.96292953199,183268.96500054101,183268.9639650365,0.0020710090175271034,13.685421542497352,10410122079,true,false,5dff3859ad319cb37301e68cfc6fde00723e3a42110ca93adb44c05e97098167
softmax_whole_stage_atc_trace_v1,softmax_whole_stage_operand_rate_atc,softmax_whole_stage_operand_rate_atc_v2,20260728_operand_rate_v2_final_normalization_session02_BCA,normalization,fp32,20260728_operand_rate_v2_final_normalization_session02_BCA_normalization_fp32,1,2,20260728_operand_rate_v2_final_normalization_session02_BCA_normalization_fp32_b1_r2_treatment,treatment,treatment,20260728_operand_rate_v2_final_normalization_session02_BCA_normalization_fp32_b1_r2_treatment_1785246518885,55,183268.96509074801,183268.966891744,183268.96599124599,0.0018009959894698113,13.687447751988657,10410122079,false,false,5dff3859ad319cb37301e68cfc6fde00723e3a42110ca93adb44c05e97098167
