schema_version,experiment_kind,protocol_revision,session_id,stage,policy,cell_id,bracket_index,role_index,role_id,role,variant,run_id,sample_index,query_start_s,query_end_s,query_midpoint_s,query_latency_s,relative_to_kernel_start_s,energy_mJ,changed_from_previous,in_fit_window,binary_sha256
softmax_whole_stage_atc_trace_v1,softmax_whole_stage_operand_rate_atc,softmax_whole_stage_operand_rate_atc_v2,20260728_operand_rate_v2_final_reduction_session03_CAB,reduction,fp16x2,20260728_operand_rate_v2_final_reduction_session03_CAB_reduction_fp16x2,0,0,20260728_operand_rate_v2_final_reduction_session03_CAB_reduction_fp16x2_b0_r0_control,control,control,20260728_operand_rate_v2_final_reduction_session03_CAB_reduction_fp16x2_b0_r0_control_1785247506058,0,184250.555194521,184250.55637113701,184250.555782829,0.0011766160023398697,0.00061600600020028651,10623514201,false,false,5dff3859ad319cb37301e68cfc6fde00723e3a42110ca93adb44c05e97098167
softmax_whole_stage_atc_trace_v1,softmax_whole_stage_operand_rate_atc,softmax_whole_stage_operand_rate_atc_v2,20260728_operand_rate_v2_final_reduction_session03_CAB,reduction,fp16x2,20260728_operand_rate_v2_final_reduction_session03_CAB_reduction_fp16x2,0,0,20260728_operand_rate_v2_final_reduction_session03_CAB_reduction_fp16x2_b0_r0_control,control,control,20260728_operand_rate_v2_final_reduction_session03_CAB_reduction_fp16x2_b0_r0_control_1785247506058,1,184250.80986153599,184250.81314280999,184250.81150217299,0.003281273995526135,0.25633534998632967,10623572905,true,false,5dff3859ad319cb37301e68cfc6fde00723e3a42110ca93adb44c05e97098167
softmax_whole_stage_atc_trace_v1,softmax_whole_stage_operand_rate_atc,softmax_whole_stage_operand_rate_atc_v2,20260728_operand_rate_v2_final_reduction_session03_CAB,reduction,fp16x2,20260728_operand_rate_v2_final_reduction_session03_CAB_reduction_fp16x2,0,0,20260728_operand_rate_v2_final_reduction_session03_CAB_reduction_fp16x2_b0_r0_control,control,control,20260728_operand_rate_v2_final_reduction_session03_CAB_reduction_fp16x2_b0_r0_control_1785247506058,2,184251.06696041301,184251.06835130899,184251.067655861,0.0013908959808759391,0.51248903799569234,10623618294,true,false,5dff3859ad319cb37301e68cfc6fde00723e3a42110ca93adb44c05e97098167
softmax_whole_stage_atc_trace_v1,softmax_whole_stage_operand_rate_atc,softmax_whole_stage_operand_rate_atc_v2,20260728_operand_rate_v2_final_reduction_session03_CAB,reduction,fp16x2,20260728_operand_rate_v2_final_reduction_session03_CAB_reduction_fp16x2,0,0,20260728_operand_rate_v2_final_reduction_session03_CAB_reduction_fp16x2_b0_r0_control,control,control,20260728_operand_rate_v2_final_reduction_session03_CAB_reduction_fp16x2_b0_r0_control_1785247506058,3,184251.32213370601,184251.32347620701,184251.32280495652,0.0013425009965430945,0.76763813351863064,10623684389,true,true,5dff3859ad319cb37301e68cfc6fde00723e3a42110ca93adb44c05e97098167
softmax_whole_stage_atc_trace_v1,softmax_whole_stage_operand_rate_atc,softmax_whole_stage_operand_rate_atc_v2,20260728_operand_rate_v2_final_reduction_session03_CAB,reduction,fp16x2,20260728_operand_rate_v2_final_reduction_session03_CAB_reduction_fp16x2,0,0,20260728_operand_rate_v2_final_reduction_session03_CAB_reduction_fp16x2_b0_r0_control,control,control,20260728_operand_rate_v2_final_reduction_session03_CAB_reduction_fp16x2_b0_r0_control_1785247506058,4,184251.57466491399,184251.57608442201,184251.575374668,0.0014195080148056149,1.0202078449947294,10623729281,true,true,5dff3859ad319cb37301e68cfc6fde00723e3a42110ca93adb44c05e97098167
softmax_whole_stage_atc_trace_v1,softmax_whole_stage_operand_rate_atc,softmax_whole_stage_operand_rate_atc_v2,20260728_operand_rate_v2_final_reduction_session03_CAB,reduction,fp16x2,20260728_operand_rate_v2_final_reduction_session03_CAB_reduction_fp16x2,0,0,20260728_operand_rate_v2_final_reduction_session03_CAB_reduction_fp16x2_b0_r0_control,control,control,20260728_operand_rate_v2_final_reduction_session03_CAB_reduction_fp16x2_b0_r0_control_1785247506058,5,184251.82788319999,184251.829292562,184251.828587881,0.0014093620120547712,1.2734210579947103,10623795338,true,true,5dff3859ad319cb37301e68cfc6fde00723e3a42110ca93adb44c05e97098167
softmax_whole_stage_atc_trace_v1,softmax_whole_stage_operand_rate_atc,softmax_whole_stage_operand_rate_atc_v2,20260728_operand_rate_v2_final_reduction_session03_CAB,reduction,fp16x2,20260728_operand_rate_v2_final_reduction_session03_CAB_reduction_fp16x2,0,0,20260728_operand_rate_v2_final_reduction_session03_CAB_reduction_fp16x2_b0_r0_control,control,control,20260728_operand_rate_v2_final_reduction_session03_CAB_reduction_fp16x2_b0_r0_control_1785247506058,6,184252.08311919501,184252.084506338,184252.0838127665,0.0013871429837308824,1.5286459435010329,10623840558,true,true,5dff3859ad319cb37301e68cfc6fde00723e3a42110ca93adb44c05e97098167
softmax_whole_stage_atc_trace_v1,softmax_whole_stage_operand_rate_atc,softmax_whole_stage_operand_rate_atc_v2,20260728_operand_rate_v2_final_reduction_session03_CAB,reduction,fp16x2,20260728_operand_rate_v2_final_reduction_session03_CAB_reduction_fp16x2,0,0,20260728_operand_rate_v2_final_reduction_session03_CAB_reduction_fp16x2_b0_r0_control,control,control,20260728_operand_rate_v2_final_reduction_session03_CAB_reduction_fp16x2_b0_r0_control_1785247506058,7,184252.33712703199,184252.33851468301,184252.3378208575,0.0013876510201953351,1.782654034497682,10623906339,true,true,5dff3859ad319cb37301e68cfc6fde00723e3a42110ca93adb44c05e97098167
softmax_whole_stage_atc_trace_v1,softmax_whole_stage_operand_rate_atc,softmax_whole_stage_operand_rate_atc_v2,20260728_operand_rate_v2_final_reduction_session03_CAB,reduction,fp16x2,20260728_operand_rate_v2_final_reduction_session03_CAB_reduction_fp16x2,0,0,20260728_operand_rate_v2_final_reduction_session03_CAB_reduction_fp16x2_b0_r0_control,control,control,20260728_operand_rate_v2_final_reduction_session03_CAB_reduction_fp16x2_b0_r0_control_1785247506058,8,184252.59230671701,184252.593689498,184252.59299810749,0.0013827809889335185,2.0378312844841275,10623950979,true,true,5dff3859ad319cb37301e68cfc6fde00723e3a42110ca93adb44c05e97098167
softmax_whole_stage_atc_trace_v1,softmax_whole_stage_operand_rate_atc,softmax_whole_stage_operand_rate_atc_v2,20260728_operand_rate_v2_final_reduction_session03_CAB,reduction,fp16x2,20260728_operand_rate_v2_final_reduction_session03_CAB_reduction_fp16x2,0,0,20260728_operand_rate_v2_final_reduction_session03_CAB_reduction_fp16x2_b0_r0_control,control,control,20260728_operand_rate_v2_final_reduction_session03_CAB_reduction_fp16x2_b0_r0_control_1785247506058,9,184252.84628289999,184252.84764599701,184252.84696444852,0.0013630970206577331,2.2917976255121175,10624016238,true,true,5dff3859ad319cb37301e68cfc6fde00723e3a42110ca93adb44c05e97098167
softmax_whole_stage_atc_trace_v1,softmax_whole_stage_operand_rate_atc,softmax_whole_stage_operand_rate_atc_v2,20260728_operand_rate_v2_final_reduction_session03_CAB,reduction,fp16x2,20260728_operand_rate_v2_final_reduction_session03_CAB_reduction_fp16x2,0,0,20260728_operand_rate_v2_final_reduction_session03_CAB_reduction_fp16x2_b0_r0_control,control,control,20260728_operand_rate_v2_final_reduction_session03_CAB_reduction_fp16x2_b0_r0_control_1785247506058,10,184253.101463295,184253.10540821101,184253.103435753,0.0039449160103686154,2.5482689299969934,10624060453,true,true,5dff3859ad319cb37301e68cfc6fde00723e3a42110ca93adb44c05e97098167
softmax_whole_stage_atc_trace_v1,softmax_whole_stage_operand_rate_atc,softmax_whole_stage_operand_rate_atc_v2,20260728_operand_rate_v2_final_reduction_session03_CAB,reduction,fp16x2,20260728_operand_rate_v2_final_reduction_session03_CAB_reduction_fp16x2,0,0,20260728_operand_rate_v2_final_reduction_session03_CAB_reduction_fp16x2_b0_r0_control,control,control,20260728_operand_rate_v2_final_reduction_session03_CAB_reduction_fp16x2_b0_r0_control_1785247506058,11,184253.35796204401,184253.35932605399,184253.358644049,0.0013640099787153304,2.8034772259998135,10624129407,true,true,5dff3859ad319cb37301e68cfc6fde00723e3a42110ca93adb44c05e97098167
softmax_whole_stage_atc_trace_v1,softmax_whole_stage_operand_rate_atc,softmax_whole_stage_operand_rate_atc_v2,20260728_operand_rate_v2_final_reduction_session03_CAB,reduction,fp16x2,20260728_operand_rate_v2_final_reduction_session03_CAB_reduction_fp16x2,0,0,20260728_operand_rate_v2_final_reduction_session03_CAB_reduction_fp16x2_b0_r0_control,control,control,20260728_operand_rate_v2_final_reduction_session03_CAB_reduction_fp16x2_b0_r0_control_1785247506058,12,184253.613148629,184253.61453840899,184253.61384351901,0.0013897799944970757,3.0586766960041132,10624172685,true,true,5dff3859ad319cb37301e68cfc6fde00723e3a42110ca93adb44c05e97098167
softmax_whole_stage_atc_trace_v1,softmax_whole_stage_operand_rate_atc,softmax_whole_stage_operand_rate_atc_v2,20260728_operand_rate_v2_final_reduction_session03_CAB,reduction,fp16x2,20260728_operand_rate_v2_final_reduction_session03_CAB_reduction_fp16x2,0,0,20260728_operand_rate_v2_final_reduction_session03_CAB_reduction_fp16x2_b0_r0_control,control,control,20260728_operand_rate_v2_final_reduction_session03_CAB_reduction_fp16x2_b0_r0_control_1785247506058,13,184253.86705713801,184253.86848790801,184253.86777252302,0.0014307700039353222,3.3126057000190485,10624241328,true,true,5dff3859ad319cb37301e68cfc6fde00723e3a42110ca93adb44c05e97098167
softmax_whole_stage_atc_trace_v1,softmax_whole_stage_operand_rate_atc,softmax_whole_stage_operand_rate_atc_v2,20260728_operand_rate_v2_final_reduction_session03_CAB,reduction,fp16x2,20260728_operand_rate_v2_final_reduction_session03_CAB_reduction_fp16x2,0,0,20260728_operand_rate_v2_final_reduction_session03_CAB_reduction_fp16x2_b0_r0_control,control,control,20260728_operand_rate_v2_final_reduction_session03_CAB_reduction_fp16x2_b0_r0_control_1785247506058,14,184254.11864305599,184254.11996232299,184254.11930268951,0.0013192670012358576,3.5641358665016014,10624284246,true,true,5dff3859ad319cb37301e68cfc6fde00723e3a42110ca93adb44c05e97098167
softmax_whole_stage_atc_trace_v1,softmax_whole_stage_operand_rate_atc,softmax_whole_stage_operand_rate_atc_v2,20260728_operand_rate_v2_final_reduction_session03_CAB,reduction,fp16x2,20260728_operand_rate_v2_final_reduction_session03_CAB_reduction_fp16x2,0,0,20260728_operand_rate_v2_final_reduction_session03_CAB_reduction_fp16x2_b0_r0_control,control,control,20260728_operand_rate_v2_final_reduction_session03_CAB_reduction_fp16x2_b0_r0_control_1785247506058,15,184254.37237665101,184254.37379595599,184254.3730863035,0.0014193049864843488,3.8179194804979488,10624353384,true,true,5dff3859ad319cb37301e68cfc6fde00723e3a42110ca93adb44c05e97098167
softmax_whole_stage_atc_trace_v1,softmax_whole_stage_operand_rate_atc,softmax_whole_stage_operand_rate_atc_v2,20260728_operand_rate_v2_final_reduction_session03_CAB,reduction,fp16x2,20260728_operand_rate_v2_final_reduction_session03_CAB_reduction_fp16x2,0,0,20260728_operand_rate_v2_final_reduction_session03_CAB_reduction_fp16x2_b0_r0_control,control,control,20260728_operand_rate_v2_final_reduction_session03_CAB_reduction_fp16x2_b0_r0_control_1785247506058,16,184254.62761092099,184254.62897198799,184254.62829145449,0.0013610669993795455,4.0731246314826421,10624396684,true,true,5dff3859ad319cb37301e68cfc6fde00723e3a42110ca93adb44c05e97098167
softmax_whole_stage_atc_trace_v1,softmax_whole_stage_operand_rate_atc,softmax_whole_stage_operand_rate_atc_v2,20260728_operand_rate_v2_final_reduction_session03_CAB,reduction,fp16x2,20260728_operand_rate_v2_final_reduction_session03_CAB_reduction_fp16x2,0,0,20260728_operand_rate_v2_final_reduction_session03_CAB_reduction_fp16x2_b0_r0_control,control,control,20260728_operand_rate_v2_final_reduction_session03_CAB_reduction_fp16x2_b0_r0_control_1785247506058,17,184254.881353748,184254.88272303401,184254.88203839102,0.0013692860084120184,4.3268715680169407,10624465374,true,true,5dff3859ad319cb37301e68cfc6fde00723e3a42110ca93adb44c05e97098167
softmax_whole_stage_atc_trace_v1,softmax_whole_stage_operand_rate_atc,softmax_whole_stage_operand_rate_atc_v2,20260728_operand_rate_v2_final_reduction_session03_CAB,reduction,fp16x2,20260728_operand_rate_v2_final_reduction_session03_CAB_reduction_fp16x2,0,0,20260728_operand_rate_v2_final_reduction_session03_CAB_reduction_fp16x2_b0_r0_control,control,control,20260728_operand_rate_v2_final_reduction_session03_CAB_reduction_fp16x2_b0_r0_control_1785247506058,18,184255.13652917201,184255.13799078501,184255.13725997851,0.0014616129919886589,4.5820931555062998,10624508267,true,true,5dff3859ad319cb37301e68cfc6fde00723e3a42110ca93adb44c05e97098167
softmax_whole_stage_atc_trace_v1,softmax_whole_stage_operand_rate_atc,softmax_whole_stage_operand_rate_atc_v2,20260728_operand_rate_v2_final_reduction_session03_CAB,reduction,fp16x2,20260728_operand_rate_v2_final_reduction_session03_CAB_reduction_fp16x2,0,0,20260728_operand_rate_v2_final_reduction_session03_CAB_reduction_fp16x2_b0_r0_control,control,control,20260728_operand_rate_v2_final_reduction_session03_CAB_reduction_fp16x2_b0_r0_control_1785247506058,19,184255.38822527399,184255.38961799699,184255.38892163549,0.001392723002936691,4.8337548124836758,10624576435,true,true,5dff3859ad319cb37301e68cfc6fde00723e3a42110ca93adb44c05e97098167
softmax_whole_stage_atc_trace_v1,softmax_whole_stage_operand_rate_atc,softmax_whole_stage_operand_rate_atc_v2,20260728_operand_rate_v2_final_reduction_session03_CAB,reduction,fp16x2,20260728_operand_rate_v2_final_reduction_session03_CAB_reduction_fp16x2,0,0,20260728_operand_rate_v2_final_reduction_session03_CAB_reduction_fp16x2_b0_r0_control,control,control,20260728_operand_rate_v2_final_reduction_session03_CAB_reduction_fp16x2_b0_r0_control_1785247506058,20,184255.64344249899,184255.64487225399,184255.64415737649,0.0014297550078481436,5.0889905534859281,10624619354,true,true,5dff3859ad319cb37301e68cfc6fde00723e3a42110ca93adb44c05e97098167
softmax_whole_stage_atc_trace_v1,softmax_whole_stage_operand_rate_atc,softmax_whole_stage_operand_rate_atc_v2,20260728_operand_rate_v2_final_reduction_session03_CAB,reduction,fp16x2,20260728_operand_rate_v2_final_reduction_session03_CAB_reduction_fp16x2,0,0,20260728_operand_rate_v2_final_reduction_session03_CAB_reduction_fp16x2_b0_r0_control,control,control,20260728_operand_rate_v2_final_reduction_session03_CAB_reduction_fp16x2_b0_r0_control_1785247506058,21,184255.89713195901,184255.89855329299,184255.897842626,0.0014213339891284704,5.3426758029963821,10624687469,true,true,5dff3859ad319cb37301e68cfc6fde00723e3a42110ca93adb44c05e97098167
softmax_whole_stage_atc_trace_v1,softmax_whole_stage_operand_rate_atc,softmax_whole_stage_operand_rate_atc_v2,20260728_operand_rate_v2_final_reduction_session03_CAB,reduction,fp16x2,20260728_operand_rate_v2_final_reduction_session03_CAB_reduction_fp16x2,0,0,20260728_operand_rate_v2_final_reduction_session03_CAB_reduction_fp16x2_b0_r0_control,control,control,20260728_operand_rate_v2_final_reduction_session03_CAB_reduction_fp16x2_b0_r0_control_1785247506058,22,184256.14877134599,184256.150166098,184256.149468722,0.0013947520055808127,5.5943018989928532,10624729938,true,true,5dff3859ad319cb37301e68cfc6fde00723e3a42110ca93adb44c05e97098167
softmax_whole_stage_atc_trace_v1,softmax_whole_stage_operand_rate_atc,softmax_whole_stage_operand_rate_atc_v2,20260728_operand_rate_v2_final_reduction_session03_CAB,reduction,fp16x2,20260728_operand_rate_v2_final_reduction_session03_CAB_reduction_fp16x2,0,0,20260728_operand_rate_v2_final_reduction_session03_CAB_reduction_fp16x2_b0_r0_control,control,control,20260728_operand_rate_v2_final_reduction_session03_CAB_reduction_fp16x2_b0_r0_control_1785247506058,23,184256.40060015599,184256.402006677,184256.4013034165,0.0014065210125409067,5.8461365934927016,10624798485,true,true,5dff3859ad319cb37301e68cfc6fde00723e3a42110ca93adb44c05e97098167
softmax_whole_stage_atc_trace_v1,softmax_whole_stage_operand_rate_atc,softmax_whole_stage_operand_rate_atc_v2,20260728_operand_rate_v2_final_reduction_session03_CAB,reduction,fp16x2,20260728_operand_rate_v2_final_reduction_session03_CAB_reduction_fp16x2,0,0,20260728_operand_rate_v2_final_reduction_session03_CAB_reduction_fp16x2_b0_r0_control,control,control,20260728_operand_rate_v2_final_reduction_session03_CAB_reduction_fp16x2_b0_r0_control_1785247506058,24,184256.65575453901,184256.657141381,184256.65644796001,0.0013868419919162989,6.1012811370019335,10624841672,true,true,5dff3859ad319cb37301e68cfc6fde00723e3a42110ca93adb44c05e97098167
softmax_whole_stage_atc_trace_v1,softmax_whole_stage_operand_rate_atc,softmax_whole_stage_operand_rate_atc_v2,20260728_operand_rate_v2_final_reduction_session03_CAB,reduction,fp16x2,20260728_operand_rate_v2_final_reduction_session03_CAB_reduction_fp16x2,0,0,20260728_operand_rate_v2_final_reduction_session03_CAB_reduction_fp16x2_b0_r0_control,control,control,20260728_operand_rate_v2_final_reduction_session03_CAB_reduction_fp16x2_b0_r0_control_1785247506058,25,184256.90917444701,184256.91049677099,184256.909835609,0.0013223239802755415,6.3546687859925441,10624910074,true,true,5dff3859ad319cb37301e68cfc6fde00723e3a42110ca93adb44c05e97098167
softmax_whole_stage_atc_trace_v1,softmax_whole_stage_operand_rate_atc,softmax_whole_stage_operand_rate_atc_v2,20260728_operand_rate_v2_final_reduction_session03_CAB,reduction,fp16x2,20260728_operand_rate_v2_final_reduction_session03_CAB_reduction_fp16x2,0,0,20260728_operand_rate_v2_final_reduction_session03_CAB_reduction_fp16x2_b0_r0_control,control,control,20260728_operand_rate_v2_final_reduction_session03_CAB_reduction_fp16x2_b0_r0_control_1785247506058,26,184257.16423643101,184257.165660909,184257.16494867002,0.00142447798862122,6.6097818470152561,10624952932,true,true,5dff3859ad319cb37301e68cfc6fde00723e3a42110ca93adb44c05e97098167
softmax_whole_stage_atc_trace_v1,softmax_whole_stage_operand_rate_atc,softmax_whole_stage_operand_rate_atc_v2,20260728_operand_rate_v2_final_reduction_session03_CAB,reduction,fp16x2,20260728_operand_rate_v2_final_reduction_session03_CAB_reduction_fp16x2,0,0,20260728_operand_rate_v2_final_reduction_session03_CAB_reduction_fp16x2_b0_r0_control,control,control,20260728_operand_rate_v2_final_reduction_session03_CAB_reduction_fp16x2_b0_r0_control_1785247506058,27,184257.41766171501,184257.419085687,184257.41837370099,0.0014239719894248992,6.8632068779843394,10625021049,true,true,5dff3859ad319cb37301e68cfc6fde00723e3a42110ca93adb44c05e97098167
softmax_whole_stage_atc_trace_v1,softmax_whole_stage_operand_rate_atc,softmax_whole_stage_operand_rate_atc_v2,20260728_operand_rate_v2_final_reduction_session03_CAB,reduction,fp16x2,20260728_operand_rate_v2_final_reduction_session03_CAB_reduction_fp16x2,0,0,20260728_operand_rate_v2_final_reduction_session03_CAB_reduction_fp16x2_b0_r0_control,control,control,20260728_operand_rate_v2_final_reduction_session03_CAB_reduction_fp16x2_b0_r0_control_1785247506058,28,184257.672835998,184257.674215334,184257.673525666,0.0013793359976261854,7.1183588429994415,10625063626,true,true,5dff3859ad319cb37301e68cfc6fde00723e3a42110ca93adb44c05e97098167
softmax_whole_stage_atc_trace_v1,softmax_whole_stage_operand_rate_atc,softmax_whole_stage_operand_rate_atc_v2,20260728_operand_rate_v2_final_reduction_session03_CAB,reduction,fp16x2,20260728_operand_rate_v2_final_reduction_session03_CAB_reduction_fp16x2,0,0,20260728_operand_rate_v2_final_reduction_session03_CAB_reduction_fp16x2_b0_r0_control,control,control,20260728_operand_rate_v2_final_reduction_session03_CAB_reduction_fp16x2_b0_r0_control_1785247506058,29,184257.92617434499,184257.92752263899,184257.926848492,0.0013482939975801855,7.3716816689993721,10625131498,true,true,5dff3859ad319cb37301e68cfc6fde00723e3a42110ca93adb44c05e97098167
softmax_whole_stage_atc_trace_v1,softmax_whole_stage_operand_rate_atc,softmax_whole_stage_operand_rate_atc_v2,20260728_operand_rate_v2_final_reduction_session03_CAB,reduction,fp16x2,20260728_operand_rate_v2_final_reduction_session03_CAB_reduction_fp16x2,0,0,20260728_operand_rate_v2_final_reduction_session03_CAB_reduction_fp16x2_b0_r0_control,control,control,20260728_operand_rate_v2_final_reduction_session03_CAB_reduction_fp16x2_b0_r0_control_1785247506058,30,184258.18129841299,184258.182743282,184258.18202084751,0.0014448690053541213,7.6268540245073382,10625173756,true,true,5dff3859ad319cb37301e68cfc6fde00723e3a42110ca93adb44c05e97098167
softmax_whole_stage_atc_trace_v1,softmax_whole_stage_operand_rate_atc,softmax_whole_stage_operand_rate_atc_v2,20260728_operand_rate_v2_final_reduction_session03_CAB,reduction,fp16x2,20260728_operand_rate_v2_final_reduction_session03_CAB_reduction_fp16x2,0,0,20260728_operand_rate_v2_final_reduction_session03_CAB_reduction_fp16x2_b0_r0_control,control,control,20260728_operand_rate_v2_final_reduction_session03_CAB_reduction_fp16x2_b0_r0_control_1785247506058,31,184258.43464497701,184258.436051703,184258.43534834002,0.0014067259908188134,7.8801815170154441,10625241326,true,true,5dff3859ad319cb37301e68cfc6fde00723e3a42110ca93adb44c05e97098167
softmax_whole_stage_atc_trace_v1,softmax_whole_stage_operand_rate_atc,softmax_whole_stage_operand_rate_atc_v2,20260728_operand_rate_v2_final_reduction_session03_CAB,reduction,fp16x2,20260728_operand_rate_v2_final_reduction_session03_CAB_reduction_fp16x2,0,0,20260728_operand_rate_v2_final_reduction_session03_CAB_reduction_fp16x2_b0_r0_control,control,control,20260728_operand_rate_v2_final_reduction_session03_CAB_reduction_fp16x2_b0_r0_control_1785247506058,32,184258.68981794099,184258.69119220399,184258.69050507247,0.0013742629962507635,8.1353382494708057,10625283390,true,true,5dff3859ad319cb37301e68cfc6fde00723e3a42110ca93adb44c05e97098167
softmax_whole_stage_atc_trace_v1,softmax_whole_stage_operand_rate_atc,softmax_whole_stage_operand_rate_atc_v2,20260728_operand_rate_v2_final_reduction_session03_CAB,reduction,fp16x2,20260728_operand_rate_v2_final_reduction_session03_CAB_reduction_fp16x2,0,0,20260728_operand_rate_v2_final_reduction_session03_CAB_reduction_fp16x2_b0_r0_control,control,control,20260728_operand_rate_v2_final_reduction_session03_CAB_reduction_fp16x2_b0_r0_control_1785247506058,33,184258.94307158201,184258.94737098701,184258.94522128452,0.00429940500180237,8.3900544615171384,10625350891,true,true,5dff3859ad319cb37301e68cfc6fde00723e3a42110ca93adb44c05e97098167
softmax_whole_stage_atc_trace_v1,softmax_whole_stage_operand_rate_atc,softmax_whole_stage_operand_rate_atc_v2,20260728_operand_rate_v2_final_reduction_session03_CAB,reduction,fp16x2,20260728_operand_rate_v2_final_reduction_session03_CAB_reduction_fp16x2,0,0,20260728_operand_rate_v2_final_reduction_session03_CAB_reduction_fp16x2_b0_r0_control,control,control,20260728_operand_rate_v2_final_reduction_session03_CAB_reduction_fp16x2_b0_r0_control_1785247506058,34,184259.20019014299,184259.20182704501,184259.20100859401,0.0016369020158890635,8.6458417710091453,10625396801,true,true,5dff3859ad319cb37301e68cfc6fde00723e3a42110ca93adb44c05e97098167
softmax_whole_stage_atc_trace_v1,softmax_whole_stage_operand_rate_atc,softmax_whole_stage_operand_rate_atc_v2,20260728_operand_rate_v2_final_reduction_session03_CAB,reduction,fp16x2,20260728_operand_rate_v2_final_reduction_session03_CAB_reduction_fp16x2,0,0,20260728_operand_rate_v2_final_reduction_session03_CAB_reduction_fp16x2_b0_r0_control,control,control,20260728_operand_rate_v2_final_reduction_session03_CAB_reduction_fp16x2_b0_r0_control_1785247506058,35,184259.45365732399,184259.45503260201,184259.45434496301,0.0013752780214417726,8.8991781400109176,10625463432,true,false,5dff3859ad319cb37301e68cfc6fde00723e3a42110ca93adb44c05e97098167
softmax_whole_stage_atc_trace_v1,softmax_whole_stage_operand_rate_atc,softmax_whole_stage_operand_rate_atc_v2,20260728_operand_rate_v2_final_reduction_session03_CAB,reduction,fp16x2,20260728_operand_rate_v2_final_reduction_session03_CAB_reduction_fp16x2,0,0,20260728_operand_rate_v2_final_reduction_session03_CAB_reduction_fp16x2_b0_r0_control,control,control,20260728_operand_rate_v2_final_reduction_session03_CAB_reduction_fp16x2_b0_r0_control_1785247506058,36,184259.70877773999,184259.71019704401,184259.70948739199,0.0014193040260579437,9.1543205689813476,10625509029,true,false,5dff3859ad319cb37301e68cfc6fde00723e3a42110ca93adb44c05e97098167
softmax_whole_stage_atc_trace_v1,softmax_whole_stage_operand_rate_atc,softmax_whole_stage_operand_rate_atc_v2,20260728_operand_rate_v2_final_reduction_session03_CAB,reduction,fp16x2,20260728_operand_rate_v2_final_reduction_session03_CAB_reduction_fp16x2,0,0,20260728_operand_rate_v2_final_reduction_session03_CAB_reduction_fp16x2_b0_r0_control,control,control,20260728_operand_rate_v2_final_reduction_session03_CAB_reduction_fp16x2_b0_r0_control_1785247506058,37,184259.96197984699,184259.963648907,184259.96281437698,0.0016690600023139268,9.407647553976858,10625566263,true,false,5dff3859ad319cb37301e68cfc6fde00723e3a42110ca93adb44c05e97098167
softmax_whole_stage_atc_trace_v1,softmax_whole_stage_operand_rate_atc,softmax_whole_stage_operand_rate_atc_v2,20260728_operand_rate_v2_final_reduction_session03_CAB,reduction,fp16x2,20260728_operand_rate_v2_final_reduction_session03_CAB_reduction_fp16x2,0,0,20260728_operand_rate_v2_final_reduction_session03_CAB_reduction_fp16x2_b0_r0_control,control,control,20260728_operand_rate_v2_final_reduction_session03_CAB_reduction_fp16x2_b0_r0_control_1785247506058,38,184260.214912722,184260.21628313101,184260.21559792652,0.0013704090088140219,9.6604311035189312,10625594491,true,false,5dff3859ad319cb37301e68cfc6fde00723e3a42110ca93adb44c05e97098167
softmax_whole_stage_atc_trace_v1,softmax_whole_stage_operand_rate_atc,softmax_whole_stage_operand_rate_atc_v2,20260728_operand_rate_v2_final_reduction_session03_CAB,reduction,fp16x2,20260728_operand_rate_v2_final_reduction_session03_CAB_reduction_fp16x2,0,0,20260728_operand_rate_v2_final_reduction_session03_CAB_reduction_fp16x2_b0_r0_control,control,control,20260728_operand_rate_v2_final_reduction_session03_CAB_reduction_fp16x2_b0_r0_control_1785247506058,39,184260.216288203,184260.21749670699,184260.21689245501,0.001208503992529586,9.6617256320023444,10625594491,false,false,5dff3859ad319cb37301e68cfc6fde00723e3a42110ca93adb44c05e97098167
softmax_whole_stage_atc_trace_v1,softmax_whole_stage_operand_rate_atc,softmax_whole_stage_operand_rate_atc_v2,20260728_operand_rate_v2_final_reduction_session03_CAB,reduction,fp16x2,20260728_operand_rate_v2_final_reduction_session03_CAB_reduction_fp16x2,0,1,20260728_operand_rate_v2_final_reduction_session03_CAB_reduction_fp16x2_b0_r1_treatment,treatment,treatment,20260728_operand_rate_v2_final_reduction_session03_CAB_reduction_fp16x2_b0_r1_treatment_1785247516290,0,184261.24323003099,184261.244391972,184261.24381100148,0.0011619410070125014,0.00062885147053748369,10625736593,false,false,5dff3859ad319cb37301e68cfc6fde00723e3a42110ca93adb44c05e97098167
softmax_whole_stage_atc_trace_v1,softmax_whole_stage_operand_rate_atc,softmax_whole_stage_operand_rate_atc_v2,20260728_operand_rate_v2_final_reduction_session03_CAB,reduction,fp16x2,20260728_operand_rate_v2_final_reduction_session03_CAB_reduction_fp16x2,0,1,20260728_operand_rate_v2_final_reduction_session03_CAB_reduction_fp16x2_b0_r1_treatment,treatment,treatment,20260728_operand_rate_v2_final_reduction_session03_CAB_reduction_fp16x2_b0_r1_treatment_1785247516290,1,184261.496163515,184261.49757754401,184261.49687052949,0.0014140290149953216,0.25368837948190048,10625775696,true,false,5dff3859ad319cb37301e68cfc6fde00723e3a42110ca93adb44c05e97098167
softmax_whole_stage_atc_trace_v1,softmax_whole_stage_operand_rate_atc,softmax_whole_stage_operand_rate_atc_v2,20260728_operand_rate_v2_final_reduction_session03_CAB,reduction,fp16x2,20260728_operand_rate_v2_final_reduction_session03_CAB_reduction_fp16x2,0,1,20260728_operand_rate_v2_final_reduction_session03_CAB_reduction_fp16x2_b0_r1_treatment,treatment,treatment,20260728_operand_rate_v2_final_reduction_session03_CAB_reduction_fp16x2_b0_r1_treatment_1785247516290,2,184261.751350579,184261.75278297099,184261.75206677499,0.0014323919895105064,0.50888462498551235,10625835253,true,false,5dff3859ad319cb37301e68cfc6fde00723e3a42110ca93adb44c05e97098167
softmax_whole_stage_atc_trace_v1,softmax_whole_stage_operand_rate_atc,softmax_whole_stage_operand_rate_atc_v2,20260728_operand_rate_v2_final_reduction_session03_CAB,reduction,fp16x2,20260728_operand_rate_v2_final_reduction_session03_CAB_reduction_fp16x2,0,1,20260728_operand_rate_v2_final_reduction_session03_CAB_reduction_fp16x2_b0_r1_treatment,treatment,treatment,20260728_operand_rate_v2_final_reduction_session03_CAB_reduction_fp16x2_b0_r1_treatment_1785247516290,3,184262.00445885101,184262.00589601,184262.00517743052,0.0014371589932125062,0.76199528051074594,10625875543,true,true,5dff3859ad319cb37301e68cfc6fde00723e3a42110ca93adb44c05e97098167
softmax_whole_stage_atc_trace_v1,softmax_whole_stage_operand_rate_atc,softmax_whole_stage_operand_rate_atc_v2,20260728_operand_rate_v2_final_reduction_session03_CAB,reduction,fp16x2,20260728_operand_rate_v2_final_reduction_session03_CAB_reduction_fp16x2,0,1,20260728_operand_rate_v2_final_reduction_session03_CAB_reduction_fp16x2_b0_r1_treatment,treatment,treatment,20260728_operand_rate_v2_final_reduction_session03_CAB_reduction_fp16x2_b0_r1_treatment_1785247516290,4,184262.259670364,184262.26106339501,184262.26036687952,0.0013930310087744147,1.0171847295132466,10625935188,true,true,5dff3859ad319cb37301e68cfc6fde00723e3a42110ca93adb44c05e97098167
softmax_whole_stage_atc_trace_v1,softmax_whole_stage_operand_rate_atc,softmax_whole_stage_operand_rate_atc_v2,20260728_operand_rate_v2_final_reduction_session03_CAB,reduction,fp16x2,20260728_operand_rate_v2_final_reduction_session03_CAB_reduction_fp16x2,0,1,20260728_operand_rate_v2_final_reduction_session03_CAB_reduction_fp16x2_b0_r1_treatment,treatment,treatment,20260728_operand_rate_v2_final_reduction_session03_CAB_reduction_fp16x2_b0_r1_treatment_1785247516290,5,184262.512713103,184262.51714813799,184262.5149306205,0.0044350349926389754,1.2717484704917297,10625975376,true,true,5dff3859ad319cb37301e68cfc6fde00723e3a42110ca93adb44c05e97098167
softmax_whole_stage_atc_trace_v1,softmax_whole_stage_operand_rate_atc,softmax_whole_stage_operand_rate_atc_v2,20260728_operand_rate_v2_final_reduction_session03_CAB,reduction,fp16x2,20260728_operand_rate_v2_final_reduction_session03_CAB_reduction_fp16x2,0,1,20260728_operand_rate_v2_final_reduction_session03_CAB_reduction_fp16x2_b0_r1_treatment,treatment,treatment,20260728_operand_rate_v2_final_reduction_session03_CAB_reduction_fp16x2_b0_r1_treatment_1785247516290,6,184262.770925738,184262.772321508,184262.771623623,0.0013957699993625283,1.5284414729976561,10626038565,true,true,5dff3859ad319cb37301e68cfc6fde00723e3a42110ca93adb44c05e97098167
softmax_whole_stage_atc_trace_v1,softmax_whole_stage_operand_rate_atc,softmax_whole_stage_operand_rate_atc_v2,20260728_operand_rate_v2_final_reduction_session03_CAB,reduction,fp16x2,20260728_operand_rate_v2_final_reduction_session03_CAB_reduction_fp16x2,0,1,20260728_operand_rate_v2_final_reduction_session03_CAB_reduction_fp16x2_b0_r1_treatment,treatment,treatment,20260728_operand_rate_v2_final_reduction_session03_CAB_reduction_fp16x2_b0_r1_treatment_1785247516290,7,184263.023927189,184263.02532813299,184263.02462766098,0.0014009439910296351,1.7814455109764822,10626077873,true,true,5dff3859ad319cb37301e68cfc6fde00723e3a42110ca93adb44c05e97098167
softmax_whole_stage_atc_trace_v1,softmax_whole_stage_operand_rate_atc,softmax_whole_stage_operand_rate_atc_v2,20260728_operand_rate_v2_final_reduction_session03_CAB,reduction,fp16x2,20260728_operand_rate_v2_final_reduction_session03_CAB_reduction_fp16x2,0,1,20260728_operand_rate_v2_final_reduction_session03_CAB_reduction_fp16x2_b0_r1_treatment,treatment,treatment,20260728_operand_rate_v2_final_reduction_session03_CAB_reduction_fp16x2_b0_r1_treatment_1785247516290,8,184263.27563309699,184263.27698575301,184263.27630942501,0.0013526560214813799,2.0331272750045173,10626140844,true,true,5dff3859ad319cb37301e68cfc6fde00723e3a42110ca93adb44c05e97098167
softmax_whole_stage_atc_trace_v1,softmax_whole_stage_operand_rate_atc,softmax_whole_stage_operand_rate_atc_v2,20260728_operand_rate_v2_final_reduction_session03_CAB,reduction,fp16x2,20260728_operand_rate_v2_final_reduction_session03_CAB_reduction_fp16x2,0,1,20260728_operand_rate_v2_final_reduction_session03_CAB_reduction_fp16x2_b0_r1_treatment,treatment,treatment,20260728_operand_rate_v2_final_reduction_session03_CAB_reduction_fp16x2_b0_r1_treatment_1785247516290,9,184263.52854192999,184263.53162431001,184263.53008311999,0.003082380018895492,2.2869009699788876,10626180647,true,true,5dff3859ad319cb37301e68cfc6fde00723e3a42110ca93adb44c05e97098167
softmax_whole_stage_atc_trace_v1,softmax_whole_stage_operand_rate_atc,softmax_whole_stage_operand_rate_atc_v2,20260728_operand_rate_v2_final_reduction_session03_CAB,reduction,fp16x2,20260728_operand_rate_v2_final_reduction_session03_CAB_reduction_fp16x2,0,1,20260728_operand_rate_v2_final_reduction_session03_CAB_reduction_fp16x2_b0_r1_treatment,treatment,treatment,20260728_operand_rate_v2_final_reduction_session03_CAB_reduction_fp16x2_b0_r1_treatment_1785247516290,10,184263.781865567,184263.783342087,184263.78260382701,0.0014765200030524284,2.5394216770073399,10626243789,true,true,5dff3859ad319cb37301e68cfc6fde00723e3a42110ca93adb44c05e97098167
softmax_whole_stage_atc_trace_v1,softmax_whole_stage_operand_rate_atc,softmax_whole_stage_operand_rate_atc_v2,20260728_operand_rate_v2_final_reduction_session03_CAB,reduction,fp16x2,20260728_operand_rate_v2_final_reduction_session03_CAB_reduction_fp16x2,0,1,20260728_operand_rate_v2_final_reduction_session03_CAB_reduction_fp16x2_b0_r1_treatment,treatment,treatment,20260728_operand_rate_v2_final_reduction_session03_CAB_reduction_fp16x2_b0_r1_treatment_1785247516290,11,184264.03349874,184264.04634258099,184264.03992066049,0.012843840988352895,2.7967385104857385,10626283764,true,true,5dff3859ad319cb37301e68cfc6fde00723e3a42110ca93adb44c05e97098167
softmax_whole_stage_atc_trace_v1,softmax_whole_stage_operand_rate_atc,softmax_whole_stage_operand_rate_atc_v2,20260728_operand_rate_v2_final_reduction_session03_CAB,reduction,fp16x2,20260728_operand_rate_v2_final_reduction_session03_CAB_reduction_fp16x2,0,1,20260728_operand_rate_v2_final_reduction_session03_CAB_reduction_fp16x2_b0_r1_treatment,treatment,treatment,20260728_operand_rate_v2_final_reduction_session03_CAB_reduction_fp16x2_b0_r1_treatment_1785247516290,12,184264.29743789701,184264.30184128199,184264.2996395895,0.0044033849844709039,3.0564574394957162,10626345921,true,true,5dff3859ad319cb37301e68cfc6fde00723e3a42110ca93adb44c05e97098167
softmax_whole_stage_atc_trace_v1,softmax_whole_stage_operand_rate_atc,softmax_whole_stage_operand_rate_atc_v2,20260728_operand_rate_v2_final_reduction_session03_CAB,reduction,fp16x2,20260728_operand_rate_v2_final_reduction_session03_CAB_reduction_fp16x2,0,1,20260728_operand_rate_v2_final_reduction_session03_CAB_reduction_fp16x2_b0_r1_treatment,treatment,treatment,20260728_operand_rate_v2_final_reduction_session03_CAB_reduction_fp16x2_b0_r1_treatment_1785247516290,13,184264.553404259,184264.55483233099,184264.554118295,0.0014280719915404916,3.3109361449896824,10626387749,true,true,5dff3859ad319cb37301e68cfc6fde00723e3a42110ca93adb44c05e97098167
softmax_whole_stage_atc_trace_v1,softmax_whole_stage_operand_rate_atc,softmax_whole_stage_operand_rate_atc_v2,20260728_operand_rate_v2_final_reduction_session03_CAB,reduction,fp16x2,20260728_operand_rate_v2_final_reduction_session03_CAB_reduction_fp16x2,0,1,20260728_operand_rate_v2_final_reduction_session03_CAB_reduction_fp16x2_b0_r1_treatment,treatment,treatment,20260728_operand_rate_v2_final_reduction_session03_CAB_reduction_fp16x2_b0_r1_treatment_1785247516290,14,184264.805281999,184264.80889601499,184264.80708900699,0.0036140159936621785,3.5639068569871597,10626448835,true,true,5dff3859ad319cb37301e68cfc6fde00723e3a42110ca93adb44c05e97098167
softmax_whole_stage_atc_trace_v1,softmax_whole_stage_operand_rate_atc,softmax_whole_stage_operand_rate_atc_v2,20260728_operand_rate_v2_final_reduction_session03_CAB,reduction,fp16x2,20260728_operand_rate_v2_final_reduction_session03_CAB_reduction_fp16x2,0,1,20260728_operand_rate_v2_final_reduction_session03_CAB_reduction_fp16x2_b0_r1_treatment,treatment,treatment,20260728_operand_rate_v2_final_reduction_session03_CAB_reduction_fp16x2_b0_r1_treatment_1785247516290,15,184265.05940656399,184265.06082215501,184265.06011435948,0.0014155910175759345,3.8169322094763629,10626490569,true,true,5dff3859ad319cb37301e68cfc6fde00723e3a42110ca93adb44c05e97098167
softmax_whole_stage_atc_trace_v1,softmax_whole_stage_operand_rate_atc,softmax_whole_stage_operand_rate_atc_v2,20260728_operand_rate_v2_final_reduction_session03_CAB,reduction,fp16x2,20260728_operand_rate_v2_final_reduction_session03_CAB_reduction_fp16x2,0,1,20260728_operand_rate_v2_final_reduction_session03_CAB_reduction_fp16x2_b0_r1_treatment,treatment,treatment,20260728_operand_rate_v2_final_reduction_session03_CAB_reduction_fp16x2_b0_r1_treatment_1785247516290,16,184265.312047958,184265.31613461601,184265.314091287,0.0040866580093279481,4.0709091369935777,10626551780,true,true,5dff3859ad319cb37301e68cfc6fde00723e3a42110ca93adb44c05e97098167
softmax_whole_stage_atc_trace_v1,softmax_whole_stage_operand_rate_atc,softmax_whole_stage_operand_rate_atc_v2,20260728_operand_rate_v2_final_reduction_session03_CAB,reduction,fp16x2,20260728_operand_rate_v2_final_reduction_session03_CAB_reduction_fp16x2,0,1,20260728_operand_rate_v2_final_reduction_session03_CAB_reduction_fp16x2_b0_r1_treatment,treatment,treatment,20260728_operand_rate_v2_final_reduction_session03_CAB_reduction_fp16x2_b0_r1_treatment_1785247516290,17,184265.56637637399,184265.56780211299,184265.5670892435,0.0014257389993872494,4.3239070934941992,10626593537,true,true,5dff3859ad319cb37301e68cfc6fde00723e3a42110ca93adb44c05e97098167
softmax_whole_stage_atc_trace_v1,softmax_whole_stage_operand_rate_atc,softmax_whole_stage_operand_rate_atc_v2,20260728_operand_rate_v2_final_reduction_session03_CAB,reduction,fp16x2,20260728_operand_rate_v2_final_reduction_session03_CAB_reduction_fp16x2,0,1,20260728_operand_rate_v2_final_reduction_session03_CAB_reduction_fp16x2_b0_r1_treatment,treatment,treatment,20260728_operand_rate_v2_final_reduction_session03_CAB_reduction_fp16x2_b0_r1_treatment_1785247516290,18,184265.81831154501,184265.823288085,184265.820799815,0.004976539989002049,4.5776176649960689,10626654911,true,true,5dff3859ad319cb37301e68cfc6fde00723e3a42110ca93adb44c05e97098167
softmax_whole_stage_atc_trace_v1,softmax_whole_stage_operand_rate_atc,softmax_whole_stage_operand_rate_atc_v2,20260728_operand_rate_v2_final_reduction_session03_CAB,reduction,fp16x2,20260728_operand_rate_v2_final_reduction_session03_CAB_reduction_fp16x2,0,1,20260728_operand_rate_v2_final_reduction_session03_CAB_reduction_fp16x2_b0_r1_treatment,treatment,treatment,20260728_operand_rate_v2_final_reduction_session03_CAB_reduction_fp16x2_b0_r1_treatment_1785247516290,19,184266.07379924299,184266.075165216,184266.07448222948,0.0013659730029758066,4.8313000794732943,10626696702,true,true,5dff3859ad319cb37301e68cfc6fde00723e3a42110ca93adb44c05e97098167
softmax_whole_stage_atc_trace_v1,softmax_whole_stage_operand_rate_atc,softmax_whole_stage_operand_rate_atc_v2,20260728_operand_rate_v2_final_reduction_session03_CAB,reduction,fp16x2,20260728_operand_rate_v2_final_reduction_session03_CAB_reduction_fp16x2,0,1,20260728_operand_rate_v2_final_reduction_session03_CAB_reduction_fp16x2_b0_r1_treatment,treatment,treatment,20260728_operand_rate_v2_final_reduction_session03_CAB_reduction_fp16x2_b0_r1_treatment_1785247516290,20,184266.326529524,184266.33048883799,184266.32850918098,0.0039593139954376966,5.0853270309744403,10626758080,true,true,5dff3859ad319cb37301e68cfc6fde00723e3a42110ca93adb44c05e97098167
softmax_whole_stage_atc_trace_v1,softmax_whole_stage_operand_rate_atc,softmax_whole_stage_operand_rate_atc_v2,20260728_operand_rate_v2_final_reduction_session03_CAB,reduction,fp16x2,20260728_operand_rate_v2_final_reduction_session03_CAB_reduction_fp16x2,0,1,20260728_operand_rate_v2_final_reduction_session03_CAB_reduction_fp16x2_b0_r1_treatment,treatment,treatment,20260728_operand_rate_v2_final_reduction_session03_CAB_reduction_fp16x2_b0_r1_treatment_1785247516290,21,184266.58178445199,184266.583171937,184266.5824781945,0.0013874850119464099,5.3392960444907658,10626799943,true,true,5dff3859ad319cb37301e68cfc6fde00723e3a42110ca93adb44c05e97098167
softmax_whole_stage_atc_trace_v1,softmax_whole_stage_operand_rate_atc,softmax_whole_stage_operand_rate_atc_v2,20260728_operand_rate_v2_final_reduction_session03_CAB,reduction,fp16x2,20260728_operand_rate_v2_final_reduction_session03_CAB_reduction_fp16x2,0,1,20260728_operand_rate_v2_final_reduction_session03_CAB_reduction_fp16x2_b0_r1_treatment,treatment,treatment,20260728_operand_rate_v2_final_reduction_session03_CAB_reduction_fp16x2_b0_r1_treatment_1785247516290,22,184266.833870203,184266.83775037099,184266.83581028698,0.0038801679911557585,5.5926281369756907,10626861232,true,true,5dff3859ad319cb37301e68cfc6fde00723e3a42110ca93adb44c05e97098167
softmax_whole_stage_atc_trace_v1,softmax_whole_stage_operand_rate_atc,softmax_whole_stage_operand_rate_atc_v2,20260728_operand_rate_v2_final_reduction_session03_CAB,reduction,fp16x2,20260728_operand_rate_v2_final_reduction_session03_CAB_reduction_fp16x2,0,1,20260728_operand_rate_v2_final_reduction_session03_CAB_reduction_fp16x2_b0_r1_treatment,treatment,treatment,20260728_operand_rate_v2_final_reduction_session03_CAB_reduction_fp16x2_b0_r1_treatment_1785247516290,23,184267.08849754601,184267.09002272401,184267.08926013502,0.0015251779987011105,5.8460779850138351,10626903076,true,true,5dff3859ad319cb37301e68cfc6fde00723e3a42110ca93adb44c05e97098167
softmax_whole_stage_atc_trace_v1,softmax_whole_stage_operand_rate_atc,softmax_whole_stage_operand_rate_atc_v2,20260728_operand_rate_v2_final_reduction_session03_CAB,reduction,fp16x2,20260728_operand_rate_v2_final_reduction_session03_CAB_reduction_fp16x2,0,1,20260728_operand_rate_v2_final_reduction_session03_CAB_reduction_fp16x2_b0_r1_treatment,treatment,treatment,20260728_operand_rate_v2_final_reduction_session03_CAB_reduction_fp16x2_b0_r1_treatment_1785247516290,24,184267.34147186001,184267.344826521,184267.34314919051,0.0033546609920449555,6.0999670404999051,10626964440,true,true,5dff3859ad319cb37301e68cfc6fde00723e3a42110ca93adb44c05e97098167
softmax_whole_stage_atc_trace_v1,softmax_whole_stage_operand_rate_atc,softmax_whole_stage_operand_rate_atc_v2,20260728_operand_rate_v2_final_reduction_session03_CAB,reduction,fp16x2,20260728_operand_rate_v2_final_reduction_session03_CAB_reduction_fp16x2,0,1,20260728_operand_rate_v2_final_reduction_session03_CAB_reduction_fp16x2_b0_r1_treatment,treatment,treatment,20260728_operand_rate_v2_final_reduction_session03_CAB_reduction_fp16x2_b0_r1_treatment_1785247516290,25,184267.59597997699,184267.597403889,184267.59669193299,0.0014239120064303279,6.3535097829881124,10627006332,true,true,5dff3859ad319cb37301e68cfc6fde00723e3a42110ca93adb44c05e97098167
softmax_whole_stage_atc_trace_v1,softmax_whole_stage_operand_rate_atc,softmax_whole_stage_operand_rate_atc_v2,20260728_operand_rate_v2_final_reduction_session03_CAB,reduction,fp16x2,20260728_operand_rate_v2_final_reduction_session03_CAB_reduction_fp16x2,0,1,20260728_operand_rate_v2_final_reduction_session03_CAB_reduction_fp16x2_b0_r1_treatment,treatment,treatment,20260728_operand_rate_v2_final_reduction_session03_CAB_reduction_fp16x2_b0_r1_treatment_1785247516290,26,184267.84819560801,184267.85204716201,184267.85012138501,0.0038515540072694421,6.6069392350036651,10627067649,true,true,5dff3859ad319cb37301e68cfc6fde00723e3a42110ca93adb44c05e97098167
softmax_whole_stage_atc_trace_v1,softmax_whole_stage_operand_rate_atc,softmax_whole_stage_operand_rate_atc_v2,20260728_operand_rate_v2_final_reduction_session03_CAB,reduction,fp16x2,20260728_operand_rate_v2_final_reduction_session03_CAB_reduction_fp16x2,0,1,20260728_operand_rate_v2_final_reduction_session03_CAB_reduction_fp16x2_b0_r1_treatment,treatment,treatment,20260728_operand_rate_v2_final_reduction_session03_CAB_reduction_fp16x2_b0_r1_treatment_1785247516290,27,184268.102327681,184268.103747129,184268.103037405,0.0014194480027072132,6.8598552549956366,10627109493,true,true,5dff3859ad319cb37301e68cfc6fde00723e3a42110ca93adb44c05e97098167
softmax_whole_stage_atc_trace_v1,softmax_whole_stage_operand_rate_atc,softmax_whole_stage_operand_rate_atc_v2,20260728_operand_rate_v2_final_reduction_session03_CAB,reduction,fp16x2,20260728_operand_rate_v2_final_reduction_session03_CAB_reduction_fp16x2,0,1,20260728_operand_rate_v2_final_reduction_session03_CAB_reduction_fp16x2_b0_r1_treatment,treatment,treatment,20260728_operand_rate_v2_final_reduction_session03_CAB_reduction_fp16x2_b0_r1_treatment_1785247516290,28,184268.35532046299,184268.359232797,184268.35727663001,0.0039123340102378279,7.1140944799990393,10627170966,true,true,5dff3859ad319cb37301e68cfc6fde00723e3a42110ca93adb44c05e97098167
softmax_whole_stage_atc_trace_v1,softmax_whole_stage_operand_rate_atc,softmax_whole_stage_operand_rate_atc_v2,20260728_operand_rate_v2_final_reduction_session03_CAB,reduction,fp16x2,20260728_operand_rate_v2_final_reduction_session03_CAB_reduction_fp16x2,0,1,20260728_operand_rate_v2_final_reduction_session03_CAB_reduction_fp16x2_b0_r1_treatment,treatment,treatment,20260728_operand_rate_v2_final_reduction_session03_CAB_reduction_fp16x2_b0_r1_treatment_1785247516290,29,184268.60941286199,184268.61078259,184268.61009772599,0.0013697280082851648,7.3669155759853311,10627212789,true,true,5dff3859ad319cb37301e68cfc6fde00723e3a42110ca93adb44c05e97098167
softmax_whole_stage_atc_trace_v1,softmax_whole_stage_operand_rate_atc,softmax_whole_stage_operand_rate_atc_v2,20260728_operand_rate_v2_final_reduction_session03_CAB,reduction,fp16x2,20260728_operand_rate_v2_final_reduction_session03_CAB_reduction_fp16x2,0,1,20260728_operand_rate_v2_final_reduction_session03_CAB_reduction_fp16x2_b0_r1_treatment,treatment,treatment,20260728_operand_rate_v2_final_reduction_session03_CAB_reduction_fp16x2_b0_r1_treatment_1785247516290,30,184268.860932924,184268.86224359699,184268.86158826051,0.0013106729893479496,7.6184061105013825,10627274196,true,true,5dff3859ad319cb37301e68cfc6fde00723e3a42110ca93adb44c05e97098167
softmax_whole_stage_atc_trace_v1,softmax_whole_stage_operand_rate_atc,softmax_whole_stage_operand_rate_atc_v2,20260728_operand_rate_v2_final_reduction_session03_CAB,reduction,fp16x2,20260728_operand_rate_v2_final_reduction_session03_CAB_reduction_fp16x2,0,1,20260728_operand_rate_v2_final_reduction_session03_CAB_reduction_fp16x2_b0_r1_treatment,treatment,treatment,20260728_operand_rate_v2_final_reduction_session03_CAB_reduction_fp16x2_b0_r1_treatment_1785247516290,31,184269.11302425599,184269.11443995,184269.113732103,0.0014156940160319209,7.870549952989677,10627312544,true,true,5dff3859ad319cb37301e68cfc6fde00723e3a42110ca93adb44c05e97098167
softmax_whole_stage_atc_trace_v1,softmax_whole_stage_operand_rate_atc,softmax_whole_stage_operand_rate_atc_v2,20260728_operand_rate_v2_final_reduction_session03_CAB,reduction,fp16x2,20260728_operand_rate_v2_final_reduction_session03_CAB_reduction_fp16x2,0,1,20260728_operand_rate_v2_final_reduction_session03_CAB_reduction_fp16x2_b0_r1_treatment,treatment,treatment,20260728_operand_rate_v2_final_reduction_session03_CAB_reduction_fp16x2_b0_r1_treatment_1785247516290,32,184269.36608684799,184269.36751765999,184269.36680225399,0.0014308120007626712,8.1236201039864682,10627374622,true,true,5dff3859ad319cb37301e68cfc6fde00723e3a42110ca93adb44c05e97098167
softmax_whole_stage_atc_trace_v1,softmax_whole_stage_operand_rate_atc,softmax_whole_stage_operand_rate_atc_v2,20260728_operand_rate_v2_final_reduction_session03_CAB,reduction,fp16x2,20260728_operand_rate_v2_final_reduction_session03_CAB_reduction_fp16x2,0,1,20260728_operand_rate_v2_final_reduction_session03_CAB_reduction_fp16x2_b0_r1_treatment,treatment,treatment,20260728_operand_rate_v2_final_reduction_session03_CAB_reduction_fp16x2_b0_r1_treatment_1785247516290,33,184269.61831567,184269.61966419101,184269.61898993049,0.0013485210074577481,8.3758077804814093,10627413355,true,true,5dff3859ad319cb37301e68cfc6fde00723e3a42110ca93adb44c05e97098167
softmax_whole_stage_atc_trace_v1,softmax_whole_stage_operand_rate_atc,softmax_whole_stage_operand_rate_atc_v2,20260728_operand_rate_v2_final_reduction_session03_CAB,reduction,fp16x2,20260728_operand_rate_v2_final_reduction_session03_CAB_reduction_fp16x2,0,1,20260728_operand_rate_v2_final_reduction_session03_CAB_reduction_fp16x2_b0_r1_treatment,treatment,treatment,20260728_operand_rate_v2_final_reduction_session03_CAB_reduction_fp16x2_b0_r1_treatment_1785247516290,34,184269.86986860901,184269.87129292701,184269.87058076801,0.0014243180048651993,8.6273986180021893,10627475860,true,true,5dff3859ad319cb37301e68cfc6fde00723e3a42110ca93adb44c05e97098167
softmax_whole_stage_atc_trace_v1,softmax_whole_stage_operand_rate_atc,softmax_whole_stage_operand_rate_atc_v2,20260728_operand_rate_v2_final_reduction_session03_CAB,reduction,fp16x2,20260728_operand_rate_v2_final_reduction_session03_CAB_reduction_fp16x2,0,1,20260728_operand_rate_v2_final_reduction_session03_CAB_reduction_fp16x2_b0_r1_treatment,treatment,treatment,20260728_operand_rate_v2_final_reduction_session03_CAB_reduction_fp16x2_b0_r1_treatment_1785247516290,35,184270.12190910499,184270.12435693899,184270.12313302199,0.0024478340055793524,8.8799508719821461,10627515332,true,true,5dff3859ad319cb37301e68cfc6fde00723e3a42110ca93adb44c05e97098167
softmax_whole_stage_atc_trace_v1,softmax_whole_stage_operand_rate_atc,softmax_whole_stage_operand_rate_atc_v2,20260728_operand_rate_v2_final_reduction_session03_CAB,reduction,fp16x2,20260728_operand_rate_v2_final_reduction_session03_CAB_reduction_fp16x2,0,1,20260728_operand_rate_v2_final_reduction_session03_CAB_reduction_fp16x2_b0_r1_treatment,treatment,treatment,20260728_operand_rate_v2_final_reduction_session03_CAB_reduction_fp16x2_b0_r1_treatment_1785247516290,36,184270.37606268999,184270.377474629,184270.37676865951,0.0014119390107225627,9.1335865095024928,10627578426,true,true,5dff3859ad319cb37301e68cfc6fde00723e3a42110ca93adb44c05e97098167
softmax_whole_stage_atc_trace_v1,softmax_whole_stage_operand_rate_atc,softmax_whole_stage_operand_rate_atc_v2,20260728_operand_rate_v2_final_reduction_session03_CAB,reduction,fp16x2,20260728_operand_rate_v2_final_reduction_session03_CAB_reduction_fp16x2,0,1,20260728_operand_rate_v2_final_reduction_session03_CAB_reduction_fp16x2_b0_r1_treatment,treatment,treatment,20260728_operand_rate_v2_final_reduction_session03_CAB_reduction_fp16x2_b0_r1_treatment_1785247516290,37,184270.62770837001,184270.631609239,184270.62965880451,0.0039008689927868545,9.3864766545011662,10627618196,true,true,5dff3859ad319cb37301e68cfc6fde00723e3a42110ca93adb44c05e97098167
softmax_whole_stage_atc_trace_v1,softmax_whole_stage_operand_rate_atc,softmax_whole_stage_operand_rate_atc_v2,20260728_operand_rate_v2_final_reduction_session03_CAB,reduction,fp16x2,20260728_operand_rate_v2_final_reduction_session03_CAB_reduction_fp16x2,0,1,20260728_operand_rate_v2_final_reduction_session03_CAB_reduction_fp16x2_b0_r1_treatment,treatment,treatment,20260728_operand_rate_v2_final_reduction_session03_CAB_reduction_fp16x2_b0_r1_treatment_1785247516290,38,184270.88184693799,184270.88326486401,184270.88255590101,0.0014179260178934783,9.6393737510079518,10627681455,true,true,5dff3859ad319cb37301e68cfc6fde00723e3a42110ca93adb44c05e97098167
softmax_whole_stage_atc_trace_v1,softmax_whole_stage_operand_rate_atc,softmax_whole_stage_operand_rate_atc_v2,20260728_operand_rate_v2_final_reduction_session03_CAB,reduction,fp16x2,20260728_operand_rate_v2_final_reduction_session03_CAB_reduction_fp16x2,0,1,20260728_operand_rate_v2_final_reduction_session03_CAB_reduction_fp16x2_b0_r1_treatment,treatment,treatment,20260728_operand_rate_v2_final_reduction_session03_CAB_reduction_fp16x2_b0_r1_treatment_1785247516290,39,184271.13370326799,184271.138786147,184271.13624470751,0.0050828790117520839,9.8930625575012527,10627721539,true,true,5dff3859ad319cb37301e68cfc6fde00723e3a42110ca93adb44c05e97098167
softmax_whole_stage_atc_trace_v1,softmax_whole_stage_operand_rate_atc,softmax_whole_stage_operand_rate_atc_v2,20260728_operand_rate_v2_final_reduction_session03_CAB,reduction,fp16x2,20260728_operand_rate_v2_final_reduction_session03_CAB_reduction_fp16x2,0,1,20260728_operand_rate_v2_final_reduction_session03_CAB_reduction_fp16x2_b0_r1_treatment,treatment,treatment,20260728_operand_rate_v2_final_reduction_session03_CAB_reduction_fp16x2_b0_r1_treatment_1785247516290,40,184271.39058839399,184271.39202965799,184271.39130902599,0.0014412640011869371,10.148126875981688,10627784753,true,true,5dff3859ad319cb37301e68cfc6fde00723e3a42110ca93adb44c05e97098167
softmax_whole_stage_atc_trace_v1,softmax_whole_stage_operand_rate_atc,softmax_whole_stage_operand_rate_atc_v2,20260728_operand_rate_v2_final_reduction_session03_CAB,reduction,fp16x2,20260728_operand_rate_v2_final_reduction_session03_CAB_reduction_fp16x2,0,1,20260728_operand_rate_v2_final_reduction_session03_CAB_reduction_fp16x2_b0_r1_treatment,treatment,treatment,20260728_operand_rate_v2_final_reduction_session03_CAB_reduction_fp16x2_b0_r1_treatment_1785247516290,41,184271.64234751699,184271.645910494,184271.64412900549,0.003562977013643831,10.400946855486836,10627824532,true,true,5dff3859ad319cb37301e68cfc6fde00723e3a42110ca93adb44c05e97098167
softmax_whole_stage_atc_trace_v1,softmax_whole_stage_operand_rate_atc,softmax_whole_stage_operand_rate_atc_v2,20260728_operand_rate_v2_final_reduction_session03_CAB,reduction,fp16x2,20260728_operand_rate_v2_final_reduction_session03_CAB_reduction_fp16x2,0,1,20260728_operand_rate_v2_final_reduction_session03_CAB_reduction_fp16x2_b0_r1_treatment,treatment,treatment,20260728_operand_rate_v2_final_reduction_session03_CAB_reduction_fp16x2_b0_r1_treatment_1785247516290,42,184271.89621506099,184271.89754694101,184271.89688100101,0.0013318800192791969,10.653698851005174,10627887769,true,true,5dff3859ad319cb37301e68cfc6fde00723e3a42110ca93adb44c05e97098167
softmax_whole_stage_atc_trace_v1,softmax_whole_stage_operand_rate_atc,softmax_whole_stage_operand_rate_atc_v2,20260728_operand_rate_v2_final_reduction_session03_CAB,reduction,fp16x2,20260728_operand_rate_v2_final_reduction_session03_CAB_reduction_fp16x2,0,1,20260728_operand_rate_v2_final_reduction_session03_CAB_reduction_fp16x2_b0_r1_treatment,treatment,treatment,20260728_operand_rate_v2_final_reduction_session03_CAB_reduction_fp16x2_b0_r1_treatment_1785247516290,43,184272.14781092099,184272.15313955699,184272.15047523897,0.00532863600528799,10.907293088966981,10627927816,true,true,5dff3859ad319cb37301e68cfc6fde00723e3a42110ca93adb44c05e97098167
softmax_whole_stage_atc_trace_v1,softmax_whole_stage_operand_rate_atc,softmax_whole_stage_operand_rate_atc_v2,20260728_operand_rate_v2_final_reduction_session03_CAB,reduction,fp16x2,20260728_operand_rate_v2_final_reduction_session03_CAB_reduction_fp16x2,0,1,20260728_operand_rate_v2_final_reduction_session03_CAB_reduction_fp16x2_b0_r1_treatment,treatment,treatment,20260728_operand_rate_v2_final_reduction_session03_CAB_reduction_fp16x2_b0_r1_treatment_1785247516290,44,184272.404964432,184272.40629712399,184272.405630778,0.0013326919870451093,11.162448627990671,10627990996,true,true,5dff3859ad319cb37301e68cfc6fde00723e3a42110ca93adb44c05e97098167
softmax_whole_stage_atc_trace_v1,softmax_whole_stage_operand_rate_atc,softmax_whole_stage_operand_rate_atc_v2,20260728_operand_rate_v2_final_reduction_session03_CAB,reduction,fp16x2,20260728_operand_rate_v2_final_reduction_session03_CAB_reduction_fp16x2,0,1,20260728_operand_rate_v2_final_reduction_session03_CAB_reduction_fp16x2_b0_r1_treatment,treatment,treatment,20260728_operand_rate_v2_final_reduction_session03_CAB_reduction_fp16x2_b0_r1_treatment_1785247516290,45,184272.65660464999,184272.66028667701,184272.65844566352,0.0036820270179305226,11.415263513510581,10628030731,true,true,5dff3859ad319cb37301e68cfc6fde00723e3a42110ca93adb44c05e97098167
softmax_whole_stage_atc_trace_v1,softmax_whole_stage_operand_rate_atc,softmax_whole_stage_operand_rate_atc_v2,20260728_operand_rate_v2_final_reduction_session03_CAB,reduction,fp16x2,20260728_operand_rate_v2_final_reduction_session03_CAB_reduction_fp16x2,0,1,20260728_operand_rate_v2_final_reduction_session03_CAB_reduction_fp16x2_b0_r1_treatment,treatment,treatment,20260728_operand_rate_v2_final_reduction_session03_CAB_reduction_fp16x2_b0_r1_treatment_1785247516290,46,184272.910749009,184272.91212918499,184272.91143909699,0.0013801759923808277,11.668256946984911,10628093860,true,true,5dff3859ad319cb37301e68cfc6fde00723e3a42110ca93adb44c05e97098167
softmax_whole_stage_atc_trace_v1,softmax_whole_stage_operand_rate_atc,softmax_whole_stage_operand_rate_atc_v2,20260728_operand_rate_v2_final_reduction_session03_CAB,reduction,fp16x2,20260728_operand_rate_v2_final_reduction_session03_CAB_reduction_fp16x2,0,1,20260728_operand_rate_v2_final_reduction_session03_CAB_reduction_fp16x2_b0_r1_treatment,treatment,treatment,20260728_operand_rate_v2_final_reduction_session03_CAB_reduction_fp16x2_b0_r1_treatment_1785247516290,47,184273.16225141901,184273.16745718999,184273.16485430452,0.0052057709835935384,11.921672154508997,10628133831,true,true,5dff3859ad319cb37301e68cfc6fde00723e3a42110ca93adb44c05e97098167
softmax_whole_stage_atc_trace_v1,softmax_whole_stage_operand_rate_atc,softmax_whole_stage_operand_rate_atc_v2,20260728_operand_rate_v2_final_reduction_session03_CAB,reduction,fp16x2,20260728_operand_rate_v2_final_reduction_session03_CAB_reduction_fp16x2,0,1,20260728_operand_rate_v2_final_reduction_session03_CAB_reduction_fp16x2_b0_r1_treatment,treatment,treatment,20260728_operand_rate_v2_final_reduction_session03_CAB_reduction_fp16x2_b0_r1_treatment_1785247516290,48,184273.41946781901,184273.42084627101,184273.42015704501,0.0013784519978798926,12.176974895002786,10628196912,true,true,5dff3859ad319cb37301e68cfc6fde00723e3a42110ca93adb44c05e97098167
softmax_whole_stage_atc_trace_v1,softmax_whole_stage_operand_rate_atc,softmax_whole_stage_operand_rate_atc_v2,20260728_operand_rate_v2_final_reduction_session03_CAB,reduction,fp16x2,20260728_operand_rate_v2_final_reduction_session03_CAB_reduction_fp16x2,0,1,20260728_operand_rate_v2_final_reduction_session03_CAB_reduction_fp16x2_b0_r1_treatment,treatment,treatment,20260728_operand_rate_v2_final_reduction_session03_CAB_reduction_fp16x2_b0_r1_treatment_1785247516290,49,184273.671004726,184273.674505442,184273.672755084,0.0035007160040549934,12.429572933993768,10628236517,true,true,5dff3859ad319cb37301e68cfc6fde00723e3a42110ca93adb44c05e97098167
softmax_whole_stage_atc_trace_v1,softmax_whole_stage_operand_rate_atc,softmax_whole_stage_operand_rate_atc_v2,20260728_operand_rate_v2_final_reduction_session03_CAB,reduction,fp16x2,20260728_operand_rate_v2_final_reduction_session03_CAB_reduction_fp16x2,0,1,20260728_operand_rate_v2_final_reduction_session03_CAB_reduction_fp16x2_b0_r1_treatment,treatment,treatment,20260728_operand_rate_v2_final_reduction_session03_CAB_reduction_fp16x2_b0_r1_treatment_1785247516290,50,184273.92507055399,184273.92640598601,184273.92573826999,0.0013354320253711194,12.682556119980291,10628299565,true,true,5dff3859ad319cb37301e68cfc6fde00723e3a42110ca93adb44c05e97098167
softmax_whole_stage_atc_trace_v1,softmax_whole_stage_operand_rate_atc,softmax_whole_stage_operand_rate_atc_v2,20260728_operand_rate_v2_final_reduction_session03_CAB,reduction,fp16x2,20260728_operand_rate_v2_final_reduction_session03_CAB_reduction_fp16x2,0,1,20260728_operand_rate_v2_final_reduction_session03_CAB_reduction_fp16x2_b0_r1_treatment,treatment,treatment,20260728_operand_rate_v2_final_reduction_session03_CAB_reduction_fp16x2_b0_r1_treatment_1785247516290,51,184274.17775549399,184274.18174200601,184274.17974875,0.003986512019764632,12.936566599993967,10628339548,true,true,5dff3859ad319cb37301e68cfc6fde00723e3a42110ca93adb44c05e97098167
softmax_whole_stage_atc_trace_v1,softmax_whole_stage_operand_rate_atc,softmax_whole_stage_operand_rate_atc_v2,20260728_operand_rate_v2_final_reduction_session03_CAB,reduction,fp16x2,20260728_operand_rate_v2_final_reduction_session03_CAB_reduction_fp16x2,0,1,20260728_operand_rate_v2_final_reduction_session03_CAB_reduction_fp16x2_b0_r1_treatment,treatment,treatment,20260728_operand_rate_v2_final_reduction_session03_CAB_reduction_fp16x2_b0_r1_treatment_1785247516290,52,184274.433629259,184274.435015016,184274.4343221375,0.0013857570011168718,13.191139987495262,10628402701,true,false,5dff3859ad319cb37301e68cfc6fde00723e3a42110ca93adb44c05e97098167
softmax_whole_stage_atc_trace_v1,softmax_whole_stage_operand_rate_atc,softmax_whole_stage_operand_rate_atc_v2,20260728_operand_rate_v2_final_reduction_session03_CAB,reduction,fp16x2,20260728_operand_rate_v2_final_reduction_session03_CAB_reduction_fp16x2,0,1,20260728_operand_rate_v2_final_reduction_session03_CAB_reduction_fp16x2_b0_r1_treatment,treatment,treatment,20260728_operand_rate_v2_final_reduction_session03_CAB_reduction_fp16x2_b0_r1_treatment_1785247516290,53,184274.68883388699,184274.690259214,184274.68954655051,0.0014253270055633038,13.446364400500897,10628442429,true,false,5dff3859ad319cb37301e68cfc6fde00723e3a42110ca93adb44c05e97098167
softmax_whole_stage_atc_trace_v1,softmax_whole_stage_operand_rate_atc,softmax_whole_stage_operand_rate_atc_v2,20260728_operand_rate_v2_final_reduction_session03_CAB,reduction,fp16x2,20260728_operand_rate_v2_final_reduction_session03_CAB_reduction_fp16x2,0,1,20260728_operand_rate_v2_final_reduction_session03_CAB_reduction_fp16x2_b0_r1_treatment,treatment,treatment,20260728_operand_rate_v2_final_reduction_session03_CAB_reduction_fp16x2_b0_r1_treatment_1785247516290,54,184274.944080519,184274.94552522499,184274.94480287199,0.0014447059947997332,13.701620721985819,10628495818,true,false,5dff3859ad319cb37301e68cfc6fde00723e3a42110ca93adb44c05e97098167
softmax_whole_stage_atc_trace_v1,softmax_whole_stage_operand_rate_atc,softmax_whole_stage_operand_rate_atc_v2,20260728_operand_rate_v2_final_reduction_session03_CAB,reduction,fp16x2,20260728_operand_rate_v2_final_reduction_session03_CAB_reduction_fp16x2,0,1,20260728_operand_rate_v2_final_reduction_session03_CAB_reduction_fp16x2_b0_r1_treatment,treatment,treatment,20260728_operand_rate_v2_final_reduction_session03_CAB_reduction_fp16x2_b0_r1_treatment_1785247516290,55,184274.94555627301,184274.94668928999,184274.94612278149,0.0011330169800203294,13.702940631483216,10628495818,false,false,5dff3859ad319cb37301e68cfc6fde00723e3a42110ca93adb44c05e97098167
softmax_whole_stage_atc_trace_v1,softmax_whole_stage_operand_rate_atc,softmax_whole_stage_operand_rate_atc_v2,20260728_operand_rate_v2_final_reduction_session03_CAB,reduction,fp16x2,20260728_operand_rate_v2_final_reduction_session03_CAB_reduction_fp16x2,0,2,20260728_operand_rate_v2_final_reduction_session03_CAB_reduction_fp16x2_b0_r2_control,control,control,20260728_operand_rate_v2_final_reduction_session03_CAB_reduction_fp16x2_b0_r2_control_1785247531019,0,184275.97683015699,184275.97813444,184275.97748229851,0.0013042830105405301,0.00066715749562717974,10628627051,false,false,5dff3859ad319cb37301e68cfc6fde00723e3a42110ca93adb44c05e97098167
softmax_whole_stage_atc_trace_v1,softmax_whole_stage_operand_rate_atc,softmax_whole_stage_operand_rate_atc_v2,20260728_operand_rate_v2_final_reduction_session03_CAB,reduction,fp16x2,20260728_operand_rate_v2_final_reduction_session03_CAB_reduction_fp16x2,0,2,20260728_operand_rate_v2_final_reduction_session03_CAB_reduction_fp16x2_b0_r2_control,control,control,20260728_operand_rate_v2_final_reduction_session03_CAB_reduction_fp16x2_b0_r2_control_1785247531019,1,184276.22940978099,184276.23083622399,184276.23012300249,0.0014264429919421673,0.25330786147969775,10628665975,true,false,5dff3859ad319cb37301e68cfc6fde00723e3a42110ca93adb44c05e97098167
softmax_whole_stage_atc_trace_v1,softmax_whole_stage_operand_rate_atc,softmax_whole_stage_operand_rate_atc_v2,20260728_operand_rate_v2_final_reduction_session03_CAB,reduction,fp16x2,20260728_operand_rate_v2_final_reduction_session03_CAB_reduction_fp16x2,0,2,20260728_operand_rate_v2_final_reduction_session03_CAB_reduction_fp16x2_b0_r2_control,control,control,20260728_operand_rate_v2_final_reduction_session03_CAB_reduction_fp16x2_b0_r2_control_1785247531019,2,184276.48255565899,184276.48396475299,184276.48326020601,0.0014090939948800951,0.50644506499520503,10628734150,true,false,5dff3859ad319cb37301e68cfc6fde00723e3a42110ca93adb44c05e97098167
softmax_whole_stage_atc_trace_v1,softmax_whole_stage_operand_rate_atc,softmax_whole_stage_operand_rate_atc_v2,20260728_operand_rate_v2_final_reduction_session03_CAB,reduction,fp16x2,20260728_operand_rate_v2_final_reduction_session03_CAB_reduction_fp16x2,0,2,20260728_operand_rate_v2_final_reduction_session03_CAB_reduction_fp16x2_b0_r2_control,control,control,20260728_operand_rate_v2_final_reduction_session03_CAB_reduction_fp16x2_b0_r2_control_1785247531019,3,184276.73773756,184276.739115403,184276.73842648149,0.0013778430002275854,0.76161134048015811,10628777181,true,true,5dff3859ad319cb37301e68cfc6fde00723e3a42110ca93adb44c05e97098167
softmax_whole_stage_atc_trace_v1,softmax_whole_stage_operand_rate_atc,softmax_whole_stage_operand_rate_atc_v2,20260728_operand_rate_v2_final_reduction_session03_CAB,reduction,fp16x2,20260728_operand_rate_v2_final_reduction_session03_CAB_reduction_fp16x2,0,2,20260728_operand_rate_v2_final_reduction_session03_CAB_reduction_fp16x2_b0_r2_control,control,control,20260728_operand_rate_v2_final_reduction_session03_CAB_reduction_fp16x2_b0_r2_control_1785247531019,4,184276.99294208601,184276.994351078,184276.99364658201,0.0014089919859543443,1.0168314409966115,10628845326,true,true,5dff3859ad319cb37301e68cfc6fde00723e3a42110ca93adb44c05e97098167
softmax_whole_stage_atc_trace_v1,softmax_whole_stage_operand_rate_atc,softmax_whole_stage_operand_rate_atc_v2,20260728_operand_rate_v2_final_reduction_session03_CAB,reduction,fp16x2,20260728_operand_rate_v2_final_reduction_session03_CAB_reduction_fp16x2,0,2,20260728_operand_rate_v2_final_reduction_session03_CAB_reduction_fp16x2_b0_r2_control,control,control,20260728_operand_rate_v2_final_reduction_session03_CAB_reduction_fp16x2_b0_r2_control_1785247531019,5,184277.24817745699,184277.24955814099,184277.248867799,0.00138068399974145,1.2720526579942089,10628887675,true,true,5dff3859ad319cb37301e68cfc6fde00723e3a42110ca93adb44c05e97098167
softmax_whole_stage_atc_trace_v1,softmax_whole_stage_operand_rate_atc,softmax_whole_stage_operand_rate_atc_v2,20260728_operand_rate_v2_final_reduction_session03_CAB,reduction,fp16x2,20260728_operand_rate_v2_final_reduction_session03_CAB_reduction_fp16x2,0,2,20260728_operand_rate_v2_final_reduction_session03_CAB_reduction_fp16x2_b0_r2_control,control,control,20260728_operand_rate_v2_final_reduction_session03_CAB_reduction_fp16x2_b0_r2_control_1785247531019,6,184277.50191729001,184277.503332775,184277.5026250325,0.0014154849923215806,1.5258098914928269,10628955225,true,true,5dff3859ad319cb37301e68cfc6fde00723e3a42110ca93adb44c05e97098167
softmax_whole_stage_atc_trace_v1,softmax_whole_stage_operand_rate_atc,softmax_whole_stage_operand_rate_atc_v2,20260728_operand_rate_v2_final_reduction_session03_CAB,reduction,fp16x2,20260728_operand_rate_v2_final_reduction_session03_CAB_reduction_fp16x2,0,2,20260728_operand_rate_v2_final_reduction_session03_CAB_reduction_fp16x2_b0_r2_control,control,control,20260728_operand_rate_v2_final_reduction_session03_CAB_reduction_fp16x2_b0_r2_control_1785247531019,7,184277.75715793599,184277.75861055599,184277.75788424601,0.0014526199956890196,1.781069104996277,10628997179,true,true,5dff3859ad319cb37301e68cfc6fde00723e3a42110ca93adb44c05e97098167
softmax_whole_stage_atc_trace_v1,softmax_whole_stage_operand_rate_atc,softmax_whole_stage_operand_rate_atc_v2,20260728_operand_rate_v2_final_reduction_session03_CAB,reduction,fp16x2,20260728_operand_rate_v2_final_reduction_session03_CAB_reduction_fp16x2,0,2,20260728_operand_rate_v2_final_reduction_session03_CAB_reduction_fp16x2_b0_r2_control,control,control,20260728_operand_rate_v2_final_reduction_session03_CAB_reduction_fp16x2_b0_r2_control_1785247531019,8,184278.01242415101,184278.01594089699,184278.014182524,0.0035167459864169359,2.0373673829890322,10629064244,true,true,5dff3859ad319cb37301e68cfc6fde00723e3a42110ca93adb44c05e97098167
softmax_whole_stage_atc_trace_v1,softmax_whole_stage_operand_rate_atc,softmax_whole_stage_operand_rate_atc_v2,20260728_operand_rate_v2_final_reduction_session03_CAB,reduction,fp16x2,20260728_operand_rate_v2_final_reduction_session03_CAB_reduction_fp16x2,0,2,20260728_operand_rate_v2_final_reduction_session03_CAB_reduction_fp16x2_b0_r2_control,control,control,20260728_operand_rate_v2_final_reduction_session03_CAB_reduction_fp16x2_b0_r2_control_1785247531019,9,184278.26976656599,184278.27118002201,184278.27047329402,0.0014134560187812895,2.2936581530084368,10629109745,true,true,5dff3859ad319cb37301e68cfc6fde00723e3a42110ca93adb44c05e97098167
softmax_whole_stage_atc_trace_v1,softmax_whole_stage_operand_rate_atc,softmax_whole_stage_operand_rate_atc_v2,20260728_operand_rate_v2_final_reduction_session03_CAB,reduction,fp16x2,20260728_operand_rate_v2_final_reduction_session03_CAB_reduction_fp16x2,0,2,20260728_operand_rate_v2_final_reduction_session03_CAB_reduction_fp16x2_b0_r2_control,control,control,20260728_operand_rate_v2_final_reduction_session03_CAB_reduction_fp16x2_b0_r2_control_1785247531019,10,184278.52270708699,184278.52411729601,184278.52341219148,0.0014102090208325535,2.5465970504737925,10629175753,true,true,5dff3859ad319cb37301e68cfc6fde00723e3a42110ca93adb44c05e97098167
softmax_whole_stage_atc_trace_v1,softmax_whole_stage_operand_rate_atc,softmax_whole_stage_operand_rate_atc_v2,20260728_operand_rate_v2_final_reduction_session03_CAB,reduction,fp16x2,20260728_operand_rate_v2_final_reduction_session03_CAB_reduction_fp16x2,0,2,20260728_operand_rate_v2_final_reduction_session03_CAB_reduction_fp16x2_b0_r2_control,control,control,20260728_operand_rate_v2_final_reduction_session03_CAB_reduction_fp16x2_b0_r2_control_1785247531019,11,184278.777876204,184278.77923091399,184278.77855355898,0.0013547099952120334,2.8017384179693181,10629221011,true,true,5dff3859ad319cb37301e68cfc6fde00723e3a42110ca93adb44c05e97098167
softmax_whole_stage_atc_trace_v1,softmax_whole_stage_operand_rate_atc,softmax_whole_stage_operand_rate_atc_v2,20260728_operand_rate_v2_final_reduction_session03_CAB,reduction,fp16x2,20260728_operand_rate_v2_final_reduction_session03_CAB_reduction_fp16x2,0,2,20260728_operand_rate_v2_final_reduction_session03_CAB_reduction_fp16x2_b0_r2_control,control,control,20260728_operand_rate_v2_final_reduction_session03_CAB_reduction_fp16x2_b0_r2_control_1785247531019,12,184279.02958620401,184279.030993572,184279.030289888,0.0014073679922148585,3.0534747469937429,10629286985,true,true,5dff3859ad319cb37301e68cfc6fde00723e3a42110ca93adb44c05e97098167
softmax_whole_stage_atc_trace_v1,softmax_whole_stage_operand_rate_atc,softmax_whole_stage_operand_rate_atc_v2,20260728_operand_rate_v2_final_reduction_session03_CAB,reduction,fp16x2,20260728_operand_rate_v2_final_reduction_session03_CAB_reduction_fp16x2,0,2,20260728_operand_rate_v2_final_reduction_session03_CAB_reduction_fp16x2_b0_r2_control,control,control,20260728_operand_rate_v2_final_reduction_session03_CAB_reduction_fp16x2_b0_r2_control_1785247531019,13,184279.28483537299,184279.28619586601,184279.2855156195,0.0013604930136352777,3.3087004784902092,10629332464,true,true,5dff3859ad319cb37301e68cfc6fde00723e3a42110ca93adb44c05e97098167
softmax_whole_stage_atc_trace_v1,softmax_whole_stage_operand_rate_atc,softmax_whole_stage_operand_rate_atc_v2,20260728_operand_rate_v2_final_reduction_session03_CAB,reduction,fp16x2,20260728_operand_rate_v2_final_reduction_session03_CAB_reduction_fp16x2,0,2,20260728_operand_rate_v2_final_reduction_session03_CAB_reduction_fp16x2_b0_r2_control,control,control,20260728_operand_rate_v2_final_reduction_session03_CAB_reduction_fp16x2_b0_r2_control_1785247531019,14,184279.53995710699,184279.54211457801,184279.5410358425,0.0021574710262939334,3.5642207014898304,10629398539,true,true,5dff3859ad319cb37301e68cfc6fde00723e3a42110ca93adb44c05e97098167
softmax_whole_stage_atc_trace_v1,softmax_whole_stage_operand_rate_atc,softmax_whole_stage_operand_rate_atc_v2,20260728_operand_rate_v2_final_reduction_session03_CAB,reduction,fp16x2,20260728_operand_rate_v2_final_reduction_session03_CAB_reduction_fp16x2,0,2,20260728_operand_rate_v2_final_reduction_session03_CAB_reduction_fp16x2_b0_r2_control,control,control,20260728_operand_rate_v2_final_reduction_session03_CAB_reduction_fp16x2_b0_r2_control_1785247531019,15,184279.793033992,184279.79439752901,184279.79371576052,0.001363537012366578,3.8169006195093971,10629443157,true,true,5dff3859ad319cb37301e68cfc6fde00723e3a42110ca93adb44c05e97098167
softmax_whole_stage_atc_trace_v1,softmax_whole_stage_operand_rate_atc,softmax_whole_stage_operand_rate_atc_v2,20260728_operand_rate_v2_final_reduction_session03_CAB,reduction,fp16x2,20260728_operand_rate_v2_final_reduction_session03_CAB_reduction_fp16x2,0,2,20260728_operand_rate_v2_final_reduction_session03_CAB_reduction_fp16x2_b0_r2_control,control,control,20260728_operand_rate_v2_final_reduction_session03_CAB_reduction_fp16x2_b0_r2_control_1785247531019,16,184280.04821650201,184280.049668919,184280.04894271051,0.0014524169964715838,4.0721275694959331,10629509108,true,true,5dff3859ad319cb37301e68cfc6fde00723e3a42110ca93adb44c05e97098167
softmax_whole_stage_atc_trace_v1,softmax_whole_stage_operand_rate_atc,softmax_whole_stage_operand_rate_atc_v2,20260728_operand_rate_v2_final_reduction_session03_CAB,reduction,fp16x2,20260728_operand_rate_v2_final_reduction_session03_CAB_reduction_fp16x2,0,2,20260728_operand_rate_v2_final_reduction_session03_CAB_reduction_fp16x2_b0_r2_control,control,control,20260728_operand_rate_v2_final_reduction_session03_CAB_reduction_fp16x2_b0_r2_control_1785247531019,17,184280.30215367599,184280.30340073601,184280.302777206,0.0012470600195229053,4.3259620649914723,10629576958,true,true,5dff3859ad319cb37301e68cfc6fde00723e3a42110ca93adb44c05e97098167
softmax_whole_stage_atc_trace_v1,softmax_whole_stage_operand_rate_atc,softmax_whole_stage_operand_rate_atc_v2,20260728_operand_rate_v2_final_reduction_session03_CAB,reduction,fp16x2,20260728_operand_rate_v2_final_reduction_session03_CAB_reduction_fp16x2,0,2,20260728_operand_rate_v2_final_reduction_session03_CAB_reduction_fp16x2_b0_r2_control,control,control,20260728_operand_rate_v2_final_reduction_session03_CAB_reduction_fp16x2_b0_r2_control_1785247531019,18,184280.55477560899,184280.55628971499,184280.55553266199,0.0015141059993766248,4.5787175209843554,10629623309,true,true,5dff3859ad319cb37301e68cfc6fde00723e3a42110ca93adb44c05e97098167
softmax_whole_stage_atc_trace_v1,softmax_whole_stage_operand_rate_atc,softmax_whole_stage_operand_rate_atc_v2,20260728_operand_rate_v2_final_reduction_session03_CAB,reduction,fp16x2,20260728_operand_rate_v2_final_reduction_session03_CAB_reduction_fp16x2,0,2,20260728_operand_rate_v2_final_reduction_session03_CAB_reduction_fp16x2_b0_r2_control,control,control,20260728_operand_rate_v2_final_reduction_session03_CAB_reduction_fp16x2_b0_r2_control_1785247531019,19,184280.81010937301,184280.815301761,184280.81270556699,0.0051923879946116358,4.8358904259803239,10629691272,true,true,5dff3859ad319cb37301e68cfc6fde00723e3a42110ca93adb44c05e97098167
softmax_whole_stage_atc_trace_v1,softmax_whole_stage_operand_rate_atc,softmax_whole_stage_operand_rate_atc_v2,20260728_operand_rate_v2_final_reduction_session03_CAB,reduction,fp16x2,20260728_operand_rate_v2_final_reduction_session03_CAB_reduction_fp16x2,0,2,20260728_operand_rate_v2_final_reduction_session03_CAB_reduction_fp16x2_b0_r2_control,control,control,20260728_operand_rate_v2_final_reduction_session03_CAB_reduction_fp16x2_b0_r2_control_1785247531019,20,184281.069062675,184281.070434102,184281.06974838849,0.0013714270025957376,5.092933247477049,10629736934,true,true,5dff3859ad319cb37301e68cfc6fde00723e3a42110ca93adb44c05e97098167
softmax_whole_stage_atc_trace_v1,softmax_whole_stage_operand_rate_atc,softmax_whole_stage_operand_rate_atc_v2,20260728_operand_rate_v2_final_reduction_session03_CAB,reduction,fp16x2,20260728_operand_rate_v2_final_reduction_session03_CAB_reduction_fp16x2,0,2,20260728_operand_rate_v2_final_reduction_session03_CAB_reduction_fp16x2_b0_r2_control,control,control,20260728_operand_rate_v2_final_reduction_session03_CAB_reduction_fp16x2_b0_r2_control_1785247531019,21,184281.32424960201,184281.32564274099,184281.32494617149,0.0013931389839854091,5.3481310304778162,10629803209,true,true,5dff3859ad319cb37301e68cfc6fde00723e3a42110ca93adb44c05e97098167
softmax_whole_stage_atc_trace_v1,softmax_whole_stage_operand_rate_atc,softmax_whole_stage_operand_rate_atc_v2,20260728_operand_rate_v2_final_reduction_session03_CAB,reduction,fp16x2,20260728_operand_rate_v2_final_reduction_session03_CAB_reduction_fp16x2,0,2,20260728_operand_rate_v2_final_reduction_session03_CAB_reduction_fp16x2_b0_r2_control,control,control,20260728_operand_rate_v2_final_reduction_session03_CAB_reduction_fp16x2_b0_r2_control_1785247531019,22,184281.57938640699,184281.580882629,184281.58013451798,0.001496222015703097,5.6033193769690115,10629848047,true,true,5dff3859ad319cb37301e68cfc6fde00723e3a42110ca93adb44c05e97098167
softmax_whole_stage_atc_trace_v1,softmax_whole_stage_operand_rate_atc,softmax_whole_stage_operand_rate_atc_v2,20260728_operand_rate_v2_final_reduction_session03_CAB,reduction,fp16x2,20260728_operand_rate_v2_final_reduction_session03_CAB_reduction_fp16x2,0,2,20260728_operand_rate_v2_final_reduction_session03_CAB_reduction_fp16x2_b0_r2_control,control,control,20260728_operand_rate_v2_final_reduction_session03_CAB_reduction_fp16x2_b0_r2_control_1785247531019,23,184281.83469833099,184281.83610953001,184281.83540393051,0.0014111990167293698,5.8585887895023916,10629913507,true,true,5dff3859ad319cb37301e68cfc6fde00723e3a42110ca93adb44c05e97098167
softmax_whole_stage_atc_trace_v1,softmax_whole_stage_operand_rate_atc,softmax_whole_stage_operand_rate_atc_v2,20260728_operand_rate_v2_final_reduction_session03_CAB,reduction,fp16x2,20260728_operand_rate_v2_final_reduction_session03_CAB_reduction_fp16x2,0,2,20260728_operand_rate_v2_final_reduction_session03_CAB_reduction_fp16x2_b0_r2_control,control,control,20260728_operand_rate_v2_final_reduction_session03_CAB_reduction_fp16x2_b0_r2_control_1785247531019,24,184282.08993071099,184282.09340437601,184282.09166754351,0.0034736650122795254,6.1148524025047664,10629957587,true,true,5dff3859ad319cb37301e68cfc6fde00723e3a42110ca93adb44c05e97098167
softmax_whole_stage_atc_trace_v1,softmax_whole_stage_operand_rate_atc,softmax_whole_stage_operand_rate_atc_v2,20260728_operand_rate_v2_final_reduction_session03_CAB,reduction,fp16x2,20260728_operand_rate_v2_final_reduction_session03_CAB_reduction_fp16x2,0,2,20260728_operand_rate_v2_final_reduction_session03_CAB_reduction_fp16x2_b0_r2_control,control,control,20260728_operand_rate_v2_final_reduction_session03_CAB_reduction_fp16x2_b0_r2_control_1785247531019,25,184282.34408670801,184282.34554721601,184282.34481696202,0.0014605080068577081,6.3680018210143317,10630026450,true,true,5dff3859ad319cb37301e68cfc6fde00723e3a42110ca93adb44c05e97098167
softmax_whole_stage_atc_trace_v1,softmax_whole_stage_operand_rate_atc,softmax_whole_stage_operand_rate_atc_v2,20260728_operand_rate_v2_final_reduction_session03_CAB,reduction,fp16x2,20260728_operand_rate_v2_final_reduction_session03_CAB_reduction_fp16x2,0,2,20260728_operand_rate_v2_final_reduction_session03_CAB_reduction_fp16x2_b0_r2_control,control,control,20260728_operand_rate_v2_final_reduction_session03_CAB_reduction_fp16x2_b0_r2_control_1785247531019,26,184282.596679115,184282.60041596601,184282.59854754049,0.0037368510093074292,6.6217323994787876,10630070079,true,true,5dff3859ad319cb37301e68cfc6fde00723e3a42110ca93adb44c05e97098167
softmax_whole_stage_atc_trace_v1,softmax_whole_stage_operand_rate_atc,softmax_whole_stage_operand_rate_atc_v2,20260728_operand_rate_v2_final_reduction_session03_CAB,reduction,fp16x2,20260728_operand_rate_v2_final_reduction_session03_CAB_reduction_fp16x2,0,2,20260728_operand_rate_v2_final_reduction_session03_CAB_reduction_fp16x2_b0_r2_control,control,control,20260728_operand_rate_v2_final_reduction_session03_CAB_reduction_fp16x2_b0_r2_control_1785247531019,27,184282.85423045099,184282.85560745801,184282.85491895449,0.0013770070218015462,6.8781038134766277,10630139041,true,true,5dff3859ad319cb37301e68cfc6fde00723e3a42110ca93adb44c05e97098167
softmax_whole_stage_atc_trace_v1,softmax_whole_stage_operand_rate_atc,softmax_whole_stage_operand_rate_atc_v2,20260728_operand_rate_v2_final_reduction_session03_CAB,reduction,fp16x2,20260728_operand_rate_v2_final_reduction_session03_CAB_reduction_fp16x2,0,2,20260728_operand_rate_v2_final_reduction_session03_CAB_reduction_fp16x2_b0_r2_control,control,control,20260728_operand_rate_v2_final_reduction_session03_CAB_reduction_fp16x2_b0_r2_control_1785247531019,28,184283.109371314,184283.11076496099,184283.1100681375,0.0013936469913460314,7.1332529964856803,10630182046,true,true,5dff3859ad319cb37301e68cfc6fde00723e3a42110ca93adb44c05e97098167
softmax_whole_stage_atc_trace_v1,softmax_whole_stage_operand_rate_atc,softmax_whole_stage_operand_rate_atc_v2,20260728_operand_rate_v2_final_reduction_session03_CAB,reduction,fp16x2,20260728_operand_rate_v2_final_reduction_session03_CAB_reduction_fp16x2,0,2,20260728_operand_rate_v2_final_reduction_session03_CAB_reduction_fp16x2_b0_r2_control,control,control,20260728_operand_rate_v2_final_reduction_session03_CAB_reduction_fp16x2_b0_r2_control_1785247531019,29,184283.36458015599,184283.36596710599,184283.365273631,0.0013869499962311238,7.3884584899933543,10630250439,true,true,5dff3859ad319cb37301e68cfc6fde00723e3a42110ca93adb44c05e97098167
softmax_whole_stage_atc_trace_v1,softmax_whole_stage_operand_rate_atc,softmax_whole_stage_operand_rate_atc_v2,20260728_operand_rate_v2_final_reduction_session03_CAB,reduction,fp16x2,20260728_operand_rate_v2_final_reduction_session03_CAB_reduction_fp16x2,0,2,20260728_operand_rate_v2_final_reduction_session03_CAB_reduction_fp16x2_b0_r2_control,control,control,20260728_operand_rate_v2_final_reduction_session03_CAB_reduction_fp16x2_b0_r2_control_1785247531019,30,184283.617882372,184283.61931325399,184283.61859781301,0.0014308819954749197,7.6417826719989534,10630292748,true,true,5dff3859ad319cb37301e68cfc6fde00723e3a42110ca93adb44c05e97098167
softmax_whole_stage_atc_trace_v1,softmax_whole_stage_operand_rate_atc,softmax_whole_stage_operand_rate_atc_v2,20260728_operand_rate_v2_final_reduction_session03_CAB,reduction,fp16x2,20260728_operand_rate_v2_final_reduction_session03_CAB_reduction_fp16x2,0,2,20260728_operand_rate_v2_final_reduction_session03_CAB_reduction_fp16x2_b0_r2_control,control,control,20260728_operand_rate_v2_final_reduction_session03_CAB_reduction_fp16x2_b0_r2_control_1785247531019,31,184283.873146306,184283.878300849,184283.87572357751,0.0051545430033002049,7.8989084365020972,10630360949,true,true,5dff3859ad319cb37301e68cfc6fde00723e3a42110ca93adb44c05e97098167
softmax_whole_stage_atc_trace_v1,softmax_whole_stage_operand_rate_atc,softmax_whole_stage_operand_rate_atc_v2,20260728_operand_rate_v2_final_reduction_session03_CAB,reduction,fp16x2,20260728_operand_rate_v2_final_reduction_session03_CAB_reduction_fp16x2,0,2,20260728_operand_rate_v2_final_reduction_session03_CAB_reduction_fp16x2_b0_r2_control,control,control,20260728_operand_rate_v2_final_reduction_session03_CAB_reduction_fp16x2_b0_r2_control_1785247531019,32,184284.13211543599,184284.13349406599,184284.13280475099,0.001378629996906966,8.1559896099788602,10630406772,true,true,5dff3859ad319cb37301e68cfc6fde00723e3a42110ca93adb44c05e97098167
softmax_whole_stage_atc_trace_v1,softmax_whole_stage_operand_rate_atc,softmax_whole_stage_operand_rate_atc_v2,20260728_operand_rate_v2_final_reduction_session03_CAB,reduction,fp16x2,20260728_operand_rate_v2_final_reduction_session03_CAB_reduction_fp16x2,0,2,20260728_operand_rate_v2_final_reduction_session03_CAB_reduction_fp16x2_b0_r2_control,control,control,20260728_operand_rate_v2_final_reduction_session03_CAB_reduction_fp16x2_b0_r2_control_1785247531019,33,184284.38720475801,184284.388645887,184284.38792532252,0.0014411289885174483,8.411110181506956,10630473201,true,true,5dff3859ad319cb37301e68cfc6fde00723e3a42110ca93adb44c05e97098167
softmax_whole_stage_atc_trace_v1,softmax_whole_stage_operand_rate_atc,softmax_whole_stage_operand_rate_atc_v2,20260728_operand_rate_v2_final_reduction_session03_CAB,reduction,fp16x2,20260728_operand_rate_v2_final_reduction_session03_CAB_reduction_fp16x2,0,2,20260728_operand_rate_v2_final_reduction_session03_CAB_reduction_fp16x2_b0_r2_control,control,control,20260728_operand_rate_v2_final_reduction_session03_CAB_reduction_fp16x2_b0_r2_control_1785247531019,34,184284.639529718,184284.64091402999,184284.640221874,0.001384311995934695,8.663406732986914,10630518273,true,true,5dff3859ad319cb37301e68cfc6fde00723e3a42110ca93adb44c05e97098167
softmax_whole_stage_atc_trace_v1,softmax_whole_stage_operand_rate_atc,softmax_whole_stage_operand_rate_atc_v2,20260728_operand_rate_v2_final_reduction_session03_CAB,reduction,fp16x2,20260728_operand_rate_v2_final_reduction_session03_CAB_reduction_fp16x2,0,2,20260728_operand_rate_v2_final_reduction_session03_CAB_reduction_fp16x2_b0_r2_control,control,control,20260728_operand_rate_v2_final_reduction_session03_CAB_reduction_fp16x2_b0_r2_control_1785247531019,35,184284.89472607899,184284.89614772901,184284.89543690399,0.0014216500276234001,8.9186217629758175,10630584565,true,false,5dff3859ad319cb37301e68cfc6fde00723e3a42110ca93adb44c05e97098167
softmax_whole_stage_atc_trace_v1,softmax_whole_stage_operand_rate_atc,softmax_whole_stage_operand_rate_atc_v2,20260728_operand_rate_v2_final_reduction_session03_CAB,reduction,fp16x2,20260728_operand_rate_v2_final_reduction_session03_CAB_reduction_fp16x2,0,2,20260728_operand_rate_v2_final_reduction_session03_CAB_reduction_fp16x2_b0_r2_control,control,control,20260728_operand_rate_v2_final_reduction_session03_CAB_reduction_fp16x2_b0_r2_control_1785247531019,36,184285.149958358,184285.15130736199,184285.15063285999,0.0013490039855241776,9.1738177189836279,10630629361,true,false,5dff3859ad319cb37301e68cfc6fde00723e3a42110ca93adb44c05e97098167
softmax_whole_stage_atc_trace_v1,softmax_whole_stage_operand_rate_atc,softmax_whole_stage_operand_rate_atc_v2,20260728_operand_rate_v2_final_reduction_session03_CAB,reduction,fp16x2,20260728_operand_rate_v2_final_reduction_session03_CAB_reduction_fp16x2,0,2,20260728_operand_rate_v2_final_reduction_session03_CAB_reduction_fp16x2_b0_r2_control,control,control,20260728_operand_rate_v2_final_reduction_session03_CAB_reduction_fp16x2_b0_r2_control_1785247531019,37,184285.40525141099,184285.40690875001,184285.40608008049,0.0016573390166740865,9.4292649394774344,10630683906,true,false,5dff3859ad319cb37301e68cfc6fde00723e3a42110ca93adb44c05e97098167
softmax_whole_stage_atc_trace_v1,softmax_whole_stage_operand_rate_atc,softmax_whole_stage_operand_rate_atc_v2,20260728_operand_rate_v2_final_reduction_session03_CAB,reduction,fp16x2,20260728_operand_rate_v2_final_reduction_session03_CAB_reduction_fp16x2,0,2,20260728_operand_rate_v2_final_reduction_session03_CAB_reduction_fp16x2_b0_r2_control,control,control,20260728_operand_rate_v2_final_reduction_session03_CAB_reduction_fp16x2_b0_r2_control_1785247531019,38,184285.406921432,184285.40840507299,184285.4076632525,0.0014836409827694297,9.4308481114858296,10630683906,false,false,5dff3859ad319cb37301e68cfc6fde00723e3a42110ca93adb44c05e97098167
softmax_whole_stage_atc_trace_v1,softmax_whole_stage_operand_rate_atc,softmax_whole_stage_operand_rate_atc_v2,20260728_operand_rate_v2_final_reduction_session03_CAB,reduction,fp16x2,20260728_operand_rate_v2_final_reduction_session03_CAB_reduction_fp16x2,1,0,20260728_operand_rate_v2_final_reduction_session03_CAB_reduction_fp16x2_b1_r0_treatment,treatment,treatment,20260728_operand_rate_v2_final_reduction_session03_CAB_reduction_fp16x2_b1_r0_treatment_1785247540977,0,184286.45816681799,184286.46010824401,184286.459137531,0.0019414260168559849,0.0010460969933774322,10630816614,false,false,5dff3859ad319cb37301e68cfc6fde00723e3a42110ca93adb44c05e97098167
softmax_whole_stage_atc_trace_v1,softmax_whole_stage_operand_rate_atc,softmax_whole_stage_operand_rate_atc_v2,20260728_operand_rate_v2_final_reduction_session03_CAB,reduction,fp16x2,20260728_operand_rate_v2_final_reduction_session03_CAB_reduction_fp16x2,1,0,20260728_operand_rate_v2_final_reduction_session03_CAB_reduction_fp16x2_b1_r0_treatment,treatment,treatment,20260728_operand_rate_v2_final_reduction_session03_CAB_reduction_fp16x2_b1_r0_treatment_1785247540977,1,184286.711805169,184286.713190902,184286.71249803551,0.001385732990456745,0.25440660151070915,10630869167,true,false,5dff3859ad319cb37301e68cfc6fde00723e3a42110ca93adb44c05e97098167
softmax_whole_stage_atc_trace_v1,softmax_whole_stage_operand_rate_atc,softmax_whole_stage_operand_rate_atc_v2,20260728_operand_rate_v2_final_reduction_session03_CAB,reduction,fp16x2,20260728_operand_rate_v2_final_reduction_session03_CAB_reduction_fp16x2,1,0,20260728_operand_rate_v2_final_reduction_session03_CAB_reduction_fp16x2_b1_r0_treatment,treatment,treatment,20260728_operand_rate_v2_final_reduction_session03_CAB_reduction_fp16x2_b1_r0_treatment_1785247540977,2,184286.96572537499,184286.967117297,184286.96642133599,0.0013919220073148608,0.50832990198978223,10630907548,true,false,5dff3859ad319cb37301e68cfc6fde00723e3a42110ca93adb44c05e97098167
softmax_whole_stage_atc_trace_v1,softmax_whole_stage_operand_rate_atc,softmax_whole_stage_operand_rate_atc_v2,20260728_operand_rate_v2_final_reduction_session03_CAB,reduction,fp16x2,20260728_operand_rate_v2_final_reduction_session03_CAB_reduction_fp16x2,1,0,20260728_operand_rate_v2_final_reduction_session03_CAB_reduction_fp16x2_b1_r0_treatment,treatment,treatment,20260728_operand_rate_v2_final_reduction_session03_CAB_reduction_fp16x2_b1_r0_treatment_1785247540977,3,184287.21878226299,184287.22018230101,184287.219482282,0.0014000380178913474,0.76139084799797274,10630969446,true,true,5dff3859ad319cb37301e68cfc6fde00723e3a42110ca93adb44c05e97098167
softmax_whole_stage_atc_trace_v1,softmax_whole_stage_operand_rate_atc,softmax_whole_stage_operand_rate_atc_v2,20260728_operand_rate_v2_final_reduction_session03_CAB,reduction,fp16x2,20260728_operand_rate_v2_final_reduction_session03_CAB_reduction_fp16x2,1,0,20260728_operand_rate_v2_final_reduction_session03_CAB_reduction_fp16x2_b1_r0_treatment,treatment,treatment,20260728_operand_rate_v2_final_reduction_session03_CAB_reduction_fp16x2_b1_r0_treatment_1785247540977,4,184287.47138511899,184287.47280078201,184287.47209295048,0.0014156630204524845,1.014001516479766,10631008062,true,true,5dff3859ad319cb37301e68cfc6fde00723e3a42110ca93adb44c05e97098167
softmax_whole_stage_atc_trace_v1,softmax_whole_stage_operand_rate_atc,softmax_whole_stage_operand_rate_atc_v2,20260728_operand_rate_v2_final_reduction_session03_CAB,reduction,fp16x2,20260728_operand_rate_v2_final_reduction_session03_CAB_reduction_fp16x2,1,0,20260728_operand_rate_v2_final_reduction_session03_CAB_reduction_fp16x2_b1_r0_treatment,treatment,treatment,20260728_operand_rate_v2_final_reduction_session03_CAB_reduction_fp16x2_b1_r0_treatment_1785247540977,5,184287.72541632201,184287.72682275201,184287.72611953702,0.0014064300048630685,1.268028103018878,10631070398,true,true,5dff3859ad319cb37301e68cfc6fde00723e3a42110ca93adb44c05e97098167
softmax_whole_stage_atc_trace_v1,softmax_whole_stage_operand_rate_atc,softmax_whole_stage_operand_rate_atc_v2,20260728_operand_rate_v2_final_reduction_session03_CAB,reduction,fp16x2,20260728_operand_rate_v2_final_reduction_session03_CAB_reduction_fp16x2,1,0,20260728_operand_rate_v2_final_reduction_session03_CAB_reduction_fp16x2_b1_r0_treatment,treatment,treatment,20260728_operand_rate_v2_final_reduction_session03_CAB_reduction_fp16x2_b1_r0_treatment_1785247540977,6,184287.97947369999,184287.98086349099,184287.9801685955,0.0013897909957449883,1.5220771614986006,10631109147,true,true,5dff3859ad319cb37301e68cfc6fde00723e3a42110ca93adb44c05e97098167
softmax_whole_stage_atc_trace_v1,softmax_whole_stage_operand_rate_atc,softmax_whole_stage_operand_rate_atc_v2,20260728_operand_rate_v2_final_reduction_session03_CAB,reduction,fp16x2,20260728_operand_rate_v2_final_reduction_session03_CAB_reduction_fp16x2,1,0,20260728_operand_rate_v2_final_reduction_session03_CAB_reduction_fp16x2_b1_r0_treatment,treatment,treatment,20260728_operand_rate_v2_final_reduction_session03_CAB_reduction_fp16x2_b1_r0_treatment_1785247540977,7,184288.232308493,184288.233705386,184288.2330069395,0.0013968929997645319,1.7749155054916628,10631171355,true,true,5dff3859ad319cb37301e68cfc6fde00723e3a42110ca93adb44c05e97098167
softmax_whole_stage_atc_trace_v1,softmax_whole_stage_operand_rate_atc,softmax_whole_stage_operand_rate_atc_v2,20260728_operand_rate_v2_final_reduction_session03_CAB,reduction,fp16x2,20260728_operand_rate_v2_final_reduction_session03_CAB_reduction_fp16x2,1,0,20260728_operand_rate_v2_final_reduction_session03_CAB_reduction_fp16x2_b1_r0_treatment,treatment,treatment,20260728_operand_rate_v2_final_reduction_session03_CAB_reduction_fp16x2_b1_r0_treatment_1785247540977,8,184288.48641061599,184288.487922259,184288.4871664375,0.0015116430004127324,2.0290750034910161,10631210124,true,true,5dff3859ad319cb37301e68cfc6fde00723e3a42110ca93adb44c05e97098167
softmax_whole_stage_atc_trace_v1,softmax_whole_stage_operand_rate_atc,softmax_whole_stage_operand_rate_atc_v2,20260728_operand_rate_v2_final_reduction_session03_CAB,reduction,fp16x2,20260728_operand_rate_v2_final_reduction_session03_CAB_reduction_fp16x2,1,0,20260728_operand_rate_v2_final_reduction_session03_CAB_reduction_fp16x2_b1_r0_treatment,treatment,treatment,20260728_operand_rate_v2_final_reduction_session03_CAB_reduction_fp16x2_b1_r0_treatment_1785247540977,9,184288.73939668399,184288.74078180801,184288.74008924601,0.0013851240219082683,2.2819978120096494,10631272261,true,true,5dff3859ad319cb37301e68cfc6fde00723e3a42110ca93adb44c05e97098167
softmax_whole_stage_atc_trace_v1,softmax_whole_stage_operand_rate_atc,softmax_whole_stage_operand_rate_atc_v2,20260728_operand_rate_v2_final_reduction_session03_CAB,reduction,fp16x2,20260728_operand_rate_v2_final_reduction_session03_CAB_reduction_fp16x2,1,0,20260728_operand_rate_v2_final_reduction_session03_CAB_reduction_fp16x2_b1_r0_treatment,treatment,treatment,20260728_operand_rate_v2_final_reduction_session03_CAB_reduction_fp16x2_b1_r0_treatment_1785247540977,10,184288.99355491399,184288.99493394999,184288.99424443199,0.0013790359953418374,2.5361529979854822,10631311018,true,true,5dff3859ad319cb37301e68cfc6fde00723e3a42110ca93adb44c05e97098167
softmax_whole_stage_atc_trace_v1,softmax_whole_stage_operand_rate_atc,softmax_whole_stage_operand_rate_atc_v2,20260728_operand_rate_v2_final_reduction_session03_CAB,reduction,fp16x2,20260728_operand_rate_v2_final_reduction_session03_CAB_reduction_fp16x2,1,0,20260728_operand_rate_v2_final_reduction_session03_CAB_reduction_fp16x2_b1_r0_treatment,treatment,treatment,20260728_operand_rate_v2_final_reduction_session03_CAB_reduction_fp16x2_b1_r0_treatment_1785247540977,11,184289.24519421099,184289.24653560499,184289.24586490798,0.0013413940032478422,2.7877734739740845,10631373170,true,true,5dff3859ad319cb37301e68cfc6fde00723e3a42110ca93adb44c05e97098167
softmax_whole_stage_atc_trace_v1,softmax_whole_stage_operand_rate_atc,softmax_whole_stage_operand_rate_atc_v2,20260728_operand_rate_v2_final_reduction_session03_CAB,reduction,fp16x2,20260728_operand_rate_v2_final_reduction_session03_CAB_reduction_fp16x2,1,0,20260728_operand_rate_v2_final_reduction_session03_CAB_reduction_fp16x2_b1_r0_treatment,treatment,treatment,20260728_operand_rate_v2_final_reduction_session03_CAB_reduction_fp16x2_b1_r0_treatment_1785247540977,12,184289.499330994,184289.50067136899,184289.5000011815,0.0013403749908320606,3.0419097474950831,10631412319,true,true,5dff3859ad319cb37301e68cfc6fde00723e3a42110ca93adb44c05e97098167
softmax_whole_stage_atc_trace_v1,softmax_whole_stage_operand_rate_atc,softmax_whole_stage_operand_rate_atc_v2,20260728_operand_rate_v2_final_reduction_session03_CAB,reduction,fp16x2,20260728_operand_rate_v2_final_reduction_session03_CAB_reduction_fp16x2,1,0,20260728_operand_rate_v2_final_reduction_session03_CAB_reduction_fp16x2_b1_r0_treatment,treatment,treatment,20260728_operand_rate_v2_final_reduction_session03_CAB_reduction_fp16x2_b1_r0_treatment_1785247540977,13,184289.75350542401,184289.754931214,184289.75421831902,0.0014257899892982095,3.2961268850194756,10631474786,true,true,5dff3859ad319cb37301e68cfc6fde00723e3a42110ca93adb44c05e97098167
softmax_whole_stage_atc_trace_v1,softmax_whole_stage_operand_rate_atc,softmax_whole_stage_operand_rate_atc_v2,20260728_operand_rate_v2_final_reduction_session03_CAB,reduction,fp16x2,20260728_operand_rate_v2_final_reduction_session03_CAB_reduction_fp16x2,1,0,20260728_operand_rate_v2_final_reduction_session03_CAB_reduction_fp16x2_b1_r0_treatment,treatment,treatment,20260728_operand_rate_v2_final_reduction_session03_CAB_reduction_fp16x2_b1_r0_treatment_1785247540977,14,184290.007819947,184290.009335718,184290.00857783249,0.0015157710004132241,3.5504863984824624,10631513549,true,true,5dff3859ad319cb37301e68cfc6fde00723e3a42110ca93adb44c05e97098167
softmax_whole_stage_atc_trace_v1,softmax_whole_stage_operand_rate_atc,softmax_whole_stage_operand_rate_atc_v2,20260728_operand_rate_v2_final_reduction_session03_CAB,reduction,fp16x2,20260728_operand_rate_v2_final_reduction_session03_CAB_reduction_fp16x2,1,0,20260728_operand_rate_v2_final_reduction_session03_CAB_reduction_fp16x2_b1_r0_treatment,treatment,treatment,20260728_operand_rate_v2_final_reduction_session03_CAB_reduction_fp16x2_b1_r0_treatment_1785247540977,15,184290.259749024,184290.26117106,184290.26046004199,0.0014220360026229173,3.802368607983226,10631575551,true,true,5dff3859ad319cb37301e68cfc6fde00723e3a42110ca93adb44c05e97098167
softmax_whole_stage_atc_trace_v1,softmax_whole_stage_operand_rate_atc,softmax_whole_stage_operand_rate_atc_v2,20260728_operand_rate_v2_final_reduction_session03_CAB,reduction,fp16x2,20260728_operand_rate_v2_final_reduction_session03_CAB_reduction_fp16x2,1,0,20260728_operand_rate_v2_final_reduction_session03_CAB_reduction_fp16x2_b1_r0_treatment,treatment,treatment,20260728_operand_rate_v2_final_reduction_session03_CAB_reduction_fp16x2_b1_r0_treatment_1785247540977,16,184290.51227073401,184290.51368708999,184290.51297891198,0.0014163559826556593,4.0548874779778998,10631614412,true,true,5dff3859ad319cb37301e68cfc6fde00723e3a42110ca93adb44c05e97098167
softmax_whole_stage_atc_trace_v1,softmax_whole_stage_operand_rate_atc,softmax_whole_stage_operand_rate_atc_v2,20260728_operand_rate_v2_final_reduction_session03_CAB,reduction,fp16x2,20260728_operand_rate_v2_final_reduction_session03_CAB_reduction_fp16x2,1,0,20260728_operand_rate_v2_final_reduction_session03_CAB_reduction_fp16x2_b1_r0_treatment,treatment,treatment,20260728_operand_rate_v2_final_reduction_session03_CAB_reduction_fp16x2_b1_r0_treatment_1785247540977,17,184290.764836166,184290.76627402799,184290.76555509699,0.0014378619962371886,4.3074636629899032,10631676993,true,true,5dff3859ad319cb37301e68cfc6fde00723e3a42110ca93adb44c05e97098167
softmax_whole_stage_atc_trace_v1,softmax_whole_stage_operand_rate_atc,softmax_whole_stage_operand_rate_atc_v2,20260728_operand_rate_v2_final_reduction_session03_CAB,reduction,fp16x2,20260728_operand_rate_v2_final_reduction_session03_CAB_reduction_fp16x2,1,0,20260728_operand_rate_v2_final_reduction_session03_CAB_reduction_fp16x2_b1_r0_treatment,treatment,treatment,20260728_operand_rate_v2_final_reduction_session03_CAB_reduction_fp16x2_b1_r0_treatment_1785247540977,18,184291.019280131,184291.02069567601,184291.01998790351,0.0014155450044199824,4.5618964695022441,10631716327,true,true,5dff3859ad319cb37301e68cfc6fde00723e3a42110ca93adb44c05e97098167
softmax_whole_stage_atc_trace_v1,softmax_whole_stage_operand_rate_atc,softmax_whole_stage_operand_rate_atc_v2,20260728_operand_rate_v2_final_reduction_session03_CAB,reduction,fp16x2,20260728_operand_rate_v2_final_reduction_session03_CAB_reduction_fp16x2,1,0,20260728_operand_rate_v2_final_reduction_session03_CAB_reduction_fp16x2_b1_r0_treatment,treatment,treatment,20260728_operand_rate_v2_final_reduction_session03_CAB_reduction_fp16x2_b1_r0_treatment_1785247540977,19,184291.271231119,184291.27265751801,184291.27194431849,0.0014263990160543472,4.8138528844865505,10631779106,true,true,5dff3859ad319cb37301e68cfc6fde00723e3a42110ca93adb44c05e97098167
softmax_whole_stage_atc_trace_v1,softmax_whole_stage_operand_rate_atc,softmax_whole_stage_operand_rate_atc_v2,20260728_operand_rate_v2_final_reduction_session03_CAB,reduction,fp16x2,20260728_operand_rate_v2_final_reduction_session03_CAB_reduction_fp16x2,1,0,20260728_operand_rate_v2_final_reduction_session03_CAB_reduction_fp16x2_b1_r0_treatment,treatment,treatment,20260728_operand_rate_v2_final_reduction_session03_CAB_reduction_fp16x2_b1_r0_treatment_1785247540977,20,184291.52571201001,184291.52711588901,184291.5264139495,0.0014038789959158748,5.0683225154934917,10631818669,true,true,5dff3859ad319cb37301e68cfc6fde00723e3a42110ca93adb44c05e97098167
softmax_whole_stage_atc_trace_v1,softmax_whole_stage_operand_rate_atc,softmax_whole_stage_operand_rate_atc_v2,20260728_operand_rate_v2_final_reduction_session03_CAB,reduction,fp16x2,20260728_operand_rate_v2_final_reduction_session03_CAB_reduction_fp16x2,1,0,20260728_operand_rate_v2_final_reduction_session03_CAB_reduction_fp16x2_b1_r0_treatment,treatment,treatment,20260728_operand_rate_v2_final_reduction_session03_CAB_reduction_fp16x2_b1_r0_treatment_1785247540977,21,184291.780248289,184291.78176253801,184291.7810054135,0.0015142490155994892,5.3229139795002993,10631881612,true,true,5dff3859ad319cb37301e68cfc6fde00723e3a42110ca93adb44c05e97098167
softmax_whole_stage_atc_trace_v1,softmax_whole_stage_operand_rate_atc,softmax_whole_stage_operand_rate_atc_v2,20260728_operand_rate_v2_final_reduction_session03_CAB,reduction,fp16x2,20260728_operand_rate_v2_final_reduction_session03_CAB_reduction_fp16x2,1,0,20260728_operand_rate_v2_final_reduction_session03_CAB_reduction_fp16x2_b1_r0_treatment,treatment,treatment,20260728_operand_rate_v2_final_reduction_session03_CAB_reduction_fp16x2_b1_r0_treatment_1785247540977,22,184292.03491958999,184292.03629019501,184292.0356048925,0.001370605023112148,5.5775134584982879,10631920827,true,true,5dff3859ad319cb37301e68cfc6fde00723e3a42110ca93adb44c05e97098167
softmax_whole_stage_atc_trace_v1,softmax_whole_stage_operand_rate_atc,softmax_whole_stage_operand_rate_atc_v2,20260728_operand_rate_v2_final_reduction_session03_CAB,reduction,fp16x2,20260728_operand_rate_v2_final_reduction_session03_CAB_reduction_fp16x2,1,0,20260728_operand_rate_v2_final_reduction_session03_CAB_reduction_fp16x2_b1_r0_treatment,treatment,treatment,20260728_operand_rate_v2_final_reduction_session03_CAB_reduction_fp16x2_b1_r0_treatment_1785247540977,23,184292.28704810399,184292.288445085,184292.28774659449,0.001396981009747833,5.8296551604871638,10631983326,true,true,5dff3859ad319cb37301e68cfc6fde00723e3a42110ca93adb44c05e97098167
softmax_whole_stage_atc_trace_v1,softmax_whole_stage_operand_rate_atc,softmax_whole_stage_operand_rate_atc_v2,20260728_operand_rate_v2_final_reduction_session03_CAB,reduction,fp16x2,20260728_operand_rate_v2_final_reduction_session03_CAB_reduction_fp16x2,1,0,20260728_operand_rate_v2_final_reduction_session03_CAB_reduction_fp16x2_b1_r0_treatment,treatment,treatment,20260728_operand_rate_v2_final_reduction_session03_CAB_reduction_fp16x2_b1_r0_treatment_1785247540977,24,184292.53984523399,184292.54125154699,184292.54054839048,0.0014063130074646324,6.082456956472015,10632022575,true,true,5dff3859ad319cb37301e68cfc6fde00723e3a42110ca93adb44c05e97098167
softmax_whole_stage_atc_trace_v1,softmax_whole_stage_operand_rate_atc,softmax_whole_stage_operand_rate_atc_v2,20260728_operand_rate_v2_final_reduction_session03_CAB,reduction,fp16x2,20260728_operand_rate_v2_final_reduction_session03_CAB_reduction_fp16x2,1,0,20260728_operand_rate_v2_final_reduction_session03_CAB_reduction_fp16x2_b1_r0_treatment,treatment,treatment,20260728_operand_rate_v2_final_reduction_session03_CAB_reduction_fp16x2_b1_r0_treatment_1785247540977,25,184292.79151360001,184292.79294507101,184292.79222933552,0.0014314709987957031,6.3341379015182611,10632085516,true,true,5dff3859ad319cb37301e68cfc6fde00723e3a42110ca93adb44c05e97098167
softmax_whole_stage_atc_trace_v1,softmax_whole_stage_operand_rate_atc,softmax_whole_stage_operand_rate_atc_v2,20260728_operand_rate_v2_final_reduction_session03_CAB,reduction,fp16x2,20260728_operand_rate_v2_final_reduction_session03_CAB_reduction_fp16x2,1,0,20260728_operand_rate_v2_final_reduction_session03_CAB_reduction_fp16x2_b1_r0_treatment,treatment,treatment,20260728_operand_rate_v2_final_reduction_session03_CAB_reduction_fp16x2_b1_r0_treatment_1785247540977,26,184293.04622426099,184293.04750833401,184293.04686629749,0.0012840730196330696,6.5887748634850141,10632125273,true,true,5dff3859ad319cb37301e68cfc6fde00723e3a42110ca93adb44c05e97098167
softmax_whole_stage_atc_trace_v1,softmax_whole_stage_operand_rate_atc,softmax_whole_stage_operand_rate_atc_v2,20260728_operand_rate_v2_final_reduction_session03_CAB,reduction,fp16x2,20260728_operand_rate_v2_final_reduction_session03_CAB_reduction_fp16x2,1,0,20260728_operand_rate_v2_final_reduction_session03_CAB_reduction_fp16x2_b1_r0_treatment,treatment,treatment,20260728_operand_rate_v2_final_reduction_session03_CAB_reduction_fp16x2_b1_r0_treatment_1785247540977,27,184293.297729201,184293.29914342699,184293.29843631398,0.0014142259897198528,6.8403448799799662,10632188308,true,true,5dff3859ad319cb37301e68cfc6fde00723e3a42110ca93adb44c05e97098167
softmax_whole_stage_atc_trace_v1,softmax_whole_stage_operand_rate_atc,softmax_whole_stage_operand_rate_atc_v2,20260728_operand_rate_v2_final_reduction_session03_CAB,reduction,fp16x2,20260728_operand_rate_v2_final_reduction_session03_CAB_reduction_fp16x2,1,0,20260728_operand_rate_v2_final_reduction_session03_CAB_reduction_fp16x2_b1_r0_treatment,treatment,treatment,20260728_operand_rate_v2_final_reduction_session03_CAB_reduction_fp16x2_b1_r0_treatment_1785247540977,28,184293.55248733799,184293.553948532,184293.553217935,0.0014611940132454038,7.0951265009935014,10632228218,true,true,5dff3859ad319cb37301e68cfc6fde00723e3a42110ca93adb44c05e97098167
softmax_whole_stage_atc_trace_v1,softmax_whole_stage_operand_rate_atc,softmax_whole_stage_operand_rate_atc_v2,20260728_operand_rate_v2_final_reduction_session03_CAB,reduction,fp16x2,20260728_operand_rate_v2_final_reduction_session03_CAB_reduction_fp16x2,1,0,20260728_operand_rate_v2_final_reduction_session03_CAB_reduction_fp16x2_b1_r0_treatment,treatment,treatment,20260728_operand_rate_v2_final_reduction_session03_CAB_reduction_fp16x2_b1_r0_treatment_1785247540977,29,184293.80735158399,184293.80870960999,184293.80803059699,0.0013580259983427823,7.3499391629884485,10632291353,true,true,5dff3859ad319cb37301e68cfc6fde00723e3a42110ca93adb44c05e97098167
softmax_whole_stage_atc_trace_v1,softmax_whole_stage_operand_rate_atc,softmax_whole_stage_operand_rate_atc_v2,20260728_operand_rate_v2_final_reduction_session03_CAB,reduction,fp16x2,20260728_operand_rate_v2_final_reduction_session03_CAB_reduction_fp16x2,1,0,20260728_operand_rate_v2_final_reduction_session03_CAB_reduction_fp16x2_b1_r0_treatment,treatment,treatment,20260728_operand_rate_v2_final_reduction_session03_CAB_reduction_fp16x2_b1_r0_treatment_1785247540977,30,184294.06226563899,184294.06367530001,184294.0629704695,0.0014096610248088837,7.6048790354980156,10632330677,true,true,5dff3859ad319cb37301e68cfc6fde00723e3a42110ca93adb44c05e97098167
softmax_whole_stage_atc_trace_v1,softmax_whole_stage_operand_rate_atc,softmax_whole_stage_operand_rate_atc_v2,20260728_operand_rate_v2_final_reduction_session03_CAB,reduction,fp16x2,20260728_operand_rate_v2_final_reduction_session03_CAB_reduction_fp16x2,1,0,20260728_operand_rate_v2_final_reduction_session03_CAB_reduction_fp16x2_b1_r0_treatment,treatment,treatment,20260728_operand_rate_v2_final_reduction_session03_CAB_reduction_fp16x2_b1_r0_treatment_1785247540977,31,184294.313884298,184294.31525743901,184294.3145708685,0.001373141014482826,7.8564794345002156,10632393167,true,true,5dff3859ad319cb37301e68cfc6fde00723e3a42110ca93adb44c05e97098167
softmax_whole_stage_atc_trace_v1,softmax_whole_stage_operand_rate_atc,softmax_whole_stage_operand_rate_atc_v2,20260728_operand_rate_v2_final_reduction_session03_CAB,reduction,fp16x2,20260728_operand_rate_v2_final_reduction_session03_CAB_reduction_fp16x2,1,0,20260728_operand_rate_v2_final_reduction_session03_CAB_reduction_fp16x2_b1_r0_treatment,treatment,treatment,20260728_operand_rate_v2_final_reduction_session03_CAB_reduction_fp16x2_b1_r0_treatment_1785247540977,32,184294.568844814,184294.570274155,184294.56955948449,0.0014293410058598965,8.1114680504833814,10632432635,true,true,5dff3859ad319cb37301e68cfc6fde00723e3a42110ca93adb44c05e97098167
softmax_whole_stage_atc_trace_v1,softmax_whole_stage_operand_rate_atc,softmax_whole_stage_operand_rate_atc_v2,20260728_operand_rate_v2_final_reduction_session03_CAB,reduction,fp16x2,20260728_operand_rate_v2_final_reduction_session03_CAB_reduction_fp16x2,1,0,20260728_operand_rate_v2_final_reduction_session03_CAB_reduction_fp16x2_b1_r0_treatment,treatment,treatment,20260728_operand_rate_v2_final_reduction_session03_CAB_reduction_fp16x2_b1_r0_treatment_1785247540977,33,184294.82046529901,184294.82190001701,184294.82118265802,0.001434717996744439,8.3630912240187172,10632495339,true,true,5dff3859ad319cb37301e68cfc6fde00723e3a42110ca93adb44c05e97098167
softmax_whole_stage_atc_trace_v1,softmax_whole_stage_operand_rate_atc,softmax_whole_stage_operand_rate_atc_v2,20260728_operand_rate_v2_final_reduction_session03_CAB,reduction,fp16x2,20260728_operand_rate_v2_final_reduction_session03_CAB_reduction_fp16x2,1,0,20260728_operand_rate_v2_final_reduction_session03_CAB_reduction_fp16x2_b1_r0_treatment,treatment,treatment,20260728_operand_rate_v2_final_reduction_session03_CAB_reduction_fp16x2_b1_r0_treatment_1785247540977,34,184295.07250626801,184295.07528085299,184295.0738935605,0.0027745849802158773,8.6158021265000571,10632534903,true,true,5dff3859ad319cb37301e68cfc6fde00723e3a42110ca93adb44c05e97098167
softmax_whole_stage_atc_trace_v1,softmax_whole_stage_operand_rate_atc,softmax_whole_stage_operand_rate_atc_v2,20260728_operand_rate_v2_final_reduction_session03_CAB,reduction,fp16x2,20260728_operand_rate_v2_final_reduction_session03_CAB_reduction_fp16x2,1,0,20260728_operand_rate_v2_final_reduction_session03_CAB_reduction_fp16x2_b1_r0_treatment,treatment,treatment,20260728_operand_rate_v2_final_reduction_session03_CAB_reduction_fp16x2_b1_r0_treatment_1785247540977,35,184295.32654527001,184295.32787407999,184295.32720967499,0.0013288099726196378,8.8691182409820613,10632598037,true,true,5dff3859ad319cb37301e68cfc6fde00723e3a42110ca93adb44c05e97098167
softmax_whole_stage_atc_trace_v1,softmax_whole_stage_operand_rate_atc,softmax_whole_stage_operand_rate_atc_v2,20260728_operand_rate_v2_final_reduction_session03_CAB,reduction,fp16x2,20260728_operand_rate_v2_final_reduction_session03_CAB_reduction_fp16x2,1,0,20260728_operand_rate_v2_final_reduction_session03_CAB_reduction_fp16x2_b1_r0_treatment,treatment,treatment,20260728_operand_rate_v2_final_reduction_session03_CAB_reduction_fp16x2_b1_r0_treatment_1785247540977,36,184295.57891562601,184295.58226316501,184295.58058939551,0.0033475389936938882,9.1224979615071788,10632637871,true,true,5dff3859ad319cb37301e68cfc6fde00723e3a42110ca93adb44c05e97098167
softmax_whole_stage_atc_trace_v1,softmax_whole_stage_operand_rate_atc,softmax_whole_stage_operand_rate_atc_v2,20260728_operand_rate_v2_final_reduction_session03_CAB,reduction,fp16x2,20260728_operand_rate_v2_final_reduction_session03_CAB_reduction_fp16x2,1,0,20260728_operand_rate_v2_final_reduction_session03_CAB_reduction_fp16x2_b1_r0_treatment,treatment,treatment,20260728_operand_rate_v2_final_reduction_session03_CAB_reduction_fp16x2_b1_r0_treatment_1785247540977,37,184295.83240328301,184295.833898663,184295.83315097302,0.0014953799836803228,9.3750595390156377,10632701055,true,true,5dff3859ad319cb37301e68cfc6fde00723e3a42110ca93adb44c05e97098167
softmax_whole_stage_atc_trace_v1,softmax_whole_stage_operand_rate_atc,softmax_whole_stage_operand_rate_atc_v2,20260728_operand_rate_v2_final_reduction_session03_CAB,reduction,fp16x2,20260728_operand_rate_v2_final_reduction_session03_CAB_reduction_fp16x2,1,0,20260728_operand_rate_v2_final_reduction_session03_CAB_reduction_fp16x2_b1_r0_treatment,treatment,treatment,20260728_operand_rate_v2_final_reduction_session03_CAB_reduction_fp16x2_b1_r0_treatment_1785247540977,38,184296.08527193,184296.089363659,184296.0873177945,0.0040917290025390685,9.6292263604991604,10632741157,true,true,5dff3859ad319cb37301e68cfc6fde00723e3a42110ca93adb44c05e97098167
softmax_whole_stage_atc_trace_v1,softmax_whole_stage_operand_rate_atc,softmax_whole_stage_operand_rate_atc_v2,20260728_operand_rate_v2_final_reduction_session03_CAB,reduction,fp16x2,20260728_operand_rate_v2_final_reduction_session03_CAB_reduction_fp16x2,1,0,20260728_operand_rate_v2_final_reduction_session03_CAB_reduction_fp16x2_b1_r0_treatment,treatment,treatment,20260728_operand_rate_v2_final_reduction_session03_CAB_reduction_fp16x2_b1_r0_treatment_1785247540977,39,184296.342391877,184296.34380559501,184296.34309873602,0.001413718011463061,9.8850073020148557,10632804431,true,true,5dff3859ad319cb37301e68cfc6fde00723e3a42110ca93adb44c05e97098167
softmax_whole_stage_atc_trace_v1,softmax_whole_stage_operand_rate_atc,softmax_whole_stage_operand_rate_atc_v2,20260728_operand_rate_v2_final_reduction_session03_CAB,reduction,fp16x2,20260728_operand_rate_v2_final_reduction_session03_CAB_reduction_fp16x2,1,0,20260728_operand_rate_v2_final_reduction_session03_CAB_reduction_fp16x2_b1_r0_treatment,treatment,treatment,20260728_operand_rate_v2_final_reduction_session03_CAB_reduction_fp16x2_b1_r0_treatment_1785247540977,40,184296.59606000199,184296.59743202699,184296.59674601449,0.0013720249990001321,10.138654580485309,10632843922,true,true,5dff3859ad319cb37301e68cfc6fde00723e3a42110ca93adb44c05e97098167
softmax_whole_stage_atc_trace_v1,softmax_whole_stage_operand_rate_atc,softmax_whole_stage_operand_rate_atc_v2,20260728_operand_rate_v2_final_reduction_session03_CAB,reduction,fp16x2,20260728_operand_rate_v2_final_reduction_session03_CAB_reduction_fp16x2,1,0,20260728_operand_rate_v2_final_reduction_session03_CAB_reduction_fp16x2_b1_r0_treatment,treatment,treatment,20260728_operand_rate_v2_final_reduction_session03_CAB_reduction_fp16x2_b1_r0_treatment_1785247540977,41,184296.84764701,184296.84902015101,184296.84833358051,0.001373141014482826,10.390242146502715,10632906902,true,true,5dff3859ad319cb37301e68cfc6fde00723e3a42110ca93adb44c05e97098167
softmax_whole_stage_atc_trace_v1,softmax_whole_stage_operand_rate_atc,softmax_whole_stage_operand_rate_atc_v2,20260728_operand_rate_v2_final_reduction_session03_CAB,reduction,fp16x2,20260728_operand_rate_v2_final_reduction_session03_CAB_reduction_fp16x2,1,0,20260728_operand_rate_v2_final_reduction_session03_CAB_reduction_fp16x2_b1_r0_treatment,treatment,treatment,20260728_operand_rate_v2_final_reduction_session03_CAB_reduction_fp16x2_b1_r0_treatment_1785247540977,42,184297.10131310599,184297.103666496,184297.10248980101,0.0023533900093752891,10.644398367003305,10632946733,true,true,5dff3859ad319cb37301e68cfc6fde00723e3a42110ca93adb44c05e97098167
softmax_whole_stage_atc_trace_v1,softmax_whole_stage_operand_rate_atc,softmax_whole_stage_operand_rate_atc_v2,20260728_operand_rate_v2_final_reduction_session03_CAB,reduction,fp16x2,20260728_operand_rate_v2_final_reduction_session03_CAB_reduction_fp16x2,1,0,20260728_operand_rate_v2_final_reduction_session03_CAB_reduction_fp16x2_b1_r0_treatment,treatment,treatment,20260728_operand_rate_v2_final_reduction_session03_CAB_reduction_fp16x2_b1_r0_treatment_1785247540977,43,184297.357414403,184297.35878023799,184297.35809732048,0.0013658349926117808,10.90000588647672,10633009866,true,true,5dff3859ad319cb37301e68cfc6fde00723e3a42110ca93adb44c05e97098167
softmax_whole_stage_atc_trace_v1,softmax_whole_stage_operand_rate_atc,softmax_whole_stage_operand_rate_atc_v2,20260728_operand_rate_v2_final_reduction_session03_CAB,reduction,fp16x2,20260728_operand_rate_v2_final_reduction_session03_CAB_reduction_fp16x2,1,0,20260728_operand_rate_v2_final_reduction_session03_CAB_reduction_fp16x2_b1_r0_treatment,treatment,treatment,20260728_operand_rate_v2_final_reduction_session03_CAB_reduction_fp16x2_b1_r0_treatment_1785247540977,44,184297.60896214101,184297.610555074,184297.60975860752,0.0015929329965729266,11.151667173515307,10633049127,true,true,5dff3859ad319cb37301e68cfc6fde00723e3a42110ca93adb44c05e97098167
softmax_whole_stage_atc_trace_v1,softmax_whole_stage_operand_rate_atc,softmax_whole_stage_operand_rate_atc_v2,20260728_operand_rate_v2_final_reduction_session03_CAB,reduction,fp16x2,20260728_operand_rate_v2_final_reduction_session03_CAB_reduction_fp16x2,1,0,20260728_operand_rate_v2_final_reduction_session03_CAB_reduction_fp16x2_b1_r0_treatment,treatment,treatment,20260728_operand_rate_v2_final_reduction_session03_CAB_reduction_fp16x2_b1_r0_treatment_1785247540977,45,184297.86385627699,184297.86519471399,184297.8645254955,0.0013384369958657771,11.406434061500477,10633112230,true,true,5dff3859ad319cb37301e68cfc6fde00723e3a42110ca93adb44c05e97098167
softmax_whole_stage_atc_trace_v1,softmax_whole_stage_operand_rate_atc,softmax_whole_stage_operand_rate_atc_v2,20260728_operand_rate_v2_final_reduction_session03_CAB,reduction,fp16x2,20260728_operand_rate_v2_final_reduction_session03_CAB_reduction_fp16x2,1,0,20260728_operand_rate_v2_final_reduction_session03_CAB_reduction_fp16x2_b1_r0_treatment,treatment,treatment,20260728_operand_rate_v2_final_reduction_session03_CAB_reduction_fp16x2_b1_r0_treatment_1785247540977,46,184298.11772573201,184298.11912586499,184298.11842579849,0.0014001329836901277,11.660334364481969,10633151603,true,true,5dff3859ad319cb37301e68cfc6fde00723e3a42110ca93adb44c05e97098167
softmax_whole_stage_atc_trace_v1,softmax_whole_stage_operand_rate_atc,softmax_whole_stage_operand_rate_atc_v2,20260728_operand_rate_v2_final_reduction_session03_CAB,reduction,fp16x2,20260728_operand_rate_v2_final_reduction_session03_CAB_reduction_fp16x2,1,0,20260728_operand_rate_v2_final_reduction_session03_CAB_reduction_fp16x2_b1_r0_treatment,treatment,treatment,20260728_operand_rate_v2_final_reduction_session03_CAB_reduction_fp16x2_b1_r0_treatment_1785247540977,47,184298.37292966599,184298.374336293,184298.37363297949,0.0014066270086914301,11.91554154548794,10633214341,true,true,5dff3859ad319cb37301e68cfc6fde00723e3a42110ca93adb44c05e97098167
softmax_whole_stage_atc_trace_v1,softmax_whole_stage_operand_rate_atc,softmax_whole_stage_operand_rate_atc_v2,20260728_operand_rate_v2_final_reduction_session03_CAB,reduction,fp16x2,20260728_operand_rate_v2_final_reduction_session03_CAB_reduction_fp16x2,1,0,20260728_operand_rate_v2_final_reduction_session03_CAB_reduction_fp16x2_b1_r0_treatment,treatment,treatment,20260728_operand_rate_v2_final_reduction_session03_CAB_reduction_fp16x2_b1_r0_treatment_1785247540977,48,184298.62697791701,184298.62834050501,184298.62765921099,0.0013625879946630448,12.169567776989425,10633253257,true,true,5dff3859ad319cb37301e68cfc6fde00723e3a42110ca93adb44c05e97098167
softmax_whole_stage_atc_trace_v1,softmax_whole_stage_operand_rate_atc,softmax_whole_stage_operand_rate_atc_v2,20260728_operand_rate_v2_final_reduction_session03_CAB,reduction,fp16x2,20260728_operand_rate_v2_final_reduction_session03_CAB_reduction_fp16x2,1,0,20260728_operand_rate_v2_final_reduction_session03_CAB_reduction_fp16x2_b1_r0_treatment,treatment,treatment,20260728_operand_rate_v2_final_reduction_session03_CAB_reduction_fp16x2_b1_r0_treatment_1785247540977,49,184298.87856066399,184298.87991645301,184298.8792385585,0.0013557890197262168,12.421147124492563,10633315616,true,true,5dff3859ad319cb37301e68cfc6fde00723e3a42110ca93adb44c05e97098167
softmax_whole_stage_atc_trace_v1,softmax_whole_stage_operand_rate_atc,softmax_whole_stage_operand_rate_atc_v2,20260728_operand_rate_v2_final_reduction_session03_CAB,reduction,fp16x2,20260728_operand_rate_v2_final_reduction_session03_CAB_reduction_fp16x2,1,0,20260728_operand_rate_v2_final_reduction_session03_CAB_reduction_fp16x2_b1_r0_treatment,treatment,treatment,20260728_operand_rate_v2_final_reduction_session03_CAB_reduction_fp16x2_b1_r0_treatment_1785247540977,50,184299.13261013301,184299.13402173301,184299.133315933,0.0014116000093054026,12.675224498991156,10633354951,true,true,5dff3859ad319cb37301e68cfc6fde00723e3a42110ca93adb44c05e97098167
softmax_whole_stage_atc_trace_v1,softmax_whole_stage_operand_rate_atc,softmax_whole_stage_operand_rate_atc_v2,20260728_operand_rate_v2_final_reduction_session03_CAB,reduction,fp16x2,20260728_operand_rate_v2_final_reduction_session03_CAB_reduction_fp16x2,1,0,20260728_operand_rate_v2_final_reduction_session03_CAB_reduction_fp16x2_b1_r0_treatment,treatment,treatment,20260728_operand_rate_v2_final_reduction_session03_CAB_reduction_fp16x2_b1_r0_treatment_1785247540977,51,184299.387810313,184299.38918467201,184299.3884974925,0.0013743590097874403,12.930406058498193,10633417699,true,true,5dff3859ad319cb37301e68cfc6fde00723e3a42110ca93adb44c05e97098167
softmax_whole_stage_atc_trace_v1,softmax_whole_stage_operand_rate_atc,softmax_whole_stage_operand_rate_atc_v2,20260728_operand_rate_v2_final_reduction_session03_CAB,reduction,fp16x2,20260728_operand_rate_v2_final_reduction_session03_CAB_reduction_fp16x2,1,0,20260728_operand_rate_v2_final_reduction_session03_CAB_reduction_fp16x2_b1_r0_treatment,treatment,treatment,20260728_operand_rate_v2_final_reduction_session03_CAB_reduction_fp16x2_b1_r0_treatment_1785247540977,52,184299.641999004,184299.643433841,184299.6427164225,0.0014348370023071766,13.184624988498399,10633456670,true,false,5dff3859ad319cb37301e68cfc6fde00723e3a42110ca93adb44c05e97098167
softmax_whole_stage_atc_trace_v1,softmax_whole_stage_operand_rate_atc,softmax_whole_stage_operand_rate_atc_v2,20260728_operand_rate_v2_final_reduction_session03_CAB,reduction,fp16x2,20260728_operand_rate_v2_final_reduction_session03_CAB_reduction_fp16x2,1,0,20260728_operand_rate_v2_final_reduction_session03_CAB_reduction_fp16x2_b1_r0_treatment,treatment,treatment,20260728_operand_rate_v2_final_reduction_session03_CAB_reduction_fp16x2_b1_r0_treatment_1785247540977,53,184299.89727914499,184299.89867430599,184299.89797672548,0.0013951610017102212,13.439885291474639,10633519044,true,false,5dff3859ad319cb37301e68cfc6fde00723e3a42110ca93adb44c05e97098167
softmax_whole_stage_atc_trace_v1,softmax_whole_stage_operand_rate_atc,softmax_whole_stage_operand_rate_atc_v2,20260728_operand_rate_v2_final_reduction_session03_CAB,reduction,fp16x2,20260728_operand_rate_v2_final_reduction_session03_CAB_reduction_fp16x2,1,0,20260728_operand_rate_v2_final_reduction_session03_CAB_reduction_fp16x2_b1_r0_treatment,treatment,treatment,20260728_operand_rate_v2_final_reduction_session03_CAB_reduction_fp16x2_b1_r0_treatment_1785247540977,54,184300.14893708401,184300.15027815901,184300.14960762151,0.0013410749961622059,13.691516187507659,10633552898,true,false,5dff3859ad319cb37301e68cfc6fde00723e3a42110ca93adb44c05e97098167
softmax_whole_stage_atc_trace_v1,softmax_whole_stage_operand_rate_atc,softmax_whole_stage_operand_rate_atc_v2,20260728_operand_rate_v2_final_reduction_session03_CAB,reduction,fp16x2,20260728_operand_rate_v2_final_reduction_session03_CAB_reduction_fp16x2,1,0,20260728_operand_rate_v2_final_reduction_session03_CAB_reduction_fp16x2_b1_r0_treatment,treatment,treatment,20260728_operand_rate_v2_final_reduction_session03_CAB_reduction_fp16x2_b1_r0_treatment_1785247540977,55,184300.15028394299,184300.15139984901,184300.15084189601,0.0011159060231875628,13.692750462010736,10633552898,false,false,5dff3859ad319cb37301e68cfc6fde00723e3a42110ca93adb44c05e97098167
softmax_whole_stage_atc_trace_v1,softmax_whole_stage_operand_rate_atc,softmax_whole_stage_operand_rate_atc_v2,20260728_operand_rate_v2_final_reduction_session03_CAB,reduction,fp16x2,20260728_operand_rate_v2_final_reduction_session03_CAB_reduction_fp16x2,1,1,20260728_operand_rate_v2_final_reduction_session03_CAB_reduction_fp16x2_b1_r1_control,control,control,20260728_operand_rate_v2_final_reduction_session03_CAB_reduction_fp16x2_b1_r1_control_1785247555717,0,184301.19098313301,184301.192460488,184301.19172181049,0.0014773549919482321,0.00078636949183419347,10633686200,false,false,5dff3859ad319cb37301e68cfc6fde00723e3a42110ca93adb44c05e97098167
softmax_whole_stage_atc_trace_v1,softmax_whole_stage_operand_rate_atc,softmax_whole_stage_operand_rate_atc_v2,20260728_operand_rate_v2_final_reduction_session03_CAB,reduction,fp16x2,20260728_operand_rate_v2_final_reduction_session03_CAB_reduction_fp16x2,1,1,20260728_operand_rate_v2_final_reduction_session03_CAB_reduction_fp16x2_b1_r1_control,control,control,20260728_operand_rate_v2_final_reduction_session03_CAB_reduction_fp16x2_b1_r1_control_1785247555717,1,184301.446261042,184301.44868616,184301.447473601,0.0024251180002465844,0.25653815999976359,10633742436,true,false,5dff3859ad319cb37301e68cfc6fde00723e3a42110ca93adb44c05e97098167
softmax_whole_stage_atc_trace_v1,softmax_whole_stage_operand_rate_atc,softmax_whole_stage_operand_rate_atc_v2,20260728_operand_rate_v2_final_reduction_session03_CAB,reduction,fp16x2,20260728_operand_rate_v2_final_reduction_session03_CAB_reduction_fp16x2,1,1,20260728_operand_rate_v2_final_reduction_session03_CAB_reduction_fp16x2_b1_r1_control,control,control,20260728_operand_rate_v2_final_reduction_session03_CAB_reduction_fp16x2_b1_r1_control_1785247555717,2,184301.702257283,184301.70352265899,184301.702889971,0.0012653759913519025,0.51195452999672852,10633810530,true,false,5dff3859ad319cb37301e68cfc6fde00723e3a42110ca93adb44c05e97098167
softmax_whole_stage_atc_trace_v1,softmax_whole_stage_operand_rate_atc,softmax_whole_stage_operand_rate_atc_v2,20260728_operand_rate_v2_final_reduction_session03_CAB,reduction,fp16x2,20260728_operand_rate_v2_final_reduction_session03_CAB_reduction_fp16x2,1,1,20260728_operand_rate_v2_final_reduction_session03_CAB_reduction_fp16x2_b1_r1_control,control,control,20260728_operand_rate_v2_final_reduction_session03_CAB_reduction_fp16x2_b1_r1_control_1785247555717,3,184301.95736938299,184301.95882583401,184301.9580976085,0.0014564510202035308,0.76716216749628074,10633856786,true,true,5dff3859ad319cb37301e68cfc6fde00723e3a42110ca93adb44c05e97098167
softmax_whole_stage_atc_trace_v1,softmax_whole_stage_operand_rate_atc,softmax_whole_stage_operand_rate_atc_v2,20260728_operand_rate_v2_final_reduction_session03_CAB,reduction,fp16x2,20260728_operand_rate_v2_final_reduction_session03_CAB_reduction_fp16x2,1,1,20260728_operand_rate_v2_final_reduction_session03_CAB_reduction_fp16x2_b1_r1_control,control,control,20260728_operand_rate_v2_final_reduction_session03_CAB_reduction_fp16x2_b1_r1_control_1785247555717,4,184302.21250005401,184302.21658284499,184302.2145414495,0.0040827909833751619,1.0236060085007921,10633923737,true,true,5dff3859ad319cb37301e68cfc6fde00723e3a42110ca93adb44c05e97098167
softmax_whole_stage_atc_trace_v1,softmax_whole_stage_operand_rate_atc,softmax_whole_stage_operand_rate_atc_v2,20260728_operand_rate_v2_final_reduction_session03_CAB,reduction,fp16x2,20260728_operand_rate_v2_final_reduction_session03_CAB_reduction_fp16x2,1,1,20260728_operand_rate_v2_final_reduction_session03_CAB_reduction_fp16x2_b1_r1_control,control,control,20260728_operand_rate_v2_final_reduction_session03_CAB_reduction_fp16x2_b1_r1_control_1785247555717,5,184302.470460824,184302.471839242,184302.471150033,0.0013784180046059191,1.2802145919995382,10633968898,true,true,5dff3859ad319cb37301e68cfc6fde00723e3a42110ca93adb44c05e97098167
softmax_whole_stage_atc_trace_v1,softmax_whole_stage_operand_rate_atc,softmax_whole_stage_operand_rate_atc_v2,20260728_operand_rate_v2_final_reduction_session03_CAB,reduction,fp16x2,20260728_operand_rate_v2_final_reduction_session03_CAB_reduction_fp16x2,1,1,20260728_operand_rate_v2_final_reduction_session03_CAB_reduction_fp16x2_b1_r1_control,control,control,20260728_operand_rate_v2_final_reduction_session03_CAB_reduction_fp16x2_b1_r1_control_1785247555717,6,184302.72564973999,184302.72699345401,184302.726321597,0.0013437140150927007,1.5353861559997313,10634034516,true,true,5dff3859ad319cb37301e68cfc6fde00723e3a42110ca93adb44c05e97098167
softmax_whole_stage_atc_trace_v1,softmax_whole_stage_operand_rate_atc,softmax_whole_stage_operand_rate_atc_v2,20260728_operand_rate_v2_final_reduction_session03_CAB,reduction,fp16x2,20260728_operand_rate_v2_final_reduction_session03_CAB_reduction_fp16x2,1,1,20260728_operand_rate_v2_final_reduction_session03_CAB_reduction_fp16x2_b1_r1_control,control,control,20260728_operand_rate_v2_final_reduction_session03_CAB_reduction_fp16x2_b1_r1_control_1785247555717,7,184302.97710716701,184302.97849806599,184302.97780261649,0.0013908989785704762,1.7868671754840761,10634079029,true,true,5dff3859ad319cb37301e68cfc6fde00723e3a42110ca93adb44c05e97098167
softmax_whole_stage_atc_trace_v1,softmax_whole_stage_operand_rate_atc,softmax_whole_stage_operand_rate_atc_v2,20260728_operand_rate_v2_final_reduction_session03_CAB,reduction,fp16x2,20260728_operand_rate_v2_final_reduction_session03_CAB_reduction_fp16x2,1,1,20260728_operand_rate_v2_final_reduction_session03_CAB_reduction_fp16x2_b1_r1_control,control,control,20260728_operand_rate_v2_final_reduction_session03_CAB_reduction_fp16x2_b1_r1_control_1785247555717,8,184303.230483967,184303.231855789,184303.23116987798,0.0013718219997826964,2.0402344369795173,10634144995,true,true,5dff3859ad319cb37301e68cfc6fde00723e3a42110ca93adb44c05e97098167
softmax_whole_stage_atc_trace_v1,softmax_whole_stage_operand_rate_atc,softmax_whole_stage_operand_rate_atc_v2,20260728_operand_rate_v2_final_reduction_session03_CAB,reduction,fp16x2,20260728_operand_rate_v2_final_reduction_session03_CAB_reduction_fp16x2,1,1,20260728_operand_rate_v2_final_reduction_session03_CAB_reduction_fp16x2_b1_r1_control,control,control,20260728_operand_rate_v2_final_reduction_session03_CAB_reduction_fp16x2_b1_r1_control_1785247555717,9,184303.48526343799,184303.48668325701,184303.4859733475,0.0014198190183378756,2.2950379065005109,10634190168,true,true,5dff3859ad319cb37301e68cfc6fde00723e3a42110ca93adb44c05e97098167
softmax_whole_stage_atc_trace_v1,softmax_whole_stage_operand_rate_atc,softmax_whole_stage_operand_rate_atc_v2,20260728_operand_rate_v2_final_reduction_session03_CAB,reduction,fp16x2,20260728_operand_rate_v2_final_reduction_session03_CAB_reduction_fp16x2,1,1,20260728_operand_rate_v2_final_reduction_session03_CAB_reduction_fp16x2_b1_r1_control,control,control,20260728_operand_rate_v2_final_reduction_session03_CAB_reduction_fp16x2_b1_r1_control_1785247555717,10,184303.73706435299,184303.73841222699,184303.73773828999,0.0013478740002028644,2.546802848984953,10634256059,true,true,5dff3859ad319cb37301e68cfc6fde00723e3a42110ca93adb44c05e97098167
softmax_whole_stage_atc_trace_v1,softmax_whole_stage_operand_rate_atc,softmax_whole_stage_operand_rate_atc_v2,20260728_operand_rate_v2_final_reduction_session03_CAB,reduction,fp16x2,20260728_operand_rate_v2_final_reduction_session03_CAB_reduction_fp16x2,1,1,20260728_operand_rate_v2_final_reduction_session03_CAB_reduction_fp16x2_b1_r1_control,control,control,20260728_operand_rate_v2_final_reduction_session03_CAB_reduction_fp16x2_b1_r1_control_1785247555717,11,184303.99222921999,184303.993660607,184303.99294491351,0.0014313870051410049,2.8020094725070521,10634301383,true,true,5dff3859ad319cb37301e68cfc6fde00723e3a42110ca93adb44c05e97098167
softmax_whole_stage_atc_trace_v1,softmax_whole_stage_operand_rate_atc,softmax_whole_stage_operand_rate_atc_v2,20260728_operand_rate_v2_final_reduction_session03_CAB,reduction,fp16x2,20260728_operand_rate_v2_final_reduction_session03_CAB_reduction_fp16x2,1,1,20260728_operand_rate_v2_final_reduction_session03_CAB_reduction_fp16x2_b1_r1_control,control,control,20260728_operand_rate_v2_final_reduction_session03_CAB_reduction_fp16x2_b1_r1_control_1785247555717,12,184304.24533934699,184304.24671817099,184304.24602875899,0.0013788240030407906,3.0550933179911226,10634367415,true,true,5dff3859ad319cb37301e68cfc6fde00723e3a42110ca93adb44c05e97098167
softmax_whole_stage_atc_trace_v1,softmax_whole_stage_operand_rate_atc,softmax_whole_stage_operand_rate_atc_v2,20260728_operand_rate_v2_final_reduction_session03_CAB,reduction,fp16x2,20260728_operand_rate_v2_final_reduction_session03_CAB_reduction_fp16x2,1,1,20260728_operand_rate_v2_final_reduction_session03_CAB_reduction_fp16x2_b1_r1_control,control,control,20260728_operand_rate_v2_final_reduction_session03_CAB_reduction_fp16x2_b1_r1_control_1785247555717,13,184304.497185215,184304.498551761,184304.49786848802,0.0013665459991898388,3.3069330470170826,10634412584,true,true,5dff3859ad319cb37301e68cfc6fde00723e3a42110ca93adb44c05e97098167
softmax_whole_stage_atc_trace_v1,softmax_whole_stage_operand_rate_atc,softmax_whole_stage_operand_rate_atc_v2,20260728_operand_rate_v2_final_reduction_session03_CAB,reduction,fp16x2,20260728_operand_rate_v2_final_reduction_session03_CAB_reduction_fp16x2,1,1,20260728_operand_rate_v2_final_reduction_session03_CAB_reduction_fp16x2_b1_r1_control,control,control,20260728_operand_rate_v2_final_reduction_session03_CAB_reduction_fp16x2_b1_r1_control_1785247555717,14,184304.75235038699,184304.75368121301,184304.7530158,0.0013308260240592062,3.5620803589990828,10634479281,true,true,5dff3859ad319cb37301e68cfc6fde00723e3a42110ca93adb44c05e97098167
softmax_whole_stage_atc_trace_v1,softmax_whole_stage_operand_rate_atc,softmax_whole_stage_operand_rate_atc_v2,20260728_operand_rate_v2_final_reduction_session03_CAB,reduction,fp16x2,20260728_operand_rate_v2_final_reduction_session03_CAB_reduction_fp16x2,1,1,20260728_operand_rate_v2_final_reduction_session03_CAB_reduction_fp16x2_b1_r1_control,control,control,20260728_operand_rate_v2_final_reduction_session03_CAB_reduction_fp16x2_b1_r1_control_1785247555717,15,184305.00393709101,184305.00534209501,184305.00463959301,0.0014050040044821799,3.8137041520094499,10634524622,true,true,5dff3859ad319cb37301e68cfc6fde00723e3a42110ca93adb44c05e97098167
softmax_whole_stage_atc_trace_v1,softmax_whole_stage_operand_rate_atc,softmax_whole_stage_operand_rate_atc_v2,20260728_operand_rate_v2_final_reduction_session03_CAB,reduction,fp16x2,20260728_operand_rate_v2_final_reduction_session03_CAB_reduction_fp16x2,1,1,20260728_operand_rate_v2_final_reduction_session03_CAB_reduction_fp16x2_b1_r1_control,control,control,20260728_operand_rate_v2_final_reduction_session03_CAB_reduction_fp16x2_b1_r1_control_1785247555717,16,184305.25653000799,184305.25984555701,184305.25818778249,0.0033155490236822516,4.067252341483254,10634591463,true,true,5dff3859ad319cb37301e68cfc6fde00723e3a42110ca93adb44c05e97098167
softmax_whole_stage_atc_trace_v1,softmax_whole_stage_operand_rate_atc,softmax_whole_stage_operand_rate_atc_v2,20260728_operand_rate_v2_final_reduction_session03_CAB,reduction,fp16x2,20260728_operand_rate_v2_final_reduction_session03_CAB_reduction_fp16x2,1,1,20260728_operand_rate_v2_final_reduction_session03_CAB_reduction_fp16x2_b1_r1_control,control,control,20260728_operand_rate_v2_final_reduction_session03_CAB_reduction_fp16x2_b1_r1_control_1785247555717,17,184305.510300016,184305.511732151,184305.5110160835,0.0014321350026875734,4.3200806425011251,10634636999,true,true,5dff3859ad319cb37301e68cfc6fde00723e3a42110ca93adb44c05e97098167
softmax_whole_stage_atc_trace_v1,softmax_whole_stage_operand_rate_atc,softmax_whole_stage_operand_rate_atc_v2,20260728_operand_rate_v2_final_reduction_session03_CAB,reduction,fp16x2,20260728_operand_rate_v2_final_reduction_session03_CAB_reduction_fp16x2,1,1,20260728_operand_rate_v2_final_reduction_session03_CAB_reduction_fp16x2_b1_r1_control,control,control,20260728_operand_rate_v2_final_reduction_session03_CAB_reduction_fp16x2_b1_r1_control_1785247555717,18,184305.762871846,184305.76652173401,184305.76469679002,0.003649888007203117,4.5737613490200602,10634703944,true,true,5dff3859ad319cb37301e68cfc6fde00723e3a42110ca93adb44c05e97098167
softmax_whole_stage_atc_trace_v1,softmax_whole_stage_operand_rate_atc,softmax_whole_stage_operand_rate_atc_v2,20260728_operand_rate_v2_final_reduction_session03_CAB,reduction,fp16x2,20260728_operand_rate_v2_final_reduction_session03_CAB_reduction_fp16x2,1,1,20260728_operand_rate_v2_final_reduction_session03_CAB_reduction_fp16x2_b1_r1_control,control,control,20260728_operand_rate_v2_final_reduction_session03_CAB_reduction_fp16x2_b1_r1_control_1785247555717,19,184306.01697940301,184306.01854942401,184306.0177644135,0.001570021006045863,4.8268289724946953,10634749589,true,true,5dff3859ad319cb37301e68cfc6fde00723e3a42110ca93adb44c05e97098167
softmax_whole_stage_atc_trace_v1,softmax_whole_stage_operand_rate_atc,softmax_whole_stage_operand_rate_atc_v2,20260728_operand_rate_v2_final_reduction_session03_CAB,reduction,fp16x2,20260728_operand_rate_v2_final_reduction_session03_CAB_reduction_fp16x2,1,1,20260728_operand_rate_v2_final_reduction_session03_CAB_reduction_fp16x2_b1_r1_control,control,control,20260728_operand_rate_v2_final_reduction_session03_CAB_reduction_fp16x2_b1_r1_control_1785247555717,20,184306.269717427,184306.27414076001,184306.27192909352,0.0044233330118004233,5.080993652518373,10634816516,true,true,5dff3859ad319cb37301e68cfc6fde00723e3a42110ca93adb44c05e97098167
softmax_whole_stage_atc_trace_v1,softmax_whole_stage_operand_rate_atc,softmax_whole_stage_operand_rate_atc_v2,20260728_operand_rate_v2_final_reduction_session03_CAB,reduction,fp16x2,20260728_operand_rate_v2_final_reduction_session03_CAB_reduction_fp16x2,1,1,20260728_operand_rate_v2_final_reduction_session03_CAB_reduction_fp16x2_b1_r1_control,control,control,20260728_operand_rate_v2_final_reduction_session03_CAB_reduction_fp16x2_b1_r1_control_1785247555717,21,184306.52460553101,184306.52602467799,184306.52531510452,0.0014191469817887992,5.3343796635163017,10634861949,true,true,5dff3859ad319cb37301e68cfc6fde00723e3a42110ca93adb44c05e97098167
softmax_whole_stage_atc_trace_v1,softmax_whole_stage_operand_rate_atc,softmax_whole_stage_operand_rate_atc_v2,20260728_operand_rate_v2_final_reduction_session03_CAB,reduction,fp16x2,20260728_operand_rate_v2_final_reduction_session03_CAB_reduction_fp16x2,1,1,20260728_operand_rate_v2_final_reduction_session03_CAB_reduction_fp16x2_b1_r1_control,control,control,20260728_operand_rate_v2_final_reduction_session03_CAB_reduction_fp16x2_b1_r1_control_1785247555717,22,184306.77720211699,184306.78094971401,184306.77907591552,0.003747597016626969,5.5881404745159671,10634928639,true,true,5dff3859ad319cb37301e68cfc6fde00723e3a42110ca93adb44c05e97098167
softmax_whole_stage_atc_trace_v1,softmax_whole_stage_operand_rate_atc,softmax_whole_stage_operand_rate_atc_v2,20260728_operand_rate_v2_final_reduction_session03_CAB,reduction,fp16x2,20260728_operand_rate_v2_final_reduction_session03_CAB_reduction_fp16x2,1,1,20260728_operand_rate_v2_final_reduction_session03_CAB_reduction_fp16x2_b1_r1_control,control,control,20260728_operand_rate_v2_final_reduction_session03_CAB_reduction_fp16x2_b1_r1_control_1785247555717,23,184307.03142016599,184307.03299941999,184307.03220979299,0.0015792539925314486,5.8412743519875221,10634974122,true,true,5dff3859ad319cb37301e68cfc6fde00723e3a42110ca93adb44c05e97098167
softmax_whole_stage_atc_trace_v1,softmax_whole_stage_operand_rate_atc,softmax_whole_stage_operand_rate_atc_v2,20260728_operand_rate_v2_final_reduction_session03_CAB,reduction,fp16x2,20260728_operand_rate_v2_final_reduction_session03_CAB_reduction_fp16x2,1,1,20260728_operand_rate_v2_final_reduction_session03_CAB_reduction_fp16x2_b1_r1_control,control,control,20260728_operand_rate_v2_final_reduction_session03_CAB_reduction_fp16x2_b1_r1_control_1785247555717,24,184307.283208913,184307.28852653099,184307.28586772201,0.0053176179935690016,6.0949322810047306,10635041077,true,true,5dff3859ad319cb37301e68cfc6fde00723e3a42110ca93adb44c05e97098167
softmax_whole_stage_atc_trace_v1,softmax_whole_stage_operand_rate_atc,softmax_whole_stage_operand_rate_atc_v2,20260728_operand_rate_v2_final_reduction_session03_CAB,reduction,fp16x2,20260728_operand_rate_v2_final_reduction_session03_CAB_reduction_fp16x2,1,1,20260728_operand_rate_v2_final_reduction_session03_CAB_reduction_fp16x2_b1_r1_control,control,control,20260728_operand_rate_v2_final_reduction_session03_CAB_reduction_fp16x2_b1_r1_control_1785247555717,25,184307.54234319701,184307.543802726,184307.5430729615,0.001459528983104974,6.3521375205018558,10635086634,true,true,5dff3859ad319cb37301e68cfc6fde00723e3a42110ca93adb44c05e97098167
softmax_whole_stage_atc_trace_v1,softmax_whole_stage_operand_rate_atc,softmax_whole_stage_operand_rate_atc_v2,20260728_operand_rate_v2_final_reduction_session03_CAB,reduction,fp16x2,20260728_operand_rate_v2_final_reduction_session03_CAB_reduction_fp16x2,1,1,20260728_operand_rate_v2_final_reduction_session03_CAB_reduction_fp16x2_b1_r1_control,control,control,20260728_operand_rate_v2_final_reduction_session03_CAB_reduction_fp16x2_b1_r1_control_1785247555717,26,184307.79763197299,184307.799020682,184307.79832632749,0.0013887090026400983,6.6073908864927944,10635152813,true,true,5dff3859ad319cb37301e68cfc6fde00723e3a42110ca93adb44c05e97098167
softmax_whole_stage_atc_trace_v1,softmax_whole_stage_operand_rate_atc,softmax_whole_stage_operand_rate_atc_v2,20260728_operand_rate_v2_final_reduction_session03_CAB,reduction,fp16x2,20260728_operand_rate_v2_final_reduction_session03_CAB_reduction_fp16x2,1,1,20260728_operand_rate_v2_final_reduction_session03_CAB_reduction_fp16x2_b1_r1_control,control,control,20260728_operand_rate_v2_final_reduction_session03_CAB_reduction_fp16x2_b1_r1_control_1785247555717,27,184308.05278144201,184308.054170252,184308.053475847,0.0013888099929317832,6.8625404060003348,10635197615,true,true,5dff3859ad319cb37301e68cfc6fde00723e3a42110ca93adb44c05e97098167
softmax_whole_stage_atc_trace_v1,softmax_whole_stage_operand_rate_atc,softmax_whole_stage_operand_rate_atc_v2,20260728_operand_rate_v2_final_reduction_session03_CAB,reduction,fp16x2,20260728_operand_rate_v2_final_reduction_session03_CAB_reduction_fp16x2,1,1,20260728_operand_rate_v2_final_reduction_session03_CAB_reduction_fp16x2_b1_r1_control,control,control,20260728_operand_rate_v2_final_reduction_session03_CAB_reduction_fp16x2_b1_r1_control_1785247555717,28,184308.30670768701,184308.308115978,184308.3074118325,0.0014082909910939634,7.1164763915003277,10635263028,true,true,5dff3859ad319cb37301e68cfc6fde00723e3a42110ca93adb44c05e97098167
softmax_whole_stage_atc_trace_v1,softmax_whole_stage_operand_rate_atc,softmax_whole_stage_operand_rate_atc_v2,20260728_operand_rate_v2_final_reduction_session03_CAB,reduction,fp16x2,20260728_operand_rate_v2_final_reduction_session03_CAB_reduction_fp16x2,1,1,20260728_operand_rate_v2_final_reduction_session03_CAB_reduction_fp16x2_b1_r1_control,control,control,20260728_operand_rate_v2_final_reduction_session03_CAB_reduction_fp16x2_b1_r1_control_1785247555717,29,184308.56193518001,184308.56604387899,184308.5639895295,0.0041086989804171026,7.373054088500794,10635307363,true,true,5dff3859ad319cb37301e68cfc6fde00723e3a42110ca93adb44c05e97098167
softmax_whole_stage_atc_trace_v1,softmax_whole_stage_operand_rate_atc,softmax_whole_stage_operand_rate_atc_v2,20260728_operand_rate_v2_final_reduction_session03_CAB,reduction,fp16x2,20260728_operand_rate_v2_final_reduction_session03_CAB_reduction_fp16x2,1,1,20260728_operand_rate_v2_final_reduction_session03_CAB_reduction_fp16x2_b1_r1_control,control,control,20260728_operand_rate_v2_final_reduction_session03_CAB_reduction_fp16x2_b1_r1_control_1785247555717,30,184308.81988611401,184308.82134381699,184308.82061496552,0.0014577029796782881,7.6296795245143585,10635376574,true,true,5dff3859ad319cb37301e68cfc6fde00723e3a42110ca93adb44c05e97098167
softmax_whole_stage_atc_trace_v1,softmax_whole_stage_operand_rate_atc,softmax_whole_stage_operand_rate_atc_v2,20260728_operand_rate_v2_final_reduction_session03_CAB,reduction,fp16x2,20260728_operand_rate_v2_final_reduction_session03_CAB_reduction_fp16x2,1,1,20260728_operand_rate_v2_final_reduction_session03_CAB_reduction_fp16x2_b1_r1_control,control,control,20260728_operand_rate_v2_final_reduction_session03_CAB_reduction_fp16x2_b1_r1_control_1785247555717,31,184309.07512142,184309.07653569701,184309.0758285585,0.0014142770087346435,7.8848931175016332,10635419655,true,true,5dff3859ad319cb37301e68cfc6fde00723e3a42110ca93adb44c05e97098167
softmax_whole_stage_atc_trace_v1,softmax_whole_stage_operand_rate_atc,softmax_whole_stage_operand_rate_atc_v2,20260728_operand_rate_v2_final_reduction_session03_CAB,reduction,fp16x2,20260728_operand_rate_v2_final_reduction_session03_CAB_reduction_fp16x2,1,1,20260728_operand_rate_v2_final_reduction_session03_CAB_reduction_fp16x2_b1_r1_control,control,control,20260728_operand_rate_v2_final_reduction_session03_CAB_reduction_fp16x2_b1_r1_control_1785247555717,32,184309.328926722,184309.33028093301,184309.3296038275,0.0013542110100388527,8.1386683864984661,10635488094,true,true,5dff3859ad319cb37301e68cfc6fde00723e3a42110ca93adb44c05e97098167
softmax_whole_stage_atc_trace_v1,softmax_whole_stage_operand_rate_atc,softmax_whole_stage_operand_rate_atc_v2,20260728_operand_rate_v2_final_reduction_session03_CAB,reduction,fp16x2,20260728_operand_rate_v2_final_reduction_session03_CAB_reduction_fp16x2,1,1,20260728_operand_rate_v2_final_reduction_session03_CAB_reduction_fp16x2_b1_r1_control,control,control,20260728_operand_rate_v2_final_reduction_session03_CAB_reduction_fp16x2_b1_r1_control_1785247555717,33,184309.584105513,184309.58544602801,184309.58477577049,0.0013405150093603879,8.3938403294887394,10635530708,true,true,5dff3859ad319cb37301e68cfc6fde00723e3a42110ca93adb44c05e97098167
softmax_whole_stage_atc_trace_v1,softmax_whole_stage_operand_rate_atc,softmax_whole_stage_operand_rate_atc_v2,20260728_operand_rate_v2_final_reduction_session03_CAB,reduction,fp16x2,20260728_operand_rate_v2_final_reduction_session03_CAB_reduction_fp16x2,1,1,20260728_operand_rate_v2_final_reduction_session03_CAB_reduction_fp16x2_b1_r1_control,control,control,20260728_operand_rate_v2_final_reduction_session03_CAB_reduction_fp16x2_b1_r1_control_1785247555717,34,184309.83929455301,184309.84389524101,184309.84159489701,0.0046006880002096295,8.6506594560050871,10635598652,true,true,5dff3859ad319cb37301e68cfc6fde00723e3a42110ca93adb44c05e97098167
softmax_whole_stage_atc_trace_v1,softmax_whole_stage_operand_rate_atc,softmax_whole_stage_operand_rate_atc_v2,20260728_operand_rate_v2_final_reduction_session03_CAB,reduction,fp16x2,20260728_operand_rate_v2_final_reduction_session03_CAB_reduction_fp16x2,1,1,20260728_operand_rate_v2_final_reduction_session03_CAB_reduction_fp16x2_b1_r1_control,control,control,20260728_operand_rate_v2_final_reduction_session03_CAB_reduction_fp16x2_b1_r1_control_1785247555717,35,184310.094550354,184310.095922423,184310.0952363885,0.0013720690039917827,8.9043009474989958,10635644465,true,true,5dff3859ad319cb37301e68cfc6fde00723e3a42110ca93adb44c05e97098167
softmax_whole_stage_atc_trace_v1,softmax_whole_stage_operand_rate_atc,softmax_whole_stage_operand_rate_atc_v2,20260728_operand_rate_v2_final_reduction_session03_CAB,reduction,fp16x2,20260728_operand_rate_v2_final_reduction_session03_CAB_reduction_fp16x2,1,1,20260728_operand_rate_v2_final_reduction_session03_CAB_reduction_fp16x2_b1_r1_control,control,control,20260728_operand_rate_v2_final_reduction_session03_CAB_reduction_fp16x2_b1_r1_control_1785247555717,36,184310.349588824,184310.35102359601,184310.35030620999,0.0014347720134537667,9.159370768989902,10635711246,true,false,5dff3859ad319cb37301e68cfc6fde00723e3a42110ca93adb44c05e97098167
softmax_whole_stage_atc_trace_v1,softmax_whole_stage_operand_rate_atc,softmax_whole_stage_operand_rate_atc_v2,20260728_operand_rate_v2_final_reduction_session03_CAB,reduction,fp16x2,20260728_operand_rate_v2_final_reduction_session03_CAB_reduction_fp16x2,1,1,20260728_operand_rate_v2_final_reduction_session03_CAB_reduction_fp16x2_b1_r1_control,control,control,20260728_operand_rate_v2_final_reduction_session03_CAB_reduction_fp16x2_b1_r1_control_1785247555717,37,184310.604809012,184310.60630385001,184310.60555643099,0.0014948380121495575,9.4146209899918176,10635750613,true,false,5dff3859ad319cb37301e68cfc6fde00723e3a42110ca93adb44c05e97098167
softmax_whole_stage_atc_trace_v1,softmax_whole_stage_operand_rate_atc,softmax_whole_stage_operand_rate_atc_v2,20260728_operand_rate_v2_final_reduction_session03_CAB,reduction,fp16x2,20260728_operand_rate_v2_final_reduction_session03_CAB_reduction_fp16x2,1,1,20260728_operand_rate_v2_final_reduction_session03_CAB_reduction_fp16x2_b1_r1_control,control,control,20260728_operand_rate_v2_final_reduction_session03_CAB_reduction_fp16x2_b1_r1_control_1785247555717,38,184310.860349211,184310.86254535301,184310.86144728202,0.0021961420134175569,9.6705118410172872,10635792046,true,false,5dff3859ad319cb37301e68cfc6fde00723e3a42110ca93adb44c05e97098167
softmax_whole_stage_atc_trace_v1,softmax_whole_stage_operand_rate_atc,softmax_whole_stage_operand_rate_atc_v2,20260728_operand_rate_v2_final_reduction_session03_CAB,reduction,fp16x2,20260728_operand_rate_v2_final_reduction_session03_CAB_reduction_fp16x2,1,1,20260728_operand_rate_v2_final_reduction_session03_CAB_reduction_fp16x2_b1_r1_control,control,control,20260728_operand_rate_v2_final_reduction_session03_CAB_reduction_fp16x2_b1_r1_control_1785247555717,39,184310.86256777699,184310.864772848,184310.86367031251,0.0022050710103940219,9.672734871506691,10635792046,false,false,5dff3859ad319cb37301e68cfc6fde00723e3a42110ca93adb44c05e97098167
softmax_whole_stage_atc_trace_v1,softmax_whole_stage_operand_rate_atc,softmax_whole_stage_operand_rate_atc_v2,20260728_operand_rate_v2_final_reduction_session03_CAB,reduction,fp16x2,20260728_operand_rate_v2_final_reduction_session03_CAB_reduction_fp16x2,1,2,20260728_operand_rate_v2_final_reduction_session03_CAB_reduction_fp16x2_b1_r2_treatment,treatment,treatment,20260728_operand_rate_v2_final_reduction_session03_CAB_reduction_fp16x2_b1_r2_treatment_1785247566447,0,184311.90895442601,184311.91308788201,184311.91102115402,0.0041334560082759708,0.002085397019982338,10635923456,false,false,5dff3859ad319cb37301e68cfc6fde00723e3a42110ca93adb44c05e97098167
softmax_whole_stage_atc_trace_v1,softmax_whole_stage_operand_rate_atc,softmax_whole_stage_operand_rate_atc_v2,20260728_operand_rate_v2_final_reduction_session03_CAB,reduction,fp16x2,20260728_operand_rate_v2_final_reduction_session03_CAB_reduction_fp16x2,1,2,20260728_operand_rate_v2_final_reduction_session03_CAB_reduction_fp16x2_b1_r2_treatment,treatment,treatment,20260728_operand_rate_v2_final_reduction_session03_CAB_reduction_fp16x2_b1_r2_treatment_1785247566447,1,184312.163265312,184312.16456514099,184312.1639152265,0.001299828989431262,0.25497946949326433,10635977802,true,false,5dff3859ad319cb37301e68cfc6fde00723e3a42110ca93adb44c05e97098167
softmax_whole_stage_atc_trace_v1,softmax_whole_stage_operand_rate_atc,softmax_whole_stage_operand_rate_atc_v2,20260728_operand_rate_v2_final_reduction_session03_CAB,reduction,fp16x2,20260728_operand_rate_v2_final_reduction_session03_CAB_reduction_fp16x2,1,2,20260728_operand_rate_v2_final_reduction_session03_CAB_reduction_fp16x2_b1_r2_treatment,treatment,treatment,20260728_operand_rate_v2_final_reduction_session03_CAB_reduction_fp16x2_b1_r2_treatment_1785247566447,2,184312.41483642301,184312.41637387499,184312.415605149,0.0015374519862234592,0.50666939199436456,10636017718,true,false,5dff3859ad319cb37301e68cfc6fde00723e3a42110ca93adb44c05e97098167
softmax_whole_stage_atc_trace_v1,softmax_whole_stage_operand_rate_atc,softmax_whole_stage_operand_rate_atc_v2,20260728_operand_rate_v2_final_reduction_session03_CAB,reduction,fp16x2,20260728_operand_rate_v2_final_reduction_session03_CAB_reduction_fp16x2,1,2,20260728_operand_rate_v2_final_reduction_session03_CAB_reduction_fp16x2_b1_r2_treatment,treatment,treatment,20260728_operand_rate_v2_final_reduction_session03_CAB_reduction_fp16x2_b1_r2_treatment_1785247566447,3,184312.66740794899,184312.668824864,184312.66811640648,0.0014169150090310723,0.75918064947472885,10636077274,true,true,5dff3859ad319cb37301e68cfc6fde00723e3a42110ca93adb44c05e97098167
softmax_whole_stage_atc_trace_v1,softmax_whole_stage_operand_rate_atc,softmax_whole_stage_operand_rate_atc_v2,20260728_operand_rate_v2_final_reduction_session03_CAB,reduction,fp16x2,20260728_operand_rate_v2_final_reduction_session03_CAB_reduction_fp16x2,1,2,20260728_operand_rate_v2_final_reduction_session03_CAB_reduction_fp16x2_b1_r2_treatment,treatment,treatment,20260728_operand_rate_v2_final_reduction_session03_CAB_reduction_fp16x2_b1_r2_treatment_1785247566447,4,184312.91907250599,184312.92045045999,184312.91976148298,0.0013779540022369474,1.0108257259707898,10636117972,true,true,5dff3859ad319cb37301e68cfc6fde00723e3a42110ca93adb44c05e97098167
softmax_whole_stage_atc_trace_v1,softmax_whole_stage_operand_rate_atc,softmax_whole_stage_operand_rate_atc_v2,20260728_operand_rate_v2_final_reduction_session03_CAB,reduction,fp16x2,20260728_operand_rate_v2_final_reduction_session03_CAB_reduction_fp16x2,1,2,20260728_operand_rate_v2_final_reduction_session03_CAB_reduction_fp16x2_b1_r2_treatment,treatment,treatment,20260728_operand_rate_v2_final_reduction_session03_CAB_reduction_fp16x2_b1_r2_treatment_1785247566447,5,184313.17074376001,184313.17210121901,184313.17142248951,0.0013574589975178242,1.2624867325066589,10636178329,true,true,5dff3859ad319cb37301e68cfc6fde00723e3a42110ca93adb44c05e97098167
softmax_whole_stage_atc_trace_v1,softmax_whole_stage_operand_rate_atc,softmax_whole_stage_operand_rate_atc_v2,20260728_operand_rate_v2_final_reduction_session03_CAB,reduction,fp16x2,20260728_operand_rate_v2_final_reduction_session03_CAB_reduction_fp16x2,1,2,20260728_operand_rate_v2_final_reduction_session03_CAB_reduction_fp16x2_b1_r2_treatment,treatment,treatment,20260728_operand_rate_v2_final_reduction_session03_CAB_reduction_fp16x2_b1_r2_treatment_1785247566447,6,184313.42248451599,184313.42391959301,184313.42320205452,0.0014350770215969533,1.5142662975122221,10636219870,true,true,5dff3859ad319cb37301e68cfc6fde00723e3a42110ca93adb44c05e97098167
softmax_whole_stage_atc_trace_v1,softmax_whole_stage_operand_rate_atc,softmax_whole_stage_operand_rate_atc_v2,20260728_operand_rate_v2_final_reduction_session03_CAB,reduction,fp16x2,20260728_operand_rate_v2_final_reduction_session03_CAB_reduction_fp16x2,1,2,20260728_operand_rate_v2_final_reduction_session03_CAB_reduction_fp16x2_b1_r2_treatment,treatment,treatment,20260728_operand_rate_v2_final_reduction_session03_CAB_reduction_fp16x2_b1_r2_treatment_1785247566447,7,184313.67506705099,184313.678125937,184313.67659649398,0.0030588860099669546,1.767660736979451,10636281009,true,true,5dff3859ad319cb37301e68cfc6fde00723e3a42110ca93adb44c05e97098167
softmax_whole_stage_atc_trace_v1,softmax_whole_stage_operand_rate_atc,softmax_whole_stage_operand_rate_atc_v2,20260728_operand_rate_v2_final_reduction_session03_CAB,reduction,fp16x2,20260728_operand_rate_v2_final_reduction_session03_CAB_reduction_fp16x2,1,2,20260728_operand_rate_v2_final_reduction_session03_CAB_reduction_fp16x2_b1_r2_treatment,treatment,treatment,20260728_operand_rate_v2_final_reduction_session03_CAB_reduction_fp16x2_b1_r2_treatment_1785247566447,8,184313.92843116401,184313.93001625701,184313.9292237105,0.0015850930067244917,2.0202879534917884,10636322788,true,true,5dff3859ad319cb37301e68cfc6fde00723e3a42110ca93adb44c05e97098167
softmax_whole_stage_atc_trace_v1,softmax_whole_stage_operand_rate_atc,softmax_whole_stage_operand_rate_atc_v2,20260728_operand_rate_v2_final_reduction_session03_CAB,reduction,fp16x2,20260728_operand_rate_v2_final_reduction_session03_CAB_reduction_fp16x2,1,2,20260728_operand_rate_v2_final_reduction_session03_CAB_reduction_fp16x2_b1_r2_treatment,treatment,treatment,20260728_operand_rate_v2_final_reduction_session03_CAB_reduction_fp16x2_b1_r2_treatment_1785247566447,9,184314.18036155999,184314.18574446501,184314.1830530125,0.0053829050157219172,2.274117255496094,10636384078,true,true,5dff3859ad319cb37301e68cfc6fde00723e3a42110ca93adb44c05e97098167
softmax_whole_stage_atc_trace_v1,softmax_whole_stage_operand_rate_atc,softmax_whole_stage_operand_rate_atc_v2,20260728_operand_rate_v2_final_reduction_session03_CAB,reduction,fp16x2,20260728_operand_rate_v2_final_reduction_session03_CAB_reduction_fp16x2,1,2,20260728_operand_rate_v2_final_reduction_session03_CAB_reduction_fp16x2_b1_r2_treatment,treatment,treatment,20260728_operand_rate_v2_final_reduction_session03_CAB_reduction_fp16x2_b1_r2_treatment_1785247566447,10,184314.43621019999,184314.437634278,184314.43692223899,0.0014240780146792531,2.527986481989501,10636425711,true,true,5dff3859ad319cb37301e68cfc6fde00723e3a42110ca93adb44c05e97098167
softmax_whole_stage_atc_trace_v1,softmax_whole_stage_operand_rate_atc,softmax_whole_stage_operand_rate_atc_v2,20260728_operand_rate_v2_final_reduction_session03_CAB,reduction,fp16x2,20260728_operand_rate_v2_final_reduction_session03_CAB_reduction_fp16x2,1,2,20260728_operand_rate_v2_final_reduction_session03_CAB_reduction_fp16x2_b1_r2_treatment,treatment,treatment,20260728_operand_rate_v2_final_reduction_session03_CAB_reduction_fp16x2_b1_r2_treatment_1785247566447,11,184314.688854056,184314.69246944401,184314.69066175001,0.0036153880064375699,2.7817259930016007,10636486865,true,true,5dff3859ad319cb37301e68cfc6fde00723e3a42110ca93adb44c05e97098167
softmax_whole_stage_atc_trace_v1,softmax_whole_stage_operand_rate_atc,softmax_whole_stage_operand_rate_atc_v2,20260728_operand_rate_v2_final_reduction_session03_CAB,reduction,fp16x2,20260728_operand_rate_v2_final_reduction_session03_CAB_reduction_fp16x2,1,2,20260728_operand_rate_v2_final_reduction_session03_CAB_reduction_fp16x2_b1_r2_treatment,treatment,treatment,20260728_operand_rate_v2_final_reduction_session03_CAB_reduction_fp16x2_b1_r2_treatment_1785247566447,12,184314.94286151999,184314.94450261901,184314.94368206948,0.0016410990210715681,3.0347463124780916,10636528541,true,true,5dff3859ad319cb37301e68cfc6fde00723e3a42110ca93adb44c05e97098167
softmax_whole_stage_atc_trace_v1,softmax_whole_stage_operand_rate_atc,softmax_whole_stage_operand_rate_atc_v2,20260728_operand_rate_v2_final_reduction_session03_CAB,reduction,fp16x2,20260728_operand_rate_v2_final_reduction_session03_CAB_reduction_fp16x2,1,2,20260728_operand_rate_v2_final_reduction_session03_CAB_reduction_fp16x2_b1_r2_treatment,treatment,treatment,20260728_operand_rate_v2_final_reduction_session03_CAB_reduction_fp16x2_b1_r2_treatment_1785247566447,13,184315.19496206299,184315.20008158099,184315.197521822,0.0051195179985370487,3.2885860649985261,10636589708,true,true,5dff3859ad319cb37301e68cfc6fde00723e3a42110ca93adb44c05e97098167
softmax_whole_stage_atc_trace_v1,softmax_whole_stage_operand_rate_atc,softmax_whole_stage_operand_rate_atc_v2,20260728_operand_rate_v2_final_reduction_session03_CAB,reduction,fp16x2,20260728_operand_rate_v2_final_reduction_session03_CAB_reduction_fp16x2,1,2,20260728_operand_rate_v2_final_reduction_session03_CAB_reduction_fp16x2_b1_r2_treatment,treatment,treatment,20260728_operand_rate_v2_final_reduction_session03_CAB_reduction_fp16x2_b1_r2_treatment_1785247566447,14,184315.45032177199,184315.451882211,184315.45110199149,0.0015604390064254403,3.5421662344888318,10636631294,true,true,5dff3859ad319cb37301e68cfc6fde00723e3a42110ca93adb44c05e97098167
softmax_whole_stage_atc_trace_v1,softmax_whole_stage_operand_rate_atc,softmax_whole_stage_operand_rate_atc_v2,20260728_operand_rate_v2_final_reduction_session03_CAB,reduction,fp16x2,20260728_operand_rate_v2_final_reduction_session03_CAB_reduction_fp16x2,1,2,20260728_operand_rate_v2_final_reduction_session03_CAB_reduction_fp16x2_b1_r2_treatment,treatment,treatment,20260728_operand_rate_v2_final_reduction_session03_CAB_reduction_fp16x2_b1_r2_treatment_1785247566447,15,184315.702027336,184315.70669637501,184315.70436185552,0.0046690390154253691,3.7954260985134169,10636692467,true,true,5dff3859ad319cb37301e68cfc6fde00723e3a42110ca93adb44c05e97098167
softmax_whole_stage_atc_trace_v1,softmax_whole_stage_operand_rate_atc,softmax_whole_stage_operand_rate_atc_v2,20260728_operand_rate_v2_final_reduction_session03_CAB,reduction,fp16x2,20260728_operand_rate_v2_final_reduction_session03_CAB_reduction_fp16x2,1,2,20260728_operand_rate_v2_final_reduction_session03_CAB_reduction_fp16x2_b1_r2_treatment,treatment,treatment,20260728_operand_rate_v2_final_reduction_session03_CAB_reduction_fp16x2_b1_r2_treatment_1785247566447,16,184315.95686371901,184315.95845835001,184315.95766103451,0.0015946310013532639,4.0487252775055822,10636734230,true,true,5dff3859ad319cb37301e68cfc6fde00723e3a42110ca93adb44c05e97098167
softmax_whole_stage_atc_trace_v1,softmax_whole_stage_operand_rate_atc,softmax_whole_stage_operand_rate_atc_v2,20260728_operand_rate_v2_final_reduction_session03_CAB,reduction,fp16x2,20260728_operand_rate_v2_final_reduction_session03_CAB_reduction_fp16x2,1,2,20260728_operand_rate_v2_final_reduction_session03_CAB_reduction_fp16x2_b1_r2_treatment,treatment,treatment,20260728_operand_rate_v2_final_reduction_session03_CAB_reduction_fp16x2_b1_r2_treatment_1785247566447,17,184316.208698136,184316.21428984299,184316.21149398951,0.0055917069839779288,4.3025582325062715,10636795654,true,true,5dff3859ad319cb37301e68cfc6fde00723e3a42110ca93adb44c05e97098167
softmax_whole_stage_atc_trace_v1,softmax_whole_stage_operand_rate_atc,softmax_whole_stage_operand_rate_atc_v2,20260728_operand_rate_v2_final_reduction_session03_CAB,reduction,fp16x2,20260728_operand_rate_v2_final_reduction_session03_CAB_reduction_fp16x2,1,2,20260728_operand_rate_v2_final_reduction_session03_CAB_reduction_fp16x2_b1_r2_treatment,treatment,treatment,20260728_operand_rate_v2_final_reduction_session03_CAB_reduction_fp16x2_b1_r2_treatment_1785247566447,18,184316.46453734001,184316.46602401801,184316.465280679,0.0014866779965814203,4.5563449219916947,10636837321,true,true,5dff3859ad319cb37301e68cfc6fde00723e3a42110ca93adb44c05e97098167
softmax_whole_stage_atc_trace_v1,softmax_whole_stage_operand_rate_atc,softmax_whole_stage_operand_rate_atc_v2,20260728_operand_rate_v2_final_reduction_session03_CAB,reduction,fp16x2,20260728_operand_rate_v2_final_reduction_session03_CAB_reduction_fp16x2,1,2,20260728_operand_rate_v2_final_reduction_session03_CAB_reduction_fp16x2_b1_r2_treatment,treatment,treatment,20260728_operand_rate_v2_final_reduction_session03_CAB_reduction_fp16x2_b1_r2_treatment_1785247566447,19,184316.716204856,184316.72108401699,184316.71864443651,0.0048791609879117459,4.8097086795023642,10636898635,true,true,5dff3859ad319cb37301e68cfc6fde00723e3a42110ca93adb44c05e97098167
softmax_whole_stage_atc_trace_v1,softmax_whole_stage_operand_rate_atc,softmax_whole_stage_operand_rate_atc_v2,20260728_operand_rate_v2_final_reduction_session03_CAB,reduction,fp16x2,20260728_operand_rate_v2_final_reduction_session03_CAB_reduction_fp16x2,1,2,20260728_operand_rate_v2_final_reduction_session03_CAB_reduction_fp16x2_b1_r2_treatment,treatment,treatment,20260728_operand_rate_v2_final_reduction_session03_CAB_reduction_fp16x2_b1_r2_treatment_1785247566447,20,184316.97124973801,184316.972829657,184316.97203969752,0.0015799189859535545,5.0631039405125193,10636940441,true,true,5dff3859ad319cb37301e68cfc6fde00723e3a42110ca93adb44c05e97098167
softmax_whole_stage_atc_trace_v1,softmax_whole_stage_operand_rate_atc,softmax_whole_stage_operand_rate_atc_v2,20260728_operand_rate_v2_final_reduction_session03_CAB,reduction,fp16x2,20260728_operand_rate_v2_final_reduction_session03_CAB_reduction_fp16x2,1,2,20260728_operand_rate_v2_final_reduction_session03_CAB_reduction_fp16x2_b1_r2_treatment,treatment,treatment,20260728_operand_rate_v2_final_reduction_session03_CAB_reduction_fp16x2_b1_r2_treatment_1785247566447,21,184317.22305949999,184317.22862462499,184317.2258420625,0.005565125000430271,5.3169063054956496,10637001891,true,true,5dff3859ad319cb37301e68cfc6fde00723e3a42110ca93adb44c05e97098167
softmax_whole_stage_atc_trace_v1,softmax_whole_stage_operand_rate_atc,softmax_whole_stage_operand_rate_atc_v2,20260728_operand_rate_v2_final_reduction_session03_CAB,reduction,fp16x2,20260728_operand_rate_v2_final_reduction_session03_CAB_reduction_fp16x2,1,2,20260728_operand_rate_v2_final_reduction_session03_CAB_reduction_fp16x2_b1_r2_treatment,treatment,treatment,20260728_operand_rate_v2_final_reduction_session03_CAB_reduction_fp16x2_b1_r2_treatment_1785247566447,22,184317.47889403699,184317.48041683401,184317.47965543548,0.0015227970143314451,5.5707196784787811,10637043602,true,true,5dff3859ad319cb37301e68cfc6fde00723e3a42110ca93adb44c05e97098167
softmax_whole_stage_atc_trace_v1,softmax_whole_stage_operand_rate_atc,softmax_whole_stage_operand_rate_atc_v2,20260728_operand_rate_v2_final_reduction_session03_CAB,reduction,fp16x2,20260728_operand_rate_v2_final_reduction_session03_CAB_reduction_fp16x2,1,2,20260728_operand_rate_v2_final_reduction_session03_CAB_reduction_fp16x2_b1_r2_treatment,treatment,treatment,20260728_operand_rate_v2_final_reduction_session03_CAB_reduction_fp16x2_b1_r2_treatment_1785247566447,23,184317.730635719,184317.73528862701,184317.732962173,0.0046529080136679113,5.8240264159976505,10637104913,true,true,5dff3859ad319cb37301e68cfc6fde00723e3a42110ca93adb44c05e97098167
softmax_whole_stage_atc_trace_v1,softmax_whole_stage_operand_rate_atc,softmax_whole_stage_operand_rate_atc_v2,20260728_operand_rate_v2_final_reduction_session03_CAB,reduction,fp16x2,20260728_operand_rate_v2_final_reduction_session03_CAB_reduction_fp16x2,1,2,20260728_operand_rate_v2_final_reduction_session03_CAB_reduction_fp16x2_b1_r2_treatment,treatment,treatment,20260728_operand_rate_v2_final_reduction_session03_CAB_reduction_fp16x2_b1_r2_treatment_1785247566447,24,184317.98542908501,184317.987005148,184317.9862171165,0.0015760629903525114,6.0772813594958279,10637146692,true,true,5dff3859ad319cb37301e68cfc6fde00723e3a42110ca93adb44c05e97098167
softmax_whole_stage_atc_trace_v1,softmax_whole_stage_operand_rate_atc,softmax_whole_stage_operand_rate_atc_v2,20260728_operand_rate_v2_final_reduction_session03_CAB,reduction,fp16x2,20260728_operand_rate_v2_final_reduction_session03_CAB_reduction_fp16x2,1,2,20260728_operand_rate_v2_final_reduction_session03_CAB_reduction_fp16x2_b1_r2_treatment,treatment,treatment,20260728_operand_rate_v2_final_reduction_session03_CAB_reduction_fp16x2_b1_r2_treatment_1785247566447,25,184318.23713373501,184318.24284861301,184318.23999117402,0.0057148780033458024,6.3310554170166142,10637208044,true,true,5dff3859ad319cb37301e68cfc6fde00723e3a42110ca93adb44c05e97098167
softmax_whole_stage_atc_trace_v1,softmax_whole_stage_operand_rate_atc,softmax_whole_stage_operand_rate_atc_v2,20260728_operand_rate_v2_final_reduction_session03_CAB,reduction,fp16x2,20260728_operand_rate_v2_final_reduction_session03_CAB_reduction_fp16x2,1,2,20260728_operand_rate_v2_final_reduction_session03_CAB_reduction_fp16x2_b1_r2_treatment,treatment,treatment,20260728_operand_rate_v2_final_reduction_session03_CAB_reduction_fp16x2_b1_r2_treatment_1785247566447,26,184318.49290577299,184318.49444855799,184318.49367716548,0.0015427850012201816,6.5847414084710181,10637249662,true,true,5dff3859ad319cb37301e68cfc6fde00723e3a42110ca93adb44c05e97098167
softmax_whole_stage_atc_trace_v1,softmax_whole_stage_operand_rate_atc,softmax_whole_stage_operand_rate_atc_v2,20260728_operand_rate_v2_final_reduction_session03_CAB,reduction,fp16x2,20260728_operand_rate_v2_final_reduction_session03_CAB_reduction_fp16x2,1,2,20260728_operand_rate_v2_final_reduction_session03_CAB_reduction_fp16x2_b1_r2_treatment,treatment,treatment,20260728_operand_rate_v2_final_reduction_session03_CAB_reduction_fp16x2_b1_r2_treatment_1785247566447,27,184318.748232204,184318.749629192,184318.748930698,0.0013969879946671426,6.8399949409940746,10637310853,true,true,5dff3859ad319cb37301e68cfc6fde00723e3a42110ca93adb44c05e97098167
softmax_whole_stage_atc_trace_v1,softmax_whole_stage_operand_rate_atc,softmax_whole_stage_operand_rate_atc_v2,20260728_operand_rate_v2_final_reduction_session03_CAB,reduction,fp16x2,20260728_operand_rate_v2_final_reduction_session03_CAB_reduction_fp16x2,1,2,20260728_operand_rate_v2_final_reduction_session03_CAB_reduction_fp16x2_b1_r2_treatment,treatment,treatment,20260728_operand_rate_v2_final_reduction_session03_CAB_reduction_fp16x2_b1_r2_treatment_1785247566447,28,184319.000639965,184319.00203867801,184319.00133932149,0.0013987130078021437,7.0924035644857213,10637352441,true,true,5dff3859ad319cb37301e68cfc6fde00723e3a42110ca93adb44c05e97098167
softmax_whole_stage_atc_trace_v1,softmax_whole_stage_operand_rate_atc,softmax_whole_stage_operand_rate_atc_v2,20260728_operand_rate_v2_final_reduction_session03_CAB,reduction,fp16x2,20260728_operand_rate_v2_final_reduction_session03_CAB_reduction_fp16x2,1,2,20260728_operand_rate_v2_final_reduction_session03_CAB_reduction_fp16x2_b1_r2_treatment,treatment,treatment,20260728_operand_rate_v2_final_reduction_session03_CAB_reduction_fp16x2_b1_r2_treatment_1785247566447,29,184319.25291055301,184319.25712637501,184319.255018464,0.004215822002151981,7.3460827069939114,10637413399,true,true,5dff3859ad319cb37301e68cfc6fde00723e3a42110ca93adb44c05e97098167
softmax_whole_stage_atc_trace_v1,softmax_whole_stage_operand_rate_atc,softmax_whole_stage_operand_rate_atc_v2,20260728_operand_rate_v2_final_reduction_session03_CAB,reduction,fp16x2,20260728_operand_rate_v2_final_reduction_session03_CAB_reduction_fp16x2,1,2,20260728_operand_rate_v2_final_reduction_session03_CAB_reduction_fp16x2_b1_r2_treatment,treatment,treatment,20260728_operand_rate_v2_final_reduction_session03_CAB_reduction_fp16x2_b1_r2_treatment_1785247566447,30,184319.50875422099,184319.51019148901,184319.50947285502,0.0014372680161613971,7.6005370980128646,10637454916,true,true,5dff3859ad319cb37301e68cfc6fde00723e3a42110ca93adb44c05e97098167
softmax_whole_stage_atc_trace_v1,softmax_whole_stage_operand_rate_atc,softmax_whole_stage_operand_rate_atc_v2,20260728_operand_rate_v2_final_reduction_session03_CAB,reduction,fp16x2,20260728_operand_rate_v2_final_reduction_session03_CAB_reduction_fp16x2,1,2,20260728_operand_rate_v2_final_reduction_session03_CAB_reduction_fp16x2_b1_r2_treatment,treatment,treatment,20260728_operand_rate_v2_final_reduction_session03_CAB_reduction_fp16x2_b1_r2_treatment_1785247566447,31,184319.76402698,184319.76545623201,184319.76474160602,0.0014292520063463598,7.8558058490161784,10637515776,true,true,5dff3859ad319cb37301e68cfc6fde00723e3a42110ca93adb44c05e97098167
softmax_whole_stage_atc_trace_v1,softmax_whole_stage_operand_rate_atc,softmax_whole_stage_operand_rate_atc_v2,20260728_operand_rate_v2_final_reduction_session03_CAB,reduction,fp16x2,20260728_operand_rate_v2_final_reduction_session03_CAB_reduction_fp16x2,1,2,20260728_operand_rate_v2_final_reduction_session03_CAB_reduction_fp16x2_b1_r2_treatment,treatment,treatment,20260728_operand_rate_v2_final_reduction_session03_CAB_reduction_fp16x2_b1_r2_treatment_1785247566447,32,184320.01668128601,184320.01806031601,184320.01737080101,0.0013790299999527633,8.1084350440069102,10637557170,true,true,5dff3859ad319cb37301e68cfc6fde00723e3a42110ca93adb44c05e97098167
softmax_whole_stage_atc_trace_v1,softmax_whole_stage_operand_rate_atc,softmax_whole_stage_operand_rate_atc_v2,20260728_operand_rate_v2_final_reduction_session03_CAB,reduction,fp16x2,20260728_operand_rate_v2_final_reduction_session03_CAB_reduction_fp16x2,1,2,20260728_operand_rate_v2_final_reduction_session03_CAB_reduction_fp16x2_b1_r2_treatment,treatment,treatment,20260728_operand_rate_v2_final_reduction_session03_CAB_reduction_fp16x2_b1_r2_treatment_1785247566447,33,184320.27007867699,184320.27145030099,184320.27076448899,0.0013716240064240992,8.3618287319841329,10637618005,true,true,5dff3859ad319cb37301e68cfc6fde00723e3a42110ca93adb44c05e97098167
softmax_whole_stage_atc_trace_v1,softmax_whole_stage_operand_rate_atc,softmax_whole_stage_operand_rate_atc_v2,20260728_operand_rate_v2_final_reduction_session03_CAB,reduction,fp16x2,20260728_operand_rate_v2_final_reduction_session03_CAB_reduction_fp16x2,1,2,20260728_operand_rate_v2_final_reduction_session03_CAB_reduction_fp16x2_b1_r2_treatment,treatment,treatment,20260728_operand_rate_v2_final_reduction_session03_CAB_reduction_fp16x2_b1_r2_treatment_1785247566447,34,184320.52498486501,184320.52635121299,184320.52566803899,0.0013663479767274112,8.6167322819819674,10637659707,true,true,5dff3859ad319cb37301e68cfc6fde00723e3a42110ca93adb44c05e97098167
softmax_whole_stage_atc_trace_v1,softmax_whole_stage_operand_rate_atc,softmax_whole_stage_operand_rate_atc_v2,20260728_operand_rate_v2_final_reduction_session03_CAB,reduction,fp16x2,20260728_operand_rate_v2_final_reduction_session03_CAB_reduction_fp16x2,1,2,20260728_operand_rate_v2_final_reduction_session03_CAB_reduction_fp16x2_b1_r2_treatment,treatment,treatment,20260728_operand_rate_v2_final_reduction_session03_CAB_reduction_fp16x2_b1_r2_treatment_1785247566447,35,184320.77956658701,184320.780951197,184320.78025889199,0.0013846099900547415,8.8713231349829584,10637720360,true,true,5dff3859ad319cb37301e68cfc6fde00723e3a42110ca93adb44c05e97098167
softmax_whole_stage_atc_trace_v1,softmax_whole_stage_operand_rate_atc,softmax_whole_stage_operand_rate_atc_v2,20260728_operand_rate_v2_final_reduction_session03_CAB,reduction,fp16x2,20260728_operand_rate_v2_final_reduction_session03_CAB_reduction_fp16x2,1,2,20260728_operand_rate_v2_final_reduction_session03_CAB_reduction_fp16x2_b1_r2_treatment,treatment,treatment,20260728_operand_rate_v2_final_reduction_session03_CAB_reduction_fp16x2_b1_r2_treatment_1785247566447,36,184321.03237876299,184321.033792695,184321.033085729,0.0014139320119284093,9.1241499719908461,10637761564,true,true,5dff3859ad319cb37301e68cfc6fde00723e3a42110ca93adb44c05e97098167
softmax_whole_stage_atc_trace_v1,softmax_whole_stage_operand_rate_atc,softmax_whole_stage_operand_rate_atc_v2,20260728_operand_rate_v2_final_reduction_session03_CAB,reduction,fp16x2,20260728_operand_rate_v2_final_reduction_session03_CAB_reduction_fp16x2,1,2,20260728_operand_rate_v2_final_reduction_session03_CAB_reduction_fp16x2_b1_r2_treatment,treatment,treatment,20260728_operand_rate_v2_final_reduction_session03_CAB_reduction_fp16x2_b1_r2_treatment_1785247566447,37,184321.28614303001,184321.28751100099,184321.28682701552,0.0013679709809366614,9.3778912585112266,10637822192,true,true,5dff3859ad319cb37301e68cfc6fde00723e3a42110ca93adb44c05e97098167
softmax_whole_stage_atc_trace_v1,softmax_whole_stage_operand_rate_atc,softmax_whole_stage_operand_rate_atc_v2,20260728_operand_rate_v2_final_reduction_session03_CAB,reduction,fp16x2,20260728_operand_rate_v2_final_reduction_session03_CAB_reduction_fp16x2,1,2,20260728_operand_rate_v2_final_reduction_session03_CAB_reduction_fp16x2_b1_r2_treatment,treatment,treatment,20260728_operand_rate_v2_final_reduction_session03_CAB_reduction_fp16x2_b1_r2_treatment_1785247566447,38,184321.53871170501,184321.54011194,184321.53941182251,0.0014002349926158786,9.630476065503899,10637863527,true,true,5dff3859ad319cb37301e68cfc6fde00723e3a42110ca93adb44c05e97098167
softmax_whole_stage_atc_trace_v1,softmax_whole_stage_operand_rate_atc,softmax_whole_stage_operand_rate_atc_v2,20260728_operand_rate_v2_final_reduction_session03_CAB,reduction,fp16x2,20260728_operand_rate_v2_final_reduction_session03_CAB_reduction_fp16x2,1,2,20260728_operand_rate_v2_final_reduction_session03_CAB_reduction_fp16x2_b1_r2_treatment,treatment,treatment,20260728_operand_rate_v2_final_reduction_session03_CAB_reduction_fp16x2_b1_r2_treatment_1785247566447,39,184321.79394698501,184321.79542322099,184321.794685103,0.0014762359787710011,9.8857493459945545,10637924274,true,true,5dff3859ad319cb37301e68cfc6fde00723e3a42110ca93adb44c05e97098167
softmax_whole_stage_atc_trace_v1,softmax_whole_stage_operand_rate_atc,softmax_whole_stage_operand_rate_atc_v2,20260728_operand_rate_v2_final_reduction_session03_CAB,reduction,fp16x2,20260728_operand_rate_v2_final_reduction_session03_CAB_reduction_fp16x2,1,2,20260728_operand_rate_v2_final_reduction_session03_CAB_reduction_fp16x2_b1_r2_treatment,treatment,treatment,20260728_operand_rate_v2_final_reduction_session03_CAB_reduction_fp16x2_b1_r2_treatment_1785247566447,40,184322.047035258,184322.048554209,184322.04779473349,0.0015189510013442487,10.138858976482879,10637965421,true,true,5dff3859ad319cb37301e68cfc6fde00723e3a42110ca93adb44c05e97098167
softmax_whole_stage_atc_trace_v1,softmax_whole_stage_operand_rate_atc,softmax_whole_stage_operand_rate_atc_v2,20260728_operand_rate_v2_final_reduction_session03_CAB,reduction,fp16x2,20260728_operand_rate_v2_final_reduction_session03_CAB_reduction_fp16x2,1,2,20260728_operand_rate_v2_final_reduction_session03_CAB_reduction_fp16x2_b1_r2_treatment,treatment,treatment,20260728_operand_rate_v2_final_reduction_session03_CAB_reduction_fp16x2_b1_r2_treatment_1785247566447,41,184322.29876854,184322.30017375399,184322.29947114701,0.0014052139886189252,10.390535390004516,10638025874,true,true,5dff3859ad319cb37301e68cfc6fde00723e3a42110ca93adb44c05e97098167
softmax_whole_stage_atc_trace_v1,softmax_whole_stage_operand_rate_atc,softmax_whole_stage_operand_rate_atc_v2,20260728_operand_rate_v2_final_reduction_session03_CAB,reduction,fp16x2,20260728_operand_rate_v2_final_reduction_session03_CAB_reduction_fp16x2,1,2,20260728_operand_rate_v2_final_reduction_session03_CAB_reduction_fp16x2_b1_r2_treatment,treatment,treatment,20260728_operand_rate_v2_final_reduction_session03_CAB_reduction_fp16x2_b1_r2_treatment_1785247566447,42,184322.552082763,184322.55354165001,184322.5528122065,0.0014588870108127594,10.64387644949602,10638067473,true,true,5dff3859ad319cb37301e68cfc6fde00723e3a42110ca93adb44c05e97098167
softmax_whole_stage_atc_trace_v1,softmax_whole_stage_operand_rate_atc,softmax_whole_stage_operand_rate_atc_v2,20260728_operand_rate_v2_final_reduction_session03_CAB,reduction,fp16x2,20260728_operand_rate_v2_final_reduction_session03_CAB_reduction_fp16x2,1,2,20260728_operand_rate_v2_final_reduction_session03_CAB_reduction_fp16x2_b1_r2_treatment,treatment,treatment,20260728_operand_rate_v2_final_reduction_session03_CAB_reduction_fp16x2_b1_r2_treatment_1785247566447,43,184322.807323399,184322.80869655299,184322.808009976,0.0013731539947912097,10.89907421899261,10638128266,true,true,5dff3859ad319cb37301e68cfc6fde00723e3a42110ca93adb44c05e97098167
softmax_whole_stage_atc_trace_v1,softmax_whole_stage_operand_rate_atc,softmax_whole_stage_operand_rate_atc_v2,20260728_operand_rate_v2_final_reduction_session03_CAB,reduction,fp16x2,20260728_operand_rate_v2_final_reduction_session03_CAB_reduction_fp16x2,1,2,20260728_operand_rate_v2_final_reduction_session03_CAB_reduction_fp16x2_b1_r2_treatment,treatment,treatment,20260728_operand_rate_v2_final_reduction_session03_CAB_reduction_fp16x2_b1_r2_treatment_1785247566447,44,184323.060474375,184323.061912259,184323.061193317,0.0014378839987330139,11.152257559995633,10638169485,true,true,5dff3859ad319cb37301e68cfc6fde00723e3a42110ca93adb44c05e97098167
softmax_whole_stage_atc_trace_v1,softmax_whole_stage_operand_rate_atc,softmax_whole_stage_operand_rate_atc_v2,20260728_operand_rate_v2_final_reduction_session03_CAB,reduction,fp16x2,20260728_operand_rate_v2_final_reduction_session03_CAB_reduction_fp16x2,1,2,20260728_operand_rate_v2_final_reduction_session03_CAB_reduction_fp16x2_b1_r2_treatment,treatment,treatment,20260728_operand_rate_v2_final_reduction_session03_CAB_reduction_fp16x2_b1_r2_treatment_1785247566447,45,184323.31226183599,184323.31425744301,184323.31325963949,0.0019956070173066109,11.404323882481549,10638229961,true,true,5dff3859ad319cb37301e68cfc6fde00723e3a42110ca93adb44c05e97098167
softmax_whole_stage_atc_trace_v1,softmax_whole_stage_operand_rate_atc,softmax_whole_stage_operand_rate_atc_v2,20260728_operand_rate_v2_final_reduction_session03_CAB,reduction,fp16x2,20260728_operand_rate_v2_final_reduction_session03_CAB_reduction_fp16x2,1,2,20260728_operand_rate_v2_final_reduction_session03_CAB_reduction_fp16x2_b1_r2_treatment,treatment,treatment,20260728_operand_rate_v2_final_reduction_session03_CAB_reduction_fp16x2_b1_r2_treatment_1785247566447,46,184323.56524002599,184323.566645443,184323.56594273448,0.0014054170169401914,11.657006977475248,10638271506,true,true,5dff3859ad319cb37301e68cfc6fde00723e3a42110ca93adb44c05e97098167
softmax_whole_stage_atc_trace_v1,softmax_whole_stage_operand_rate_atc,softmax_whole_stage_operand_rate_atc_v2,20260728_operand_rate_v2_final_reduction_session03_CAB,reduction,fp16x2,20260728_operand_rate_v2_final_reduction_session03_CAB_reduction_fp16x2,1,2,20260728_operand_rate_v2_final_reduction_session03_CAB_reduction_fp16x2_b1_r2_treatment,treatment,treatment,20260728_operand_rate_v2_final_reduction_session03_CAB_reduction_fp16x2_b1_r2_treatment_1785247566447,47,184323.82047021101,184323.82191022599,184323.8211902185,0.0014400149811990559,11.91225446149474,10638332490,true,true,5dff3859ad319cb37301e68cfc6fde00723e3a42110ca93adb44c05e97098167
softmax_whole_stage_atc_trace_v1,softmax_whole_stage_operand_rate_atc,softmax_whole_stage_operand_rate_atc_v2,20260728_operand_rate_v2_final_reduction_session03_CAB,reduction,fp16x2,20260728_operand_rate_v2_final_reduction_session03_CAB_reduction_fp16x2,1,2,20260728_operand_rate_v2_final_reduction_session03_CAB_reduction_fp16x2_b1_r2_treatment,treatment,treatment,20260728_operand_rate_v2_final_reduction_session03_CAB_reduction_fp16x2_b1_r2_treatment_1785247566447,48,184324.072357914,184324.07379752299,184324.07307771849,0.0014396089827641845,12.164141961489804,10638373974,true,true,5dff3859ad319cb37301e68cfc6fde00723e3a42110ca93adb44c05e97098167
softmax_whole_stage_atc_trace_v1,softmax_whole_stage_operand_rate_atc,softmax_whole_stage_operand_rate_atc_v2,20260728_operand_rate_v2_final_reduction_session03_CAB,reduction,fp16x2,20260728_operand_rate_v2_final_reduction_session03_CAB_reduction_fp16x2,1,2,20260728_operand_rate_v2_final_reduction_session03_CAB_reduction_fp16x2_b1_r2_treatment,treatment,treatment,20260728_operand_rate_v2_final_reduction_session03_CAB_reduction_fp16x2_b1_r2_treatment_1785247566447,49,184324.324294622,184324.32856069101,184324.32642765652,0.0042660690087359399,12.417491899512243,10638435101,true,true,5dff3859ad319cb37301e68cfc6fde00723e3a42110ca93adb44c05e97098167
softmax_whole_stage_atc_trace_v1,softmax_whole_stage_operand_rate_atc,softmax_whole_stage_operand_rate_atc_v2,20260728_operand_rate_v2_final_reduction_session03_CAB,reduction,fp16x2,20260728_operand_rate_v2_final_reduction_session03_CAB_reduction_fp16x2,1,2,20260728_operand_rate_v2_final_reduction_session03_CAB_reduction_fp16x2_b1_r2_treatment,treatment,treatment,20260728_operand_rate_v2_final_reduction_session03_CAB_reduction_fp16x2_b1_r2_treatment_1785247566447,50,184324.582347513,184324.583882393,184324.58311495301,0.0015348799934145063,12.674179196008481,10638476779,true,true,5dff3859ad319cb37301e68cfc6fde00723e3a42110ca93adb44c05e97098167
softmax_whole_stage_atc_trace_v1,softmax_whole_stage_operand_rate_atc,softmax_whole_stage_operand_rate_atc_v2,20260728_operand_rate_v2_final_reduction_session03_CAB,reduction,fp16x2,20260728_operand_rate_v2_final_reduction_session03_CAB_reduction_fp16x2,1,2,20260728_operand_rate_v2_final_reduction_session03_CAB_reduction_fp16x2_b1_r2_treatment,treatment,treatment,20260728_operand_rate_v2_final_reduction_session03_CAB_reduction_fp16x2_b1_r2_treatment_1785247566447,51,184324.83770766901,184324.83919131101,184324.83844949002,0.0014836420014034957,12.929513733019121,10638537303,true,true,5dff3859ad319cb37301e68cfc6fde00723e3a42110ca93adb44c05e97098167
softmax_whole_stage_atc_trace_v1,softmax_whole_stage_operand_rate_atc,softmax_whole_stage_operand_rate_atc_v2,20260728_operand_rate_v2_final_reduction_session03_CAB,reduction,fp16x2,20260728_operand_rate_v2_final_reduction_session03_CAB_reduction_fp16x2,1,2,20260728_operand_rate_v2_final_reduction_session03_CAB_reduction_fp16x2_b1_r2_treatment,treatment,treatment,20260728_operand_rate_v2_final_reduction_session03_CAB_reduction_fp16x2_b1_r2_treatment_1785247566447,52,184325.08940442401,184325.09086635499,184325.0901353895,0.0014619309804402292,13.181199632497737,10638578266,true,false,5dff3859ad319cb37301e68cfc6fde00723e3a42110ca93adb44c05e97098167
softmax_whole_stage_atc_trace_v1,softmax_whole_stage_operand_rate_atc,softmax_whole_stage_operand_rate_atc_v2,20260728_operand_rate_v2_final_reduction_session03_CAB,reduction,fp16x2,20260728_operand_rate_v2_final_reduction_session03_CAB_reduction_fp16x2,1,2,20260728_operand_rate_v2_final_reduction_session03_CAB_reduction_fp16x2_b1_r2_treatment,treatment,treatment,20260728_operand_rate_v2_final_reduction_session03_CAB_reduction_fp16x2_b1_r2_treatment_1785247566447,53,184325.34157662001,184325.34296377501,184325.34227019752,0.001387155003612861,13.433334440516774,10638638885,true,false,5dff3859ad319cb37301e68cfc6fde00723e3a42110ca93adb44c05e97098167
softmax_whole_stage_atc_trace_v1,softmax_whole_stage_operand_rate_atc,softmax_whole_stage_operand_rate_atc_v2,20260728_operand_rate_v2_final_reduction_session03_CAB,reduction,fp16x2,20260728_operand_rate_v2_final_reduction_session03_CAB_reduction_fp16x2,1,2,20260728_operand_rate_v2_final_reduction_session03_CAB_reduction_fp16x2_b1_r2_treatment,treatment,treatment,20260728_operand_rate_v2_final_reduction_session03_CAB_reduction_fp16x2_b1_r2_treatment_1785247566447,54,184325.59337229899,184325.594759859,184325.59406607901,0.0013875600125174969,13.685130322002806,10638676862,true,false,5dff3859ad319cb37301e68cfc6fde00723e3a42110ca93adb44c05e97098167
softmax_whole_stage_atc_trace_v1,softmax_whole_stage_operand_rate_atc,softmax_whole_stage_operand_rate_atc_v2,20260728_operand_rate_v2_final_reduction_session03_CAB,reduction,fp16x2,20260728_operand_rate_v2_final_reduction_session03_CAB_reduction_fp16x2,1,2,20260728_operand_rate_v2_final_reduction_session03_CAB_reduction_fp16x2_b1_r2_treatment,treatment,treatment,20260728_operand_rate_v2_final_reduction_session03_CAB_reduction_fp16x2_b1_r2_treatment_1785247566447,55,184325.594763106,184325.59594561701,184325.59535436152,0.0011825110123027116,13.686418604513165,10638676862,false,false,5dff3859ad319cb37301e68cfc6fde00723e3a42110ca93adb44c05e97098167
softmax_whole_stage_atc_trace_v1,softmax_whole_stage_operand_rate_atc,softmax_whole_stage_operand_rate_atc_v2,20260728_operand_rate_v2_final_reduction_session03_CAB,reduction,fp32,20260728_operand_rate_v2_final_reduction_session03_CAB_reduction_fp32,0,0,20260728_operand_rate_v2_final_reduction_session03_CAB_reduction_fp32_b0_r0_control,control,control,20260728_operand_rate_v2_final_reduction_session03_CAB_reduction_fp32_b0_r0_control_1785247581161,0,184326.62842107899,184326.62970474499,184326.62906291199,0.0012836660025641322,0.00071153597673401237,10638809826,false,false,5dff3859ad319cb37301e68cfc6fde00723e3a42110ca93adb44c05e97098167
softmax_whole_stage_atc_trace_v1,softmax_whole_stage_operand_rate_atc,softmax_whole_stage_operand_rate_atc_v2,20260728_operand_rate_v2_final_reduction_session03_CAB,reduction,fp32,20260728_operand_rate_v2_final_reduction_session03_CAB_reduction_fp32,0,0,20260728_operand_rate_v2_final_reduction_session03_CAB_reduction_fp32_b0_r0_control,control,control,20260728_operand_rate_v2_final_reduction_session03_CAB_reduction_fp32_b0_r0_control_1785247581161,1,184326.88352413601,184326.88492630699,184326.8842252215,0.0014021709794178605,0.25587384548271075,10638870423,true,false,5dff3859ad319cb37301e68cfc6fde00723e3a42110ca93adb44c05e97098167
softmax_whole_stage_atc_trace_v1,softmax_whole_stage_operand_rate_atc,softmax_whole_stage_operand_rate_atc_v2,20260728_operand_rate_v2_final_reduction_session03_CAB,reduction,fp32,20260728_operand_rate_v2_final_reduction_session03_CAB_reduction_fp32,0,0,20260728_operand_rate_v2_final_reduction_session03_CAB_reduction_fp32_b0_r0_control,control,control,20260728_operand_rate_v2_final_reduction_session03_CAB_reduction_fp32_b0_r0_control_1785247581161,2,184327.13521652899,184327.137646688,184327.13643160849,0.0024301590165123343,0.50808023248100653,10638917809,true,false,5dff3859ad319cb37301e68cfc6fde00723e3a42110ca93adb44c05e97098167
softmax_whole_stage_atc_trace_v1,softmax_whole_stage_operand_rate_atc,softmax_whole_stage_operand_rate_atc_v2,20260728_operand_rate_v2_final_reduction_session03_CAB,reduction,fp32,20260728_operand_rate_v2_final_reduction_session03_CAB_reduction_fp32,0,0,20260728_operand_rate_v2_final_reduction_session03_CAB_reduction_fp32_b0_r0_control,control,control,20260728_operand_rate_v2_final_reduction_session03_CAB_reduction_fp32_b0_r0_control_1785247581161,3,184327.388943186,184327.39103112201,184327.38998715399,0.0020879360090475529,0.76163577797706239,10638987789,true,true,5dff3859ad319cb37301e68cfc6fde00723e3a42110ca93adb44c05e97098167
softmax_whole_stage_atc_trace_v1,softmax_whole_stage_operand_rate_atc,softmax_whole_stage_operand_rate_atc_v2,20260728_operand_rate_v2_final_reduction_session03_CAB,reduction,fp32,20260728_operand_rate_v2_final_reduction_session03_CAB_reduction_fp32,0,0,20260728_operand_rate_v2_final_reduction_session03_CAB_reduction_fp32_b0_r0_control,control,control,20260728_operand_rate_v2_final_reduction_session03_CAB_reduction_fp32_b0_r0_control_1785247581161,4,184327.64135431801,184327.64278094101,184327.64206762949,0.0014266229991335422,1.0137162534811068,10639035214,true,true,5dff3859ad319cb37301e68cfc6fde00723e3a42110ca93adb44c05e97098167
softmax_whole_stage_atc_trace_v1,softmax_whole_stage_operand_rate_atc,softmax_whole_stage_operand_rate_atc_v2,20260728_operand_rate_v2_final_reduction_session03_CAB,reduction,fp32,20260728_operand_rate_v2_final_reduction_session03_CAB_reduction_fp32,0,0,20260728_operand_rate_v2_final_reduction_session03_CAB_reduction_fp32_b0_r0_control,control,control,20260728_operand_rate_v2_final_reduction_session03_CAB_reduction_fp32_b0_r0_control_1785247581161,5,184327.89660428901,184327.89807910399,184327.89734169649,0.0014748149842489511,1.2689903204736765,10639104953,true,true,5dff3859ad319cb37301e68cfc6fde00723e3a42110ca93adb44c05e97098167
softmax_whole_stage_atc_trace_v1,softmax_whole_stage_operand_rate_atc,softmax_whole_stage_operand_rate_atc_v2,20260728_operand_rate_v2_final_reduction_session03_CAB,reduction,fp32,20260728_operand_rate_v2_final_reduction_session03_CAB_reduction_fp32,0,0,20260728_operand_rate_v2_final_reduction_session03_CAB_reduction_fp32_b0_r0_control,control,control,20260728_operand_rate_v2_final_reduction_session03_CAB_reduction_fp32_b0_r0_control_1785247581161,6,184328.14838393699,184328.14979858699,184328.14909126199,0.001414650003425777,1.5207398859784007,10639152517,true,true,5dff3859ad319cb37301e68cfc6fde00723e3a42110ca93adb44c05e97098167
softmax_whole_stage_atc_trace_v1,softmax_whole_stage_operand_rate_atc,softmax_whole_stage_operand_rate_atc_v2,20260728_operand_rate_v2_final_reduction_session03_CAB,reduction,fp32,20260728_operand_rate_v2_final_reduction_session03_CAB_reduction_fp32,0,0,20260728_operand_rate_v2_final_reduction_session03_CAB_reduction_fp32_b0_r0_control,control,control,20260728_operand_rate_v2_final_reduction_session03_CAB_reduction_fp32_b0_r0_control_1785247581161,7,184328.40125234801,184328.405214951,184328.4032336495,0.0039626029902137816,1.7748822734865826,10639222517,true,true,5dff3859ad319cb37301e68cfc6fde00723e3a42110ca93adb44c05e97098167
softmax_whole_stage_atc_trace_v1,softmax_whole_stage_operand_rate_atc,softmax_whole_stage_operand_rate_atc_v2,20260728_operand_rate_v2_final_reduction_session03_CAB,reduction,fp32,20260728_operand_rate_v2_final_reduction_session03_CAB_reduction_fp32,0,0,20260728_operand_rate_v2_final_reduction_session03_CAB_reduction_fp32_b0_r0_control,control,control,20260728_operand_rate_v2_final_reduction_session03_CAB_reduction_fp32_b0_r0_control_1785247581161,8,184328.65900045499,184328.66039948,184328.65969996748,0.0013990250008646399,2.0313485914666671,10639270224,true,true,5dff3859ad319cb37301e68cfc6fde00723e3a42110ca93adb44c05e97098167
softmax_whole_stage_atc_trace_v1,softmax_whole_stage_operand_rate_atc,softmax_whole_stage_operand_rate_atc_v2,20260728_operand_rate_v2_final_reduction_session03_CAB,reduction,fp32,20260728_operand_rate_v2_final_reduction_session03_CAB_reduction_fp32,0,0,20260728_operand_rate_v2_final_reduction_session03_CAB_reduction_fp32_b0_r0_control,control,control,20260728_operand_rate_v2_final_reduction_session03_CAB_reduction_fp32_b0_r0_control_1785247581161,9,184328.91421521801,184328.915622564,184328.91491889101,0.0014073459897190332,2.286567514995113,10639339582,true,true,5dff3859ad319cb37301e68cfc6fde00723e3a42110ca93adb44c05e97098167
softmax_whole_stage_atc_trace_v1,softmax_whole_stage_operand_rate_atc,softmax_whole_stage_operand_rate_atc_v2,20260728_operand_rate_v2_final_reduction_session03_CAB,reduction,fp32,20260728_operand_rate_v2_final_reduction_session03_CAB_reduction_fp32,0,0,20260728_operand_rate_v2_final_reduction_session03_CAB_reduction_fp32_b0_r0_control,control,control,20260728_operand_rate_v2_final_reduction_session03_CAB_reduction_fp32_b0_r0_control_1785247581161,10,184329.166184495,184329.16752538399,184329.16685493948,0.0013408889935817569,2.5385035634681117,10639386649,true,true,5dff3859ad319cb37301e68cfc6fde00723e3a42110ca93adb44c05e97098167
softmax_whole_stage_atc_trace_v1,softmax_whole_stage_operand_rate_atc,softmax_whole_stage_operand_rate_atc_v2,20260728_operand_rate_v2_final_reduction_session03_CAB,reduction,fp32,20260728_operand_rate_v2_final_reduction_session03_CAB_reduction_fp32,0,0,20260728_operand_rate_v2_final_reduction_session03_CAB_reduction_fp32_b0_r0_control,control,control,20260728_operand_rate_v2_final_reduction_session03_CAB_reduction_fp32_b0_r0_control_1785247581161,11,184329.419225488,184329.42061548401,184329.41992048599,0.0013899960031267256,2.7915691099769901,10639456166,true,true,5dff3859ad319cb37301e68cfc6fde00723e3a42110ca93adb44c05e97098167
softmax_whole_stage_atc_trace_v1,softmax_whole_stage_operand_rate_atc,softmax_whole_stage_operand_rate_atc_v2,20260728_operand_rate_v2_final_reduction_session03_CAB,reduction,fp32,20260728_operand_rate_v2_final_reduction_session03_CAB_reduction_fp32,0,0,20260728_operand_rate_v2_final_reduction_session03_CAB_reduction_fp32_b0_r0_control,control,control,20260728_operand_rate_v2_final_reduction_session03_CAB_reduction_fp32_b0_r0_control_1785247581161,12,184329.67112526399,184329.67247406699,184329.67179966549,0.0013488029944710433,3.0434482894779649,10639503859,true,true,5dff3859ad319cb37301e68cfc6fde00723e3a42110ca93adb44c05e97098167
softmax_whole_stage_atc_trace_v1,softmax_whole_stage_operand_rate_atc,softmax_whole_stage_operand_rate_atc_v2,20260728_operand_rate_v2_final_reduction_session03_CAB,reduction,fp32,20260728_operand_rate_v2_final_reduction_session03_CAB_reduction_fp32,0,0,20260728_operand_rate_v2_final_reduction_session03_CAB_reduction_fp32_b0_r0_control,control,control,20260728_operand_rate_v2_final_reduction_session03_CAB_reduction_fp32_b0_r0_control_1785247581161,13,184329.92365425901,184329.92670267701,184329.92517846799,0.0030484180024359375,3.2968270919809584,10639574014,true,true,5dff3859ad319cb37301e68cfc6fde00723e3a42110ca93adb44c05e97098167
softmax_whole_stage_atc_trace_v1,softmax_whole_stage_operand_rate_atc,softmax_whole_stage_operand_rate_atc_v2,20260728_operand_rate_v2_final_reduction_session03_CAB,reduction,fp32,20260728_operand_rate_v2_final_reduction_session03_CAB_reduction_fp32,0,0,20260728_operand_rate_v2_final_reduction_session03_CAB_reduction_fp32_b0_r0_control,control,control,20260728_operand_rate_v2_final_reduction_session03_CAB_reduction_fp32_b0_r0_control_1785247581161,14,184330.177422295,184330.17882049299,184330.17812139401,0.0013981979864183813,3.5497700179985259,10639621992,true,true,5dff3859ad319cb37301e68cfc6fde00723e3a42110ca93adb44c05e97098167
softmax_whole_stage_atc_trace_v1,softmax_whole_stage_operand_rate_atc,softmax_whole_stage_operand_rate_atc_v2,20260728_operand_rate_v2_final_reduction_session03_CAB,reduction,fp32,20260728_operand_rate_v2_final_reduction_session03_CAB_reduction_fp32,0,0,20260728_operand_rate_v2_final_reduction_session03_CAB_reduction_fp32_b0_r0_control,control,control,20260728_operand_rate_v2_final_reduction_session03_CAB_reduction_fp32_b0_r0_control_1785247581161,15,184330.430633629,184330.43393965001,184330.43228663952,0.0033060210116673261,3.8039352635096293,10639692247,true,true,5dff3859ad319cb37301e68cfc6fde00723e3a42110ca93adb44c05e97098167
softmax_whole_stage_atc_trace_v1,softmax_whole_stage_operand_rate_atc,softmax_whole_stage_operand_rate_atc_v2,20260728_operand_rate_v2_final_reduction_session03_CAB,reduction,fp32,20260728_operand_rate_v2_final_reduction_session03_CAB_reduction_fp32,0,0,20260728_operand_rate_v2_final_reduction_session03_CAB_reduction_fp32_b0_r0_control,control,control,20260728_operand_rate_v2_final_reduction_session03_CAB_reduction_fp32_b0_r0_control_1785247581161,16,184330.68776095199,184330.68913409,184330.68844752101,0.001373138016788289,4.0600961449963506,10639740095,true,true,5dff3859ad319cb37301e68cfc6fde00723e3a42110ca93adb44c05e97098167
softmax_whole_stage_atc_trace_v1,softmax_whole_stage_operand_rate_atc,softmax_whole_stage_operand_rate_atc_v2,20260728_operand_rate_v2_final_reduction_session03_CAB,reduction,fp32,20260728_operand_rate_v2_final_reduction_session03_CAB_reduction_fp32,0,0,20260728_operand_rate_v2_final_reduction_session03_CAB_reduction_fp32_b0_r0_control,control,control,20260728_operand_rate_v2_final_reduction_session03_CAB_reduction_fp32_b0_r0_control_1785247581161,17,184330.94294839099,184330.94430681801,184330.94362760452,0.0013584270200226456,4.3152762285026256,10639809487,true,true,5dff3859ad319cb37301e68cfc6fde00723e3a42110ca93adb44c05e97098167
softmax_whole_stage_atc_trace_v1,softmax_whole_stage_operand_rate_atc,softmax_whole_stage_operand_rate_atc_v2,20260728_operand_rate_v2_final_reduction_session03_CAB,reduction,fp32,20260728_operand_rate_v2_final_reduction_session03_CAB_reduction_fp32,0,0,20260728_operand_rate_v2_final_reduction_session03_CAB_reduction_fp32_b0_r0_control,control,control,20260728_operand_rate_v2_final_reduction_session03_CAB_reduction_fp32_b0_r0_control_1785247581161,18,184331.19545976401,184331.196845381,184331.19615257252,0.0013856169825885445,4.5678011965064798,10639856438,true,true,5dff3859ad319cb37301e68cfc6fde00723e3a42110ca93adb44c05e97098167
softmax_whole_stage_atc_trace_v1,softmax_whole_stage_operand_rate_atc,softmax_whole_stage_operand_rate_atc_v2,20260728_operand_rate_v2_final_reduction_session03_CAB,reduction,fp32,20260728_operand_rate_v2_final_reduction_session03_CAB_reduction_fp32,0,0,20260728_operand_rate_v2_final_reduction_session03_CAB_reduction_fp32_b0_r0_control,control,control,20260728_operand_rate_v2_final_reduction_session03_CAB_reduction_fp32_b0_r0_control_1785247581161,19,184331.44889004499,184331.450299708,184331.4495948765,0.0014096630038693547,4.8212435004825238,10639925530,true,true,5dff3859ad319cb37301e68cfc6fde00723e3a42110ca93adb44c05e97098167
softmax_whole_stage_atc_trace_v1,softmax_whole_stage_operand_rate_atc,softmax_whole_stage_operand_rate_atc_v2,20260728_operand_rate_v2_final_reduction_session03_CAB,reduction,fp32,20260728_operand_rate_v2_final_reduction_session03_CAB_reduction_fp32,0,0,20260728_operand_rate_v2_final_reduction_session03_CAB_reduction_fp32_b0_r0_control,control,control,20260728_operand_rate_v2_final_reduction_session03_CAB_reduction_fp32_b0_r0_control_1785247581161,20,184331.700459174,184331.70178767,184331.70112342201,0.0013284960004966706,5.0727720459981356,10639972632,true,true,5dff3859ad319cb37301e68cfc6fde00723e3a42110ca93adb44c05e97098167
softmax_whole_stage_atc_trace_v1,softmax_whole_stage_operand_rate_atc,softmax_whole_stage_operand_rate_atc_v2,20260728_operand_rate_v2_final_reduction_session03_CAB,reduction,fp32,20260728_operand_rate_v2_final_reduction_session03_CAB_reduction_fp32,0,0,20260728_operand_rate_v2_final_reduction_session03_CAB_reduction_fp32_b0_r0_control,control,control,20260728_operand_rate_v2_final_reduction_session03_CAB_reduction_fp32_b0_r0_control_1785247581161,21,184331.95550873099,184331.95697094899,184331.95623983999,0.0014622180024161935,5.3278884639730677,10640042158,true,true,5dff3859ad319cb37301e68cfc6fde00723e3a42110ca93adb44c05e97098167
softmax_whole_stage_atc_trace_v1,softmax_whole_stage_operand_rate_atc,softmax_whole_stage_operand_rate_atc_v2,20260728_operand_rate_v2_final_reduction_session03_CAB,reduction,fp32,20260728_operand_rate_v2_final_reduction_session03_CAB_reduction_fp32,0,0,20260728_operand_rate_v2_final_reduction_session03_CAB_reduction_fp32_b0_r0_control,control,control,20260728_operand_rate_v2_final_reduction_session03_CAB_reduction_fp32_b0_r0_control_1785247581161,22,184332.20810451699,184332.209480394,184332.20879245549,0.0013758770073764026,5.5804410794808064,10640089421,true,true,5dff3859ad319cb37301e68cfc6fde00723e3a42110ca93adb44c05e97098167
softmax_whole_stage_atc_trace_v1,softmax_whole_stage_operand_rate_atc,softmax_whole_stage_operand_rate_atc_v2,20260728_operand_rate_v2_final_reduction_session03_CAB,reduction,fp32,20260728_operand_rate_v2_final_reduction_session03_CAB_reduction_fp32,0,0,20260728_operand_rate_v2_final_reduction_session03_CAB_reduction_fp32_b0_r0_control,control,control,20260728_operand_rate_v2_final_reduction_session03_CAB_reduction_fp32_b0_r0_control_1785247581161,23,184332.459727824,184332.46247754901,184332.4611026865,0.0027497250121086836,5.8327513104886748,10640158902,true,true,5dff3859ad319cb37301e68cfc6fde00723e3a42110ca93adb44c05e97098167
softmax_whole_stage_atc_trace_v1,softmax_whole_stage_operand_rate_atc,softmax_whole_stage_operand_rate_atc_v2,20260728_operand_rate_v2_final_reduction_session03_CAB,reduction,fp32,20260728_operand_rate_v2_final_reduction_session03_CAB_reduction_fp32,0,0,20260728_operand_rate_v2_final_reduction_session03_CAB_reduction_fp32_b0_r0_control,control,control,20260728_operand_rate_v2_final_reduction_session03_CAB_reduction_fp32_b0_r0_control_1785247581161,24,184332.71625593401,184332.71765565401,184332.71695579402,0.0013997200003359467,6.0886044180078898,10640206710,true,true,5dff3859ad319cb37301e68cfc6fde00723e3a42110ca93adb44c05e97098167
softmax_whole_stage_atc_trace_v1,softmax_whole_stage_operand_rate_atc,softmax_whole_stage_operand_rate_atc_v2,20260728_operand_rate_v2_final_reduction_session03_CAB,reduction,fp32,20260728_operand_rate_v2_final_reduction_session03_CAB_reduction_fp32,0,0,20260728_operand_rate_v2_final_reduction_session03_CAB_reduction_fp32_b0_r0_control,control,control,20260728_operand_rate_v2_final_reduction_session03_CAB_reduction_fp32_b0_r0_control_1785247581161,25,184332.97144134401,184332.97281742399,184332.972129384,0.0013760799774900079,6.3437780079839285,10640276193,true,true,5dff3859ad319cb37301e68cfc6fde00723e3a42110ca93adb44c05e97098167
softmax_whole_stage_atc_trace_v1,softmax_whole_stage_operand_rate_atc,softmax_whole_stage_operand_rate_atc_v2,20260728_operand_rate_v2_final_reduction_session03_CAB,reduction,fp32,20260728_operand_rate_v2_final_reduction_session03_CAB_reduction_fp32,0,0,20260728_operand_rate_v2_final_reduction_session03_CAB_reduction_fp32_b0_r0_control,control,control,20260728_operand_rate_v2_final_reduction_session03_CAB_reduction_fp32_b0_r0_control_1785247581161,26,184333.224397713,184333.22579793999,184333.22509782651,0.001400226989062503,6.5967464504938107,10640323340,true,true,5dff3859ad319cb37301e68cfc6fde00723e3a42110ca93adb44c05e97098167
softmax_whole_stage_atc_trace_v1,softmax_whole_stage_operand_rate_atc,softmax_whole_stage_operand_rate_atc_v2,20260728_operand_rate_v2_final_reduction_session03_CAB,reduction,fp32,20260728_operand_rate_v2_final_reduction_session03_CAB_reduction_fp32,0,0,20260728_operand_rate_v2_final_reduction_session03_CAB_reduction_fp32_b0_r0_control,control,control,20260728_operand_rate_v2_final_reduction_session03_CAB_reduction_fp32_b0_r0_control_1785247581161,27,184333.47823534999,184333.47963902701,184333.47893718851,0.0014036770153325051,6.8505858124990482,10640392707,true,true,5dff3859ad319cb37301e68cfc6fde00723e3a42110ca93adb44c05e97098167
softmax_whole_stage_atc_trace_v1,softmax_whole_stage_operand_rate_atc,softmax_whole_stage_operand_rate_atc_v2,20260728_operand_rate_v2_final_reduction_session03_CAB,reduction,fp32,20260728_operand_rate_v2_final_reduction_session03_CAB_reduction_fp32,0,0,20260728_operand_rate_v2_final_reduction_session03_CAB_reduction_fp32_b0_r0_control,control,control,20260728_operand_rate_v2_final_reduction_session03_CAB_reduction_fp32_b0_r0_control_1785247581161,28,184333.72974715399,184333.731075955,184333.73041155451,0.0013288010086398572,7.1020601784985047,10640439981,true,true,5dff3859ad319cb37301e68cfc6fde00723e3a42110ca93adb44c05e97098167
softmax_whole_stage_atc_trace_v1,softmax_whole_stage_operand_rate_atc,softmax_whole_stage_operand_rate_atc_v2,20260728_operand_rate_v2_final_reduction_session03_CAB,reduction,fp32,20260728_operand_rate_v2_final_reduction_session03_CAB_reduction_fp32,0,0,20260728_operand_rate_v2_final_reduction_session03_CAB_reduction_fp32_b0_r0_control,control,control,20260728_operand_rate_v2_final_reduction_session03_CAB_reduction_fp32_b0_r0_control_1785247581161,29,184333.98242309201,184333.983828595,184333.98312584352,0.0014055029896553606,7.3547744675015565,10640509856,true,true,5dff3859ad319cb37301e68cfc6fde00723e3a42110ca93adb44c05e97098167
softmax_whole_stage_atc_trace_v1,softmax_whole_stage_operand_rate_atc,softmax_whole_stage_operand_rate_atc_v2,20260728_operand_rate_v2_final_reduction_session03_CAB,reduction,fp32,20260728_operand_rate_v2_final_reduction_session03_CAB_reduction_fp32,0,0,20260728_operand_rate_v2_final_reduction_session03_CAB_reduction_fp32_b0_r0_control,control,control,20260728_operand_rate_v2_final_reduction_session03_CAB_reduction_fp32_b0_r0_control_1785247581161,30,184334.23536464799,184334.23668239001,184334.23602351901,0.0013177420187275857,7.6076721429999452,10640557881,true,true,5dff3859ad319cb37301e68cfc6fde00723e3a42110ca93adb44c05e97098167
softmax_whole_stage_atc_trace_v1,softmax_whole_stage_operand_rate_atc,softmax_whole_stage_operand_rate_atc_v2,20260728_operand_rate_v2_final_reduction_session03_CAB,reduction,fp32,20260728_operand_rate_v2_final_reduction_session03_CAB_reduction_fp32,0,0,20260728_operand_rate_v2_final_reduction_session03_CAB_reduction_fp32_b0_r0_control,control,control,20260728_operand_rate_v2_final_reduction_session03_CAB_reduction_fp32_b0_r0_control_1785247581161,31,184334.487213802,184334.49090242299,184334.48905811249,0.0036886209854856133,7.8607067364791874,10640628087,true,true,5dff3859ad319cb37301e68cfc6fde00723e3a42110ca93adb44c05e97098167
softmax_whole_stage_atc_trace_v1,softmax_whole_stage_operand_rate_atc,softmax_whole_stage_operand_rate_atc_v2,20260728_operand_rate_v2_final_reduction_session03_CAB,reduction,fp32,20260728_operand_rate_v2_final_reduction_session03_CAB_reduction_fp32,0,0,20260728_operand_rate_v2_final_reduction_session03_CAB_reduction_fp32_b0_r0_control,control,control,20260728_operand_rate_v2_final_reduction_session03_CAB_reduction_fp32_b0_r0_control_1785247581161,32,184334.741599517,184334.74295662399,184334.74227807048,0.00135710698668845,8.1139266944664996,10640675989,true,true,5dff3859ad319cb37301e68cfc6fde00723e3a42110ca93adb44c05e97098167
softmax_whole_stage_atc_trace_v1,softmax_whole_stage_operand_rate_atc,softmax_whole_stage_operand_rate_atc_v2,20260728_operand_rate_v2_final_reduction_session03_CAB,reduction,fp32,20260728_operand_rate_v2_final_reduction_session03_CAB_reduction_fp32,0,0,20260728_operand_rate_v2_final_reduction_session03_CAB_reduction_fp32_b0_r0_control,control,control,20260728_operand_rate_v2_final_reduction_session03_CAB_reduction_fp32_b0_r0_control_1785247581161,33,184334.993643369,184334.99804666301,184334.995845016,0.0044032940058968961,8.367493639991153,10640746244,true,true,5dff3859ad319cb37301e68cfc6fde00723e3a42110ca93adb44c05e97098167
softmax_whole_stage_atc_trace_v1,softmax_whole_stage_operand_rate_atc,softmax_whole_stage_operand_rate_atc_v2,20260728_operand_rate_v2_final_reduction_session03_CAB,reduction,fp32,20260728_operand_rate_v2_final_reduction_session03_CAB_reduction_fp32,0,0,20260728_operand_rate_v2_final_reduction_session03_CAB_reduction_fp32_b0_r0_control,control,control,20260728_operand_rate_v2_final_reduction_session03_CAB_reduction_fp32_b0_r0_control_1785247581161,34,184335.25023073101,184335.251585708,184335.25090821949,0.0013549769937526435,8.6225568434747402,10640794082,true,true,5dff3859ad319cb37301e68cfc6fde00723e3a42110ca93adb44c05e97098167
softmax_whole_stage_atc_trace_v1,softmax_whole_stage_operand_rate_atc,softmax_whole_stage_operand_rate_atc_v2,20260728_operand_rate_v2_final_reduction_session03_CAB,reduction,fp32,20260728_operand_rate_v2_final_reduction_session03_CAB_reduction_fp32,0,0,20260728_operand_rate_v2_final_reduction_session03_CAB_reduction_fp32_b0_r0_control,control,control,20260728_operand_rate_v2_final_reduction_session03_CAB_reduction_fp32_b0_r0_control_1785247581161,35,184335.50182603599,184335.50524142999,184335.50353373299,0.0034153939923271537,8.8751823569764383,10640863802,true,true,5dff3859ad319cb37301e68cfc6fde00723e3a42110ca93adb44c05e97098167
softmax_whole_stage_atc_trace_v1,softmax_whole_stage_operand_rate_atc,softmax_whole_stage_operand_rate_atc_v2,20260728_operand_rate_v2_final_reduction_session03_CAB,reduction,fp32,20260728_operand_rate_v2_final_reduction_session03_CAB_reduction_fp32,0,0,20260728_operand_rate_v2_final_reduction_session03_CAB_reduction_fp32_b0_r0_control,control,control,20260728_operand_rate_v2_final_reduction_session03_CAB_reduction_fp32_b0_r0_control_1785247581161,36,184335.755965816,184335.75733022799,184335.75664802198,0.0013644119899254292,9.1282966459693853,10640911509,true,true,5dff3859ad319cb37301e68cfc6fde00723e3a42110ca93adb44c05e97098167
softmax_whole_stage_atc_trace_v1,softmax_whole_stage_operand_rate_atc,softmax_whole_stage_operand_rate_atc_v2,20260728_operand_rate_v2_final_reduction_session03_CAB,reduction,fp32,20260728_operand_rate_v2_final_reduction_session03_CAB_reduction_fp32,0,0,20260728_operand_rate_v2_final_reduction_session03_CAB_reduction_fp32_b0_r0_control,control,control,20260728_operand_rate_v2_final_reduction_session03_CAB_reduction_fp32_b0_r0_control_1785247581161,37,184336.00883411901,184336.012330172,184336.01058214551,0.0034960529883392155,9.3822307694936171,10640981421,true,false,5dff3859ad319cb37301e68cfc6fde00723e3a42110ca93adb44c05e97098167
softmax_whole_stage_atc_trace_v1,softmax_whole_stage_operand_rate_atc,softmax_whole_stage_operand_rate_atc_v2,20260728_operand_rate_v2_final_reduction_session03_CAB,reduction,fp32,20260728_operand_rate_v2_final_reduction_session03_CAB_reduction_fp32,0,0,20260728_operand_rate_v2_final_reduction_session03_CAB_reduction_fp32_b0_r0_control,control,control,20260728_operand_rate_v2_final_reduction_session03_CAB_reduction_fp32_b0_r0_control_1785247581161,38,184336.264215039,184336.265533795,184336.26487441699,0.0013187559961806983,9.6365230409719516,10641029151,true,false,5dff3859ad319cb37301e68cfc6fde00723e3a42110ca93adb44c05e97098167
softmax_whole_stage_atc_trace_v1,softmax_whole_stage_operand_rate_atc,softmax_whole_stage_operand_rate_atc_v2,20260728_operand_rate_v2_final_reduction_session03_CAB,reduction,fp32,20260728_operand_rate_v2_final_reduction_session03_CAB_reduction_fp32,0,0,20260728_operand_rate_v2_final_reduction_session03_CAB_reduction_fp32_b0_r0_control,control,control,20260728_operand_rate_v2_final_reduction_session03_CAB_reduction_fp32_b0_r0_control_1785247581161,39,184336.51607707801,184336.51951215501,184336.51779461652,0.0034350770001765341,9.8894432405068073,10641080159,true,false,5dff3859ad319cb37301e68cfc6fde00723e3a42110ca93adb44c05e97098167
softmax_whole_stage_atc_trace_v1,softmax_whole_stage_operand_rate_atc,softmax_whole_stage_operand_rate_atc_v2,20260728_operand_rate_v2_final_reduction_session03_CAB,reduction,fp32,20260728_operand_rate_v2_final_reduction_session03_CAB_reduction_fp32,0,0,20260728_operand_rate_v2_final_reduction_session03_CAB_reduction_fp32_b0_r0_control,control,control,20260728_operand_rate_v2_final_reduction_session03_CAB_reduction_fp32_b0_r0_control_1785247581161,40,184336.51952646,184336.52092577401,184336.52022611699,0.0013993140019010752,9.8918747409770731,10641080159,false,false,5dff3859ad319cb37301e68cfc6fde00723e3a42110ca93adb44c05e97098167
softmax_whole_stage_atc_trace_v1,softmax_whole_stage_operand_rate_atc,softmax_whole_stage_operand_rate_atc_v2,20260728_operand_rate_v2_final_reduction_session03_CAB,reduction,fp32,20260728_operand_rate_v2_final_reduction_session03_CAB_reduction_fp32,0,1,20260728_operand_rate_v2_final_reduction_session03_CAB_reduction_fp32_b0_r1_treatment,treatment,treatment,20260728_operand_rate_v2_final_reduction_session03_CAB_reduction_fp32_b0_r1_treatment_1785247591400,0,184337.54551319499,184337.54669112599,184337.54610216047,0.0011779310007113963,0.00065258046379312873,10641213980,false,false,5dff3859ad319cb37301e68cfc6fde00723e3a42110ca93adb44c05e97098167
softmax_whole_stage_atc_trace_v1,softmax_whole_stage_operand_rate_atc,softmax_whole_stage_operand_rate_atc_v2,20260728_operand_rate_v2_final_reduction_session03_CAB,reduction,fp32,20260728_operand_rate_v2_final_reduction_session03_CAB_reduction_fp32,0,1,20260728_operand_rate_v2_final_reduction_session03_CAB_reduction_fp32_b0_r1_treatment,treatment,treatment,20260728_operand_rate_v2_final_reduction_session03_CAB_reduction_fp32_b0_r1_treatment_1785247591400,1,184337.797878568,184337.79932932201,184337.798603945,0.0014507540035992861,0.25315436499658972,10641252002,true,false,5dff3859ad319cb37301e68cfc6fde00723e3a42110ca93adb44c05e97098167
softmax_whole_stage_atc_trace_v1,softmax_whole_stage_operand_rate_atc,softmax_whole_stage_operand_rate_atc_v2,20260728_operand_rate_v2_final_reduction_session03_CAB,reduction,fp32,20260728_operand_rate_v2_final_reduction_session03_CAB_reduction_fp32,0,1,20260728_operand_rate_v2_final_reduction_session03_CAB_reduction_fp32_b0_r1_treatment,treatment,treatment,20260728_operand_rate_v2_final_reduction_session03_CAB_reduction_fp32_b0_r1_treatment_1785247591400,2,184338.05005451999,184338.05148599599,184338.05077025801,0.0014314760046545416,0.50532067799940705,10641318362,true,false,5dff3859ad319cb37301e68cfc6fde00723e3a42110ca93adb44c05e97098167
softmax_whole_stage_atc_trace_v1,softmax_whole_stage_operand_rate_atc,softmax_whole_stage_operand_rate_atc_v2,20260728_operand_rate_v2_final_reduction_session03_CAB,reduction,fp32,20260728_operand_rate_v2_final_reduction_session03_CAB_reduction_fp32,0,1,20260728_operand_rate_v2_final_reduction_session03_CAB_reduction_fp32_b0_r1_treatment,treatment,treatment,20260728_operand_rate_v2_final_reduction_session03_CAB_reduction_fp32_b0_r1_treatment_1785247591400,3,184338.30295153501,184338.30463533901,184338.30379343702,0.0016838040028233081,0.75834385701455176,10641360335,true,true,5dff3859ad319cb37301e68cfc6fde00723e3a42110ca93adb44c05e97098167
softmax_whole_stage_atc_trace_v1,softmax_whole_stage_operand_rate_atc,softmax_whole_stage_operand_rate_atc_v2,20260728_operand_rate_v2_final_reduction_session03_CAB,reduction,fp32,20260728_operand_rate_v2_final_reduction_session03_CAB_reduction_fp32,0,1,20260728_operand_rate_v2_final_reduction_session03_CAB_reduction_fp32_b0_r1_treatment,treatment,treatment,20260728_operand_rate_v2_final_reduction_session03_CAB_reduction_fp32_b0_r1_treatment_1785247591400,4,184338.55806180701,184338.55949909001,184338.55878044851,0.0014372830046340823,1.0133308685035445,10641427272,true,true,5dff3859ad319cb37301e68cfc6fde00723e3a42110ca93adb44c05e97098167
softmax_whole_stage_atc_trace_v1,softmax_whole_stage_operand_rate_atc,softmax_whole_stage_operand_rate_atc_v2,20260728_operand_rate_v2_final_reduction_session03_CAB,reduction,fp32,20260728_operand_rate_v2_final_reduction_session03_CAB_reduction_fp32,0,1,20260728_operand_rate_v2_final_reduction_session03_CAB_reduction_fp32_b0_r1_treatment,treatment,treatment,20260728_operand_rate_v2_final_reduction_session03_CAB_reduction_fp32_b0_r1_treatment_1785247591400,5,184338.81321008899,184338.81458661499,184338.81389835197,0.0013765259936917573,1.2684487719670869,10641469019,true,true,5dff3859ad319cb37301e68cfc6fde00723e3a42110ca93adb44c05e97098167
softmax_whole_stage_atc_trace_v1,softmax_whole_stage_operand_rate_atc,softmax_whole_stage_operand_rate_atc_v2,20260728_operand_rate_v2_final_reduction_session03_CAB,reduction,fp32,20260728_operand_rate_v2_final_reduction_session03_CAB_reduction_fp32,0,1,20260728_operand_rate_v2_final_reduction_session03_CAB_reduction_fp32_b0_r1_treatment,treatment,treatment,20260728_operand_rate_v2_final_reduction_session03_CAB_reduction_fp32_b0_r1_treatment_1785247591400,6,184339.06828361499,184339.06965344699,184339.06896853098,0.0013698319962713867,1.5235189509694465,10641535318,true,true,5dff3859ad319cb37301e68cfc6fde00723e3a42110ca93adb44c05e97098167
softmax_whole_stage_atc_trace_v1,softmax_whole_stage_operand_rate_atc,softmax_whole_stage_operand_rate_atc_v2,20260728_operand_rate_v2_final_reduction_session03_CAB,reduction,fp32,20260728_operand_rate_v2_final_reduction_session03_CAB_reduction_fp32,0,1,20260728_operand_rate_v2_final_reduction_session03_CAB_reduction_fp32_b0_r1_treatment,treatment,treatment,20260728_operand_rate_v2_final_reduction_session03_CAB_reduction_fp32_b0_r1_treatment_1785247591400,7,184339.32092917699,184339.32236707001,184339.3216481235,0.0014378930209204555,1.7761985434917733,10641576357,true,true,5dff3859ad319cb37301e68cfc6fde00723e3a42110ca93adb44c05e97098167
softmax_whole_stage_atc_trace_v1,softmax_whole_stage_operand_rate_atc,softmax_whole_stage_operand_rate_atc_v2,20260728_operand_rate_v2_final_reduction_session03_CAB,reduction,fp32,20260728_operand_rate_v2_final_reduction_session03_CAB_reduction_fp32,0,1,20260728_operand_rate_v2_final_reduction_session03_CAB_reduction_fp32_b0_r1_treatment,treatment,treatment,20260728_operand_rate_v2_final_reduction_session03_CAB_reduction_fp32_b0_r1_treatment_1785247591400,8,184339.57598606899,184339.577401241,184339.57669365499,0.0014151720097288489,2.031244074983988,10641642371,true,true,5dff3859ad319cb37301e68cfc6fde00723e3a42110ca93adb44c05e97098167
softmax_whole_stage_atc_trace_v1,softmax_whole_stage_operand_rate_atc,softmax_whole_stage_operand_rate_atc_v2,20260728_operand_rate_v2_final_reduction_session03_CAB,reduction,fp32,20260728_operand_rate_v2_final_reduction_session03_CAB_reduction_fp32,0,1,20260728_operand_rate_v2_final_reduction_session03_CAB_reduction_fp32_b0_r1_treatment,treatment,treatment,20260728_operand_rate_v2_final_reduction_session03_CAB_reduction_fp32_b0_r1_treatment_1785247591400,9,184339.83110524001,184339.83249373501,184339.83179948753,0.00138849500217475,2.2863499075174332,10641683154,true,true,5dff3859ad319cb37301e68cfc6fde00723e3a42110ca93adb44c05e97098167
softmax_whole_stage_atc_trace_v1,softmax_whole_stage_operand_rate_atc,softmax_whole_stage_operand_rate_atc_v2,20260728_operand_rate_v2_final_reduction_session03_CAB,reduction,fp32,20260728_operand_rate_v2_final_reduction_session03_CAB_reduction_fp32,0,1,20260728_operand_rate_v2_final_reduction_session03_CAB_reduction_fp32_b0_r1_treatment,treatment,treatment,20260728_operand_rate_v2_final_reduction_session03_CAB_reduction_fp32_b0_r1_treatment_1785247591400,10,184340.082867233,184340.08427712999,184340.08357218149,0.0014098969986662269,2.5381226014869753,10641748311,true,true,5dff3859ad319cb37301e68cfc6fde00723e3a42110ca93adb44c05e97098167
softmax_whole_stage_atc_trace_v1,softmax_whole_stage_operand_rate_atc,softmax_whole_stage_operand_rate_atc_v2,20260728_operand_rate_v2_final_reduction_session03_CAB,reduction,fp32,20260728_operand_rate_v2_final_reduction_session03_CAB_reduction_fp32,0,1,20260728_operand_rate_v2_final_reduction_session03_CAB_reduction_fp32_b0_r1_treatment,treatment,treatment,20260728_operand_rate_v2_final_reduction_session03_CAB_reduction_fp32_b0_r1_treatment_1785247591400,11,184340.33443457901,184340.33579021,184340.3351123945,0.0013556309859268367,2.7896628144953866,10641789096,true,true,5dff3859ad319cb37301e68cfc6fde00723e3a42110ca93adb44c05e97098167
softmax_whole_stage_atc_trace_v1,softmax_whole_stage_operand_rate_atc,softmax_whole_stage_operand_rate_atc_v2,20260728_operand_rate_v2_final_reduction_session03_CAB,reduction,fp32,20260728_operand_rate_v2_final_reduction_session03_CAB_reduction_fp32,0,1,20260728_operand_rate_v2_final_reduction_session03_CAB_reduction_fp32_b0_r1_treatment,treatment,treatment,20260728_operand_rate_v2_final_reduction_session03_CAB_reduction_fp32_b0_r1_treatment_1785247591400,12,184340.589528087,184340.59090501899,184340.59021655301,0.0013769319921266288,3.0447669730056077,10641855231,true,true,5dff3859ad319cb37301e68cfc6fde00723e3a42110ca93adb44c05e97098167
softmax_whole_stage_atc_trace_v1,softmax_whole_stage_operand_rate_atc,softmax_whole_stage_operand_rate_atc_v2,20260728_operand_rate_v2_final_reduction_session03_CAB,reduction,fp32,20260728_operand_rate_v2_final_reduction_session03_CAB_reduction_fp32,0,1,20260728_operand_rate_v2_final_reduction_session03_CAB_reduction_fp32_b0_r1_treatment,treatment,treatment,20260728_operand_rate_v2_final_reduction_session03_CAB_reduction_fp32_b0_r1_treatment_1785247591400,13,184340.84431760601,184340.84570153701,184340.84500957152,0.0013839309976901859,3.2995599915157072,10641896197,true,true,5dff3859ad319cb37301e68cfc6fde00723e3a42110ca93adb44c05e97098167
softmax_whole_stage_atc_trace_v1,softmax_whole_stage_operand_rate_atc,softmax_whole_stage_operand_rate_atc_v2,20260728_operand_rate_v2_final_reduction_session03_CAB,reduction,fp32,20260728_operand_rate_v2_final_reduction_session03_CAB_reduction_fp32,0,1,20260728_operand_rate_v2_final_reduction_session03_CAB_reduction_fp32_b0_r1_treatment,treatment,treatment,20260728_operand_rate_v2_final_reduction_session03_CAB_reduction_fp32_b0_r1_treatment_1785247591400,14,184341.09944681899,184341.10344981099,184341.10144831499,0.0040029920055530965,3.5559987349843141,10641961790,true,true,5dff3859ad319cb37301e68cfc6fde00723e3a42110ca93adb44c05e97098167
softmax_whole_stage_atc_trace_v1,softmax_whole_stage_operand_rate_atc,softmax_whole_stage_operand_rate_atc_v2,20260728_operand_rate_v2_final_reduction_session03_CAB,reduction,fp32,20260728_operand_rate_v2_final_reduction_session03_CAB_reduction_fp32,0,1,20260728_operand_rate_v2_final_reduction_session03_CAB_reduction_fp32_b0_r1_treatment,treatment,treatment,20260728_operand_rate_v2_final_reduction_session03_CAB_reduction_fp32_b0_r1_treatment_1785247591400,15,184341.35384775401,184341.35526789501,184341.3545578245,0.0014201409940142184,3.8091082444880158,10642006183,true,true,5dff3859ad319cb37301e68cfc6fde00723e3a42110ca93adb44c05e97098167
softmax_whole_stage_atc_trace_v1,softmax_whole_stage_operand_rate_atc,softmax_whole_stage_operand_rate_atc_v2,20260728_operand_rate_v2_final_reduction_session03_CAB,reduction,fp32,20260728_operand_rate_v2_final_reduction_session03_CAB_reduction_fp32,0,1,20260728_operand_rate_v2_final_reduction_session03_CAB_reduction_fp32_b0_r1_treatment,treatment,treatment,20260728_operand_rate_v2_final_reduction_session03_CAB_reduction_fp32_b0_r1_treatment_1785247591400,16,184341.608958709,184341.61051750701,184341.609738108,0.0015587980160489678,4.0642885279958136,10642071332,true,true,5dff3859ad319cb37301e68cfc6fde00723e3a42110ca93adb44c05e97098167
softmax_whole_stage_atc_trace_v1,softmax_whole_stage_operand_rate_atc,softmax_whole_stage_operand_rate_atc_v2,20260728_operand_rate_v2_final_reduction_session03_CAB,reduction,fp32,20260728_operand_rate_v2_final_reduction_session03_CAB_reduction_fp32,0,1,20260728_operand_rate_v2_final_reduction_session03_CAB_reduction_fp32_b0_r1_treatment,treatment,treatment,20260728_operand_rate_v2_final_reduction_session03_CAB_reduction_fp32_b0_r1_treatment_1785247591400,17,184341.86423418499,184341.86560107599,184341.8649176305,0.0013668909959960729,4.3194680504966527,10642115758,true,true,5dff3859ad319cb37301e68cfc6fde00723e3a42110ca93adb44c05e97098167
softmax_whole_stage_atc_trace_v1,softmax_whole_stage_operand_rate_atc,softmax_whole_stage_operand_rate_atc_v2,20260728_operand_rate_v2_final_reduction_session03_CAB,reduction,fp32,20260728_operand_rate_v2_final_reduction_session03_CAB_reduction_fp32,0,1,20260728_operand_rate_v2_final_reduction_session03_CAB_reduction_fp32_b0_r1_treatment,treatment,treatment,20260728_operand_rate_v2_final_reduction_session03_CAB_reduction_fp32_b0_r1_treatment_1785247591400,18,184342.11739106299,184342.118821551,184342.118106307,0.0014304880169220269,4.5726567269884981,10642180316,true,true,5dff3859ad319cb37301e68cfc6fde00723e3a42110ca93adb44c05e97098167
softmax_whole_stage_atc_trace_v1,softmax_whole_stage_operand_rate_atc,softmax_whole_stage_operand_rate_atc_v2,20260728_operand_rate_v2_final_reduction_session03_CAB,reduction,fp32,20260728_operand_rate_v2_final_reduction_session03_CAB_reduction_fp32,0,1,20260728_operand_rate_v2_final_reduction_session03_CAB_reduction_fp32_b0_r1_treatment,treatment,treatment,20260728_operand_rate_v2_final_reduction_session03_CAB_reduction_fp32_b0_r1_treatment_1785247591400,19,184342.36938452299,184342.37123929799,184342.37031191049,0.0018547750078141689,4.8248623304825742,10642224524,true,true,5dff3859ad319cb37301e68cfc6fde00723e3a42110ca93adb44c05e97098167
softmax_whole_stage_atc_trace_v1,softmax_whole_stage_operand_rate_atc,softmax_whole_stage_operand_rate_atc_v2,20260728_operand_rate_v2_final_reduction_session03_CAB,reduction,fp32,20260728_operand_rate_v2_final_reduction_session03_CAB_reduction_fp32,0,1,20260728_operand_rate_v2_final_reduction_session03_CAB_reduction_fp32_b0_r1_treatment,treatment,treatment,20260728_operand_rate_v2_final_reduction_session03_CAB_reduction_fp32_b0_r1_treatment_1785247591400,20,184342.62360927099,184342.624981131,184342.62429520098,0.0013718600093852729,5.0788456209702417,10642289449,true,true,5dff3859ad319cb37301e68cfc6fde00723e3a42110ca93adb44c05e97098167
softmax_whole_stage_atc_trace_v1,softmax_whole_stage_operand_rate_atc,softmax_whole_stage_operand_rate_atc_v2,20260728_operand_rate_v2_final_reduction_session03_CAB,reduction,fp32,20260728_operand_rate_v2_final_reduction_session03_CAB_reduction_fp32,0,1,20260728_operand_rate_v2_final_reduction_session03_CAB_reduction_fp32_b0_r1_treatment,treatment,treatment,20260728_operand_rate_v2_final_reduction_session03_CAB_reduction_fp32_b0_r1_treatment_1785247591400,21,184342.878725196,184342.88014838099,184342.8794367885,0.0014231849927455187,5.3339872084907256,10642333711,true,true,5dff3859ad319cb37301e68cfc6fde00723e3a42110ca93adb44c05e97098167
softmax_whole_stage_atc_trace_v1,softmax_whole_stage_operand_rate_atc,softmax_whole_stage_operand_rate_atc_v2,20260728_operand_rate_v2_final_reduction_session03_CAB,reduction,fp32,20260728_operand_rate_v2_final_reduction_session03_CAB_reduction_fp32,0,1,20260728_operand_rate_v2_final_reduction_session03_CAB_reduction_fp32_b0_r1_treatment,treatment,treatment,20260728_operand_rate_v2_final_reduction_session03_CAB_reduction_fp32_b0_r1_treatment_1785247591400,22,184343.13389731399,184343.13619595399,184343.13504663401,0.0022986399999354035,5.5895970540004782,10642397983,true,true,5dff3859ad319cb37301e68cfc6fde00723e3a42110ca93adb44c05e97098167
softmax_whole_stage_atc_trace_v1,softmax_whole_stage_operand_rate_atc,softmax_whole_stage_operand_rate_atc_v2,20260728_operand_rate_v2_final_reduction_session03_CAB,reduction,fp32,20260728_operand_rate_v2_final_reduction_session03_CAB_reduction_fp32,0,1,20260728_operand_rate_v2_final_reduction_session03_CAB_reduction_fp32_b0_r1_treatment,treatment,treatment,20260728_operand_rate_v2_final_reduction_session03_CAB_reduction_fp32_b0_r1_treatment_1785247591400,23,184343.38697396,184343.38833009801,184343.38765202899,0.0013561380037572235,5.8422024489846081,10642441285,true,true,5dff3859ad319cb37301e68cfc6fde00723e3a42110ca93adb44c05e97098167
softmax_whole_stage_atc_trace_v1,softmax_whole_stage_operand_rate_atc,softmax_whole_stage_operand_rate_atc_v2,20260728_operand_rate_v2_final_reduction_session03_CAB,reduction,fp32,20260728_operand_rate_v2_final_reduction_session03_CAB_reduction_fp32,0,1,20260728_operand_rate_v2_final_reduction_session03_CAB_reduction_fp32_b0_r1_treatment,treatment,treatment,20260728_operand_rate_v2_final_reduction_session03_CAB_reduction_fp32_b0_r1_treatment_1785247591400,24,184343.642002045,184343.64346884601,184343.64273544552,0.0014668010117020458,6.0972858655150048,10642505232,true,true,5dff3859ad319cb37301e68cfc6fde00723e3a42110ca93adb44c05e97098167
softmax_whole_stage_atc_trace_v1,softmax_whole_stage_operand_rate_atc,softmax_whole_stage_operand_rate_atc_v2,20260728_operand_rate_v2_final_reduction_session03_CAB,reduction,fp32,20260728_operand_rate_v2_final_reduction_session03_CAB_reduction_fp32,0,1,20260728_operand_rate_v2_final_reduction_session03_CAB_reduction_fp32_b0_r1_treatment,treatment,treatment,20260728_operand_rate_v2_final_reduction_session03_CAB_reduction_fp32_b0_r1_treatment_1785247591400,25,184343.897213519,184343.90210434099,184343.89965892999,0.0048908219905570149,6.3542093499854673,10642571032,true,true,5dff3859ad319cb37301e68cfc6fde00723e3a42110ca93adb44c05e97098167
softmax_whole_stage_atc_trace_v1,softmax_whole_stage_operand_rate_atc,softmax_whole_stage_operand_rate_atc_v2,20260728_operand_rate_v2_final_reduction_session03_CAB,reduction,fp32,20260728_operand_rate_v2_final_reduction_session03_CAB_reduction_fp32,0,1,20260728_operand_rate_v2_final_reduction_session03_CAB_reduction_fp32_b0_r1_treatment,treatment,treatment,20260728_operand_rate_v2_final_reduction_session03_CAB_reduction_fp32_b0_r1_treatment_1785247591400,26,184344.15242986099,184344.15393266999,184344.15318126549,0.0015028089983388782,6.6077316854789387,10642615264,true,true,5dff3859ad319cb37301e68cfc6fde00723e3a42110ca93adb44c05e97098167
softmax_whole_stage_atc_trace_v1,softmax_whole_stage_operand_rate_atc,softmax_whole_stage_operand_rate_atc_v2,20260728_operand_rate_v2_final_reduction_session03_CAB,reduction,fp32,20260728_operand_rate_v2_final_reduction_session03_CAB_reduction_fp32,0,1,20260728_operand_rate_v2_final_reduction_session03_CAB_reduction_fp32_b0_r1_treatment,treatment,treatment,20260728_operand_rate_v2_final_reduction_session03_CAB_reduction_fp32_b0_r1_treatment_1785247591400,27,184344.404982715,184344.40972453399,184344.4073536245,0.0047418189933523536,6.8619040444900747,10642680291,true,true,5dff3859ad319cb37301e68cfc6fde00723e3a42110ca93adb44c05e97098167
softmax_whole_stage_atc_trace_v1,softmax_whole_stage_operand_rate_atc,softmax_whole_stage_operand_rate_atc_v2,20260728_operand_rate_v2_final_reduction_session03_CAB,reduction,fp32,20260728_operand_rate_v2_final_reduction_session03_CAB_reduction_fp32,0,1,20260728_operand_rate_v2_final_reduction_session03_CAB_reduction_fp32_b0_r1_treatment,treatment,treatment,20260728_operand_rate_v2_final_reduction_session03_CAB_reduction_fp32_b0_r1_treatment_1785247591400,28,184344.663449935,184344.664848168,184344.6641490515,0.0013982329983264208,7.1186994714953471,10642724453,true,true,5dff3859ad319cb37301e68cfc6fde00723e3a42110ca93adb44c05e97098167
softmax_whole_stage_atc_trace_v1,softmax_whole_stage_operand_rate_atc,softmax_whole_stage_operand_rate_atc_v2,20260728_operand_rate_v2_final_reduction_session03_CAB,reduction,fp32,20260728_operand_rate_v2_final_reduction_session03_CAB_reduction_fp32,0,1,20260728_operand_rate_v2_final_reduction_session03_CAB_reduction_fp32_b0_r1_treatment,treatment,treatment,20260728_operand_rate_v2_final_reduction_session03_CAB_reduction_fp32_b0_r1_treatment_1785247591400,29,184344.9157485,184344.917174931,184344.9164617155,0.0014264310011640191,7.3710121354961302,10642788718,true,true,5dff3859ad319cb37301e68cfc6fde00723e3a42110ca93adb44c05e97098167
softmax_whole_stage_atc_trace_v1,softmax_whole_stage_operand_rate_atc,softmax_whole_stage_operand_rate_atc_v2,20260728_operand_rate_v2_final_reduction_session03_CAB,reduction,fp32,20260728_operand_rate_v2_final_reduction_session03_CAB_reduction_fp32,0,1,20260728_operand_rate_v2_final_reduction_session03_CAB_reduction_fp32_b0_r1_treatment,treatment,treatment,20260728_operand_rate_v2_final_reduction_session03_CAB_reduction_fp32_b0_r1_treatment_1785247591400,30,184345.16807708901,184345.16952015401,184345.16879862151,0.0014430650044232607,7.6233490415033884,10642832813,true,true,5dff3859ad319cb37301e68cfc6fde00723e3a42110ca93adb44c05e97098167
softmax_whole_stage_atc_trace_v1,softmax_whole_stage_operand_rate_atc,softmax_whole_stage_operand_rate_atc_v2,20260728_operand_rate_v2_final_reduction_session03_CAB,reduction,fp32,20260728_operand_rate_v2_final_reduction_session03_CAB_reduction_fp32,0,1,20260728_operand_rate_v2_final_reduction_session03_CAB_reduction_fp32_b0_r1_treatment,treatment,treatment,20260728_operand_rate_v2_final_reduction_session03_CAB_reduction_fp32_b0_r1_treatment_1785247591400,31,184345.42023223001,184345.42366051199,184345.421946371,0.0034282819833606482,7.8764967909955885,10642897649,true,true,5dff3859ad319cb37301e68cfc6fde00723e3a42110ca93adb44c05e97098167
softmax_whole_stage_atc_trace_v1,softmax_whole_stage_operand_rate_atc,softmax_whole_stage_operand_rate_atc_v2,20260728_operand_rate_v2_final_reduction_session03_CAB,reduction,fp32,20260728_operand_rate_v2_final_reduction_session03_CAB_reduction_fp32,0,1,20260728_operand_rate_v2_final_reduction_session03_CAB_reduction_fp32_b0_r1_treatment,treatment,treatment,20260728_operand_rate_v2_final_reduction_session03_CAB_reduction_fp32_b0_r1_treatment_1785247591400,32,184345.674431316,184345.67587346901,184345.6751523925,0.0014421530067920685,8.1297028124972712,10642941949,true,true,5dff3859ad319cb37301e68cfc6fde00723e3a42110ca93adb44c05e97098167
softmax_whole_stage_atc_trace_v1,softmax_whole_stage_operand_rate_atc,softmax_whole_stage_operand_rate_atc_v2,20260728_operand_rate_v2_final_reduction_session03_CAB,reduction,fp32,20260728_operand_rate_v2_final_reduction_session03_CAB_reduction_fp32,0,1,20260728_operand_rate_v2_final_reduction_session03_CAB_reduction_fp32_b0_r1_treatment,treatment,treatment,20260728_operand_rate_v2_final_reduction_session03_CAB_reduction_fp32_b0_r1_treatment_1785247591400,33,184345.92963234201,184345.93101728699,184345.93032481452,0.0013849449751432985,8.3848752345074899,10643007098,true,true,5dff3859ad319cb37301e68cfc6fde00723e3a42110ca93adb44c05e97098167
softmax_whole_stage_atc_trace_v1,softmax_whole_stage_operand_rate_atc,softmax_whole_stage_operand_rate_atc_v2,20260728_operand_rate_v2_final_reduction_session03_CAB,reduction,fp32,20260728_operand_rate_v2_final_reduction_session03_CAB_reduction_fp32,0,1,20260728_operand_rate_v2_final_reduction_session03_CAB_reduction_fp32_b0_r1_treatment,treatment,treatment,20260728_operand_rate_v2_final_reduction_session03_CAB_reduction_fp32_b0_r1_treatment_1785247591400,34,184346.18228469999,184346.18368465701,184346.18298467848,0.0013999570219311863,8.6375350984744728,10643051364,true,true,5dff3859ad319cb37301e68cfc6fde00723e3a42110ca93adb44c05e97098167
softmax_whole_stage_atc_trace_v1,softmax_whole_stage_operand_rate_atc,softmax_whole_stage_operand_rate_atc_v2,20260728_operand_rate_v2_final_reduction_session03_CAB,reduction,fp32,20260728_operand_rate_v2_final_reduction_session03_CAB_reduction_fp32,0,1,20260728_operand_rate_v2_final_reduction_session03_CAB_reduction_fp32_b0_r1_treatment,treatment,treatment,20260728_operand_rate_v2_final_reduction_session03_CAB_reduction_fp32_b0_r1_treatment_1785247591400,35,184346.43509934901,184346.43810060399,184346.4365999765,0.0030012549832463264,8.8911503964918666,10643116398,true,true,5dff3859ad319cb37301e68cfc6fde00723e3a42110ca93adb44c05e97098167
softmax_whole_stage_atc_trace_v1,softmax_whole_stage_operand_rate_atc,softmax_whole_stage_operand_rate_atc_v2,20260728_operand_rate_v2_final_reduction_session03_CAB,reduction,fp32,20260728_operand_rate_v2_final_reduction_session03_CAB_reduction_fp32,0,1,20260728_operand_rate_v2_final_reduction_session03_CAB_reduction_fp32_b0_r1_treatment,treatment,treatment,20260728_operand_rate_v2_final_reduction_session03_CAB_reduction_fp32_b0_r1_treatment_1785247591400,36,184346.69184381401,184346.69324199701,184346.69254290551,0.0013981829979456961,9.1470933255041018,10643160683,true,true,5dff3859ad319cb37301e68cfc6fde00723e3a42110ca93adb44c05e97098167
softmax_whole_stage_atc_trace_v1,softmax_whole_stage_operand_rate_atc,softmax_whole_stage_operand_rate_atc_v2,20260728_operand_rate_v2_final_reduction_session03_CAB,reduction,fp32,20260728_operand_rate_v2_final_reduction_session03_CAB_reduction_fp32,0,1,20260728_operand_rate_v2_final_reduction_session03_CAB_reduction_fp32_b0_r1_treatment,treatment,treatment,20260728_operand_rate_v2_final_reduction_session03_CAB_reduction_fp32_b0_r1_treatment_1785247591400,37,184346.94704722299,184346.948444493,184346.94774585799,0.0013972700107842684,9.4022962779854424,10643225025,true,true,5dff3859ad319cb37301e68cfc6fde00723e3a42110ca93adb44c05e97098167
softmax_whole_stage_atc_trace_v1,softmax_whole_stage_operand_rate_atc,softmax_whole_stage_operand_rate_atc_v2,20260728_operand_rate_v2_final_reduction_session03_CAB,reduction,fp32,20260728_operand_rate_v2_final_reduction_session03_CAB_reduction_fp32,0,1,20260728_operand_rate_v2_final_reduction_session03_CAB_reduction_fp32_b0_r1_treatment,treatment,treatment,20260728_operand_rate_v2_final_reduction_session03_CAB_reduction_fp32_b0_r1_treatment_1785247591400,38,184347.20228543901,184347.20373689901,184347.20301116901,0.0014514600043185055,9.6575615890033077,10643268444,true,true,5dff3859ad319cb37301e68cfc6fde00723e3a42110ca93adb44c05e97098167
softmax_whole_stage_atc_trace_v1,softmax_whole_stage_operand_rate_atc,softmax_whole_stage_operand_rate_atc_v2,20260728_operand_rate_v2_final_reduction_session03_CAB,reduction,fp32,20260728_operand_rate_v2_final_reduction_session03_CAB_reduction_fp32,0,1,20260728_operand_rate_v2_final_reduction_session03_CAB_reduction_fp32_b0_r1_treatment,treatment,treatment,20260728_operand_rate_v2_final_reduction_session03_CAB_reduction_fp32_b0_r1_treatment_1785247591400,39,184347.45544627,184347.45683268199,184347.45613947598,0.0013864119828213006,9.9106898959726095,10643331895,true,true,5dff3859ad319cb37301e68cfc6fde00723e3a42110ca93adb44c05e97098167
softmax_whole_stage_atc_trace_v1,softmax_whole_stage_operand_rate_atc,softmax_whole_stage_operand_rate_atc_v2,20260728_operand_rate_v2_final_reduction_session03_CAB,reduction,fp32,20260728_operand_rate_v2_final_reduction_session03_CAB_reduction_fp32,0,1,20260728_operand_rate_v2_final_reduction_session03_CAB_reduction_fp32_b0_r1_treatment,treatment,treatment,20260728_operand_rate_v2_final_reduction_session03_CAB_reduction_fp32_b0_r1_treatment_1785247591400,40,184347.710493705,184347.71543575099,184347.71296472801,0.0049420459836255759,10.167515148001257,10643375045,true,true,5dff3859ad319cb37301e68cfc6fde00723e3a42110ca93adb44c05e97098167
softmax_whole_stage_atc_trace_v1,softmax_whole_stage_operand_rate_atc,softmax_whole_stage_operand_rate_atc_v2,20260728_operand_rate_v2_final_reduction_session03_CAB,reduction,fp32,20260728_operand_rate_v2_final_reduction_session03_CAB_reduction_fp32,0,1,20260728_operand_rate_v2_final_reduction_session03_CAB_reduction_fp32_b0_r1_treatment,treatment,treatment,20260728_operand_rate_v2_final_reduction_session03_CAB_reduction_fp32_b0_r1_treatment_1785247591400,41,184347.96931597,184347.97077991199,184347.97004794099,0.0014639419969171286,10.424598360987147,10643441945,true,true,5dff3859ad319cb37301e68cfc6fde00723e3a42110ca93adb44c05e97098167
softmax_whole_stage_atc_trace_v1,softmax_whole_stage_operand_rate_atc,softmax_whole_stage_operand_rate_atc_v2,20260728_operand_rate_v2_final_reduction_session03_CAB,reduction,fp32,20260728_operand_rate_v2_final_reduction_session03_CAB_reduction_fp32,0,1,20260728_operand_rate_v2_final_reduction_session03_CAB_reduction_fp32_b0_r1_treatment,treatment,treatment,20260728_operand_rate_v2_final_reduction_session03_CAB_reduction_fp32_b0_r1_treatment_1785247591400,42,184348.22177212901,184348.22320319101,184348.22248766001,0.0014310620026662946,10.677038080000784,10643483505,true,true,5dff3859ad319cb37301e68cfc6fde00723e3a42110ca93adb44c05e97098167
softmax_whole_stage_atc_trace_v1,softmax_whole_stage_operand_rate_atc,softmax_whole_stage_operand_rate_atc_v2,20260728_operand_rate_v2_final_reduction_session03_CAB,reduction,fp32,20260728_operand_rate_v2_final_reduction_session03_CAB_reduction_fp32,0,1,20260728_operand_rate_v2_final_reduction_session03_CAB_reduction_fp32_b0_r1_treatment,treatment,treatment,20260728_operand_rate_v2_final_reduction_session03_CAB_reduction_fp32_b0_r1_treatment_1785247591400,43,184348.475201069,184348.47658210201,184348.47589158552,0.0013810330128762871,10.930442005512305,10643550154,true,true,5dff3859ad319cb37301e68cfc6fde00723e3a42110ca93adb44c05e97098167
softmax_whole_stage_atc_trace_v1,softmax_whole_stage_operand_rate_atc,softmax_whole_stage_operand_rate_atc_v2,20260728_operand_rate_v2_final_reduction_session03_CAB,reduction,fp32,20260728_operand_rate_v2_final_reduction_session03_CAB_reduction_fp32,0,1,20260728_operand_rate_v2_final_reduction_session03_CAB_reduction_fp32_b0_r1_treatment,treatment,treatment,20260728_operand_rate_v2_final_reduction_session03_CAB_reduction_fp32_b0_r1_treatment_1785247591400,44,184348.73044689599,184348.73179839799,184348.731122647,0.0013515019963961095,11.185673066996969,10643592038,true,true,5dff3859ad319cb37301e68cfc6fde00723e3a42110ca93adb44c05e97098167
softmax_whole_stage_atc_trace_v1,softmax_whole_stage_operand_rate_atc,softmax_whole_stage_operand_rate_atc_v2,20260728_operand_rate_v2_final_reduction_session03_CAB,reduction,fp32,20260728_operand_rate_v2_final_reduction_session03_CAB_reduction_fp32,0,1,20260728_operand_rate_v2_final_reduction_session03_CAB_reduction_fp32_b0_r1_treatment,treatment,treatment,20260728_operand_rate_v2_final_reduction_session03_CAB_reduction_fp32_b0_r1_treatment_1785247591400,45,184348.985636706,184348.98711962401,184348.98637816502,0.001482918014517054,11.440928585012443,10643658503,true,true,5dff3859ad319cb37301e68cfc6fde00723e3a42110ca93adb44c05e97098167
softmax_whole_stage_atc_trace_v1,softmax_whole_stage_operand_rate_atc,softmax_whole_stage_operand_rate_atc_v2,20260728_operand_rate_v2_final_reduction_session03_CAB,reduction,fp32,20260728_operand_rate_v2_final_reduction_session03_CAB_reduction_fp32,0,1,20260728_operand_rate_v2_final_reduction_session03_CAB_reduction_fp32_b0_r1_treatment,treatment,treatment,20260728_operand_rate_v2_final_reduction_session03_CAB_reduction_fp32_b0_r1_treatment_1785247591400,46,184349.240674906,184349.24214676299,184349.24141083448,0.0014718569873366505,11.695961254474241,10643699733,true,true,5dff3859ad319cb37301e68cfc6fde00723e3a42110ca93adb44c05e97098167
softmax_whole_stage_atc_trace_v1,softmax_whole_stage_operand_rate_atc,softmax_whole_stage_operand_rate_atc_v2,20260728_operand_rate_v2_final_reduction_session03_CAB,reduction,fp32,20260728_operand_rate_v2_final_reduction_session03_CAB_reduction_fp32,0,1,20260728_operand_rate_v2_final_reduction_session03_CAB_reduction_fp32_b0_r1_treatment,treatment,treatment,20260728_operand_rate_v2_final_reduction_session03_CAB_reduction_fp32_b0_r1_treatment_1785247591400,47,184349.494396411,184349.49581752799,184349.49510696949,0.001421116990968585,11.949657389486674,10643765623,true,true,5dff3859ad319cb37301e68cfc6fde00723e3a42110ca93adb44c05e97098167
softmax_whole_stage_atc_trace_v1,softmax_whole_stage_operand_rate_atc,softmax_whole_stage_operand_rate_atc_v2,20260728_operand_rate_v2_final_reduction_session03_CAB,reduction,fp32,20260728_operand_rate_v2_final_reduction_session03_CAB_reduction_fp32,0,1,20260728_operand_rate_v2_final_reduction_session03_CAB_reduction_fp32_b0_r1_treatment,treatment,treatment,20260728_operand_rate_v2_final_reduction_session03_CAB_reduction_fp32_b0_r1_treatment_1785247591400,48,184349.74965573501,184349.75105543999,184349.75035558752,0.001399704982759431,12.204906007507816,10643806571,true,true,5dff3859ad319cb37301e68cfc6fde00723e3a42110ca93adb44c05e97098167
softmax_whole_stage_atc_trace_v1,softmax_whole_stage_operand_rate_atc,softmax_whole_stage_operand_rate_atc_v2,20260728_operand_rate_v2_final_reduction_session03_CAB,reduction,fp32,20260728_operand_rate_v2_final_reduction_session03_CAB_reduction_fp32,0,1,20260728_operand_rate_v2_final_reduction_session03_CAB_reduction_fp32_b0_r1_treatment,treatment,treatment,20260728_operand_rate_v2_final_reduction_session03_CAB_reduction_fp32_b0_r1_treatment_1785247591400,49,184350.00320208599,184350.007792811,184350.0054974485,0.0045907250023446977,12.460047868487891,10643872194,true,true,5dff3859ad319cb37301e68cfc6fde00723e3a42110ca93adb44c05e97098167
softmax_whole_stage_atc_trace_v1,softmax_whole_stage_operand_rate_atc,softmax_whole_stage_operand_rate_atc_v2,20260728_operand_rate_v2_final_reduction_session03_CAB,reduction,fp32,20260728_operand_rate_v2_final_reduction_session03_CAB_reduction_fp32,0,1,20260728_operand_rate_v2_final_reduction_session03_CAB_reduction_fp32_b0_r1_treatment,treatment,treatment,20260728_operand_rate_v2_final_reduction_session03_CAB_reduction_fp32_b0_r1_treatment_1785247591400,50,184350.25925305099,184350.26064666701,184350.259949859,0.0013936160248704255,12.714500278991181,10643916675,true,true,5dff3859ad319cb37301e68cfc6fde00723e3a42110ca93adb44c05e97098167
softmax_whole_stage_atc_trace_v1,softmax_whole_stage_operand_rate_atc,softmax_whole_stage_operand_rate_atc_v2,20260728_operand_rate_v2_final_reduction_session03_CAB,reduction,fp32,20260728_operand_rate_v2_final_reduction_session03_CAB_reduction_fp32,0,1,20260728_operand_rate_v2_final_reduction_session03_CAB_reduction_fp32_b0_r1_treatment,treatment,treatment,20260728_operand_rate_v2_final_reduction_session03_CAB_reduction_fp32_b0_r1_treatment_1785247591400,51,184350.51445108099,184350.51586560201,184350.5151583415,0.0014145210152491927,12.969708761491347,10643981837,true,true,5dff3859ad319cb37301e68cfc6fde00723e3a42110ca93adb44c05e97098167
softmax_whole_stage_atc_trace_v1,softmax_whole_stage_operand_rate_atc,softmax_whole_stage_operand_rate_atc_v2,20260728_operand_rate_v2_final_reduction_session03_CAB,reduction,fp32,20260728_operand_rate_v2_final_reduction_session03_CAB_reduction_fp32,0,1,20260728_operand_rate_v2_final_reduction_session03_CAB_reduction_fp32_b0_r1_treatment,treatment,treatment,20260728_operand_rate_v2_final_reduction_session03_CAB_reduction_fp32_b0_r1_treatment_1785247591400,52,184350.76779376299,184350.769153892,184350.76847382751,0.0013601290120277554,13.223024247505236,10644026199,true,false,5dff3859ad319cb37301e68cfc6fde00723e3a42110ca93adb44c05e97098167
softmax_whole_stage_atc_trace_v1,softmax_whole_stage_operand_rate_atc,softmax_whole_stage_operand_rate_atc_v2,20260728_operand_rate_v2_final_reduction_session03_CAB,reduction,fp32,20260728_operand_rate_v2_final_reduction_session03_CAB_reduction_fp32,0,1,20260728_operand_rate_v2_final_reduction_session03_CAB_reduction_fp32_b0_r1_treatment,treatment,treatment,20260728_operand_rate_v2_final_reduction_session03_CAB_reduction_fp32_b0_r1_treatment_1785247591400,53,184351.02302112099,184351.024438889,184351.02373000499,0.0014177680131979287,13.478280424984405,10644082179,true,false,5dff3859ad319cb37301e68cfc6fde00723e3a42110ca93adb44c05e97098167
softmax_whole_stage_atc_trace_v1,softmax_whole_stage_operand_rate_atc,softmax_whole_stage_operand_rate_atc_v2,20260728_operand_rate_v2_final_reduction_session03_CAB,reduction,fp32,20260728_operand_rate_v2_final_reduction_session03_CAB_reduction_fp32,0,1,20260728_operand_rate_v2_final_reduction_session03_CAB_reduction_fp32_b0_r1_treatment,treatment,treatment,20260728_operand_rate_v2_final_reduction_session03_CAB_reduction_fp32_b0_r1_treatment_1785247591400,54,184351.276610703,184351.27797590499,184351.27729330398,0.0013652019842993468,13.731843723973725,10644112172,true,false,5dff3859ad319cb37301e68cfc6fde00723e3a42110ca93adb44c05e97098167
softmax_whole_stage_atc_trace_v1,softmax_whole_stage_operand_rate_atc,softmax_whole_stage_operand_rate_atc_v2,20260728_operand_rate_v2_final_reduction_session03_CAB,reduction,fp32,20260728_operand_rate_v2_final_reduction_session03_CAB_reduction_fp32,0,1,20260728_operand_rate_v2_final_reduction_session03_CAB_reduction_fp32_b0_r1_treatment,treatment,treatment,20260728_operand_rate_v2_final_reduction_session03_CAB_reduction_fp32_b0_r1_treatment_1785247591400,55,184351.27797996401,184351.27915550099,184351.27856773249,0.0011755369778256863,13.73311815247871,10644112172,false,false,5dff3859ad319cb37301e68cfc6fde00723e3a42110ca93adb44c05e97098167
softmax_whole_stage_atc_trace_v1,softmax_whole_stage_operand_rate_atc,softmax_whole_stage_operand_rate_atc_v2,20260728_operand_rate_v2_final_reduction_session03_CAB,reduction,fp32,20260728_operand_rate_v2_final_reduction_session03_CAB_reduction_fp32,0,2,20260728_operand_rate_v2_final_reduction_session03_CAB_reduction_fp32_b0_r2_control,control,control,20260728_operand_rate_v2_final_reduction_session03_CAB_reduction_fp32_b0_r2_control_1785247606159,0,184352.30335154501,184352.30457498101,184352.303963263,0.0012234360037837178,0.00063901598332449794,10644244110,false,false,5dff3859ad319cb37301e68cfc6fde00723e3a42110ca93adb44c05e97098167
softmax_whole_stage_atc_trace_v1,softmax_whole_stage_operand_rate_atc,softmax_whole_stage_operand_rate_atc_v2,20260728_operand_rate_v2_final_reduction_session03_CAB,reduction,fp32,20260728_operand_rate_v2_final_reduction_session03_CAB_reduction_fp32,0,2,20260728_operand_rate_v2_final_reduction_session03_CAB_reduction_fp32_b0_r2_control,control,control,20260728_operand_rate_v2_final_reduction_session03_CAB_reduction_fp32_b0_r2_control_1785247606159,1,184352.55840537301,184352.55977382199,184352.55908959749,0.0013684489822480828,0.25576535047730431,10644302059,true,false,5dff3859ad319cb37301e68cfc6fde00723e3a42110ca93adb44c05e97098167
softmax_whole_stage_atc_trace_v1,softmax_whole_stage_operand_rate_atc,softmax_whole_stage_operand_rate_atc_v2,20260728_operand_rate_v2_final_reduction_session03_CAB,reduction,fp32,20260728_operand_rate_v2_final_reduction_session03_CAB_reduction_fp32,0,2,20260728_operand_rate_v2_final_reduction_session03_CAB_reduction_fp32_b0_r2_control,control,control,20260728_operand_rate_v2_final_reduction_session03_CAB_reduction_fp32_b0_r2_control_1785247606159,2,184352.813631817,184352.81503690101,184352.81433435902,0.0014050840109121054,0.51101011200807989,10644345508,true,false,5dff3859ad319cb37301e68cfc6fde00723e3a42110ca93adb44c05e97098167
softmax_whole_stage_atc_trace_v1,softmax_whole_stage_operand_rate_atc,softmax_whole_stage_operand_rate_atc_v2,20260728_operand_rate_v2_final_reduction_session03_CAB,reduction,fp32,20260728_operand_rate_v2_final_reduction_session03_CAB_reduction_fp32,0,2,20260728_operand_rate_v2_final_reduction_session03_CAB_reduction_fp32_b0_r2_control,control,control,20260728_operand_rate_v2_final_reduction_session03_CAB_reduction_fp32_b0_r2_control_1785247606159,3,184353.06890940701,184353.07165777401,184353.07028359052,0.0027483669982757419,0.76695934351300821,10644415387,true,true,5dff3859ad319cb37301e68cfc6fde00723e3a42110ca93adb44c05e97098167
softmax_whole_stage_atc_trace_v1,softmax_whole_stage_operand_rate_atc,softmax_whole_stage_operand_rate_atc_v2,20260728_operand_rate_v2_final_reduction_session03_CAB,reduction,fp32,20260728_operand_rate_v2_final_reduction_session03_CAB_reduction_fp32,0,2,20260728_operand_rate_v2_final_reduction_session03_CAB_reduction_fp32_b0_r2_control,control,control,20260728_operand_rate_v2_final_reduction_session03_CAB_reduction_fp32_b0_r2_control_1785247606159,4,184353.32547629299,184353.326902078,184353.32618918549,0.0014257850125432014,1.0228649384807795,10644462906,true,true,5dff3859ad319cb37301e68cfc6fde00723e3a42110ca93adb44c05e97098167
softmax_whole_stage_atc_trace_v1,softmax_whole_stage_operand_rate_atc,softmax_whole_stage_operand_rate_atc_v2,20260728_operand_rate_v2_final_reduction_session03_CAB,reduction,fp32,20260728_operand_rate_v2_final_reduction_session03_CAB_reduction_fp32,0,2,20260728_operand_rate_v2_final_reduction_session03_CAB_reduction_fp32_b0_r2_control,control,control,20260728_operand_rate_v2_final_reduction_session03_CAB_reduction_fp32_b0_r2_control_1785247606159,5,184353.580762306,184353.58338828801,184353.58207529702,0.0026259820151608437,1.2787510500056669,10644531177,true,true,5dff3859ad319cb37301e68cfc6fde00723e3a42110ca93adb44c05e97098167
softmax_whole_stage_atc_trace_v1,softmax_whole_stage_operand_rate_atc,softmax_whole_stage_operand_rate_atc_v2,20260728_operand_rate_v2_final_reduction_session03_CAB,reduction,fp32,20260728_operand_rate_v2_final_reduction_session03_CAB_reduction_fp32,0,2,20260728_operand_rate_v2_final_reduction_session03_CAB_reduction_fp32_b0_r2_control,control,control,20260728_operand_rate_v2_final_reduction_session03_CAB_reduction_fp32_b0_r2_control_1785247606159,6,184353.83723907801,184353.83862843199,184353.83793375501,0.00138935397262685,1.5346095080021769,10644602342,true,true,5dff3859ad319cb37301e68cfc6fde00723e3a42110ca93adb44c05e97098167
softmax_whole_stage_atc_trace_v1,softmax_whole_stage_operand_rate_atc,softmax_whole_stage_operand_rate_atc_v2,20260728_operand_rate_v2_final_reduction_session03_CAB,reduction,fp32,20260728_operand_rate_v2_final_reduction_session03_CAB_reduction_fp32,0,2,20260728_operand_rate_v2_final_reduction_session03_CAB_reduction_fp32_b0_r2_control,control,control,20260728_operand_rate_v2_final_reduction_session03_CAB_reduction_fp32_b0_r2_control_1785247606159,7,184354.09246826201,184354.093824229,184354.09314624552,0.0013559669896494597,1.7898219985072501,10644650710,true,true,5dff3859ad319cb37301e68cfc6fde00723e3a42110ca93adb44c05e97098167
softmax_whole_stage_atc_trace_v1,softmax_whole_stage_operand_rate_atc,softmax_whole_stage_operand_rate_atc_v2,20260728_operand_rate_v2_final_reduction_session03_CAB,reduction,fp32,20260728_operand_rate_v2_final_reduction_session03_CAB_reduction_fp32,0,2,20260728_operand_rate_v2_final_reduction_session03_CAB_reduction_fp32_b0_r2_control,control,control,20260728_operand_rate_v2_final_reduction_session03_CAB_reduction_fp32_b0_r2_control_1785247606159,8,184354.34769338701,184354.35044642101,184354.34906990401,0.0027530340012162924,2.045745657000225,10644721098,true,true,5dff3859ad319cb37301e68cfc6fde00723e3a42110ca93adb44c05e97098167
softmax_whole_stage_atc_trace_v1,softmax_whole_stage_operand_rate_atc,softmax_whole_stage_operand_rate_atc_v2,20260728_operand_rate_v2_final_reduction_session03_CAB,reduction,fp32,20260728_operand_rate_v2_final_reduction_session03_CAB_reduction_fp32,0,2,20260728_operand_rate_v2_final_reduction_session03_CAB_reduction_fp32_b0_r2_control,control,control,20260728_operand_rate_v2_final_reduction_session03_CAB_reduction_fp32_b0_r2_control_1785247606159,9,184354.60425408199,184354.60565429501,184354.60495418851,0.0014002130192238837,2.3016299415030517,10644768946,true,true,5dff3859ad319cb37301e68cfc6fde00723e3a42110ca93adb44c05e97098167
softmax_whole_stage_atc_trace_v1,softmax_whole_stage_operand_rate_atc,softmax_whole_stage_operand_rate_atc_v2,20260728_operand_rate_v2_final_reduction_session03_CAB,reduction,fp32,20260728_operand_rate_v2_final_reduction_session03_CAB_reduction_fp32,0,2,20260728_operand_rate_v2_final_reduction_session03_CAB_reduction_fp32_b0_r2_control,control,control,20260728_operand_rate_v2_final_reduction_session03_CAB_reduction_fp32_b0_r2_control_1785247606159,10,184354.85945191499,184354.86083325499,184354.86014258501,0.0013813400000799447,2.5568183379946277,10644838655,true,true,5dff3859ad319cb37301e68cfc6fde00723e3a42110ca93adb44c05e97098167
softmax_whole_stage_atc_trace_v1,softmax_whole_stage_operand_rate_atc,softmax_whole_stage_operand_rate_atc_v2,20260728_operand_rate_v2_final_reduction_session03_CAB,reduction,fp32,20260728_operand_rate_v2_final_reduction_session03_CAB_reduction_fp32,0,2,20260728_operand_rate_v2_final_reduction_session03_CAB_reduction_fp32_b0_r2_control,control,control,20260728_operand_rate_v2_final_reduction_session03_CAB_reduction_fp32_b0_r2_control_1785247606159,11,184355.11461336099,184355.116077896,184355.1153456285,0.001464535016566515,2.8120213814836461,10644885795,true,true,5dff3859ad319cb37301e68cfc6fde00723e3a42110ca93adb44c05e97098167
softmax_whole_stage_atc_trace_v1,softmax_whole_stage_operand_rate_atc,softmax_whole_stage_operand_rate_atc_v2,20260728_operand_rate_v2_final_reduction_session03_CAB,reduction,fp32,20260728_operand_rate_v2_final_reduction_session03_CAB_reduction_fp32,0,2,20260728_operand_rate_v2_final_reduction_session03_CAB_reduction_fp32_b0_r2_control,control,control,20260728_operand_rate_v2_final_reduction_session03_CAB_reduction_fp32_b0_r2_control_1785247606159,12,184355.36988925099,184355.37142724101,184355.37065824599,0.0015379900287371129,3.0673339989734814,10644954538,true,true,5dff3859ad319cb37301e68cfc6fde00723e3a42110ca93adb44c05e97098167
softmax_whole_stage_atc_trace_v1,softmax_whole_stage_operand_rate_atc,softmax_whole_stage_operand_rate_atc_v2,20260728_operand_rate_v2_final_reduction_session03_CAB,reduction,fp32,20260728_operand_rate_v2_final_reduction_session03_CAB_reduction_fp32,0,2,20260728_operand_rate_v2_final_reduction_session03_CAB_reduction_fp32_b0_r2_control,control,control,20260728_operand_rate_v2_final_reduction_session03_CAB_reduction_fp32_b0_r2_control_1785247606159,13,184355.62518918599,184355.62803952501,184355.62661435548,0.0028503390203695744,3.3232901084702462,10645000673,true,true,5dff3859ad319cb37301e68cfc6fde00723e3a42110ca93adb44c05e97098167
softmax_whole_stage_atc_trace_v1,softmax_whole_stage_operand_rate_atc,softmax_whole_stage_operand_rate_atc_v2,20260728_operand_rate_v2_final_reduction_session03_CAB,reduction,fp32,20260728_operand_rate_v2_final_reduction_session03_CAB_reduction_fp32,0,2,20260728_operand_rate_v2_final_reduction_session03_CAB_reduction_fp32_b0_r2_control,control,control,20260728_operand_rate_v2_final_reduction_session03_CAB_reduction_fp32_b0_r2_control_1785247606159,14,184355.881837792,184355.88322724801,184355.88253251999,0.0013894560106564313,3.5792082729749382,10645072867,true,true,5dff3859ad319cb37301e68cfc6fde00723e3a42110ca93adb44c05e97098167
softmax_whole_stage_atc_trace_v1,softmax_whole_stage_operand_rate_atc,softmax_whole_stage_operand_rate_atc_v2,20260728_operand_rate_v2_final_reduction_session03_CAB,reduction,fp32,20260728_operand_rate_v2_final_reduction_session03_CAB_reduction_fp32,0,2,20260728_operand_rate_v2_final_reduction_session03_CAB_reduction_fp32_b0_r2_control,control,control,20260728_operand_rate_v2_final_reduction_session03_CAB_reduction_fp32_b0_r2_control_1785247606159,15,184356.13704174801,184356.138439423,184356.13774058549,0.0013976749905850738,3.8344163384754211,10645117746,true,true,5dff3859ad319cb37301e68cfc6fde00723e3a42110ca93adb44c05e97098167
softmax_whole_stage_atc_trace_v1,softmax_whole_stage_operand_rate_atc,softmax_whole_stage_operand_rate_atc_v2,20260728_operand_rate_v2_final_reduction_session03_CAB,reduction,fp32,20260728_operand_rate_v2_final_reduction_session03_CAB_reduction_fp32,0,2,20260728_operand_rate_v2_final_reduction_session03_CAB_reduction_fp32_b0_r2_control,control,control,20260728_operand_rate_v2_final_reduction_session03_CAB_reduction_fp32_b0_r2_control_1785247606159,16,184356.389104792,184356.39050459801,184356.38980469501,0.0013998060021549463,4.0864804479933809,10645189081,true,true,5dff3859ad319cb37301e68cfc6fde00723e3a42110ca93adb44c05e97098167
softmax_whole_stage_atc_trace_v1,softmax_whole_stage_operand_rate_atc,softmax_whole_stage_operand_rate_atc_v2,20260728_operand_rate_v2_final_reduction_session03_CAB,reduction,fp32,20260728_operand_rate_v2_final_reduction_session03_CAB_reduction_fp32,0,2,20260728_operand_rate_v2_final_reduction_session03_CAB_reduction_fp32_b0_r2_control,control,control,20260728_operand_rate_v2_final_reduction_session03_CAB_reduction_fp32_b0_r2_control_1785247606159,17,184356.64425386101,184356.64566137601,184356.6449576185,0.0014075149956624955,4.3416333714849316,10645233963,true,true,5dff3859ad319cb37301e68cfc6fde00723e3a42110ca93adb44c05e97098167
softmax_whole_stage_atc_trace_v1,softmax_whole_stage_operand_rate_atc,softmax_whole_stage_operand_rate_atc_v2,20260728_operand_rate_v2_final_reduction_session03_CAB,reduction,fp32,20260728_operand_rate_v2_final_reduction_session03_CAB_reduction_fp32,0,2,20260728_operand_rate_v2_final_reduction_session03_CAB_reduction_fp32_b0_r2_control,control,control,20260728_operand_rate_v2_final_reduction_session03_CAB_reduction_fp32_b0_r2_control_1785247606159,18,184356.89946380301,184356.90082474999,184356.9001442765,0.0013609469751827419,4.596820029488299,10645305395,true,true,5dff3859ad319cb37301e68cfc6fde00723e3a42110ca93adb44c05e97098167
softmax_whole_stage_atc_trace_v1,softmax_whole_stage_operand_rate_atc,softmax_whole_stage_operand_rate_atc_v2,20260728_operand_rate_v2_final_reduction_session03_CAB,reduction,fp32,20260728_operand_rate_v2_final_reduction_session03_CAB_reduction_fp32,0,2,20260728_operand_rate_v2_final_reduction_session03_CAB_reduction_fp32_b0_r2_control,control,control,20260728_operand_rate_v2_final_reduction_session03_CAB_reduction_fp32_b0_r2_control_1785247606159,19,184357.154633061,184357.15603266301,184357.15533286199,0.0013996020134072751,4.85200861498015,10645349573,true,true,5dff3859ad319cb37301e68cfc6fde00723e3a42110ca93adb44c05e97098167
softmax_whole_stage_atc_trace_v1,softmax_whole_stage_operand_rate_atc,softmax_whole_stage_operand_rate_atc_v2,20260728_operand_rate_v2_final_reduction_session03_CAB,reduction,fp32,20260728_operand_rate_v2_final_reduction_session03_CAB_reduction_fp32,0,2,20260728_operand_rate_v2_final_reduction_session03_CAB_reduction_fp32_b0_r2_control,control,control,20260728_operand_rate_v2_final_reduction_session03_CAB_reduction_fp32_b0_r2_control_1785247606159,20,184357.40984178599,184357.41306082101,184357.41145130352,0.0032190350175369531,5.1081270565045998,10645420379,true,true,5dff3859ad319cb37301e68cfc6fde00723e3a42110ca93adb44c05e97098167
softmax_whole_stage_atc_trace_v1,softmax_whole_stage_operand_rate_atc,softmax_whole_stage_operand_rate_atc_v2,20260728_operand_rate_v2_final_reduction_session03_CAB,reduction,fp32,20260728_operand_rate_v2_final_reduction_session03_CAB_reduction_fp32,0,2,20260728_operand_rate_v2_final_reduction_session03_CAB_reduction_fp32_b0_r2_control,control,control,20260728_operand_rate_v2_final_reduction_session03_CAB_reduction_fp32_b0_r2_control_1785247606159,21,184357.66678969099,184357.66814069499,184357.66746519299,0.0013510040007531643,5.3641409459814895,10645468374,true,true,5dff3859ad319cb37301e68cfc6fde00723e3a42110ca93adb44c05e97098167
softmax_whole_stage_atc_trace_v1,softmax_whole_stage_operand_rate_atc,softmax_whole_stage_operand_rate_atc_v2,20260728_operand_rate_v2_final_reduction_session03_CAB,reduction,fp32,20260728_operand_rate_v2_final_reduction_session03_CAB_reduction_fp32,0,2,20260728_operand_rate_v2_final_reduction_session03_CAB_reduction_fp32_b0_r2_control,control,control,20260728_operand_rate_v2_final_reduction_session03_CAB_reduction_fp32_b0_r2_control_1785247606159,22,184357.921941904,184357.92333105599,184357.92263648001,0.0013891519920434803,5.6193122330005281,10645538124,true,true,5dff3859ad319cb37301e68cfc6fde00723e3a42110ca93adb44c05e97098167
softmax_whole_stage_atc_trace_v1,softmax_whole_stage_operand_rate_atc,softmax_whole_stage_operand_rate_atc_v2,20260728_operand_rate_v2_final_reduction_session03_CAB,reduction,fp32,20260728_operand_rate_v2_final_reduction_session03_CAB_reduction_fp32,0,2,20260728_operand_rate_v2_final_reduction_session03_CAB_reduction_fp32_b0_r2_control,control,control,20260728_operand_rate_v2_final_reduction_session03_CAB_reduction_fp32_b0_r2_control_1785247606159,23,184358.17715093301,184358.17851756199,184358.1778342475,0.0013666289742104709,5.8745100004889537,10645585400,true,true,5dff3859ad319cb37301e68cfc6fde00723e3a42110ca93adb44c05e97098167
softmax_whole_stage_atc_trace_v1,softmax_whole_stage_operand_rate_atc,softmax_whole_stage_operand_rate_atc_v2,20260728_operand_rate_v2_final_reduction_session03_CAB,reduction,fp32,20260728_operand_rate_v2_final_reduction_session03_CAB_reduction_fp32,0,2,20260728_operand_rate_v2_final_reduction_session03_CAB_reduction_fp32_b0_r2_control,control,control,20260728_operand_rate_v2_final_reduction_session03_CAB_reduction_fp32_b0_r2_control_1785247606159,24,184358.43228772501,184358.43368752999,184358.43298762752,0.0013998049835208803,6.1296633805031888,10645654531,true,true,5dff3859ad319cb37301e68cfc6fde00723e3a42110ca93adb44c05e97098167
softmax_whole_stage_atc_trace_v1,softmax_whole_stage_operand_rate_atc,softmax_whole_stage_operand_rate_atc_v2,20260728_operand_rate_v2_final_reduction_session03_CAB,reduction,fp32,20260728_operand_rate_v2_final_reduction_session03_CAB_reduction_fp32,0,2,20260728_operand_rate_v2_final_reduction_session03_CAB_reduction_fp32_b0_r2_control,control,control,20260728_operand_rate_v2_final_reduction_session03_CAB_reduction_fp32_b0_r2_control_1785247606159,25,184358.68746236101,184358.691148504,184358.68930543249,0.0036861429980490357,6.3859811854781583,10645701127,true,true,5dff3859ad319cb37301e68cfc6fde00723e3a42110ca93adb44c05e97098167
softmax_whole_stage_atc_trace_v1,softmax_whole_stage_operand_rate_atc,softmax_whole_stage_operand_rate_atc_v2,20260728_operand_rate_v2_final_reduction_session03_CAB,reduction,fp32,20260728_operand_rate_v2_final_reduction_session03_CAB_reduction_fp32,0,2,20260728_operand_rate_v2_final_reduction_session03_CAB_reduction_fp32_b0_r2_control,control,control,20260728_operand_rate_v2_final_reduction_session03_CAB_reduction_fp32_b0_r2_control_1785247606159,26,184358.94497710699,184358.94648486201,184358.9457309845,0.0015077550197020173,6.6424067374900915,10645773951,true,true,5dff3859ad319cb37301e68cfc6fde00723e3a42110ca93adb44c05e97098167
softmax_whole_stage_atc_trace_v1,softmax_whole_stage_operand_rate_atc,softmax_whole_stage_operand_rate_atc_v2,20260728_operand_rate_v2_final_reduction_session03_CAB,reduction,fp32,20260728_operand_rate_v2_final_reduction_session03_CAB_reduction_fp32,0,2,20260728_operand_rate_v2_final_reduction_session03_CAB_reduction_fp32_b0_r2_control,control,control,20260728_operand_rate_v2_final_reduction_session03_CAB_reduction_fp32_b0_r2_control_1785247606159,27,184359.20029976801,184359.201660411,184359.20098008949,0.0013606429856736213,6.8976558424765244,10645819262,true,true,5dff3859ad319cb37301e68cfc6fde00723e3a42110ca93adb44c05e97098167
softmax_whole_stage_atc_trace_v1,softmax_whole_stage_operand_rate_atc,softmax_whole_stage_operand_rate_atc_v2,20260728_operand_rate_v2_final_reduction_session03_CAB,reduction,fp32,20260728_operand_rate_v2_final_reduction_session03_CAB_reduction_fp32,0,2,20260728_operand_rate_v2_final_reduction_session03_CAB_reduction_fp32_b0_r2_control,control,control,20260728_operand_rate_v2_final_reduction_session03_CAB_reduction_fp32_b0_r2_control_1785247606159,28,184359.45549469499,184359.456992102,184359.45624339848,0.0014974070072639734,7.1529191514709964,10645891132,true,true,5dff3859ad319cb37301e68cfc6fde00723e3a42110ca93adb44c05e97098167
softmax_whole_stage_atc_trace_v1,softmax_whole_stage_operand_rate_atc,softmax_whole_stage_operand_rate_atc_v2,20260728_operand_rate_v2_final_reduction_session03_CAB,reduction,fp32,20260728_operand_rate_v2_final_reduction_session03_CAB_reduction_fp32,0,2,20260728_operand_rate_v2_final_reduction_session03_CAB_reduction_fp32_b0_r2_control,control,control,20260728_operand_rate_v2_final_reduction_session03_CAB_reduction_fp32_b0_r2_control_1785247606159,29,184359.71072097201,184359.712095311,184359.71140814151,0.0013743389863520861,7.4080838944937568,10645935498,true,true,5dff3859ad319cb37301e68cfc6fde00723e3a42110ca93adb44c05e97098167
softmax_whole_stage_atc_trace_v1,softmax_whole_stage_operand_rate_atc,softmax_whole_stage_operand_rate_atc_v2,20260728_operand_rate_v2_final_reduction_session03_CAB,reduction,fp32,20260728_operand_rate_v2_final_reduction_session03_CAB_reduction_fp32,0,2,20260728_operand_rate_v2_final_reduction_session03_CAB_reduction_fp32_b0_r2_control,control,control,20260728_operand_rate_v2_final_reduction_session03_CAB_reduction_fp32_b0_r2_control_1785247606159,30,184359.96590676799,184359.96915806501,184359.96753241651,0.0032512970210518688,7.6642081695026718,10646006355,true,true,5dff3859ad319cb37301e68cfc6fde00723e3a42110ca93adb44c05e97098167
softmax_whole_stage_atc_trace_v1,softmax_whole_stage_operand_rate_atc,softmax_whole_stage_operand_rate_atc_v2,20260728_operand_rate_v2_final_reduction_session03_CAB,reduction,fp32,20260728_operand_rate_v2_final_reduction_session03_CAB_reduction_fp32,0,2,20260728_operand_rate_v2_final_reduction_session03_CAB_reduction_fp32_b0_r2_control,control,control,20260728_operand_rate_v2_final_reduction_session03_CAB_reduction_fp32_b0_r2_control_1785247606159,31,184360.220204204,184360.221639519,184360.2209218615,0.001435315003618598,7.9175976144906599,10646054286,true,true,5dff3859ad319cb37301e68cfc6fde00723e3a42110ca93adb44c05e97098167
softmax_whole_stage_atc_trace_v1,softmax_whole_stage_operand_rate_atc,softmax_whole_stage_operand_rate_atc_v2,20260728_operand_rate_v2_final_reduction_session03_CAB,reduction,fp32,20260728_operand_rate_v2_final_reduction_session03_CAB_reduction_fp32,0,2,20260728_operand_rate_v2_final_reduction_session03_CAB_reduction_fp32_b0_r2_control,control,control,20260728_operand_rate_v2_final_reduction_session03_CAB_reduction_fp32_b0_r2_control_1785247606159,32,184360.47540836301,184360.47672010399,184360.47606423352,0.0013117409835103899,8.1727399865048937,10646124384,true,true,5dff3859ad319cb37301e68cfc6fde00723e3a42110ca93adb44c05e97098167
softmax_whole_stage_atc_trace_v1,softmax_whole_stage_operand_rate_atc,softmax_whole_stage_operand_rate_atc_v2,20260728_operand_rate_v2_final_reduction_session03_CAB,reduction,fp32,20260728_operand_rate_v2_final_reduction_session03_CAB_reduction_fp32,0,2,20260728_operand_rate_v2_final_reduction_session03_CAB_reduction_fp32_b0_r2_control,control,control,20260728_operand_rate_v2_final_reduction_session03_CAB_reduction_fp32_b0_r2_control_1785247606159,33,184360.73045526401,184360.731859127,184360.73115719552,0.0014038629888091236,8.4278329485096037,10646172119,true,true,5dff3859ad319cb37301e68cfc6fde00723e3a42110ca93adb44c05e97098167
softmax_whole_stage_atc_trace_v1,softmax_whole_stage_operand_rate_atc,softmax_whole_stage_operand_rate_atc_v2,20260728_operand_rate_v2_final_reduction_session03_CAB,reduction,fp32,20260728_operand_rate_v2_final_reduction_session03_CAB_reduction_fp32,0,2,20260728_operand_rate_v2_final_reduction_session03_CAB_reduction_fp32_b0_r2_control,control,control,20260728_operand_rate_v2_final_reduction_session03_CAB_reduction_fp32_b0_r2_control_1785247606159,34,184360.98565962599,184360.98813254401,184360.986896085,0.002472918014973402,8.6835718379879836,10646241428,true,true,5dff3859ad319cb37301e68cfc6fde00723e3a42110ca93adb44c05e97098167
softmax_whole_stage_atc_trace_v1,softmax_whole_stage_operand_rate_atc,softmax_whole_stage_operand_rate_atc_v2,20260728_operand_rate_v2_final_reduction_session03_CAB,reduction,fp32,20260728_operand_rate_v2_final_reduction_session03_CAB_reduction_fp32,0,2,20260728_operand_rate_v2_final_reduction_session03_CAB_reduction_fp32_b0_r2_control,control,control,20260728_operand_rate_v2_final_reduction_session03_CAB_reduction_fp32_b0_r2_control_1785247606159,35,184361.241848834,184361.24752363999,184361.24468623701,0.0056748059869278222,8.941361990000587,10646312712,true,true,5dff3859ad319cb37301e68cfc6fde00723e3a42110ca93adb44c05e97098167
softmax_whole_stage_atc_trace_v1,softmax_whole_stage_operand_rate_atc,softmax_whole_stage_operand_rate_atc_v2,20260728_operand_rate_v2_final_reduction_session03_CAB,reduction,fp32,20260728_operand_rate_v2_final_reduction_session03_CAB_reduction_fp32,0,2,20260728_operand_rate_v2_final_reduction_session03_CAB_reduction_fp32_b0_r2_control,control,control,20260728_operand_rate_v2_final_reduction_session03_CAB_reduction_fp32_b0_r2_control_1785247606159,36,184361.50133793699,184361.50280196499,184361.50206995098,0.0014640279987361282,9.1987457039649598,10646360629,true,true,5dff3859ad319cb37301e68cfc6fde00723e3a42110ca93adb44c05e97098167
softmax_whole_stage_atc_trace_v1,softmax_whole_stage_operand_rate_atc,softmax_whole_stage_operand_rate_atc_v2,20260728_operand_rate_v2_final_reduction_session03_CAB,reduction,fp32,20260728_operand_rate_v2_final_reduction_session03_CAB_reduction_fp32,0,2,20260728_operand_rate_v2_final_reduction_session03_CAB_reduction_fp32_b0_r2_control,control,control,20260728_operand_rate_v2_final_reduction_session03_CAB_reduction_fp32_b0_r2_control_1785247606159,37,184361.75555501899,184361.75696771001,184361.7562613645,0.0014126910245977342,9.4529371174867265,10646430285,true,false,5dff3859ad319cb37301e68cfc6fde00723e3a42110ca93adb44c05e97098167
softmax_whole_stage_atc_trace_v1,softmax_whole_stage_operand_rate_atc,softmax_whole_stage_operand_rate_atc_v2,20260728_operand_rate_v2_final_reduction_session03_CAB,reduction,fp32,20260728_operand_rate_v2_final_reduction_session03_CAB_reduction_fp32,0,2,20260728_operand_rate_v2_final_reduction_session03_CAB_reduction_fp32_b0_r2_control,control,control,20260728_operand_rate_v2_final_reduction_session03_CAB_reduction_fp32_b0_r2_control_1785247606159,38,184362.01074680101,184362.01214234499,184362.011444573,0.0013955439790152013,9.7081203259876929,10646477583,true,false,5dff3859ad319cb37301e68cfc6fde00723e3a42110ca93adb44c05e97098167
softmax_whole_stage_atc_trace_v1,softmax_whole_stage_operand_rate_atc,softmax_whole_stage_operand_rate_atc_v2,20260728_operand_rate_v2_final_reduction_session03_CAB,reduction,fp32,20260728_operand_rate_v2_final_reduction_session03_CAB_reduction_fp32,0,2,20260728_operand_rate_v2_final_reduction_session03_CAB_reduction_fp32_b0_r2_control,control,control,20260728_operand_rate_v2_final_reduction_session03_CAB_reduction_fp32_b0_r2_control_1785247606159,39,184362.26603983701,184362.26814132,184362.26709057851,0.0021014829981140792,9.9637663314933889,10646522771,true,false,5dff3859ad319cb37301e68cfc6fde00723e3a42110ca93adb44c05e97098167
softmax_whole_stage_atc_trace_v1,softmax_whole_stage_operand_rate_atc,softmax_whole_stage_operand_rate_atc_v2,20260728_operand_rate_v2_final_reduction_session03_CAB,reduction,fp32,20260728_operand_rate_v2_final_reduction_session03_CAB_reduction_fp32,0,2,20260728_operand_rate_v2_final_reduction_session03_CAB_reduction_fp32_b0_r2_control,control,control,20260728_operand_rate_v2_final_reduction_session03_CAB_reduction_fp32_b0_r2_control_1785247606159,40,184362.26816090199,184362.270061905,184362.2691114035,0.0019010030082426965,9.9657871564850211,10646522771,false,false,5dff3859ad319cb37301e68cfc6fde00723e3a42110ca93adb44c05e97098167
softmax_whole_stage_atc_trace_v1,softmax_whole_stage_operand_rate_atc,softmax_whole_stage_operand_rate_atc_v2,20260728_operand_rate_v2_final_reduction_session03_CAB,reduction,fp32,20260728_operand_rate_v2_final_reduction_session03_CAB_reduction_fp32,1,0,20260728_operand_rate_v2_final_reduction_session03_CAB_reduction_fp32_b1_r0_treatment,treatment,treatment,20260728_operand_rate_v2_final_reduction_session03_CAB_reduction_fp32_b1_r0_treatment_1785247617171,0,184363.31962307799,184363.32081705399,184363.320220066,0.0011939760006498545,0.0006069329974707216,10646656632,false,false,5dff3859ad319cb37301e68cfc6fde00723e3a42110ca93adb44c05e97098167
softmax_whole_stage_atc_trace_v1,softmax_whole_stage_operand_rate_atc,softmax_whole_stage_operand_rate_atc_v2,20260728_operand_rate_v2_final_reduction_session03_CAB,reduction,fp32,20260728_operand_rate_v2_final_reduction_session03_CAB_reduction_fp32,1,0,20260728_operand_rate_v2_final_reduction_session03_CAB_reduction_fp32_b1_r0_treatment,treatment,treatment,20260728_operand_rate_v2_final_reduction_session03_CAB_reduction_fp32_b1_r0_treatment_1785247617171,1,184363.57198949999,184363.573351725,184363.57267061248,0.0013622250116895884,0.25305747948004864,10646692014,true,false,5dff3859ad319cb37301e68cfc6fde00723e3a42110ca93adb44c05e97098167
softmax_whole_stage_atc_trace_v1,softmax_whole_stage_operand_rate_atc,softmax_whole_stage_operand_rate_atc_v2,20260728_operand_rate_v2_final_reduction_session03_CAB,reduction,fp32,20260728_operand_rate_v2_final_reduction_session03_CAB_reduction_fp32,1,0,20260728_operand_rate_v2_final_reduction_session03_CAB_reduction_fp32_b1_r0_treatment,treatment,treatment,20260728_operand_rate_v2_final_reduction_session03_CAB_reduction_fp32_b1_r0_treatment_1785247617171,2,184363.827216859,184363.82868583701,184363.82795134801,0.0014689780073240399,0.50833821500418708,10646755673,true,false,5dff3859ad319cb37301e68cfc6fde00723e3a42110ca93adb44c05e97098167
softmax_whole_stage_atc_trace_v1,softmax_whole_stage_operand_rate_atc,softmax_whole_stage_operand_rate_atc_v2,20260728_operand_rate_v2_final_reduction_session03_CAB,reduction,fp32,20260728_operand_rate_v2_final_reduction_session03_CAB_reduction_fp32,1,0,20260728_operand_rate_v2_final_reduction_session03_CAB_reduction_fp32_b1_r0_treatment,treatment,treatment,20260728_operand_rate_v2_final_reduction_session03_CAB_reduction_fp32_b1_r0_treatment_1785247617171,3,184364.07999862501,184364.08134065699,184364.080669641,0.0013420319883152843,0.76105650799581781,10646821372,true,true,5dff3859ad319cb37301e68cfc6fde00723e3a42110ca93adb44c05e97098167
softmax_whole_stage_atc_trace_v1,softmax_whole_stage_operand_rate_atc,softmax_whole_stage_operand_rate_atc_v2,20260728_operand_rate_v2_final_reduction_session03_CAB,reduction,fp32,20260728_operand_rate_v2_final_reduction_session03_CAB_reduction_fp32,1,0,20260728_operand_rate_v2_final_reduction_session03_CAB_reduction_fp32_b1_r0_treatment,treatment,treatment,20260728_operand_rate_v2_final_reduction_session03_CAB_reduction_fp32_b1_r0_treatment_1785247617171,4,184364.33223485301,184364.33483590701,184364.33353538002,0.0026010540022980422,1.0139222470170353,10646866404,true,true,5dff3859ad319cb37301e68cfc6fde00723e3a42110ca93adb44c05e97098167
softmax_whole_stage_atc_trace_v1,softmax_whole_stage_operand_rate_atc,softmax_whole_stage_operand_rate_atc_v2,20260728_operand_rate_v2_final_reduction_session03_CAB,reduction,fp32,20260728_operand_rate_v2_final_reduction_session03_CAB_reduction_fp32,1,0,20260728_operand_rate_v2_final_reduction_session03_CAB_reduction_fp32_b1_r0_treatment,treatment,treatment,20260728_operand_rate_v2_final_reduction_session03_CAB_reduction_fp32_b1_r0_treatment_1785247617171,5,184364.58514549499,184364.58652243399,184364.58583396449,0.0013769390061497688,1.2662208314868622,10646909804,true,true,5dff3859ad319cb37301e68cfc6fde00723e3a42110ca93adb44c05e97098167
softmax_whole_stage_atc_trace_v1,softmax_whole_stage_operand_rate_atc,softmax_whole_stage_operand_rate_atc_v2,20260728_operand_rate_v2_final_reduction_session03_CAB,reduction,fp32,20260728_operand_rate_v2_final_reduction_session03_CAB_reduction_fp32,1,0,20260728_operand_rate_v2_final_reduction_session03_CAB_reduction_fp32_b1_r0_treatment,treatment,treatment,20260728_operand_rate_v2_final_reduction_session03_CAB_reduction_fp32_b1_r0_treatment_1785247617171,6,184364.840316635,184364.84257408901,184364.84144536202,0.0022574540053028613,1.5218322290165816,10646973882,true,true,5dff3859ad319cb37301e68cfc6fde00723e3a42110ca93adb44c05e97098167
softmax_whole_stage_atc_trace_v1,softmax_whole_stage_operand_rate_atc,softmax_whole_stage_operand_rate_atc_v2,20260728_operand_rate_v2_final_reduction_session03_CAB,reduction,fp32,20260728_operand_rate_v2_final_reduction_session03_CAB_reduction_fp32,1,0,20260728_operand_rate_v2_final_reduction_session03_CAB_reduction_fp32_b1_r0_treatment,treatment,treatment,20260728_operand_rate_v2_final_reduction_session03_CAB_reduction_fp32_b1_r0_treatment_1785247617171,7,184365.092958872,184365.09434545101,184365.09365216151,0.0013865790097042918,1.7740390285034664,10647017095,true,true,5dff3859ad319cb37301e68cfc6fde00723e3a42110ca93adb44c05e97098167
softmax_whole_stage_atc_trace_v1,softmax_whole_stage_operand_rate_atc,softmax_whole_stage_operand_rate_atc_v2,20260728_operand_rate_v2_final_reduction_session03_CAB,reduction,fp32,20260728_operand_rate_v2_final_reduction_session03_CAB_reduction_fp32,1,0,20260728_operand_rate_v2_final_reduction_session03_CAB_reduction_fp32_b1_r0_treatment,treatment,treatment,20260728_operand_rate_v2_final_reduction_session03_CAB_reduction_fp32_b1_r0_treatment_1785247617171,8,184365.34743175001,184365.34997983399,184365.34870579198,0.0025480839831288904,2.0290926589805167,10647081058,true,true,5dff3859ad319cb37301e68cfc6fde00723e3a42110ca93adb44c05e97098167
softmax_whole_stage_atc_trace_v1,softmax_whole_stage_operand_rate_atc,softmax_whole_stage_operand_rate_atc_v2,20260728_operand_rate_v2_final_reduction_session03_CAB,reduction,fp32,20260728_operand_rate_v2_final_reduction_session03_CAB_reduction_fp32,1,0,20260728_operand_rate_v2_final_reduction_session03_CAB_reduction_fp32_b1_r0_treatment,treatment,treatment,20260728_operand_rate_v2_final_reduction_session03_CAB_reduction_fp32_b1_r0_treatment_1785247617171,9,184365.60351283301,184365.604955327,184365.60423408,0.0014424939872696996,2.2846209470008034,10647147028,true,true,5dff3859ad319cb37301e68cfc6fde00723e3a42110ca93adb44c05e97098167
softmax_whole_stage_atc_trace_v1,softmax_whole_stage_operand_rate_atc,softmax_whole_stage_operand_rate_atc_v2,20260728_operand_rate_v2_final_reduction_session03_CAB,reduction,fp32,20260728_operand_rate_v2_final_reduction_session03_CAB_reduction_fp32,1,0,20260728_operand_rate_v2_final_reduction_session03_CAB_reduction_fp32_b1_r0_treatment,treatment,treatment,20260728_operand_rate_v2_final_reduction_session03_CAB_reduction_fp32_b1_r0_treatment_1785247617171,10,184365.85751638099,184365.858951873,184365.85823412699,0.0014354920131154358,2.5386209939897526,10647191866,true,true,5dff3859ad319cb37301e68cfc6fde00723e3a42110ca93adb44c05e97098167
softmax_whole_stage_atc_trace_v1,softmax_whole_stage_operand_rate_atc,softmax_whole_stage_operand_rate_atc_v2,20260728_operand_rate_v2_final_reduction_session03_CAB,reduction,fp32,20260728_operand_rate_v2_final_reduction_session03_CAB_reduction_fp32,1,0,20260728_operand_rate_v2_final_reduction_session03_CAB_reduction_fp32_b1_r0_treatment,treatment,treatment,20260728_operand_rate_v2_final_reduction_session03_CAB_reduction_fp32_b1_r0_treatment_1785247617171,11,184366.109635606,184366.11091512701,184366.11027536652,0.0012795210059266537,2.7906622335140128,10647257459,true,true,5dff3859ad319cb37301e68cfc6fde00723e3a42110ca93adb44c05e97098167
softmax_whole_stage_atc_trace_v1,softmax_whole_stage_operand_rate_atc,softmax_whole_stage_operand_rate_atc_v2,20260728_operand_rate_v2_final_reduction_session03_CAB,reduction,fp32,20260728_operand_rate_v2_final_reduction_session03_CAB_reduction_fp32,1,0,20260728_operand_rate_v2_final_reduction_session03_CAB_reduction_fp32_b1_r0_treatment,treatment,treatment,20260728_operand_rate_v2_final_reduction_session03_CAB_reduction_fp32_b1_r0_treatment_1785247617171,12,184366.36470770501,184366.366112043,184366.36540987401,0.001404337992426008,3.0457967410038691,10647302599,true,true,5dff3859ad319cb37301e68cfc6fde00723e3a42110ca93adb44c05e97098167
softmax_whole_stage_atc_trace_v1,softmax_whole_stage_operand_rate_atc,softmax_whole_stage_operand_rate_atc_v2,20260728_operand_rate_v2_final_reduction_session03_CAB,reduction,fp32,20260728_operand_rate_v2_final_reduction_session03_CAB_reduction_fp32,1,0,20260728_operand_rate_v2_final_reduction_session03_CAB_reduction_fp32_b1_r0_treatment,treatment,treatment,20260728_operand_rate_v2_final_reduction_session03_CAB_reduction_fp32_b1_r0_treatment_1785247617171,13,184366.61703952399,184366.61835344601,184366.61769648502,0.0013139220245648175,3.2980833520123269,10647368313,true,true,5dff3859ad319cb37301e68cfc6fde00723e3a42110ca93adb44c05e97098167
softmax_whole_stage_atc_trace_v1,softmax_whole_stage_operand_rate_atc,softmax_whole_stage_operand_rate_atc_v2,20260728_operand_rate_v2_final_reduction_session03_CAB,reduction,fp32,20260728_operand_rate_v2_final_reduction_session03_CAB_reduction_fp32,1,0,20260728_operand_rate_v2_final_reduction_session03_CAB_reduction_fp32_b1_r0_treatment,treatment,treatment,20260728_operand_rate_v2_final_reduction_session03_CAB_reduction_fp32_b1_r0_treatment_1785247617171,14,184366.87215069099,184366.873569541,184366.87286011601,0.0014188500063028187,3.5532469830068294,10647413532,true,true,5dff3859ad319cb37301e68cfc6fde00723e3a42110ca93adb44c05e97098167
softmax_whole_stage_atc_trace_v1,softmax_whole_stage_operand_rate_atc,softmax_whole_stage_operand_rate_atc_v2,20260728_operand_rate_v2_final_reduction_session03_CAB,reduction,fp32,20260728_operand_rate_v2_final_reduction_session03_CAB_reduction_fp32,1,0,20260728_operand_rate_v2_final_reduction_session03_CAB_reduction_fp32_b1_r0_treatment,treatment,treatment,20260728_operand_rate_v2_final_reduction_session03_CAB_reduction_fp32_b1_r0_treatment_1785247617171,15,184367.12740392701,184367.13095247099,184367.12917819899,0.0035485439875628799,3.8095650659815874,10647479329,true,true,5dff3859ad319cb37301e68cfc6fde00723e3a42110ca93adb44c05e97098167
softmax_whole_stage_atc_trace_v1,softmax_whole_stage_operand_rate_atc,softmax_whole_stage_operand_rate_atc_v2,20260728_operand_rate_v2_final_reduction_session03_CAB,reduction,fp32,20260728_operand_rate_v2_final_reduction_session03_CAB_reduction_fp32,1,0,20260728_operand_rate_v2_final_reduction_session03_CAB_reduction_fp32_b1_r0_treatment,treatment,treatment,20260728_operand_rate_v2_final_reduction_session03_CAB_reduction_fp32_b1_r0_treatment_1785247617171,16,184367.38117803601,184367.38271591699,184367.3819469765,0.0015378809766843915,4.0623338434961624,10647523712,true,true,5dff3859ad319cb37301e68cfc6fde00723e3a42110ca93adb44c05e97098167
softmax_whole_stage_atc_trace_v1,softmax_whole_stage_operand_rate_atc,softmax_whole_stage_operand_rate_atc_v2,20260728_operand_rate_v2_final_reduction_session03_CAB,reduction,fp32,20260728_operand_rate_v2_final_reduction_session03_CAB_reduction_fp32,1,0,20260728_operand_rate_v2_final_reduction_session03_CAB_reduction_fp32_b1_r0_treatment,treatment,treatment,20260728_operand_rate_v2_final_reduction_session03_CAB_reduction_fp32_b1_r0_treatment_1785247617171,17,184367.634930428,184367.63785976,184367.63639509398,0.002929331996710971,4.3167819609807339,10647588972,true,true,5dff3859ad319cb37301e68cfc6fde00723e3a42110ca93adb44c05e97098167
softmax_whole_stage_atc_trace_v1,softmax_whole_stage_operand_rate_atc,softmax_whole_stage_operand_rate_atc_v2,20260728_operand_rate_v2_final_reduction_session03_CAB,reduction,fp32,20260728_operand_rate_v2_final_reduction_session03_CAB_reduction_fp32,1,0,20260728_operand_rate_v2_final_reduction_session03_CAB_reduction_fp32_b1_r0_treatment,treatment,treatment,20260728_operand_rate_v2_final_reduction_session03_CAB_reduction_fp32_b1_r0_treatment_1785247617171,18,184367.89172255999,184367.89313633501,184367.8924294475,0.0014137750258669257,4.5728163144958671,10647633409,true,true,5dff3859ad319cb37301e68cfc6fde00723e3a42110ca93adb44c05e97098167
softmax_whole_stage_atc_trace_v1,softmax_whole_stage_operand_rate_atc,softmax_whole_stage_operand_rate_atc_v2,20260728_operand_rate_v2_final_reduction_session03_CAB,reduction,fp32,20260728_operand_rate_v2_final_reduction_session03_CAB_reduction_fp32,1,0,20260728_operand_rate_v2_final_reduction_session03_CAB_reduction_fp32_b1_r0_treatment,treatment,treatment,20260728_operand_rate_v2_final_reduction_session03_CAB_reduction_fp32_b1_r0_treatment_1785247617171,19,184368.14328193699,184368.145556337,184368.14441913698,0.0022744000016245991,4.8248060039768461,10647697764,true,true,5dff3859ad319cb37301e68cfc6fde00723e3a42110ca93adb44c05e97098167
softmax_whole_stage_atc_trace_v1,softmax_whole_stage_operand_rate_atc,softmax_whole_stage_operand_rate_atc_v2,20260728_operand_rate_v2_final_reduction_session03_CAB,reduction,fp32,20260728_operand_rate_v2_final_reduction_session03_CAB_reduction_fp32,1,0,20260728_operand_rate_v2_final_reduction_session03_CAB_reduction_fp32_b1_r0_treatment,treatment,treatment,20260728_operand_rate_v2_final_reduction_session03_CAB_reduction_fp32_b1_r0_treatment_1785247617171,20,184368.395919403,184368.39739771801,184368.39665856049,0.0014783150108996779,5.0770454274897929,10647741988,true,true,5dff3859ad319cb37301e68cfc6fde00723e3a42110ca93adb44c05e97098167
softmax_whole_stage_atc_trace_v1,softmax_whole_stage_operand_rate_atc,softmax_whole_stage_operand_rate_atc_v2,20260728_operand_rate_v2_final_reduction_session03_CAB,reduction,fp32,20260728_operand_rate_v2_final_reduction_session03_CAB_reduction_fp32,1,0,20260728_operand_rate_v2_final_reduction_session03_CAB_reduction_fp32_b1_r0_treatment,treatment,treatment,20260728_operand_rate_v2_final_reduction_session03_CAB_reduction_fp32_b1_r0_treatment_1785247617171,21,184368.64757599501,184368.65223418799,184368.6499050915,0.0046581929782405496,5.330291958496673,10647807013,true,true,5dff3859ad319cb37301e68cfc6fde00723e3a42110ca93adb44c05e97098167
softmax_whole_stage_atc_trace_v1,softmax_whole_stage_operand_rate_atc,softmax_whole_stage_operand_rate_atc_v2,20260728_operand_rate_v2_final_reduction_session03_CAB,reduction,fp32,20260728_operand_rate_v2_final_reduction_session03_CAB_reduction_fp32,1,0,20260728_operand_rate_v2_final_reduction_session03_CAB_reduction_fp32_b1_r0_treatment,treatment,treatment,20260728_operand_rate_v2_final_reduction_session03_CAB_reduction_fp32_b1_r0_treatment_1785247617171,22,184368.90248826801,184368.904160809,184368.90332453849,0.0016725409950595349,5.5837114054884296,10647851298,true,true,5dff3859ad319cb37301e68cfc6fde00723e3a42110ca93adb44c05e97098167
softmax_whole_stage_atc_trace_v1,softmax_whole_stage_operand_rate_atc,softmax_whole_stage_operand_rate_atc_v2,20260728_operand_rate_v2_final_reduction_session03_CAB,reduction,fp32,20260728_operand_rate_v2_final_reduction_session03_CAB_reduction_fp32,1,0,20260728_operand_rate_v2_final_reduction_session03_CAB_reduction_fp32_b1_r0_treatment,treatment,treatment,20260728_operand_rate_v2_final_reduction_session03_CAB_reduction_fp32_b1_r0_treatment_1785247617171,23,184369.15428012799,184369.15994974101,184369.1571149345,0.0056696130195632577,5.8375018014921807,10647916286,true,true,5dff3859ad319cb37301e68cfc6fde00723e3a42110ca93adb44c05e97098167
softmax_whole_stage_atc_trace_v1,softmax_whole_stage_operand_rate_atc,softmax_whole_stage_operand_rate_atc_v2,20260728_operand_rate_v2_final_reduction_session03_CAB,reduction,fp32,20260728_operand_rate_v2_final_reduction_session03_CAB_reduction_fp32,1,0,20260728_operand_rate_v2_final_reduction_session03_CAB_reduction_fp32_b1_r0_treatment,treatment,treatment,20260728_operand_rate_v2_final_reduction_session03_CAB_reduction_fp32_b1_r0_treatment_1785247617171,24,184369.41045934,184369.41192334599,184369.41119134298,0.0014640059962403029,6.0915782099764328,10647960482,true,true,5dff3859ad319cb37301e68cfc6fde00723e3a42110ca93adb44c05e97098167
softmax_whole_stage_atc_trace_v1,softmax_whole_stage_operand_rate_atc,softmax_whole_stage_operand_rate_atc_v2,20260728_operand_rate_v2_final_reduction_session03_CAB,reduction,fp32,20260728_operand_rate_v2_final_reduction_session03_CAB_reduction_fp32,1,0,20260728_operand_rate_v2_final_reduction_session03_CAB_reduction_fp32_b1_r0_treatment,treatment,treatment,20260728_operand_rate_v2_final_reduction_session03_CAB_reduction_fp32_b1_r0_treatment_1785247617171,25,184369.66319046999,184369.66663489799,184369.66491268401,0.0034444280026946217,6.3452995510015171,10648025437,true,true,5dff3859ad319cb37301e68cfc6fde00723e3a42110ca93adb44c05e97098167
softmax_whole_stage_atc_trace_v1,softmax_whole_stage_operand_rate_atc,softmax_whole_stage_operand_rate_atc_v2,20260728_operand_rate_v2_final_reduction_session03_CAB,reduction,fp32,20260728_operand_rate_v2_final_reduction_session03_CAB_reduction_fp32,1,0,20260728_operand_rate_v2_final_reduction_session03_CAB_reduction_fp32_b1_r0_treatment,treatment,treatment,20260728_operand_rate_v2_final_reduction_session03_CAB_reduction_fp32_b1_r0_treatment_1785247617171,26,184369.91711314101,184369.91855360399,184369.91783337248,0.0014404629764612764,6.5982202394807246,10648069825,true,true,5dff3859ad319cb37301e68cfc6fde00723e3a42110ca93adb44c05e97098167
softmax_whole_stage_atc_trace_v1,softmax_whole_stage_operand_rate_atc,softmax_whole_stage_operand_rate_atc_v2,20260728_operand_rate_v2_final_reduction_session03_CAB,reduction,fp32,20260728_operand_rate_v2_final_reduction_session03_CAB_reduction_fp32,1,0,20260728_operand_rate_v2_final_reduction_session03_CAB_reduction_fp32_b1_r0_treatment,treatment,treatment,20260728_operand_rate_v2_final_reduction_session03_CAB_reduction_fp32_b1_r0_treatment_1785247617171,27,184370.168912814,184370.17439642001,184370.17165461701,0.0054836060153320432,6.8520414840022568,10648135055,true,true,5dff3859ad319cb37301e68cfc6fde00723e3a42110ca93adb44c05e97098167
softmax_whole_stage_atc_trace_v1,softmax_whole_stage_operand_rate_atc,softmax_whole_stage_operand_rate_atc_v2,20260728_operand_rate_v2_final_reduction_session03_CAB,reduction,fp32,20260728_operand_rate_v2_final_reduction_session03_CAB_reduction_fp32,1,0,20260728_operand_rate_v2_final_reduction_session03_CAB_reduction_fp32_b1_r0_treatment,treatment,treatment,20260728_operand_rate_v2_final_reduction_session03_CAB_reduction_fp32_b1_r0_treatment_1785247617171,28,184370.425057321,184370.42646632699,184370.42576182401,0.001409005984896794,7.1061486910039093,10648179380,true,true,5dff3859ad319cb37301e68cfc6fde00723e3a42110ca93adb44c05e97098167
softmax_whole_stage_atc_trace_v1,softmax_whole_stage_operand_rate_atc,softmax_whole_stage_operand_rate_atc_v2,20260728_operand_rate_v2_final_reduction_session03_CAB,reduction,fp32,20260728_operand_rate_v2_final_reduction_session03_CAB_reduction_fp32,1,0,20260728_operand_rate_v2_final_reduction_session03_CAB_reduction_fp32_b1_r0_treatment,treatment,treatment,20260728_operand_rate_v2_final_reduction_session03_CAB_reduction_fp32_b1_r0_treatment_1785247617171,29,184370.67655885601,184370.68115717801,184370.67885801703,0.0045983220043126494,7.3592448840208817,10648244590,true,true,5dff3859ad319cb37301e68cfc6fde00723e3a42110ca93adb44c05e97098167
softmax_whole_stage_atc_trace_v1,softmax_whole_stage_operand_rate_atc,softmax_whole_stage_operand_rate_atc_v2,20260728_operand_rate_v2_final_reduction_session03_CAB,reduction,fp32,20260728_operand_rate_v2_final_reduction_session03_CAB_reduction_fp32,1,0,20260728_operand_rate_v2_final_reduction_session03_CAB_reduction_fp32_b1_r0_treatment,treatment,treatment,20260728_operand_rate_v2_final_reduction_session03_CAB_reduction_fp32_b1_r0_treatment_1785247617171,30,184370.93173882499,184370.93332846,184370.93253364251,0.0015896350087132305,7.6129205095057841,10648289100,true,true,5dff3859ad319cb37301e68cfc6fde00723e3a42110ca93adb44c05e97098167
softmax_whole_stage_atc_trace_v1,softmax_whole_stage_operand_rate_atc,softmax_whole_stage_operand_rate_atc_v2,20260728_operand_rate_v2_final_reduction_session03_CAB,reduction,fp32,20260728_operand_rate_v2_final_reduction_session03_CAB_reduction_fp32,1,0,20260728_operand_rate_v2_final_reduction_session03_CAB_reduction_fp32_b1_r0_treatment,treatment,treatment,20260728_operand_rate_v2_final_reduction_session03_CAB_reduction_fp32_b1_r0_treatment_1785247617171,31,184371.183899959,184371.188864105,184371.186382032,0.0049641460063867271,7.8667688989953604,10648354493,true,true,5dff3859ad319cb37301e68cfc6fde00723e3a42110ca93adb44c05e97098167
softmax_whole_stage_atc_trace_v1,softmax_whole_stage_operand_rate_atc,softmax_whole_stage_operand_rate_atc_v2,20260728_operand_rate_v2_final_reduction_session03_CAB,reduction,fp32,20260728_operand_rate_v2_final_reduction_session03_CAB_reduction_fp32,1,0,20260728_operand_rate_v2_final_reduction_session03_CAB_reduction_fp32_b1_r0_treatment,treatment,treatment,20260728_operand_rate_v2_final_reduction_session03_CAB_reduction_fp32_b1_r0_treatment_1785247617171,32,184371.439680346,184371.44110275901,184371.44039155252,0.0014224130136426538,8.1207784195139538,10648398971,true,true,5dff3859ad319cb37301e68cfc6fde00723e3a42110ca93adb44c05e97098167
softmax_whole_stage_atc_trace_v1,softmax_whole_stage_operand_rate_atc,softmax_whole_stage_operand_rate_atc_v2,20260728_operand_rate_v2_final_reduction_session03_CAB,reduction,fp32,20260728_operand_rate_v2_final_reduction_session03_CAB_reduction_fp32,1,0,20260728_operand_rate_v2_final_reduction_session03_CAB_reduction_fp32_b1_r0_treatment,treatment,treatment,20260728_operand_rate_v2_final_reduction_session03_CAB_reduction_fp32_b1_r0_treatment_1785247617171,33,184371.69257342999,184371.69553320599,184371.694053318,0.0029597760003525764,8.3744401849980932,10648464260,true,true,5dff3859ad319cb37301e68cfc6fde00723e3a42110ca93adb44c05e97098167
softmax_whole_stage_atc_trace_v1,softmax_whole_stage_operand_rate_atc,softmax_whole_stage_operand_rate_atc_v2,20260728_operand_rate_v2_final_reduction_session03_CAB,reduction,fp32,20260728_operand_rate_v2_final_reduction_session03_CAB_reduction_fp32,1,0,20260728_operand_rate_v2_final_reduction_session03_CAB_reduction_fp32_b1_r0_treatment,treatment,treatment,20260728_operand_rate_v2_final_reduction_session03_CAB_reduction_fp32_b1_r0_treatment_1785247617171,34,184371.94567287501,184371.94728917,184371.94648102252,0.0016162949905265123,8.6268678895139601,10648508742,true,true,5dff3859ad319cb37301e68cfc6fde00723e3a42110ca93adb44c05e97098167
softmax_whole_stage_atc_trace_v1,softmax_whole_stage_operand_rate_atc,softmax_whole_stage_operand_rate_atc_v2,20260728_operand_rate_v2_final_reduction_session03_CAB,reduction,fp32,20260728_operand_rate_v2_final_reduction_session03_CAB_reduction_fp32,1,0,20260728_operand_rate_v2_final_reduction_session03_CAB_reduction_fp32_b1_r0_treatment,treatment,treatment,20260728_operand_rate_v2_final_reduction_session03_CAB_reduction_fp32_b1_r0_treatment_1785247617171,35,184372.19742356401,184372.20336736401,184372.20039546402,0.0059438000025693327,8.8807823310198728,10648574073,true,true,5dff3859ad319cb37301e68cfc6fde00723e3a42110ca93adb44c05e97098167
softmax_whole_stage_atc_trace_v1,softmax_whole_stage_operand_rate_atc,softmax_whole_stage_operand_rate_atc_v2,20260728_operand_rate_v2_final_reduction_session03_CAB,reduction,fp32,20260728_operand_rate_v2_final_reduction_session03_CAB_reduction_fp32,1,0,20260728_operand_rate_v2_final_reduction_session03_CAB_reduction_fp32_b1_r0_treatment,treatment,treatment,20260728_operand_rate_v2_final_reduction_session03_CAB_reduction_fp32_b1_r0_treatment_1785247617171,36,184372.45438330801,184372.455838897,184372.45511110249,0.0014555889938492328,9.1354979694879148,10648618309,true,true,5dff3859ad319cb37301e68cfc6fde00723e3a42110ca93adb44c05e97098167
softmax_whole_stage_atc_trace_v1,softmax_whole_stage_operand_rate_atc,softmax_whole_stage_operand_rate_atc_v2,20260728_operand_rate_v2_final_reduction_session03_CAB,reduction,fp32,20260728_operand_rate_v2_final_reduction_session03_CAB_reduction_fp32,1,0,20260728_operand_rate_v2_final_reduction_session03_CAB_reduction_fp32_b1_r0_treatment,treatment,treatment,20260728_operand_rate_v2_final_reduction_session03_CAB_reduction_fp32_b1_r0_treatment_1785247617171,37,184372.70598272601,184372.70988370999,184372.70793321799,0.0039009839820209891,9.3883200849813875,10648683199,true,true,5dff3859ad319cb37301e68cfc6fde00723e3a42110ca93adb44c05e97098167
softmax_whole_stage_atc_trace_v1,softmax_whole_stage_operand_rate_atc,softmax_whole_stage_operand_rate_atc_v2,20260728_operand_rate_v2_final_reduction_session03_CAB,reduction,fp32,20260728_operand_rate_v2_final_reduction_session03_CAB_reduction_fp32,1,0,20260728_operand_rate_v2_final_reduction_session03_CAB_reduction_fp32_b1_r0_treatment,treatment,treatment,20260728_operand_rate_v2_final_reduction_session03_CAB_reduction_fp32_b1_r0_treatment_1785247617171,38,184372.96007167199,184372.96162455701,184372.96084811451,0.0015528850199189037,9.6412349815072957,10648727507,true,true,5dff3859ad319cb37301e68cfc6fde00723e3a42110ca93adb44c05e97098167
softmax_whole_stage_atc_trace_v1,softmax_whole_stage_operand_rate_atc,softmax_whole_stage_operand_rate_atc_v2,20260728_operand_rate_v2_final_reduction_session03_CAB,reduction,fp32,20260728_operand_rate_v2_final_reduction_session03_CAB_reduction_fp32,1,0,20260728_operand_rate_v2_final_reduction_session03_CAB_reduction_fp32_b1_r0_treatment,treatment,treatment,20260728_operand_rate_v2_final_reduction_session03_CAB_reduction_fp32_b1_r0_treatment_1785247617171,39,184373.21190991701,184373.21738285999,184373.21464638849,0.0054729429830331355,9.895033255481394,10648792600,true,true,5dff3859ad319cb37301e68cfc6fde00723e3a42110ca93adb44c05e97098167
softmax_whole_stage_atc_trace_v1,softmax_whole_stage_operand_rate_atc,softmax_whole_stage_operand_rate_atc_v2,20260728_operand_rate_v2_final_reduction_session03_CAB,reduction,fp32,20260728_operand_rate_v2_final_reduction_session03_CAB_reduction_fp32,1,0,20260728_operand_rate_v2_final_reduction_session03_CAB_reduction_fp32_b1_r0_treatment,treatment,treatment,20260728_operand_rate_v2_final_reduction_session03_CAB_reduction_fp32_b1_r0_treatment_1785247617171,40,184373.46848666499,184373.469966604,184373.46922663448,0.0014799390046391636,10.14961350147496,10648836780,true,true,5dff3859ad319cb37301e68cfc6fde00723e3a42110ca93adb44c05e97098167
softmax_whole_stage_atc_trace_v1,softmax_whole_stage_operand_rate_atc,softmax_whole_stage_operand_rate_atc_v2,20260728_operand_rate_v2_final_reduction_session03_CAB,reduction,fp32,20260728_operand_rate_v2_final_reduction_session03_CAB_reduction_fp32,1,0,20260728_operand_rate_v2_final_reduction_session03_CAB_reduction_fp32_b1_r0_treatment,treatment,treatment,20260728_operand_rate_v2_final_reduction_session03_CAB_reduction_fp32_b1_r0_treatment_1785247617171,41,184373.72019484401,184373.724123931,184373.72215938749,0.0039290869899559766,10.402546254481422,10648901643,true,true,5dff3859ad319cb37301e68cfc6fde00723e3a42110ca93adb44c05e97098167
softmax_whole_stage_atc_trace_v1,softmax_whole_stage_operand_rate_atc,softmax_whole_stage_operand_rate_atc_v2,20260728_operand_rate_v2_final_reduction_session03_CAB,reduction,fp32,20260728_operand_rate_v2_final_reduction_session03_CAB_reduction_fp32,1,0,20260728_operand_rate_v2_final_reduction_session03_CAB_reduction_fp32_b1_r0_treatment,treatment,treatment,20260728_operand_rate_v2_final_reduction_session03_CAB_reduction_fp32_b1_r0_treatment_1785247617171,42,184373.974439524,184373.97599484501,184373.97521718452,0.0015553210105281323,10.655604051513365,10648946015,true,true,5dff3859ad319cb37301e68cfc6fde00723e3a42110ca93adb44c05e97098167
softmax_whole_stage_atc_trace_v1,softmax_whole_stage_operand_rate_atc,softmax_whole_stage_operand_rate_atc_v2,20260728_operand_rate_v2_final_reduction_session03_CAB,reduction,fp32,20260728_operand_rate_v2_final_reduction_session03_CAB_reduction_fp32,1,0,20260728_operand_rate_v2_final_reduction_session03_CAB_reduction_fp32_b1_r0_treatment,treatment,treatment,20260728_operand_rate_v2_final_reduction_session03_CAB_reduction_fp32_b1_r0_treatment_1785247617171,43,184374.22637273301,184374.231690549,184374.22903164101,0.0053178159869275987,10.909418508003,10649011202,true,true,5dff3859ad319cb37301e68cfc6fde00723e3a42110ca93adb44c05e97098167
softmax_whole_stage_atc_trace_v1,softmax_whole_stage_operand_rate_atc,softmax_whole_stage_operand_rate_atc_v2,20260728_operand_rate_v2_final_reduction_session03_CAB,reduction,fp32,20260728_operand_rate_v2_final_reduction_session03_CAB_reduction_fp32,1,0,20260728_operand_rate_v2_final_reduction_session03_CAB_reduction_fp32_b1_r0_treatment,treatment,treatment,20260728_operand_rate_v2_final_reduction_session03_CAB_reduction_fp32_b1_r0_treatment_1785247617171,44,184374.48288383899,184374.48436063199,184374.48362223548,0.0014767929969821125,11.164009102474665,10649055567,true,true,5dff3859ad319cb37301e68cfc6fde00723e3a42110ca93adb44c05e97098167
softmax_whole_stage_atc_trace_v1,softmax_whole_stage_operand_rate_atc,softmax_whole_stage_operand_rate_atc_v2,20260728_operand_rate_v2_final_reduction_session03_CAB,reduction,fp32,20260728_operand_rate_v2_final_reduction_session03_CAB_reduction_fp32,1,0,20260728_operand_rate_v2_final_reduction_session03_CAB_reduction_fp32_b1_r0_treatment,treatment,treatment,20260728_operand_rate_v2_final_reduction_session03_CAB_reduction_fp32_b1_r0_treatment_1785247617171,45,184374.73472492499,184374.73826807301,184374.73649649898,0.0035431480209808797,11.41688336597872,10649120658,true,true,5dff3859ad319cb37301e68cfc6fde00723e3a42110ca93adb44c05e97098167
softmax_whole_stage_atc_trace_v1,softmax_whole_stage_operand_rate_atc,softmax_whole_stage_operand_rate_atc_v2,20260728_operand_rate_v2_final_reduction_session03_CAB,reduction,fp32,20260728_operand_rate_v2_final_reduction_session03_CAB_reduction_fp32,1,0,20260728_operand_rate_v2_final_reduction_session03_CAB_reduction_fp32_b1_r0_treatment,treatment,treatment,20260728_operand_rate_v2_final_reduction_session03_CAB_reduction_fp32_b1_r0_treatment_1785247617171,46,184374.99010073801,184374.99148804799,184374.990794393,0.0013873099815100431,11.671181259996956,10649165213,true,true,5dff3859ad319cb37301e68cfc6fde00723e3a42110ca93adb44c05e97098167
softmax_whole_stage_atc_trace_v1,softmax_whole_stage_operand_rate_atc,softmax_whole_stage_operand_rate_atc_v2,20260728_operand_rate_v2_final_reduction_session03_CAB,reduction,fp32,20260728_operand_rate_v2_final_reduction_session03_CAB_reduction_fp32,1,0,20260728_operand_rate_v2_final_reduction_session03_CAB_reduction_fp32_b1_r0_treatment,treatment,treatment,20260728_operand_rate_v2_final_reduction_session03_CAB_reduction_fp32_b1_r0_treatment_1785247617171,47,184375.24284224701,184375.24588541899,184375.24436383299,0.0030431719787884504,11.924750699981814,10649230368,true,true,5dff3859ad319cb37301e68cfc6fde00723e3a42110ca93adb44c05e97098167
softmax_whole_stage_atc_trace_v1,softmax_whole_stage_operand_rate_atc,softmax_whole_stage_operand_rate_atc_v2,20260728_operand_rate_v2_final_reduction_session03_CAB,reduction,fp32,20260728_operand_rate_v2_final_reduction_session03_CAB_reduction_fp32,1,0,20260728_operand_rate_v2_final_reduction_session03_CAB_reduction_fp32_b1_r0_treatment,treatment,treatment,20260728_operand_rate_v2_final_reduction_session03_CAB_reduction_fp32_b1_r0_treatment_1785247617171,48,184375.496911814,184375.49829821,184375.497605012,0.0013863960048183799,12.177991878998,10649274841,true,true,5dff3859ad319cb37301e68cfc6fde00723e3a42110ca93adb44c05e97098167
softmax_whole_stage_atc_trace_v1,softmax_whole_stage_operand_rate_atc,softmax_whole_stage_operand_rate_atc_v2,20260728_operand_rate_v2_final_reduction_session03_CAB,reduction,fp32,20260728_operand_rate_v2_final_reduction_session03_CAB_reduction_fp32,1,0,20260728_operand_rate_v2_final_reduction_session03_CAB_reduction_fp32_b1_r0_treatment,treatment,treatment,20260728_operand_rate_v2_final_reduction_session03_CAB_reduction_fp32_b1_r0_treatment_1785247617171,49,184375.74896818999,184375.75252229499,184375.75074524249,0.0035541050019674003,12.431132109486498,10649340068,true,true,5dff3859ad319cb37301e68cfc6fde00723e3a42110ca93adb44c05e97098167
softmax_whole_stage_atc_trace_v1,softmax_whole_stage_operand_rate_atc,softmax_whole_stage_operand_rate_atc_v2,20260728_operand_rate_v2_final_reduction_session03_CAB,reduction,fp32,20260728_operand_rate_v2_final_reduction_session03_CAB_reduction_fp32,1,0,20260728_operand_rate_v2_final_reduction_session03_CAB_reduction_fp32_b1_r0_treatment,treatment,treatment,20260728_operand_rate_v2_final_reduction_session03_CAB_reduction_fp32_b1_r0_treatment_1785247617171,50,184376.004291652,184376.00569062901,184376.00499114051,0.0013989770086482167,12.685378007503459,10649384631,true,true,5dff3859ad319cb37301e68cfc6fde00723e3a42110ca93adb44c05e97098167
softmax_whole_stage_atc_trace_v1,softmax_whole_stage_operand_rate_atc,softmax_whole_stage_operand_rate_atc_v2,20260728_operand_rate_v2_final_reduction_session03_CAB,reduction,fp32,20260728_operand_rate_v2_final_reduction_session03_CAB_reduction_fp32,1,0,20260728_operand_rate_v2_final_reduction_session03_CAB_reduction_fp32_b1_r0_treatment,treatment,treatment,20260728_operand_rate_v2_final_reduction_session03_CAB_reduction_fp32_b1_r0_treatment_1785247617171,51,184376.25716180599,184376.26013608999,184376.25864894799,0.002974283997900784,12.939035814983072,10649449698,true,true,5dff3859ad319cb37301e68cfc6fde00723e3a42110ca93adb44c05e97098167
softmax_whole_stage_atc_trace_v1,softmax_whole_stage_operand_rate_atc,softmax_whole_stage_operand_rate_atc_v2,20260728_operand_rate_v2_final_reduction_session03_CAB,reduction,fp32,20260728_operand_rate_v2_final_reduction_session03_CAB_reduction_fp32,1,0,20260728_operand_rate_v2_final_reduction_session03_CAB_reduction_fp32_b1_r0_treatment,treatment,treatment,20260728_operand_rate_v2_final_reduction_session03_CAB_reduction_fp32_b1_r0_treatment_1785247617171,52,184376.512061994,184376.513663071,184376.51286253252,0.0016010770050343126,13.193249399511842,10649493992,true,false,5dff3859ad319cb37301e68cfc6fde00723e3a42110ca93adb44c05e97098167
softmax_whole_stage_atc_trace_v1,softmax_whole_stage_operand_rate_atc,softmax_whole_stage_operand_rate_atc_v2,20260728_operand_rate_v2_final_reduction_session03_CAB,reduction,fp32,20260728_operand_rate_v2_final_reduction_session03_CAB_reduction_fp32,1,0,20260728_operand_rate_v2_final_reduction_session03_CAB_reduction_fp32_b1_r0_treatment,treatment,treatment,20260728_operand_rate_v2_final_reduction_session03_CAB_reduction_fp32_b1_r0_treatment_1785247617171,53,184376.76509762299,184376.766713513,184376.765905568,0.0016158900107257068,13.446292434993666,10649550481,true,false,5dff3859ad319cb37301e68cfc6fde00723e3a42110ca93adb44c05e97098167
softmax_whole_stage_atc_trace_v1,softmax_whole_stage_operand_rate_atc,softmax_whole_stage_operand_rate_atc_v2,20260728_operand_rate_v2_final_reduction_session03_CAB,reduction,fp32,20260728_operand_rate_v2_final_reduction_session03_CAB_reduction_fp32,1,0,20260728_operand_rate_v2_final_reduction_session03_CAB_reduction_fp32_b1_r0_treatment,treatment,treatment,20260728_operand_rate_v2_final_reduction_session03_CAB_reduction_fp32_b1_r0_treatment_1785247617171,54,184377.019475921,184377.020865564,184377.0201707425,0.0013896430027671158,13.700557609496173,10649580972,true,false,5dff3859ad319cb37301e68cfc6fde00723e3a42110ca93adb44c05e97098167
softmax_whole_stage_atc_trace_v1,softmax_whole_stage_operand_rate_atc,softmax_whole_stage_operand_rate_atc_v2,20260728_operand_rate_v2_final_reduction_session03_CAB,reduction,fp32,20260728_operand_rate_v2_final_reduction_session03_CAB_reduction_fp32,1,0,20260728_operand_rate_v2_final_reduction_session03_CAB_reduction_fp32_b1_r0_treatment,treatment,treatment,20260728_operand_rate_v2_final_reduction_session03_CAB_reduction_fp32_b1_r0_treatment_1785247617171,55,184377.02087205701,184377.02203038,184377.02145121852,0.001158322993433103,13.701838085515192,10649580972,false,false,5dff3859ad319cb37301e68cfc6fde00723e3a42110ca93adb44c05e97098167
softmax_whole_stage_atc_trace_v1,softmax_whole_stage_operand_rate_atc,softmax_whole_stage_operand_rate_atc_v2,20260728_operand_rate_v2_final_reduction_session03_CAB,reduction,fp32,20260728_operand_rate_v2_final_reduction_session03_CAB_reduction_fp32,1,1,20260728_operand_rate_v2_final_reduction_session03_CAB_reduction_fp32_b1_r1_control,control,control,20260728_operand_rate_v2_final_reduction_session03_CAB_reduction_fp32_b1_r1_control_1785247631475,0,184378.07124025299,184378.07255674599,184378.0718984995,0.0013164929987397045,0.0007114094914868474,10649713167,false,false,5dff3859ad319cb37301e68cfc6fde00723e3a42110ca93adb44c05e97098167
softmax_whole_stage_atc_trace_v1,softmax_whole_stage_operand_rate_atc,softmax_whole_stage_operand_rate_atc_v2,20260728_operand_rate_v2_final_reduction_session03_CAB,reduction,fp32,20260728_operand_rate_v2_final_reduction_session03_CAB_reduction_fp32,1,1,20260728_operand_rate_v2_final_reduction_session03_CAB_reduction_fp32_b1_r1_control,control,control,20260728_operand_rate_v2_final_reduction_session03_CAB_reduction_fp32_b1_r1_control_1785247631475,1,184378.32638241301,184378.32879037,184378.3275863915,0.0024079569848254323,0.25639930149191059,10649771920,true,false,5dff3859ad319cb37301e68cfc6fde00723e3a42110ca93adb44c05e97098167
softmax_whole_stage_atc_trace_v1,softmax_whole_stage_operand_rate_atc,softmax_whole_stage_operand_rate_atc_v2,20260728_operand_rate_v2_final_reduction_session03_CAB,reduction,fp32,20260728_operand_rate_v2_final_reduction_session03_CAB_reduction_fp32,1,1,20260728_operand_rate_v2_final_reduction_session03_CAB_reduction_fp32_b1_r1_control,control,control,20260728_operand_rate_v2_final_reduction_session03_CAB_reduction_fp32_b1_r1_control_1785247631475,2,184378.58088448699,184378.58254795999,184378.5817162235,0.0016634729981888086,0.51052913349121809,10649819335,true,false,5dff3859ad319cb37301e68cfc6fde00723e3a42110ca93adb44c05e97098167
softmax_whole_stage_atc_trace_v1,softmax_whole_stage_operand_rate_atc,softmax_whole_stage_operand_rate_atc_v2,20260728_operand_rate_v2_final_reduction_session03_CAB,reduction,fp32,20260728_operand_rate_v2_final_reduction_session03_CAB_reduction_fp32,1,1,20260728_operand_rate_v2_final_reduction_session03_CAB_reduction_fp32_b1_r1_control,control,control,20260728_operand_rate_v2_final_reduction_session03_CAB_reduction_fp32_b1_r1_control_1785247631475,3,184378.833367688,184378.83582150299,184378.83459459548,0.0024538149882573634,0.76340750546660274,10649888856,true,true,5dff3859ad319cb37301e68cfc6fde00723e3a42110ca93adb44c05e97098167
softmax_whole_stage_atc_trace_v1,softmax_whole_stage_operand_rate_atc,softmax_whole_stage_operand_rate_atc_v2,20260728_operand_rate_v2_final_reduction_session03_CAB,reduction,fp32,20260728_operand_rate_v2_final_reduction_session03_CAB_reduction_fp32,1,1,20260728_operand_rate_v2_final_reduction_session03_CAB_reduction_fp32_b1_r1_control,control,control,20260728_operand_rate_v2_final_reduction_session03_CAB_reduction_fp32_b1_r1_control_1785247631475,4,184379.08894377601,184379.09051035799,184379.08972706698,0.0015665819810237736,1.0185399769688956,10649936759,true,true,5dff3859ad319cb37301e68cfc6fde00723e3a42110ca93adb44c05e97098167
softmax_whole_stage_atc_trace_v1,softmax_whole_stage_operand_rate_atc,softmax_whole_stage_operand_rate_atc_v2,20260728_operand_rate_v2_final_reduction_session03_CAB,reduction,fp32,20260728_operand_rate_v2_final_reduction_session03_CAB_reduction_fp32,1,1,20260728_operand_rate_v2_final_reduction_session03_CAB_reduction_fp32_b1_r1_control,control,control,20260728_operand_rate_v2_final_reduction_session03_CAB_reduction_fp32_b1_r1_control_1785247631475,5,184379.34432902501,184379.34699072299,184379.345659874,0.0026616979739628732,1.2744727839890402,10650006535,true,true,5dff3859ad319cb37301e68cfc6fde00723e3a42110ca93adb44c05e97098167
softmax_whole_stage_atc_trace_v1,softmax_whole_stage_operand_rate_atc,softmax_whole_stage_operand_rate_atc_v2,20260728_operand_rate_v2_final_reduction_session03_CAB,reduction,fp32,20260728_operand_rate_v2_final_reduction_session03_CAB_reduction_fp32,1,1,20260728_operand_rate_v2_final_reduction_session03_CAB_reduction_fp32_b1_r1_control,control,control,20260728_operand_rate_v2_final_reduction_session03_CAB_reduction_fp32_b1_r1_control_1785247631475,6,184379.599057777,184379.60050737899,184379.59978257801,0.0014496019866783172,1.5285954879946075,10650078306,true,true,5dff3859ad319cb37301e68cfc6fde00723e3a42110ca93adb44c05e97098167
softmax_whole_stage_atc_trace_v1,softmax_whole_stage_operand_rate_atc,softmax_whole_stage_operand_rate_atc_v2,20260728_operand_rate_v2_final_reduction_session03_CAB,reduction,fp32,20260728_operand_rate_v2_final_reduction_session03_CAB_reduction_fp32,1,1,20260728_operand_rate_v2_final_reduction_session03_CAB_reduction_fp32_b1_r1_control,control,control,20260728_operand_rate_v2_final_reduction_session03_CAB_reduction_fp32_b1_r1_control_1785247631475,7,184379.85429524601,184379.85578168,184379.85503846302,0.001486433990066871,1.7838513730093837,10650127248,true,true,5dff3859ad319cb37301e68cfc6fde00723e3a42110ca93adb44c05e97098167
softmax_whole_stage_atc_trace_v1,softmax_whole_stage_operand_rate_atc,softmax_whole_stage_operand_rate_atc_v2,20260728_operand_rate_v2_final_reduction_session03_CAB,reduction,fp32,20260728_operand_rate_v2_final_reduction_session03_CAB_reduction_fp32,1,1,20260728_operand_rate_v2_final_reduction_session03_CAB_reduction_fp32_b1_r1_control,control,control,20260728_operand_rate_v2_final_reduction_session03_CAB_reduction_fp32_b1_r1_control_1785247631475,8,184380.10961388599,184380.11433130901,184380.11197259749,0.0047174230276141316,2.040785507473629,10650198449,true,true,5dff3859ad319cb37301e68cfc6fde00723e3a42110ca93adb44c05e97098167
softmax_whole_stage_atc_trace_v1,softmax_whole_stage_operand_rate_atc,softmax_whole_stage_operand_rate_atc_v2,20260728_operand_rate_v2_final_reduction_session03_CAB,reduction,fp32,20260728_operand_rate_v2_final_reduction_session03_CAB_reduction_fp32,1,1,20260728_operand_rate_v2_final_reduction_session03_CAB_reduction_fp32_b1_r1_control,control,control,20260728_operand_rate_v2_final_reduction_session03_CAB_reduction_fp32_b1_r1_control_1785247631475,9,184380.36776212699,184380.36927230301,184380.36851721501,0.0015101760218385607,2.2973301250021905,10650246286,true,true,5dff3859ad319cb37301e68cfc6fde00723e3a42110ca93adb44c05e97098167
softmax_whole_stage_atc_trace_v1,softmax_whole_stage_operand_rate_atc,softmax_whole_stage_operand_rate_atc_v2,20260728_operand_rate_v2_final_reduction_session03_CAB,reduction,fp32,20260728_operand_rate_v2_final_reduction_session03_CAB_reduction_fp32,1,1,20260728_operand_rate_v2_final_reduction_session03_CAB_reduction_fp32_b1_r1_control,control,control,20260728_operand_rate_v2_final_reduction_session03_CAB_reduction_fp32_b1_r1_control_1785247631475,10,184380.620906414,184380.622283673,184380.62159504351,0.0013772590027656406,2.5504079535021447,10650315880,true,true,5dff3859ad319cb37301e68cfc6fde00723e3a42110ca93adb44c05e97098167
softmax_whole_stage_atc_trace_v1,softmax_whole_stage_operand_rate_atc,softmax_whole_stage_operand_rate_atc_v2,20260728_operand_rate_v2_final_reduction_session03_CAB,reduction,fp32,20260728_operand_rate_v2_final_reduction_session03_CAB_reduction_fp32,1,1,20260728_operand_rate_v2_final_reduction_session03_CAB_reduction_fp32_b1_r1_control,control,control,20260728_operand_rate_v2_final_reduction_session03_CAB_reduction_fp32_b1_r1_control_1785247631475,11,184380.87459088999,184380.87605256701,184380.8753217285,0.0014616770204156637,2.8041346384852659,10650363474,true,true,5dff3859ad319cb37301e68cfc6fde00723e3a42110ca93adb44c05e97098167
softmax_whole_stage_atc_trace_v1,softmax_whole_stage_operand_rate_atc,softmax_whole_stage_operand_rate_atc_v2,20260728_operand_rate_v2_final_reduction_session03_CAB,reduction,fp32,20260728_operand_rate_v2_final_reduction_session03_CAB_reduction_fp32,1,1,20260728_operand_rate_v2_final_reduction_session03_CAB_reduction_fp32_b1_r1_control,control,control,20260728_operand_rate_v2_final_reduction_session03_CAB_reduction_fp32_b1_r1_control_1785247631475,12,184381.128534199,184381.129889339,184381.129211769,0.0013551400043070316,3.0580246789904777,10650432991,true,true,5dff3859ad319cb37301e68cfc6fde00723e3a42110ca93adb44c05e97098167
softmax_whole_stage_atc_trace_v1,softmax_whole_stage_operand_rate_atc,softmax_whole_stage_operand_rate_atc_v2,20260728_operand_rate_v2_final_reduction_session03_CAB,reduction,fp32,20260728_operand_rate_v2_final_reduction_session03_CAB_reduction_fp32,1,1,20260728_operand_rate_v2_final_reduction_session03_CAB_reduction_fp32_b1_r1_control,control,control,20260728_operand_rate_v2_final_reduction_session03_CAB_reduction_fp32_b1_r1_control_1785247631475,13,184381.38366411801,184381.38508703501,184381.38437557651,0.0014229170046746731,3.3131884864997119,10650480400,true,true,5dff3859ad319cb37301e68cfc6fde00723e3a42110ca93adb44c05e97098167
softmax_whole_stage_atc_trace_v1,softmax_whole_stage_operand_rate_atc,softmax_whole_stage_operand_rate_atc_v2,20260728_operand_rate_v2_final_reduction_session03_CAB,reduction,fp32,20260728_operand_rate_v2_final_reduction_session03_CAB_reduction_fp32,1,1,20260728_operand_rate_v2_final_reduction_session03_CAB_reduction_fp32_b1_r1_control,control,control,20260728_operand_rate_v2_final_reduction_session03_CAB_reduction_fp32_b1_r1_control_1785247631475,14,184381.63701234499,184381.63843972699,184381.63772603599,0.0014273819979280233,3.5665389459754806,10650549340,true,true,5dff3859ad319cb37301e68cfc6fde00723e3a42110ca93adb44c05e97098167
softmax_whole_stage_atc_trace_v1,softmax_whole_stage_operand_rate_atc,softmax_whole_stage_operand_rate_atc_v2,20260728_operand_rate_v2_final_reduction_session03_CAB,reduction,fp32,20260728_operand_rate_v2_final_reduction_session03_CAB_reduction_fp32,1,1,20260728_operand_rate_v2_final_reduction_session03_CAB_reduction_fp32_b1_r1_control,control,control,20260728_operand_rate_v2_final_reduction_session03_CAB_reduction_fp32_b1_r1_control_1785247631475,15,184381.89045574499,184381.89186100801,184381.8911583765,0.0014052630285732448,3.8199712864879984,10650596407,true,true,5dff3859ad319cb37301e68cfc6fde00723e3a42110ca93adb44c05e97098167
softmax_whole_stage_atc_trace_v1,softmax_whole_stage_operand_rate_atc,softmax_whole_stage_operand_rate_atc_v2,20260728_operand_rate_v2_final_reduction_session03_CAB,reduction,fp32,20260728_operand_rate_v2_final_reduction_session03_CAB_reduction_fp32,1,1,20260728_operand_rate_v2_final_reduction_session03_CAB_reduction_fp32_b1_r1_control,control,control,20260728_operand_rate_v2_final_reduction_session03_CAB_reduction_fp32_b1_r1_control_1785247631475,16,184382.14565526799,184382.146995188,184382.14632522798,0.0013399200106505305,4.0751381379668601,10650665646,true,true,5dff3859ad319cb37301e68cfc6fde00723e3a42110ca93adb44c05e97098167
softmax_whole_stage_atc_trace_v1,softmax_whole_stage_operand_rate_atc,softmax_whole_stage_operand_rate_atc_v2,20260728_operand_rate_v2_final_reduction_session03_CAB,reduction,fp32,20260728_operand_rate_v2_final_reduction_session03_CAB_reduction_fp32,1,1,20260728_operand_rate_v2_final_reduction_session03_CAB_reduction_fp32_b1_r1_control,control,control,20260728_operand_rate_v2_final_reduction_session03_CAB_reduction_fp32_b1_r1_control_1785247631475,17,184382.39731768699,184382.39877895801,184382.3980483225,0.0014612710219807923,4.3268612324900459,10650712512,true,true,5dff3859ad319cb37301e68cfc6fde00723e3a42110ca93adb44c05e97098167
softmax_whole_stage_atc_trace_v1,softmax_whole_stage_operand_rate_atc,softmax_whole_stage_operand_rate_atc_v2,20260728_operand_rate_v2_final_reduction_session03_CAB,reduction,fp32,20260728_operand_rate_v2_final_reduction_session03_CAB_reduction_fp32,1,1,20260728_operand_rate_v2_final_reduction_session03_CAB_reduction_fp32_b1_r1_control,control,control,20260728_operand_rate_v2_final_reduction_session03_CAB_reduction_fp32_b1_r1_control_1785247631475,18,184382.650554914,184382.65199893599,184382.651276925,0.001444021996576339,4.5800898349843919,10650782039,true,true,5dff3859ad319cb37301e68cfc6fde00723e3a42110ca93adb44c05e97098167
softmax_whole_stage_atc_trace_v1,softmax_whole_stage_operand_rate_atc,softmax_whole_stage_operand_rate_atc_v2,20260728_operand_rate_v2_final_reduction_session03_CAB,reduction,fp32,20260728_operand_rate_v2_final_reduction_session03_CAB_reduction_fp32,1,1,20260728_operand_rate_v2_final_reduction_session03_CAB_reduction_fp32_b1_r1_control,control,control,20260728_operand_rate_v2_final_reduction_session03_CAB_reduction_fp32_b1_r1_control_1785247631475,19,184382.90585589901,184382.907294239,184382.90657506901,0.00143833999754861,4.8353879789938219,10650829591,true,true,5dff3859ad319cb37301e68cfc6fde00723e3a42110ca93adb44c05e97098167
softmax_whole_stage_atc_trace_v1,softmax_whole_stage_operand_rate_atc,softmax_whole_stage_operand_rate_atc_v2,20260728_operand_rate_v2_final_reduction_session03_CAB,reduction,fp32,20260728_operand_rate_v2_final_reduction_session03_CAB_reduction_fp32,1,1,20260728_operand_rate_v2_final_reduction_session03_CAB_reduction_fp32_b1_r1_control,control,control,20260728_operand_rate_v2_final_reduction_session03_CAB_reduction_fp32_b1_r1_control_1785247631475,20,184383.15932121599,184383.16067808101,184383.15999964852,0.0013568650174420327,5.0888125585042872,10650899033,true,true,5dff3859ad319cb37301e68cfc6fde00723e3a42110ca93adb44c05e97098167
softmax_whole_stage_atc_trace_v1,softmax_whole_stage_operand_rate_atc,softmax_whole_stage_operand_rate_atc_v2,20260728_operand_rate_v2_final_reduction_session03_CAB,reduction,fp32,20260728_operand_rate_v2_final_reduction_session03_CAB_reduction_fp32,1,1,20260728_operand_rate_v2_final_reduction_session03_CAB_reduction_fp32_b1_r1_control,control,control,20260728_operand_rate_v2_final_reduction_session03_CAB_reduction_fp32_b1_r1_control_1785247631475,21,184383.41446807899,184383.41587121101,184383.41516964498,0.0014031320170033723,5.3439825549721718,10650946336,true,true,5dff3859ad319cb37301e68cfc6fde00723e3a42110ca93adb44c05e97098167
softmax_whole_stage_atc_trace_v1,softmax_whole_stage_operand_rate_atc,softmax_whole_stage_operand_rate_atc_v2,20260728_operand_rate_v2_final_reduction_session03_CAB,reduction,fp32,20260728_operand_rate_v2_final_reduction_session03_CAB_reduction_fp32,1,1,20260728_operand_rate_v2_final_reduction_session03_CAB_reduction_fp32_b1_r1_control,control,control,20260728_operand_rate_v2_final_reduction_session03_CAB_reduction_fp32_b1_r1_control_1785247631475,22,184383.66753413799,184383.66895056199,184383.66824234999,0.0014164239983074367,5.5970552599756047,10651015526,true,true,5dff3859ad319cb37301e68cfc6fde00723e3a42110ca93adb44c05e97098167
softmax_whole_stage_atc_trace_v1,softmax_whole_stage_operand_rate_atc,softmax_whole_stage_operand_rate_atc_v2,20260728_operand_rate_v2_final_reduction_session03_CAB,reduction,fp32,20260728_operand_rate_v2_final_reduction_session03_CAB_reduction_fp32,1,1,20260728_operand_rate_v2_final_reduction_session03_CAB_reduction_fp32_b1_r1_control,control,control,20260728_operand_rate_v2_final_reduction_session03_CAB_reduction_fp32_b1_r1_control_1785247631475,23,184383.92277536099,184383.927665169,184383.925220265,0.0048898080131039023,5.8540331749827601,10651062620,true,true,5dff3859ad319cb37301e68cfc6fde00723e3a42110ca93adb44c05e97098167
softmax_whole_stage_atc_trace_v1,softmax_whole_stage_operand_rate_atc,softmax_whole_stage_operand_rate_atc_v2,20260728_operand_rate_v2_final_reduction_session03_CAB,reduction,fp32,20260728_operand_rate_v2_final_reduction_session03_CAB_reduction_fp32,1,1,20260728_operand_rate_v2_final_reduction_session03_CAB_reduction_fp32_b1_r1_control,control,control,20260728_operand_rate_v2_final_reduction_session03_CAB_reduction_fp32_b1_r1_control_1785247631475,24,184384.178353036,184384.179656836,184384.17900493601,0.0013038000033702701,6.1078178460011259,10651135656,true,true,5dff3859ad319cb37301e68cfc6fde00723e3a42110ca93adb44c05e97098167
softmax_whole_stage_atc_trace_v1,softmax_whole_stage_operand_rate_atc,softmax_whole_stage_operand_rate_atc_v2,20260728_operand_rate_v2_final_reduction_session03_CAB,reduction,fp32,20260728_operand_rate_v2_final_reduction_session03_CAB_reduction_fp32,1,1,20260728_operand_rate_v2_final_reduction_session03_CAB_reduction_fp32_b1_r1_control,control,control,20260728_operand_rate_v2_final_reduction_session03_CAB_reduction_fp32_b1_r1_control_1785247631475,25,184384.433485694,184384.43488984101,184384.4341877675,0.0014041470130905509,6.3630006774910726,10651181812,true,true,5dff3859ad319cb37301e68cfc6fde00723e3a42110ca93adb44c05e97098167
softmax_whole_stage_atc_trace_v1,softmax_whole_stage_operand_rate_atc,softmax_whole_stage_operand_rate_atc_v2,20260728_operand_rate_v2_final_reduction_session03_CAB,reduction,fp32,20260728_operand_rate_v2_final_reduction_session03_CAB_reduction_fp32,1,1,20260728_operand_rate_v2_final_reduction_session03_CAB_reduction_fp32_b1_r1_control,control,control,20260728_operand_rate_v2_final_reduction_session03_CAB_reduction_fp32_b1_r1_control_1785247631475,26,184384.68643050501,184384.687835869,184384.68713318702,0.0014053639897610992,6.6159460970084183,10651254593,true,true,5dff3859ad319cb37301e68cfc6fde00723e3a42110ca93adb44c05e97098167
softmax_whole_stage_atc_trace_v1,softmax_whole_stage_operand_rate_atc,softmax_whole_stage_operand_rate_atc_v2,20260728_operand_rate_v2_final_reduction_session03_CAB,reduction,fp32,20260728_operand_rate_v2_final_reduction_session03_CAB_reduction_fp32,1,1,20260728_operand_rate_v2_final_reduction_session03_CAB_reduction_fp32_b1_r1_control,control,control,20260728_operand_rate_v2_final_reduction_session03_CAB_reduction_fp32_b1_r1_control_1785247631475,27,184384.94159137001,184384.94294620599,184384.942268788,0.0013548359856940806,6.8710816979873925,10651300424,true,true,5dff3859ad319cb37301e68cfc6fde00723e3a42110ca93adb44c05e97098167
softmax_whole_stage_atc_trace_v1,softmax_whole_stage_operand_rate_atc,softmax_whole_stage_operand_rate_atc_v2,20260728_operand_rate_v2_final_reduction_session03_CAB,reduction,fp32,20260728_operand_rate_v2_final_reduction_session03_CAB_reduction_fp32,1,1,20260728_operand_rate_v2_final_reduction_session03_CAB_reduction_fp32_b1_r1_control,control,control,20260728_operand_rate_v2_final_reduction_session03_CAB_reduction_fp32_b1_r1_control_1785247631475,28,184385.19493503199,184385.196372053,184385.1956535425,0.0014370210119523108,7.1244664524856489,10651372962,true,true,5dff3859ad319cb37301e68cfc6fde00723e3a42110ca93adb44c05e97098167
softmax_whole_stage_atc_trace_v1,softmax_whole_stage_operand_rate_atc,softmax_whole_stage_operand_rate_atc_v2,20260728_operand_rate_v2_final_reduction_session03_CAB,reduction,fp32,20260728_operand_rate_v2_final_reduction_session03_CAB_reduction_fp32,1,1,20260728_operand_rate_v2_final_reduction_session03_CAB_reduction_fp32_b1_r1_control,control,control,20260728_operand_rate_v2_final_reduction_session03_CAB_reduction_fp32_b1_r1_control_1785247631475,29,184385.45013749599,184385.45157908299,184385.45085828949,0.0014415869954973459,7.3796711994800717,10651418321,true,true,5dff3859ad319cb37301e68cfc6fde00723e3a42110ca93adb44c05e97098167
softmax_whole_stage_atc_trace_v1,softmax_whole_stage_operand_rate_atc,softmax_whole_stage_operand_rate_atc_v2,20260728_operand_rate_v2_final_reduction_session03_CAB,reduction,fp32,20260728_operand_rate_v2_final_reduction_session03_CAB_reduction_fp32,1,1,20260728_operand_rate_v2_final_reduction_session03_CAB_reduction_fp32_b1_r1_control,control,control,20260728_operand_rate_v2_final_reduction_session03_CAB_reduction_fp32_b1_r1_control_1785247631475,30,184385.70299454199,184385.70444333201,184385.703718937,0.0014487900189124048,7.6325318469898775,10651490176,true,true,5dff3859ad319cb37301e68cfc6fde00723e3a42110ca93adb44c05e97098167
softmax_whole_stage_atc_trace_v1,softmax_whole_stage_operand_rate_atc,softmax_whole_stage_operand_rate_atc_v2,20260728_operand_rate_v2_final_reduction_session03_CAB,reduction,fp32,20260728_operand_rate_v2_final_reduction_session03_CAB_reduction_fp32,1,1,20260728_operand_rate_v2_final_reduction_session03_CAB_reduction_fp32_b1_r1_control,control,control,20260728_operand_rate_v2_final_reduction_session03_CAB_reduction_fp32_b1_r1_control_1785247631475,31,184385.957790038,184385.95922147899,184385.95850575849,0.0014314409927465022,7.8873186684795655,10651535265,true,true,5dff3859ad319cb37301e68cfc6fde00723e3a42110ca93adb44c05e97098167
softmax_whole_stage_atc_trace_v1,softmax_whole_stage_operand_rate_atc,softmax_whole_stage_operand_rate_atc_v2,20260728_operand_rate_v2_final_reduction_session03_CAB,reduction,fp32,20260728_operand_rate_v2_final_reduction_session03_CAB_reduction_fp32,1,1,20260728_operand_rate_v2_final_reduction_session03_CAB_reduction_fp32_b1_r1_control,control,control,20260728_operand_rate_v2_final_reduction_session03_CAB_reduction_fp32_b1_r1_control_1785247631475,32,184386.213062614,184386.214502983,184386.2137827985,0.0014403690001927316,8.1425957084866241,10651607092,true,true,5dff3859ad319cb37301e68cfc6fde00723e3a42110ca93adb44c05e97098167
softmax_whole_stage_atc_trace_v1,softmax_whole_stage_operand_rate_atc,softmax_whole_stage_operand_rate_atc_v2,20260728_operand_rate_v2_final_reduction_session03_CAB,reduction,fp32,20260728_operand_rate_v2_final_reduction_session03_CAB_reduction_fp32,1,1,20260728_operand_rate_v2_final_reduction_session03_CAB_reduction_fp32_b1_r1_control,control,control,20260728_operand_rate_v2_final_reduction_session03_CAB_reduction_fp32_b1_r1_control_1785247631475,33,184386.468267919,184386.469796663,184386.469032291,0.0015287440037354827,8.3978452009905595,10651651557,true,true,5dff3859ad319cb37301e68cfc6fde00723e3a42110ca93adb44c05e97098167
softmax_whole_stage_atc_trace_v1,softmax_whole_stage_operand_rate_atc,softmax_whole_stage_operand_rate_atc_v2,20260728_operand_rate_v2_final_reduction_session03_CAB,reduction,fp32,20260728_operand_rate_v2_final_reduction_session03_CAB_reduction_fp32,1,1,20260728_operand_rate_v2_final_reduction_session03_CAB_reduction_fp32_b1_r1_control,control,control,20260728_operand_rate_v2_final_reduction_session03_CAB_reduction_fp32_b1_r1_control_1785247631475,34,184386.72121070101,184386.722652998,184386.72193184949,0.0014422969834413379,8.650744759477675,10651722734,true,true,5dff3859ad319cb37301e68cfc6fde00723e3a42110ca93adb44c05e97098167
softmax_whole_stage_atc_trace_v1,softmax_whole_stage_operand_rate_atc,softmax_whole_stage_operand_rate_atc_v2,20260728_operand_rate_v2_final_reduction_session03_CAB,reduction,fp32,20260728_operand_rate_v2_final_reduction_session03_CAB_reduction_fp32,1,1,20260728_operand_rate_v2_final_reduction_session03_CAB_reduction_fp32_b1_r1_control,control,control,20260728_operand_rate_v2_final_reduction_session03_CAB_reduction_fp32_b1_r1_control_1785247631475,35,184386.97647353599,184386.977859826,184386.977166681,0.0013862900086678565,8.9059795909852255,10651767092,true,true,5dff3859ad319cb37301e68cfc6fde00723e3a42110ca93adb44c05e97098167
softmax_whole_stage_atc_trace_v1,softmax_whole_stage_operand_rate_atc,softmax_whole_stage_operand_rate_atc_v2,20260728_operand_rate_v2_final_reduction_session03_CAB,reduction,fp32,20260728_operand_rate_v2_final_reduction_session03_CAB_reduction_fp32,1,1,20260728_operand_rate_v2_final_reduction_session03_CAB_reduction_fp32_b1_r1_control,control,control,20260728_operand_rate_v2_final_reduction_session03_CAB_reduction_fp32_b1_r1_control_1785247631475,36,184387.22910797101,184387.23408321099,184387.231595591,0.0049752399791032076,9.1604085009894334,10651838189,true,true,5dff3859ad319cb37301e68cfc6fde00723e3a42110ca93adb44c05e97098167
softmax_whole_stage_atc_trace_v1,softmax_whole_stage_operand_rate_atc,softmax_whole_stage_operand_rate_atc_v2,20260728_operand_rate_v2_final_reduction_session03_CAB,reduction,fp32,20260728_operand_rate_v2_final_reduction_session03_CAB_reduction_fp32,1,1,20260728_operand_rate_v2_final_reduction_session03_CAB_reduction_fp32_b1_r1_control,control,control,20260728_operand_rate_v2_final_reduction_session03_CAB_reduction_fp32_b1_r1_control_1785247631475,37,184387.48561748301,184387.48710696,184387.48636222151,0.0014894769992679358,9.4151751314930152,10651886520,true,false,5dff3859ad319cb37301e68cfc6fde00723e3a42110ca93adb44c05e97098167
softmax_whole_stage_atc_trace_v1,softmax_whole_stage_operand_rate_atc,softmax_whole_stage_operand_rate_atc_v2,20260728_operand_rate_v2_final_reduction_session03_CAB,reduction,fp32,20260728_operand_rate_v2_final_reduction_session03_CAB_reduction_fp32,1,1,20260728_operand_rate_v2_final_reduction_session03_CAB_reduction_fp32_b1_r1_control,control,control,20260728_operand_rate_v2_final_reduction_session03_CAB_reduction_fp32_b1_r1_control_1785247631475,38,184387.738388906,184387.74127484101,184387.73983187351,0.0028859350131824613,9.6686447834945284,10651956852,true,false,5dff3859ad319cb37301e68cfc6fde00723e3a42110ca93adb44c05e97098167
softmax_whole_stage_atc_trace_v1,softmax_whole_stage_operand_rate_atc,softmax_whole_stage_operand_rate_atc_v2,20260728_operand_rate_v2_final_reduction_session03_CAB,reduction,fp32,20260728_operand_rate_v2_final_reduction_session03_CAB_reduction_fp32,1,1,20260728_operand_rate_v2_final_reduction_session03_CAB_reduction_fp32_b1_r1_control,control,control,20260728_operand_rate_v2_final_reduction_session03_CAB_reduction_fp32_b1_r1_control_1785247631475,39,184387.99505838999,184387.99658102301,184387.9958197065,0.0015226330142468214,9.9246326164866332,10651988938,true,false,5dff3859ad319cb37301e68cfc6fde00723e3a42110ca93adb44c05e97098167
softmax_whole_stage_atc_trace_v1,softmax_whole_stage_operand_rate_atc,softmax_whole_stage_operand_rate_atc_v2,20260728_operand_rate_v2_final_reduction_session03_CAB,reduction,fp32,20260728_operand_rate_v2_final_reduction_session03_CAB_reduction_fp32,1,1,20260728_operand_rate_v2_final_reduction_session03_CAB_reduction_fp32_b1_r1_control,control,control,20260728_operand_rate_v2_final_reduction_session03_CAB_reduction_fp32_b1_r1_control_1785247631475,40,184387.99658974499,184387.99791045001,184387.99725009751,0.0013207050214987248,9.9260630075004883,10651988938,false,false,5dff3859ad319cb37301e68cfc6fde00723e3a42110ca93adb44c05e97098167
softmax_whole_stage_atc_trace_v1,softmax_whole_stage_operand_rate_atc,softmax_whole_stage_operand_rate_atc_v2,20260728_operand_rate_v2_final_reduction_session03_CAB,reduction,fp32,20260728_operand_rate_v2_final_reduction_session03_CAB_reduction_fp32,1,2,20260728_operand_rate_v2_final_reduction_session03_CAB_reduction_fp32_b1_r2_treatment,treatment,treatment,20260728_operand_rate_v2_final_reduction_session03_CAB_reduction_fp32_b1_r2_treatment_1785247642457,0,184389.04276404201,184389.044017707,184389.04339087452,0.0012536649883259088,0.00068301951978355646,10652133145,false,false,5dff3859ad319cb37301e68cfc6fde00723e3a42110ca93adb44c05e97098167
softmax_whole_stage_atc_trace_v1,softmax_whole_stage_operand_rate_atc,softmax_whole_stage_operand_rate_atc_v2,20260728_operand_rate_v2_final_reduction_session03_CAB,reduction,fp32,20260728_operand_rate_v2_final_reduction_session03_CAB_reduction_fp32,1,2,20260728_operand_rate_v2_final_reduction_session03_CAB_reduction_fp32_b1_r2_treatment,treatment,treatment,20260728_operand_rate_v2_final_reduction_session03_CAB_reduction_fp32_b1_r2_treatment_1785247642457,1,184389.29623714101,184389.29767427701,184389.296955709,0.0014371360011864454,0.2542478539980948,10652175099,true,false,5dff3859ad319cb37301e68cfc6fde00723e3a42110ca93adb44c05e97098167
softmax_whole_stage_atc_trace_v1,softmax_whole_stage_operand_rate_atc,softmax_whole_stage_operand_rate_atc_v2,20260728_operand_rate_v2_final_reduction_session03_CAB,reduction,fp32,20260728_operand_rate_v2_final_reduction_session03_CAB_reduction_fp32,1,2,20260728_operand_rate_v2_final_reduction_session03_CAB_reduction_fp32_b1_r2_treatment,treatment,treatment,20260728_operand_rate_v2_final_reduction_session03_CAB_reduction_fp32_b1_r2_treatment_1785247642457,2,184389.551373241,184389.552839585,184389.552106413,0.0014663439942523837,0.50939855800243095,10652238464,true,false,5dff3859ad319cb37301e68cfc6fde00723e3a42110ca93adb44c05e97098167
softmax_whole_stage_atc_trace_v1,softmax_whole_stage_operand_rate_atc,softmax_whole_stage_operand_rate_atc_v2,20260728_operand_rate_v2_final_reduction_session03_CAB,reduction,fp32,20260728_operand_rate_v2_final_reduction_session03_CAB_reduction_fp32,1,2,20260728_operand_rate_v2_final_reduction_session03_CAB_reduction_fp32_b1_r2_treatment,treatment,treatment,20260728_operand_rate_v2_final_reduction_session03_CAB_reduction_fp32_b1_r2_treatment_1785247642457,3,184389.80436783499,184389.80973239799,184389.80705011648,0.0053645629959646612,0.76434226147830486,10652281198,true,true,5dff3859ad319cb37301e68cfc6fde00723e3a42110ca93adb44c05e97098167
softmax_whole_stage_atc_trace_v1,softmax_whole_stage_operand_rate_atc,softmax_whole_stage_operand_rate_atc_v2,20260728_operand_rate_v2_final_reduction_session03_CAB,reduction,fp32,20260728_operand_rate_v2_final_reduction_session03_CAB_reduction_fp32,1,2,20260728_operand_rate_v2_final_reduction_session03_CAB_reduction_fp32_b1_r2_treatment,treatment,treatment,20260728_operand_rate_v2_final_reduction_session03_CAB_reduction_fp32_b1_r2_treatment_1785247642457,4,184390.06090080601,184390.06228357999,184390.061592193,0.0013827739749103785,1.0188843380019534,10652348096,true,true,5dff3859ad319cb37301e68cfc6fde00723e3a42110ca93adb44c05e97098167
softmax_whole_stage_atc_trace_v1,softmax_whole_stage_operand_rate_atc,softmax_whole_stage_operand_rate_atc_v2,20260728_operand_rate_v2_final_reduction_session03_CAB,reduction,fp32,20260728_operand_rate_v2_final_reduction_session03_CAB_reduction_fp32,1,2,20260728_operand_rate_v2_final_reduction_session03_CAB_reduction_fp32_b1_r2_treatment,treatment,treatment,20260728_operand_rate_v2_final_reduction_session03_CAB_reduction_fp32_b1_r2_treatment_1785247642457,5,184390.31605607399,184390.31746237801,184390.316759226,0.0014063040143810213,1.2740513710014056,10652390307,true,true,5dff3859ad319cb37301e68cfc6fde00723e3a42110ca93adb44c05e97098167
softmax_whole_stage_atc_trace_v1,softmax_whole_stage_operand_rate_atc,softmax_whole_stage_operand_rate_atc_v2,20260728_operand_rate_v2_final_reduction_session03_CAB,reduction,fp32,20260728_operand_rate_v2_final_reduction_session03_CAB_reduction_fp32,1,2,20260728_operand_rate_v2_final_reduction_session03_CAB_reduction_fp32_b1_r2_treatment,treatment,treatment,20260728_operand_rate_v2_final_reduction_session03_CAB_reduction_fp32_b1_r2_treatment_1785247642457,6,184390.57119328901,184390.572610648,184390.57190196851,0.0014173589879646897,1.5291941135074012,10652457111,true,true,5dff3859ad319cb37301e68cfc6fde00723e3a42110ca93adb44c05e97098167
softmax_whole_stage_atc_trace_v1,softmax_whole_stage_operand_rate_atc,softmax_whole_stage_operand_rate_atc_v2,20260728_operand_rate_v2_final_reduction_session03_CAB,reduction,fp32,20260728_operand_rate_v2_final_reduction_session03_CAB_reduction_fp32,1,2,20260728_operand_rate_v2_final_reduction_session03_CAB_reduction_fp32_b1_r2_treatment,treatment,treatment,20260728_operand_rate_v2_final_reduction_session03_CAB_reduction_fp32_b1_r2_treatment_1785247642457,7,184390.82330866501,184390.82472805199,184390.82401835849,0.0014193869719747454,1.7813105034874752,10652498631,true,true,5dff3859ad319cb37301e68cfc6fde00723e3a42110ca93adb44c05e97098167
softmax_whole_stage_atc_trace_v1,softmax_whole_stage_operand_rate_atc,softmax_whole_stage_operand_rate_atc_v2,20260728_operand_rate_v2_final_reduction_session03_CAB,reduction,fp32,20260728_operand_rate_v2_final_reduction_session03_CAB_reduction_fp32,1,2,20260728_operand_rate_v2_final_reduction_session03_CAB_reduction_fp32_b1_r2_treatment,treatment,treatment,20260728_operand_rate_v2_final_reduction_session03_CAB_reduction_fp32_b1_r2_treatment_1785247642457,8,184391.078454501,184391.079884943,184391.07916972198,0.0014304420037660748,2.0364618669846095,10652565543,true,true,5dff3859ad319cb37301e68cfc6fde00723e3a42110ca93adb44c05e97098167
softmax_whole_stage_atc_trace_v1,softmax_whole_stage_operand_rate_atc,softmax_whole_stage_operand_rate_atc_v2,20260728_operand_rate_v2_final_reduction_session03_CAB,reduction,fp32,20260728_operand_rate_v2_final_reduction_session03_CAB_reduction_fp32,1,2,20260728_operand_rate_v2_final_reduction_session03_CAB_reduction_fp32_b1_r2_treatment,treatment,treatment,20260728_operand_rate_v2_final_reduction_session03_CAB_reduction_fp32_b1_r2_treatment_1785247642457,9,184391.33169199899,184391.33302791699,184391.33235995797,0.0013359180011320859,2.2896521029761061,10652607122,true,true,5dff3859ad319cb37301e68cfc6fde00723e3a42110ca93adb44c05e97098167
softmax_whole_stage_atc_trace_v1,softmax_whole_stage_operand_rate_atc,softmax_whole_stage_operand_rate_atc_v2,20260728_operand_rate_v2_final_reduction_session03_CAB,reduction,fp32,20260728_operand_rate_v2_final_reduction_session03_CAB_reduction_fp32,1,2,20260728_operand_rate_v2_final_reduction_session03_CAB_reduction_fp32_b1_r2_treatment,treatment,treatment,20260728_operand_rate_v2_final_reduction_session03_CAB_reduction_fp32_b1_r2_treatment_1785247642457,10,184391.586742499,184391.588102048,184391.5874222735,0.0013595490017905831,2.544714418501826,10652673859,true,true,5dff3859ad319cb37301e68cfc6fde00723e3a42110ca93adb44c05e97098167
softmax_whole_stage_atc_trace_v1,softmax_whole_stage_operand_rate_atc,softmax_whole_stage_operand_rate_atc_v2,20260728_operand_rate_v2_final_reduction_session03_CAB,reduction,fp32,20260728_operand_rate_v2_final_reduction_session03_CAB_reduction_fp32,1,2,20260728_operand_rate_v2_final_reduction_session03_CAB_reduction_fp32_b1_r2_treatment,treatment,treatment,20260728_operand_rate_v2_final_reduction_session03_CAB_reduction_fp32_b1_r2_treatment_1785247642457,11,184391.83945473799,184391.84088193401,184391.840168336,0.0014271960244514048,2.7974604810005985,10652715176,true,true,5dff3859ad319cb37301e68cfc6fde00723e3a42110ca93adb44c05e97098167
softmax_whole_stage_atc_trace_v1,softmax_whole_stage_operand_rate_atc,softmax_whole_stage_operand_rate_atc_v2,20260728_operand_rate_v2_final_reduction_session03_CAB,reduction,fp32,20260728_operand_rate_v2_final_reduction_session03_CAB_reduction_fp32,1,2,20260728_operand_rate_v2_final_reduction_session03_CAB_reduction_fp32_b1_r2_treatment,treatment,treatment,20260728_operand_rate_v2_final_reduction_session03_CAB_reduction_fp32_b1_r2_treatment_1785247642457,12,184392.09456264201,184392.09589064901,184392.09522664553,0.0013280069979373366,3.0525187905295752,10652781803,true,true,5dff3859ad319cb37301e68cfc6fde00723e3a42110ca93adb44c05e97098167
softmax_whole_stage_atc_trace_v1,softmax_whole_stage_operand_rate_atc,softmax_whole_stage_operand_rate_atc_v2,20260728_operand_rate_v2_final_reduction_session03_CAB,reduction,fp32,20260728_operand_rate_v2_final_reduction_session03_CAB_reduction_fp32,1,2,20260728_operand_rate_v2_final_reduction_session03_CAB_reduction_fp32_b1_r2_treatment,treatment,treatment,20260728_operand_rate_v2_final_reduction_session03_CAB_reduction_fp32_b1_r2_treatment_1785247642457,13,184392.349009383,184392.350558487,184392.349783935,0.0015491039957851171,3.3070760800037533,10652823018,true,true,5dff3859ad319cb37301e68cfc6fde00723e3a42110ca93adb44c05e97098167
softmax_whole_stage_atc_trace_v1,softmax_whole_stage_operand_rate_atc,softmax_whole_stage_operand_rate_atc_v2,20260728_operand_rate_v2_final_reduction_session03_CAB,reduction,fp32,20260728_operand_rate_v2_final_reduction_session03_CAB_reduction_fp32,1,2,20260728_operand_rate_v2_final_reduction_session03_CAB_reduction_fp32_b1_r2_treatment,treatment,treatment,20260728_operand_rate_v2_final_reduction_session03_CAB_reduction_fp32_b1_r2_treatment_1785247642457,14,184392.60368766799,184392.608081226,184392.605884447,0.0043935580179095268,3.5631765919970348,10652888984,true,true,5dff3859ad319cb37301e68cfc6fde00723e3a42110ca93adb44c05e97098167
softmax_whole_stage_atc_trace_v1,softmax_whole_stage_operand_rate_atc,softmax_whole_stage_operand_rate_atc_v2,20260728_operand_rate_v2_final_reduction_session03_CAB,reduction,fp32,20260728_operand_rate_v2_final_reduction_session03_CAB_reduction_fp32,1,2,20260728_operand_rate_v2_final_reduction_session03_CAB_reduction_fp32_b1_r2_treatment,treatment,treatment,20260728_operand_rate_v2_final_reduction_session03_CAB_reduction_fp32_b1_r2_treatment_1785247642457,15,184392.85940419999,184392.86091364801,184392.86015892401,0.001509448018623516,3.8174510690150782,10652933540,true,true,5dff3859ad319cb37301e68cfc6fde00723e3a42110ca93adb44c05e97098167
softmax_whole_stage_atc_trace_v1,softmax_whole_stage_operand_rate_atc,softmax_whole_stage_operand_rate_atc_v2,20260728_operand_rate_v2_final_reduction_session03_CAB,reduction,fp32,20260728_operand_rate_v2_final_reduction_session03_CAB_reduction_fp32,1,2,20260728_operand_rate_v2_final_reduction_session03_CAB_reduction_fp32_b1_r2_treatment,treatment,treatment,20260728_operand_rate_v2_final_reduction_session03_CAB_reduction_fp32_b1_r2_treatment_1785247642457,16,184393.11459851501,184393.11598260701,184393.11529056099,0.0013840920000802726,4.0725827059941366,10652998703,true,true,5dff3859ad319cb37301e68cfc6fde00723e3a42110ca93adb44c05e97098167
softmax_whole_stage_atc_trace_v1,softmax_whole_stage_operand_rate_atc,softmax_whole_stage_operand_rate_atc_v2,20260728_operand_rate_v2_final_reduction_session03_CAB,reduction,fp32,20260728_operand_rate_v2_final_reduction_session03_CAB_reduction_fp32,1,2,20260728_operand_rate_v2_final_reduction_session03_CAB_reduction_fp32_b1_r2_treatment,treatment,treatment,20260728_operand_rate_v2_final_reduction_session03_CAB_reduction_fp32_b1_r2_treatment_1785247642457,17,184393.36772343499,184393.369156311,184393.36843987298,0.0014328760153148323,4.3257320179836825,10653042927,true,true,5dff3859ad319cb37301e68cfc6fde00723e3a42110ca93adb44c05e97098167
softmax_whole_stage_atc_trace_v1,softmax_whole_stage_operand_rate_atc,softmax_whole_stage_operand_rate_atc_v2,20260728_operand_rate_v2_final_reduction_session03_CAB,reduction,fp32,20260728_operand_rate_v2_final_reduction_session03_CAB_reduction_fp32,1,2,20260728_operand_rate_v2_final_reduction_session03_CAB_reduction_fp32_b1_r2_treatment,treatment,treatment,20260728_operand_rate_v2_final_reduction_session03_CAB_reduction_fp32_b1_r2_treatment_1785247642457,18,184393.62288083299,184393.624294946,184393.62358788948,0.0014141130086500198,4.5808800344821066,10653107650,true,true,5dff3859ad319cb37301e68cfc6fde00723e3a42110ca93adb44c05e97098167
softmax_whole_stage_atc_trace_v1,softmax_whole_stage_operand_rate_atc,softmax_whole_stage_operand_rate_atc_v2,20260728_operand_rate_v2_final_reduction_session03_CAB,reduction,fp32,20260728_operand_rate_v2_final_reduction_session03_CAB_reduction_fp32,1,2,20260728_operand_rate_v2_final_reduction_session03_CAB_reduction_fp32_b1_r2_treatment,treatment,treatment,20260728_operand_rate_v2_final_reduction_session03_CAB_reduction_fp32_b1_r2_treatment_1785247642457,19,184393.87547927801,184393.87690018601,184393.87618973199,0.0014209079963620752,4.8334818769944832,10653151510,true,true,5dff3859ad319cb37301e68cfc6fde00723e3a42110ca93adb44c05e97098167
softmax_whole_stage_atc_trace_v1,softmax_whole_stage_operand_rate_atc,softmax_whole_stage_operand_rate_atc_v2,20260728_operand_rate_v2_final_reduction_session03_CAB,reduction,fp32,20260728_operand_rate_v2_final_reduction_session03_CAB_reduction_fp32,1,2,20260728_operand_rate_v2_final_reduction_session03_CAB_reduction_fp32_b1_r2_treatment,treatment,treatment,20260728_operand_rate_v2_final_reduction_session03_CAB_reduction_fp32_b1_r2_treatment_1785247642457,20,184394.127612301,184394.12900024699,184394.12830627401,0.0013879459875170141,5.0855984190129675,10653215867,true,true,5dff3859ad319cb37301e68cfc6fde00723e3a42110ca93adb44c05e97098167
softmax_whole_stage_atc_trace_v1,softmax_whole_stage_operand_rate_atc,softmax_whole_stage_operand_rate_atc_v2,20260728_operand_rate_v2_final_reduction_session03_CAB,reduction,fp32,20260728_operand_rate_v2_final_reduction_session03_CAB_reduction_fp32,1,2,20260728_operand_rate_v2_final_reduction_session03_CAB_reduction_fp32_b1_r2_treatment,treatment,treatment,20260728_operand_rate_v2_final_reduction_session03_CAB_reduction_fp32_b1_r2_treatment_1785247642457,21,184394.38268967799,184394.38404314101,184394.38336640951,0.0013534630124922842,5.340658554516267,10653260158,true,true,5dff3859ad319cb37301e68cfc6fde00723e3a42110ca93adb44c05e97098167
softmax_whole_stage_atc_trace_v1,softmax_whole_stage_operand_rate_atc,softmax_whole_stage_operand_rate_atc_v2,20260728_operand_rate_v2_final_reduction_session03_CAB,reduction,fp32,20260728_operand_rate_v2_final_reduction_session03_CAB_reduction_fp32,1,2,20260728_operand_rate_v2_final_reduction_session03_CAB_reduction_fp32_b1_r2_treatment,treatment,treatment,20260728_operand_rate_v2_final_reduction_session03_CAB_reduction_fp32_b1_r2_treatment_1785247642457,22,184394.63775772299,184394.63913157201,184394.63844464748,0.001373849023366347,5.5957367924856953,10653324556,true,true,5dff3859ad319cb37301e68cfc6fde00723e3a42110ca93adb44c05e97098167
softmax_whole_stage_atc_trace_v1,softmax_whole_stage_operand_rate_atc,softmax_whole_stage_operand_rate_atc_v2,20260728_operand_rate_v2_final_reduction_session03_CAB,reduction,fp32,20260728_operand_rate_v2_final_reduction_session03_CAB_reduction_fp32,1,2,20260728_operand_rate_v2_final_reduction_session03_CAB_reduction_fp32_b1_r2_treatment,treatment,treatment,20260728_operand_rate_v2_final_reduction_session03_CAB_reduction_fp32_b1_r2_treatment_1785247642457,23,184394.890194807,184394.89157585701,184394.89088533202,0.0013810500095132738,5.8481774770189077,10653368186,true,true,5dff3859ad319cb37301e68cfc6fde00723e3a42110ca93adb44c05e97098167
softmax_whole_stage_atc_trace_v1,softmax_whole_stage_operand_rate_atc,softmax_whole_stage_operand_rate_atc_v2,20260728_operand_rate_v2_final_reduction_session03_CAB,reduction,fp32,20260728_operand_rate_v2_final_reduction_session03_CAB_reduction_fp32,1,2,20260728_operand_rate_v2_final_reduction_session03_CAB_reduction_fp32_b1_r2_treatment,treatment,treatment,20260728_operand_rate_v2_final_reduction_session03_CAB_reduction_fp32_b1_r2_treatment_1785247642457,24,184395.14231839799,184395.143728556,184395.14302347699,0.0014101580018177629,6.1003156219958328,10653432511,true,true,5dff3859ad319cb37301e68cfc6fde00723e3a42110ca93adb44c05e97098167
softmax_whole_stage_atc_trace_v1,softmax_whole_stage_operand_rate_atc,softmax_whole_stage_operand_rate_atc_v2,20260728_operand_rate_v2_final_reduction_session03_CAB,reduction,fp32,20260728_operand_rate_v2_final_reduction_session03_CAB_reduction_fp32,1,2,20260728_operand_rate_v2_final_reduction_session03_CAB_reduction_fp32_b1_r2_treatment,treatment,treatment,20260728_operand_rate_v2_final_reduction_session03_CAB_reduction_fp32_b1_r2_treatment_1785247642457,25,184395.39501978501,184395.396408948,184395.39571436652,0.0013891629932913929,6.3530065115191974,10653476817,true,true,5dff3859ad319cb37301e68cfc6fde00723e3a42110ca93adb44c05e97098167
softmax_whole_stage_atc_trace_v1,softmax_whole_stage_operand_rate_atc,softmax_whole_stage_operand_rate_atc_v2,20260728_operand_rate_v2_final_reduction_session03_CAB,reduction,fp32,20260728_operand_rate_v2_final_reduction_session03_CAB_reduction_fp32,1,2,20260728_operand_rate_v2_final_reduction_session03_CAB_reduction_fp32_b1_r2_treatment,treatment,treatment,20260728_operand_rate_v2_final_reduction_session03_CAB_reduction_fp32_b1_r2_treatment_1785247642457,26,184395.650096959,184395.651499003,184395.65079798101,0.0014020439994055778,6.6080901260138489,10653541818,true,true,5dff3859ad319cb37301e68cfc6fde00723e3a42110ca93adb44c05e97098167
softmax_whole_stage_atc_trace_v1,softmax_whole_stage_operand_rate_atc,softmax_whole_stage_operand_rate_atc_v2,20260728_operand_rate_v2_final_reduction_session03_CAB,reduction,fp32,20260728_operand_rate_v2_final_reduction_session03_CAB_reduction_fp32,1,2,20260728_operand_rate_v2_final_reduction_session03_CAB_reduction_fp32_b1_r2_treatment,treatment,treatment,20260728_operand_rate_v2_final_reduction_session03_CAB_reduction_fp32_b1_r2_treatment_1785247642457,27,184395.90243145,184395.90387617101,184395.9031538105,0.0014447210123762488,6.8604459555062931,10653585972,true,true,5dff3859ad319cb37301e68cfc6fde00723e3a42110ca93adb44c05e97098167
softmax_whole_stage_atc_trace_v1,softmax_whole_stage_operand_rate_atc,softmax_whole_stage_operand_rate_atc_v2,20260728_operand_rate_v2_final_reduction_session03_CAB,reduction,fp32,20260728_operand_rate_v2_final_reduction_session03_CAB_reduction_fp32,1,2,20260728_operand_rate_v2_final_reduction_session03_CAB_reduction_fp32_b1_r2_treatment,treatment,treatment,20260728_operand_rate_v2_final_reduction_session03_CAB_reduction_fp32_b1_r2_treatment_1785247642457,28,184396.15418145101,184396.15669216099,184396.155436806,0.0025107099791057408,7.112728951004101,10653650919,true,true,5dff3859ad319cb37301e68cfc6fde00723e3a42110ca93adb44c05e97098167
softmax_whole_stage_atc_trace_v1,softmax_whole_stage_operand_rate_atc,softmax_whole_stage_operand_rate_atc_v2,20260728_operand_rate_v2_final_reduction_session03_CAB,reduction,fp32,20260728_operand_rate_v2_final_reduction_session03_CAB_reduction_fp32,1,2,20260728_operand_rate_v2_final_reduction_session03_CAB_reduction_fp32_b1_r2_treatment,treatment,treatment,20260728_operand_rate_v2_final_reduction_session03_CAB_reduction_fp32_b1_r2_treatment_1785247642457,29,184396.41047643899,184396.411818589,184396.41114751401,0.0013421500043477863,7.3684396590106189,10653695543,true,true,5dff3859ad319cb37301e68cfc6fde00723e3a42110ca93adb44c05e97098167
softmax_whole_stage_atc_trace_v1,softmax_whole_stage_operand_rate_atc,softmax_whole_stage_operand_rate_atc_v2,20260728_operand_rate_v2_final_reduction_session03_CAB,reduction,fp32,20260728_operand_rate_v2_final_reduction_session03_CAB_reduction_fp32,1,2,20260728_operand_rate_v2_final_reduction_session03_CAB_reduction_fp32_b1_r2_treatment,treatment,treatment,20260728_operand_rate_v2_final_reduction_session03_CAB_reduction_fp32_b1_r2_treatment_1785247642457,30,184396.66560398301,184396.66710835899,184396.66635617102,0.0015043759776744992,7.623648316017352,10653760227,true,true,5dff3859ad319cb37301e68cfc6fde00723e3a42110ca93adb44c05e97098167
softmax_whole_stage_atc_trace_v1,softmax_whole_stage_operand_rate_atc,softmax_whole_stage_operand_rate_atc_v2,20260728_operand_rate_v2_final_reduction_session03_CAB,reduction,fp32,20260728_operand_rate_v2_final_reduction_session03_CAB_reduction_fp32,1,2,20260728_operand_rate_v2_final_reduction_session03_CAB_reduction_fp32_b1_r2_treatment,treatment,treatment,20260728_operand_rate_v2_final_reduction_session03_CAB_reduction_fp32_b1_r2_treatment_1785247642457,31,184396.91789240699,184396.91927828299,184396.91858534497,0.0013858760066796094,7.8758774899761193,10653804025,true,true,5dff3859ad319cb37301e68cfc6fde00723e3a42110ca93adb44c05e97098167
softmax_whole_stage_atc_trace_v1,softmax_whole_stage_operand_rate_atc,softmax_whole_stage_operand_rate_atc_v2,20260728_operand_rate_v2_final_reduction_session03_CAB,reduction,fp32,20260728_operand_rate_v2_final_reduction_session03_CAB_reduction_fp32,1,2,20260728_operand_rate_v2_final_reduction_session03_CAB_reduction_fp32_b1_r2_treatment,treatment,treatment,20260728_operand_rate_v2_final_reduction_session03_CAB_reduction_fp32_b1_r2_treatment_1785247642457,32,184397.173059619,184397.17443951001,184397.17374956451,0.0013798910076729953,8.1310417095082812,10653868550,true,true,5dff3859ad319cb37301e68cfc6fde00723e3a42110ca93adb44c05e97098167
softmax_whole_stage_atc_trace_v1,softmax_whole_stage_operand_rate_atc,softmax_whole_stage_operand_rate_atc_v2,20260728_operand_rate_v2_final_reduction_session03_CAB,reduction,fp32,20260728_operand_rate_v2_final_reduction_session03_CAB_reduction_fp32,1,2,20260728_operand_rate_v2_final_reduction_session03_CAB_reduction_fp32_b1_r2_treatment,treatment,treatment,20260728_operand_rate_v2_final_reduction_session03_CAB_reduction_fp32_b1_r2_treatment_1785247642457,33,184397.42503738799,184397.426380349,184397.42570886848,0.0013429610116872936,8.3830010134843178,10653912265,true,true,5dff3859ad319cb37301e68cfc6fde00723e3a42110ca93adb44c05e97098167
softmax_whole_stage_atc_trace_v1,softmax_whole_stage_operand_rate_atc,softmax_whole_stage_operand_rate_atc_v2,20260728_operand_rate_v2_final_reduction_session03_CAB,reduction,fp32,20260728_operand_rate_v2_final_reduction_session03_CAB_reduction_fp32,1,2,20260728_operand_rate_v2_final_reduction_session03_CAB_reduction_fp32_b1_r2_treatment,treatment,treatment,20260728_operand_rate_v2_final_reduction_session03_CAB_reduction_fp32_b1_r2_treatment_1785247642457,34,184397.68018106301,184397.681607014,184397.68089403852,0.0014259509916882962,8.6381861835252494,10653976697,true,true,5dff3859ad319cb37301e68cfc6fde00723e3a42110ca93adb44c05e97098167
softmax_whole_stage_atc_trace_v1,softmax_whole_stage_operand_rate_atc,softmax_whole_stage_operand_rate_atc_v2,20260728_operand_rate_v2_final_reduction_session03_CAB,reduction,fp32,20260728_operand_rate_v2_final_reduction_session03_CAB_reduction_fp32,1,2,20260728_operand_rate_v2_final_reduction_session03_CAB_reduction_fp32_b1_r2_treatment,treatment,treatment,20260728_operand_rate_v2_final_reduction_session03_CAB_reduction_fp32_b1_r2_treatment_1785247642457,35,184397.93225551801,184397.93362120501,184397.93293836151,0.0013656869996339083,8.8902305065130349,10654020309,true,true,5dff3859ad319cb37301e68cfc6fde00723e3a42110ca93adb44c05e97098167
softmax_whole_stage_atc_trace_v1,softmax_whole_stage_operand_rate_atc,softmax_whole_stage_operand_rate_atc_v2,20260728_operand_rate_v2_final_reduction_session03_CAB,reduction,fp32,20260728_operand_rate_v2_final_reduction_session03_CAB_reduction_fp32,1,2,20260728_operand_rate_v2_final_reduction_session03_CAB_reduction_fp32_b1_r2_treatment,treatment,treatment,20260728_operand_rate_v2_final_reduction_session03_CAB_reduction_fp32_b1_r2_treatment_1785247642457,36,184398.18601280899,184398.18746179101,184398.18673730001,0.0014489820168819278,9.144029445014894,10654084567,true,true,5dff3859ad319cb37301e68cfc6fde00723e3a42110ca93adb44c05e97098167
softmax_whole_stage_atc_trace_v1,softmax_whole_stage_operand_rate_atc,softmax_whole_stage_operand_rate_atc_v2,20260728_operand_rate_v2_final_reduction_session03_CAB,reduction,fp32,20260728_operand_rate_v2_final_reduction_session03_CAB_reduction_fp32,1,2,20260728_operand_rate_v2_final_reduction_session03_CAB_reduction_fp32_b1_r2_treatment,treatment,treatment,20260728_operand_rate_v2_final_reduction_session03_CAB_reduction_fp32_b1_r2_treatment_1785247642457,37,184398.44123085,184398.44264127899,184398.44193606451,0.0014104289875831455,9.3992282095132396,10654128411,true,true,5dff3859ad319cb37301e68cfc6fde00723e3a42110ca93adb44c05e97098167
softmax_whole_stage_atc_trace_v1,softmax_whole_stage_operand_rate_atc,softmax_whole_stage_operand_rate_atc_v2,20260728_operand_rate_v2_final_reduction_session03_CAB,reduction,fp32,20260728_operand_rate_v2_final_reduction_session03_CAB_reduction_fp32,1,2,20260728_operand_rate_v2_final_reduction_session03_CAB_reduction_fp32_b1_r2_treatment,treatment,treatment,20260728_operand_rate_v2_final_reduction_session03_CAB_reduction_fp32_b1_r2_treatment_1785247642457,38,184398.69645345799,184398.697884583,184398.69716902048,0.0014311250124592334,9.654461165482644,10654192357,true,true,5dff3859ad319cb37301e68cfc6fde00723e3a42110ca93adb44c05e97098167
softmax_whole_stage_atc_trace_v1,softmax_whole_stage_operand_rate_atc,softmax_whole_stage_operand_rate_atc_v2,20260728_operand_rate_v2_final_reduction_session03_CAB,reduction,fp32,20260728_operand_rate_v2_final_reduction_session03_CAB_reduction_fp32,1,2,20260728_operand_rate_v2_final_reduction_session03_CAB_reduction_fp32_b1_r2_treatment,treatment,treatment,20260728_operand_rate_v2_final_reduction_session03_CAB_reduction_fp32_b1_r2_treatment_1785247642457,39,184398.94841671799,184398.94984337999,184398.94913004898,0.0014266619982663542,9.9064221939770505,10654235569,true,true,5dff3859ad319cb37301e68cfc6fde00723e3a42110ca93adb44c05e97098167
softmax_whole_stage_atc_trace_v1,softmax_whole_stage_operand_rate_atc,softmax_whole_stage_operand_rate_atc_v2,20260728_operand_rate_v2_final_reduction_session03_CAB,reduction,fp32,20260728_operand_rate_v2_final_reduction_session03_CAB_reduction_fp32,1,2,20260728_operand_rate_v2_final_reduction_session03_CAB_reduction_fp32_b1_r2_treatment,treatment,treatment,20260728_operand_rate_v2_final_reduction_session03_CAB_reduction_fp32_b1_r2_treatment_1785247642457,40,184399.20359113399,184399.204944342,184399.20426773798,0.0013532080047298223,10.161559882981237,10654299593,true,true,5dff3859ad319cb37301e68cfc6fde00723e3a42110ca93adb44c05e97098167
softmax_whole_stage_atc_trace_v1,softmax_whole_stage_operand_rate_atc,softmax_whole_stage_operand_rate_atc_v2,20260728_operand_rate_v2_final_reduction_session03_CAB,reduction,fp32,20260728_operand_rate_v2_final_reduction_session03_CAB_reduction_fp32,1,2,20260728_operand_rate_v2_final_reduction_session03_CAB_reduction_fp32_b1_r2_treatment,treatment,treatment,20260728_operand_rate_v2_final_reduction_session03_CAB_reduction_fp32_b1_r2_treatment_1785247642457,41,184399.45605040799,184399.45738028199,184399.45671534498,0.001329874008661136,10.414007489976939,10654342883,true,true,5dff3859ad319cb37301e68cfc6fde00723e3a42110ca93adb44c05e97098167
softmax_whole_stage_atc_trace_v1,softmax_whole_stage_operand_rate_atc,softmax_whole_stage_operand_rate_atc_v2,20260728_operand_rate_v2_final_reduction_session03_CAB,reduction,fp32,20260728_operand_rate_v2_final_reduction_session03_CAB_reduction_fp32,1,2,20260728_operand_rate_v2_final_reduction_session03_CAB_reduction_fp32_b1_r2_treatment,treatment,treatment,20260728_operand_rate_v2_final_reduction_session03_CAB_reduction_fp32_b1_r2_treatment_1785247642457,42,184399.71118119801,184399.71259923599,184399.711890217,0.0014180379803292453,10.669182362005813,10654406968,true,true,5dff3859ad319cb37301e68cfc6fde00723e3a42110ca93adb44c05e97098167
softmax_whole_stage_atc_trace_v1,softmax_whole_stage_operand_rate_atc,softmax_whole_stage_operand_rate_atc_v2,20260728_operand_rate_v2_final_reduction_session03_CAB,reduction,fp32,20260728_operand_rate_v2_final_reduction_session03_CAB_reduction_fp32,1,2,20260728_operand_rate_v2_final_reduction_session03_CAB_reduction_fp32_b1_r2_treatment,treatment,treatment,20260728_operand_rate_v2_final_reduction_session03_CAB_reduction_fp32_b1_r2_treatment_1785247642457,43,184399.96292105399,184399.96428359699,184399.96360232547,0.0013625430001411587,10.920894470473286,10654450214,true,true,5dff3859ad319cb37301e68cfc6fde00723e3a42110ca93adb44c05e97098167
softmax_whole_stage_atc_trace_v1,softmax_whole_stage_operand_rate_atc,softmax_whole_stage_operand_rate_atc_v2,20260728_operand_rate_v2_final_reduction_session03_CAB,reduction,fp32,20260728_operand_rate_v2_final_reduction_session03_CAB_reduction_fp32,1,2,20260728_operand_rate_v2_final_reduction_session03_CAB_reduction_fp32_b1_r2_treatment,treatment,treatment,20260728_operand_rate_v2_final_reduction_session03_CAB_reduction_fp32_b1_r2_treatment_1785247642457,44,184400.21548685699,184400.21693583799,184400.21621134749,0.0014489809982478619,11.173503492493182,10654514546,true,true,5dff3859ad319cb37301e68cfc6fde00723e3a42110ca93adb44c05e97098167
softmax_whole_stage_atc_trace_v1,softmax_whole_stage_operand_rate_atc,softmax_whole_stage_operand_rate_atc_v2,20260728_operand_rate_v2_final_reduction_session03_CAB,reduction,fp32,20260728_operand_rate_v2_final_reduction_session03_CAB_reduction_fp32,1,2,20260728_operand_rate_v2_final_reduction_session03_CAB_reduction_fp32_b1_r2_treatment,treatment,treatment,20260728_operand_rate_v2_final_reduction_session03_CAB_reduction_fp32_b1_r2_treatment_1785247642457,45,184400.47073543601,184400.47220349201,184400.47146946401,0.0014680559979751706,11.428761609015055,10654558541,true,true,5dff3859ad319cb37301e68cfc6fde00723e3a42110ca93adb44c05e97098167
softmax_whole_stage_atc_trace_v1,softmax_whole_stage_operand_rate_atc,softmax_whole_stage_operand_rate_atc_v2,20260728_operand_rate_v2_final_reduction_session03_CAB,reduction,fp32,20260728_operand_rate_v2_final_reduction_session03_CAB_reduction_fp32,1,2,20260728_operand_rate_v2_final_reduction_session03_CAB_reduction_fp32_b1_r2_treatment,treatment,treatment,20260728_operand_rate_v2_final_reduction_session03_CAB_reduction_fp32_b1_r2_treatment_1785247642457,46,184400.725947289,184400.72733468801,184400.72664098849,0.0013873990101274103,11.683933133492246,10654622684,true,true,5dff3859ad319cb37301e68cfc6fde00723e3a42110ca93adb44c05e97098167
softmax_whole_stage_atc_trace_v1,softmax_whole_stage_operand_rate_atc,softmax_whole_stage_operand_rate_atc_v2,20260728_operand_rate_v2_final_reduction_session03_CAB,reduction,fp32,20260728_operand_rate_v2_final_reduction_session03_CAB_reduction_fp32,1,2,20260728_operand_rate_v2_final_reduction_session03_CAB_reduction_fp32_b1_r2_treatment,treatment,treatment,20260728_operand_rate_v2_final_reduction_session03_CAB_reduction_fp32_b1_r2_treatment_1785247642457,47,184400.977594517,184400.97907900799,184400.97833676249,0.001484490989241749,11.935628907493083,10654665829,true,true,5dff3859ad319cb37301e68cfc6fde00723e3a42110ca93adb44c05e97098167
softmax_whole_stage_atc_trace_v1,softmax_whole_stage_operand_rate_atc,softmax_whole_stage_operand_rate_atc_v2,20260728_operand_rate_v2_final_reduction_session03_CAB,reduction,fp32,20260728_operand_rate_v2_final_reduction_session03_CAB_reduction_fp32,1,2,20260728_operand_rate_v2_final_reduction_session03_CAB_reduction_fp32_b1_r2_treatment,treatment,treatment,20260728_operand_rate_v2_final_reduction_session03_CAB_reduction_fp32_b1_r2_treatment_1785247642457,48,184401.23289554901,184401.23429410701,184401.23359482799,0.0013985580008011311,12.190886972995941,10654729870,true,true,5dff3859ad319cb37301e68cfc6fde00723e3a42110ca93adb44c05e97098167
softmax_whole_stage_atc_trace_v1,softmax_whole_stage_operand_rate_atc,softmax_whole_stage_operand_rate_atc_v2,20260728_operand_rate_v2_final_reduction_session03_CAB,reduction,fp32,20260728_operand_rate_v2_final_reduction_session03_CAB_reduction_fp32,1,2,20260728_operand_rate_v2_final_reduction_session03_CAB_reduction_fp32_b1_r2_treatment,treatment,treatment,20260728_operand_rate_v2_final_reduction_session03_CAB_reduction_fp32_b1_r2_treatment_1785247642457,49,184401.484397188,184401.48577789101,184401.48508753951,0.0013807030045427382,12.442379684507614,10654772955,true,true,5dff3859ad319cb37301e68cfc6fde00723e3a42110ca93adb44c05e97098167
softmax_whole_stage_atc_trace_v1,softmax_whole_stage_operand_rate_atc,softmax_whole_stage_operand_rate_atc_v2,20260728_operand_rate_v2_final_reduction_session03_CAB,reduction,fp32,20260728_operand_rate_v2_final_reduction_session03_CAB_reduction_fp32,1,2,20260728_operand_rate_v2_final_reduction_session03_CAB_reduction_fp32_b1_r2_treatment,treatment,treatment,20260728_operand_rate_v2_final_reduction_session03_CAB_reduction_fp32_b1_r2_treatment_1785247642457,50,184401.73609433201,184401.73752353,184401.73680893099,0.0014291979896370322,12.694101075991057,10654836940,true,true,5dff3859ad319cb37301e68cfc6fde00723e3a42110ca93adb44c05e97098167
softmax_whole_stage_atc_trace_v1,softmax_whole_stage_operand_rate_atc,softmax_whole_stage_operand_rate_atc_v2,20260728_operand_rate_v2_final_reduction_session03_CAB,reduction,fp32,20260728_operand_rate_v2_final_reduction_session03_CAB_reduction_fp32,1,2,20260728_operand_rate_v2_final_reduction_session03_CAB_reduction_fp32_b1_r2_treatment,treatment,treatment,20260728_operand_rate_v2_final_reduction_session03_CAB_reduction_fp32_b1_r2_treatment_1785247642457,51,184401.99141423401,184401.99287670999,184401.992145472,0.001462475978769362,12.949437617004151,10654880857,true,true,5dff3859ad319cb37301e68cfc6fde00723e3a42110ca93adb44c05e97098167
softmax_whole_stage_atc_trace_v1,softmax_whole_stage_operand_rate_atc,softmax_whole_stage_operand_rate_atc_v2,20260728_operand_rate_v2_final_reduction_session03_CAB,reduction,fp32,20260728_operand_rate_v2_final_reduction_session03_CAB_reduction_fp32,1,2,20260728_operand_rate_v2_final_reduction_session03_CAB_reduction_fp32_b1_r2_treatment,treatment,treatment,20260728_operand_rate_v2_final_reduction_session03_CAB_reduction_fp32_b1_r2_treatment_1785247642457,52,184402.24659768,184402.24798700601,184402.247292343,0.0013893260038457811,13.204584488004912,10654944810,true,false,5dff3859ad319cb37301e68cfc6fde00723e3a42110ca93adb44c05e97098167
softmax_whole_stage_atc_trace_v1,softmax_whole_stage_operand_rate_atc,softmax_whole_stage_operand_rate_atc_v2,20260728_operand_rate_v2_final_reduction_session03_CAB,reduction,fp32,20260728_operand_rate_v2_final_reduction_session03_CAB_reduction_fp32,1,2,20260728_operand_rate_v2_final_reduction_session03_CAB_reduction_fp32_b1_r2_treatment,treatment,treatment,20260728_operand_rate_v2_final_reduction_session03_CAB_reduction_fp32_b1_r2_treatment_1785247642457,53,184402.49959354999,184402.50097678899,184402.50028516949,0.0013832389959134161,13.457577314489754,10654983290,true,false,5dff3859ad319cb37301e68cfc6fde00723e3a42110ca93adb44c05e97098167
softmax_whole_stage_atc_trace_v1,softmax_whole_stage_operand_rate_atc,softmax_whole_stage_operand_rate_atc_v2,20260728_operand_rate_v2_final_reduction_session03_CAB,reduction,fp32,20260728_operand_rate_v2_final_reduction_session03_CAB_reduction_fp32,1,2,20260728_operand_rate_v2_final_reduction_session03_CAB_reduction_fp32_b1_r2_treatment,treatment,treatment,20260728_operand_rate_v2_final_reduction_session03_CAB_reduction_fp32_b1_r2_treatment_1785247642457,54,184402.75473600801,184402.756107275,184402.75542164152,0.0013712669897358865,13.71271378651727,10655026518,true,false,5dff3859ad319cb37301e68cfc6fde00723e3a42110ca93adb44c05e97098167
softmax_whole_stage_atc_trace_v1,softmax_whole_stage_operand_rate_atc,softmax_whole_stage_operand_rate_atc_v2,20260728_operand_rate_v2_final_reduction_session03_CAB,reduction,fp32,20260728_operand_rate_v2_final_reduction_session03_CAB_reduction_fp32,1,2,20260728_operand_rate_v2_final_reduction_session03_CAB_reduction_fp32_b1_r2_treatment,treatment,treatment,20260728_operand_rate_v2_final_reduction_session03_CAB_reduction_fp32_b1_r2_treatment_1785247642457,55,184402.75611265199,184402.757312359,184402.75671250548,0.0011997070105280727,13.714004650479183,10655026518,false,false,5dff3859ad319cb37301e68cfc6fde00723e3a42110ca93adb44c05e97098167
softmax_whole_stage_atc_trace_v1,softmax_whole_stage_operand_rate_atc,softmax_whole_stage_operand_rate_atc_v2,20260728_operand_rate_v2_final_reduction_session03_CAB,reduction,fp16_scalar,20260728_operand_rate_v2_final_reduction_session03_CAB_reduction_fp16_scalar,0,0,20260728_operand_rate_v2_final_reduction_session03_CAB_reduction_fp16_scalar_b0_r0_control,control,control,20260728_operand_rate_v2_final_reduction_session03_CAB_reduction_fp16_scalar_b0_r0_control_1785247657211,0,184403.779639899,184403.78417321801,184403.78190655849,0.004533319006441161,0.0023343304928857833,10655159404,false,false,5dff3859ad319cb37301e68cfc6fde00723e3a42110ca93adb44c05e97098167
softmax_whole_stage_atc_trace_v1,softmax_whole_stage_operand_rate_atc,softmax_whole_stage_operand_rate_atc_v2,20260728_operand_rate_v2_final_reduction_session03_CAB,reduction,fp16_scalar,20260728_operand_rate_v2_final_reduction_session03_CAB_reduction_fp16_scalar,0,0,20260728_operand_rate_v2_final_reduction_session03_CAB_reduction_fp16_scalar_b0_r0_control,control,control,20260728_operand_rate_v2_final_reduction_session03_CAB_reduction_fp16_scalar_b0_r0_control_1785247657211,1,184404.036588049,184404.03834479701,184404.037466423,0.0017567480099387467,0.25789419500506483,10655194655,true,false,5dff3859ad319cb37301e68cfc6fde00723e3a42110ca93adb44c05e97098167
softmax_whole_stage_atc_trace_v1,softmax_whole_stage_operand_rate_atc,softmax_whole_stage_operand_rate_atc_v2,20260728_operand_rate_v2_final_reduction_session03_CAB,reduction,fp16_scalar,20260728_operand_rate_v2_final_reduction_session03_CAB_reduction_fp16_scalar,0,0,20260728_operand_rate_v2_final_reduction_session03_CAB_reduction_fp16_scalar_b0_r0_control,control,control,20260728_operand_rate_v2_final_reduction_session03_CAB_reduction_fp16_scalar_b0_r0_control_1785247657211,2,184404.29040709499,184404.29178970199,184404.29109839851,0.0013826070062350482,0.51152617050684057,10655255671,true,false,5dff3859ad319cb37301e68cfc6fde00723e3a42110ca93adb44c05e97098167
softmax_whole_stage_atc_trace_v1,softmax_whole_stage_operand_rate_atc,softmax_whole_stage_operand_rate_atc_v2,20260728_operand_rate_v2_final_reduction_session03_CAB,reduction,fp16_scalar,20260728_operand_rate_v2_final_reduction_session03_CAB_reduction_fp16_scalar,0,0,20260728_operand_rate_v2_final_reduction_session03_CAB_reduction_fp16_scalar_b0_r0_control,control,control,20260728_operand_rate_v2_final_reduction_session03_CAB_reduction_fp16_scalar_b0_r0_control_1785247657211,3,184404.54426368701,184404.545800739,184404.54503221301,0.0015370519831776619,0.76545998500660062,10655297530,true,true,5dff3859ad319cb37301e68cfc6fde00723e3a42110ca93adb44c05e97098167
softmax_whole_stage_atc_trace_v1,softmax_whole_stage_operand_rate_atc,softmax_whole_stage_operand_rate_atc_v2,20260728_operand_rate_v2_final_reduction_session03_CAB,reduction,fp16_scalar,20260728_operand_rate_v2_final_reduction_session03_CAB_reduction_fp16_scalar,0,0,20260728_operand_rate_v2_final_reduction_session03_CAB_reduction_fp16_scalar_b0_r0_control,control,control,20260728_operand_rate_v2_final_reduction_session03_CAB_reduction_fp16_scalar_b0_r0_control_1785247657211,4,184404.796095331,184404.798417602,184404.7972564665,0.0023222710005939007,1.0176842384971678,10655358676,true,true,5dff3859ad319cb37301e68cfc6fde00723e3a42110ca93adb44c05e97098167
softmax_whole_stage_atc_trace_v1,softmax_whole_stage_operand_rate_atc,softmax_whole_stage_operand_rate_atc_v2,20260728_operand_rate_v2_final_reduction_session03_CAB,reduction,fp16_scalar,20260728_operand_rate_v2_final_reduction_session03_CAB_reduction_fp16_scalar,0,0,20260728_operand_rate_v2_final_reduction_session03_CAB_reduction_fp16_scalar_b0_r0_control,control,control,20260728_operand_rate_v2_final_reduction_session03_CAB_reduction_fp16_scalar_b0_r0_control_1785247657211,5,184405.05094526801,184405.052713888,184405.05182957801,0.0017686199862509966,1.2722573500068393,10655400751,true,true,5dff3859ad319cb37301e68cfc6fde00723e3a42110ca93adb44c05e97098167
softmax_whole_stage_atc_trace_v1,softmax_whole_stage_operand_rate_atc,softmax_whole_stage_operand_rate_atc_v2,20260728_operand_rate_v2_final_reduction_session03_CAB,reduction,fp16_scalar,20260728_operand_rate_v2_final_reduction_session03_CAB_reduction_fp16_scalar,0,0,20260728_operand_rate_v2_final_reduction_session03_CAB_reduction_fp16_scalar_b0_r0_control,control,control,20260728_operand_rate_v2_final_reduction_session03_CAB_reduction_fp16_scalar_b0_r0_control_1785247657211,6,184405.30524256901,184405.30663887499,184405.305940722,0.0013963059755042195,1.526368494000053,10655461968,true,true,5dff3859ad319cb37301e68cfc6fde00723e3a42110ca93adb44c05e97098167
softmax_whole_stage_atc_trace_v1,softmax_whole_stage_operand_rate_atc,softmax_whole_stage_operand_rate_atc_v2,20260728_operand_rate_v2_final_reduction_session03_CAB,reduction,fp16_scalar,20260728_operand_rate_v2_final_reduction_session03_CAB_reduction_fp16_scalar,0,0,20260728_operand_rate_v2_final_reduction_session03_CAB_reduction_fp16_scalar_b0_r0_control,control,control,20260728_operand_rate_v2_final_reduction_session03_CAB_reduction_fp16_scalar_b0_r0_control_1785247657211,7,184405.55693285799,184405.55837797301,184405.5576554155,0.0014451150200329721,1.7780831874988507,10655503801,true,true,5dff3859ad319cb37301e68cfc6fde00723e3a42110ca93adb44c05e97098167
softmax_whole_stage_atc_trace_v1,softmax_whole_stage_operand_rate_atc,softmax_whole_stage_operand_rate_atc_v2,20260728_operand_rate_v2_final_reduction_session03_CAB,reduction,fp16_scalar,20260728_operand_rate_v2_final_reduction_session03_CAB_reduction_fp16_scalar,0,0,20260728_operand_rate_v2_final_reduction_session03_CAB_reduction_fp16_scalar_b0_r0_control,control,control,20260728_operand_rate_v2_final_reduction_session03_CAB_reduction_fp16_scalar_b0_r0_control_1785247657211,8,184405.810977991,184405.81278598399,184405.81188198749,0.001807992986869067,2.032309759495547,10655565361,true,true,5dff3859ad319cb37301e68cfc6fde00723e3a42110ca93adb44c05e97098167
softmax_whole_stage_atc_trace_v1,softmax_whole_stage_operand_rate_atc,softmax_whole_stage_operand_rate_atc_v2,20260728_operand_rate_v2_final_reduction_session03_CAB,reduction,fp16_scalar,20260728_operand_rate_v2_final_reduction_session03_CAB_reduction_fp16_scalar,0,0,20260728_operand_rate_v2_final_reduction_session03_CAB_reduction_fp16_scalar_b0_r0_control,control,control,20260728_operand_rate_v2_final_reduction_session03_CAB_reduction_fp16_scalar_b0_r0_control_1785247657211,9,184406.06493392799,184406.066762317,184406.0658481225,0.0018283890094608068,2.2862758944975212,10655607419,true,true,5dff3859ad319cb37301e68cfc6fde00723e3a42110ca93adb44c05e97098167
softmax_whole_stage_atc_trace_v1,softmax_whole_stage_operand_rate_atc,softmax_whole_stage_operand_rate_atc_v2,20260728_operand_rate_v2_final_reduction_session03_CAB,reduction,fp16_scalar,20260728_operand_rate_v2_final_reduction_session03_CAB_reduction_fp16_scalar,0,0,20260728_operand_rate_v2_final_reduction_session03_CAB_reduction_fp16_scalar_b0_r0_control,control,control,20260728_operand_rate_v2_final_reduction_session03_CAB_reduction_fp16_scalar_b0_r0_control_1785247657211,10,184406.31944057299,184406.320771934,184406.32010625349,0.0013313610106706619,2.5405340254947077,10655668782,true,true,5dff3859ad319cb37301e68cfc6fde00723e3a42110ca93adb44c05e97098167
softmax_whole_stage_atc_trace_v1,softmax_whole_stage_operand_rate_atc,softmax_whole_stage_operand_rate_atc_v2,20260728_operand_rate_v2_final_reduction_session03_CAB,reduction,fp16_scalar,20260728_operand_rate_v2_final_reduction_session03_CAB_reduction_fp16_scalar,0,0,20260728_operand_rate_v2_final_reduction_session03_CAB_reduction_fp16_scalar_b0_r0_control,control,control,20260728_operand_rate_v2_final_reduction_session03_CAB_reduction_fp16_scalar_b0_r0_control_1785247657211,11,184406.570963426,184406.57238276699,184406.57167309651,0.0014193409879226238,2.7921008685079869,10655710611,true,true,5dff3859ad319cb37301e68cfc6fde00723e3a42110ca93adb44c05e97098167
softmax_whole_stage_atc_trace_v1,softmax_whole_stage_operand_rate_atc,softmax_whole_stage_operand_rate_atc_v2,20260728_operand_rate_v2_final_reduction_session03_CAB,reduction,fp16_scalar,20260728_operand_rate_v2_final_reduction_session03_CAB_reduction_fp16_scalar,0,0,20260728_operand_rate_v2_final_reduction_session03_CAB_reduction_fp16_scalar_b0_r0_control,control,control,20260728_operand_rate_v2_final_reduction_session03_CAB_reduction_fp16_scalar_b0_r0_control_1785247657211,12,184406.82301263401,184406.827437381,184406.82522500749,0.0044247469922993332,3.0456527794885915,10655772206,true,true,5dff3859ad319cb37301e68cfc6fde00723e3a42110ca93adb44c05e97098167
softmax_whole_stage_atc_trace_v1,softmax_whole_stage_operand_rate_atc,softmax_whole_stage_operand_rate_atc_v2,20260728_operand_rate_v2_final_reduction_session03_CAB,reduction,fp16_scalar,20260728_operand_rate_v2_final_reduction_session03_CAB_reduction_fp16_scalar,0,0,20260728_operand_rate_v2_final_reduction_session03_CAB_reduction_fp16_scalar_b0_r0_control,control,control,20260728_operand_rate_v2_final_reduction_session03_CAB_reduction_fp16_scalar_b0_r0_control_1785247657211,13,184407.08022056299,184407.081852495,184407.08103652898,0.001631932012969628,3.3014643009810243,10655814236,true,true,5dff3859ad319cb37301e68cfc6fde00723e3a42110ca93adb44c05e97098167
softmax_whole_stage_atc_trace_v1,softmax_whole_stage_operand_rate_atc,softmax_whole_stage_operand_rate_atc_v2,20260728_operand_rate_v2_final_reduction_session03_CAB,reduction,fp16_scalar,20260728_operand_rate_v2_final_reduction_session03_CAB_reduction_fp16_scalar,0,0,20260728_operand_rate_v2_final_reduction_session03_CAB_reduction_fp16_scalar_b0_r0_control,control,control,20260728_operand_rate_v2_final_reduction_session03_CAB_reduction_fp16_scalar_b0_r0_control_1785247657211,14,184407.334668859,184407.33610230501,184407.335385582,0.0014334460138343275,3.555813354003476,10655875412,true,true,5dff3859ad319cb37301e68cfc6fde00723e3a42110ca93adb44c05e97098167
softmax_whole_stage_atc_trace_v1,softmax_whole_stage_operand_rate_atc,softmax_whole_stage_operand_rate_atc_v2,20260728_operand_rate_v2_final_reduction_session03_CAB,reduction,fp16_scalar,20260728_operand_rate_v2_final_reduction_session03_CAB_reduction_fp16_scalar,0,0,20260728_operand_rate_v2_final_reduction_session03_CAB_reduction_fp16_scalar_b0_r0_control,control,control,20260728_operand_rate_v2_final_reduction_session03_CAB_reduction_fp16_scalar_b0_r0_control_1785247657211,15,184407.58660116699,184407.58826557201,184407.58743336948,0.001664405019255355,3.8078611414821353,10655917155,true,true,5dff3859ad319cb37301e68cfc6fde00723e3a42110ca93adb44c05e97098167
softmax_whole_stage_atc_trace_v1,softmax_whole_stage_operand_rate_atc,softmax_whole_stage_operand_rate_atc_v2,20260728_operand_rate_v2_final_reduction_session03_CAB,reduction,fp16_scalar,20260728_operand_rate_v2_final_reduction_session03_CAB_reduction_fp16_scalar,0,0,20260728_operand_rate_v2_final_reduction_session03_CAB_reduction_fp16_scalar_b0_r0_control,control,control,20260728_operand_rate_v2_final_reduction_session03_CAB_reduction_fp16_scalar_b0_r0_control_1785247657211,16,184407.84115276599,184407.84248788201,184407.84182032401,0.0013351160159800202,4.0622480960155372,10655978619,true,true,5dff3859ad319cb37301e68cfc6fde00723e3a42110ca93adb44c05e97098167
softmax_whole_stage_atc_trace_v1,softmax_whole_stage_operand_rate_atc,softmax_whole_stage_operand_rate_atc_v2,20260728_operand_rate_v2_final_reduction_session03_CAB,reduction,fp16_scalar,20260728_operand_rate_v2_final_reduction_session03_CAB_reduction_fp16_scalar,0,0,20260728_operand_rate_v2_final_reduction_session03_CAB_reduction_fp16_scalar_b0_r0_control,control,control,20260728_operand_rate_v2_final_reduction_session03_CAB_reduction_fp16_scalar_b0_r0_control_1785247657211,17,184408.09541891399,184408.09686037601,184408.096139645,0.0014414620236493647,4.3165674170013517,10656020526,true,true,5dff3859ad319cb37301e68cfc6fde00723e3a42110ca93adb44c05e97098167
softmax_whole_stage_atc_trace_v1,softmax_whole_stage_operand_rate_atc,softmax_whole_stage_operand_rate_atc_v2,20260728_operand_rate_v2_final_reduction_session03_CAB,reduction,fp16_scalar,20260728_operand_rate_v2_final_reduction_session03_CAB_reduction_fp16_scalar,0,0,20260728_operand_rate_v2_final_reduction_session03_CAB_reduction_fp16_scalar_b0_r0_control,control,control,20260728_operand_rate_v2_final_reduction_session03_CAB_reduction_fp16_scalar_b0_r0_control_1785247657211,18,184408.34977618701,184408.35193914099,184408.35085766402,0.0021629539842251688,4.5712854360172059,10656081653,true,true,5dff3859ad319cb37301e68cfc6fde00723e3a42110ca93adb44c05e97098167
softmax_whole_stage_atc_trace_v1,softmax_whole_stage_operand_rate_atc,softmax_whole_stage_operand_rate_atc_v2,20260728_operand_rate_v2_final_reduction_session03_CAB,reduction,fp16_scalar,20260728_operand_rate_v2_final_reduction_session03_CAB_reduction_fp16_scalar,0,0,20260728_operand_rate_v2_final_reduction_session03_CAB_reduction_fp16_scalar_b0_r0_control,control,control,20260728_operand_rate_v2_final_reduction_session03_CAB_reduction_fp16_scalar_b0_r0_control_1785247657211,19,184408.604975708,184408.606391801,184408.60568375449,0.0014160930004436523,4.826111526490422,10656123236,true,true,5dff3859ad319cb37301e68cfc6fde00723e3a42110ca93adb44c05e97098167
softmax_whole_stage_atc_trace_v1,softmax_whole_stage_operand_rate_atc,softmax_whole_stage_operand_rate_atc_v2,20260728_operand_rate_v2_final_reduction_session03_CAB,reduction,fp16_scalar,20260728_operand_rate_v2_final_reduction_session03_CAB_reduction_fp16_scalar,0,0,20260728_operand_rate_v2_final_reduction_session03_CAB_reduction_fp16_scalar_b0_r0_control,control,control,20260728_operand_rate_v2_final_reduction_session03_CAB_reduction_fp16_scalar_b0_r0_control_1785247657211,20,184408.85762250601,184408.860269703,184408.8589461045,0.0026471969904378057,5.079373876505997,10656183911,true,true,5dff3859ad319cb37301e68cfc6fde00723e3a42110ca93adb44c05e97098167
softmax_whole_stage_atc_trace_v1,softmax_whole_stage_operand_rate_atc,softmax_whole_stage_operand_rate_atc_v2,20260728_operand_rate_v2_final_reduction_session03_CAB,reduction,fp16_scalar,20260728_operand_rate_v2_final_reduction_session03_CAB_reduction_fp16_scalar,0,0,20260728_operand_rate_v2_final_reduction_session03_CAB_reduction_fp16_scalar_b0_r0_control,control,control,20260728_operand_rate_v2_final_reduction_session03_CAB_reduction_fp16_scalar_b0_r0_control_1785247657211,21,184409.11340683201,184409.11483195701,184409.11411939451,0.0014251249958761036,5.3345471665088553,10656246715,true,true,5dff3859ad319cb37301e68cfc6fde00723e3a42110ca93adb44c05e97098167
softmax_whole_stage_atc_trace_v1,softmax_whole_stage_operand_rate_atc,softmax_whole_stage_operand_rate_atc_v2,20260728_operand_rate_v2_final_reduction_session03_CAB,reduction,fp16_scalar,20260728_operand_rate_v2_final_reduction_session03_CAB_reduction_fp16_scalar,0,0,20260728_operand_rate_v2_final_reduction_session03_CAB_reduction_fp16_scalar_b0_r0_control,control,control,20260728_operand_rate_v2_final_reduction_session03_CAB_reduction_fp16_scalar_b0_r0_control_1785247657211,22,184409.36804265599,184409.369422116,184409.36873238598,0.0013794600090477616,5.5891601579787675,10656289495,true,true,5dff3859ad319cb37301e68cfc6fde00723e3a42110ca93adb44c05e97098167
softmax_whole_stage_atc_trace_v1,softmax_whole_stage_operand_rate_atc,softmax_whole_stage_operand_rate_atc_v2,20260728_operand_rate_v2_final_reduction_session03_CAB,reduction,fp16_scalar,20260728_operand_rate_v2_final_reduction_session03_CAB_reduction_fp16_scalar,0,0,20260728_operand_rate_v2_final_reduction_session03_CAB_reduction_fp16_scalar_b0_r0_control,control,control,20260728_operand_rate_v2_final_reduction_session03_CAB_reduction_fp16_scalar_b0_r0_control_1785247657211,23,184409.619621016,184409.62108378901,184409.6203524025,0.0014627730124630034,5.8407801745051984,10656351784,true,true,5dff3859ad319cb37301e68cfc6fde00723e3a42110ca93adb44c05e97098167
softmax_whole_stage_atc_trace_v1,softmax_whole_stage_operand_rate_atc,softmax_whole_stage_operand_rate_atc_v2,20260728_operand_rate_v2_final_reduction_session03_CAB,reduction,fp16_scalar,20260728_operand_rate_v2_final_reduction_session03_CAB_reduction_fp16_scalar,0,0,20260728_operand_rate_v2_final_reduction_session03_CAB_reduction_fp16_scalar_b0_r0_control,control,control,20260728_operand_rate_v2_final_reduction_session03_CAB_reduction_fp16_scalar_b0_r0_control_1785247657211,24,184409.874315188,184409.87573696501,184409.87502607651,0.0014217770076356828,6.0954538485093508,10656394655,true,true,5dff3859ad319cb37301e68cfc6fde00723e3a42110ca93adb44c05e97098167
softmax_whole_stage_atc_trace_v1,softmax_whole_stage_operand_rate_atc,softmax_whole_stage_operand_rate_atc_v2,20260728_operand_rate_v2_final_reduction_session03_CAB,reduction,fp16_scalar,20260728_operand_rate_v2_final_reduction_session03_CAB_reduction_fp16_scalar,0,0,20260728_operand_rate_v2_final_reduction_session03_CAB_reduction_fp16_scalar_b0_r0_control,control,control,20260728_operand_rate_v2_final_reduction_session03_CAB_reduction_fp16_scalar_b0_r0_control_1785247657211,25,184410.12904711001,184410.134890791,184410.1319689505,0.00584368099225685,6.3523967225046363,10656457072,true,true,5dff3859ad319cb37301e68cfc6fde00723e3a42110ca93adb44c05e97098167
softmax_whole_stage_atc_trace_v1,softmax_whole_stage_operand_rate_atc,softmax_whole_stage_operand_rate_atc_v2,20260728_operand_rate_v2_final_reduction_session03_CAB,reduction,fp16_scalar,20260728_operand_rate_v2_final_reduction_session03_CAB_reduction_fp16_scalar,0,0,20260728_operand_rate_v2_final_reduction_session03_CAB_reduction_fp16_scalar_b0_r0_control,control,control,20260728_operand_rate_v2_final_reduction_session03_CAB_reduction_fp16_scalar_b0_r0_control_1785247657211,26,184410.38836339899,184410.38980384599,184410.38908362249,0.0014404469984583557,6.609511394490255,10656499001,true,true,5dff3859ad319cb37301e68cfc6fde00723e3a42110ca93adb44c05e97098167
softmax_whole_stage_atc_trace_v1,softmax_whole_stage_operand_rate_atc,softmax_whole_stage_operand_rate_atc_v2,20260728_operand_rate_v2_final_reduction_session03_CAB,reduction,fp16_scalar,20260728_operand_rate_v2_final_reduction_session03_CAB_reduction_fp16_scalar,0,0,20260728_operand_rate_v2_final_reduction_session03_CAB_reduction_fp16_scalar_b0_r0_control,control,control,20260728_operand_rate_v2_final_reduction_session03_CAB_reduction_fp16_scalar_b0_r0_control_1785247657211,27,184410.64251985101,184410.64379601,184410.64315793052,0.0012761589896399528,6.8635857025219593,10656559966,true,true,5dff3859ad319cb37301e68cfc6fde00723e3a42110ca93adb44c05e97098167
softmax_whole_stage_atc_trace_v1,softmax_whole_stage_operand_rate_atc,softmax_whole_stage_operand_rate_atc_v2,20260728_operand_rate_v2_final_reduction_session03_CAB,reduction,fp16_scalar,20260728_operand_rate_v2_final_reduction_session03_CAB_reduction_fp16_scalar,0,0,20260728_operand_rate_v2_final_reduction_session03_CAB_reduction_fp16_scalar_b0_r0_control,control,control,20260728_operand_rate_v2_final_reduction_session03_CAB_reduction_fp16_scalar_b0_r0_control_1785247657211,28,184410.895562202,184410.89698468801,184410.89627344499,0.0014224860060494393,7.1167012169898953,10656601479,true,true,5dff3859ad319cb37301e68cfc6fde00723e3a42110ca93adb44c05e97098167
softmax_whole_stage_atc_trace_v1,softmax_whole_stage_operand_rate_atc,softmax_whole_stage_operand_rate_atc_v2,20260728_operand_rate_v2_final_reduction_session03_CAB,reduction,fp16_scalar,20260728_operand_rate_v2_final_reduction_session03_CAB_reduction_fp16_scalar,0,0,20260728_operand_rate_v2_final_reduction_session03_CAB_reduction_fp16_scalar_b0_r0_control,control,control,20260728_operand_rate_v2_final_reduction_session03_CAB_reduction_fp16_scalar_b0_r0_control_1785247657211,29,184411.15056628099,184411.15197537199,184411.15127082649,0.0014090909971855581,7.3716985984938219,10656662493,true,false,5dff3859ad319cb37301e68cfc6fde00723e3a42110ca93adb44c05e97098167
softmax_whole_stage_atc_trace_v1,softmax_whole_stage_operand_rate_atc,softmax_whole_stage_operand_rate_atc_v2,20260728_operand_rate_v2_final_reduction_session03_CAB,reduction,fp16_scalar,20260728_operand_rate_v2_final_reduction_session03_CAB_reduction_fp16_scalar,0,0,20260728_operand_rate_v2_final_reduction_session03_CAB_reduction_fp16_scalar_b0_r0_control,control,control,20260728_operand_rate_v2_final_reduction_session03_CAB_reduction_fp16_scalar_b0_r0_control_1785247657211,30,184411.405642306,184411.40705261499,184411.40634746049,0.0014103089924901724,7.6267752324929461,10656703882,true,false,5dff3859ad319cb37301e68cfc6fde00723e3a42110ca93adb44c05e97098167
softmax_whole_stage_atc_trace_v1,softmax_whole_stage_operand_rate_atc,softmax_whole_stage_operand_rate_atc_v2,20260728_operand_rate_v2_final_reduction_session03_CAB,reduction,fp16_scalar,20260728_operand_rate_v2_final_reduction_session03_CAB_reduction_fp16_scalar,0,0,20260728_operand_rate_v2_final_reduction_session03_CAB_reduction_fp16_scalar_b0_r0_control,control,control,20260728_operand_rate_v2_final_reduction_session03_CAB_reduction_fp16_scalar_b0_r0_control_1785247657211,31,184411.66084619099,184411.66249090899,184411.66166854999,0.0016447179950773716,7.882096321991412,10656761480,true,false,5dff3859ad319cb37301e68cfc6fde00723e3a42110ca93adb44c05e97098167
softmax_whole_stage_atc_trace_v1,softmax_whole_stage_operand_rate_atc,softmax_whole_stage_operand_rate_atc_v2,20260728_operand_rate_v2_final_reduction_session03_CAB,reduction,fp16_scalar,20260728_operand_rate_v2_final_reduction_session03_CAB_reduction_fp16_scalar,0,0,20260728_operand_rate_v2_final_reduction_session03_CAB_reduction_fp16_scalar_b0_r0_control,control,control,20260728_operand_rate_v2_final_reduction_session03_CAB_reduction_fp16_scalar_b0_r0_control_1785247657211,32,184411.66250136099,184411.66389178101,184411.663196571,0.0013904200168326497,7.8836243429977912,10656761480,false,false,5dff3859ad319cb37301e68cfc6fde00723e3a42110ca93adb44c05e97098167
softmax_whole_stage_atc_trace_v1,softmax_whole_stage_operand_rate_atc,softmax_whole_stage_operand_rate_atc_v2,20260728_operand_rate_v2_final_reduction_session03_CAB,reduction,fp16_scalar,20260728_operand_rate_v2_final_reduction_session03_CAB_reduction_fp16_scalar,0,1,20260728_operand_rate_v2_final_reduction_session03_CAB_reduction_fp16_scalar_b0_r1_treatment,treatment,treatment,20260728_operand_rate_v2_final_reduction_session03_CAB_reduction_fp16_scalar_b0_r1_treatment_1785247665437,0,184412.698097221,184412.69938721499,184412.698742218,0.0012899939902126789,0.00067552499240264297,10656895843,false,false,5dff3859ad319cb37301e68cfc6fde00723e3a42110ca93adb44c05e97098167
softmax_whole_stage_atc_trace_v1,softmax_whole_stage_operand_rate_atc,softmax_whole_stage_operand_rate_atc_v2,20260728_operand_rate_v2_final_reduction_session03_CAB,reduction,fp16_scalar,20260728_operand_rate_v2_final_reduction_session03_CAB_reduction_fp16_scalar,0,1,20260728_operand_rate_v2_final_reduction_session03_CAB_reduction_fp16_scalar_b0_r1_treatment,treatment,treatment,20260728_operand_rate_v2_final_reduction_session03_CAB_reduction_fp16_scalar_b0_r1_treatment_1785247665437,1,184412.95309062401,184412.954472101,184412.95378136251,0.0013814769918099046,0.25571466950350441,10656931097,true,false,5dff3859ad319cb37301e68cfc6fde00723e3a42110ca93adb44c05e97098167
softmax_whole_stage_atc_trace_v1,softmax_whole_stage_operand_rate_atc,softmax_whole_stage_operand_rate_atc_v2,20260728_operand_rate_v2_final_reduction_session03_CAB,reduction,fp16_scalar,20260728_operand_rate_v2_final_reduction_session03_CAB_reduction_fp16_scalar,0,1,20260728_operand_rate_v2_final_reduction_session03_CAB_reduction_fp16_scalar_b0_r1_treatment,treatment,treatment,20260728_operand_rate_v2_final_reduction_session03_CAB_reduction_fp16_scalar_b0_r1_treatment_1785247665437,2,184413.20813849001,184413.20958325599,184413.20886087301,0.0014447659777943045,0.5107941800088156,10656990216,true,false,5dff3859ad319cb37301e68cfc6fde00723e3a42110ca93adb44c05e97098167
softmax_whole_stage_atc_trace_v1,softmax_whole_stage_operand_rate_atc,softmax_whole_stage_operand_rate_atc_v2,20260728_operand_rate_v2_final_reduction_session03_CAB,reduction,fp16_scalar,20260728_operand_rate_v2_final_reduction_session03_CAB_reduction_fp16_scalar,0,1,20260728_operand_rate_v2_final_reduction_session03_CAB_reduction_fp16_scalar_b0_r1_treatment,treatment,treatment,20260728_operand_rate_v2_final_reduction_session03_CAB_reduction_fp16_scalar_b0_r1_treatment_1785247665437,3,184413.463247515,184413.46463812,184413.4639428175,0.0013906050007790327,0.76587612449657172,10657027051,true,true,5dff3859ad319cb37301e68cfc6fde00723e3a42110ca93adb44c05e97098167
softmax_whole_stage_atc_trace_v1,softmax_whole_stage_operand_rate_atc,softmax_whole_stage_operand_rate_atc_v2,20260728_operand_rate_v2_final_reduction_session03_CAB,reduction,fp16_scalar,20260728_operand_rate_v2_final_reduction_session03_CAB_reduction_fp16_scalar,0,1,20260728_operand_rate_v2_final_reduction_session03_CAB_reduction_fp16_scalar_b0_r1_treatment,treatment,treatment,20260728_operand_rate_v2_final_reduction_session03_CAB_reduction_fp16_scalar_b0_r1_treatment_1785247665437,4,184413.71768491899,184413.71901243899,184413.71834867899,0.001327520003542304,1.0202819859841838,10657085614,true,true,5dff3859ad319cb37301e68cfc6fde00723e3a42110ca93adb44c05e97098167
softmax_whole_stage_atc_trace_v1,softmax_whole_stage_operand_rate_atc,softmax_whole_stage_operand_rate_atc_v2,20260728_operand_rate_v2_final_reduction_session03_CAB,reduction,fp16_scalar,20260728_operand_rate_v2_final_reduction_session03_CAB_reduction_fp16_scalar,0,1,20260728_operand_rate_v2_final_reduction_session03_CAB_reduction_fp16_scalar_b0_r1_treatment,treatment,treatment,20260728_operand_rate_v2_final_reduction_session03_CAB_reduction_fp16_scalar_b0_r1_treatment_1785247665437,5,184413.97144928199,184413.97282710799,184413.97213819501,0.0013778260035905987,1.2740715020045172,10657121961,true,true,5dff3859ad319cb37301e68cfc6fde00723e3a42110ca93adb44c05e97098167
softmax_whole_stage_atc_trace_v1,softmax_whole_stage_operand_rate_atc,softmax_whole_stage_operand_rate_atc_v2,20260728_operand_rate_v2_final_reduction_session03_CAB,reduction,fp16_scalar,20260728_operand_rate_v2_final_reduction_session03_CAB_reduction_fp16_scalar,0,1,20260728_operand_rate_v2_final_reduction_session03_CAB_reduction_fp16_scalar_b0_r1_treatment,treatment,treatment,20260728_operand_rate_v2_final_reduction_session03_CAB_reduction_fp16_scalar_b0_r1_treatment_1785247665437,6,184414.22549945401,184414.22685618501,184414.22617781951,0.0013567309943027794,1.5281111265067011,10657180189,true,true,5dff3859ad319cb37301e68cfc6fde00723e3a42110ca93adb44c05e97098167
softmax_whole_stage_atc_trace_v1,softmax_whole_stage_operand_rate_atc,softmax_whole_stage_operand_rate_atc_v2,20260728_operand_rate_v2_final_reduction_session03_CAB,reduction,fp16_scalar,20260728_operand_rate_v2_final_reduction_session03_CAB_reduction_fp16_scalar,0,1,20260728_operand_rate_v2_final_reduction_session03_CAB_reduction_fp16_scalar_b0_r1_treatment,treatment,treatment,20260728_operand_rate_v2_final_reduction_session03_CAB_reduction_fp16_scalar_b0_r1_treatment_1785247665437,7,184414.47830151999,184414.47966058299,184414.47898105148,0.0013590629969257861,1.780914358474547,10657216307,true,true,5dff3859ad319cb37301e68cfc6fde00723e3a42110ca93adb44c05e97098167
softmax_whole_stage_atc_trace_v1,softmax_whole_stage_operand_rate_atc,softmax_whole_stage_operand_rate_atc_v2,20260728_operand_rate_v2_final_reduction_session03_CAB,reduction,fp16_scalar,20260728_operand_rate_v2_final_reduction_session03_CAB_reduction_fp16_scalar,0,1,20260728_operand_rate_v2_final_reduction_session03_CAB_reduction_fp16_scalar_b0_r1_treatment,treatment,treatment,20260728_operand_rate_v2_final_reduction_session03_CAB_reduction_fp16_scalar_b0_r1_treatment_1785247665437,8,184414.73306915601,184414.73444961899,184414.73375938751,0.0013804629852529615,2.0356926945096347,10657274528,true,true,5dff3859ad319cb37301e68cfc6fde00723e3a42110ca93adb44c05e97098167
softmax_whole_stage_atc_trace_v1,softmax_whole_stage_operand_rate_atc,softmax_whole_stage_operand_rate_atc_v2,20260728_operand_rate_v2_final_reduction_session03_CAB,reduction,fp16_scalar,20260728_operand_rate_v2_final_reduction_session03_CAB_reduction_fp16_scalar,0,1,20260728_operand_rate_v2_final_reduction_session03_CAB_reduction_fp16_scalar_b0_r1_treatment,treatment,treatment,20260728_operand_rate_v2_final_reduction_session03_CAB_reduction_fp16_scalar_b0_r1_treatment_1785247665437,9,184414.98548236699,184414.98687256701,184414.98617746698,0.0013902000209782273,2.288110773981316,10657310497,true,true,5dff3859ad319cb37301e68cfc6fde00723e3a42110ca93adb44c05e97098167
softmax_whole_stage_atc_trace_v1,softmax_whole_stage_operand_rate_atc,softmax_whole_stage_operand_rate_atc_v2,20260728_operand_rate_v2_final_reduction_session03_CAB,reduction,fp16_scalar,20260728_operand_rate_v2_final_reduction_session03_CAB_reduction_fp16_scalar,0,1,20260728_operand_rate_v2_final_reduction_session03_CAB_reduction_fp16_scalar_b0_r1_treatment,treatment,treatment,20260728_operand_rate_v2_final_reduction_session03_CAB_reduction_fp16_scalar_b0_r1_treatment_1785247665437,10,184415.23721087401,184415.23870006201,184415.23795546801,0.0014891879982315004,2.5398887750052381,10657368665,true,true,5dff3859ad319cb37301e68cfc6fde00723e3a42110ca93adb44c05e97098167
softmax_whole_stage_atc_trace_v1,softmax_whole_stage_operand_rate_atc,softmax_whole_stage_operand_rate_atc_v2,20260728_operand_rate_v2_final_reduction_session03_CAB,reduction,fp16_scalar,20260728_operand_rate_v2_final_reduction_session03_CAB_reduction_fp16_scalar,0,1,20260728_operand_rate_v2_final_reduction_session03_CAB_reduction_fp16_scalar_b0_r1_treatment,treatment,treatment,20260728_operand_rate_v2_final_reduction_session03_CAB_reduction_fp16_scalar_b0_r1_treatment_1785247665437,11,184415.49242659501,184415.49378373101,184415.49310516301,0.0013571360032074153,2.7950384700088762,10657405196,true,true,5dff3859ad319cb37301e68cfc6fde00723e3a42110ca93adb44c05e97098167
softmax_whole_stage_atc_trace_v1,softmax_whole_stage_operand_rate_atc,softmax_whole_stage_operand_rate_atc_v2,20260728_operand_rate_v2_final_reduction_session03_CAB,reduction,fp16_scalar,20260728_operand_rate_v2_final_reduction_session03_CAB_reduction_fp16_scalar,0,1,20260728_operand_rate_v2_final_reduction_session03_CAB_reduction_fp16_scalar_b0_r1_treatment,treatment,treatment,20260728_operand_rate_v2_final_reduction_session03_CAB_reduction_fp16_scalar_b0_r1_treatment_1785247665437,12,184415.747389672,184415.748770034,184415.74807985302,0.0013803619949612767,3.0500131600128952,10657463450,true,true,5dff3859ad319cb37301e68cfc6fde00723e3a42110ca93adb44c05e97098167
softmax_whole_stage_atc_trace_v1,softmax_whole_stage_operand_rate_atc,softmax_whole_stage_operand_rate_atc_v2,20260728_operand_rate_v2_final_reduction_session03_CAB,reduction,fp16_scalar,20260728_operand_rate_v2_final_reduction_session03_CAB_reduction_fp16_scalar,0,1,20260728_operand_rate_v2_final_reduction_session03_CAB_reduction_fp16_scalar_b0_r1_treatment,treatment,treatment,20260728_operand_rate_v2_final_reduction_session03_CAB_reduction_fp16_scalar_b0_r1_treatment_1785247665437,13,184416.00087776,184416.00229098299,184416.00158437149,0.0014132229844108224,3.3035176784906071,10657499420,true,true,5dff3859ad319cb37301e68cfc6fde00723e3a42110ca93adb44c05e97098167
softmax_whole_stage_atc_trace_v1,softmax_whole_stage_operand_rate_atc,softmax_whole_stage_operand_rate_atc_v2,20260728_operand_rate_v2_final_reduction_session03_CAB,reduction,fp16_scalar,20260728_operand_rate_v2_final_reduction_session03_CAB_reduction_fp16_scalar,0,1,20260728_operand_rate_v2_final_reduction_session03_CAB_reduction_fp16_scalar_b0_r1_treatment,treatment,treatment,20260728_operand_rate_v2_final_reduction_session03_CAB_reduction_fp16_scalar_b0_r1_treatment_1785247665437,14,184416.253367647,184416.25469881899,184416.25403323298,0.0013311719812918454,3.5559665399778169,10657557419,true,true,5dff3859ad319cb37301e68cfc6fde00723e3a42110ca93adb44c05e97098167
softmax_whole_stage_atc_trace_v1,softmax_whole_stage_operand_rate_atc,softmax_whole_stage_operand_rate_atc_v2,20260728_operand_rate_v2_final_reduction_session03_CAB,reduction,fp16_scalar,20260728_operand_rate_v2_final_reduction_session03_CAB_reduction_fp16_scalar,0,1,20260728_operand_rate_v2_final_reduction_session03_CAB_reduction_fp16_scalar_b0_r1_treatment,treatment,treatment,20260728_operand_rate_v2_final_reduction_session03_CAB_reduction_fp16_scalar_b0_r1_treatment_1785247665437,15,184416.504794523,184416.50615946899,184416.50547699601,0.0013649459870066494,3.8074103030085098,10657593614,true,true,5dff3859ad319cb37301e68cfc6fde00723e3a42110ca93adb44c05e97098167
softmax_whole_stage_atc_trace_v1,softmax_whole_stage_operand_rate_atc,softmax_whole_stage_operand_rate_atc_v2,20260728_operand_rate_v2_final_reduction_session03_CAB,reduction,fp16_scalar,20260728_operand_rate_v2_final_reduction_session03_CAB_reduction_fp16_scalar,0,1,20260728_operand_rate_v2_final_reduction_session03_CAB_reduction_fp16_scalar_b0_r1_treatment,treatment,treatment,20260728_operand_rate_v2_final_reduction_session03_CAB_reduction_fp16_scalar_b0_r1_treatment_1785247665437,16,184416.75989421699,184416.76128674901,184416.760590483,0.001392532023601234,4.0625237899948843,10657652287,true,true,5dff3859ad319cb37301e68cfc6fde00723e3a42110ca93adb44c05e97098167
softmax_whole_stage_atc_trace_v1,softmax_whole_stage_operand_rate_atc,softmax_whole_stage_operand_rate_atc_v2,20260728_operand_rate_v2_final_reduction_session03_CAB,reduction,fp16_scalar,20260728_operand_rate_v2_final_reduction_session03_CAB_reduction_fp16_scalar,0,1,20260728_operand_rate_v2_final_reduction_session03_CAB_reduction_fp16_scalar_b0_r1_treatment,treatment,treatment,20260728_operand_rate_v2_final_reduction_session03_CAB_reduction_fp16_scalar_b0_r1_treatment_1785247665437,17,184417.015010645,184417.01641423299,184417.015712439,0.001403587986715138,4.3176457459921949,10657688599,true,true,5dff3859ad319cb37301e68cfc6fde00723e3a42110ca93adb44c05e97098167
softmax_whole_stage_atc_trace_v1,softmax_whole_stage_operand_rate_atc,softmax_whole_stage_operand_rate_atc_v2,20260728_operand_rate_v2_final_reduction_session03_CAB,reduction,fp16_scalar,20260728_operand_rate_v2_final_reduction_session03_CAB_reduction_fp16_scalar,0,1,20260728_operand_rate_v2_final_reduction_session03_CAB_reduction_fp16_scalar_b0_r1_treatment,treatment,treatment,20260728_operand_rate_v2_final_reduction_session03_CAB_reduction_fp16_scalar_b0_r1_treatment_1785247665437,18,184417.26666247699,184417.26803644901,184417.26734946301,0.0013739720161538571,4.5692827700113412,10657746637,true,true,5dff3859ad319cb37301e68cfc6fde00723e3a42110ca93adb44c05e97098167
softmax_whole_stage_atc_trace_v1,softmax_whole_stage_operand_rate_atc,softmax_whole_stage_operand_rate_atc_v2,20260728_operand_rate_v2_final_reduction_session03_CAB,reduction,fp16_scalar,20260728_operand_rate_v2_final_reduction_session03_CAB_reduction_fp16_scalar,0,1,20260728_operand_rate_v2_final_reduction_session03_CAB_reduction_fp16_scalar_b0_r1_treatment,treatment,treatment,20260728_operand_rate_v2_final_reduction_session03_CAB_reduction_fp16_scalar_b0_r1_treatment_1785247665437,19,184417.518302543,184417.51968523799,184417.5189938905,0.0013826949871145189,4.820927197491983,10657782925,true,true,5dff3859ad319cb37301e68cfc6fde00723e3a42110ca93adb44c05e97098167
softmax_whole_stage_atc_trace_v1,softmax_whole_stage_operand_rate_atc,softmax_whole_stage_operand_rate_atc_v2,20260728_operand_rate_v2_final_reduction_session03_CAB,reduction,fp16_scalar,20260728_operand_rate_v2_final_reduction_session03_CAB_reduction_fp16_scalar,0,1,20260728_operand_rate_v2_final_reduction_session03_CAB_reduction_fp16_scalar_b0_r1_treatment,treatment,treatment,20260728_operand_rate_v2_final_reduction_session03_CAB_reduction_fp16_scalar_b0_r1_treatment_1785247665437,20,184417.77300263199,184417.77436696901,184417.77368480049,0.0013643370184581727,5.0756181074830238,10657841579,true,true,5dff3859ad319cb37301e68cfc6fde00723e3a42110ca93adb44c05e97098167
softmax_whole_stage_atc_trace_v1,softmax_whole_stage_operand_rate_atc,softmax_whole_stage_operand_rate_atc_v2,20260728_operand_rate_v2_final_reduction_session03_CAB,reduction,fp16_scalar,20260728_operand_rate_v2_final_reduction_session03_CAB_reduction_fp16_scalar,0,1,20260728_operand_rate_v2_final_reduction_session03_CAB_reduction_fp16_scalar_b0_r1_treatment,treatment,treatment,20260728_operand_rate_v2_final_reduction_session03_CAB_reduction_fp16_scalar_b0_r1_treatment_1785247665437,21,184418.026001964,184418.02742583599,184418.02671389998,0.0014238719886634499,5.328647206973983,10657877949,true,true,5dff3859ad319cb37301e68cfc6fde00723e3a42110ca93adb44c05e97098167
softmax_whole_stage_atc_trace_v1,softmax_whole_stage_operand_rate_atc,softmax_whole_stage_operand_rate_atc_v2,20260728_operand_rate_v2_final_reduction_session03_CAB,reduction,fp16_scalar,20260728_operand_rate_v2_final_reduction_session03_CAB_reduction_fp16_scalar,0,1,20260728_operand_rate_v2_final_reduction_session03_CAB_reduction_fp16_scalar_b0_r1_treatment,treatment,treatment,20260728_operand_rate_v2_final_reduction_session03_CAB_reduction_fp16_scalar_b0_r1_treatment_1785247665437,22,184418.28110703299,184418.28250980901,184418.28180842102,0.0014027760189492255,5.5837417280126829,10657936341,true,true,5dff3859ad319cb37301e68cfc6fde00723e3a42110ca93adb44c05e97098167
softmax_whole_stage_atc_trace_v1,softmax_whole_stage_operand_rate_atc,softmax_whole_stage_operand_rate_atc_v2,20260728_operand_rate_v2_final_reduction_session03_CAB,reduction,fp16_scalar,20260728_operand_rate_v2_final_reduction_session03_CAB_reduction_fp16_scalar,0,1,20260728_operand_rate_v2_final_reduction_session03_CAB_reduction_fp16_scalar_b0_r1_treatment,treatment,treatment,20260728_operand_rate_v2_final_reduction_session03_CAB_reduction_fp16_scalar_b0_r1_treatment_1785247665437,23,184418.53300025099,184418.53443304799,184418.53371664949,0.0014327969984151423,5.8356499564833939,10657972447,true,true,5dff3859ad319cb37301e68cfc6fde00723e3a42110ca93adb44c05e97098167
softmax_whole_stage_atc_trace_v1,softmax_whole_stage_operand_rate_atc,softmax_whole_stage_operand_rate_atc_v2,20260728_operand_rate_v2_final_reduction_session03_CAB,reduction,fp16_scalar,20260728_operand_rate_v2_final_reduction_session03_CAB_reduction_fp16_scalar,0,1,20260728_operand_rate_v2_final_reduction_session03_CAB_reduction_fp16_scalar_b0_r1_treatment,treatment,treatment,20260728_operand_rate_v2_final_reduction_session03_CAB_reduction_fp16_scalar_b0_r1_treatment_1785247665437,24,184418.78816667999,184418.78955292501,184418.7888598025,0.0013862450141459703,6.0907931094989181,10658030799,true,true,5dff3859ad319cb37301e68cfc6fde00723e3a42110ca93adb44c05e97098167
softmax_whole_stage_atc_trace_v1,softmax_whole_stage_operand_rate_atc,softmax_whole_stage_operand_rate_atc_v2,20260728_operand_rate_v2_final_reduction_session03_CAB,reduction,fp16_scalar,20260728_operand_rate_v2_final_reduction_session03_CAB_reduction_fp16_scalar,0,1,20260728_operand_rate_v2_final_reduction_session03_CAB_reduction_fp16_scalar_b0_r1_treatment,treatment,treatment,20260728_operand_rate_v2_final_reduction_session03_CAB_reduction_fp16_scalar_b0_r1_treatment_1785247665437,25,184419.04325856399,184419.04467614801,184419.043967356,0.0014175840187817812,6.3459006630000658,10658066821,true,true,5dff3859ad319cb37301e68cfc6fde00723e3a42110ca93adb44c05e97098167
softmax_whole_stage_atc_trace_v1,softmax_whole_stage_operand_rate_atc,softmax_whole_stage_operand_rate_atc_v2,20260728_operand_rate_v2_final_reduction_session03_CAB,reduction,fp16_scalar,20260728_operand_rate_v2_final_reduction_session03_CAB_reduction_fp16_scalar,0,1,20260728_operand_rate_v2_final_reduction_session03_CAB_reduction_fp16_scalar_b0_r1_treatment,treatment,treatment,20260728_operand_rate_v2_final_reduction_session03_CAB_reduction_fp16_scalar_b0_r1_treatment_1785247665437,26,184419.29837073301,184419.30158085999,184419.29997579649,0.003210126975318417,6.6019091034831945,10658124423,true,true,5dff3859ad319cb37301e68cfc6fde00723e3a42110ca93adb44c05e97098167
softmax_whole_stage_atc_trace_v1,softmax_whole_stage_operand_rate_atc,softmax_whole_stage_operand_rate_atc_v2,20260728_operand_rate_v2_final_reduction_session03_CAB,reduction,fp16_scalar,20260728_operand_rate_v2_final_reduction_session03_CAB_reduction_fp16_scalar,0,1,20260728_operand_rate_v2_final_reduction_session03_CAB_reduction_fp16_scalar_b0_r1_treatment,treatment,treatment,20260728_operand_rate_v2_final_reduction_session03_CAB_reduction_fp16_scalar_b0_r1_treatment_1785247665437,27,184419.552278102,184419.55370887101,184419.55299348652,0.0014307690144050866,6.8549267935159151,10658163506,true,true,5dff3859ad319cb37301e68cfc6fde00723e3a42110ca93adb44c05e97098167
softmax_whole_stage_atc_trace_v1,softmax_whole_stage_operand_rate_atc,softmax_whole_stage_operand_rate_atc_v2,20260728_operand_rate_v2_final_reduction_session03_CAB,reduction,fp16_scalar,20260728_operand_rate_v2_final_reduction_session03_CAB_reduction_fp16_scalar,0,1,20260728_operand_rate_v2_final_reduction_session03_CAB_reduction_fp16_scalar_b0_r1_treatment,treatment,treatment,20260728_operand_rate_v2_final_reduction_session03_CAB_reduction_fp16_scalar_b0_r1_treatment_1785247665437,28,184419.80742475399,184419.809070438,184419.808247596,0.0016456840094178915,7.1101809029933065,10658220827,true,true,5dff3859ad319cb37301e68cfc6fde00723e3a42110ca93adb44c05e97098167
softmax_whole_stage_atc_trace_v1,softmax_whole_stage_operand_rate_atc,softmax_whole_stage_operand_rate_atc_v2,20260728_operand_rate_v2_final_reduction_session03_CAB,reduction,fp16_scalar,20260728_operand_rate_v2_final_reduction_session03_CAB_reduction_fp16_scalar,0,1,20260728_operand_rate_v2_final_reduction_session03_CAB_reduction_fp16_scalar_b0_r1_treatment,treatment,treatment,20260728_operand_rate_v2_final_reduction_session03_CAB_reduction_fp16_scalar_b0_r1_treatment_1785247665437,29,184420.06070167999,184420.062493615,184420.06159764749,0.001791935006622225,7.3635309544915799,10658259810,true,true,5dff3859ad319cb37301e68cfc6fde00723e3a42110ca93adb44c05e97098167
softmax_whole_stage_atc_trace_v1,softmax_whole_stage_operand_rate_atc,softmax_whole_stage_operand_rate_atc_v2,20260728_operand_rate_v2_final_reduction_session03_CAB,reduction,fp16_scalar,20260728_operand_rate_v2_final_reduction_session03_CAB_reduction_fp16_scalar,0,1,20260728_operand_rate_v2_final_reduction_session03_CAB_reduction_fp16_scalar_b0_r1_treatment,treatment,treatment,20260728_operand_rate_v2_final_reduction_session03_CAB_reduction_fp16_scalar_b0_r1_treatment_1785247665437,30,184420.31375760699,184420.31545562399,184420.31460661549,0.0016980170039460063,7.6165399224846624,10658316906,true,true,5dff3859ad319cb37301e68cfc6fde00723e3a42110ca93adb44c05e97098167
softmax_whole_stage_atc_trace_v1,softmax_whole_stage_operand_rate_atc,softmax_whole_stage_operand_rate_atc_v2,20260728_operand_rate_v2_final_reduction_session03_CAB,reduction,fp16_scalar,20260728_operand_rate_v2_final_reduction_session03_CAB_reduction_fp16_scalar,0,1,20260728_operand_rate_v2_final_reduction_session03_CAB_reduction_fp16_scalar_b0_r1_treatment,treatment,treatment,20260728_operand_rate_v2_final_reduction_session03_CAB_reduction_fp16_scalar_b0_r1_treatment_1785247665437,31,184420.56630327599,184420.56772187399,184420.56701257499,0.0014185979962348938,7.8689458819862921,10658356086,true,true,5dff3859ad319cb37301e68cfc6fde00723e3a42110ca93adb44c05e97098167
softmax_whole_stage_atc_trace_v1,softmax_whole_stage_operand_rate_atc,softmax_whole_stage_operand_rate_atc_v2,20260728_operand_rate_v2_final_reduction_session03_CAB,reduction,fp16_scalar,20260728_operand_rate_v2_final_reduction_session03_CAB_reduction_fp16_scalar,0,1,20260728_operand_rate_v2_final_reduction_session03_CAB_reduction_fp16_scalar_b0_r1_treatment,treatment,treatment,20260728_operand_rate_v2_final_reduction_session03_CAB_reduction_fp16_scalar_b0_r1_treatment_1785247665437,32,184420.82134030701,184420.82280566799,184420.8220729875,0.0014653609832748771,8.1240062944998499,10658413539,true,true,5dff3859ad319cb37301e68cfc6fde00723e3a42110ca93adb44c05e97098167
softmax_whole_stage_atc_trace_v1,softmax_whole_stage_operand_rate_atc,softmax_whole_stage_operand_rate_atc_v2,20260728_operand_rate_v2_final_reduction_session03_CAB,reduction,fp16_scalar,20260728_operand_rate_v2_final_reduction_session03_CAB_reduction_fp16_scalar,0,1,20260728_operand_rate_v2_final_reduction_session03_CAB_reduction_fp16_scalar_b0_r1_treatment,treatment,treatment,20260728_operand_rate_v2_final_reduction_session03_CAB_reduction_fp16_scalar_b0_r1_treatment_1785247665437,33,184421.075595906,184421.07696992299,184421.0762829145,0.0013740169815719128,8.378216221492039,10658452626,true,true,5dff3859ad319cb37301e68cfc6fde00723e3a42110ca93adb44c05e97098167
softmax_whole_stage_atc_trace_v1,softmax_whole_stage_operand_rate_atc,softmax_whole_stage_operand_rate_atc_v2,20260728_operand_rate_v2_final_reduction_session03_CAB,reduction,fp16_scalar,20260728_operand_rate_v2_final_reduction_session03_CAB_reduction_fp16_scalar,0,1,20260728_operand_rate_v2_final_reduction_session03_CAB_reduction_fp16_scalar_b0_r1_treatment,treatment,treatment,20260728_operand_rate_v2_final_reduction_session03_CAB_reduction_fp16_scalar_b0_r1_treatment_1785247665437,34,184421.33058661799,184421.33318967701,184421.33188814751,0.0026030590233858675,8.6338214545103256,10658509617,true,true,5dff3859ad319cb37301e68cfc6fde00723e3a42110ca93adb44c05e97098167
softmax_whole_stage_atc_trace_v1,softmax_whole_stage_operand_rate_atc,softmax_whole_stage_operand_rate_atc_v2,20260728_operand_rate_v2_final_reduction_session03_CAB,reduction,fp16_scalar,20260728_operand_rate_v2_final_reduction_session03_CAB_reduction_fp16_scalar,0,1,20260728_operand_rate_v2_final_reduction_session03_CAB_reduction_fp16_scalar_b0_r1_treatment,treatment,treatment,20260728_operand_rate_v2_final_reduction_session03_CAB_reduction_fp16_scalar_b0_r1_treatment_1785247665437,35,184421.58422358899,184421.58563694201,184421.5849302655,0.0014133530203253031,8.886863572493894,10658548094,true,true,5dff3859ad319cb37301e68cfc6fde00723e3a42110ca93adb44c05e97098167
softmax_whole_stage_atc_trace_v1,softmax_whole_stage_operand_rate_atc,softmax_whole_stage_operand_rate_atc_v2,20260728_operand_rate_v2_final_reduction_session03_CAB,reduction,fp16_scalar,20260728_operand_rate_v2_final_reduction_session03_CAB_reduction_fp16_scalar,0,1,20260728_operand_rate_v2_final_reduction_session03_CAB_reduction_fp16_scalar_b0_r1_treatment,treatment,treatment,20260728_operand_rate_v2_final_reduction_session03_CAB_reduction_fp16_scalar_b0_r1_treatment_1785247665437,36,184421.83895649001,184421.84050913999,184421.83973281499,0.0015526499773841351,9.1416661219845992,10658604677,true,true,5dff3859ad319cb37301e68cfc6fde00723e3a42110ca93adb44c05e97098167
softmax_whole_stage_atc_trace_v1,softmax_whole_stage_operand_rate_atc,softmax_whole_stage_operand_rate_atc_v2,20260728_operand_rate_v2_final_reduction_session03_CAB,reduction,fp16_scalar,20260728_operand_rate_v2_final_reduction_session03_CAB_reduction_fp16_scalar,0,1,20260728_operand_rate_v2_final_reduction_session03_CAB_reduction_fp16_scalar_b0_r1_treatment,treatment,treatment,20260728_operand_rate_v2_final_reduction_session03_CAB_reduction_fp16_scalar_b0_r1_treatment_1785247665437,37,184422.09198831799,184422.09330738601,184422.092647852,0.0013190680183470249,9.394581158994697,10658662917,true,true,5dff3859ad319cb37301e68cfc6fde00723e3a42110ca93adb44c05e97098167
softmax_whole_stage_atc_trace_v1,softmax_whole_stage_operand_rate_atc,softmax_whole_stage_operand_rate_atc_v2,20260728_operand_rate_v2_final_reduction_session03_CAB,reduction,fp16_scalar,20260728_operand_rate_v2_final_reduction_session03_CAB_reduction_fp16_scalar,0,1,20260728_operand_rate_v2_final_reduction_session03_CAB_reduction_fp16_scalar_b0_r1_treatment,treatment,treatment,20260728_operand_rate_v2_final_reduction_session03_CAB_reduction_fp16_scalar_b0_r1_treatment_1785247665437,38,184422.343680091,184422.346213907,184422.34494699899,0.0025338160048704594,9.646880305983359,10658702744,true,true,5dff3859ad319cb37301e68cfc6fde00723e3a42110ca93adb44c05e97098167
softmax_whole_stage_atc_trace_v1,softmax_whole_stage_operand_rate_atc,softmax_whole_stage_operand_rate_atc_v2,20260728_operand_rate_v2_final_reduction_session03_CAB,reduction,fp16_scalar,20260728_operand_rate_v2_final_reduction_session03_CAB_reduction_fp16_scalar,0,1,20260728_operand_rate_v2_final_reduction_session03_CAB_reduction_fp16_scalar_b0_r1_treatment,treatment,treatment,20260728_operand_rate_v2_final_reduction_session03_CAB_reduction_fp16_scalar_b0_r1_treatment_1785247665437,39,184422.59690626699,184422.598249464,184422.5975778655,0.0013431970146484673,9.8995111724943854,10658741233,true,true,5dff3859ad319cb37301e68cfc6fde00723e3a42110ca93adb44c05e97098167
softmax_whole_stage_atc_trace_v1,softmax_whole_stage_operand_rate_atc,softmax_whole_stage_operand_rate_atc_v2,20260728_operand_rate_v2_final_reduction_session03_CAB,reduction,fp16_scalar,20260728_operand_rate_v2_final_reduction_session03_CAB_reduction_fp16_scalar,0,1,20260728_operand_rate_v2_final_reduction_session03_CAB_reduction_fp16_scalar_b0_r1_treatment,treatment,treatment,20260728_operand_rate_v2_final_reduction_session03_CAB_reduction_fp16_scalar_b0_r1_treatment_1785247665437,40,184422.851865754,184422.854110938,184422.85298834601,0.0022451840050052851,10.154921653011115,10658797804,true,true,5dff3859ad319cb37301e68cfc6fde00723e3a42110ca93adb44c05e97098167
softmax_whole_stage_atc_trace_v1,softmax_whole_stage_operand_rate_atc,softmax_whole_stage_operand_rate_atc_v2,20260728_operand_rate_v2_final_reduction_session03_CAB,reduction,fp16_scalar,20260728_operand_rate_v2_final_reduction_session03_CAB_reduction_fp16_scalar,0,1,20260728_operand_rate_v2_final_reduction_session03_CAB_reduction_fp16_scalar_b0_r1_treatment,treatment,treatment,20260728_operand_rate_v2_final_reduction_session03_CAB_reduction_fp16_scalar_b0_r1_treatment_1785247665437,41,184423.10773270199,184423.11332822501,184423.11053046351,0.0055955230200197548,10.41246377050993,10658855820,true,true,5dff3859ad319cb37301e68cfc6fde00723e3a42110ca93adb44c05e97098167
softmax_whole_stage_atc_trace_v1,softmax_whole_stage_operand_rate_atc,softmax_whole_stage_operand_rate_atc_v2,20260728_operand_rate_v2_final_reduction_session03_CAB,reduction,fp16_scalar,20260728_operand_rate_v2_final_reduction_session03_CAB_reduction_fp16_scalar,0,1,20260728_operand_rate_v2_final_reduction_session03_CAB_reduction_fp16_scalar_b0_r1_treatment,treatment,treatment,20260728_operand_rate_v2_final_reduction_session03_CAB_reduction_fp16_scalar_b0_r1_treatment_1785247665437,42,184423.36691582401,184423.36836161901,184423.36763872151,0.0014457950019277632,10.669572028506082,10658894760,true,true,5dff3859ad319cb37301e68cfc6fde00723e3a42110ca93adb44c05e97098167
softmax_whole_stage_atc_trace_v1,softmax_whole_stage_operand_rate_atc,softmax_whole_stage_operand_rate_atc_v2,20260728_operand_rate_v2_final_reduction_session03_CAB,reduction,fp16_scalar,20260728_operand_rate_v2_final_reduction_session03_CAB_reduction_fp16_scalar,0,1,20260728_operand_rate_v2_final_reduction_session03_CAB_reduction_fp16_scalar_b0_r1_treatment,treatment,treatment,20260728_operand_rate_v2_final_reduction_session03_CAB_reduction_fp16_scalar_b0_r1_treatment_1785247665437,43,184423.61981088901,184423.621191293,184423.62050109101,0.0013804039917886257,10.922434398002224,10658951402,true,true,5dff3859ad319cb37301e68cfc6fde00723e3a42110ca93adb44c05e97098167
softmax_whole_stage_atc_trace_v1,softmax_whole_stage_operand_rate_atc,softmax_whole_stage_operand_rate_atc_v2,20260728_operand_rate_v2_final_reduction_session03_CAB,reduction,fp16_scalar,20260728_operand_rate_v2_final_reduction_session03_CAB_reduction_fp16_scalar,0,1,20260728_operand_rate_v2_final_reduction_session03_CAB_reduction_fp16_scalar_b0_r1_treatment,treatment,treatment,20260728_operand_rate_v2_final_reduction_session03_CAB_reduction_fp16_scalar_b0_r1_treatment_1785247665437,44,184423.87480413599,184423.876214346,184423.87550924101,0.001410210010362789,11.177442548010731,10658990166,true,true,5dff3859ad319cb37301e68cfc6fde00723e3a42110ca93adb44c05e97098167
softmax_whole_stage_atc_trace_v1,softmax_whole_stage_operand_rate_atc,softmax_whole_stage_operand_rate_atc_v2,20260728_operand_rate_v2_final_reduction_session03_CAB,reduction,fp16_scalar,20260728_operand_rate_v2_final_reduction_session03_CAB_reduction_fp16_scalar,0,1,20260728_operand_rate_v2_final_reduction_session03_CAB_reduction_fp16_scalar_b0_r1_treatment,treatment,treatment,20260728_operand_rate_v2_final_reduction_session03_CAB_reduction_fp16_scalar_b0_r1_treatment_1785247665437,45,184424.127286073,184424.12860524299,184424.12794565799,0.0013191699981689453,11.429878964991076,10659046618,true,true,5dff3859ad319cb37301e68cfc6fde00723e3a42110ca93adb44c05e97098167
softmax_whole_stage_atc_trace_v1,softmax_whole_stage_operand_rate_atc,softmax_whole_stage_operand_rate_atc_v2,20260728_operand_rate_v2_final_reduction_session03_CAB,reduction,fp16_scalar,20260728_operand_rate_v2_final_reduction_session03_CAB_reduction_fp16_scalar,0,1,20260728_operand_rate_v2_final_reduction_session03_CAB_reduction_fp16_scalar_b0_r1_treatment,treatment,treatment,20260728_operand_rate_v2_final_reduction_session03_CAB_reduction_fp16_scalar_b0_r1_treatment_1785247665437,46,184424.38202799601,184424.383438916,184424.382733456,0.0014109199983067811,11.684666763001587,10659085300,true,true,5dff3859ad319cb37301e68cfc6fde00723e3a42110ca93adb44c05e97098167
softmax_whole_stage_atc_trace_v1,softmax_whole_stage_operand_rate_atc,softmax_whole_stage_operand_rate_atc_v2,20260728_operand_rate_v2_final_reduction_session03_CAB,reduction,fp16_scalar,20260728_operand_rate_v2_final_reduction_session03_CAB_reduction_fp16_scalar,0,1,20260728_operand_rate_v2_final_reduction_session03_CAB_reduction_fp16_scalar_b0_r1_treatment,treatment,treatment,20260728_operand_rate_v2_final_reduction_session03_CAB_reduction_fp16_scalar_b0_r1_treatment_1785247665437,47,184424.63506621099,184424.63646597901,184424.63576609502,0.0013997680216562003,11.937699402013095,10659141749,true,true,5dff3859ad319cb37301e68cfc6fde00723e3a42110ca93adb44c05e97098167
softmax_whole_stage_atc_trace_v1,softmax_whole_stage_operand_rate_atc,softmax_whole_stage_operand_rate_atc_v2,20260728_operand_rate_v2_final_reduction_session03_CAB,reduction,fp16_scalar,20260728_operand_rate_v2_final_reduction_session03_CAB_reduction_fp16_scalar,0,1,20260728_operand_rate_v2_final_reduction_session03_CAB_reduction_fp16_scalar_b0_r1_treatment,treatment,treatment,20260728_operand_rate_v2_final_reduction_session03_CAB_reduction_fp16_scalar_b0_r1_treatment_1785247665437,48,184424.89009484,184424.891769148,184424.89093199401,0.001674308005021885,12.192865301010897,10659180276,true,true,5dff3859ad319cb37301e68cfc6fde00723e3a42110ca93adb44c05e97098167
softmax_whole_stage_atc_trace_v1,softmax_whole_stage_operand_rate_atc,softmax_whole_stage_operand_rate_atc_v2,20260728_operand_rate_v2_final_reduction_session03_CAB,reduction,fp16_scalar,20260728_operand_rate_v2_final_reduction_session03_CAB_reduction_fp16_scalar,0,1,20260728_operand_rate_v2_final_reduction_session03_CAB_reduction_fp16_scalar_b0_r1_treatment,treatment,treatment,20260728_operand_rate_v2_final_reduction_session03_CAB_reduction_fp16_scalar_b0_r1_treatment_1785247665437,49,184425.14209096,184425.143425641,184425.1427583005,0.0013346810010261834,12.44469160749577,10659236554,true,true,5dff3859ad319cb37301e68cfc6fde00723e3a42110ca93adb44c05e97098167
softmax_whole_stage_atc_trace_v1,softmax_whole_stage_operand_rate_atc,softmax_whole_stage_operand_rate_atc_v2,20260728_operand_rate_v2_final_reduction_session03_CAB,reduction,fp16_scalar,20260728_operand_rate_v2_final_reduction_session03_CAB_reduction_fp16_scalar,0,1,20260728_operand_rate_v2_final_reduction_session03_CAB_reduction_fp16_scalar_b0_r1_treatment,treatment,treatment,20260728_operand_rate_v2_final_reduction_session03_CAB_reduction_fp16_scalar_b0_r1_treatment_1785247665437,50,184425.395637398,184425.397106105,184425.3963717515,0.0014687069924548268,12.698305058496771,10659275103,true,true,5dff3859ad319cb37301e68cfc6fde00723e3a42110ca93adb44c05e97098167
softmax_whole_stage_atc_trace_v1,softmax_whole_stage_operand_rate_atc,softmax_whole_stage_operand_rate_atc_v2,20260728_operand_rate_v2_final_reduction_session03_CAB,reduction,fp16_scalar,20260728_operand_rate_v2_final_reduction_session03_CAB_reduction_fp16_scalar,0,1,20260728_operand_rate_v2_final_reduction_session03_CAB_reduction_fp16_scalar_b0_r1_treatment,treatment,treatment,20260728_operand_rate_v2_final_reduction_session03_CAB_reduction_fp16_scalar_b0_r1_treatment_1785247665437,51,184425.648859924,184425.650213969,184425.6495369465,0.0013540450017899275,12.951470253494335,10659331621,true,true,5dff3859ad319cb37301e68cfc6fde00723e3a42110ca93adb44c05e97098167
softmax_whole_stage_atc_trace_v1,softmax_whole_stage_operand_rate_atc,softmax_whole_stage_operand_rate_atc_v2,20260728_operand_rate_v2_final_reduction_session03_CAB,reduction,fp16_scalar,20260728_operand_rate_v2_final_reduction_session03_CAB_reduction_fp16_scalar,0,1,20260728_operand_rate_v2_final_reduction_session03_CAB_reduction_fp16_scalar_b0_r1_treatment,treatment,treatment,20260728_operand_rate_v2_final_reduction_session03_CAB_reduction_fp16_scalar_b0_r1_treatment_1785247665437,52,184425.900372456,184425.901746371,184425.9010594135,0.0013739150017499924,13.202992720500333,10659370047,true,false,5dff3859ad319cb37301e68cfc6fde00723e3a42110ca93adb44c05e97098167
softmax_whole_stage_atc_trace_v1,softmax_whole_stage_operand_rate_atc,softmax_whole_stage_operand_rate_atc_v2,20260728_operand_rate_v2_final_reduction_session03_CAB,reduction,fp16_scalar,20260728_operand_rate_v2_final_reduction_session03_CAB_reduction_fp16_scalar,0,1,20260728_operand_rate_v2_final_reduction_session03_CAB_reduction_fp16_scalar_b0_r1_treatment,treatment,treatment,20260728_operand_rate_v2_final_reduction_session03_CAB_reduction_fp16_scalar_b0_r1_treatment_1785247665437,53,184426.15290599599,184426.154254364,184426.15358017999,0.001348368008621037,13.455513486987911,10659426795,true,false,5dff3859ad319cb37301e68cfc6fde00723e3a42110ca93adb44c05e97098167
softmax_whole_stage_atc_trace_v1,softmax_whole_stage_operand_rate_atc,softmax_whole_stage_operand_rate_atc_v2,20260728_operand_rate_v2_final_reduction_session03_CAB,reduction,fp16_scalar,20260728_operand_rate_v2_final_reduction_session03_CAB_reduction_fp16_scalar,0,1,20260728_operand_rate_v2_final_reduction_session03_CAB_reduction_fp16_scalar_b0_r1_treatment,treatment,treatment,20260728_operand_rate_v2_final_reduction_session03_CAB_reduction_fp16_scalar_b0_r1_treatment_1785247665437,54,184426.407784682,184426.40913365799,184426.40845916999,0.0013489759876392782,13.710392476990819,10659457882,true,false,5dff3859ad319cb37301e68cfc6fde00723e3a42110ca93adb44c05e97098167
softmax_whole_stage_atc_trace_v1,softmax_whole_stage_operand_rate_atc,softmax_whole_stage_operand_rate_atc_v2,20260728_operand_rate_v2_final_reduction_session03_CAB,reduction,fp16_scalar,20260728_operand_rate_v2_final_reduction_session03_CAB_reduction_fp16_scalar,0,1,20260728_operand_rate_v2_final_reduction_session03_CAB_reduction_fp16_scalar_b0_r1_treatment,treatment,treatment,20260728_operand_rate_v2_final_reduction_session03_CAB_reduction_fp16_scalar_b0_r1_treatment_1785247665437,55,184426.409137004,184426.410281291,184426.4097091475,0.0011442870018072426,13.711642454494722,10659457882,false,false,5dff3859ad319cb37301e68cfc6fde00723e3a42110ca93adb44c05e97098167
softmax_whole_stage_atc_trace_v1,softmax_whole_stage_operand_rate_atc,softmax_whole_stage_operand_rate_atc_v2,20260728_operand_rate_v2_final_reduction_session03_CAB,reduction,fp16_scalar,20260728_operand_rate_v2_final_reduction_session03_CAB_reduction_fp16_scalar,0,2,20260728_operand_rate_v2_final_reduction_session03_CAB_reduction_fp16_scalar_b0_r2_control,control,control,20260728_operand_rate_v2_final_reduction_session03_CAB_reduction_fp16_scalar_b0_r2_control_1785247680183,0,184427.444508349,184427.44570788901,184427.44510811899,0.001199540012748912,0.00066191700170747936,10659589255,false,false,5dff3859ad319cb37301e68cfc6fde00723e3a42110ca93adb44c05e97098167
softmax_whole_stage_atc_trace_v1,softmax_whole_stage_operand_rate_atc,softmax_whole_stage_operand_rate_atc_v2,20260728_operand_rate_v2_final_reduction_session03_CAB,reduction,fp16_scalar,20260728_operand_rate_v2_final_reduction_session03_CAB_reduction_fp16_scalar,0,2,20260728_operand_rate_v2_final_reduction_session03_CAB_reduction_fp16_scalar_b0_r2_control,control,control,20260728_operand_rate_v2_final_reduction_session03_CAB_reduction_fp16_scalar_b0_r2_control_1785247680183,1,184427.697562988,184427.699062717,184427.6983128525,0.0014997289981693029,0.25386665051337332,10659642736,true,false,5dff3859ad319cb37301e68cfc6fde00723e3a42110ca93adb44c05e97098167
softmax_whole_stage_atc_trace_v1,softmax_whole_stage_operand_rate_atc,softmax_whole_stage_operand_rate_atc_v2,20260728_operand_rate_v2_final_reduction_session03_CAB,reduction,fp16_scalar,20260728_operand_rate_v2_final_reduction_session03_CAB_reduction_fp16_scalar,0,2,20260728_operand_rate_v2_final_reduction_session03_CAB_reduction_fp16_scalar_b0_r2_control,control,control,20260728_operand_rate_v2_final_reduction_session03_CAB_reduction_fp16_scalar_b0_r2_control_1785247680183,2,184427.95092470999,184427.952273584,184427.951599147,0.0013488740078173578,0.50715294500696473,10659683462,true,false,5dff3859ad319cb37301e68cfc6fde00723e3a42110ca93adb44c05e97098167
softmax_whole_stage_atc_trace_v1,softmax_whole_stage_operand_rate_atc,softmax_whole_stage_operand_rate_atc_v2,20260728_operand_rate_v2_final_reduction_session03_CAB,reduction,fp16_scalar,20260728_operand_rate_v2_final_reduction_session03_CAB_reduction_fp16_scalar,0,2,20260728_operand_rate_v2_final_reduction_session03_CAB_reduction_fp16_scalar_b0_r2_control,control,control,20260728_operand_rate_v2_final_reduction_session03_CAB_reduction_fp16_scalar_b0_r2_control_1785247680183,3,184428.20302849601,184428.20439430099,184428.2037113985,0.0013658049865625799,0.75926519650965929,10659743694,true,true,5dff3859ad319cb37301e68cfc6fde00723e3a42110ca93adb44c05e97098167
softmax_whole_stage_atc_trace_v1,softmax_whole_stage_operand_rate_atc,softmax_whole_stage_operand_rate_atc_v2,20260728_operand_rate_v2_final_reduction_session03_CAB,reduction,fp16_scalar,20260728_operand_rate_v2_final_reduction_session03_CAB_reduction_fp16_scalar,0,2,20260728_operand_rate_v2_final_reduction_session03_CAB_reduction_fp16_scalar_b0_r2_control,control,control,20260728_operand_rate_v2_final_reduction_session03_CAB_reduction_fp16_scalar_b0_r2_control_1785247680183,4,184428.45629076299,184428.457716484,184428.45700362348,0.0014257210132200271,1.0125574214907829,10659784934,true,true,5dff3859ad319cb37301e68cfc6fde00723e3a42110ca93adb44c05e97098167
softmax_whole_stage_atc_trace_v1,softmax_whole_stage_operand_rate_atc,softmax_whole_stage_operand_rate_atc_v2,20260728_operand_rate_v2_final_reduction_session03_CAB,reduction,fp16_scalar,20260728_operand_rate_v2_final_reduction_session03_CAB_reduction_fp16_scalar,0,2,20260728_operand_rate_v2_final_reduction_session03_CAB_reduction_fp16_scalar_b0_r2_control,control,control,20260728_operand_rate_v2_final_reduction_session03_CAB_reduction_fp16_scalar_b0_r2_control_1785247680183,5,184428.709632513,184428.71118698799,184428.71040975049,0.0015544749912805855,1.2659635485033505,10659845609,true,true,5dff3859ad319cb37301e68cfc6fde00723e3a42110ca93adb44c05e97098167
softmax_whole_stage_atc_trace_v1,softmax_whole_stage_operand_rate_atc,softmax_whole_stage_operand_rate_atc_v2,20260728_operand_rate_v2_final_reduction_session03_CAB,reduction,fp16_scalar,20260728_operand_rate_v2_final_reduction_session03_CAB_reduction_fp16_scalar,0,2,20260728_operand_rate_v2_final_reduction_session03_CAB_reduction_fp16_scalar_b0_r2_control,control,control,20260728_operand_rate_v2_final_reduction_session03_CAB_reduction_fp16_scalar_b0_r2_control_1785247680183,6,184428.96319703001,184428.96454633601,184428.96387168299,0.0013493059959728271,1.5194254810048733,10659886944,true,true,5dff3859ad319cb37301e68cfc6fde00723e3a42110ca93adb44c05e97098167
softmax_whole_stage_atc_trace_v1,softmax_whole_stage_operand_rate_atc,softmax_whole_stage_operand_rate_atc_v2,20260728_operand_rate_v2_final_reduction_session03_CAB,reduction,fp16_scalar,20260728_operand_rate_v2_final_reduction_session03_CAB_reduction_fp16_scalar,0,2,20260728_operand_rate_v2_final_reduction_session03_CAB_reduction_fp16_scalar_b0_r2_control,control,control,20260728_operand_rate_v2_final_reduction_session03_CAB_reduction_fp16_scalar_b0_r2_control_1785247680183,7,184429.216591751,184429.21799898599,184429.21729536849,0.0014072349877096713,1.7728491665038746,10659947716,true,true,5dff3859ad319cb37301e68cfc6fde00723e3a42110ca93adb44c05e97098167
softmax_whole_stage_atc_trace_v1,softmax_whole_stage_operand_rate_atc,softmax_whole_stage_operand_rate_atc_v2,20260728_operand_rate_v2_final_reduction_session03_CAB,reduction,fp16_scalar,20260728_operand_rate_v2_final_reduction_session03_CAB_reduction_fp16_scalar,0,2,20260728_operand_rate_v2_final_reduction_session03_CAB_reduction_fp16_scalar_b0_r2_control,control,control,20260728_operand_rate_v2_final_reduction_session03_CAB_reduction_fp16_scalar_b0_r2_control_1785247680183,8,184429.470108518,184429.47150844801,184429.47080848302,0.0013999300135765225,2.0263622810307425,10659989124,true,true,5dff3859ad319cb37301e68cfc6fde00723e3a42110ca93adb44c05e97098167
softmax_whole_stage_atc_trace_v1,softmax_whole_stage_operand_rate_atc,softmax_whole_stage_operand_rate_atc_v2,20260728_operand_rate_v2_final_reduction_session03_CAB,reduction,fp16_scalar,20260728_operand_rate_v2_final_reduction_session03_CAB_reduction_fp16_scalar,0,2,20260728_operand_rate_v2_final_reduction_session03_CAB_reduction_fp16_scalar_b0_r2_control,control,control,20260728_operand_rate_v2_final_reduction_session03_CAB_reduction_fp16_scalar_b0_r2_control_1785247680183,9,184429.72363025599,184429.725090347,184429.72436030151,0.001460091007174924,2.2799140995193738,10660049944,true,true,5dff3859ad319cb37301e68cfc6fde00723e3a42110ca93adb44c05e97098167
softmax_whole_stage_atc_trace_v1,softmax_whole_stage_operand_rate_atc,softmax_whole_stage_operand_rate_atc_v2,20260728_operand_rate_v2_final_reduction_session03_CAB,reduction,fp16_scalar,20260728_operand_rate_v2_final_reduction_session03_CAB_reduction_fp16_scalar,0,2,20260728_operand_rate_v2_final_reduction_session03_CAB_reduction_fp16_scalar_b0_r2_control,control,control,20260728_operand_rate_v2_final_reduction_session03_CAB_reduction_fp16_scalar_b0_r2_control_1785247680183,10,184429.97717999501,184429.978563287,184429.97787164099,0.0013832919939886779,2.5334254390036222,10660091312,true,true,5dff3859ad319cb37301e68cfc6fde00723e3a42110ca93adb44c05e97098167
softmax_whole_stage_atc_trace_v1,softmax_whole_stage_operand_rate_atc,softmax_whole_stage_operand_rate_atc_v2,20260728_operand_rate_v2_final_reduction_session03_CAB,reduction,fp16_scalar,20260728_operand_rate_v2_final_reduction_session03_CAB_reduction_fp16_scalar,0,2,20260728_operand_rate_v2_final_reduction_session03_CAB_reduction_fp16_scalar_b0_r2_control,control,control,20260728_operand_rate_v2_final_reduction_session03_CAB_reduction_fp16_scalar_b0_r2_control_1785247680183,11,184430.229406197,184430.23079050399,184430.2300983505,0.0013843069900758564,2.7856521485082339,10660152088,true,true,5dff3859ad319cb37301e68cfc6fde00723e3a42110ca93adb44c05e97098167
softmax_whole_stage_atc_trace_v1,softmax_whole_stage_operand_rate_atc,softmax_whole_stage_operand_rate_atc_v2,20260728_operand_rate_v2_final_reduction_session03_CAB,reduction,fp16_scalar,20260728_operand_rate_v2_final_reduction_session03_CAB_reduction_fp16_scalar,0,2,20260728_operand_rate_v2_final_reduction_session03_CAB_reduction_fp16_scalar_b0_r2_control,control,control,20260728_operand_rate_v2_final_reduction_session03_CAB_reduction_fp16_scalar_b0_r2_control_1785247680183,12,184430.48294071801,184430.484374939,184430.4836578285,0.0014342209906317294,3.0392116265138611,10660193763,true,true,5dff3859ad319cb37301e68cfc6fde00723e3a42110ca93adb44c05e97098167
softmax_whole_stage_atc_trace_v1,softmax_whole_stage_operand_rate_atc,softmax_whole_stage_operand_rate_atc_v2,20260728_operand_rate_v2_final_reduction_session03_CAB,reduction,fp16_scalar,20260728_operand_rate_v2_final_reduction_session03_CAB_reduction_fp16_scalar,0,2,20260728_operand_rate_v2_final_reduction_session03_CAB_reduction_fp16_scalar_b0_r2_control,control,control,20260728_operand_rate_v2_final_reduction_session03_CAB_reduction_fp16_scalar_b0_r2_control_1785247680183,13,184430.73653468999,184430.73795034501,184430.7372425175,0.0014156550168991089,3.2927963155088946,10660254691,true,true,5dff3859ad319cb37301e68cfc6fde00723e3a42110ca93adb44c05e97098167
softmax_whole_stage_atc_trace_v1,softmax_whole_stage_operand_rate_atc,softmax_whole_stage_operand_rate_atc_v2,20260728_operand_rate_v2_final_reduction_session03_CAB,reduction,fp16_scalar,20260728_operand_rate_v2_final_reduction_session03_CAB_reduction_fp16_scalar,0,2,20260728_operand_rate_v2_final_reduction_session03_CAB_reduction_fp16_scalar_b0_r2_control,control,control,20260728_operand_rate_v2_final_reduction_session03_CAB_reduction_fp16_scalar_b0_r2_control_1785247680183,14,184430.99011598001,184430.99155415801,184430.99083506901,0.0014381780056282878,3.5463888670201413,10660296077,true,true,5dff3859ad319cb37301e68cfc6fde00723e3a42110ca93adb44c05e97098167
softmax_whole_stage_atc_trace_v1,softmax_whole_stage_operand_rate_atc,softmax_whole_stage_operand_rate_atc_v2,20260728_operand_rate_v2_final_reduction_session03_CAB,reduction,fp16_scalar,20260728_operand_rate_v2_final_reduction_session03_CAB_reduction_fp16_scalar,0,2,20260728_operand_rate_v2_final_reduction_session03_CAB_reduction_fp16_scalar_b0_r2_control,control,control,20260728_operand_rate_v2_final_reduction_session03_CAB_reduction_fp16_scalar_b0_r2_control_1785247680183,15,184431.242202889,184431.24361996501,184431.24291142699,0.0014170760114211589,3.7984652250015642,10660356706,true,true,5dff3859ad319cb37301e68cfc6fde00723e3a42110ca93adb44c05e97098167
softmax_whole_stage_atc_trace_v1,softmax_whole_stage_operand_rate_atc,softmax_whole_stage_operand_rate_atc_v2,20260728_operand_rate_v2_final_reduction_session03_CAB,reduction,fp16_scalar,20260728_operand_rate_v2_final_reduction_session03_CAB_reduction_fp16_scalar,0,2,20260728_operand_rate_v2_final_reduction_session03_CAB_reduction_fp16_scalar_b0_r2_control,control,control,20260728_operand_rate_v2_final_reduction_session03_CAB_reduction_fp16_scalar_b0_r2_control_1785247680183,16,184431.49511145501,184431.49642312201,184431.49576728849,0.0013116670015733689,4.0513210865028668,10660398325,true,true,5dff3859ad319cb37301e68cfc6fde00723e3a42110ca93adb44c05e97098167
softmax_whole_stage_atc_trace_v1,softmax_whole_stage_operand_rate_atc,softmax_whole_stage_operand_rate_atc_v2,20260728_operand_rate_v2_final_reduction_session03_CAB,reduction,fp16_scalar,20260728_operand_rate_v2_final_reduction_session03_CAB_reduction_fp16_scalar,0,2,20260728_operand_rate_v2_final_reduction_session03_CAB_reduction_fp16_scalar_b0_r2_control,control,control,20260728_operand_rate_v2_final_reduction_session03_CAB_reduction_fp16_scalar_b0_r2_control_1785247680183,17,184431.74865581599,184431.750137922,184431.74939686898,0.0014821060176473111,4.3049506669922266,10660459383,true,true,5dff3859ad319cb37301e68cfc6fde00723e3a42110ca93adb44c05e97098167
softmax_whole_stage_atc_trace_v1,softmax_whole_stage_operand_rate_atc,softmax_whole_stage_operand_rate_atc_v2,20260728_operand_rate_v2_final_reduction_session03_CAB,reduction,fp16_scalar,20260728_operand_rate_v2_final_reduction_session03_CAB_reduction_fp16_scalar,0,2,20260728_operand_rate_v2_final_reduction_session03_CAB_reduction_fp16_scalar_b0_r2_control,control,control,20260728_operand_rate_v2_final_reduction_session03_CAB_reduction_fp16_scalar_b0_r2_control_1785247680183,18,184432.002348298,184432.003685125,184432.0030167115,0.0013368270010687411,4.5585705095145386,10660501195,true,true,5dff3859ad319cb37301e68cfc6fde00723e3a42110ca93adb44c05e97098167
softmax_whole_stage_atc_trace_v1,softmax_whole_stage_operand_rate_atc,softmax_whole_stage_operand_rate_atc_v2,20260728_operand_rate_v2_final_reduction_session03_CAB,reduction,fp16_scalar,20260728_operand_rate_v2_final_reduction_session03_CAB_reduction_fp16_scalar,0,2,20260728_operand_rate_v2_final_reduction_session03_CAB_reduction_fp16_scalar_b0_r2_control,control,control,20260728_operand_rate_v2_final_reduction_session03_CAB_reduction_fp16_scalar_b0_r2_control_1785247680183,19,184432.253836744,184432.25674272201,184432.255289733,0.002905978006310761,4.8108435310132336,10660562276,true,true,5dff3859ad319cb37301e68cfc6fde00723e3a42110ca93adb44c05e97098167
softmax_whole_stage_atc_trace_v1,softmax_whole_stage_operand_rate_atc,softmax_whole_stage_operand_rate_atc_v2,20260728_operand_rate_v2_final_reduction_session03_CAB,reduction,fp16_scalar,20260728_operand_rate_v2_final_reduction_session03_CAB_reduction_fp16_scalar,0,2,20260728_operand_rate_v2_final_reduction_session03_CAB_reduction_fp16_scalar_b0_r2_control,control,control,20260728_operand_rate_v2_final_reduction_session03_CAB_reduction_fp16_scalar_b0_r2_control_1785247680183,20,184432.50904389701,184432.51046969701,184432.50975679699,0.0014258000010158867,5.0653105950041208,10660604224,true,true,5dff3859ad319cb37301e68cfc6fde00723e3a42110ca93adb44c05e97098167
softmax_whole_stage_atc_trace_v1,softmax_whole_stage_operand_rate_atc,softmax_whole_stage_operand_rate_atc_v2,20260728_operand_rate_v2_final_reduction_session03_CAB,reduction,fp16_scalar,20260728_operand_rate_v2_final_reduction_session03_CAB_reduction_fp16_scalar,0,2,20260728_operand_rate_v2_final_reduction_session03_CAB_reduction_fp16_scalar_b0_r2_control,control,control,20260728_operand_rate_v2_final_reduction_session03_CAB_reduction_fp16_scalar_b0_r2_control_1785247680183,21,184432.762795118,184432.764224977,184432.76351004752,0.0014298589958343655,5.3190638455271255,10660665452,true,true,5dff3859ad319cb37301e68cfc6fde00723e3a42110ca93adb44c05e97098167
softmax_whole_stage_atc_trace_v1,softmax_whole_stage_operand_rate_atc,softmax_whole_stage_operand_rate_atc_v2,20260728_operand_rate_v2_final_reduction_session03_CAB,reduction,fp16_scalar,20260728_operand_rate_v2_final_reduction_session03_CAB_reduction_fp16_scalar,0,2,20260728_operand_rate_v2_final_reduction_session03_CAB_reduction_fp16_scalar_b0_r2_control,control,control,20260728_operand_rate_v2_final_reduction_session03_CAB_reduction_fp16_scalar_b0_r2_control_1785247680183,22,184433.01654329701,184433.01791938499,184433.01723134099,0.0013760879810433835,5.5727851389965508,10660707356,true,true,5dff3859ad319cb37301e68cfc6fde00723e3a42110ca93adb44c05e97098167
softmax_whole_stage_atc_trace_v1,softmax_whole_stage_operand_rate_atc,softmax_whole_stage_operand_rate_atc_v2,20260728_operand_rate_v2_final_reduction_session03_CAB,reduction,fp16_scalar,20260728_operand_rate_v2_final_reduction_session03_CAB_reduction_fp16_scalar,0,2,20260728_operand_rate_v2_final_reduction_session03_CAB_reduction_fp16_scalar_b0_r2_control,control,control,20260728_operand_rate_v2_final_reduction_session03_CAB_reduction_fp16_scalar_b0_r2_control_1785247680183,23,184433.27030364901,184433.271677404,184433.27099052651,0.0013737549888901412,5.8265443245181814,10660768596,true,true,5dff3859ad319cb37301e68cfc6fde00723e3a42110ca93adb44c05e97098167
softmax_whole_stage_atc_trace_v1,softmax_whole_stage_operand_rate_atc,softmax_whole_stage_operand_rate_atc_v2,20260728_operand_rate_v2_final_reduction_session03_CAB,reduction,fp16_scalar,20260728_operand_rate_v2_final_reduction_session03_CAB_reduction_fp16_scalar,0,2,20260728_operand_rate_v2_final_reduction_session03_CAB_reduction_fp16_scalar_b0_r2_control,control,control,20260728_operand_rate_v2_final_reduction_session03_CAB_reduction_fp16_scalar_b0_r2_control_1785247680183,24,184433.52405923299,184433.52549345299,184433.52477634299,0.0014342200011014938,6.0803301410051063,10660810455,true,true,5dff3859ad319cb37301e68cfc6fde00723e3a42110ca93adb44c05e97098167
softmax_whole_stage_atc_trace_v1,softmax_whole_stage_operand_rate_atc,softmax_whole_stage_operand_rate_atc_v2,20260728_operand_rate_v2_final_reduction_session03_CAB,reduction,fp16_scalar,20260728_operand_rate_v2_final_reduction_session03_CAB_reduction_fp16_scalar,0,2,20260728_operand_rate_v2_final_reduction_session03_CAB_reduction_fp16_scalar_b0_r2_control,control,control,20260728_operand_rate_v2_final_reduction_session03_CAB_reduction_fp16_scalar_b0_r2_control_1785247680183,25,184433.77794639999,184433.779375852,184433.77866112598,0.0014294520078692585,6.3342149239906576,10660871577,true,true,5dff3859ad319cb37301e68cfc6fde00723e3a42110ca93adb44c05e97098167
softmax_whole_stage_atc_trace_v1,softmax_whole_stage_operand_rate_atc,softmax_whole_stage_operand_rate_atc_v2,20260728_operand_rate_v2_final_reduction_session03_CAB,reduction,fp16_scalar,20260728_operand_rate_v2_final_reduction_session03_CAB_reduction_fp16_scalar,0,2,20260728_operand_rate_v2_final_reduction_session03_CAB_reduction_fp16_scalar_b0_r2_control,control,control,20260728_operand_rate_v2_final_reduction_session03_CAB_reduction_fp16_scalar_b0_r2_control_1785247680183,26,184434.031843509,184434.033216148,184434.03252982849,0.0013726390025112778,6.5880836264987011,10660913302,true,true,5dff3859ad319cb37301e68cfc6fde00723e3a42110ca93adb44c05e97098167
softmax_whole_stage_atc_trace_v1,softmax_whole_stage_operand_rate_atc,softmax_whole_stage_operand_rate_atc_v2,20260728_operand_rate_v2_final_reduction_session03_CAB,reduction,fp16_scalar,20260728_operand_rate_v2_final_reduction_session03_CAB_reduction_fp16_scalar,0,2,20260728_operand_rate_v2_final_reduction_session03_CAB_reduction_fp16_scalar_b0_r2_control,control,control,20260728_operand_rate_v2_final_reduction_session03_CAB_reduction_fp16_scalar_b0_r2_control_1785247680183,27,184434.28572631301,184434.287120561,184434.28642343701,0.001394247985444963,6.8419772350171115,10660974252,true,true,5dff3859ad319cb37301e68cfc6fde00723e3a42110ca93adb44c05e97098167
softmax_whole_stage_atc_trace_v1,softmax_whole_stage_operand_rate_atc,softmax_whole_stage_operand_rate_atc_v2,20260728_operand_rate_v2_final_reduction_session03_CAB,reduction,fp16_scalar,20260728_operand_rate_v2_final_reduction_session03_CAB_reduction_fp16_scalar,0,2,20260728_operand_rate_v2_final_reduction_session03_CAB_reduction_fp16_scalar_b0_r2_control,control,control,20260728_operand_rate_v2_final_reduction_session03_CAB_reduction_fp16_scalar_b0_r2_control_1785247680183,28,184434.539678409,184434.54105835201,184434.54036838049,0.0013799430162180215,7.0959221785014961,10661015821,true,true,5dff3859ad319cb37301e68cfc6fde00723e3a42110ca93adb44c05e97098167
softmax_whole_stage_atc_trace_v1,softmax_whole_stage_operand_rate_atc,softmax_whole_stage_operand_rate_atc_v2,20260728_operand_rate_v2_final_reduction_session03_CAB,reduction,fp16_scalar,20260728_operand_rate_v2_final_reduction_session03_CAB_reduction_fp16_scalar,0,2,20260728_operand_rate_v2_final_reduction_session03_CAB_reduction_fp16_scalar_b0_r2_control,control,control,20260728_operand_rate_v2_final_reduction_session03_CAB_reduction_fp16_scalar_b0_r2_control_1785247680183,29,184434.793644099,184434.79507131901,184434.794357709,0.0014272200060077012,7.3499115070153493,10661076586,true,false,5dff3859ad319cb37301e68cfc6fde00723e3a42110ca93adb44c05e97098167
softmax_whole_stage_atc_trace_v1,softmax_whole_stage_operand_rate_atc,softmax_whole_stage_operand_rate_atc_v2,20260728_operand_rate_v2_final_reduction_session03_CAB,reduction,fp16_scalar,20260728_operand_rate_v2_final_reduction_session03_CAB_reduction_fp16_scalar,0,2,20260728_operand_rate_v2_final_reduction_session03_CAB_reduction_fp16_scalar_b0_r2_control,control,control,20260728_operand_rate_v2_final_reduction_session03_CAB_reduction_fp16_scalar_b0_r2_control_1785247680183,30,184435.047689834,184435.04908743099,184435.04838863248,0.0013975969923194498,7.6039424304908607,10661117967,true,false,5dff3859ad319cb37301e68cfc6fde00723e3a42110ca93adb44c05e97098167
softmax_whole_stage_atc_trace_v1,softmax_whole_stage_operand_rate_atc,softmax_whole_stage_operand_rate_atc_v2,20260728_operand_rate_v2_final_reduction_session03_CAB,reduction,fp16_scalar,20260728_operand_rate_v2_final_reduction_session03_CAB_reduction_fp16_scalar,0,2,20260728_operand_rate_v2_final_reduction_session03_CAB_reduction_fp16_scalar_b0_r2_control,control,control,20260728_operand_rate_v2_final_reduction_session03_CAB_reduction_fp16_scalar_b0_r2_control_1785247680183,31,184435.301845137,184435.30323603799,184435.30254058749,0.0013909009867347777,7.8580943855049554,10661176490,true,false,5dff3859ad319cb37301e68cfc6fde00723e3a42110ca93adb44c05e97098167
softmax_whole_stage_atc_trace_v1,softmax_whole_stage_operand_rate_atc,softmax_whole_stage_operand_rate_atc_v2,20260728_operand_rate_v2_final_reduction_session03_CAB,reduction,fp16_scalar,20260728_operand_rate_v2_final_reduction_session03_CAB_reduction_fp16_scalar,0,2,20260728_operand_rate_v2_final_reduction_session03_CAB_reduction_fp16_scalar_b0_r2_control,control,control,20260728_operand_rate_v2_final_reduction_session03_CAB_reduction_fp16_scalar_b0_r2_control_1785247680183,32,184435.30324131399,184435.30446167401,184435.30385149398,0.0012203600199427456,7.8594052919943351,10661176490,false,false,5dff3859ad319cb37301e68cfc6fde00723e3a42110ca93adb44c05e97098167
softmax_whole_stage_atc_trace_v1,softmax_whole_stage_operand_rate_atc,softmax_whole_stage_operand_rate_atc_v2,20260728_operand_rate_v2_final_reduction_session03_CAB,reduction,fp16_scalar,20260728_operand_rate_v2_final_reduction_session03_CAB_reduction_fp16_scalar,1,0,20260728_operand_rate_v2_final_reduction_session03_CAB_reduction_fp16_scalar_b1_r0_treatment,treatment,treatment,20260728_operand_rate_v2_final_reduction_session03_CAB_reduction_fp16_scalar_b1_r0_treatment_1785247689076,0,184436.330303311,184436.33540490299,184436.33285410699,0.0051015919889323413,0.0025601300003472716,10661309497,false,false,5dff3859ad319cb37301e68cfc6fde00723e3a42110ca93adb44c05e97098167
softmax_whole_stage_atc_trace_v1,softmax_whole_stage_operand_rate_atc,softmax_whole_stage_operand_rate_atc_v2,20260728_operand_rate_v2_final_reduction_session03_CAB,reduction,fp16_scalar,20260728_operand_rate_v2_final_reduction_session03_CAB_reduction_fp16_scalar,1,0,20260728_operand_rate_v2_final_reduction_session03_CAB_reduction_fp16_scalar_b1_r0_treatment,treatment,treatment,20260728_operand_rate_v2_final_reduction_session03_CAB_reduction_fp16_scalar_b1_r0_treatment_1785247689076,1,184436.588791102,184436.59027828099,184436.58953469148,0.0014871789899189025,0.25924071448389441,10661341884,true,false,5dff3859ad319cb37301e68cfc6fde00723e3a42110ca93adb44c05e97098167
softmax_whole_stage_atc_trace_v1,softmax_whole_stage_operand_rate_atc,softmax_whole_stage_operand_rate_atc_v2,20260728_operand_rate_v2_final_reduction_session03_CAB,reduction,fp16_scalar,20260728_operand_rate_v2_final_reduction_session03_CAB_reduction_fp16_scalar,1,0,20260728_operand_rate_v2_final_reduction_session03_CAB_reduction_fp16_scalar_b1_r0_treatment,treatment,treatment,20260728_operand_rate_v2_final_reduction_session03_CAB_reduction_fp16_scalar_b1_r0_treatment_1785247689076,2,184436.8440783,184436.846084099,184436.84508119948,0.0020057990041095763,0.51478722249157727,10661398414,true,true,5dff3859ad319cb37301e68cfc6fde00723e3a42110ca93adb44c05e97098167
softmax_whole_stage_atc_trace_v1,softmax_whole_stage_operand_rate_atc,softmax_whole_stage_operand_rate_atc_v2,20260728_operand_rate_v2_final_reduction_session03_CAB,reduction,fp16_scalar,20260728_operand_rate_v2_final_reduction_session03_CAB_reduction_fp16_scalar,1,0,20260728_operand_rate_v2_final_reduction_session03_CAB_reduction_fp16_scalar_b1_r0_treatment,treatment,treatment,20260728_operand_rate_v2_final_reduction_session03_CAB_reduction_fp16_scalar_b1_r0_treatment_1785247689076,3,184437.09633136599,184437.09772977099,184437.09703056849,0.0013984050019644201,0.76673659149673767,10661436585,true,true,5dff3859ad319cb37301e68cfc6fde00723e3a42110ca93adb44c05e97098167
softmax_whole_stage_atc_trace_v1,softmax_whole_stage_operand_rate_atc,softmax_whole_stage_operand_rate_atc_v2,20260728_operand_rate_v2_final_reduction_session03_CAB,reduction,fp16_scalar,20260728_operand_rate_v2_final_reduction_session03_CAB_reduction_fp16_scalar,1,0,20260728_operand_rate_v2_final_reduction_session03_CAB_reduction_fp16_scalar_b1_r0_treatment,treatment,treatment,20260728_operand_rate_v2_final_reduction_session03_CAB_reduction_fp16_scalar_b1_r0_treatment_1785247689076,4,184437.35163595999,184437.35325679,184437.35244637501,0.0016208300075959414,1.0221523980144411,10661493261,true,true,5dff3859ad319cb37301e68cfc6fde00723e3a42110ca93adb44c05e97098167
softmax_whole_stage_atc_trace_v1,softmax_whole_stage_operand_rate_atc,softmax_whole_stage_operand_rate_atc_v2,20260728_operand_rate_v2_final_reduction_session03_CAB,reduction,fp16_scalar,20260728_operand_rate_v2_final_reduction_session03_CAB_reduction_fp16_scalar,1,0,20260728_operand_rate_v2_final_reduction_session03_CAB_reduction_fp16_scalar_b1_r0_treatment,treatment,treatment,20260728_operand_rate_v2_final_reduction_session03_CAB_reduction_fp16_scalar_b1_r0_treatment_1785247689076,5,184437.607172622,184437.61247427799,184437.60982344998,0.005301655997755006,1.2795294729876332,10661551653,true,true,5dff3859ad319cb37301e68cfc6fde00723e3a42110ca93adb44c05e97098167
softmax_whole_stage_atc_trace_v1,softmax_whole_stage_operand_rate_atc,softmax_whole_stage_operand_rate_atc_v2,20260728_operand_rate_v2_final_reduction_session03_CAB,reduction,fp16_scalar,20260728_operand_rate_v2_final_reduction_session03_CAB_reduction_fp16_scalar,1,0,20260728_operand_rate_v2_final_reduction_session03_CAB_reduction_fp16_scalar_b1_r0_treatment,treatment,treatment,20260728_operand_rate_v2_final_reduction_session03_CAB_reduction_fp16_scalar_b1_r0_treatment_1785247689076,6,184437.866436301,184437.86784577099,184437.867141036,0.0014094699872657657,1.5368470590037759,10661590930,true,true,5dff3859ad319cb37301e68cfc6fde00723e3a42110ca93adb44c05e97098167
softmax_whole_stage_atc_trace_v1,softmax_whole_stage_operand_rate_atc,softmax_whole_stage_operand_rate_atc_v2,20260728_operand_rate_v2_final_reduction_session03_CAB,reduction,fp16_scalar,20260728_operand_rate_v2_final_reduction_session03_CAB_reduction_fp16_scalar,1,0,20260728_operand_rate_v2_final_reduction_session03_CAB_reduction_fp16_scalar_b1_r0_treatment,treatment,treatment,20260728_operand_rate_v2_final_reduction_session03_CAB_reduction_fp16_scalar_b1_r0_treatment_1785247689076,7,184438.1218015,184438.12320102201,184438.12250126101,0.0013995220069773495,1.7922072840156034,10661647885,true,true,5dff3859ad319cb37301e68cfc6fde00723e3a42110ca93adb44c05e97098167
softmax_whole_stage_atc_trace_v1,softmax_whole_stage_operand_rate_atc,softmax_whole_stage_operand_rate_atc_v2,20260728_operand_rate_v2_final_reduction_session03_CAB,reduction,fp16_scalar,20260728_operand_rate_v2_final_reduction_session03_CAB_reduction_fp16_scalar,1,0,20260728_operand_rate_v2_final_reduction_session03_CAB_reduction_fp16_scalar_b1_r0_treatment,treatment,treatment,20260728_operand_rate_v2_final_reduction_session03_CAB_reduction_fp16_scalar_b1_r0_treatment_1785247689076,8,184438.377155939,184438.37856144999,184438.3778586945,0.0014055109932087362,2.0475647175044287,10661686424,true,true,5dff3859ad319cb37301e68cfc6fde00723e3a42110ca93adb44c05e97098167
softmax_whole_stage_atc_trace_v1,softmax_whole_stage_operand_rate_atc,softmax_whole_stage_operand_rate_atc_v2,20260728_operand_rate_v2_final_reduction_session03_CAB,reduction,fp16_scalar,20260728_operand_rate_v2_final_reduction_session03_CAB_reduction_fp16_scalar,1,0,20260728_operand_rate_v2_final_reduction_session03_CAB_reduction_fp16_scalar_b1_r0_treatment,treatment,treatment,20260728_operand_rate_v2_final_reduction_session03_CAB_reduction_fp16_scalar_b1_r0_treatment_1785247689076,9,184438.63246834901,184438.63385111999,184438.63315973448,0.0013827709772158414,2.3028657574905083,10661742666,true,true,5dff3859ad319cb37301e68cfc6fde00723e3a42110ca93adb44c05e97098167
softmax_whole_stage_atc_trace_v1,softmax_whole_stage_operand_rate_atc,softmax_whole_stage_operand_rate_atc_v2,20260728_operand_rate_v2_final_reduction_session03_CAB,reduction,fp16_scalar,20260728_operand_rate_v2_final_reduction_session03_CAB_reduction_fp16_scalar,1,0,20260728_operand_rate_v2_final_reduction_session03_CAB_reduction_fp16_scalar_b1_r0_treatment,treatment,treatment,20260728_operand_rate_v2_final_reduction_session03_CAB_reduction_fp16_scalar_b1_r0_treatment_1785247689076,10,184438.88780634201,184438.89116332601,184438.88948483401,0.0033569840015843511,2.5591908570204396,10661780542,true,true,5dff3859ad319cb37301e68cfc6fde00723e3a42110ca93adb44c05e97098167
softmax_whole_stage_atc_trace_v1,softmax_whole_stage_operand_rate_atc,softmax_whole_stage_operand_rate_atc_v2,20260728_operand_rate_v2_final_reduction_session03_CAB,reduction,fp16_scalar,20260728_operand_rate_v2_final_reduction_session03_CAB_reduction_fp16_scalar,1,0,20260728_operand_rate_v2_final_reduction_session03_CAB_reduction_fp16_scalar_b1_r0_treatment,treatment,treatment,20260728_operand_rate_v2_final_reduction_session03_CAB_reduction_fp16_scalar_b1_r0_treatment_1785247689076,11,184439.14512575499,184439.14651461699,184439.14582018601,0.0013888620014768094,2.8155262090149336,10661839728,true,true,5dff3859ad319cb37301e68cfc6fde00723e3a42110ca93adb44c05e97098167
softmax_whole_stage_atc_trace_v1,softmax_whole_stage_operand_rate_atc,softmax_whole_stage_operand_rate_atc_v2,20260728_operand_rate_v2_final_reduction_session03_CAB,reduction,fp16_scalar,20260728_operand_rate_v2_final_reduction_session03_CAB_reduction_fp16_scalar,1,0,20260728_operand_rate_v2_final_reduction_session03_CAB_reduction_fp16_scalar_b1_r0_treatment,treatment,treatment,20260728_operand_rate_v2_final_reduction_session03_CAB_reduction_fp16_scalar_b1_r0_treatment_1785247689076,12,184439.400457454,184439.401904283,184439.4011808685,0.0014468290028162301,3.0708868915098719,10661876564,true,true,5dff3859ad319cb37301e68cfc6fde00723e3a42110ca93adb44c05e97098167
softmax_whole_stage_atc_trace_v1,softmax_whole_stage_operand_rate_atc,softmax_whole_stage_operand_rate_atc_v2,20260728_operand_rate_v2_final_reduction_session03_CAB,reduction,fp16_scalar,20260728_operand_rate_v2_final_reduction_session03_CAB_reduction_fp16_scalar,1,0,20260728_operand_rate_v2_final_reduction_session03_CAB_reduction_fp16_scalar_b1_r0_treatment,treatment,treatment,20260728_operand_rate_v2_final_reduction_session03_CAB_reduction_fp16_scalar_b1_r0_treatment_1785247689076,13,184439.65583584999,184439.657236489,184439.6565361695,0.001400639011990279,3.326242192502832,10661935043,true,true,5dff3859ad319cb37301e68cfc6fde00723e3a42110ca93adb44c05e97098167
softmax_whole_stage_atc_trace_v1,softmax_whole_stage_operand_rate_atc,softmax_whole_stage_operand_rate_atc_v2,20260728_operand_rate_v2_final_reduction_session03_CAB,reduction,fp16_scalar,20260728_operand_rate_v2_final_reduction_session03_CAB_reduction_fp16_scalar,1,0,20260728_operand_rate_v2_final_reduction_session03_CAB_reduction_fp16_scalar_b1_r0_treatment,treatment,treatment,20260728_operand_rate_v2_final_reduction_session03_CAB_reduction_fp16_scalar_b1_r0_treatment_1785247689076,14,184439.911167346,184439.91256270499,184439.9118650255,0.0013953589950688183,3.5815710485039745,10661971198,true,true,5dff3859ad319cb37301e68cfc6fde00723e3a42110ca93adb44c05e97098167
softmax_whole_stage_atc_trace_v1,softmax_whole_stage_operand_rate_atc,softmax_whole_stage_operand_rate_atc_v2,20260728_operand_rate_v2_final_reduction_session03_CAB,reduction,fp16_scalar,20260728_operand_rate_v2_final_reduction_session03_CAB_reduction_fp16_scalar,1,0,20260728_operand_rate_v2_final_reduction_session03_CAB_reduction_fp16_scalar_b1_r0_treatment,treatment,treatment,20260728_operand_rate_v2_final_reduction_session03_CAB_reduction_fp16_scalar_b1_r0_treatment_1785247689076,15,184440.162766547,184440.16420647199,184440.1634865095,0.0014399249921552837,3.8331925325037446,10662029030,true,true,5dff3859ad319cb37301e68cfc6fde00723e3a42110ca93adb44c05e97098167
softmax_whole_stage_atc_trace_v1,softmax_whole_stage_operand_rate_atc,softmax_whole_stage_operand_rate_atc_v2,20260728_operand_rate_v2_final_reduction_session03_CAB,reduction,fp16_scalar,20260728_operand_rate_v2_final_reduction_session03_CAB_reduction_fp16_scalar,1,0,20260728_operand_rate_v2_final_reduction_session03_CAB_reduction_fp16_scalar_b1_r0_treatment,treatment,treatment,20260728_operand_rate_v2_final_reduction_session03_CAB_reduction_fp16_scalar_b1_r0_treatment_1785247689076,16,184440.418129005,184440.41964100799,184440.41888500651,0.0015120029856916517,4.0885910295182839,10662065290,true,true,5dff3859ad319cb37301e68cfc6fde00723e3a42110ca93adb44c05e97098167
softmax_whole_stage_atc_trace_v1,softmax_whole_stage_operand_rate_atc,softmax_whole_stage_operand_rate_atc_v2,20260728_operand_rate_v2_final_reduction_session03_CAB,reduction,fp16_scalar,20260728_operand_rate_v2_final_reduction_session03_CAB_reduction_fp16_scalar,1,0,20260728_operand_rate_v2_final_reduction_session03_CAB_reduction_fp16_scalar_b1_r0_treatment,treatment,treatment,20260728_operand_rate_v2_final_reduction_session03_CAB_reduction_fp16_scalar_b1_r0_treatment_1785247689076,17,184440.67254704499,184440.67718568901,184440.67486636702,0.0046386440226342529,4.344572390022222,10662123246,true,true,5dff3859ad319cb37301e68cfc6fde00723e3a42110ca93adb44c05e97098167
softmax_whole_stage_atc_trace_v1,softmax_whole_stage_operand_rate_atc,softmax_whole_stage_operand_rate_atc_v2,20260728_operand_rate_v2_final_reduction_session03_CAB,reduction,fp16_scalar,20260728_operand_rate_v2_final_reduction_session03_CAB_reduction_fp16_scalar,1,0,20260728_operand_rate_v2_final_reduction_session03_CAB_reduction_fp16_scalar_b1_r0_treatment,treatment,treatment,20260728_operand_rate_v2_final_reduction_session03_CAB_reduction_fp16_scalar_b1_r0_treatment_1785247689076,18,184440.93115969101,184440.93260063199,184440.93188016152,0.0014409409777726978,4.6015861845226027,10662162471,true,true,5dff3859ad319cb37301e68cfc6fde00723e3a42110ca93adb44c05e97098167
softmax_whole_stage_atc_trace_v1,softmax_whole_stage_operand_rate_atc,softmax_whole_stage_operand_rate_atc_v2,20260728_operand_rate_v2_final_reduction_session03_CAB,reduction,fp16_scalar,20260728_operand_rate_v2_final_reduction_session03_CAB_reduction_fp16_scalar,1,0,20260728_operand_rate_v2_final_reduction_session03_CAB_reduction_fp16_scalar_b1_r0_treatment,treatment,treatment,20260728_operand_rate_v2_final_reduction_session03_CAB_reduction_fp16_scalar_b1_r0_treatment_1785247689076,19,184441.184040755,184441.185391751,184441.18471625302,0.0013509959971997887,4.8544222760247067,10662219407,true,true,5dff3859ad319cb37301e68cfc6fde00723e3a42110ca93adb44c05e97098167
softmax_whole_stage_atc_trace_v1,softmax_whole_stage_operand_rate_atc,softmax_whole_stage_operand_rate_atc_v2,20260728_operand_rate_v2_final_reduction_session03_CAB,reduction,fp16_scalar,20260728_operand_rate_v2_final_reduction_session03_CAB_reduction_fp16_scalar,1,0,20260728_operand_rate_v2_final_reduction_session03_CAB_reduction_fp16_scalar_b1_r0_treatment,treatment,treatment,20260728_operand_rate_v2_final_reduction_session03_CAB_reduction_fp16_scalar_b1_r0_treatment_1785247689076,20,184441.43932260899,184441.44065289499,184441.439987752,0.0013302860024850816,5.1096937750116922,10662258520,true,true,5dff3859ad319cb37301e68cfc6fde00723e3a42110ca93adb44c05e97098167
softmax_whole_stage_atc_trace_v1,softmax_whole_stage_operand_rate_atc,softmax_whole_stage_operand_rate_atc_v2,20260728_operand_rate_v2_final_reduction_session03_CAB,reduction,fp16_scalar,20260728_operand_rate_v2_final_reduction_session03_CAB_reduction_fp16_scalar,1,0,20260728_operand_rate_v2_final_reduction_session03_CAB_reduction_fp16_scalar_b1_r0_treatment,treatment,treatment,20260728_operand_rate_v2_final_reduction_session03_CAB_reduction_fp16_scalar_b1_r0_treatment_1785247689076,21,184441.6945669,184441.69596368101,184441.6952652905,0.0013967810082249343,5.3649713135091588,10662315431,true,true,5dff3859ad319cb37301e68cfc6fde00723e3a42110ca93adb44c05e97098167
softmax_whole_stage_atc_trace_v1,softmax_whole_stage_operand_rate_atc,softmax_whole_stage_operand_rate_atc_v2,20260728_operand_rate_v2_final_reduction_session03_CAB,reduction,fp16_scalar,20260728_operand_rate_v2_final_reduction_session03_CAB_reduction_fp16_scalar,1,0,20260728_operand_rate_v2_final_reduction_session03_CAB_reduction_fp16_scalar_b1_r0_treatment,treatment,treatment,20260728_operand_rate_v2_final_reduction_session03_CAB_reduction_fp16_scalar_b1_r0_treatment_1785247689076,22,184441.949914639,184441.951285533,184441.95060008601,0.001370893995044753,5.6203061090200208,10662353930,true,true,5dff3859ad319cb37301e68cfc6fde00723e3a42110ca93adb44c05e97098167
softmax_whole_stage_atc_trace_v1,softmax_whole_stage_operand_rate_atc,softmax_whole_stage_operand_rate_atc_v2,20260728_operand_rate_v2_final_reduction_session03_CAB,reduction,fp16_scalar,20260728_operand_rate_v2_final_reduction_session03_CAB_reduction_fp16_scalar,1,0,20260728_operand_rate_v2_final_reduction_session03_CAB_reduction_fp16_scalar_b1_r0_treatment,treatment,treatment,20260728_operand_rate_v2_final_reduction_session03_CAB_reduction_fp16_scalar_b1_r0_treatment_1785247689076,23,184442.20518695001,184442.206558554,184442.20587275201,0.001371603982988745,5.8755787750124,10662410205,true,true,5dff3859ad319cb37301e68cfc6fde00723e3a42110ca93adb44c05e97098167
softmax_whole_stage_atc_trace_v1,softmax_whole_stage_operand_rate_atc,softmax_whole_stage_operand_rate_atc_v2,20260728_operand_rate_v2_final_reduction_session03_CAB,reduction,fp16_scalar,20260728_operand_rate_v2_final_reduction_session03_CAB_reduction_fp16_scalar,1,0,20260728_operand_rate_v2_final_reduction_session03_CAB_reduction_fp16_scalar_b1_r0_treatment,treatment,treatment,20260728_operand_rate_v2_final_reduction_session03_CAB_reduction_fp16_scalar_b1_r0_treatment_1785247689076,24,184442.460486975,184442.46330540799,184442.4618961915,0.002818432985804975,6.1316022145038005,10662448086,true,true,5dff3859ad319cb37301e68cfc6fde00723e3a42110ca93adb44c05e97098167
softmax_whole_stage_atc_trace_v1,softmax_whole_stage_operand_rate_atc,softmax_whole_stage_operand_rate_atc_v2,20260728_operand_rate_v2_final_reduction_session03_CAB,reduction,fp16_scalar,20260728_operand_rate_v2_final_reduction_session03_CAB_reduction_fp16_scalar,1,0,20260728_operand_rate_v2_final_reduction_session03_CAB_reduction_fp16_scalar_b1_r0_treatment,treatment,treatment,20260728_operand_rate_v2_final_reduction_session03_CAB_reduction_fp16_scalar_b1_r0_treatment_1785247689076,25,184442.71725870101,184442.718628173,184442.71794343699,0.0013694719818886369,6.387649459997192,10662507373,true,true,5dff3859ad319cb37301e68cfc6fde00723e3a42110ca93adb44c05e97098167
softmax_whole_stage_atc_trace_v1,softmax_whole_stage_operand_rate_atc,softmax_whole_stage_operand_rate_atc_v2,20260728_operand_rate_v2_final_reduction_session03_CAB,reduction,fp16_scalar,20260728_operand_rate_v2_final_reduction_session03_CAB_reduction_fp16_scalar,1,0,20260728_operand_rate_v2_final_reduction_session03_CAB_reduction_fp16_scalar_b1_r0_treatment,treatment,treatment,20260728_operand_rate_v2_final_reduction_session03_CAB_reduction_fp16_scalar_b1_r0_treatment_1785247689076,26,184442.97256035,184442.97393083799,184442.97324559401,0.0013704879966098815,6.6429516170173883,10662544294,true,true,5dff3859ad319cb37301e68cfc6fde00723e3a42110ca93adb44c05e97098167
softmax_whole_stage_atc_trace_v1,softmax_whole_stage_operand_rate_atc,softmax_whole_stage_operand_rate_atc_v2,20260728_operand_rate_v2_final_reduction_session03_CAB,reduction,fp16_scalar,20260728_operand_rate_v2_final_reduction_session03_CAB_reduction_fp16_scalar,1,0,20260728_operand_rate_v2_final_reduction_session03_CAB_reduction_fp16_scalar_b1_r0_treatment,treatment,treatment,20260728_operand_rate_v2_final_reduction_session03_CAB_reduction_fp16_scalar_b1_r0_treatment_1785247689076,27,184443.227888191,184443.22931908199,184443.2286036365,0.0014308909885585308,6.898309659503866,10662602856,true,true,5dff3859ad319cb37301e68cfc6fde00723e3a42110ca93adb44c05e97098167
softmax_whole_stage_atc_trace_v1,softmax_whole_stage_operand_rate_atc,softmax_whole_stage_operand_rate_atc_v2,20260728_operand_rate_v2_final_reduction_session03_CAB,reduction,fp16_scalar,20260728_operand_rate_v2_final_reduction_session03_CAB_reduction_fp16_scalar,1,0,20260728_operand_rate_v2_final_reduction_session03_CAB_reduction_fp16_scalar_b1_r0_treatment,treatment,treatment,20260728_operand_rate_v2_final_reduction_session03_CAB_reduction_fp16_scalar_b1_r0_treatment_1785247689076,28,184443.483275115,184443.484734228,184443.48400467151,0.0014591130020562559,7.1537106945179403,10662639079,true,true,5dff3859ad319cb37301e68cfc6fde00723e3a42110ca93adb44c05e97098167
softmax_whole_stage_atc_trace_v1,softmax_whole_stage_operand_rate_atc,softmax_whole_stage_operand_rate_atc_v2,20260728_operand_rate_v2_final_reduction_session03_CAB,reduction,fp16_scalar,20260728_operand_rate_v2_final_reduction_session03_CAB_reduction_fp16_scalar,1,0,20260728_operand_rate_v2_final_reduction_session03_CAB_reduction_fp16_scalar_b1_r0_treatment,treatment,treatment,20260728_operand_rate_v2_final_reduction_session03_CAB_reduction_fp16_scalar_b1_r0_treatment_1785247689076,29,184443.73860833599,184443.742172823,184443.74039057951,0.0035644870076794177,7.4100966025143862,10662696939,true,true,5dff3859ad319cb37301e68cfc6fde00723e3a42110ca93adb44c05e97098167
softmax_whole_stage_atc_trace_v1,softmax_whole_stage_operand_rate_atc,softmax_whole_stage_operand_rate_atc_v2,20260728_operand_rate_v2_final_reduction_session03_CAB,reduction,fp16_scalar,20260728_operand_rate_v2_final_reduction_session03_CAB_reduction_fp16_scalar,1,0,20260728_operand_rate_v2_final_reduction_session03_CAB_reduction_fp16_scalar_b1_r0_treatment,treatment,treatment,20260728_operand_rate_v2_final_reduction_session03_CAB_reduction_fp16_scalar_b1_r0_treatment_1785247689076,30,184443.99436894699,184443.99618347301,184443.99527621001,0.0018145260110031813,7.664982233021874,10662736030,true,true,5dff3859ad319cb37301e68cfc6fde00723e3a42110ca93adb44c05e97098167
softmax_whole_stage_atc_trace_v1,softmax_whole_stage_operand_rate_atc,softmax_whole_stage_operand_rate_atc_v2,20260728_operand_rate_v2_final_reduction_session03_CAB,reduction,fp16_scalar,20260728_operand_rate_v2_final_reduction_session03_CAB_reduction_fp16_scalar,1,0,20260728_operand_rate_v2_final_reduction_session03_CAB_reduction_fp16_scalar_b1_r0_treatment,treatment,treatment,20260728_operand_rate_v2_final_reduction_session03_CAB_reduction_fp16_scalar_b1_r0_treatment_1785247689076,31,184444.24767608001,184444.24966856599,184444.24867232301,0.0019924859807360917,7.9183783460175619,10662793115,true,true,5dff3859ad319cb37301e68cfc6fde00723e3a42110ca93adb44c05e97098167
softmax_whole_stage_atc_trace_v1,softmax_whole_stage_operand_rate_atc,softmax_whole_stage_operand_rate_atc_v2,20260728_operand_rate_v2_final_reduction_session03_CAB,reduction,fp16_scalar,20260728_operand_rate_v2_final_reduction_session03_CAB_reduction_fp16_scalar,1,0,20260728_operand_rate_v2_final_reduction_session03_CAB_reduction_fp16_scalar_b1_r0_treatment,treatment,treatment,20260728_operand_rate_v2_final_reduction_session03_CAB_reduction_fp16_scalar_b1_r0_treatment_1785247689076,32,184444.503593637,184444.50490686801,184444.5042502525,0.0013132310123182833,8.173956275510136,10662832237,true,true,5dff3859ad319cb37301e68cfc6fde00723e3a42110ca93adb44c05e97098167
softmax_whole_stage_atc_trace_v1,softmax_whole_stage_operand_rate_atc,softmax_whole_stage_operand_rate_atc_v2,20260728_operand_rate_v2_final_reduction_session03_CAB,reduction,fp16_scalar,20260728_operand_rate_v2_final_reduction_session03_CAB_reduction_fp16_scalar,1,0,20260728_operand_rate_v2_final_reduction_session03_CAB_reduction_fp16_scalar_b1_r0_treatment,treatment,treatment,20260728_operand_rate_v2_final_reduction_session03_CAB_reduction_fp16_scalar_b1_r0_treatment_1785247689076,33,184444.757828539,184444.75975595199,184444.7587922455,0.001927412988152355,8.4284982685057912,10662889099,true,true,5dff3859ad319cb37301e68cfc6fde00723e3a42110ca93adb44c05e97098167
softmax_whole_stage_atc_trace_v1,softmax_whole_stage_operand_rate_atc,softmax_whole_stage_operand_rate_atc_v2,20260728_operand_rate_v2_final_reduction_session03_CAB,reduction,fp16_scalar,20260728_operand_rate_v2_final_reduction_session03_CAB_reduction_fp16_scalar,1,0,20260728_operand_rate_v2_final_reduction_session03_CAB_reduction_fp16_scalar_b1_r0_treatment,treatment,treatment,20260728_operand_rate_v2_final_reduction_session03_CAB_reduction_fp16_scalar_b1_r0_treatment_1785247689076,34,184445.013692799,184445.01504227199,184445.01436753548,0.0013494729937519878,8.6840735584846698,10662947865,true,true,5dff3859ad319cb37301e68cfc6fde00723e3a42110ca93adb44c05e97098167
softmax_whole_stage_atc_trace_v1,softmax_whole_stage_operand_rate_atc,softmax_whole_stage_operand_rate_atc_v2,20260728_operand_rate_v2_final_reduction_session03_CAB,reduction,fp16_scalar,20260728_operand_rate_v2_final_reduction_session03_CAB_reduction_fp16_scalar,1,0,20260728_operand_rate_v2_final_reduction_session03_CAB_reduction_fp16_scalar_b1_r0_treatment,treatment,treatment,20260728_operand_rate_v2_final_reduction_session03_CAB_reduction_fp16_scalar_b1_r0_treatment_1785247689076,35,184445.26603348399,184445.268582997,184445.26730824049,0.0025495130103081465,8.9370142635016236,10662987796,true,true,5dff3859ad319cb37301e68cfc6fde00723e3a42110ca93adb44c05e97098167
softmax_whole_stage_atc_trace_v1,softmax_whole_stage_operand_rate_atc,softmax_whole_stage_operand_rate_atc_v2,20260728_operand_rate_v2_final_reduction_session03_CAB,reduction,fp16_scalar,20260728_operand_rate_v2_final_reduction_session03_CAB_reduction_fp16_scalar,1,0,20260728_operand_rate_v2_final_reduction_session03_CAB_reduction_fp16_scalar_b1_r0_treatment,treatment,treatment,20260728_operand_rate_v2_final_reduction_session03_CAB_reduction_fp16_scalar_b1_r0_treatment_1785247689076,36,184445.52250672999,184445.52384493401,184445.523175832,0.001338204019702971,9.1928818550077267,10663046400,true,true,5dff3859ad319cb37301e68cfc6fde00723e3a42110ca93adb44c05e97098167
softmax_whole_stage_atc_trace_v1,softmax_whole_stage_operand_rate_atc,softmax_whole_stage_operand_rate_atc_v2,20260728_operand_rate_v2_final_reduction_session03_CAB,reduction,fp16_scalar,20260728_operand_rate_v2_final_reduction_session03_CAB_reduction_fp16_scalar,1,0,20260728_operand_rate_v2_final_reduction_session03_CAB_reduction_fp16_scalar_b1_r0_treatment,treatment,treatment,20260728_operand_rate_v2_final_reduction_session03_CAB_reduction_fp16_scalar_b1_r0_treatment_1785247689076,37,184445.77756193801,184445.77901182001,184445.77828687901,0.0014498819946311414,9.4479929020162672,10663086186,true,true,5dff3859ad319cb37301e68cfc6fde00723e3a42110ca93adb44c05e97098167
softmax_whole_stage_atc_trace_v1,softmax_whole_stage_operand_rate_atc,softmax_whole_stage_operand_rate_atc_v2,20260728_operand_rate_v2_final_reduction_session03_CAB,reduction,fp16_scalar,20260728_operand_rate_v2_final_reduction_session03_CAB_reduction_fp16_scalar,1,0,20260728_operand_rate_v2_final_reduction_session03_CAB_reduction_fp16_scalar_b1_r0_treatment,treatment,treatment,20260728_operand_rate_v2_final_reduction_session03_CAB_reduction_fp16_scalar_b1_r0_treatment_1785247689076,38,184446.031577966,184446.035844233,184446.0337110995,0.004266267002094537,9.7034171225095633,10663144136,true,true,5dff3859ad319cb37301e68cfc6fde00723e3a42110ca93adb44c05e97098167
softmax_whole_stage_atc_trace_v1,softmax_whole_stage_operand_rate_atc,softmax_whole_stage_operand_rate_atc_v2,20260728_operand_rate_v2_final_reduction_session03_CAB,reduction,fp16_scalar,20260728_operand_rate_v2_final_reduction_session03_CAB_reduction_fp16_scalar,1,0,20260728_operand_rate_v2_final_reduction_session03_CAB_reduction_fp16_scalar_b1_r0_treatment,treatment,treatment,20260728_operand_rate_v2_final_reduction_session03_CAB_reduction_fp16_scalar_b1_r0_treatment_1785247689076,39,184446.28958832001,184446.291037897,184446.2903131085,0.0014495769864879549,9.960019131511217,10663183321,true,true,5dff3859ad319cb37301e68cfc6fde00723e3a42110ca93adb44c05e97098167
softmax_whole_stage_atc_trace_v1,softmax_whole_stage_operand_rate_atc,softmax_whole_stage_operand_rate_atc_v2,20260728_operand_rate_v2_final_reduction_session03_CAB,reduction,fp16_scalar,20260728_operand_rate_v2_final_reduction_session03_CAB_reduction_fp16_scalar,1,0,20260728_operand_rate_v2_final_reduction_session03_CAB_reduction_fp16_scalar_b1_r0_treatment,treatment,treatment,20260728_operand_rate_v2_final_reduction_session03_CAB_reduction_fp16_scalar_b1_r0_treatment_1785247689076,40,184446.54472264601,184446.54603985301,184446.54538124951,0.0013172070030122995,10.215087272517849,10663240227,true,true,5dff3859ad319cb37301e68cfc6fde00723e3a42110ca93adb44c05e97098167
softmax_whole_stage_atc_trace_v1,softmax_whole_stage_operand_rate_atc,softmax_whole_stage_operand_rate_atc_v2,20260728_operand_rate_v2_final_reduction_session03_CAB,reduction,fp16_scalar,20260728_operand_rate_v2_final_reduction_session03_CAB_reduction_fp16_scalar,1,0,20260728_operand_rate_v2_final_reduction_session03_CAB_reduction_fp16_scalar_b1_r0_treatment,treatment,treatment,20260728_operand_rate_v2_final_reduction_session03_CAB_reduction_fp16_scalar_b1_r0_treatment_1785247689076,41,184446.799761523,184446.801161601,184446.800461562,0.001400078006554395,10.470167585008312,10663278712,true,true,5dff3859ad319cb37301e68cfc6fde00723e3a42110ca93adb44c05e97098167
softmax_whole_stage_atc_trace_v1,softmax_whole_stage_operand_rate_atc,softmax_whole_stage_operand_rate_atc_v2,20260728_operand_rate_v2_final_reduction_session03_CAB,reduction,fp16_scalar,20260728_operand_rate_v2_final_reduction_session03_CAB_reduction_fp16_scalar,1,0,20260728_operand_rate_v2_final_reduction_session03_CAB_reduction_fp16_scalar_b1_r0_treatment,treatment,treatment,20260728_operand_rate_v2_final_reduction_session03_CAB_reduction_fp16_scalar_b1_r0_treatment_1785247689076,42,184447.054909948,184447.056272699,184447.0555913235,0.001362751005217433,10.725297346507432,10663334953,true,true,5dff3859ad319cb37301e68cfc6fde00723e3a42110ca93adb44c05e97098167
softmax_whole_stage_atc_trace_v1,softmax_whole_stage_operand_rate_atc,softmax_whole_stage_operand_rate_atc_v2,20260728_operand_rate_v2_final_reduction_session03_CAB,reduction,fp16_scalar,20260728_operand_rate_v2_final_reduction_session03_CAB_reduction_fp16_scalar,1,0,20260728_operand_rate_v2_final_reduction_session03_CAB_reduction_fp16_scalar_b1_r0_treatment,treatment,treatment,20260728_operand_rate_v2_final_reduction_session03_CAB_reduction_fp16_scalar_b1_r0_treatment_1785247689076,43,184447.30995481001,184447.312917056,184447.31143593299,0.0029622459842357785,10.981141955999192,10663372745,true,true,5dff3859ad319cb37301e68cfc6fde00723e3a42110ca93adb44c05e97098167
softmax_whole_stage_atc_trace_v1,softmax_whole_stage_operand_rate_atc,softmax_whole_stage_operand_rate_atc_v2,20260728_operand_rate_v2_final_reduction_session03_CAB,reduction,fp16_scalar,20260728_operand_rate_v2_final_reduction_session03_CAB_reduction_fp16_scalar,1,0,20260728_operand_rate_v2_final_reduction_session03_CAB_reduction_fp16_scalar_b1_r0_treatment,treatment,treatment,20260728_operand_rate_v2_final_reduction_session03_CAB_reduction_fp16_scalar_b1_r0_treatment_1785247689076,44,184447.56666743101,184447.56807846401,184447.56737294752,0.0014110330084804446,11.237078970531002,10663431953,true,true,5dff3859ad319cb37301e68cfc6fde00723e3a42110ca93adb44c05e97098167
softmax_whole_stage_atc_trace_v1,softmax_whole_stage_operand_rate_atc,softmax_whole_stage_operand_rate_atc_v2,20260728_operand_rate_v2_final_reduction_session03_CAB,reduction,fp16_scalar,20260728_operand_rate_v2_final_reduction_session03_CAB_reduction_fp16_scalar,1,0,20260728_operand_rate_v2_final_reduction_session03_CAB_reduction_fp16_scalar_b1_r0_treatment,treatment,treatment,20260728_operand_rate_v2_final_reduction_session03_CAB_reduction_fp16_scalar_b1_r0_treatment_1785247689076,45,184447.82176585001,184447.82315903,184447.82246244,0.0013931799912825227,11.492168463009875,10663468777,true,true,5dff3859ad319cb37301e68cfc6fde00723e3a42110ca93adb44c05e97098167
softmax_whole_stage_atc_trace_v1,softmax_whole_stage_operand_rate_atc,softmax_whole_stage_operand_rate_atc_v2,20260728_operand_rate_v2_final_reduction_session03_CAB,reduction,fp16_scalar,20260728_operand_rate_v2_final_reduction_session03_CAB_reduction_fp16_scalar,1,0,20260728_operand_rate_v2_final_reduction_session03_CAB_reduction_fp16_scalar_b1_r0_treatment,treatment,treatment,20260728_operand_rate_v2_final_reduction_session03_CAB_reduction_fp16_scalar_b1_r0_treatment_1785247689076,46,184448.07691427501,184448.07826566501,184448.07758997002,0.001351390004856512,11.747295993031003,10663527298,true,true,5dff3859ad319cb37301e68cfc6fde00723e3a42110ca93adb44c05e97098167
softmax_whole_stage_atc_trace_v1,softmax_whole_stage_operand_rate_atc,softmax_whole_stage_operand_rate_atc_v2,20260728_operand_rate_v2_final_reduction_session03_CAB,reduction,fp16_scalar,20260728_operand_rate_v2_final_reduction_session03_CAB_reduction_fp16_scalar,1,0,20260728_operand_rate_v2_final_reduction_session03_CAB_reduction_fp16_scalar_b1_r0_treatment,treatment,treatment,20260728_operand_rate_v2_final_reduction_session03_CAB_reduction_fp16_scalar_b1_r0_treatment_1785247689076,47,184448.330871168,184448.332280273,184448.33157572051,0.0014091049961280078,12.001281743519939,10663563441,true,true,5dff3859ad319cb37301e68cfc6fde00723e3a42110ca93adb44c05e97098167
softmax_whole_stage_atc_trace_v1,softmax_whole_stage_operand_rate_atc,softmax_whole_stage_operand_rate_atc_v2,20260728_operand_rate_v2_final_reduction_session03_CAB,reduction,fp16_scalar,20260728_operand_rate_v2_final_reduction_session03_CAB_reduction_fp16_scalar,1,0,20260728_operand_rate_v2_final_reduction_session03_CAB_reduction_fp16_scalar_b1_r0_treatment,treatment,treatment,20260728_operand_rate_v2_final_reduction_session03_CAB_reduction_fp16_scalar_b1_r0_treatment_1785247689076,48,184448.58603815499,184448.590418331,184448.588228243,0.0043801760184578598,12.257934266002849,10663621521,true,true,5dff3859ad319cb37301e68cfc6fde00723e3a42110ca93adb44c05e97098167
softmax_whole_stage_atc_trace_v1,softmax_whole_stage_operand_rate_atc,softmax_whole_stage_operand_rate_atc_v2,20260728_operand_rate_v2_final_reduction_session03_CAB,reduction,fp16_scalar,20260728_operand_rate_v2_final_reduction_session03_CAB_reduction_fp16_scalar,1,0,20260728_operand_rate_v2_final_reduction_session03_CAB_reduction_fp16_scalar_b1_r0_treatment,treatment,treatment,20260728_operand_rate_v2_final_reduction_session03_CAB_reduction_fp16_scalar_b1_r0_treatment_1785247689076,49,184448.84415612899,184448.84553754301,184448.844846836,0.0013814140111207962,12.514552859007381,10663660731,true,true,5dff3859ad319cb37301e68cfc6fde00723e3a42110ca93adb44c05e97098167
softmax_whole_stage_atc_trace_v1,softmax_whole_stage_operand_rate_atc,softmax_whole_stage_operand_rate_atc_v2,20260728_operand_rate_v2_final_reduction_session03_CAB,reduction,fp16_scalar,20260728_operand_rate_v2_final_reduction_session03_CAB_reduction_fp16_scalar,1,0,20260728_operand_rate_v2_final_reduction_session03_CAB_reduction_fp16_scalar_b1_r0_treatment,treatment,treatment,20260728_operand_rate_v2_final_reduction_session03_CAB_reduction_fp16_scalar_b1_r0_treatment_1785247689076,50,184449.09894832101,184449.10034566099,184449.099646991,0.0013973399763926864,12.769353014009539,10663717616,true,true,5dff3859ad319cb37301e68cfc6fde00723e3a42110ca93adb44c05e97098167
softmax_whole_stage_atc_trace_v1,softmax_whole_stage_operand_rate_atc,softmax_whole_stage_operand_rate_atc_v2,20260728_operand_rate_v2_final_reduction_session03_CAB,reduction,fp16_scalar,20260728_operand_rate_v2_final_reduction_session03_CAB_reduction_fp16_scalar,1,0,20260728_operand_rate_v2_final_reduction_session03_CAB_reduction_fp16_scalar_b1_r0_treatment,treatment,treatment,20260728_operand_rate_v2_final_reduction_session03_CAB_reduction_fp16_scalar_b1_r0_treatment_1785247689076,51,184449.354063882,184449.35537246699,184449.35471817449,0.0013085849932394922,13.024424197501503,10663756258,true,false,5dff3859ad319cb37301e68cfc6fde00723e3a42110ca93adb44c05e97098167
softmax_whole_stage_atc_trace_v1,softmax_whole_stage_operand_rate_atc,softmax_whole_stage_operand_rate_atc_v2,20260728_operand_rate_v2_final_reduction_session03_CAB,reduction,fp16_scalar,20260728_operand_rate_v2_final_reduction_session03_CAB_reduction_fp16_scalar,1,0,20260728_operand_rate_v2_final_reduction_session03_CAB_reduction_fp16_scalar_b1_r0_treatment,treatment,treatment,20260728_operand_rate_v2_final_reduction_session03_CAB_reduction_fp16_scalar_b1_r0_treatment_1785247689076,52,184449.60909089199,184449.610472712,184449.60978180199,0.0013818200095556676,13.279487824998796,10663812654,true,false,5dff3859ad319cb37301e68cfc6fde00723e3a42110ca93adb44c05e97098167
softmax_whole_stage_atc_trace_v1,softmax_whole_stage_operand_rate_atc,softmax_whole_stage_operand_rate_atc_v2,20260728_operand_rate_v2_final_reduction_session03_CAB,reduction,fp16_scalar,20260728_operand_rate_v2_final_reduction_session03_CAB_reduction_fp16_scalar,1,0,20260728_operand_rate_v2_final_reduction_session03_CAB_reduction_fp16_scalar_b1_r0_treatment,treatment,treatment,20260728_operand_rate_v2_final_reduction_session03_CAB_reduction_fp16_scalar_b1_r0_treatment_1785247689076,53,184449.86422318901,184449.86812520999,184449.8661741995,0.0039020209806039929,13.535880222509149,10663849199,true,false,5dff3859ad319cb37301e68cfc6fde00723e3a42110ca93adb44c05e97098167
softmax_whole_stage_atc_trace_v1,softmax_whole_stage_operand_rate_atc,softmax_whole_stage_operand_rate_atc_v2,20260728_operand_rate_v2_final_reduction_session03_CAB,reduction,fp16_scalar,20260728_operand_rate_v2_final_reduction_session03_CAB_reduction_fp16_scalar,1,0,20260728_operand_rate_v2_final_reduction_session03_CAB_reduction_fp16_scalar_b1_r0_treatment,treatment,treatment,20260728_operand_rate_v2_final_reduction_session03_CAB_reduction_fp16_scalar_b1_r0_treatment_1785247689076,54,184449.86813190501,184449.869418074,184449.8687749895,0.0012861689901910722,13.538481012510601,10663849199,false,false,5dff3859ad319cb37301e68cfc6fde00723e3a42110ca93adb44c05e97098167
softmax_whole_stage_atc_trace_v1,softmax_whole_stage_operand_rate_atc,softmax_whole_stage_operand_rate_atc_v2,20260728_operand_rate_v2_final_reduction_session03_CAB,reduction,fp16_scalar,20260728_operand_rate_v2_final_reduction_session03_CAB_reduction_fp16_scalar,1,1,20260728_operand_rate_v2_final_reduction_session03_CAB_reduction_fp16_scalar_b1_r1_control,control,control,20260728_operand_rate_v2_final_reduction_session03_CAB_reduction_fp16_scalar_b1_r1_control_1785247703138,0,184450.89093775401,184450.89250286299,184450.89172030851,0.0015651089779566973,0.00088013251661323011,10663983460,false,false,5dff3859ad319cb37301e68cfc6fde00723e3a42110ca93adb44c05e97098167
softmax_whole_stage_atc_trace_v1,softmax_whole_stage_operand_rate_atc,softmax_whole_stage_operand_rate_atc_v2,20260728_operand_rate_v2_final_reduction_session03_CAB,reduction,fp16_scalar,20260728_operand_rate_v2_final_reduction_session03_CAB_reduction_fp16_scalar,1,1,20260728_operand_rate_v2_final_reduction_session03_CAB_reduction_fp16_scalar_b1_r1_control,control,control,20260728_operand_rate_v2_final_reduction_session03_CAB_reduction_fp16_scalar_b1_r1_control_1785247703138,1,184451.14486472399,184451.14644372999,184451.145654227,0.0015790059987921268,0.2548140510043595,10664037275,true,false,5dff3859ad319cb37301e68cfc6fde00723e3a42110ca93adb44c05e97098167
softmax_whole_stage_atc_trace_v1,softmax_whole_stage_operand_rate_atc,softmax_whole_stage_operand_rate_atc_v2,20260728_operand_rate_v2_final_reduction_session03_CAB,reduction,fp16_scalar,20260728_operand_rate_v2_final_reduction_session03_CAB_reduction_fp16_scalar,1,1,20260728_operand_rate_v2_final_reduction_session03_CAB_reduction_fp16_scalar_b1_r1_control,control,control,20260728_operand_rate_v2_final_reduction_session03_CAB_reduction_fp16_scalar_b1_r1_control_1785247703138,2,184451.39745318599,184451.398980664,184451.39821692498,0.0015274780162144452,0.50737674898118712,10664078918,true,false,5dff3859ad319cb37301e68cfc6fde00723e3a42110ca93adb44c05e97098167
softmax_whole_stage_atc_trace_v1,softmax_whole_stage_operand_rate_atc,softmax_whole_stage_operand_rate_atc_v2,20260728_operand_rate_v2_final_reduction_session03_CAB,reduction,fp16_scalar,20260728_operand_rate_v2_final_reduction_session03_CAB_reduction_fp16_scalar,1,1,20260728_operand_rate_v2_final_reduction_session03_CAB_reduction_fp16_scalar_b1_r1_control,control,control,20260728_operand_rate_v2_final_reduction_session03_CAB_reduction_fp16_scalar_b1_r1_control_1785247703138,3,184451.65268011999,184451.65405250699,184451.65336631349,0.0013723869924433529,0.76252613749238662,10664140164,true,true,5dff3859ad319cb37301e68cfc6fde00723e3a42110ca93adb44c05e97098167
softmax_whole_stage_atc_trace_v1,softmax_whole_stage_operand_rate_atc,softmax_whole_stage_operand_rate_atc_v2,20260728_operand_rate_v2_final_reduction_session03_CAB,reduction,fp16_scalar,20260728_operand_rate_v2_final_reduction_session03_CAB_reduction_fp16_scalar,1,1,20260728_operand_rate_v2_final_reduction_session03_CAB_reduction_fp16_scalar_b1_r1_control,control,control,20260728_operand_rate_v2_final_reduction_session03_CAB_reduction_fp16_scalar_b1_r1_control_1785247703138,4,184451.904980716,184451.90676613699,184451.9058734265,0.0017854209872893989,1.0150332504999824,10664181797,true,true,5dff3859ad319cb37301e68cfc6fde00723e3a42110ca93adb44c05e97098167
softmax_whole_stage_atc_trace_v1,softmax_whole_stage_operand_rate_atc,softmax_whole_stage_operand_rate_atc_v2,20260728_operand_rate_v2_final_reduction_session03_CAB,reduction,fp16_scalar,20260728_operand_rate_v2_final_reduction_session03_CAB_reduction_fp16_scalar,1,1,20260728_operand_rate_v2_final_reduction_session03_CAB_reduction_fp16_scalar_b1_r1_control,control,control,20260728_operand_rate_v2_final_reduction_session03_CAB_reduction_fp16_scalar_b1_r1_control_1785247703138,5,184452.15711293201,184452.16002507001,184452.15856900101,0.0029121380066499114,1.2677288250124548,10664242948,true,true,5dff3859ad319cb37301e68cfc6fde00723e3a42110ca93adb44c05e97098167
softmax_whole_stage_atc_trace_v1,softmax_whole_stage_operand_rate_atc,softmax_whole_stage_operand_rate_atc_v2,20260728_operand_rate_v2_final_reduction_session03_CAB,reduction,fp16_scalar,20260728_operand_rate_v2_final_reduction_session03_CAB_reduction_fp16_scalar,1,1,20260728_operand_rate_v2_final_reduction_session03_CAB_reduction_fp16_scalar_b1_r1_control,control,control,20260728_operand_rate_v2_final_reduction_session03_CAB_reduction_fp16_scalar_b1_r1_control_1785247703138,6,184452.41093441201,184452.41231400101,184452.41162420652,0.0013795889972243458,1.5207840305229183,10664284878,true,true,5dff3859ad319cb37301e68cfc6fde00723e3a42110ca93adb44c05e97098167
softmax_whole_stage_atc_trace_v1,softmax_whole_stage_operand_rate_atc,softmax_whole_stage_operand_rate_atc_v2,20260728_operand_rate_v2_final_reduction_session03_CAB,reduction,fp16_scalar,20260728_operand_rate_v2_final_reduction_session03_CAB_reduction_fp16_scalar,1,1,20260728_operand_rate_v2_final_reduction_session03_CAB_reduction_fp16_scalar_b1_r1_control,control,control,20260728_operand_rate_v2_final_reduction_session03_CAB_reduction_fp16_scalar_b1_r1_control_1785247703138,7,184452.66348788,184452.66703265501,184452.6652602675,0.0035447750124149024,1.7744200915039983,10664346357,true,true,5dff3859ad319cb37301e68cfc6fde00723e3a42110ca93adb44c05e97098167
softmax_whole_stage_atc_trace_v1,softmax_whole_stage_operand_rate_atc,softmax_whole_stage_operand_rate_atc_v2,20260728_operand_rate_v2_final_reduction_session03_CAB,reduction,fp16_scalar,20260728_operand_rate_v2_final_reduction_session03_CAB_reduction_fp16_scalar,1,1,20260728_operand_rate_v2_final_reduction_session03_CAB_reduction_fp16_scalar_b1_r1_control,control,control,20260728_operand_rate_v2_final_reduction_session03_CAB_reduction_fp16_scalar_b1_r1_control_1785247703138,8,184452.917825146,184452.91928091101,184452.91855302849,0.0014557650138158351,2.0277128524903674,10664388339,true,true,5dff3859ad319cb37301e68cfc6fde00723e3a42110ca93adb44c05e97098167
softmax_whole_stage_atc_trace_v1,softmax_whole_stage_operand_rate_atc,softmax_whole_stage_operand_rate_atc_v2,20260728_operand_rate_v2_final_reduction_session03_CAB,reduction,fp16_scalar,20260728_operand_rate_v2_final_reduction_session03_CAB_reduction_fp16_scalar,1,1,20260728_operand_rate_v2_final_reduction_session03_CAB_reduction_fp16_scalar_b1_r1_control,control,control,20260728_operand_rate_v2_final_reduction_session03_CAB_reduction_fp16_scalar_b1_r1_control_1785247703138,9,184453.17303067801,184453.17444505799,184453.173737868,0.0014143799780867994,2.2828976919990964,10664449916,true,true,5dff3859ad319cb37301e68cfc6fde00723e3a42110ca93adb44c05e97098167
softmax_whole_stage_atc_trace_v1,softmax_whole_stage_operand_rate_atc,softmax_whole_stage_operand_rate_atc_v2,20260728_operand_rate_v2_final_reduction_session03_CAB,reduction,fp16_scalar,20260728_operand_rate_v2_final_reduction_session03_CAB_reduction_fp16_scalar,1,1,20260728_operand_rate_v2_final_reduction_session03_CAB_reduction_fp16_scalar_b1_r1_control,control,control,20260728_operand_rate_v2_final_reduction_session03_CAB_reduction_fp16_scalar_b1_r1_control_1785247703138,10,184453.42517770399,184453.426659638,184453.42591867101,0.0014819340140093118,2.5350784950132947,10664491814,true,true,5dff3859ad319cb37301e68cfc6fde00723e3a42110ca93adb44c05e97098167
softmax_whole_stage_atc_trace_v1,softmax_whole_stage_operand_rate_atc,softmax_whole_stage_operand_rate_atc_v2,20260728_operand_rate_v2_final_reduction_session03_CAB,reduction,fp16_scalar,20260728_operand_rate_v2_final_reduction_session03_CAB_reduction_fp16_scalar,1,1,20260728_operand_rate_v2_final_reduction_session03_CAB_reduction_fp16_scalar_b1_r1_control,control,control,20260728_operand_rate_v2_final_reduction_session03_CAB_reduction_fp16_scalar_b1_r1_control_1785247703138,11,184453.68026268401,184453.68156170601,184453.68091219501,0.0012990219984203577,2.7900720190082211,10664553320,true,true,5dff3859ad319cb37301e68cfc6fde00723e3a42110ca93adb44c05e97098167
softmax_whole_stage_atc_trace_v1,softmax_whole_stage_operand_rate_atc,softmax_whole_stage_operand_rate_atc_v2,20260728_operand_rate_v2_final_reduction_session03_CAB,reduction,fp16_scalar,20260728_operand_rate_v2_final_reduction_session03_CAB_reduction_fp16_scalar,1,1,20260728_operand_rate_v2_final_reduction_session03_CAB_reduction_fp16_scalar_b1_r1_control,control,control,20260728_operand_rate_v2_final_reduction_session03_CAB_reduction_fp16_scalar_b1_r1_control_1785247703138,12,184453.93215916399,184453.933702304,184453.93293073401,0.0015431400097440928,3.0420905580103863,10664595204,true,true,5dff3859ad319cb37301e68cfc6fde00723e3a42110ca93adb44c05e97098167
softmax_whole_stage_atc_trace_v1,softmax_whole_stage_operand_rate_atc,softmax_whole_stage_operand_rate_atc_v2,20260728_operand_rate_v2_final_reduction_session03_CAB,reduction,fp16_scalar,20260728_operand_rate_v2_final_reduction_session03_CAB_reduction_fp16_scalar,1,1,20260728_operand_rate_v2_final_reduction_session03_CAB_reduction_fp16_scalar_b1_r1_control,control,control,20260728_operand_rate_v2_final_reduction_session03_CAB_reduction_fp16_scalar_b1_r1_control_1785247703138,13,184454.18720161001,184454.188554644,184454.18787812701,0.0013530339929275215,3.2970379510079511,10664656702,true,true,5dff3859ad319cb37301e68cfc6fde00723e3a42110ca93adb44c05e97098167
softmax_whole_stage_atc_trace_v1,softmax_whole_stage_operand_rate_atc,softmax_whole_stage_operand_rate_atc_v2,20260728_operand_rate_v2_final_reduction_session03_CAB,reduction,fp16_scalar,20260728_operand_rate_v2_final_reduction_session03_CAB_reduction_fp16_scalar,1,1,20260728_operand_rate_v2_final_reduction_session03_CAB_reduction_fp16_scalar_b1_r1_control,control,control,20260728_operand_rate_v2_final_reduction_session03_CAB_reduction_fp16_scalar_b1_r1_control_1785247703138,14,184454.439076404,184454.440799212,184454.439937808,0.0017228079959750175,3.5490976319997571,10664698506,true,true,5dff3859ad319cb37301e68cfc6fde00723e3a42110ca93adb44c05e97098167
softmax_whole_stage_atc_trace_v1,softmax_whole_stage_operand_rate_atc,softmax_whole_stage_operand_rate_atc_v2,20260728_operand_rate_v2_final_reduction_session03_CAB,reduction,fp16_scalar,20260728_operand_rate_v2_final_reduction_session03_CAB_reduction_fp16_scalar,1,1,20260728_operand_rate_v2_final_reduction_session03_CAB_reduction_fp16_scalar_b1_r1_control,control,control,20260728_operand_rate_v2_final_reduction_session03_CAB_reduction_fp16_scalar_b1_r1_control_1785247703138,15,184454.69099305,184454.69403737699,184454.69251521351,0.0030443269934039563,3.8016750375099946,10664759928,true,true,5dff3859ad319cb37301e68cfc6fde00723e3a42110ca93adb44c05e97098167
softmax_whole_stage_atc_trace_v1,softmax_whole_stage_operand_rate_atc,softmax_whole_stage_operand_rate_atc_v2,20260728_operand_rate_v2_final_reduction_session03_CAB,reduction,fp16_scalar,20260728_operand_rate_v2_final_reduction_session03_CAB_reduction_fp16_scalar,1,1,20260728_operand_rate_v2_final_reduction_session03_CAB_reduction_fp16_scalar_b1_r1_control,control,control,20260728_operand_rate_v2_final_reduction_session03_CAB_reduction_fp16_scalar_b1_r1_control_1785247703138,16,184454.944479892,184454.945887952,184454.94518392201,0.0014080599939916283,4.0543437460146379,10664801990,true,true,5dff3859ad319cb37301e68cfc6fde00723e3a42110ca93adb44c05e97098167
softmax_whole_stage_atc_trace_v1,softmax_whole_stage_operand_rate_atc,softmax_whole_stage_operand_rate_atc_v2,20260728_operand_rate_v2_final_reduction_session03_CAB,reduction,fp16_scalar,20260728_operand_rate_v2_final_reduction_session03_CAB_reduction_fp16_scalar,1,1,20260728_operand_rate_v2_final_reduction_session03_CAB_reduction_fp16_scalar_b1_r1_control,control,control,20260728_operand_rate_v2_final_reduction_session03_CAB_reduction_fp16_scalar_b1_r1_control_1785247703138,17,184455.19686541799,184455.200483102,184455.19867426,0.0036176840076223016,4.3078340840002056,10664863662,true,true,5dff3859ad319cb37301e68cfc6fde00723e3a42110ca93adb44c05e97098167
softmax_whole_stage_atc_trace_v1,softmax_whole_stage_operand_rate_atc,softmax_whole_stage_operand_rate_atc_v2,20260728_operand_rate_v2_final_reduction_session03_CAB,reduction,fp16_scalar,20260728_operand_rate_v2_final_reduction_session03_CAB_reduction_fp16_scalar,1,1,20260728_operand_rate_v2_final_reduction_session03_CAB_reduction_fp16_scalar_b1_r1_control,control,control,20260728_operand_rate_v2_final_reduction_session03_CAB_reduction_fp16_scalar_b1_r1_control_1785247703138,18,184455.45087849701,184455.45229598001,184455.45158723852,0.0014174829993862659,4.5607470625254791,10664905743,true,true,5dff3859ad319cb37301e68cfc6fde00723e3a42110ca93adb44c05e97098167
softmax_whole_stage_atc_trace_v1,softmax_whole_stage_operand_rate_atc,softmax_whole_stage_operand_rate_atc_v2,20260728_operand_rate_v2_final_reduction_session03_CAB,reduction,fp16_scalar,20260728_operand_rate_v2_final_reduction_session03_CAB_reduction_fp16_scalar,1,1,20260728_operand_rate_v2_final_reduction_session03_CAB_reduction_fp16_scalar_b1_r1_control,control,control,20260728_operand_rate_v2_final_reduction_session03_CAB_reduction_fp16_scalar_b1_r1_control_1785247703138,19,184455.705800961,184455.70740480101,184455.70660288102,0.0016038400062825531,4.815762705024099,10664967388,true,true,5dff3859ad319cb37301e68cfc6fde00723e3a42110ca93adb44c05e97098167
softmax_whole_stage_atc_trace_v1,softmax_whole_stage_operand_rate_atc,softmax_whole_stage_operand_rate_atc_v2,20260728_operand_rate_v2_final_reduction_session03_CAB,reduction,fp16_scalar,20260728_operand_rate_v2_final_reduction_session03_CAB_reduction_fp16_scalar,1,1,20260728_operand_rate_v2_final_reduction_session03_CAB_reduction_fp16_scalar_b1_r1_control,control,control,20260728_operand_rate_v2_final_reduction_session03_CAB_reduction_fp16_scalar_b1_r1_control_1785247703138,20,184455.95771213499,184455.95905442801,184455.95838328148,0.0013422930205706507,5.0675431054842193,10665009296,true,true,5dff3859ad319cb37301e68cfc6fde00723e3a42110ca93adb44c05e97098167
softmax_whole_stage_atc_trace_v1,softmax_whole_stage_operand_rate_atc,softmax_whole_stage_operand_rate_atc_v2,20260728_operand_rate_v2_final_reduction_session03_CAB,reduction,fp16_scalar,20260728_operand_rate_v2_final_reduction_session03_CAB_reduction_fp16_scalar,1,1,20260728_operand_rate_v2_final_reduction_session03_CAB_reduction_fp16_scalar_b1_r1_control,control,control,20260728_operand_rate_v2_final_reduction_session03_CAB_reduction_fp16_scalar_b1_r1_control_1785247703138,21,184456.210107491,184456.213562024,184456.2118347575,0.0034545329981483519,5.3209945815033279,10665070801,true,true,5dff3859ad319cb37301e68cfc6fde00723e3a42110ca93adb44c05e97098167
softmax_whole_stage_atc_trace_v1,softmax_whole_stage_operand_rate_atc,softmax_whole_stage_operand_rate_atc_v2,20260728_operand_rate_v2_final_reduction_session03_CAB,reduction,fp16_scalar,20260728_operand_rate_v2_final_reduction_session03_CAB_reduction_fp16_scalar,1,1,20260728_operand_rate_v2_final_reduction_session03_CAB_reduction_fp16_scalar_b1_r1_control,control,control,20260728_operand_rate_v2_final_reduction_session03_CAB_reduction_fp16_scalar_b1_r1_control_1785247703138,22,184456.463794674,184456.465226648,184456.464510661,0.0014319740002974868,5.5736704849987291,10665112737,true,true,5dff3859ad319cb37301e68cfc6fde00723e3a42110ca93adb44c05e97098167
softmax_whole_stage_atc_trace_v1,softmax_whole_stage_operand_rate_atc,softmax_whole_stage_operand_rate_atc_v2,20260728_operand_rate_v2_final_reduction_session03_CAB,reduction,fp16_scalar,20260728_operand_rate_v2_final_reduction_session03_CAB_reduction_fp16_scalar,1,1,20260728_operand_rate_v2_final_reduction_session03_CAB_reduction_fp16_scalar_b1_r1_control,control,control,20260728_operand_rate_v2_final_reduction_session03_CAB_reduction_fp16_scalar_b1_r1_control_1785247703138,23,184456.71873010899,184456.72031905301,184456.71952458099,0.0015889440255705267,5.8286844049871434,10665174276,true,true,5dff3859ad319cb37301e68cfc6fde00723e3a42110ca93adb44c05e97098167
softmax_whole_stage_atc_trace_v1,softmax_whole_stage_operand_rate_atc,softmax_whole_stage_operand_rate_atc_v2,20260728_operand_rate_v2_final_reduction_session03_CAB,reduction,fp16_scalar,20260728_operand_rate_v2_final_reduction_session03_CAB_reduction_fp16_scalar,1,1,20260728_operand_rate_v2_final_reduction_session03_CAB_reduction_fp16_scalar_b1_r1_control,control,control,20260728_operand_rate_v2_final_reduction_session03_CAB_reduction_fp16_scalar_b1_r1_control_1785247703138,24,184456.97048299701,184456.971866735,184456.97117486602,0.0013837379810865968,6.0803346900211181,10665216230,true,true,5dff3859ad319cb37301e68cfc6fde00723e3a42110ca93adb44c05e97098167
softmax_whole_stage_atc_trace_v1,softmax_whole_stage_operand_rate_atc,softmax_whole_stage_operand_rate_atc_v2,20260728_operand_rate_v2_final_reduction_session03_CAB,reduction,fp16_scalar,20260728_operand_rate_v2_final_reduction_session03_CAB_reduction_fp16_scalar,1,1,20260728_operand_rate_v2_final_reduction_session03_CAB_reduction_fp16_scalar_b1_r1_control,control,control,20260728_operand_rate_v2_final_reduction_session03_CAB_reduction_fp16_scalar_b1_r1_control_1785247703138,25,184457.22534202499,184457.22691120801,184457.2261266165,0.0015691830194555223,6.3352864405023865,10665277857,true,true,5dff3859ad319cb37301e68cfc6fde00723e3a42110ca93adb44c05e97098167
softmax_whole_stage_atc_trace_v1,softmax_whole_stage_operand_rate_atc,softmax_whole_stage_operand_rate_atc_v2,20260728_operand_rate_v2_final_reduction_session03_CAB,reduction,fp16_scalar,20260728_operand_rate_v2_final_reduction_session03_CAB_reduction_fp16_scalar,1,1,20260728_operand_rate_v2_final_reduction_session03_CAB_reduction_fp16_scalar_b1_r1_control,control,control,20260728_operand_rate_v2_final_reduction_session03_CAB_reduction_fp16_scalar_b1_r1_control_1785247703138,26,184457.47948106399,184457.48088162401,184457.480181344,0.0014005600241944194,6.5893411680008285,10665319851,true,true,5dff3859ad319cb37301e68cfc6fde00723e3a42110ca93adb44c05e97098167
softmax_whole_stage_atc_trace_v1,softmax_whole_stage_operand_rate_atc,softmax_whole_stage_operand_rate_atc_v2,20260728_operand_rate_v2_final_reduction_session03_CAB,reduction,fp16_scalar,20260728_operand_rate_v2_final_reduction_session03_CAB_reduction_fp16_scalar,1,1,20260728_operand_rate_v2_final_reduction_session03_CAB_reduction_fp16_scalar_b1_r1_control,control,control,20260728_operand_rate_v2_final_reduction_session03_CAB_reduction_fp16_scalar_b1_r1_control_1785247703138,27,184457.73281650999,184457.73426023999,184457.733538375,0.0014437299978453666,6.842698199005099,10665381014,true,true,5dff3859ad319cb37301e68cfc6fde00723e3a42110ca93adb44c05e97098167
softmax_whole_stage_atc_trace_v1,softmax_whole_stage_operand_rate_atc,softmax_whole_stage_operand_rate_atc_v2,20260728_operand_rate_v2_final_reduction_session03_CAB,reduction,fp16_scalar,20260728_operand_rate_v2_final_reduction_session03_CAB_reduction_fp16_scalar,1,1,20260728_operand_rate_v2_final_reduction_session03_CAB_reduction_fp16_scalar_b1_r1_control,control,control,20260728_operand_rate_v2_final_reduction_session03_CAB_reduction_fp16_scalar_b1_r1_control_1785247703138,28,184457.986470253,184457.98784436399,184457.9871573085,0.001374110986944288,7.0963171324983705,10665422835,true,true,5dff3859ad319cb37301e68cfc6fde00723e3a42110ca93adb44c05e97098167
softmax_whole_stage_atc_trace_v1,softmax_whole_stage_operand_rate_atc,softmax_whole_stage_operand_rate_atc_v2,20260728_operand_rate_v2_final_reduction_session03_CAB,reduction,fp16_scalar,20260728_operand_rate_v2_final_reduction_session03_CAB_reduction_fp16_scalar,1,1,20260728_operand_rate_v2_final_reduction_session03_CAB_reduction_fp16_scalar_b1_r1_control,control,control,20260728_operand_rate_v2_final_reduction_session03_CAB_reduction_fp16_scalar_b1_r1_control_1785247703138,29,184458.241309217,184458.243857505,184458.24258336099,0.0025482880009803921,7.3517431849904824,10665483937,true,false,5dff3859ad319cb37301e68cfc6fde00723e3a42110ca93adb44c05e97098167
softmax_whole_stage_atc_trace_v1,softmax_whole_stage_operand_rate_atc,softmax_whole_stage_operand_rate_atc_v2,20260728_operand_rate_v2_final_reduction_session03_CAB,reduction,fp16_scalar,20260728_operand_rate_v2_final_reduction_session03_CAB_reduction_fp16_scalar,1,1,20260728_operand_rate_v2_final_reduction_session03_CAB_reduction_fp16_scalar_b1_r1_control,control,control,20260728_operand_rate_v2_final_reduction_session03_CAB_reduction_fp16_scalar_b1_r1_control_1785247703138,30,184458.497371201,184458.49867833001,184458.49802476552,0.0013071290159132332,7.6071845895203296,10665546693,true,false,5dff3859ad319cb37301e68cfc6fde00723e3a42110ca93adb44c05e97098167
softmax_whole_stage_atc_trace_v1,softmax_whole_stage_operand_rate_atc,softmax_whole_stage_operand_rate_atc_v2,20260728_operand_rate_v2_final_reduction_session03_CAB,reduction,fp16_scalar,20260728_operand_rate_v2_final_reduction_session03_CAB_reduction_fp16_scalar,1,1,20260728_operand_rate_v2_final_reduction_session03_CAB_reduction_fp16_scalar_b1_r1_control,control,control,20260728_operand_rate_v2_final_reduction_session03_CAB_reduction_fp16_scalar_b1_r1_control_1785247703138,31,184458.748967525,184458.75033657,184458.7496520475,0.0013690449995920062,7.8588118714978918,10665586090,true,false,5dff3859ad319cb37301e68cfc6fde00723e3a42110ca93adb44c05e97098167
softmax_whole_stage_atc_trace_v1,softmax_whole_stage_operand_rate_atc,softmax_whole_stage_operand_rate_atc_v2,20260728_operand_rate_v2_final_reduction_session03_CAB,reduction,fp16_scalar,20260728_operand_rate_v2_final_reduction_session03_CAB_reduction_fp16_scalar,1,1,20260728_operand_rate_v2_final_reduction_session03_CAB_reduction_fp16_scalar_b1_r1_control,control,control,20260728_operand_rate_v2_final_reduction_session03_CAB_reduction_fp16_scalar_b1_r1_control_1785247703138,32,184458.75034183901,184458.75150000499,184458.750920922,0.0011581659782677889,7.8600807460024953,10665586090,false,false,5dff3859ad319cb37301e68cfc6fde00723e3a42110ca93adb44c05e97098167
softmax_whole_stage_atc_trace_v1,softmax_whole_stage_operand_rate_atc,softmax_whole_stage_operand_rate_atc_v2,20260728_operand_rate_v2_final_reduction_session03_CAB,reduction,fp16_scalar,20260728_operand_rate_v2_final_reduction_session03_CAB_reduction_fp16_scalar,1,2,20260728_operand_rate_v2_final_reduction_session03_CAB_reduction_fp16_scalar_b1_r2_treatment,treatment,treatment,20260728_operand_rate_v2_final_reduction_session03_CAB_reduction_fp16_scalar_b1_r2_treatment_1785247712018,0,184459.77822225599,184459.780799425,184459.77951084048,0.002577169012511149,0.001357797475066036,10665719725,false,false,5dff3859ad319cb37301e68cfc6fde00723e3a42110ca93adb44c05e97098167
softmax_whole_stage_atc_trace_v1,softmax_whole_stage_operand_rate_atc,softmax_whole_stage_operand_rate_atc_v2,20260728_operand_rate_v2_final_reduction_session03_CAB,reduction,fp16_scalar,20260728_operand_rate_v2_final_reduction_session03_CAB_reduction_fp16_scalar,1,2,20260728_operand_rate_v2_final_reduction_session03_CAB_reduction_fp16_scalar_b1_r2_treatment,treatment,treatment,20260728_operand_rate_v2_final_reduction_session03_CAB_reduction_fp16_scalar_b1_r2_treatment_1785247712018,1,184460.03428150399,184460.03570415601,184460.03499283001,0.0014226520142983645,0.25683978700544685,10665770614,true,false,5dff3859ad319cb37301e68cfc6fde00723e3a42110ca93adb44c05e97098167
softmax_whole_stage_atc_trace_v1,softmax_whole_stage_operand_rate_atc,softmax_whole_stage_operand_rate_atc_v2,20260728_operand_rate_v2_final_reduction_session03_CAB,reduction,fp16_scalar,20260728_operand_rate_v2_final_reduction_session03_CAB_reduction_fp16_scalar,1,2,20260728_operand_rate_v2_final_reduction_session03_CAB_reduction_fp16_scalar_b1_r2_treatment,treatment,treatment,20260728_operand_rate_v2_final_reduction_session03_CAB_reduction_fp16_scalar_b1_r2_treatment_1785247712018,2,184460.287524938,184460.28902703701,184460.28827598749,0.0015020990103948861,0.51012294448446482,10665806963,true,false,5dff3859ad319cb37301e68cfc6fde00723e3a42110ca93adb44c05e97098167
softmax_whole_stage_atc_trace_v1,softmax_whole_stage_operand_rate_atc,softmax_whole_stage_operand_rate_atc_v2,20260728_operand_rate_v2_final_reduction_session03_CAB,reduction,fp16_scalar,20260728_operand_rate_v2_final_reduction_session03_CAB_reduction_fp16_scalar,1,2,20260728_operand_rate_v2_final_reduction_session03_CAB_reduction_fp16_scalar_b1_r2_treatment,treatment,treatment,20260728_operand_rate_v2_final_reduction_session03_CAB_reduction_fp16_scalar_b1_r2_treatment_1785247712018,3,184460.54219446899,184460.54359340799,184460.54289393849,0.0013989389990456402,0.76474089547991753,10665865289,true,true,5dff3859ad319cb37301e68cfc6fde00723e3a42110ca93adb44c05e97098167
softmax_whole_stage_atc_trace_v1,softmax_whole_stage_operand_rate_atc,softmax_whole_stage_operand_rate_atc_v2,20260728_operand_rate_v2_final_reduction_session03_CAB,reduction,fp16_scalar,20260728_operand_rate_v2_final_reduction_session03_CAB_reduction_fp16_scalar,1,2,20260728_operand_rate_v2_final_reduction_session03_CAB_reduction_fp16_scalar_b1_r2_treatment,treatment,treatment,20260728_operand_rate_v2_final_reduction_session03_CAB_reduction_fp16_scalar_b1_r2_treatment_1785247712018,4,184460.79707123101,184460.79863149699,184460.79785136401,0.001560265984153375,1.0196983210043982,10665901435,true,true,5dff3859ad319cb37301e68cfc6fde00723e3a42110ca93adb44c05e97098167
softmax_whole_stage_atc_trace_v1,softmax_whole_stage_operand_rate_atc,softmax_whole_stage_operand_rate_atc_v2,20260728_operand_rate_v2_final_reduction_session03_CAB,reduction,fp16_scalar,20260728_operand_rate_v2_final_reduction_session03_CAB_reduction_fp16_scalar,1,2,20260728_operand_rate_v2_final_reduction_session03_CAB_reduction_fp16_scalar_b1_r2_treatment,treatment,treatment,20260728_operand_rate_v2_final_reduction_session03_CAB_reduction_fp16_scalar_b1_r2_treatment_1785247712018,5,184461.04945706099,184461.05087626699,184461.050166664,0.0014192060043569654,1.2720136209973134,10665959287,true,true,5dff3859ad319cb37301e68cfc6fde00723e3a42110ca93adb44c05e97098167
softmax_whole_stage_atc_trace_v1,softmax_whole_stage_operand_rate_atc,softmax_whole_stage_operand_rate_atc_v2,20260728_operand_rate_v2_final_reduction_session03_CAB,reduction,fp16_scalar,20260728_operand_rate_v2_final_reduction_session03_CAB_reduction_fp16_scalar,1,2,20260728_operand_rate_v2_final_reduction_session03_CAB_reduction_fp16_scalar_b1_r2_treatment,treatment,treatment,20260728_operand_rate_v2_final_reduction_session03_CAB_reduction_fp16_scalar_b1_r2_treatment_1785247712018,6,184461.30244117699,184461.30382977999,184461.30313547849,0.0013886030064895749,1.5249824354832526,10665995345,true,true,5dff3859ad319cb37301e68cfc6fde00723e3a42110ca93adb44c05e97098167
softmax_whole_stage_atc_trace_v1,softmax_whole_stage_operand_rate_atc,softmax_whole_stage_operand_rate_atc_v2,20260728_operand_rate_v2_final_reduction_session03_CAB,reduction,fp16_scalar,20260728_operand_rate_v2_final_reduction_session03_CAB_reduction_fp16_scalar,1,2,20260728_operand_rate_v2_final_reduction_session03_CAB_reduction_fp16_scalar_b1_r2_treatment,treatment,treatment,20260728_operand_rate_v2_final_reduction_session03_CAB_reduction_fp16_scalar_b1_r2_treatment_1785247712018,7,184461.55729828001,184461.56224812299,184461.5597732015,0.0049498429871164262,1.7816201584937517,10666053508,true,true,5dff3859ad319cb37301e68cfc6fde00723e3a42110ca93adb44c05e97098167
softmax_whole_stage_atc_trace_v1,softmax_whole_stage_operand_rate_atc,softmax_whole_stage_operand_rate_atc_v2,20260728_operand_rate_v2_final_reduction_session03_CAB,reduction,fp16_scalar,20260728_operand_rate_v2_final_reduction_session03_CAB_reduction_fp16_scalar,1,2,20260728_operand_rate_v2_final_reduction_session03_CAB_reduction_fp16_scalar_b1_r2_treatment,treatment,treatment,20260728_operand_rate_v2_final_reduction_session03_CAB_reduction_fp16_scalar_b1_r2_treatment_1785247712018,8,184461.815400622,184461.816798271,184461.8160994465,0.001397649000864476,2.0379464034922421,10666092672,true,true,5dff3859ad319cb37301e68cfc6fde00723e3a42110ca93adb44c05e97098167
softmax_whole_stage_atc_trace_v1,softmax_whole_stage_operand_rate_atc,softmax_whole_stage_operand_rate_atc_v2,20260728_operand_rate_v2_final_reduction_session03_CAB,reduction,fp16_scalar,20260728_operand_rate_v2_final_reduction_session03_CAB_reduction_fp16_scalar,1,2,20260728_operand_rate_v2_final_reduction_session03_CAB_reduction_fp16_scalar_b1_r2_treatment,treatment,treatment,20260728_operand_rate_v2_final_reduction_session03_CAB_reduction_fp16_scalar_b1_r2_treatment_1785247712018,9,184462.071173898,184462.07262393201,184462.07189891499,0.0014500340039376169,2.2937458719825372,10666149692,true,true,5dff3859ad319cb37301e68cfc6fde00723e3a42110ca93adb44c05e97098167
softmax_whole_stage_atc_trace_v1,softmax_whole_stage_operand_rate_atc,softmax_whole_stage_operand_rate_atc_v2,20260728_operand_rate_v2_final_reduction_session03_CAB,reduction,fp16_scalar,20260728_operand_rate_v2_final_reduction_session03_CAB_reduction_fp16_scalar,1,2,20260728_operand_rate_v2_final_reduction_session03_CAB_reduction_fp16_scalar_b1_r2_treatment,treatment,treatment,20260728_operand_rate_v2_final_reduction_session03_CAB_reduction_fp16_scalar_b1_r2_treatment_1785247712018,10,184462.32346841201,184462.324832899,184462.32415065551,0.0013644869904965162,2.5459976124984678,10666188427,true,true,5dff3859ad319cb37301e68cfc6fde00723e3a42110ca93adb44c05e97098167
softmax_whole_stage_atc_trace_v1,softmax_whole_stage_operand_rate_atc,softmax_whole_stage_operand_rate_atc_v2,20260728_operand_rate_v2_final_reduction_session03_CAB,reduction,fp16_scalar,20260728_operand_rate_v2_final_reduction_session03_CAB_reduction_fp16_scalar,1,2,20260728_operand_rate_v2_final_reduction_session03_CAB_reduction_fp16_scalar_b1_r2_treatment,treatment,treatment,20260728_operand_rate_v2_final_reduction_session03_CAB_reduction_fp16_scalar_b1_r2_treatment_1785247712018,11,184462.57926742299,184462.58057871001,184462.57992306649,0.0013112870219629258,2.8017700234777294,10666245655,true,true,5dff3859ad319cb37301e68cfc6fde00723e3a42110ca93adb44c05e97098167
softmax_whole_stage_atc_trace_v1,softmax_whole_stage_operand_rate_atc,softmax_whole_stage_operand_rate_atc_v2,20260728_operand_rate_v2_final_reduction_session03_CAB,reduction,fp16_scalar,20260728_operand_rate_v2_final_reduction_session03_CAB_reduction_fp16_scalar,1,2,20260728_operand_rate_v2_final_reduction_session03_CAB_reduction_fp16_scalar_b1_r2_treatment,treatment,treatment,20260728_operand_rate_v2_final_reduction_session03_CAB_reduction_fp16_scalar_b1_r2_treatment_1785247712018,12,184462.83428124801,184462.83566709701,184462.83497417253,0.0013858489983249456,3.0568211295176297,10666284547,true,true,5dff3859ad319cb37301e68cfc6fde00723e3a42110ca93adb44c05e97098167
softmax_whole_stage_atc_trace_v1,softmax_whole_stage_operand_rate_atc,softmax_whole_stage_operand_rate_atc_v2,20260728_operand_rate_v2_final_reduction_session03_CAB,reduction,fp16_scalar,20260728_operand_rate_v2_final_reduction_session03_CAB_reduction_fp16_scalar,1,2,20260728_operand_rate_v2_final_reduction_session03_CAB_reduction_fp16_scalar_b1_r2_treatment,treatment,treatment,20260728_operand_rate_v2_final_reduction_session03_CAB_reduction_fp16_scalar_b1_r2_treatment_1785247712018,13,184463.08750925801,184463.08884007501,184463.08817466651,0.0013308170018717647,3.3100216235034168,10666341306,true,true,5dff3859ad319cb37301e68cfc6fde00723e3a42110ca93adb44c05e97098167
softmax_whole_stage_atc_trace_v1,softmax_whole_stage_operand_rate_atc,softmax_whole_stage_operand_rate_atc_v2,20260728_operand_rate_v2_final_reduction_session03_CAB,reduction,fp16_scalar,20260728_operand_rate_v2_final_reduction_session03_CAB_reduction_fp16_scalar,1,2,20260728_operand_rate_v2_final_reduction_session03_CAB_reduction_fp16_scalar_b1_r2_treatment,treatment,treatment,20260728_operand_rate_v2_final_reduction_session03_CAB_reduction_fp16_scalar_b1_r2_treatment_1785247712018,14,184463.33994028199,184463.341335184,184463.340637733,0.0013949020067229867,3.5624846899881959,10666380173,true,true,5dff3859ad319cb37301e68cfc6fde00723e3a42110ca93adb44c05e97098167
softmax_whole_stage_atc_trace_v1,softmax_whole_stage_operand_rate_atc,softmax_whole_stage_operand_rate_atc_v2,20260728_operand_rate_v2_final_reduction_session03_CAB,reduction,fp16_scalar,20260728_operand_rate_v2_final_reduction_session03_CAB_reduction_fp16_scalar,1,2,20260728_operand_rate_v2_final_reduction_session03_CAB_reduction_fp16_scalar_b1_r2_treatment,treatment,treatment,20260728_operand_rate_v2_final_reduction_session03_CAB_reduction_fp16_scalar_b1_r2_treatment_1785247712018,15,184463.595248895,184463.596651528,184463.59595021151,0.0014026330027263612,3.8177971685072407,10666437396,true,true,5dff3859ad319cb37301e68cfc6fde00723e3a42110ca93adb44c05e97098167
softmax_whole_stage_atc_trace_v1,softmax_whole_stage_operand_rate_atc,softmax_whole_stage_operand_rate_atc_v2,20260728_operand_rate_v2_final_reduction_session03_CAB,reduction,fp16_scalar,20260728_operand_rate_v2_final_reduction_session03_CAB_reduction_fp16_scalar,1,2,20260728_operand_rate_v2_final_reduction_session03_CAB_reduction_fp16_scalar_b1_r2_treatment,treatment,treatment,20260728_operand_rate_v2_final_reduction_session03_CAB_reduction_fp16_scalar_b1_r2_treatment_1785247712018,16,184463.85112775699,184463.852500687,184463.851814222,0.0013729300117120147,4.0736611789907329,10666476372,true,true,5dff3859ad319cb37301e68cfc6fde00723e3a42110ca93adb44c05e97098167
softmax_whole_stage_atc_trace_v1,softmax_whole_stage_operand_rate_atc,softmax_whole_stage_operand_rate_atc_v2,20260728_operand_rate_v2_final_reduction_session03_CAB,reduction,fp16_scalar,20260728_operand_rate_v2_final_reduction_session03_CAB_reduction_fp16_scalar,1,2,20260728_operand_rate_v2_final_reduction_session03_CAB_reduction_fp16_scalar_b1_r2_treatment,treatment,treatment,20260728_operand_rate_v2_final_reduction_session03_CAB_reduction_fp16_scalar_b1_r2_treatment_1785247712018,17,184464.106971423,184464.10831343001,184464.1076424265,0.0013420070172287524,4.3294893834972754,10666532962,true,true,5dff3859ad319cb37301e68cfc6fde00723e3a42110ca93adb44c05e97098167
softmax_whole_stage_atc_trace_v1,softmax_whole_stage_operand_rate_atc,softmax_whole_stage_operand_rate_atc_v2,20260728_operand_rate_v2_final_reduction_session03_CAB,reduction,fp16_scalar,20260728_operand_rate_v2_final_reduction_session03_CAB_reduction_fp16_scalar,1,2,20260728_operand_rate_v2_final_reduction_session03_CAB_reduction_fp16_scalar_b1_r2_treatment,treatment,treatment,20260728_operand_rate_v2_final_reduction_session03_CAB_reduction_fp16_scalar_b1_r2_treatment_1785247712018,18,184464.358471699,184464.35986242999,184464.35916706448,0.0013907309912610799,4.5810140214744024,10666571228,true,true,5dff3859ad319cb37301e68cfc6fde00723e3a42110ca93adb44c05e97098167
softmax_whole_stage_atc_trace_v1,softmax_whole_stage_operand_rate_atc,softmax_whole_stage_operand_rate_atc_v2,20260728_operand_rate_v2_final_reduction_session03_CAB,reduction,fp16_scalar,20260728_operand_rate_v2_final_reduction_session03_CAB_reduction_fp16_scalar,1,2,20260728_operand_rate_v2_final_reduction_session03_CAB_reduction_fp16_scalar_b1_r2_treatment,treatment,treatment,20260728_operand_rate_v2_final_reduction_session03_CAB_reduction_fp16_scalar_b1_r2_treatment_1785247712018,19,184464.61422798701,184464.61561210599,184464.6149200465,0.0013841189793311059,4.8367670034931507,10666627997,true,true,5dff3859ad319cb37301e68cfc6fde00723e3a42110ca93adb44c05e97098167
softmax_whole_stage_atc_trace_v1,softmax_whole_stage_operand_rate_atc,softmax_whole_stage_operand_rate_atc_v2,20260728_operand_rate_v2_final_reduction_session03_CAB,reduction,fp16_scalar,20260728_operand_rate_v2_final_reduction_session03_CAB_reduction_fp16_scalar,1,2,20260728_operand_rate_v2_final_reduction_session03_CAB_reduction_fp16_scalar_b1_r2_treatment,treatment,treatment,20260728_operand_rate_v2_final_reduction_session03_CAB_reduction_fp16_scalar_b1_r2_treatment_1785247712018,20,184464.87008162201,184464.87146238401,184464.87077200302,0.001380761998007074,5.0926189600140788,10666666454,true,true,5dff3859ad319cb37301e68cfc6fde00723e3a42110ca93adb44c05e97098167
softmax_whole_stage_atc_trace_v1,softmax_whole_stage_operand_rate_atc,softmax_whole_stage_operand_rate_atc_v2,20260728_operand_rate_v2_final_reduction_session03_CAB,reduction,fp16_scalar,20260728_operand_rate_v2_final_reduction_session03_CAB_reduction_fp16_scalar,1,2,20260728_operand_rate_v2_final_reduction_session03_CAB_reduction_fp16_scalar_b1_r2_treatment,treatment,treatment,20260728_operand_rate_v2_final_reduction_session03_CAB_reduction_fp16_scalar_b1_r2_treatment_1785247712018,21,184465.125921931,184465.127310729,184465.12661633,0.001388798002153635,5.3484632869949564,10666722578,true,true,5dff3859ad319cb37301e68cfc6fde00723e3a42110ca93adb44c05e97098167
softmax_whole_stage_atc_trace_v1,softmax_whole_stage_operand_rate_atc,softmax_whole_stage_operand_rate_atc_v2,20260728_operand_rate_v2_final_reduction_session03_CAB,reduction,fp16_scalar,20260728_operand_rate_v2_final_reduction_session03_CAB_reduction_fp16_scalar,1,2,20260728_operand_rate_v2_final_reduction_session03_CAB_reduction_fp16_scalar_b1_r2_treatment,treatment,treatment,20260728_operand_rate_v2_final_reduction_session03_CAB_reduction_fp16_scalar_b1_r2_treatment_1785247712018,22,184465.37767172899,184465.37907253101,184465.37837212998,0.0014008020225446671,5.6002190869767219,10666760433,true,true,5dff3859ad319cb37301e68cfc6fde00723e3a42110ca93adb44c05e97098167
softmax_whole_stage_atc_trace_v1,softmax_whole_stage_operand_rate_atc,softmax_whole_stage_operand_rate_atc_v2,20260728_operand_rate_v2_final_reduction_session03_CAB,reduction,fp16_scalar,20260728_operand_rate_v2_final_reduction_session03_CAB_reduction_fp16_scalar,1,2,20260728_operand_rate_v2_final_reduction_session03_CAB_reduction_fp16_scalar_b1_r2_treatment,treatment,treatment,20260728_operand_rate_v2_final_reduction_session03_CAB_reduction_fp16_scalar_b1_r2_treatment_1785247712018,23,184465.633506952,184465.63491589201,184465.634211422,0.0014089400065131485,5.8560583789949305,10666816798,true,true,5dff3859ad319cb37301e68cfc6fde00723e3a42110ca93adb44c05e97098167
softmax_whole_stage_atc_trace_v1,softmax_whole_stage_operand_rate_atc,softmax_whole_stage_operand_rate_atc_v2,20260728_operand_rate_v2_final_reduction_session03_CAB,reduction,fp16_scalar,20260728_operand_rate_v2_final_reduction_session03_CAB_reduction_fp16_scalar,1,2,20260728_operand_rate_v2_final_reduction_session03_CAB_reduction_fp16_scalar_b1_r2_treatment,treatment,treatment,20260728_operand_rate_v2_final_reduction_session03_CAB_reduction_fp16_scalar_b1_r2_treatment_1785247712018,24,184465.88932122101,184465.893649048,184465.89148513449,0.0043278269877191633,6.1133320914814249,10666854854,true,true,5dff3859ad319cb37301e68cfc6fde00723e3a42110ca93adb44c05e97098167
softmax_whole_stage_atc_trace_v1,softmax_whole_stage_operand_rate_atc,softmax_whole_stage_operand_rate_atc_v2,20260728_operand_rate_v2_final_reduction_session03_CAB,reduction,fp16_scalar,20260728_operand_rate_v2_final_reduction_session03_CAB_reduction_fp16_scalar,1,2,20260728_operand_rate_v2_final_reduction_session03_CAB_reduction_fp16_scalar_b1_r2_treatment,treatment,treatment,20260728_operand_rate_v2_final_reduction_session03_CAB_reduction_fp16_scalar_b1_r2_treatment_1785247712018,25,184466.14586828899,184466.147346093,184466.14660719101,0.0014778040058445185,6.3684541480033658,10666914051,true,true,5dff3859ad319cb37301e68cfc6fde00723e3a42110ca93adb44c05e97098167
softmax_whole_stage_atc_trace_v1,softmax_whole_stage_operand_rate_atc,softmax_whole_stage_operand_rate_atc_v2,20260728_operand_rate_v2_final_reduction_session03_CAB,reduction,fp16_scalar,20260728_operand_rate_v2_final_reduction_session03_CAB_reduction_fp16_scalar,1,2,20260728_operand_rate_v2_final_reduction_session03_CAB_reduction_fp16_scalar_b1_r2_treatment,treatment,treatment,20260728_operand_rate_v2_final_reduction_session03_CAB_reduction_fp16_scalar_b1_r2_treatment_1785247712018,26,184466.397905449,184466.402265115,184466.40008528199,0.0043596659961622208,6.6219322389806621,10666951399,true,true,5dff3859ad319cb37301e68cfc6fde00723e3a42110ca93adb44c05e97098167
softmax_whole_stage_atc_trace_v1,softmax_whole_stage_operand_rate_atc,softmax_whole_stage_operand_rate_atc_v2,20260728_operand_rate_v2_final_reduction_session03_CAB,reduction,fp16_scalar,20260728_operand_rate_v2_final_reduction_session03_CAB_reduction_fp16_scalar,1,2,20260728_operand_rate_v2_final_reduction_session03_CAB_reduction_fp16_scalar_b1_r2_treatment,treatment,treatment,20260728_operand_rate_v2_final_reduction_session03_CAB_reduction_fp16_scalar_b1_r2_treatment_1785247712018,27,184466.65667308899,184466.658035236,184466.65735416248,0.0013621470134239644,6.879201119474601,10667010670,true,true,5dff3859ad319cb37301e68cfc6fde00723e3a42110ca93adb44c05e97098167
softmax_whole_stage_atc_trace_v1,softmax_whole_stage_operand_rate_atc,softmax_whole_stage_operand_rate_atc_v2,20260728_operand_rate_v2_final_reduction_session03_CAB,reduction,fp16_scalar,20260728_operand_rate_v2_final_reduction_session03_CAB_reduction_fp16_scalar,1,2,20260728_operand_rate_v2_final_reduction_session03_CAB_reduction_fp16_scalar_b1_r2_treatment,treatment,treatment,20260728_operand_rate_v2_final_reduction_session03_CAB_reduction_fp16_scalar_b1_r2_treatment_1785247712018,28,184466.91250800699,184466.91389772101,184466.913202864,0.0013897140161134303,7.135049820994027,10667047622,true,true,5dff3859ad319cb37301e68cfc6fde00723e3a42110ca93adb44c05e97098167
softmax_whole_stage_atc_trace_v1,softmax_whole_stage_operand_rate_atc,softmax_whole_stage_operand_rate_atc_v2,20260728_operand_rate_v2_final_reduction_session03_CAB,reduction,fp16_scalar,20260728_operand_rate_v2_final_reduction_session03_CAB_reduction_fp16_scalar,1,2,20260728_operand_rate_v2_final_reduction_session03_CAB_reduction_fp16_scalar_b1_r2_treatment,treatment,treatment,20260728_operand_rate_v2_final_reduction_session03_CAB_reduction_fp16_scalar_b1_r2_treatment_1785247712018,29,184467.16452217801,184467.16588808899,184467.1652051335,0.0013659109827131033,7.3870520904893056,10667106277,true,true,5dff3859ad319cb37301e68cfc6fde00723e3a42110ca93adb44c05e97098167
softmax_whole_stage_atc_trace_v1,softmax_whole_stage_operand_rate_atc,softmax_whole_stage_operand_rate_atc_v2,20260728_operand_rate_v2_final_reduction_session03_CAB,reduction,fp16_scalar,20260728_operand_rate_v2_final_reduction_session03_CAB_reduction_fp16_scalar,1,2,20260728_operand_rate_v2_final_reduction_session03_CAB_reduction_fp16_scalar_b1_r2_treatment,treatment,treatment,20260728_operand_rate_v2_final_reduction_session03_CAB_reduction_fp16_scalar_b1_r2_treatment_1785247712018,30,184467.41667550401,184467.419099213,184467.41788735852,0.0024237089965026826,7.6397343155113049,10667143294,true,true,5dff3859ad319cb37301e68cfc6fde00723e3a42110ca93adb44c05e97098167
softmax_whole_stage_atc_trace_v1,softmax_whole_stage_operand_rate_atc,softmax_whole_stage_operand_rate_atc_v2,20260728_operand_rate_v2_final_reduction_session03_CAB,reduction,fp16_scalar,20260728_operand_rate_v2_final_reduction_session03_CAB_reduction_fp16_scalar,1,2,20260728_operand_rate_v2_final_reduction_session03_CAB_reduction_fp16_scalar_b1_r2_treatment,treatment,treatment,20260728_operand_rate_v2_final_reduction_session03_CAB_reduction_fp16_scalar_b1_r2_treatment_1785247712018,31,184467.673592023,184467.67509007,184467.67434104648,0.0014980470004957169,7.8961880034767091,10667202467,true,true,5dff3859ad319cb37301e68cfc6fde00723e3a42110ca93adb44c05e97098167
softmax_whole_stage_atc_trace_v1,softmax_whole_stage_operand_rate_atc,softmax_whole_stage_operand_rate_atc_v2,20260728_operand_rate_v2_final_reduction_session03_CAB,reduction,fp16_scalar,20260728_operand_rate_v2_final_reduction_session03_CAB_reduction_fp16_scalar,1,2,20260728_operand_rate_v2_final_reduction_session03_CAB_reduction_fp16_scalar_b1_r2_treatment,treatment,treatment,20260728_operand_rate_v2_final_reduction_session03_CAB_reduction_fp16_scalar_b1_r2_treatment_1785247712018,32,184467.92955846601,184467.93098663099,184467.93027254852,0.0014281649782788008,8.1521195055101998,10667239294,true,true,5dff3859ad319cb37301e68cfc6fde00723e3a42110ca93adb44c05e97098167
softmax_whole_stage_atc_trace_v1,softmax_whole_stage_operand_rate_atc,softmax_whole_stage_operand_rate_atc_v2,20260728_operand_rate_v2_final_reduction_session03_CAB,reduction,fp16_scalar,20260728_operand_rate_v2_final_reduction_session03_CAB_reduction_fp16_scalar,1,2,20260728_operand_rate_v2_final_reduction_session03_CAB_reduction_fp16_scalar_b1_r2_treatment,treatment,treatment,20260728_operand_rate_v2_final_reduction_session03_CAB_reduction_fp16_scalar_b1_r2_treatment_1785247712018,33,184468.181448538,184468.18287772001,184468.18216312901,0.0014291820116341114,8.4040100860001985,10667297765,true,true,5dff3859ad319cb37301e68cfc6fde00723e3a42110ca93adb44c05e97098167
softmax_whole_stage_atc_trace_v1,softmax_whole_stage_operand_rate_atc,softmax_whole_stage_operand_rate_atc_v2,20260728_operand_rate_v2_final_reduction_session03_CAB,reduction,fp16_scalar,20260728_operand_rate_v2_final_reduction_session03_CAB_reduction_fp16_scalar,1,2,20260728_operand_rate_v2_final_reduction_session03_CAB_reduction_fp16_scalar_b1_r2_treatment,treatment,treatment,20260728_operand_rate_v2_final_reduction_session03_CAB_reduction_fp16_scalar_b1_r2_treatment_1785247712018,34,184468.43377438301,184468.436149266,184468.4349618245,0.0023748829844407737,8.6568087814957835,10667334667,true,true,5dff3859ad319cb37301e68cfc6fde00723e3a42110ca93adb44c05e97098167
softmax_whole_stage_atc_trace_v1,softmax_whole_stage_operand_rate_atc,softmax_whole_stage_operand_rate_atc_v2,20260728_operand_rate_v2_final_reduction_session03_CAB,reduction,fp16_scalar,20260728_operand_rate_v2_final_reduction_session03_CAB_reduction_fp16_scalar,1,2,20260728_operand_rate_v2_final_reduction_session03_CAB_reduction_fp16_scalar_b1_r2_treatment,treatment,treatment,20260728_operand_rate_v2_final_reduction_session03_CAB_reduction_fp16_scalar_b1_r2_treatment_1785247712018,35,184468.69060688,184468.69204135099,184468.6913241155,0.0014344709925353527,8.9131710724905133,10667393724,true,true,5dff3859ad319cb37301e68cfc6fde00723e3a42110ca93adb44c05e97098167
softmax_whole_stage_atc_trace_v1,softmax_whole_stage_operand_rate_atc,softmax_whole_stage_operand_rate_atc_v2,20260728_operand_rate_v2_final_reduction_session03_CAB,reduction,fp16_scalar,20260728_operand_rate_v2_final_reduction_session03_CAB_reduction_fp16_scalar,1,2,20260728_operand_rate_v2_final_reduction_session03_CAB_reduction_fp16_scalar_b1_r2_treatment,treatment,treatment,20260728_operand_rate_v2_final_reduction_session03_CAB_reduction_fp16_scalar_b1_r2_treatment_1785247712018,36,184468.94648736899,184468.947892036,184468.94718970248,0.0014046670112293214,9.1690366594702937,10667430473,true,true,5dff3859ad319cb37301e68cfc6fde00723e3a42110ca93adb44c05e97098167
softmax_whole_stage_atc_trace_v1,softmax_whole_stage_operand_rate_atc,softmax_whole_stage_operand_rate_atc_v2,20260728_operand_rate_v2_final_reduction_session03_CAB,reduction,fp16_scalar,20260728_operand_rate_v2_final_reduction_session03_CAB_reduction_fp16_scalar,1,2,20260728_operand_rate_v2_final_reduction_session03_CAB_reduction_fp16_scalar_b1_r2_treatment,treatment,treatment,20260728_operand_rate_v2_final_reduction_session03_CAB_reduction_fp16_scalar_b1_r2_treatment_1785247712018,37,184469.20232991601,184469.20370152401,184469.20301572001,0.001371607999317348,9.4248626769986004,10667488858,true,true,5dff3859ad319cb37301e68cfc6fde00723e3a42110ca93adb44c05e97098167
softmax_whole_stage_atc_trace_v1,softmax_whole_stage_operand_rate_atc,softmax_whole_stage_operand_rate_atc_v2,20260728_operand_rate_v2_final_reduction_session03_CAB,reduction,fp16_scalar,20260728_operand_rate_v2_final_reduction_session03_CAB_reduction_fp16_scalar,1,2,20260728_operand_rate_v2_final_reduction_session03_CAB_reduction_fp16_scalar_b1_r2_treatment,treatment,treatment,20260728_operand_rate_v2_final_reduction_session03_CAB_reduction_fp16_scalar_b1_r2_treatment_1785247712018,38,184469.45500212099,184469.456375865,184469.45568899298,0.0013737440167460591,9.6775359499733895,10667524985,true,true,5dff3859ad319cb37301e68cfc6fde00723e3a42110ca93adb44c05e97098167
softmax_whole_stage_atc_trace_v1,softmax_whole_stage_operand_rate_atc,softmax_whole_stage_operand_rate_atc_v2,20260728_operand_rate_v2_final_reduction_session03_CAB,reduction,fp16_scalar,20260728_operand_rate_v2_final_reduction_session03_CAB_reduction_fp16_scalar,1,2,20260728_operand_rate_v2_final_reduction_session03_CAB_reduction_fp16_scalar_b1_r2_treatment,treatment,treatment,20260728_operand_rate_v2_final_reduction_session03_CAB_reduction_fp16_scalar_b1_r2_treatment_1785247712018,39,184469.71074538899,184469.71208759901,184469.71141649398,0.0013422100164461881,9.9332634509773925,10667583423,true,true,5dff3859ad319cb37301e68cfc6fde00723e3a42110ca93adb44c05e97098167
softmax_whole_stage_atc_trace_v1,softmax_whole_stage_operand_rate_atc,softmax_whole_stage_operand_rate_atc_v2,20260728_operand_rate_v2_final_reduction_session03_CAB,reduction,fp16_scalar,20260728_operand_rate_v2_final_reduction_session03_CAB_reduction_fp16_scalar,1,2,20260728_operand_rate_v2_final_reduction_session03_CAB_reduction_fp16_scalar_b1_r2_treatment,treatment,treatment,20260728_operand_rate_v2_final_reduction_session03_CAB_reduction_fp16_scalar_b1_r2_treatment_1785247712018,40,184469.96624029701,184469.96768125301,184469.96696077503,0.0014409559953492135,10.188807732018176,10667619583,true,true,5dff3859ad319cb37301e68cfc6fde00723e3a42110ca93adb44c05e97098167
softmax_whole_stage_atc_trace_v1,softmax_whole_stage_operand_rate_atc,softmax_whole_stage_operand_rate_atc_v2,20260728_operand_rate_v2_final_reduction_session03_CAB,reduction,fp16_scalar,20260728_operand_rate_v2_final_reduction_session03_CAB_reduction_fp16_scalar,1,2,20260728_operand_rate_v2_final_reduction_session03_CAB_reduction_fp16_scalar_b1_r2_treatment,treatment,treatment,20260728_operand_rate_v2_final_reduction_session03_CAB_reduction_fp16_scalar_b1_r2_treatment_1785247712018,41,184470.22170879101,184470.22522063201,184470.22346471151,0.0035118410014547408,10.445311668503564,10667677447,true,true,5dff3859ad319cb37301e68cfc6fde00723e3a42110ca93adb44c05e97098167
softmax_whole_stage_atc_trace_v1,softmax_whole_stage_operand_rate_atc,softmax_whole_stage_operand_rate_atc_v2,20260728_operand_rate_v2_final_reduction_session03_CAB,reduction,fp16_scalar,20260728_operand_rate_v2_final_reduction_session03_CAB_reduction_fp16_scalar,1,2,20260728_operand_rate_v2_final_reduction_session03_CAB_reduction_fp16_scalar_b1_r2_treatment,treatment,treatment,20260728_operand_rate_v2_final_reduction_session03_CAB_reduction_fp16_scalar_b1_r2_treatment_1785247712018,42,184470.47665522099,184470.478060933,184470.47735807701,0.0014057120133657008,10.69920503400499,10667716653,true,true,5dff3859ad319cb37301e68cfc6fde00723e3a42110ca93adb44c05e97098167
softmax_whole_stage_atc_trace_v1,softmax_whole_stage_operand_rate_atc,softmax_whole_stage_operand_rate_atc_v2,20260728_operand_rate_v2_final_reduction_session03_CAB,reduction,fp16_scalar,20260728_operand_rate_v2_final_reduction_session03_CAB_reduction_fp16_scalar,1,2,20260728_operand_rate_v2_final_reduction_session03_CAB_reduction_fp16_scalar_b1_r2_treatment,treatment,treatment,20260728_operand_rate_v2_final_reduction_session03_CAB_reduction_fp16_scalar_b1_r2_treatment_1785247712018,43,184470.73207343899,184470.73345517999,184470.73276430951,0.0013817409926559776,10.954611266497523,10667774070,true,true,5dff3859ad319cb37301e68cfc6fde00723e3a42110ca93adb44c05e97098167
softmax_whole_stage_atc_trace_v1,softmax_whole_stage_operand_rate_atc,softmax_whole_stage_operand_rate_atc_v2,20260728_operand_rate_v2_final_reduction_session03_CAB,reduction,fp16_scalar,20260728_operand_rate_v2_final_reduction_session03_CAB_reduction_fp16_scalar,1,2,20260728_operand_rate_v2_final_reduction_session03_CAB_reduction_fp16_scalar_b1_r2_treatment,treatment,treatment,20260728_operand_rate_v2_final_reduction_session03_CAB_reduction_fp16_scalar_b1_r2_treatment_1785247712018,44,184470.987493586,184470.98887756199,184470.98818557401,0.001383975992212072,11.210032531002071,10667813197,true,true,5dff3859ad319cb37301e68cfc6fde00723e3a42110ca93adb44c05e97098167
softmax_whole_stage_atc_trace_v1,softmax_whole_stage_operand_rate_atc,softmax_whole_stage_operand_rate_atc_v2,20260728_operand_rate_v2_final_reduction_session03_CAB,reduction,fp16_scalar,20260728_operand_rate_v2_final_reduction_session03_CAB_reduction_fp16_scalar,1,2,20260728_operand_rate_v2_final_reduction_session03_CAB_reduction_fp16_scalar_b1_r2_treatment,treatment,treatment,20260728_operand_rate_v2_final_reduction_session03_CAB_reduction_fp16_scalar_b1_r2_treatment_1785247712018,45,184471.24296949399,184471.245344984,184471.24415723898,0.0023754900030326098,11.466004195972346,10667870054,true,true,5dff3859ad319cb37301e68cfc6fde00723e3a42110ca93adb44c05e97098167
softmax_whole_stage_atc_trace_v1,softmax_whole_stage_operand_rate_atc,softmax_whole_stage_operand_rate_atc_v2,20260728_operand_rate_v2_final_reduction_session03_CAB,reduction,fp16_scalar,20260728_operand_rate_v2_final_reduction_session03_CAB_reduction_fp16_scalar,1,2,20260728_operand_rate_v2_final_reduction_session03_CAB_reduction_fp16_scalar_b1_r2_treatment,treatment,treatment,20260728_operand_rate_v2_final_reduction_session03_CAB_reduction_fp16_scalar_b1_r2_treatment_1785247712018,46,184471.49679511299,184471.49837247599,184471.49758379449,0.0015773630002513528,11.71943075148738,10667928389,true,true,5dff3859ad319cb37301e68cfc6fde00723e3a42110ca93adb44c05e97098167
softmax_whole_stage_atc_trace_v1,softmax_whole_stage_operand_rate_atc,softmax_whole_stage_operand_rate_atc_v2,20260728_operand_rate_v2_final_reduction_session03_CAB,reduction,fp16_scalar,20260728_operand_rate_v2_final_reduction_session03_CAB_reduction_fp16_scalar,1,2,20260728_operand_rate_v2_final_reduction_session03_CAB_reduction_fp16_scalar_b1_r2_treatment,treatment,treatment,20260728_operand_rate_v2_final_reduction_session03_CAB_reduction_fp16_scalar_b1_r2_treatment_1785247712018,47,184471.752441149,184471.75389977801,184471.75317046349,0.0014586290053557605,11.97501742048189,10667968294,true,true,5dff3859ad319cb37301e68cfc6fde00723e3a42110ca93adb44c05e97098167
softmax_whole_stage_atc_trace_v1,softmax_whole_stage_operand_rate_atc,softmax_whole_stage_operand_rate_atc_v2,20260728_operand_rate_v2_final_reduction_session03_CAB,reduction,fp16_scalar,20260728_operand_rate_v2_final_reduction_session03_CAB_reduction_fp16_scalar,1,2,20260728_operand_rate_v2_final_reduction_session03_CAB_reduction_fp16_scalar_b1_r2_treatment,treatment,treatment,20260728_operand_rate_v2_final_reduction_session03_CAB_reduction_fp16_scalar_b1_r2_treatment_1785247712018,48,184472.00804635501,184472.012827603,184472.01043697901,0.0047812479897402227,12.232283935998566,10668026311,true,true,5dff3859ad319cb37301e68cfc6fde00723e3a42110ca93adb44c05e97098167
softmax_whole_stage_atc_trace_v1,softmax_whole_stage_operand_rate_atc,softmax_whole_stage_operand_rate_atc_v2,20260728_operand_rate_v2_final_reduction_session03_CAB,reduction,fp16_scalar,20260728_operand_rate_v2_final_reduction_session03_CAB_reduction_fp16_scalar,1,2,20260728_operand_rate_v2_final_reduction_session03_CAB_reduction_fp16_scalar_b1_r2_treatment,treatment,treatment,20260728_operand_rate_v2_final_reduction_session03_CAB_reduction_fp16_scalar_b1_r2_treatment_1785247712018,49,184472.264505144,184472.26593482599,184472.26521998498,0.0014296819863375276,12.487066941976082,10668065283,true,true,5dff3859ad319cb37301e68cfc6fde00723e3a42110ca93adb44c05e97098167
softmax_whole_stage_atc_trace_v1,softmax_whole_stage_operand_rate_atc,softmax_whole_stage_operand_rate_atc_v2,20260728_operand_rate_v2_final_reduction_session03_CAB,reduction,fp16_scalar,20260728_operand_rate_v2_final_reduction_session03_CAB_reduction_fp16_scalar,1,2,20260728_operand_rate_v2_final_reduction_session03_CAB_reduction_fp16_scalar_b1_r2_treatment,treatment,treatment,20260728_operand_rate_v2_final_reduction_session03_CAB_reduction_fp16_scalar_b1_r2_treatment_1785247712018,50,184472.51788589201,184472.520009492,184472.51894769201,0.0021235999884083867,12.740794648998417,10668122343,true,true,5dff3859ad319cb37301e68cfc6fde00723e3a42110ca93adb44c05e97098167
softmax_whole_stage_atc_trace_v1,softmax_whole_stage_operand_rate_atc,softmax_whole_stage_operand_rate_atc_v2,20260728_operand_rate_v2_final_reduction_session03_CAB,reduction,fp16_scalar,20260728_operand_rate_v2_final_reduction_session03_CAB_reduction_fp16_scalar,1,2,20260728_operand_rate_v2_final_reduction_session03_CAB_reduction_fp16_scalar_b1_r2_treatment,treatment,treatment,20260728_operand_rate_v2_final_reduction_session03_CAB_reduction_fp16_scalar_b1_r2_treatment_1785247712018,51,184472.773999856,184472.77546711799,184472.77473348699,0.00146726198727265,12.996580443985295,10668161367,true,false,5dff3859ad319cb37301e68cfc6fde00723e3a42110ca93adb44c05e97098167
softmax_whole_stage_atc_trace_v1,softmax_whole_stage_operand_rate_atc,softmax_whole_stage_operand_rate_atc_v2,20260728_operand_rate_v2_final_reduction_session03_CAB,reduction,fp16_scalar,20260728_operand_rate_v2_final_reduction_session03_CAB_reduction_fp16_scalar,1,2,20260728_operand_rate_v2_final_reduction_session03_CAB_reduction_fp16_scalar_b1_r2_treatment,treatment,treatment,20260728_operand_rate_v2_final_reduction_session03_CAB_reduction_fp16_scalar_b1_r2_treatment_1785247712018,52,184473.02955945701,184473.03096750399,184473.0302634805,0.0014080469845794141,13.252110437490046,10668217992,true,false,5dff3859ad319cb37301e68cfc6fde00723e3a42110ca93adb44c05e97098167
softmax_whole_stage_atc_trace_v1,softmax_whole_stage_operand_rate_atc,softmax_whole_stage_operand_rate_atc_v2,20260728_operand_rate_v2_final_reduction_session03_CAB,reduction,fp16_scalar,20260728_operand_rate_v2_final_reduction_session03_CAB_reduction_fp16_scalar,1,2,20260728_operand_rate_v2_final_reduction_session03_CAB_reduction_fp16_scalar_b1_r2_treatment,treatment,treatment,20260728_operand_rate_v2_final_reduction_session03_CAB_reduction_fp16_scalar_b1_r2_treatment_1785247712018,53,184473.281985662,184473.284208595,184473.2830971285,0.0022229329915717244,13.504944085492752,10668255290,true,false,5dff3859ad319cb37301e68cfc6fde00723e3a42110ca93adb44c05e97098167
softmax_whole_stage_atc_trace_v1,softmax_whole_stage_operand_rate_atc,softmax_whole_stage_operand_rate_atc_v2,20260728_operand_rate_v2_final_reduction_session03_CAB,reduction,fp16_scalar,20260728_operand_rate_v2_final_reduction_session03_CAB_reduction_fp16_scalar,1,2,20260728_operand_rate_v2_final_reduction_session03_CAB_reduction_fp16_scalar_b1_r2_treatment,treatment,treatment,20260728_operand_rate_v2_final_reduction_session03_CAB_reduction_fp16_scalar_b1_r2_treatment_1785247712018,54,184473.28423256599,184473.286040896,184473.28513673099,0.0018083300092257559,13.506983687984757,10668255290,false,false,5dff3859ad319cb37301e68cfc6fde00723e3a42110ca93adb44c05e97098167
