schema_version,experiment_kind,protocol_revision,session_id,stage,policy,cell_id,bracket_index,role_index,role_id,role,variant,run_id,sample_index,query_start_s,query_end_s,query_midpoint_s,query_latency_s,relative_to_kernel_start_s,energy_mJ,changed_from_previous,in_fit_window,binary_sha256
softmax_whole_stage_atc_trace_v1,softmax_whole_stage_operand_rate_atc,softmax_whole_stage_operand_rate_atc_v2,20260728_operand_rate_v2_final_reduction_session02_BCA,reduction,fp16_scalar,20260728_operand_rate_v2_final_reduction_session02_BCA_reduction_fp16_scalar,0,0,20260728_operand_rate_v2_final_reduction_session02_BCA_reduction_fp16_scalar_b0_r0_control,control,control,20260728_operand_rate_v2_final_reduction_session02_BCA_reduction_fp16_scalar_b0_r0_control_1785246003908,0,182736.05557781499,182736.05710734901,182736.05634258199,0.0015295340272132307,0.00085837498772889376,10298166675,false,false,5dff3859ad319cb37301e68cfc6fde00723e3a42110ca93adb44c05e97098167
softmax_whole_stage_atc_trace_v1,softmax_whole_stage_operand_rate_atc,softmax_whole_stage_operand_rate_atc_v2,20260728_operand_rate_v2_final_reduction_session02_BCA,reduction,fp16_scalar,20260728_operand_rate_v2_final_reduction_session02_BCA_reduction_fp16_scalar,0,0,20260728_operand_rate_v2_final_reduction_session02_BCA_reduction_fp16_scalar_b0_r0_control,control,control,20260728_operand_rate_v2_final_reduction_session02_BCA_reduction_fp16_scalar_b0_r0_control_1785246003908,1,182736.30941074601,182736.310822156,182736.310116451,0.0014114099903963506,0.25463224400300533,10298219735,true,false,5dff3859ad319cb37301e68cfc6fde00723e3a42110ca93adb44c05e97098167
softmax_whole_stage_atc_trace_v1,softmax_whole_stage_operand_rate_atc,softmax_whole_stage_operand_rate_atc_v2,20260728_operand_rate_v2_final_reduction_session02_BCA,reduction,fp16_scalar,20260728_operand_rate_v2_final_reduction_session02_BCA_reduction_fp16_scalar,0,0,20260728_operand_rate_v2_final_reduction_session02_BCA_reduction_fp16_scalar_b0_r0_control,control,control,20260728_operand_rate_v2_final_reduction_session02_BCA_reduction_fp16_scalar_b0_r0_control_1785246003908,2,182736.56426505401,182736.56569287699,182736.5649789655,0.0014278229791671038,0.50949475850211456,10298260995,true,false,5dff3859ad319cb37301e68cfc6fde00723e3a42110ca93adb44c05e97098167
softmax_whole_stage_atc_trace_v1,softmax_whole_stage_operand_rate_atc,softmax_whole_stage_operand_rate_atc_v2,20260728_operand_rate_v2_final_reduction_session02_BCA,reduction,fp16_scalar,20260728_operand_rate_v2_final_reduction_session02_BCA_reduction_fp16_scalar,0,0,20260728_operand_rate_v2_final_reduction_session02_BCA_reduction_fp16_scalar_b0_r0_control,control,control,20260728_operand_rate_v2_final_reduction_session02_BCA_reduction_fp16_scalar_b0_r0_control_1785246003908,3,182736.81906364401,182736.820485895,182736.81977476951,0.0014222509926185012,0.76429056251072325,10298321239,true,true,5dff3859ad319cb37301e68cfc6fde00723e3a42110ca93adb44c05e97098167
softmax_whole_stage_atc_trace_v1,softmax_whole_stage_operand_rate_atc,softmax_whole_stage_operand_rate_atc_v2,20260728_operand_rate_v2_final_reduction_session02_BCA,reduction,fp16_scalar,20260728_operand_rate_v2_final_reduction_session02_BCA_reduction_fp16_scalar,0,0,20260728_operand_rate_v2_final_reduction_session02_BCA_reduction_fp16_scalar_b0_r0_control,control,control,20260728_operand_rate_v2_final_reduction_session02_BCA_reduction_fp16_scalar_b0_r0_control_1785246003908,4,182737.07161666101,182737.073038303,182737.07232748199,0.001421641994966194,1.016843274992425,10298362000,true,true,5dff3859ad319cb37301e68cfc6fde00723e3a42110ca93adb44c05e97098167
softmax_whole_stage_atc_trace_v1,softmax_whole_stage_operand_rate_atc,softmax_whole_stage_operand_rate_atc_v2,20260728_operand_rate_v2_final_reduction_session02_BCA,reduction,fp16_scalar,20260728_operand_rate_v2_final_reduction_session02_BCA_reduction_fp16_scalar,0,0,20260728_operand_rate_v2_final_reduction_session02_BCA_reduction_fp16_scalar_b0_r0_control,control,control,20260728_operand_rate_v2_final_reduction_session02_BCA_reduction_fp16_scalar_b0_r0_control_1785246003908,5,182737.32647157801,182737.327802652,182737.327137115,0.0013310739886946976,1.2716529080062173,10298422249,true,true,5dff3859ad319cb37301e68cfc6fde00723e3a42110ca93adb44c05e97098167
softmax_whole_stage_atc_trace_v1,softmax_whole_stage_operand_rate_atc,softmax_whole_stage_operand_rate_atc_v2,20260728_operand_rate_v2_final_reduction_session02_BCA,reduction,fp16_scalar,20260728_operand_rate_v2_final_reduction_session02_BCA_reduction_fp16_scalar,0,0,20260728_operand_rate_v2_final_reduction_session02_BCA_reduction_fp16_scalar_b0_r0_control,control,control,20260728_operand_rate_v2_final_reduction_session02_BCA_reduction_fp16_scalar_b0_r0_control_1785246003908,6,182737.58123096201,182737.58532721299,182737.5832790875,0.004096250981092453,1.5277948805014603,10298462915,true,true,5dff3859ad319cb37301e68cfc6fde00723e3a42110ca93adb44c05e97098167
softmax_whole_stage_atc_trace_v1,softmax_whole_stage_operand_rate_atc,softmax_whole_stage_operand_rate_atc_v2,20260728_operand_rate_v2_final_reduction_session02_BCA,reduction,fp16_scalar,20260728_operand_rate_v2_final_reduction_session02_BCA_reduction_fp16_scalar,0,0,20260728_operand_rate_v2_final_reduction_session02_BCA_reduction_fp16_scalar_b0_r0_control,control,control,20260728_operand_rate_v2_final_reduction_session02_BCA_reduction_fp16_scalar_b0_r0_control_1785246003908,7,182737.838769503,182737.84021120501,182737.839490354,0.0014417020138353109,1.7840061470051296,10298526293,true,true,5dff3859ad319cb37301e68cfc6fde00723e3a42110ca93adb44c05e97098167
softmax_whole_stage_atc_trace_v1,softmax_whole_stage_operand_rate_atc,softmax_whole_stage_operand_rate_atc_v2,20260728_operand_rate_v2_final_reduction_session02_BCA,reduction,fp16_scalar,20260728_operand_rate_v2_final_reduction_session02_BCA_reduction_fp16_scalar,0,0,20260728_operand_rate_v2_final_reduction_session02_BCA_reduction_fp16_scalar_b0_r0_control,control,control,20260728_operand_rate_v2_final_reduction_session02_BCA_reduction_fp16_scalar_b0_r0_control_1785246003908,8,182738.09362695299,182738.09504059199,182738.09433377249,0.0014136389945633709,2.0388495654915459,10298565752,true,true,5dff3859ad319cb37301e68cfc6fde00723e3a42110ca93adb44c05e97098167
softmax_whole_stage_atc_trace_v1,softmax_whole_stage_operand_rate_atc,softmax_whole_stage_operand_rate_atc_v2,20260728_operand_rate_v2_final_reduction_session02_BCA,reduction,fp16_scalar,20260728_operand_rate_v2_final_reduction_session02_BCA_reduction_fp16_scalar,0,0,20260728_operand_rate_v2_final_reduction_session02_BCA_reduction_fp16_scalar_b0_r0_control,control,control,20260728_operand_rate_v2_final_reduction_session02_BCA_reduction_fp16_scalar_b0_r0_control_1785246003908,9,182738.34628462,182738.34772074901,182738.34700268449,0.0014361290086526424,2.2915184774901718,10298628500,true,true,5dff3859ad319cb37301e68cfc6fde00723e3a42110ca93adb44c05e97098167
softmax_whole_stage_atc_trace_v1,softmax_whole_stage_operand_rate_atc,softmax_whole_stage_operand_rate_atc_v2,20260728_operand_rate_v2_final_reduction_session02_BCA,reduction,fp16_scalar,20260728_operand_rate_v2_final_reduction_session02_BCA_reduction_fp16_scalar,0,0,20260728_operand_rate_v2_final_reduction_session02_BCA_reduction_fp16_scalar_b0_r0_control,control,control,20260728_operand_rate_v2_final_reduction_session02_BCA_reduction_fp16_scalar_b0_r0_control_1785246003908,10,182738.601130722,182738.60252288499,182738.6018268035,0.0013921629870310426,2.5463425964990165,10298667735,true,true,5dff3859ad319cb37301e68cfc6fde00723e3a42110ca93adb44c05e97098167
softmax_whole_stage_atc_trace_v1,softmax_whole_stage_operand_rate_atc,softmax_whole_stage_operand_rate_atc_v2,20260728_operand_rate_v2_final_reduction_session02_BCA,reduction,fp16_scalar,20260728_operand_rate_v2_final_reduction_session02_BCA_reduction_fp16_scalar,0,0,20260728_operand_rate_v2_final_reduction_session02_BCA_reduction_fp16_scalar_b0_r0_control,control,control,20260728_operand_rate_v2_final_reduction_session02_BCA_reduction_fp16_scalar_b0_r0_control_1785246003908,11,182738.85591067199,182738.85727760801,182738.85659414,0.0013669360196217895,2.8011099330033176,10298730266,true,true,5dff3859ad319cb37301e68cfc6fde00723e3a42110ca93adb44c05e97098167
softmax_whole_stage_atc_trace_v1,softmax_whole_stage_operand_rate_atc,softmax_whole_stage_operand_rate_atc_v2,20260728_operand_rate_v2_final_reduction_session02_BCA,reduction,fp16_scalar,20260728_operand_rate_v2_final_reduction_session02_BCA_reduction_fp16_scalar,0,0,20260728_operand_rate_v2_final_reduction_session02_BCA_reduction_fp16_scalar_b0_r0_control,control,control,20260728_operand_rate_v2_final_reduction_session02_BCA_reduction_fp16_scalar_b0_r0_control_1785246003908,12,182739.11072182399,182739.11210750201,182739.111414663,0.0013856780133210123,3.0559304560010787,10298768822,true,true,5dff3859ad319cb37301e68cfc6fde00723e3a42110ca93adb44c05e97098167
softmax_whole_stage_atc_trace_v1,softmax_whole_stage_operand_rate_atc,softmax_whole_stage_operand_rate_atc_v2,20260728_operand_rate_v2_final_reduction_session02_BCA,reduction,fp16_scalar,20260728_operand_rate_v2_final_reduction_session02_BCA_reduction_fp16_scalar,0,0,20260728_operand_rate_v2_final_reduction_session02_BCA_reduction_fp16_scalar_b0_r0_control,control,control,20260728_operand_rate_v2_final_reduction_session02_BCA_reduction_fp16_scalar_b0_r0_control_1785246003908,13,182739.36548080301,182739.36776345401,182739.36662212852,0.002282650995766744,3.3111379215260968,10298830636,true,true,5dff3859ad319cb37301e68cfc6fde00723e3a42110ca93adb44c05e97098167
softmax_whole_stage_atc_trace_v1,softmax_whole_stage_operand_rate_atc,softmax_whole_stage_operand_rate_atc_v2,20260728_operand_rate_v2_final_reduction_session02_BCA,reduction,fp16_scalar,20260728_operand_rate_v2_final_reduction_session02_BCA_reduction_fp16_scalar,0,0,20260728_operand_rate_v2_final_reduction_session02_BCA_reduction_fp16_scalar_b0_r0_control,control,control,20260728_operand_rate_v2_final_reduction_session02_BCA_reduction_fp16_scalar_b0_r0_control_1785246003908,14,182739.621201692,182739.62259355001,182739.62189762102,0.0013918580079916865,3.5664134140242822,10298872619,true,true,5dff3859ad319cb37301e68cfc6fde00723e3a42110ca93adb44c05e97098167
softmax_whole_stage_atc_trace_v1,softmax_whole_stage_operand_rate_atc,softmax_whole_stage_operand_rate_atc_v2,20260728_operand_rate_v2_final_reduction_session02_BCA,reduction,fp16_scalar,20260728_operand_rate_v2_final_reduction_session02_BCA_reduction_fp16_scalar,0,0,20260728_operand_rate_v2_final_reduction_session02_BCA_reduction_fp16_scalar_b0_r0_control,control,control,20260728_operand_rate_v2_final_reduction_session02_BCA_reduction_fp16_scalar_b0_r0_control_1785246003908,15,182739.87597444901,182739.87732618899,182739.876650319,0.0013517399784177542,3.8211661120003555,10298933516,true,true,5dff3859ad319cb37301e68cfc6fde00723e3a42110ca93adb44c05e97098167
softmax_whole_stage_atc_trace_v1,softmax_whole_stage_operand_rate_atc,softmax_whole_stage_operand_rate_atc_v2,20260728_operand_rate_v2_final_reduction_session02_BCA,reduction,fp16_scalar,20260728_operand_rate_v2_final_reduction_session02_BCA_reduction_fp16_scalar,0,0,20260728_operand_rate_v2_final_reduction_session02_BCA_reduction_fp16_scalar_b0_r0_control,control,control,20260728_operand_rate_v2_final_reduction_session02_BCA_reduction_fp16_scalar_b0_r0_control_1785246003908,16,182740.130702225,182740.13212417101,182740.13141319802,0.0014219460135791451,4.0759289910201915,10298974752,true,true,5dff3859ad319cb37301e68cfc6fde00723e3a42110ca93adb44c05e97098167
softmax_whole_stage_atc_trace_v1,softmax_whole_stage_operand_rate_atc,softmax_whole_stage_operand_rate_atc_v2,20260728_operand_rate_v2_final_reduction_session02_BCA,reduction,fp16_scalar,20260728_operand_rate_v2_final_reduction_session02_BCA_reduction_fp16_scalar,0,0,20260728_operand_rate_v2_final_reduction_session02_BCA_reduction_fp16_scalar_b0_r0_control,control,control,20260728_operand_rate_v2_final_reduction_session02_BCA_reduction_fp16_scalar_b0_r0_control_1785246003908,17,182740.38545370699,182740.386769281,182740.38611149398,0.0013155740161892027,4.3306272869813256,10299034856,true,true,5dff3859ad319cb37301e68cfc6fde00723e3a42110ca93adb44c05e97098167
softmax_whole_stage_atc_trace_v1,softmax_whole_stage_operand_rate_atc,softmax_whole_stage_operand_rate_atc_v2,20260728_operand_rate_v2_final_reduction_session02_BCA,reduction,fp16_scalar,20260728_operand_rate_v2_final_reduction_session02_BCA_reduction_fp16_scalar,0,0,20260728_operand_rate_v2_final_reduction_session02_BCA_reduction_fp16_scalar_b0_r0_control,control,control,20260728_operand_rate_v2_final_reduction_session02_BCA_reduction_fp16_scalar_b0_r0_control_1785246003908,18,182740.64020731699,182740.64392316001,182740.6420652385,0.0037158430204726756,4.5865810315008275,10299075395,true,true,5dff3859ad319cb37301e68cfc6fde00723e3a42110ca93adb44c05e97098167
softmax_whole_stage_atc_trace_v1,softmax_whole_stage_operand_rate_atc,softmax_whole_stage_operand_rate_atc_v2,20260728_operand_rate_v2_final_reduction_session02_BCA,reduction,fp16_scalar,20260728_operand_rate_v2_final_reduction_session02_BCA_reduction_fp16_scalar,0,0,20260728_operand_rate_v2_final_reduction_session02_BCA_reduction_fp16_scalar_b0_r0_control,control,control,20260728_operand_rate_v2_final_reduction_session02_BCA_reduction_fp16_scalar_b0_r0_control_1785246003908,19,182740.897324016,182740.89875872701,182740.89804137149,0.0014347110118251294,4.8425571644911543,10299138571,true,true,5dff3859ad319cb37301e68cfc6fde00723e3a42110ca93adb44c05e97098167
softmax_whole_stage_atc_trace_v1,softmax_whole_stage_operand_rate_atc,softmax_whole_stage_operand_rate_atc_v2,20260728_operand_rate_v2_final_reduction_session02_BCA,reduction,fp16_scalar,20260728_operand_rate_v2_final_reduction_session02_BCA_reduction_fp16_scalar,0,0,20260728_operand_rate_v2_final_reduction_session02_BCA_reduction_fp16_scalar_b0_r0_control,control,control,20260728_operand_rate_v2_final_reduction_session02_BCA_reduction_fp16_scalar_b0_r0_control_1785246003908,20,182741.15219899101,182741.15360959101,182741.152904291,0.0014106000016909093,5.0974200839991681,10299177920,true,true,5dff3859ad319cb37301e68cfc6fde00723e3a42110ca93adb44c05e97098167
softmax_whole_stage_atc_trace_v1,softmax_whole_stage_operand_rate_atc,softmax_whole_stage_operand_rate_atc_v2,20260728_operand_rate_v2_final_reduction_session02_BCA,reduction,fp16_scalar,20260728_operand_rate_v2_final_reduction_session02_BCA_reduction_fp16_scalar,0,0,20260728_operand_rate_v2_final_reduction_session02_BCA_reduction_fp16_scalar_b0_r0_control,control,control,20260728_operand_rate_v2_final_reduction_session02_BCA_reduction_fp16_scalar_b0_r0_control_1785246003908,21,182741.40702179301,182741.40853552401,182741.4077786585,0.0015137309965211898,5.3522944514988922,10299240540,true,true,5dff3859ad319cb37301e68cfc6fde00723e3a42110ca93adb44c05e97098167
softmax_whole_stage_atc_trace_v1,softmax_whole_stage_operand_rate_atc,softmax_whole_stage_operand_rate_atc_v2,20260728_operand_rate_v2_final_reduction_session02_BCA,reduction,fp16_scalar,20260728_operand_rate_v2_final_reduction_session02_BCA_reduction_fp16_scalar,0,0,20260728_operand_rate_v2_final_reduction_session02_BCA_reduction_fp16_scalar_b0_r0_control,control,control,20260728_operand_rate_v2_final_reduction_session02_BCA_reduction_fp16_scalar_b0_r0_control_1785246003908,22,182741.66199047799,182741.66341809701,182741.6627042875,0.001427619019523263,5.6072200805065222,10299279254,true,true,5dff3859ad319cb37301e68cfc6fde00723e3a42110ca93adb44c05e97098167
softmax_whole_stage_atc_trace_v1,softmax_whole_stage_operand_rate_atc,softmax_whole_stage_operand_rate_atc_v2,20260728_operand_rate_v2_final_reduction_session02_BCA,reduction,fp16_scalar,20260728_operand_rate_v2_final_reduction_session02_BCA_reduction_fp16_scalar,0,0,20260728_operand_rate_v2_final_reduction_session02_BCA_reduction_fp16_scalar_b0_r0_control,control,control,20260728_operand_rate_v2_final_reduction_session02_BCA_reduction_fp16_scalar_b0_r0_control_1785246003908,23,182741.91681378699,182741.92006381901,182741.918438803,0.0032500320230610669,5.8629545959993266,10299341146,true,true,5dff3859ad319cb37301e68cfc6fde00723e3a42110ca93adb44c05e97098167
softmax_whole_stage_atc_trace_v1,softmax_whole_stage_operand_rate_atc,softmax_whole_stage_operand_rate_atc_v2,20260728_operand_rate_v2_final_reduction_session02_BCA,reduction,fp16_scalar,20260728_operand_rate_v2_final_reduction_session02_BCA_reduction_fp16_scalar,0,0,20260728_operand_rate_v2_final_reduction_session02_BCA_reduction_fp16_scalar_b0_r0_control,control,control,20260728_operand_rate_v2_final_reduction_session02_BCA_reduction_fp16_scalar_b0_r0_control_1785246003908,24,182742.173446845,182742.174835766,182742.1741413055,0.0013889209949411452,6.1186570985009894,10299383071,true,true,5dff3859ad319cb37301e68cfc6fde00723e3a42110ca93adb44c05e97098167
softmax_whole_stage_atc_trace_v1,softmax_whole_stage_operand_rate_atc,softmax_whole_stage_operand_rate_atc_v2,20260728_operand_rate_v2_final_reduction_session02_BCA,reduction,fp16_scalar,20260728_operand_rate_v2_final_reduction_session02_BCA_reduction_fp16_scalar,0,0,20260728_operand_rate_v2_final_reduction_session02_BCA_reduction_fp16_scalar_b0_r0_control,control,control,20260728_operand_rate_v2_final_reduction_session02_BCA_reduction_fp16_scalar_b0_r0_control_1785246003908,25,182742.42566159801,182742.42706905701,182742.4263653275,0.0014074589998926967,6.3708811204996891,10299443989,true,true,5dff3859ad319cb37301e68cfc6fde00723e3a42110ca93adb44c05e97098167
softmax_whole_stage_atc_trace_v1,softmax_whole_stage_operand_rate_atc,softmax_whole_stage_operand_rate_atc_v2,20260728_operand_rate_v2_final_reduction_session02_BCA,reduction,fp16_scalar,20260728_operand_rate_v2_final_reduction_session02_BCA_reduction_fp16_scalar,0,0,20260728_operand_rate_v2_final_reduction_session02_BCA_reduction_fp16_scalar_b0_r0_control,control,control,20260728_operand_rate_v2_final_reduction_session02_BCA_reduction_fp16_scalar_b0_r0_control_1785246003908,26,182742.68048906,182742.68187443499,182742.6811817475,0.0013853749842382967,6.6256975404976401,10299485804,true,true,5dff3859ad319cb37301e68cfc6fde00723e3a42110ca93adb44c05e97098167
softmax_whole_stage_atc_trace_v1,softmax_whole_stage_operand_rate_atc,softmax_whole_stage_operand_rate_atc_v2,20260728_operand_rate_v2_final_reduction_session02_BCA,reduction,fp16_scalar,20260728_operand_rate_v2_final_reduction_session02_BCA_reduction_fp16_scalar,0,0,20260728_operand_rate_v2_final_reduction_session02_BCA_reduction_fp16_scalar_b0_r0_control,control,control,20260728_operand_rate_v2_final_reduction_session02_BCA_reduction_fp16_scalar_b0_r0_control_1785246003908,27,182742.93527775299,182742.936820142,182742.93604894751,0.0015423890145029873,6.8805647405097261,10299546629,true,true,5dff3859ad319cb37301e68cfc6fde00723e3a42110ca93adb44c05e97098167
softmax_whole_stage_atc_trace_v1,softmax_whole_stage_operand_rate_atc,softmax_whole_stage_operand_rate_atc_v2,20260728_operand_rate_v2_final_reduction_session02_BCA,reduction,fp16_scalar,20260728_operand_rate_v2_final_reduction_session02_BCA_reduction_fp16_scalar,0,0,20260728_operand_rate_v2_final_reduction_session02_BCA_reduction_fp16_scalar_b0_r0_control,control,control,20260728_operand_rate_v2_final_reduction_session02_BCA_reduction_fp16_scalar_b0_r0_control_1785246003908,28,182743.190241529,182743.19154752401,182743.19089452649,0.001305995014263317,7.1354103194898926,10299609250,true,true,5dff3859ad319cb37301e68cfc6fde00723e3a42110ca93adb44c05e97098167
softmax_whole_stage_atc_trace_v1,softmax_whole_stage_operand_rate_atc,softmax_whole_stage_operand_rate_atc_v2,20260728_operand_rate_v2_final_reduction_session02_BCA,reduction,fp16_scalar,20260728_operand_rate_v2_final_reduction_session02_BCA_reduction_fp16_scalar,0,0,20260728_operand_rate_v2_final_reduction_session02_BCA_reduction_fp16_scalar_b0_r0_control,control,control,20260728_operand_rate_v2_final_reduction_session02_BCA_reduction_fp16_scalar_b0_r0_control_1785246003908,29,182743.44224110601,182743.443794438,182743.44301777199,0.0015533319965470582,7.387533564993646,10299651862,true,false,5dff3859ad319cb37301e68cfc6fde00723e3a42110ca93adb44c05e97098167
softmax_whole_stage_atc_trace_v1,softmax_whole_stage_operand_rate_atc,softmax_whole_stage_operand_rate_atc_v2,20260728_operand_rate_v2_final_reduction_session02_BCA,reduction,fp16_scalar,20260728_operand_rate_v2_final_reduction_session02_BCA_reduction_fp16_scalar,0,0,20260728_operand_rate_v2_final_reduction_session02_BCA_reduction_fp16_scalar_b0_r0_control,control,control,20260728_operand_rate_v2_final_reduction_session02_BCA_reduction_fp16_scalar_b0_r0_control_1785246003908,30,182743.69722616099,182743.70305252401,182743.70013934252,0.0058263630198780447,7.6446551355184056,10299714364,true,false,5dff3859ad319cb37301e68cfc6fde00723e3a42110ca93adb44c05e97098167
softmax_whole_stage_atc_trace_v1,softmax_whole_stage_operand_rate_atc,softmax_whole_stage_operand_rate_atc_v2,20260728_operand_rate_v2_final_reduction_session02_BCA,reduction,fp16_scalar,20260728_operand_rate_v2_final_reduction_session02_BCA_reduction_fp16_scalar,0,0,20260728_operand_rate_v2_final_reduction_session02_BCA_reduction_fp16_scalar_b0_r0_control,control,control,20260728_operand_rate_v2_final_reduction_session02_BCA_reduction_fp16_scalar_b0_r0_control_1785246003908,31,182743.95670098299,182743.958826302,182743.95776364248,0.0021253190061543137,7.9022794354823418,10299755945,true,false,5dff3859ad319cb37301e68cfc6fde00723e3a42110ca93adb44c05e97098167
softmax_whole_stage_atc_trace_v1,softmax_whole_stage_operand_rate_atc,softmax_whole_stage_operand_rate_atc_v2,20260728_operand_rate_v2_final_reduction_session02_BCA,reduction,fp16_scalar,20260728_operand_rate_v2_final_reduction_session02_BCA_reduction_fp16_scalar,0,0,20260728_operand_rate_v2_final_reduction_session02_BCA_reduction_fp16_scalar_b0_r0_control,control,control,20260728_operand_rate_v2_final_reduction_session02_BCA_reduction_fp16_scalar_b0_r0_control_1785246003908,32,182743.95885244399,182743.960754845,182743.95980364451,0.0019024010107386857,7.9043194375117309,10299755945,false,false,5dff3859ad319cb37301e68cfc6fde00723e3a42110ca93adb44c05e97098167
softmax_whole_stage_atc_trace_v1,softmax_whole_stage_operand_rate_atc,softmax_whole_stage_operand_rate_atc_v2,20260728_operand_rate_v2_final_reduction_session02_BCA,reduction,fp16_scalar,20260728_operand_rate_v2_final_reduction_session02_BCA_reduction_fp16_scalar,0,1,20260728_operand_rate_v2_final_reduction_session02_BCA_reduction_fp16_scalar_b0_r1_treatment,treatment,treatment,20260728_operand_rate_v2_final_reduction_session02_BCA_reduction_fp16_scalar_b0_r1_treatment_1785246012862,0,182744.996089464,182744.99949412799,182744.99779179599,0.0034046639921143651,0.0017355669988319278,10299886235,false,false,5dff3859ad319cb37301e68cfc6fde00723e3a42110ca93adb44c05e97098167
softmax_whole_stage_atc_trace_v1,softmax_whole_stage_operand_rate_atc,softmax_whole_stage_operand_rate_atc_v2,20260728_operand_rate_v2_final_reduction_session02_BCA,reduction,fp16_scalar,20260728_operand_rate_v2_final_reduction_session02_BCA_reduction_fp16_scalar,0,1,20260728_operand_rate_v2_final_reduction_session02_BCA_reduction_fp16_scalar_b0_r1_treatment,treatment,treatment,20260728_operand_rate_v2_final_reduction_session02_BCA_reduction_fp16_scalar_b0_r1_treatment_1785246012862,1,182745.252950372,182745.25433195601,182745.25364116399,0.001381584006594494,0.25758493499597535,10299936116,true,false,5dff3859ad319cb37301e68cfc6fde00723e3a42110ca93adb44c05e97098167
softmax_whole_stage_atc_trace_v1,softmax_whole_stage_operand_rate_atc,softmax_whole_stage_operand_rate_atc_v2,20260728_operand_rate_v2_final_reduction_session02_BCA,reduction,fp16_scalar,20260728_operand_rate_v2_final_reduction_session02_BCA_reduction_fp16_scalar,0,1,20260728_operand_rate_v2_final_reduction_session02_BCA_reduction_fp16_scalar_b0_r1_treatment,treatment,treatment,20260728_operand_rate_v2_final_reduction_session02_BCA_reduction_fp16_scalar_b0_r1_treatment_1785246012862,2,182745.50469308699,182745.50615198299,182745.505422535,0.0014588960038963705,0.50936630601063371,10299972641,true,false,5dff3859ad319cb37301e68cfc6fde00723e3a42110ca93adb44c05e97098167
softmax_whole_stage_atc_trace_v1,softmax_whole_stage_operand_rate_atc,softmax_whole_stage_operand_rate_atc_v2,20260728_operand_rate_v2_final_reduction_session02_BCA,reduction,fp16_scalar,20260728_operand_rate_v2_final_reduction_session02_BCA_reduction_fp16_scalar,0,1,20260728_operand_rate_v2_final_reduction_session02_BCA_reduction_fp16_scalar_b0_r1_treatment,treatment,treatment,20260728_operand_rate_v2_final_reduction_session02_BCA_reduction_fp16_scalar_b0_r1_treatment_1785246012862,3,182745.75962302001,182745.76114281299,182745.76038291649,0.001519792975159362,0.76432668749475852,10300031453,true,true,5dff3859ad319cb37301e68cfc6fde00723e3a42110ca93adb44c05e97098167
softmax_whole_stage_atc_trace_v1,softmax_whole_stage_operand_rate_atc,softmax_whole_stage_operand_rate_atc_v2,20260728_operand_rate_v2_final_reduction_session02_BCA,reduction,fp16_scalar,20260728_operand_rate_v2_final_reduction_session02_BCA_reduction_fp16_scalar,0,1,20260728_operand_rate_v2_final_reduction_session02_BCA_reduction_fp16_scalar_b0_r1_treatment,treatment,treatment,20260728_operand_rate_v2_final_reduction_session02_BCA_reduction_fp16_scalar_b0_r1_treatment_1785246012862,4,182746.01460665601,182746.01599127901,182746.01529896751,0.0013846229994669557,1.0192427385190967,10300068074,true,true,5dff3859ad319cb37301e68cfc6fde00723e3a42110ca93adb44c05e97098167
softmax_whole_stage_atc_trace_v1,softmax_whole_stage_operand_rate_atc,softmax_whole_stage_operand_rate_atc_v2,20260728_operand_rate_v2_final_reduction_session02_BCA,reduction,fp16_scalar,20260728_operand_rate_v2_final_reduction_session02_BCA_reduction_fp16_scalar,0,1,20260728_operand_rate_v2_final_reduction_session02_BCA_reduction_fp16_scalar_b0_r1_treatment,treatment,treatment,20260728_operand_rate_v2_final_reduction_session02_BCA_reduction_fp16_scalar_b0_r1_treatment_1785246012862,5,182746.26944174699,182746.270841063,182746.270141405,0.0013993160100653768,1.2740851760026999,10300126381,true,true,5dff3859ad319cb37301e68cfc6fde00723e3a42110ca93adb44c05e97098167
softmax_whole_stage_atc_trace_v1,softmax_whole_stage_operand_rate_atc,softmax_whole_stage_operand_rate_atc_v2,20260728_operand_rate_v2_final_reduction_session02_BCA,reduction,fp16_scalar,20260728_operand_rate_v2_final_reduction_session02_BCA_reduction_fp16_scalar,0,1,20260728_operand_rate_v2_final_reduction_session02_BCA_reduction_fp16_scalar_b0_r1_treatment,treatment,treatment,20260728_operand_rate_v2_final_reduction_session02_BCA_reduction_fp16_scalar_b0_r1_treatment_1785246012862,6,182746.521100969,182746.52249217901,182746.521796574,0.0013912100112065673,1.5257403450086713,10300162442,true,true,5dff3859ad319cb37301e68cfc6fde00723e3a42110ca93adb44c05e97098167
softmax_whole_stage_atc_trace_v1,softmax_whole_stage_operand_rate_atc,softmax_whole_stage_operand_rate_atc_v2,20260728_operand_rate_v2_final_reduction_session02_BCA,reduction,fp16_scalar,20260728_operand_rate_v2_final_reduction_session02_BCA_reduction_fp16_scalar,0,1,20260728_operand_rate_v2_final_reduction_session02_BCA_reduction_fp16_scalar_b0_r1_treatment,treatment,treatment,20260728_operand_rate_v2_final_reduction_session02_BCA_reduction_fp16_scalar_b0_r1_treatment_1785246012862,7,182746.77598287401,182746.77743427199,182746.77670857299,0.0014513979840558022,1.7806523439940065,10300220881,true,true,5dff3859ad319cb37301e68cfc6fde00723e3a42110ca93adb44c05e97098167
softmax_whole_stage_atc_trace_v1,softmax_whole_stage_operand_rate_atc,softmax_whole_stage_operand_rate_atc_v2,20260728_operand_rate_v2_final_reduction_session02_BCA,reduction,fp16_scalar,20260728_operand_rate_v2_final_reduction_session02_BCA_reduction_fp16_scalar,0,1,20260728_operand_rate_v2_final_reduction_session02_BCA_reduction_fp16_scalar_b0_r1_treatment,treatment,treatment,20260728_operand_rate_v2_final_reduction_session02_BCA_reduction_fp16_scalar_b0_r1_treatment_1785246012862,8,182747.03091979801,182747.032312022,182747.03161591,0.0013922239886596799,2.0355596810113639,10300256953,true,true,5dff3859ad319cb37301e68cfc6fde00723e3a42110ca93adb44c05e97098167
softmax_whole_stage_atc_trace_v1,softmax_whole_stage_operand_rate_atc,softmax_whole_stage_operand_rate_atc_v2,20260728_operand_rate_v2_final_reduction_session02_BCA,reduction,fp16_scalar,20260728_operand_rate_v2_final_reduction_session02_BCA_reduction_fp16_scalar,0,1,20260728_operand_rate_v2_final_reduction_session02_BCA_reduction_fp16_scalar_b0_r1_treatment,treatment,treatment,20260728_operand_rate_v2_final_reduction_session02_BCA_reduction_fp16_scalar_b0_r1_treatment_1785246012862,9,182747.28574344001,182747.288936333,182747.2873398865,0.0031928929965943098,2.2912836575123947,10300314752,true,true,5dff3859ad319cb37301e68cfc6fde00723e3a42110ca93adb44c05e97098167
softmax_whole_stage_atc_trace_v1,softmax_whole_stage_operand_rate_atc,softmax_whole_stage_operand_rate_atc_v2,20260728_operand_rate_v2_final_reduction_session02_BCA,reduction,fp16_scalar,20260728_operand_rate_v2_final_reduction_session02_BCA_reduction_fp16_scalar,0,1,20260728_operand_rate_v2_final_reduction_session02_BCA_reduction_fp16_scalar_b0_r1_treatment,treatment,treatment,20260728_operand_rate_v2_final_reduction_session02_BCA_reduction_fp16_scalar_b0_r1_treatment_1785246012862,10,182747.542343332,182747.543762204,182747.54305276799,0.0014188720087986439,2.5469965389929712,10300353824,true,true,5dff3859ad319cb37301e68cfc6fde00723e3a42110ca93adb44c05e97098167
softmax_whole_stage_atc_trace_v1,softmax_whole_stage_operand_rate_atc,softmax_whole_stage_operand_rate_atc_v2,20260728_operand_rate_v2_final_reduction_session02_BCA,reduction,fp16_scalar,20260728_operand_rate_v2_final_reduction_session02_BCA_reduction_fp16_scalar,0,1,20260728_operand_rate_v2_final_reduction_session02_BCA_reduction_fp16_scalar_b0_r1_treatment,treatment,treatment,20260728_operand_rate_v2_final_reduction_session02_BCA_reduction_fp16_scalar_b0_r1_treatment_1785246012862,11,182747.79724692,182747.79868180101,182747.79796436051,0.0014348810072988272,2.8019081315142103,10300410553,true,true,5dff3859ad319cb37301e68cfc6fde00723e3a42110ca93adb44c05e97098167
softmax_whole_stage_atc_trace_v1,softmax_whole_stage_operand_rate_atc,softmax_whole_stage_operand_rate_atc_v2,20260728_operand_rate_v2_final_reduction_session02_BCA,reduction,fp16_scalar,20260728_operand_rate_v2_final_reduction_session02_BCA_reduction_fp16_scalar,0,1,20260728_operand_rate_v2_final_reduction_session02_BCA_reduction_fp16_scalar_b0_r1_treatment,treatment,treatment,20260728_operand_rate_v2_final_reduction_session02_BCA_reduction_fp16_scalar_b0_r1_treatment_1785246012862,12,182748.052117577,182748.05343775699,182748.05277766701,0.0013201799883972853,3.0567214380134828,10300468907,true,true,5dff3859ad319cb37301e68cfc6fde00723e3a42110ca93adb44c05e97098167
softmax_whole_stage_atc_trace_v1,softmax_whole_stage_operand_rate_atc,softmax_whole_stage_operand_rate_atc_v2,20260728_operand_rate_v2_final_reduction_session02_BCA,reduction,fp16_scalar,20260728_operand_rate_v2_final_reduction_session02_BCA_reduction_fp16_scalar,0,1,20260728_operand_rate_v2_final_reduction_session02_BCA_reduction_fp16_scalar_b0_r1_treatment,treatment,treatment,20260728_operand_rate_v2_final_reduction_session02_BCA_reduction_fp16_scalar_b0_r1_treatment_1785246012862,13,182748.30548283001,182748.306913557,182748.30619819352,0.0014307269884739071,3.3101419645245187,10300508612,true,true,5dff3859ad319cb37301e68cfc6fde00723e3a42110ca93adb44c05e97098167
softmax_whole_stage_atc_trace_v1,softmax_whole_stage_operand_rate_atc,softmax_whole_stage_operand_rate_atc_v2,20260728_operand_rate_v2_final_reduction_session02_BCA,reduction,fp16_scalar,20260728_operand_rate_v2_final_reduction_session02_BCA_reduction_fp16_scalar,0,1,20260728_operand_rate_v2_final_reduction_session02_BCA_reduction_fp16_scalar_b0_r1_treatment,treatment,treatment,20260728_operand_rate_v2_final_reduction_session02_BCA_reduction_fp16_scalar_b0_r1_treatment_1785246012862,14,182748.56035227099,182748.56541321499,182748.56288274299,0.0050609440077096224,3.5668265139975119,10300566523,true,true,5dff3859ad319cb37301e68cfc6fde00723e3a42110ca93adb44c05e97098167
softmax_whole_stage_atc_trace_v1,softmax_whole_stage_operand_rate_atc,softmax_whole_stage_operand_rate_atc_v2,20260728_operand_rate_v2_final_reduction_session02_BCA,reduction,fp16_scalar,20260728_operand_rate_v2_final_reduction_session02_BCA_reduction_fp16_scalar,0,1,20260728_operand_rate_v2_final_reduction_session02_BCA_reduction_fp16_scalar_b0_r1_treatment,treatment,treatment,20260728_operand_rate_v2_final_reduction_session02_BCA_reduction_fp16_scalar_b0_r1_treatment_1785246012862,15,182748.81883997301,182748.82022277199,182748.81953137252,0.0013827989751007408,3.8234751435229555,10300605417,true,true,5dff3859ad319cb37301e68cfc6fde00723e3a42110ca93adb44c05e97098167
softmax_whole_stage_atc_trace_v1,softmax_whole_stage_operand_rate_atc,softmax_whole_stage_operand_rate_atc_v2,20260728_operand_rate_v2_final_reduction_session02_BCA,reduction,fp16_scalar,20260728_operand_rate_v2_final_reduction_session02_BCA_reduction_fp16_scalar,0,1,20260728_operand_rate_v2_final_reduction_session02_BCA_reduction_fp16_scalar_b0_r1_treatment,treatment,treatment,20260728_operand_rate_v2_final_reduction_session02_BCA_reduction_fp16_scalar_b0_r1_treatment_1785246012862,16,182749.07367476,182749.07509423999,182749.07438449998,0.0014194799878168851,4.0783282709890045,10300661913,true,true,5dff3859ad319cb37301e68cfc6fde00723e3a42110ca93adb44c05e97098167
softmax_whole_stage_atc_trace_v1,softmax_whole_stage_operand_rate_atc,softmax_whole_stage_operand_rate_atc_v2,20260728_operand_rate_v2_final_reduction_session02_BCA,reduction,fp16_scalar,20260728_operand_rate_v2_final_reduction_session02_BCA_reduction_fp16_scalar,0,1,20260728_operand_rate_v2_final_reduction_session02_BCA_reduction_fp16_scalar_b0_r1_treatment,treatment,treatment,20260728_operand_rate_v2_final_reduction_session02_BCA_reduction_fp16_scalar_b0_r1_treatment_1785246012862,17,182749.32858412401,182749.33031791801,182749.32945102101,0.0017337939934805036,4.3333947920182254,10300700153,true,true,5dff3859ad319cb37301e68cfc6fde00723e3a42110ca93adb44c05e97098167
softmax_whole_stage_atc_trace_v1,softmax_whole_stage_operand_rate_atc,softmax_whole_stage_operand_rate_atc_v2,20260728_operand_rate_v2_final_reduction_session02_BCA,reduction,fp16_scalar,20260728_operand_rate_v2_final_reduction_session02_BCA_reduction_fp16_scalar,0,1,20260728_operand_rate_v2_final_reduction_session02_BCA_reduction_fp16_scalar_b0_r1_treatment,treatment,treatment,20260728_operand_rate_v2_final_reduction_session02_BCA_reduction_fp16_scalar_b0_r1_treatment_1785246012862,18,182749.583747108,182749.58513862101,182749.58444286452,0.0013915130111854523,4.5883866355288774,10300756021,true,true,5dff3859ad319cb37301e68cfc6fde00723e3a42110ca93adb44c05e97098167
softmax_whole_stage_atc_trace_v1,softmax_whole_stage_operand_rate_atc,softmax_whole_stage_operand_rate_atc_v2,20260728_operand_rate_v2_final_reduction_session02_BCA,reduction,fp16_scalar,20260728_operand_rate_v2_final_reduction_session02_BCA_reduction_fp16_scalar,0,1,20260728_operand_rate_v2_final_reduction_session02_BCA_reduction_fp16_scalar_b0_r1_treatment,treatment,treatment,20260728_operand_rate_v2_final_reduction_session02_BCA_reduction_fp16_scalar_b0_r1_treatment_1785246012862,19,182749.83864421101,182749.841006228,182749.8398252195,0.0023620169959031045,4.8437689905113075,10300793662,true,true,5dff3859ad319cb37301e68cfc6fde00723e3a42110ca93adb44c05e97098167
softmax_whole_stage_atc_trace_v1,softmax_whole_stage_operand_rate_atc,softmax_whole_stage_operand_rate_atc_v2,20260728_operand_rate_v2_final_reduction_session02_BCA,reduction,fp16_scalar,20260728_operand_rate_v2_final_reduction_session02_BCA_reduction_fp16_scalar,0,1,20260728_operand_rate_v2_final_reduction_session02_BCA_reduction_fp16_scalar_b0_r1_treatment,treatment,treatment,20260728_operand_rate_v2_final_reduction_session02_BCA_reduction_fp16_scalar_b0_r1_treatment_1785246012862,20,182750.09446368701,182750.09593312099,182750.09519840399,0.0014694339770358056,5.099142174993176,10300852752,true,true,5dff3859ad319cb37301e68cfc6fde00723e3a42110ca93adb44c05e97098167
softmax_whole_stage_atc_trace_v1,softmax_whole_stage_operand_rate_atc,softmax_whole_stage_operand_rate_atc_v2,20260728_operand_rate_v2_final_reduction_session02_BCA,reduction,fp16_scalar,20260728_operand_rate_v2_final_reduction_session02_BCA_reduction_fp16_scalar,0,1,20260728_operand_rate_v2_final_reduction_session02_BCA_reduction_fp16_scalar_b0_r1_treatment,treatment,treatment,20260728_operand_rate_v2_final_reduction_session02_BCA_reduction_fp16_scalar_b0_r1_treatment_1785246012862,21,182750.34936443801,182750.35075747201,182750.35006095501,0.0013930340064689517,5.3540047260175925,10300889559,true,true,5dff3859ad319cb37301e68cfc6fde00723e3a42110ca93adb44c05e97098167
softmax_whole_stage_atc_trace_v1,softmax_whole_stage_operand_rate_atc,softmax_whole_stage_operand_rate_atc_v2,20260728_operand_rate_v2_final_reduction_session02_BCA,reduction,fp16_scalar,20260728_operand_rate_v2_final_reduction_session02_BCA_reduction_fp16_scalar,0,1,20260728_operand_rate_v2_final_reduction_session02_BCA_reduction_fp16_scalar_b0_r1_treatment,treatment,treatment,20260728_operand_rate_v2_final_reduction_session02_BCA_reduction_fp16_scalar_b0_r1_treatment_1785246012862,22,182750.604210169,182750.60567078801,182750.60494047852,0.0014606190088670701,5.6088842495228164,10300948155,true,true,5dff3859ad319cb37301e68cfc6fde00723e3a42110ca93adb44c05e97098167
softmax_whole_stage_atc_trace_v1,softmax_whole_stage_operand_rate_atc,softmax_whole_stage_operand_rate_atc_v2,20260728_operand_rate_v2_final_reduction_session02_BCA,reduction,fp16_scalar,20260728_operand_rate_v2_final_reduction_session02_BCA_reduction_fp16_scalar,0,1,20260728_operand_rate_v2_final_reduction_session02_BCA_reduction_fp16_scalar_b0_r1_treatment,treatment,treatment,20260728_operand_rate_v2_final_reduction_session02_BCA_reduction_fp16_scalar_b0_r1_treatment_1785246012862,23,182750.859171266,182750.86052889901,182750.85985008249,0.001357633009320125,5.8637938534957357,10300984363,true,true,5dff3859ad319cb37301e68cfc6fde00723e3a42110ca93adb44c05e97098167
softmax_whole_stage_atc_trace_v1,softmax_whole_stage_operand_rate_atc,softmax_whole_stage_operand_rate_atc_v2,20260728_operand_rate_v2_final_reduction_session02_BCA,reduction,fp16_scalar,20260728_operand_rate_v2_final_reduction_session02_BCA_reduction_fp16_scalar,0,1,20260728_operand_rate_v2_final_reduction_session02_BCA_reduction_fp16_scalar_b0_r1_treatment,treatment,treatment,20260728_operand_rate_v2_final_reduction_session02_BCA_reduction_fp16_scalar_b0_r1_treatment_1785246012862,24,182751.114020318,182751.11726844401,182751.115644381,0.0032481260132044554,6.1195881520106923,10301042300,true,true,5dff3859ad319cb37301e68cfc6fde00723e3a42110ca93adb44c05e97098167
softmax_whole_stage_atc_trace_v1,softmax_whole_stage_operand_rate_atc,softmax_whole_stage_operand_rate_atc_v2,20260728_operand_rate_v2_final_reduction_session02_BCA,reduction,fp16_scalar,20260728_operand_rate_v2_final_reduction_session02_BCA_reduction_fp16_scalar,0,1,20260728_operand_rate_v2_final_reduction_session02_BCA_reduction_fp16_scalar_b0_r1_treatment,treatment,treatment,20260728_operand_rate_v2_final_reduction_session02_BCA_reduction_fp16_scalar_b0_r1_treatment_1785246012862,25,182751.37075682299,182751.37217251401,182751.37146466848,0.0014156910183373839,6.3754084394895472,10301081506,true,true,5dff3859ad319cb37301e68cfc6fde00723e3a42110ca93adb44c05e97098167
softmax_whole_stage_atc_trace_v1,softmax_whole_stage_operand_rate_atc,softmax_whole_stage_operand_rate_atc_v2,20260728_operand_rate_v2_final_reduction_session02_BCA,reduction,fp16_scalar,20260728_operand_rate_v2_final_reduction_session02_BCA_reduction_fp16_scalar,0,1,20260728_operand_rate_v2_final_reduction_session02_BCA_reduction_fp16_scalar_b0_r1_treatment,treatment,treatment,20260728_operand_rate_v2_final_reduction_session02_BCA_reduction_fp16_scalar_b0_r1_treatment_1785246012862,26,182751.62562451899,182751.627037069,182751.62633079401,0.0014125500165391713,6.6302745650173165,10301138330,true,true,5dff3859ad319cb37301e68cfc6fde00723e3a42110ca93adb44c05e97098167
softmax_whole_stage_atc_trace_v1,softmax_whole_stage_operand_rate_atc,softmax_whole_stage_operand_rate_atc_v2,20260728_operand_rate_v2_final_reduction_session02_BCA,reduction,fp16_scalar,20260728_operand_rate_v2_final_reduction_session02_BCA_reduction_fp16_scalar,0,1,20260728_operand_rate_v2_final_reduction_session02_BCA_reduction_fp16_scalar_b0_r1_treatment,treatment,treatment,20260728_operand_rate_v2_final_reduction_session02_BCA_reduction_fp16_scalar_b0_r1_treatment_1785246012862,27,182751.880483196,182751.88206485499,182751.88127402548,0.0015816589875612408,6.8852177964872681,10301176813,true,true,5dff3859ad319cb37301e68cfc6fde00723e3a42110ca93adb44c05e97098167
softmax_whole_stage_atc_trace_v1,softmax_whole_stage_operand_rate_atc,softmax_whole_stage_operand_rate_atc_v2,20260728_operand_rate_v2_final_reduction_session02_BCA,reduction,fp16_scalar,20260728_operand_rate_v2_final_reduction_session02_BCA_reduction_fp16_scalar,0,1,20260728_operand_rate_v2_final_reduction_session02_BCA_reduction_fp16_scalar_b0_r1_treatment,treatment,treatment,20260728_operand_rate_v2_final_reduction_session02_BCA_reduction_fp16_scalar_b0_r1_treatment_1785246012862,28,182752.13554330499,182752.13697642399,182752.13625986449,0.0014331190031953156,7.140203635499347,10301232883,true,true,5dff3859ad319cb37301e68cfc6fde00723e3a42110ca93adb44c05e97098167
softmax_whole_stage_atc_trace_v1,softmax_whole_stage_operand_rate_atc,softmax_whole_stage_operand_rate_atc_v2,20260728_operand_rate_v2_final_reduction_session02_BCA,reduction,fp16_scalar,20260728_operand_rate_v2_final_reduction_session02_BCA_reduction_fp16_scalar,0,1,20260728_operand_rate_v2_final_reduction_session02_BCA_reduction_fp16_scalar_b0_r1_treatment,treatment,treatment,20260728_operand_rate_v2_final_reduction_session02_BCA_reduction_fp16_scalar_b0_r1_treatment_1785246012862,29,182752.39010855,182752.393547265,182752.3918279075,0.0034387150080874562,7.3957716785080265,10301270619,true,true,5dff3859ad319cb37301e68cfc6fde00723e3a42110ca93adb44c05e97098167
softmax_whole_stage_atc_trace_v1,softmax_whole_stage_operand_rate_atc,softmax_whole_stage_operand_rate_atc_v2,20260728_operand_rate_v2_final_reduction_session02_BCA,reduction,fp16_scalar,20260728_operand_rate_v2_final_reduction_session02_BCA_reduction_fp16_scalar,0,1,20260728_operand_rate_v2_final_reduction_session02_BCA_reduction_fp16_scalar_b0_r1_treatment,treatment,treatment,20260728_operand_rate_v2_final_reduction_session02_BCA_reduction_fp16_scalar_b0_r1_treatment_1785246012862,30,182752.64696755499,182752.64830472099,182752.64763613799,0.0013371660024859011,7.6515799089975189,10301329583,true,true,5dff3859ad319cb37301e68cfc6fde00723e3a42110ca93adb44c05e97098167
softmax_whole_stage_atc_trace_v1,softmax_whole_stage_operand_rate_atc,softmax_whole_stage_operand_rate_atc_v2,20260728_operand_rate_v2_final_reduction_session02_BCA,reduction,fp16_scalar,20260728_operand_rate_v2_final_reduction_session02_BCA_reduction_fp16_scalar,0,1,20260728_operand_rate_v2_final_reduction_session02_BCA_reduction_fp16_scalar_b0_r1_treatment,treatment,treatment,20260728_operand_rate_v2_final_reduction_session02_BCA_reduction_fp16_scalar_b0_r1_treatment_1785246012862,31,182752.90178144799,182752.90330363001,182752.902542539,0.0015221820212900639,7.906486310006585,10301366289,true,true,5dff3859ad319cb37301e68cfc6fde00723e3a42110ca93adb44c05e97098167
softmax_whole_stage_atc_trace_v1,softmax_whole_stage_operand_rate_atc,softmax_whole_stage_operand_rate_atc_v2,20260728_operand_rate_v2_final_reduction_session02_BCA,reduction,fp16_scalar,20260728_operand_rate_v2_final_reduction_session02_BCA_reduction_fp16_scalar,0,1,20260728_operand_rate_v2_final_reduction_session02_BCA_reduction_fp16_scalar_b0_r1_treatment,treatment,treatment,20260728_operand_rate_v2_final_reduction_session02_BCA_reduction_fp16_scalar_b0_r1_treatment_1785246012862,32,182753.15678795599,182753.158170718,182753.15747933701,0.0013827620132360607,8.1614231080166064,10301424538,true,true,5dff3859ad319cb37301e68cfc6fde00723e3a42110ca93adb44c05e97098167
softmax_whole_stage_atc_trace_v1,softmax_whole_stage_operand_rate_atc,softmax_whole_stage_operand_rate_atc_v2,20260728_operand_rate_v2_final_reduction_session02_BCA,reduction,fp16_scalar,20260728_operand_rate_v2_final_reduction_session02_BCA_reduction_fp16_scalar,0,1,20260728_operand_rate_v2_final_reduction_session02_BCA_reduction_fp16_scalar_b0_r1_treatment,treatment,treatment,20260728_operand_rate_v2_final_reduction_session02_BCA_reduction_fp16_scalar_b0_r1_treatment_1785246012862,33,182753.41165261201,182753.41308877099,182753.41237069148,0.0014361589855980128,8.4163144624908455,10301460569,true,true,5dff3859ad319cb37301e68cfc6fde00723e3a42110ca93adb44c05e97098167
softmax_whole_stage_atc_trace_v1,softmax_whole_stage_operand_rate_atc,softmax_whole_stage_operand_rate_atc_v2,20260728_operand_rate_v2_final_reduction_session02_BCA,reduction,fp16_scalar,20260728_operand_rate_v2_final_reduction_session02_BCA_reduction_fp16_scalar,0,1,20260728_operand_rate_v2_final_reduction_session02_BCA_reduction_fp16_scalar_b0_r1_treatment,treatment,treatment,20260728_operand_rate_v2_final_reduction_session02_BCA_reduction_fp16_scalar_b0_r1_treatment_1785246012862,34,182753.66656630801,182753.67008486699,182753.6683255875,0.0035185589804314077,8.6722693585033994,10301518238,true,true,5dff3859ad319cb37301e68cfc6fde00723e3a42110ca93adb44c05e97098167
softmax_whole_stage_atc_trace_v1,softmax_whole_stage_operand_rate_atc,softmax_whole_stage_operand_rate_atc_v2,20260728_operand_rate_v2_final_reduction_session02_BCA,reduction,fp16_scalar,20260728_operand_rate_v2_final_reduction_session02_BCA_reduction_fp16_scalar,0,1,20260728_operand_rate_v2_final_reduction_session02_BCA_reduction_fp16_scalar_b0_r1_treatment,treatment,treatment,20260728_operand_rate_v2_final_reduction_session02_BCA_reduction_fp16_scalar_b0_r1_treatment_1785246012862,35,182753.92355480499,182753.924914059,182753.92423443199,0.0013592540053650737,8.9281782030011527,10301557262,true,true,5dff3859ad319cb37301e68cfc6fde00723e3a42110ca93adb44c05e97098167
softmax_whole_stage_atc_trace_v1,softmax_whole_stage_operand_rate_atc,softmax_whole_stage_operand_rate_atc_v2,20260728_operand_rate_v2_final_reduction_session02_BCA,reduction,fp16_scalar,20260728_operand_rate_v2_final_reduction_session02_BCA_reduction_fp16_scalar,0,1,20260728_operand_rate_v2_final_reduction_session02_BCA_reduction_fp16_scalar_b0_r1_treatment,treatment,treatment,20260728_operand_rate_v2_final_reduction_session02_BCA_reduction_fp16_scalar_b0_r1_treatment_1785246012862,36,182754.178446615,182754.17995390299,182754.17920025898,0.0015072879905346781,9.183144029986579,10301613981,true,true,5dff3859ad319cb37301e68cfc6fde00723e3a42110ca93adb44c05e97098167
softmax_whole_stage_atc_trace_v1,softmax_whole_stage_operand_rate_atc,softmax_whole_stage_operand_rate_atc_v2,20260728_operand_rate_v2_final_reduction_session02_BCA,reduction,fp16_scalar,20260728_operand_rate_v2_final_reduction_session02_BCA_reduction_fp16_scalar,0,1,20260728_operand_rate_v2_final_reduction_session02_BCA_reduction_fp16_scalar_b0_r1_treatment,treatment,treatment,20260728_operand_rate_v2_final_reduction_session02_BCA_reduction_fp16_scalar_b0_r1_treatment_1785246012862,37,182754.43343326499,182754.43473719599,182754.43408523049,0.0013039309997111559,9.4380290014960337,10301672367,true,true,5dff3859ad319cb37301e68cfc6fde00723e3a42110ca93adb44c05e97098167
softmax_whole_stage_atc_trace_v1,softmax_whole_stage_operand_rate_atc,softmax_whole_stage_operand_rate_atc_v2,20260728_operand_rate_v2_final_reduction_session02_BCA,reduction,fp16_scalar,20260728_operand_rate_v2_final_reduction_session02_BCA_reduction_fp16_scalar,0,1,20260728_operand_rate_v2_final_reduction_session02_BCA_reduction_fp16_scalar_b0_r1_treatment,treatment,treatment,20260728_operand_rate_v2_final_reduction_session02_BCA_reduction_fp16_scalar_b0_r1_treatment_1785246012862,38,182754.68819183501,182754.68960975501,182754.68890079501,0.0014179199934005737,9.6928445660159923,10301712112,true,true,5dff3859ad319cb37301e68cfc6fde00723e3a42110ca93adb44c05e97098167
softmax_whole_stage_atc_trace_v1,softmax_whole_stage_operand_rate_atc,softmax_whole_stage_operand_rate_atc_v2,20260728_operand_rate_v2_final_reduction_session02_BCA,reduction,fp16_scalar,20260728_operand_rate_v2_final_reduction_session02_BCA_reduction_fp16_scalar,0,1,20260728_operand_rate_v2_final_reduction_session02_BCA_reduction_fp16_scalar_b0_r1_treatment,treatment,treatment,20260728_operand_rate_v2_final_reduction_session02_BCA_reduction_fp16_scalar_b0_r1_treatment_1785246012862,39,182754.943082632,182754.94634504401,182754.94471383799,0.0032624120067339391,9.9486576089984737,10301769950,true,true,5dff3859ad319cb37301e68cfc6fde00723e3a42110ca93adb44c05e97098167
softmax_whole_stage_atc_trace_v1,softmax_whole_stage_operand_rate_atc,softmax_whole_stage_operand_rate_atc_v2,20260728_operand_rate_v2_final_reduction_session02_BCA,reduction,fp16_scalar,20260728_operand_rate_v2_final_reduction_session02_BCA_reduction_fp16_scalar,0,1,20260728_operand_rate_v2_final_reduction_session02_BCA_reduction_fp16_scalar_b0_r1_treatment,treatment,treatment,20260728_operand_rate_v2_final_reduction_session02_BCA_reduction_fp16_scalar_b0_r1_treatment_1785246012862,40,182755.199761383,182755.20122256799,182755.2004919755,0.0014611849910579622,10.204435746505624,10301809083,true,true,5dff3859ad319cb37301e68cfc6fde00723e3a42110ca93adb44c05e97098167
softmax_whole_stage_atc_trace_v1,softmax_whole_stage_operand_rate_atc,softmax_whole_stage_operand_rate_atc_v2,20260728_operand_rate_v2_final_reduction_session02_BCA,reduction,fp16_scalar,20260728_operand_rate_v2_final_reduction_session02_BCA_reduction_fp16_scalar,0,1,20260728_operand_rate_v2_final_reduction_session02_BCA_reduction_fp16_scalar_b0_r1_treatment,treatment,treatment,20260728_operand_rate_v2_final_reduction_session02_BCA_reduction_fp16_scalar_b0_r1_treatment_1785246012862,41,182755.454632017,182755.45599086501,182755.45531144101,0.0013588480069302022,10.459255212015705,10301865930,true,true,5dff3859ad319cb37301e68cfc6fde00723e3a42110ca93adb44c05e97098167
softmax_whole_stage_atc_trace_v1,softmax_whole_stage_operand_rate_atc,softmax_whole_stage_operand_rate_atc_v2,20260728_operand_rate_v2_final_reduction_session02_BCA,reduction,fp16_scalar,20260728_operand_rate_v2_final_reduction_session02_BCA_reduction_fp16_scalar,0,1,20260728_operand_rate_v2_final_reduction_session02_BCA_reduction_fp16_scalar_b0_r1_treatment,treatment,treatment,20260728_operand_rate_v2_final_reduction_session02_BCA_reduction_fp16_scalar_b0_r1_treatment_1785246012862,42,182755.70937711099,182755.710775374,182755.71007624251,0.0013982630043756217,10.714020013518166,10301904412,true,true,5dff3859ad319cb37301e68cfc6fde00723e3a42110ca93adb44c05e97098167
softmax_whole_stage_atc_trace_v1,softmax_whole_stage_operand_rate_atc,softmax_whole_stage_operand_rate_atc_v2,20260728_operand_rate_v2_final_reduction_session02_BCA,reduction,fp16_scalar,20260728_operand_rate_v2_final_reduction_session02_BCA_reduction_fp16_scalar,0,1,20260728_operand_rate_v2_final_reduction_session02_BCA_reduction_fp16_scalar_b0_r1_treatment,treatment,treatment,20260728_operand_rate_v2_final_reduction_session02_BCA_reduction_fp16_scalar_b0_r1_treatment_1785246012862,43,182755.96418755801,182755.96553131001,182755.964859434,0.0013437519955914468,10.968803205003496,10301960550,true,true,5dff3859ad319cb37301e68cfc6fde00723e3a42110ca93adb44c05e97098167
softmax_whole_stage_atc_trace_v1,softmax_whole_stage_operand_rate_atc,softmax_whole_stage_operand_rate_atc_v2,20260728_operand_rate_v2_final_reduction_session02_BCA,reduction,fp16_scalar,20260728_operand_rate_v2_final_reduction_session02_BCA_reduction_fp16_scalar,0,1,20260728_operand_rate_v2_final_reduction_session02_BCA_reduction_fp16_scalar_b0_r1_treatment,treatment,treatment,20260728_operand_rate_v2_final_reduction_session02_BCA_reduction_fp16_scalar_b0_r1_treatment_1785246012862,44,182756.21635407201,182756.21774423,182756.21704915102,0.0013901579950470477,11.220992922026198,10301998381,true,true,5dff3859ad319cb37301e68cfc6fde00723e3a42110ca93adb44c05e97098167
softmax_whole_stage_atc_trace_v1,softmax_whole_stage_operand_rate_atc,softmax_whole_stage_operand_rate_atc_v2,20260728_operand_rate_v2_final_reduction_session02_BCA,reduction,fp16_scalar,20260728_operand_rate_v2_final_reduction_session02_BCA_reduction_fp16_scalar,0,1,20260728_operand_rate_v2_final_reduction_session02_BCA_reduction_fp16_scalar_b0_r1_treatment,treatment,treatment,20260728_operand_rate_v2_final_reduction_session02_BCA_reduction_fp16_scalar_b0_r1_treatment_1785246012862,45,182756.47122207101,182756.47262134799,182756.47192170948,0.0013992769818287343,11.475865480490029,10302054388,true,true,5dff3859ad319cb37301e68cfc6fde00723e3a42110ca93adb44c05e97098167
softmax_whole_stage_atc_trace_v1,softmax_whole_stage_operand_rate_atc,softmax_whole_stage_operand_rate_atc_v2,20260728_operand_rate_v2_final_reduction_session02_BCA,reduction,fp16_scalar,20260728_operand_rate_v2_final_reduction_session02_BCA_reduction_fp16_scalar,0,1,20260728_operand_rate_v2_final_reduction_session02_BCA_reduction_fp16_scalar_b0_r1_treatment,treatment,treatment,20260728_operand_rate_v2_final_reduction_session02_BCA_reduction_fp16_scalar_b0_r1_treatment_1785246012862,46,182756.726040929,182756.72897262199,182756.7275067755,0.0029316929867491126,11.731450546503766,10302092062,true,true,5dff3859ad319cb37301e68cfc6fde00723e3a42110ca93adb44c05e97098167
softmax_whole_stage_atc_trace_v1,softmax_whole_stage_operand_rate_atc,softmax_whole_stage_operand_rate_atc_v2,20260728_operand_rate_v2_final_reduction_session02_BCA,reduction,fp16_scalar,20260728_operand_rate_v2_final_reduction_session02_BCA_reduction_fp16_scalar,0,1,20260728_operand_rate_v2_final_reduction_session02_BCA_reduction_fp16_scalar_b0_r1_treatment,treatment,treatment,20260728_operand_rate_v2_final_reduction_session02_BCA_reduction_fp16_scalar_b0_r1_treatment_1785246012862,47,182756.98246120301,182756.98385733899,182756.98315927101,0.0013961359800305218,11.987103042018134,10302151120,true,true,5dff3859ad319cb37301e68cfc6fde00723e3a42110ca93adb44c05e97098167
softmax_whole_stage_atc_trace_v1,softmax_whole_stage_operand_rate_atc,softmax_whole_stage_operand_rate_atc_v2,20260728_operand_rate_v2_final_reduction_session02_BCA,reduction,fp16_scalar,20260728_operand_rate_v2_final_reduction_session02_BCA_reduction_fp16_scalar,0,1,20260728_operand_rate_v2_final_reduction_session02_BCA_reduction_fp16_scalar_b0_r1_treatment,treatment,treatment,20260728_operand_rate_v2_final_reduction_session02_BCA_reduction_fp16_scalar_b0_r1_treatment_1785246012862,48,182757.237342882,182757.238725845,182757.23803436349,0.0013829630042891949,12.241978134494275,10302187790,true,true,5dff3859ad319cb37301e68cfc6fde00723e3a42110ca93adb44c05e97098167
softmax_whole_stage_atc_trace_v1,softmax_whole_stage_operand_rate_atc,softmax_whole_stage_operand_rate_atc_v2,20260728_operand_rate_v2_final_reduction_session02_BCA,reduction,fp16_scalar,20260728_operand_rate_v2_final_reduction_session02_BCA_reduction_fp16_scalar,0,1,20260728_operand_rate_v2_final_reduction_session02_BCA_reduction_fp16_scalar_b0_r1_treatment,treatment,treatment,20260728_operand_rate_v2_final_reduction_session02_BCA_reduction_fp16_scalar_b0_r1_treatment_1785246012862,49,182757.49217866,182757.49357641701,182757.49287753849,0.0013977570051793009,12.496821309498046,10302246052,true,true,5dff3859ad319cb37301e68cfc6fde00723e3a42110ca93adb44c05e97098167
softmax_whole_stage_atc_trace_v1,softmax_whole_stage_operand_rate_atc,softmax_whole_stage_operand_rate_atc_v2,20260728_operand_rate_v2_final_reduction_session02_BCA,reduction,fp16_scalar,20260728_operand_rate_v2_final_reduction_session02_BCA_reduction_fp16_scalar,0,1,20260728_operand_rate_v2_final_reduction_session02_BCA_reduction_fp16_scalar_b0_r1_treatment,treatment,treatment,20260728_operand_rate_v2_final_reduction_session02_BCA_reduction_fp16_scalar_b0_r1_treatment_1785246012862,50,182757.74699113399,182757.74842709,182757.74770911201,0.0014359560154844075,12.751652883016504,10302282105,true,true,5dff3859ad319cb37301e68cfc6fde00723e3a42110ca93adb44c05e97098167
softmax_whole_stage_atc_trace_v1,softmax_whole_stage_operand_rate_atc,softmax_whole_stage_operand_rate_atc_v2,20260728_operand_rate_v2_final_reduction_session02_BCA,reduction,fp16_scalar,20260728_operand_rate_v2_final_reduction_session02_BCA_reduction_fp16_scalar,0,1,20260728_operand_rate_v2_final_reduction_session02_BCA_reduction_fp16_scalar_b0_r1_treatment,treatment,treatment,20260728_operand_rate_v2_final_reduction_session02_BCA_reduction_fp16_scalar_b0_r1_treatment_1785246012862,51,182758.001908782,182758.00509023701,182758.0034995095,0.0031814550166018307,13.007443280512234,10302339844,true,true,5dff3859ad319cb37301e68cfc6fde00723e3a42110ca93adb44c05e97098167
softmax_whole_stage_atc_trace_v1,softmax_whole_stage_operand_rate_atc,softmax_whole_stage_operand_rate_atc_v2,20260728_operand_rate_v2_final_reduction_session02_BCA,reduction,fp16_scalar,20260728_operand_rate_v2_final_reduction_session02_BCA_reduction_fp16_scalar,0,1,20260728_operand_rate_v2_final_reduction_session02_BCA_reduction_fp16_scalar_b0_r1_treatment,treatment,treatment,20260728_operand_rate_v2_final_reduction_session02_BCA_reduction_fp16_scalar_b0_r1_treatment_1785246012862,52,182758.258530083,182758.259913958,182758.25922202051,0.0013838750019203871,13.263165791518986,10302378959,true,false,5dff3859ad319cb37301e68cfc6fde00723e3a42110ca93adb44c05e97098167
softmax_whole_stage_atc_trace_v1,softmax_whole_stage_operand_rate_atc,softmax_whole_stage_operand_rate_atc_v2,20260728_operand_rate_v2_final_reduction_session02_BCA,reduction,fp16_scalar,20260728_operand_rate_v2_final_reduction_session02_BCA_reduction_fp16_scalar,0,1,20260728_operand_rate_v2_final_reduction_session02_BCA_reduction_fp16_scalar_b0_r1_treatment,treatment,treatment,20260728_operand_rate_v2_final_reduction_session02_BCA_reduction_fp16_scalar_b0_r1_treatment_1785246012862,53,182758.513401223,182758.51485339101,182758.51412730699,0.0014521680132020265,13.518071077996865,10302435704,true,false,5dff3859ad319cb37301e68cfc6fde00723e3a42110ca93adb44c05e97098167
softmax_whole_stage_atc_trace_v1,softmax_whole_stage_operand_rate_atc,softmax_whole_stage_operand_rate_atc_v2,20260728_operand_rate_v2_final_reduction_session02_BCA,reduction,fp16_scalar,20260728_operand_rate_v2_final_reduction_session02_BCA_reduction_fp16_scalar,0,1,20260728_operand_rate_v2_final_reduction_session02_BCA_reduction_fp16_scalar_b0_r1_treatment,treatment,treatment,20260728_operand_rate_v2_final_reduction_session02_BCA_reduction_fp16_scalar_b0_r1_treatment_1785246012862,54,182758.76824652599,182758.769600714,182758.76892361999,0.0013541880180127919,13.772867391002364,10302465751,true,false,5dff3859ad319cb37301e68cfc6fde00723e3a42110ca93adb44c05e97098167
softmax_whole_stage_atc_trace_v1,softmax_whole_stage_operand_rate_atc,softmax_whole_stage_operand_rate_atc_v2,20260728_operand_rate_v2_final_reduction_session02_BCA,reduction,fp16_scalar,20260728_operand_rate_v2_final_reduction_session02_BCA_reduction_fp16_scalar,0,1,20260728_operand_rate_v2_final_reduction_session02_BCA_reduction_fp16_scalar_b0_r1_treatment,treatment,treatment,20260728_operand_rate_v2_final_reduction_session02_BCA_reduction_fp16_scalar_b0_r1_treatment_1785246012862,55,182758.76960679301,182758.77072266801,182758.77016473049,0.0011158749985042959,13.77410850150045,10302465751,false,false,5dff3859ad319cb37301e68cfc6fde00723e3a42110ca93adb44c05e97098167
softmax_whole_stage_atc_trace_v1,softmax_whole_stage_operand_rate_atc,softmax_whole_stage_operand_rate_atc_v2,20260728_operand_rate_v2_final_reduction_session02_BCA,reduction,fp16_scalar,20260728_operand_rate_v2_final_reduction_session02_BCA_reduction_fp16_scalar,0,2,20260728_operand_rate_v2_final_reduction_session02_BCA_reduction_fp16_scalar_b0_r2_control,control,control,20260728_operand_rate_v2_final_reduction_session02_BCA_reduction_fp16_scalar_b0_r2_control_1785246027665,0,182759.82049955099,182759.82210678601,182759.82130316849,0.001607235026312992,0.00087899048230610788,10302608001,false,false,5dff3859ad319cb37301e68cfc6fde00723e3a42110ca93adb44c05e97098167
softmax_whole_stage_atc_trace_v1,softmax_whole_stage_operand_rate_atc,softmax_whole_stage_operand_rate_atc_v2,20260728_operand_rate_v2_final_reduction_session02_BCA,reduction,fp16_scalar,20260728_operand_rate_v2_final_reduction_session02_BCA_reduction_fp16_scalar,0,2,20260728_operand_rate_v2_final_reduction_session02_BCA_reduction_fp16_scalar_b0_r2_control,control,control,20260728_operand_rate_v2_final_reduction_session02_BCA_reduction_fp16_scalar_b0_r2_control_1785246027665,1,182760.07551346201,182760.07710519701,182760.07630932951,0.0015917349955998361,0.25588515150593594,10302645978,true,false,5dff3859ad319cb37301e68cfc6fde00723e3a42110ca93adb44c05e97098167
softmax_whole_stage_atc_trace_v1,softmax_whole_stage_operand_rate_atc,softmax_whole_stage_operand_rate_atc_v2,20260728_operand_rate_v2_final_reduction_session02_BCA,reduction,fp16_scalar,20260728_operand_rate_v2_final_reduction_session02_BCA_reduction_fp16_scalar,0,2,20260728_operand_rate_v2_final_reduction_session02_BCA_reduction_fp16_scalar_b0_r2_control,control,control,20260728_operand_rate_v2_final_reduction_session02_BCA_reduction_fp16_scalar_b0_r2_control_1785246027665,2,182760.32881184199,182760.330213829,182760.32951283548,0.0014019870141055435,0.50908865747624077,10302707942,true,false,5dff3859ad319cb37301e68cfc6fde00723e3a42110ca93adb44c05e97098167
softmax_whole_stage_atc_trace_v1,softmax_whole_stage_operand_rate_atc,softmax_whole_stage_operand_rate_atc_v2,20260728_operand_rate_v2_final_reduction_session02_BCA,reduction,fp16_scalar,20260728_operand_rate_v2_final_reduction_session02_BCA_reduction_fp16_scalar,0,2,20260728_operand_rate_v2_final_reduction_session02_BCA_reduction_fp16_scalar_b0_r2_control,control,control,20260728_operand_rate_v2_final_reduction_session02_BCA_reduction_fp16_scalar_b0_r2_control_1785246027665,3,182760.58073508099,182760.582141019,182760.58143804999,0.0014059380046091974,0.76101387199014425,10302746493,true,true,5dff3859ad319cb37301e68cfc6fde00723e3a42110ca93adb44c05e97098167
softmax_whole_stage_atc_trace_v1,softmax_whole_stage_operand_rate_atc,softmax_whole_stage_operand_rate_atc_v2,20260728_operand_rate_v2_final_reduction_session02_BCA,reduction,fp16_scalar,20260728_operand_rate_v2_final_reduction_session02_BCA_reduction_fp16_scalar,0,2,20260728_operand_rate_v2_final_reduction_session02_BCA_reduction_fp16_scalar_b0_r2_control,control,control,20260728_operand_rate_v2_final_reduction_session02_BCA_reduction_fp16_scalar_b0_r2_control_1785246027665,4,182760.83224762199,182760.83370846801,182760.83297804499,0.0014608460187446326,1.0125538669817615,10302808953,true,true,5dff3859ad319cb37301e68cfc6fde00723e3a42110ca93adb44c05e97098167
softmax_whole_stage_atc_trace_v1,softmax_whole_stage_operand_rate_atc,softmax_whole_stage_operand_rate_atc_v2,20260728_operand_rate_v2_final_reduction_session02_BCA,reduction,fp16_scalar,20260728_operand_rate_v2_final_reduction_session02_BCA_reduction_fp16_scalar,0,2,20260728_operand_rate_v2_final_reduction_session02_BCA_reduction_fp16_scalar_b0_r2_control,control,control,20260728_operand_rate_v2_final_reduction_session02_BCA_reduction_fp16_scalar_b0_r2_control_1785246027665,5,182761.08657386201,182761.08793775699,182761.08725580951,0.0013638949894811958,1.2668316315102857,10302848167,true,true,5dff3859ad319cb37301e68cfc6fde00723e3a42110ca93adb44c05e97098167
softmax_whole_stage_atc_trace_v1,softmax_whole_stage_operand_rate_atc,softmax_whole_stage_operand_rate_atc_v2,20260728_operand_rate_v2_final_reduction_session02_BCA,reduction,fp16_scalar,20260728_operand_rate_v2_final_reduction_session02_BCA_reduction_fp16_scalar,0,2,20260728_operand_rate_v2_final_reduction_session02_BCA_reduction_fp16_scalar_b0_r2_control,control,control,20260728_operand_rate_v2_final_reduction_session02_BCA_reduction_fp16_scalar_b0_r2_control_1785246027665,6,182761.341324679,182761.34275341101,182761.342039045,0.0014287320082075894,1.5216148670006078,10302910726,true,true,5dff3859ad319cb37301e68cfc6fde00723e3a42110ca93adb44c05e97098167
softmax_whole_stage_atc_trace_v1,softmax_whole_stage_operand_rate_atc,softmax_whole_stage_operand_rate_atc_v2,20260728_operand_rate_v2_final_reduction_session02_BCA,reduction,fp16_scalar,20260728_operand_rate_v2_final_reduction_session02_BCA_reduction_fp16_scalar,0,2,20260728_operand_rate_v2_final_reduction_session02_BCA_reduction_fp16_scalar_b0_r2_control,control,control,20260728_operand_rate_v2_final_reduction_session02_BCA_reduction_fp16_scalar_b0_r2_control_1785246027665,7,182761.59619605201,182761.597630862,182761.596913457,0.0014348099939525127,1.7764892790000886,10302949376,true,true,5dff3859ad319cb37301e68cfc6fde00723e3a42110ca93adb44c05e97098167
softmax_whole_stage_atc_trace_v1,softmax_whole_stage_operand_rate_atc,softmax_whole_stage_operand_rate_atc_v2,20260728_operand_rate_v2_final_reduction_session02_BCA,reduction,fp16_scalar,20260728_operand_rate_v2_final_reduction_session02_BCA_reduction_fp16_scalar,0,2,20260728_operand_rate_v2_final_reduction_session02_BCA_reduction_fp16_scalar_b0_r2_control,control,control,20260728_operand_rate_v2_final_reduction_session02_BCA_reduction_fp16_scalar_b0_r2_control_1785246027665,8,182761.85104463101,182761.85371285299,182761.85237874201,0.002668221975909546,2.0319545640086289,10303011317,true,true,5dff3859ad319cb37301e68cfc6fde00723e3a42110ca93adb44c05e97098167
softmax_whole_stage_atc_trace_v1,softmax_whole_stage_operand_rate_atc,softmax_whole_stage_operand_rate_atc_v2,20260728_operand_rate_v2_final_reduction_session02_BCA,reduction,fp16_scalar,20260728_operand_rate_v2_final_reduction_session02_BCA_reduction_fp16_scalar,0,2,20260728_operand_rate_v2_final_reduction_session02_BCA_reduction_fp16_scalar_b0_r2_control,control,control,20260728_operand_rate_v2_final_reduction_session02_BCA_reduction_fp16_scalar_b0_r2_control_1785246027665,9,182762.107114363,182762.10854370301,182762.10782903299,0.001429340016329661,2.2874048549856525,10303053352,true,true,5dff3859ad319cb37301e68cfc6fde00723e3a42110ca93adb44c05e97098167
softmax_whole_stage_atc_trace_v1,softmax_whole_stage_operand_rate_atc,softmax_whole_stage_operand_rate_atc_v2,20260728_operand_rate_v2_final_reduction_session02_BCA,reduction,fp16_scalar,20260728_operand_rate_v2_final_reduction_session02_BCA_reduction_fp16_scalar,0,2,20260728_operand_rate_v2_final_reduction_session02_BCA_reduction_fp16_scalar_b0_r2_control,control,control,20260728_operand_rate_v2_final_reduction_session02_BCA_reduction_fp16_scalar_b0_r2_control_1785246027665,10,182762.36198755901,182762.36334324899,182762.36266540398,0.0013556899793911725,2.5422412259795237,10303114428,true,true,5dff3859ad319cb37301e68cfc6fde00723e3a42110ca93adb44c05e97098167
softmax_whole_stage_atc_trace_v1,softmax_whole_stage_operand_rate_atc,softmax_whole_stage_operand_rate_atc_v2,20260728_operand_rate_v2_final_reduction_session02_BCA,reduction,fp16_scalar,20260728_operand_rate_v2_final_reduction_session02_BCA_reduction_fp16_scalar,0,2,20260728_operand_rate_v2_final_reduction_session02_BCA_reduction_fp16_scalar_b0_r2_control,control,control,20260728_operand_rate_v2_final_reduction_session02_BCA_reduction_fp16_scalar_b0_r2_control_1785246027665,11,182762.616787612,182762.61815323,182762.61747042101,0.0013656179944518954,2.7970462430093903,10303155817,true,true,5dff3859ad319cb37301e68cfc6fde00723e3a42110ca93adb44c05e97098167
softmax_whole_stage_atc_trace_v1,softmax_whole_stage_operand_rate_atc,softmax_whole_stage_operand_rate_atc_v2,20260728_operand_rate_v2_final_reduction_session02_BCA,reduction,fp16_scalar,20260728_operand_rate_v2_final_reduction_session02_BCA_reduction_fp16_scalar,0,2,20260728_operand_rate_v2_final_reduction_session02_BCA_reduction_fp16_scalar_b0_r2_control,control,control,20260728_operand_rate_v2_final_reduction_session02_BCA_reduction_fp16_scalar_b0_r2_control_1785246027665,12,182762.86828840099,182762.869682182,182762.86898529151,0.0013937810144852847,3.0485611135081854,10303216234,true,true,5dff3859ad319cb37301e68cfc6fde00723e3a42110ca93adb44c05e97098167
softmax_whole_stage_atc_trace_v1,softmax_whole_stage_operand_rate_atc,softmax_whole_stage_operand_rate_atc_v2,20260728_operand_rate_v2_final_reduction_session02_BCA,reduction,fp16_scalar,20260728_operand_rate_v2_final_reduction_session02_BCA_reduction_fp16_scalar,0,2,20260728_operand_rate_v2_final_reduction_session02_BCA_reduction_fp16_scalar_b0_r2_control,control,control,20260728_operand_rate_v2_final_reduction_session02_BCA_reduction_fp16_scalar_b0_r2_control_1785246027665,13,182763.12260380099,182763.12412533001,182763.12336456549,0.0015215290186461061,3.3029403874825221,10303257676,true,true,5dff3859ad319cb37301e68cfc6fde00723e3a42110ca93adb44c05e97098167
softmax_whole_stage_atc_trace_v1,softmax_whole_stage_operand_rate_atc,softmax_whole_stage_operand_rate_atc_v2,20260728_operand_rate_v2_final_reduction_session02_BCA,reduction,fp16_scalar,20260728_operand_rate_v2_final_reduction_session02_BCA_reduction_fp16_scalar,0,2,20260728_operand_rate_v2_final_reduction_session02_BCA_reduction_fp16_scalar_b0_r2_control,control,control,20260728_operand_rate_v2_final_reduction_session02_BCA_reduction_fp16_scalar_b0_r2_control_1785246027665,14,182763.37753261501,182763.378942504,182763.37823755952,0.0014098889951128513,3.5578133815142792,10303318231,true,true,5dff3859ad319cb37301e68cfc6fde00723e3a42110ca93adb44c05e97098167
softmax_whole_stage_atc_trace_v1,softmax_whole_stage_operand_rate_atc,softmax_whole_stage_operand_rate_atc_v2,20260728_operand_rate_v2_final_reduction_session02_BCA,reduction,fp16_scalar,20260728_operand_rate_v2_final_reduction_session02_BCA_reduction_fp16_scalar,0,2,20260728_operand_rate_v2_final_reduction_session02_BCA_reduction_fp16_scalar_b0_r2_control,control,control,20260728_operand_rate_v2_final_reduction_session02_BCA_reduction_fp16_scalar_b0_r2_control_1785246027665,15,182763.632379877,182763.63621991701,182763.63429989701,0.00384004000807181,3.8138757190026809,10303359089,true,true,5dff3859ad319cb37301e68cfc6fde00723e3a42110ca93adb44c05e97098167
softmax_whole_stage_atc_trace_v1,softmax_whole_stage_operand_rate_atc,softmax_whole_stage_operand_rate_atc_v2,20260728_operand_rate_v2_final_reduction_session02_BCA,reduction,fp16_scalar,20260728_operand_rate_v2_final_reduction_session02_BCA_reduction_fp16_scalar,0,2,20260728_operand_rate_v2_final_reduction_session02_BCA_reduction_fp16_scalar_b0_r2_control,control,control,20260728_operand_rate_v2_final_reduction_session02_BCA_reduction_fp16_scalar_b0_r2_control_1785246027665,16,182763.88959630299,182763.89098309301,182763.890289698,0.0013867900124751031,4.0698655199958012,10303422763,true,true,5dff3859ad319cb37301e68cfc6fde00723e3a42110ca93adb44c05e97098167
softmax_whole_stage_atc_trace_v1,softmax_whole_stage_operand_rate_atc,softmax_whole_stage_operand_rate_atc_v2,20260728_operand_rate_v2_final_reduction_session02_BCA,reduction,fp16_scalar,20260728_operand_rate_v2_final_reduction_session02_BCA_reduction_fp16_scalar,0,2,20260728_operand_rate_v2_final_reduction_session02_BCA_reduction_fp16_scalar_b0_r2_control,control,control,20260728_operand_rate_v2_final_reduction_session02_BCA_reduction_fp16_scalar_b0_r2_control_1785246027665,17,182764.143051708,182764.14446949901,182764.1437606035,0.0014177910052239895,4.3233364254992921,10303462443,true,true,5dff3859ad319cb37301e68cfc6fde00723e3a42110ca93adb44c05e97098167
softmax_whole_stage_atc_trace_v1,softmax_whole_stage_operand_rate_atc,softmax_whole_stage_operand_rate_atc_v2,20260728_operand_rate_v2_final_reduction_session02_BCA,reduction,fp16_scalar,20260728_operand_rate_v2_final_reduction_session02_BCA_reduction_fp16_scalar,0,2,20260728_operand_rate_v2_final_reduction_session02_BCA_reduction_fp16_scalar_b0_r2_control,control,control,20260728_operand_rate_v2_final_reduction_session02_BCA_reduction_fp16_scalar_b0_r2_control_1785246027665,18,182764.39768845399,182764.39919742101,182764.3984429375,0.0015089670196175575,4.5780187594937161,10303525678,true,true,5dff3859ad319cb37301e68cfc6fde00723e3a42110ca93adb44c05e97098167
softmax_whole_stage_atc_trace_v1,softmax_whole_stage_operand_rate_atc,softmax_whole_stage_operand_rate_atc_v2,20260728_operand_rate_v2_final_reduction_session02_BCA,reduction,fp16_scalar,20260728_operand_rate_v2_final_reduction_session02_BCA_reduction_fp16_scalar,0,2,20260728_operand_rate_v2_final_reduction_session02_BCA_reduction_fp16_scalar_b0_r2_control,control,control,20260728_operand_rate_v2_final_reduction_session02_BCA_reduction_fp16_scalar_b0_r2_control_1785246027665,19,182764.65260652901,182764.65401084599,182764.6533086875,0.0014043169794604182,4.832884509494761,10303564942,true,true,5dff3859ad319cb37301e68cfc6fde00723e3a42110ca93adb44c05e97098167
softmax_whole_stage_atc_trace_v1,softmax_whole_stage_operand_rate_atc,softmax_whole_stage_operand_rate_atc_v2,20260728_operand_rate_v2_final_reduction_session02_BCA,reduction,fp16_scalar,20260728_operand_rate_v2_final_reduction_session02_BCA_reduction_fp16_scalar,0,2,20260728_operand_rate_v2_final_reduction_session02_BCA_reduction_fp16_scalar_b0_r2_control,control,control,20260728_operand_rate_v2_final_reduction_session02_BCA_reduction_fp16_scalar_b0_r2_control_1785246027665,20,182764.90414388999,182764.90558021999,182764.90486205497,0.0014363299997057766,5.0844378769688774,10303627501,true,true,5dff3859ad319cb37301e68cfc6fde00723e3a42110ca93adb44c05e97098167
softmax_whole_stage_atc_trace_v1,softmax_whole_stage_operand_rate_atc,softmax_whole_stage_operand_rate_atc_v2,20260728_operand_rate_v2_final_reduction_session02_BCA,reduction,fp16_scalar,20260728_operand_rate_v2_final_reduction_session02_BCA_reduction_fp16_scalar,0,2,20260728_operand_rate_v2_final_reduction_session02_BCA_reduction_fp16_scalar_b0_r2_control,control,control,20260728_operand_rate_v2_final_reduction_session02_BCA_reduction_fp16_scalar_b0_r2_control_1785246027665,21,182765.158373888,182765.15991557701,182765.15914473252,0.0015416890091728419,5.3387205545150209,10303666699,true,true,5dff3859ad319cb37301e68cfc6fde00723e3a42110ca93adb44c05e97098167
softmax_whole_stage_atc_trace_v1,softmax_whole_stage_operand_rate_atc,softmax_whole_stage_operand_rate_atc_v2,20260728_operand_rate_v2_final_reduction_session02_BCA,reduction,fp16_scalar,20260728_operand_rate_v2_final_reduction_session02_BCA_reduction_fp16_scalar,0,2,20260728_operand_rate_v2_final_reduction_session02_BCA_reduction_fp16_scalar_b0_r2_control,control,control,20260728_operand_rate_v2_final_reduction_session02_BCA_reduction_fp16_scalar_b0_r2_control_1785246027665,22,182765.41323097699,182765.414604294,182765.41391763551,0.0013733170053455979,5.5934934575052466,10303729226,true,true,5dff3859ad319cb37301e68cfc6fde00723e3a42110ca93adb44c05e97098167
softmax_whole_stage_atc_trace_v1,softmax_whole_stage_operand_rate_atc,softmax_whole_stage_operand_rate_atc_v2,20260728_operand_rate_v2_final_reduction_session02_BCA,reduction,fp16_scalar,20260728_operand_rate_v2_final_reduction_session02_BCA_reduction_fp16_scalar,0,2,20260728_operand_rate_v2_final_reduction_session02_BCA_reduction_fp16_scalar_b0_r2_control,control,control,20260728_operand_rate_v2_final_reduction_session02_BCA_reduction_fp16_scalar_b0_r2_control_1785246027665,23,182765.668028902,182765.66944497,182765.668736936,0.0014160680002532899,5.8483127579966094,10303767555,true,true,5dff3859ad319cb37301e68cfc6fde00723e3a42110ca93adb44c05e97098167
softmax_whole_stage_atc_trace_v1,softmax_whole_stage_operand_rate_atc,softmax_whole_stage_operand_rate_atc_v2,20260728_operand_rate_v2_final_reduction_session02_BCA,reduction,fp16_scalar,20260728_operand_rate_v2_final_reduction_session02_BCA_reduction_fp16_scalar,0,2,20260728_operand_rate_v2_final_reduction_session02_BCA_reduction_fp16_scalar_b0_r2_control,control,control,20260728_operand_rate_v2_final_reduction_session02_BCA_reduction_fp16_scalar_b0_r2_control_1785246027665,24,182765.922939379,182765.925204197,182765.924071788,0.0022648180020041764,6.1036476099980064,10303829020,true,true,5dff3859ad319cb37301e68cfc6fde00723e3a42110ca93adb44c05e97098167
softmax_whole_stage_atc_trace_v1,softmax_whole_stage_operand_rate_atc,softmax_whole_stage_operand_rate_atc_v2,20260728_operand_rate_v2_final_reduction_session02_BCA,reduction,fp16_scalar,20260728_operand_rate_v2_final_reduction_session02_BCA_reduction_fp16_scalar,0,2,20260728_operand_rate_v2_final_reduction_session02_BCA_reduction_fp16_scalar_b0_r2_control,control,control,20260728_operand_rate_v2_final_reduction_session02_BCA_reduction_fp16_scalar_b0_r2_control_1785246027665,25,182766.178611482,182766.17999574001,182766.17930361099,0.0013842580083291978,6.358879432984395,10303870810,true,true,5dff3859ad319cb37301e68cfc6fde00723e3a42110ca93adb44c05e97098167
softmax_whole_stage_atc_trace_v1,softmax_whole_stage_operand_rate_atc,softmax_whole_stage_operand_rate_atc_v2,20260728_operand_rate_v2_final_reduction_session02_BCA,reduction,fp16_scalar,20260728_operand_rate_v2_final_reduction_session02_BCA_reduction_fp16_scalar,0,2,20260728_operand_rate_v2_final_reduction_session02_BCA_reduction_fp16_scalar_b0_r2_control,control,control,20260728_operand_rate_v2_final_reduction_session02_BCA_reduction_fp16_scalar_b0_r2_control_1785246027665,26,182766.43343534201,182766.43611703801,182766.43477619003,0.0026816960016731173,6.6143520120240282,10303931494,true,true,5dff3859ad319cb37301e68cfc6fde00723e3a42110ca93adb44c05e97098167
softmax_whole_stage_atc_trace_v1,softmax_whole_stage_operand_rate_atc,softmax_whole_stage_operand_rate_atc_v2,20260728_operand_rate_v2_final_reduction_session02_BCA,reduction,fp16_scalar,20260728_operand_rate_v2_final_reduction_session02_BCA_reduction_fp16_scalar,0,2,20260728_operand_rate_v2_final_reduction_session02_BCA_reduction_fp16_scalar_b0_r2_control,control,control,20260728_operand_rate_v2_final_reduction_session02_BCA_reduction_fp16_scalar_b0_r2_control_1785246027665,27,182766.689555424,182766.69487738199,182766.692216403,0.0053219579858705401,6.8717922249925323,10303993814,true,true,5dff3859ad319cb37301e68cfc6fde00723e3a42110ca93adb44c05e97098167
softmax_whole_stage_atc_trace_v1,softmax_whole_stage_operand_rate_atc,softmax_whole_stage_operand_rate_atc_v2,20260728_operand_rate_v2_final_reduction_session02_BCA,reduction,fp16_scalar,20260728_operand_rate_v2_final_reduction_session02_BCA_reduction_fp16_scalar,0,2,20260728_operand_rate_v2_final_reduction_session02_BCA_reduction_fp16_scalar_b0_r2_control,control,control,20260728_operand_rate_v2_final_reduction_session02_BCA_reduction_fp16_scalar_b0_r2_control_1785246027665,28,182766.948248095,182766.94961999301,182766.94893404399,0.0013718980189878494,7.1285098659864161,10304035644,true,true,5dff3859ad319cb37301e68cfc6fde00723e3a42110ca93adb44c05e97098167
softmax_whole_stage_atc_trace_v1,softmax_whole_stage_operand_rate_atc,softmax_whole_stage_operand_rate_atc_v2,20260728_operand_rate_v2_final_reduction_session02_BCA,reduction,fp16_scalar,20260728_operand_rate_v2_final_reduction_session02_BCA_reduction_fp16_scalar,0,2,20260728_operand_rate_v2_final_reduction_session02_BCA_reduction_fp16_scalar_b0_r2_control,control,control,20260728_operand_rate_v2_final_reduction_session02_BCA_reduction_fp16_scalar_b0_r2_control_1785246027665,29,182767.203056556,182767.20458629099,182767.20382142349,0.0015297349891625345,7.3833972454885952,10304096341,true,false,5dff3859ad319cb37301e68cfc6fde00723e3a42110ca93adb44c05e97098167
softmax_whole_stage_atc_trace_v1,softmax_whole_stage_operand_rate_atc,softmax_whole_stage_operand_rate_atc_v2,20260728_operand_rate_v2_final_reduction_session02_BCA,reduction,fp16_scalar,20260728_operand_rate_v2_final_reduction_session02_BCA_reduction_fp16_scalar,0,2,20260728_operand_rate_v2_final_reduction_session02_BCA_reduction_fp16_scalar_b0_r2_control,control,control,20260728_operand_rate_v2_final_reduction_session02_BCA_reduction_fp16_scalar_b0_r2_control_1785246027665,30,182767.45803312401,182767.45955361301,182767.45879336851,0.0015204889932647347,7.6383691905066371,10304137522,true,false,5dff3859ad319cb37301e68cfc6fde00723e3a42110ca93adb44c05e97098167
softmax_whole_stage_atc_trace_v1,softmax_whole_stage_operand_rate_atc,softmax_whole_stage_operand_rate_atc_v2,20260728_operand_rate_v2_final_reduction_session02_BCA,reduction,fp16_scalar,20260728_operand_rate_v2_final_reduction_session02_BCA_reduction_fp16_scalar,0,2,20260728_operand_rate_v2_final_reduction_session02_BCA_reduction_fp16_scalar_b0_r2_control,control,control,20260728_operand_rate_v2_final_reduction_session02_BCA_reduction_fp16_scalar_b0_r2_control_1785246027665,31,182767.71317193101,182767.715319296,182767.71424561349,0.0021473649831023067,7.8938214354857337,10304192404,true,false,5dff3859ad319cb37301e68cfc6fde00723e3a42110ca93adb44c05e97098167
softmax_whole_stage_atc_trace_v1,softmax_whole_stage_operand_rate_atc,softmax_whole_stage_operand_rate_atc_v2,20260728_operand_rate_v2_final_reduction_session02_BCA,reduction,fp16_scalar,20260728_operand_rate_v2_final_reduction_session02_BCA_reduction_fp16_scalar,0,2,20260728_operand_rate_v2_final_reduction_session02_BCA_reduction_fp16_scalar_b0_r2_control,control,control,20260728_operand_rate_v2_final_reduction_session02_BCA_reduction_fp16_scalar_b0_r2_control_1785246027665,32,182767.71533297299,182767.717411552,182767.71637226251,0.0020785790111403912,7.895948084507836,10304192404,false,false,5dff3859ad319cb37301e68cfc6fde00723e3a42110ca93adb44c05e97098167
softmax_whole_stage_atc_trace_v1,softmax_whole_stage_operand_rate_atc,softmax_whole_stage_operand_rate_atc_v2,20260728_operand_rate_v2_final_reduction_session02_BCA,reduction,fp16_scalar,20260728_operand_rate_v2_final_reduction_session02_BCA_reduction_fp16_scalar,1,0,20260728_operand_rate_v2_final_reduction_session02_BCA_reduction_fp16_scalar_b1_r0_treatment,treatment,treatment,20260728_operand_rate_v2_final_reduction_session02_BCA_reduction_fp16_scalar_b1_r0_treatment_1785246036205,0,182768.75616108699,182768.76087056199,182768.75851582451,0.0047094750043470412,0.0023748965177219361,10304322944,false,false,5dff3859ad319cb37301e68cfc6fde00723e3a42110ca93adb44c05e97098167
softmax_whole_stage_atc_trace_v1,softmax_whole_stage_operand_rate_atc,softmax_whole_stage_operand_rate_atc_v2,20260728_operand_rate_v2_final_reduction_session02_BCA,reduction,fp16_scalar,20260728_operand_rate_v2_final_reduction_session02_BCA_reduction_fp16_scalar,1,0,20260728_operand_rate_v2_final_reduction_session02_BCA_reduction_fp16_scalar_b1_r0_treatment,treatment,treatment,20260728_operand_rate_v2_final_reduction_session02_BCA_reduction_fp16_scalar_b1_r0_treatment_1785246036205,1,182769.01099851099,182769.012363396,182769.0116809535,0.0013648850144818425,0.25554002550779842,10304356271,true,false,5dff3859ad319cb37301e68cfc6fde00723e3a42110ca93adb44c05e97098167
softmax_whole_stage_atc_trace_v1,softmax_whole_stage_operand_rate_atc,softmax_whole_stage_operand_rate_atc_v2,20260728_operand_rate_v2_final_reduction_session02_BCA,reduction,fp16_scalar,20260728_operand_rate_v2_final_reduction_session02_BCA_reduction_fp16_scalar,1,0,20260728_operand_rate_v2_final_reduction_session02_BCA_reduction_fp16_scalar_b1_r0_treatment,treatment,treatment,20260728_operand_rate_v2_final_reduction_session02_BCA_reduction_fp16_scalar_b1_r0_treatment_1785246036205,2,182769.262581405,182769.26731276201,182769.26494708349,0.0047313570103142411,0.50880615549976937,10304413490,true,true,5dff3859ad319cb37301e68cfc6fde00723e3a42110ca93adb44c05e97098167
softmax_whole_stage_atc_trace_v1,softmax_whole_stage_operand_rate_atc,softmax_whole_stage_operand_rate_atc_v2,20260728_operand_rate_v2_final_reduction_session02_BCA,reduction,fp16_scalar,20260728_operand_rate_v2_final_reduction_session02_BCA_reduction_fp16_scalar,1,0,20260728_operand_rate_v2_final_reduction_session02_BCA_reduction_fp16_scalar_b1_r0_treatment,treatment,treatment,20260728_operand_rate_v2_final_reduction_session02_BCA_reduction_fp16_scalar_b1_r0_treatment_1785246036205,3,182769.51748720999,182769.51896525201,182769.51822623098,0.0014780420169699937,0.76208530299481936,10304452527,true,true,5dff3859ad319cb37301e68cfc6fde00723e3a42110ca93adb44c05e97098167
softmax_whole_stage_atc_trace_v1,softmax_whole_stage_operand_rate_atc,softmax_whole_stage_operand_rate_atc_v2,20260728_operand_rate_v2_final_reduction_session02_BCA,reduction,fp16_scalar,20260728_operand_rate_v2_final_reduction_session02_BCA_reduction_fp16_scalar,1,0,20260728_operand_rate_v2_final_reduction_session02_BCA_reduction_fp16_scalar_b1_r0_treatment,treatment,treatment,20260728_operand_rate_v2_final_reduction_session02_BCA_reduction_fp16_scalar_b1_r0_treatment_1785246036205,4,182769.76921162699,182769.77359601401,182769.77140382049,0.0043843870225828141,1.0152628924988676,10304509782,true,true,5dff3859ad319cb37301e68cfc6fde00723e3a42110ca93adb44c05e97098167
softmax_whole_stage_atc_trace_v1,softmax_whole_stage_operand_rate_atc,softmax_whole_stage_operand_rate_atc_v2,20260728_operand_rate_v2_final_reduction_session02_BCA,reduction,fp16_scalar,20260728_operand_rate_v2_final_reduction_session02_BCA_reduction_fp16_scalar,1,0,20260728_operand_rate_v2_final_reduction_session02_BCA_reduction_fp16_scalar_b1_r0_treatment,treatment,treatment,20260728_operand_rate_v2_final_reduction_session02_BCA_reduction_fp16_scalar_b1_r0_treatment_1785246036205,5,182770.02390144899,182770.02533714601,182770.0246192975,0.0014356970204971731,1.2684783695149235,10304548877,true,true,5dff3859ad319cb37301e68cfc6fde00723e3a42110ca93adb44c05e97098167
softmax_whole_stage_atc_trace_v1,softmax_whole_stage_operand_rate_atc,softmax_whole_stage_operand_rate_atc_v2,20260728_operand_rate_v2_final_reduction_session02_BCA,reduction,fp16_scalar,20260728_operand_rate_v2_final_reduction_session02_BCA_reduction_fp16_scalar,1,0,20260728_operand_rate_v2_final_reduction_session02_BCA_reduction_fp16_scalar_b1_r0_treatment,treatment,treatment,20260728_operand_rate_v2_final_reduction_session02_BCA_reduction_fp16_scalar_b1_r0_treatment_1785246036205,6,182770.27558392601,182770.28002554999,182770.277804738,0.0044416239834390581,1.5216638100100681,10304606207,true,true,5dff3859ad319cb37301e68cfc6fde00723e3a42110ca93adb44c05e97098167
softmax_whole_stage_atc_trace_v1,softmax_whole_stage_operand_rate_atc,softmax_whole_stage_operand_rate_atc_v2,20260728_operand_rate_v2_final_reduction_session02_BCA,reduction,fp16_scalar,20260728_operand_rate_v2_final_reduction_session02_BCA_reduction_fp16_scalar,1,0,20260728_operand_rate_v2_final_reduction_session02_BCA_reduction_fp16_scalar_b1_r0_treatment,treatment,treatment,20260728_operand_rate_v2_final_reduction_session02_BCA_reduction_fp16_scalar_b1_r0_treatment_1785246036205,7,182770.530193413,182770.531577546,182770.5308854795,0.0013841330073773861,1.7747445515124127,10304645339,true,true,5dff3859ad319cb37301e68cfc6fde00723e3a42110ca93adb44c05e97098167
softmax_whole_stage_atc_trace_v1,softmax_whole_stage_operand_rate_atc,softmax_whole_stage_operand_rate_atc_v2,20260728_operand_rate_v2_final_reduction_session02_BCA,reduction,fp16_scalar,20260728_operand_rate_v2_final_reduction_session02_BCA_reduction_fp16_scalar,1,0,20260728_operand_rate_v2_final_reduction_session02_BCA_reduction_fp16_scalar_b1_r0_treatment,treatment,treatment,20260728_operand_rate_v2_final_reduction_session02_BCA_reduction_fp16_scalar_b1_r0_treatment_1785246036205,8,182770.78181804501,182770.786466939,182770.78414249199,0.0046488939842674881,2.0280015640018973,10304702757,true,true,5dff3859ad319cb37301e68cfc6fde00723e3a42110ca93adb44c05e97098167
softmax_whole_stage_atc_trace_v1,softmax_whole_stage_operand_rate_atc,softmax_whole_stage_operand_rate_atc_v2,20260728_operand_rate_v2_final_reduction_session02_BCA,reduction,fp16_scalar,20260728_operand_rate_v2_final_reduction_session02_BCA_reduction_fp16_scalar,1,0,20260728_operand_rate_v2_final_reduction_session02_BCA_reduction_fp16_scalar_b1_r0_treatment,treatment,treatment,20260728_operand_rate_v2_final_reduction_session02_BCA_reduction_fp16_scalar_b1_r0_treatment_1785246036205,9,182771.03670723599,182771.03812196199,182771.03741459898,0.0014147259935270995,2.2812736709893215,10304741908,true,true,5dff3859ad319cb37301e68cfc6fde00723e3a42110ca93adb44c05e97098167
softmax_whole_stage_atc_trace_v1,softmax_whole_stage_operand_rate_atc,softmax_whole_stage_operand_rate_atc_v2,20260728_operand_rate_v2_final_reduction_session02_BCA,reduction,fp16_scalar,20260728_operand_rate_v2_final_reduction_session02_BCA_reduction_fp16_scalar,1,0,20260728_operand_rate_v2_final_reduction_session02_BCA_reduction_fp16_scalar_b1_r0_treatment,treatment,treatment,20260728_operand_rate_v2_final_reduction_session02_BCA_reduction_fp16_scalar_b1_r0_treatment_1785246036205,10,182771.28830127299,182771.29276305699,182771.29053216497,0.0044617840030696243,2.5343912369862664,10304799375,true,true,5dff3859ad319cb37301e68cfc6fde00723e3a42110ca93adb44c05e97098167
softmax_whole_stage_atc_trace_v1,softmax_whole_stage_operand_rate_atc,softmax_whole_stage_operand_rate_atc_v2,20260728_operand_rate_v2_final_reduction_session02_BCA,reduction,fp16_scalar,20260728_operand_rate_v2_final_reduction_session02_BCA_reduction_fp16_scalar,1,0,20260728_operand_rate_v2_final_reduction_session02_BCA_reduction_fp16_scalar_b1_r0_treatment,treatment,treatment,20260728_operand_rate_v2_final_reduction_session02_BCA_reduction_fp16_scalar_b1_r0_treatment_1785246036205,11,182771.542932034,182771.54431950999,182771.543625772,0.0013874759897589684,2.7874848440114874,10304838604,true,true,5dff3859ad319cb37301e68cfc6fde00723e3a42110ca93adb44c05e97098167
softmax_whole_stage_atc_trace_v1,softmax_whole_stage_operand_rate_atc,softmax_whole_stage_operand_rate_atc_v2,20260728_operand_rate_v2_final_reduction_session02_BCA,reduction,fp16_scalar,20260728_operand_rate_v2_final_reduction_session02_BCA_reduction_fp16_scalar,1,0,20260728_operand_rate_v2_final_reduction_session02_BCA_reduction_fp16_scalar_b1_r0_treatment,treatment,treatment,20260728_operand_rate_v2_final_reduction_session02_BCA_reduction_fp16_scalar_b1_r0_treatment_1785246036205,12,182771.794558489,182771.79930068599,182771.79692958749,0.0047421969939023256,3.0407886595057789,10304896199,true,true,5dff3859ad319cb37301e68cfc6fde00723e3a42110ca93adb44c05e97098167
softmax_whole_stage_atc_trace_v1,softmax_whole_stage_operand_rate_atc,softmax_whole_stage_operand_rate_atc_v2,20260728_operand_rate_v2_final_reduction_session02_BCA,reduction,fp16_scalar,20260728_operand_rate_v2_final_reduction_session02_BCA_reduction_fp16_scalar,1,0,20260728_operand_rate_v2_final_reduction_session02_BCA_reduction_fp16_scalar_b1_r0_treatment,treatment,treatment,20260728_operand_rate_v2_final_reduction_session02_BCA_reduction_fp16_scalar_b1_r0_treatment_1785246036205,13,182772.04949721799,182772.05088438999,182772.050190804,0.0013871720002498478,3.2940498760144692,10304935438,true,true,5dff3859ad319cb37301e68cfc6fde00723e3a42110ca93adb44c05e97098167
softmax_whole_stage_atc_trace_v1,softmax_whole_stage_operand_rate_atc,softmax_whole_stage_operand_rate_atc_v2,20260728_operand_rate_v2_final_reduction_session02_BCA,reduction,fp16_scalar,20260728_operand_rate_v2_final_reduction_session02_BCA_reduction_fp16_scalar,1,0,20260728_operand_rate_v2_final_reduction_session02_BCA_reduction_fp16_scalar_b1_r0_treatment,treatment,treatment,20260728_operand_rate_v2_final_reduction_session02_BCA_reduction_fp16_scalar_b1_r0_treatment_1785246036205,14,182772.30106603101,182772.305502184,182772.3032841075,0.0044361529871821404,3.5471431795158423,10304992970,true,true,5dff3859ad319cb37301e68cfc6fde00723e3a42110ca93adb44c05e97098167
softmax_whole_stage_atc_trace_v1,softmax_whole_stage_operand_rate_atc,softmax_whole_stage_operand_rate_atc_v2,20260728_operand_rate_v2_final_reduction_session02_BCA,reduction,fp16_scalar,20260728_operand_rate_v2_final_reduction_session02_BCA_reduction_fp16_scalar,1,0,20260728_operand_rate_v2_final_reduction_session02_BCA_reduction_fp16_scalar_b1_r0_treatment,treatment,treatment,20260728_operand_rate_v2_final_reduction_session02_BCA_reduction_fp16_scalar_b1_r0_treatment_1785246036205,15,182772.55565231899,182772.557056105,182772.55635421199,0.0014037860091775656,3.8002132840047125,10305032191,true,true,5dff3859ad319cb37301e68cfc6fde00723e3a42110ca93adb44c05e97098167
softmax_whole_stage_atc_trace_v1,softmax_whole_stage_operand_rate_atc,softmax_whole_stage_operand_rate_atc_v2,20260728_operand_rate_v2_final_reduction_session02_BCA,reduction,fp16_scalar,20260728_operand_rate_v2_final_reduction_session02_BCA_reduction_fp16_scalar,1,0,20260728_operand_rate_v2_final_reduction_session02_BCA_reduction_fp16_scalar_b1_r0_treatment,treatment,treatment,20260728_operand_rate_v2_final_reduction_session02_BCA_reduction_fp16_scalar_b1_r0_treatment_1785246036205,16,182772.80729721201,182772.81235021201,182772.80982371201,0.0050530000007711351,4.053682784026023,10305089701,true,true,5dff3859ad319cb37301e68cfc6fde00723e3a42110ca93adb44c05e97098167
softmax_whole_stage_atc_trace_v1,softmax_whole_stage_operand_rate_atc,softmax_whole_stage_operand_rate_atc_v2,20260728_operand_rate_v2_final_reduction_session02_BCA,reduction,fp16_scalar,20260728_operand_rate_v2_final_reduction_session02_BCA_reduction_fp16_scalar,1,0,20260728_operand_rate_v2_final_reduction_session02_BCA_reduction_fp16_scalar_b1_r0_treatment,treatment,treatment,20260728_operand_rate_v2_final_reduction_session02_BCA_reduction_fp16_scalar_b1_r0_treatment_1785246036205,17,182773.06261036501,182773.06405122799,182773.06333079649,0.0014408629795070738,4.3071898685011547,10305128769,true,true,5dff3859ad319cb37301e68cfc6fde00723e3a42110ca93adb44c05e97098167
softmax_whole_stage_atc_trace_v1,softmax_whole_stage_operand_rate_atc,softmax_whole_stage_operand_rate_atc_v2,20260728_operand_rate_v2_final_reduction_session02_BCA,reduction,fp16_scalar,20260728_operand_rate_v2_final_reduction_session02_BCA_reduction_fp16_scalar,1,0,20260728_operand_rate_v2_final_reduction_session02_BCA_reduction_fp16_scalar_b1_r0_treatment,treatment,treatment,20260728_operand_rate_v2_final_reduction_session02_BCA_reduction_fp16_scalar_b1_r0_treatment_1785246036205,18,182773.31496287399,182773.318260762,182773.31661181798,0.0032978880044538528,4.5604708899918478,10305186145,true,true,5dff3859ad319cb37301e68cfc6fde00723e3a42110ca93adb44c05e97098167
softmax_whole_stage_atc_trace_v1,softmax_whole_stage_operand_rate_atc,softmax_whole_stage_operand_rate_atc_v2,20260728_operand_rate_v2_final_reduction_session02_BCA,reduction,fp16_scalar,20260728_operand_rate_v2_final_reduction_session02_BCA_reduction_fp16_scalar,1,0,20260728_operand_rate_v2_final_reduction_session02_BCA_reduction_fp16_scalar_b1_r0_treatment,treatment,treatment,20260728_operand_rate_v2_final_reduction_session02_BCA_reduction_fp16_scalar_b1_r0_treatment_1785246036205,19,182773.56847461799,182773.569914266,182773.56919444201,0.001439648011000827,4.8130535140226129,10305225291,true,true,5dff3859ad319cb37301e68cfc6fde00723e3a42110ca93adb44c05e97098167
softmax_whole_stage_atc_trace_v1,softmax_whole_stage_operand_rate_atc,softmax_whole_stage_operand_rate_atc_v2,20260728_operand_rate_v2_final_reduction_session02_BCA,reduction,fp16_scalar,20260728_operand_rate_v2_final_reduction_session02_BCA_reduction_fp16_scalar,1,0,20260728_operand_rate_v2_final_reduction_session02_BCA_reduction_fp16_scalar_b1_r0_treatment,treatment,treatment,20260728_operand_rate_v2_final_reduction_session02_BCA_reduction_fp16_scalar_b1_r0_treatment_1785246036205,20,182773.820142304,182773.82455961499,182773.8223509595,0.0044173109927214682,5.0662100315093994,10305282646,true,true,5dff3859ad319cb37301e68cfc6fde00723e3a42110ca93adb44c05e97098167
softmax_whole_stage_atc_trace_v1,softmax_whole_stage_operand_rate_atc,softmax_whole_stage_operand_rate_atc_v2,20260728_operand_rate_v2_final_reduction_session02_BCA,reduction,fp16_scalar,20260728_operand_rate_v2_final_reduction_session02_BCA_reduction_fp16_scalar,1,0,20260728_operand_rate_v2_final_reduction_session02_BCA_reduction_fp16_scalar_b1_r0_treatment,treatment,treatment,20260728_operand_rate_v2_final_reduction_session02_BCA_reduction_fp16_scalar_b1_r0_treatment_1785246036205,21,182774.07490040601,182774.07630327999,182774.07560184301,0.0014028739824425429,5.3194609150232282,10305321748,true,true,5dff3859ad319cb37301e68cfc6fde00723e3a42110ca93adb44c05e97098167
softmax_whole_stage_atc_trace_v1,softmax_whole_stage_operand_rate_atc,softmax_whole_stage_operand_rate_atc_v2,20260728_operand_rate_v2_final_reduction_session02_BCA,reduction,fp16_scalar,20260728_operand_rate_v2_final_reduction_session02_BCA_reduction_fp16_scalar,1,0,20260728_operand_rate_v2_final_reduction_session02_BCA_reduction_fp16_scalar_b1_r0_treatment,treatment,treatment,20260728_operand_rate_v2_final_reduction_session02_BCA_reduction_fp16_scalar_b1_r0_treatment_1785246036205,22,182774.32735158701,182774.33107110701,182774.32921134701,0.0037195199984125793,5.5730704190209508,10305379089,true,true,5dff3859ad319cb37301e68cfc6fde00723e3a42110ca93adb44c05e97098167
softmax_whole_stage_atc_trace_v1,softmax_whole_stage_operand_rate_atc,softmax_whole_stage_operand_rate_atc_v2,20260728_operand_rate_v2_final_reduction_session02_BCA,reduction,fp16_scalar,20260728_operand_rate_v2_final_reduction_session02_BCA_reduction_fp16_scalar,1,0,20260728_operand_rate_v2_final_reduction_session02_BCA_reduction_fp16_scalar_b1_r0_treatment,treatment,treatment,20260728_operand_rate_v2_final_reduction_session02_BCA_reduction_fp16_scalar_b1_r0_treatment_1785246036205,23,182774.58139406901,182774.58278741999,182774.58209074452,0.001393350976286456,5.8259498165280093,10305418224,true,true,5dff3859ad319cb37301e68cfc6fde00723e3a42110ca93adb44c05e97098167
softmax_whole_stage_atc_trace_v1,softmax_whole_stage_operand_rate_atc,softmax_whole_stage_operand_rate_atc_v2,20260728_operand_rate_v2_final_reduction_session02_BCA,reduction,fp16_scalar,20260728_operand_rate_v2_final_reduction_session02_BCA_reduction_fp16_scalar,1,0,20260728_operand_rate_v2_final_reduction_session02_BCA_reduction_fp16_scalar_b1_r0_treatment,treatment,treatment,20260728_operand_rate_v2_final_reduction_session02_BCA_reduction_fp16_scalar_b1_r0_treatment_1785246036205,24,182774.83315657699,182774.83732001699,182774.835238297,0.0041634399967733771,6.079097369016381,10305475685,true,true,5dff3859ad319cb37301e68cfc6fde00723e3a42110ca93adb44c05e97098167
softmax_whole_stage_atc_trace_v1,softmax_whole_stage_operand_rate_atc,softmax_whole_stage_operand_rate_atc_v2,20260728_operand_rate_v2_final_reduction_session02_BCA,reduction,fp16_scalar,20260728_operand_rate_v2_final_reduction_session02_BCA_reduction_fp16_scalar,1,0,20260728_operand_rate_v2_final_reduction_session02_BCA_reduction_fp16_scalar_b1_r0_treatment,treatment,treatment,20260728_operand_rate_v2_final_reduction_session02_BCA_reduction_fp16_scalar_b1_r0_treatment_1785246036205,25,182775.087753806,182775.089137331,182775.08844556852,0.0013835249992553145,6.3323046405275818,10305514898,true,true,5dff3859ad319cb37301e68cfc6fde00723e3a42110ca93adb44c05e97098167
softmax_whole_stage_atc_trace_v1,softmax_whole_stage_operand_rate_atc,softmax_whole_stage_operand_rate_atc_v2,20260728_operand_rate_v2_final_reduction_session02_BCA,reduction,fp16_scalar,20260728_operand_rate_v2_final_reduction_session02_BCA_reduction_fp16_scalar,1,0,20260728_operand_rate_v2_final_reduction_session02_BCA_reduction_fp16_scalar_b1_r0_treatment,treatment,treatment,20260728_operand_rate_v2_final_reduction_session02_BCA_reduction_fp16_scalar_b1_r0_treatment_1785246036205,26,182775.33943263601,182775.34373445899,182775.3415835475,0.0043018229771405458,6.5854426195146516,10305572420,true,true,5dff3859ad319cb37301e68cfc6fde00723e3a42110ca93adb44c05e97098167
softmax_whole_stage_atc_trace_v1,softmax_whole_stage_operand_rate_atc,softmax_whole_stage_operand_rate_atc_v2,20260728_operand_rate_v2_final_reduction_session02_BCA,reduction,fp16_scalar,20260728_operand_rate_v2_final_reduction_session02_BCA_reduction_fp16_scalar,1,0,20260728_operand_rate_v2_final_reduction_session02_BCA_reduction_fp16_scalar_b1_r0_treatment,treatment,treatment,20260728_operand_rate_v2_final_reduction_session02_BCA_reduction_fp16_scalar_b1_r0_treatment_1785246036205,27,182775.59419406101,182775.59564417801,182775.5949191195,0.0014501170080620795,6.8387781915080268,10305611690,true,true,5dff3859ad319cb37301e68cfc6fde00723e3a42110ca93adb44c05e97098167
softmax_whole_stage_atc_trace_v1,softmax_whole_stage_operand_rate_atc,softmax_whole_stage_operand_rate_atc_v2,20260728_operand_rate_v2_final_reduction_session02_BCA,reduction,fp16_scalar,20260728_operand_rate_v2_final_reduction_session02_BCA_reduction_fp16_scalar,1,0,20260728_operand_rate_v2_final_reduction_session02_BCA_reduction_fp16_scalar_b1_r0_treatment,treatment,treatment,20260728_operand_rate_v2_final_reduction_session02_BCA_reduction_fp16_scalar_b1_r0_treatment_1785246036205,28,182775.84607113301,182775.850201903,182775.84813651801,0.0041307699866592884,7.0919955900171772,10305669309,true,true,5dff3859ad319cb37301e68cfc6fde00723e3a42110ca93adb44c05e97098167
softmax_whole_stage_atc_trace_v1,softmax_whole_stage_operand_rate_atc,softmax_whole_stage_operand_rate_atc_v2,20260728_operand_rate_v2_final_reduction_session02_BCA,reduction,fp16_scalar,20260728_operand_rate_v2_final_reduction_session02_BCA_reduction_fp16_scalar,1,0,20260728_operand_rate_v2_final_reduction_session02_BCA_reduction_fp16_scalar_b1_r0_treatment,treatment,treatment,20260728_operand_rate_v2_final_reduction_session02_BCA_reduction_fp16_scalar_b1_r0_treatment_1785246036205,29,182776.10073636801,182776.10210684,182776.10142160399,0.0013704719895031303,7.3452806760033127,10305708622,true,true,5dff3859ad319cb37301e68cfc6fde00723e3a42110ca93adb44c05e97098167
softmax_whole_stage_atc_trace_v1,softmax_whole_stage_operand_rate_atc,softmax_whole_stage_operand_rate_atc_v2,20260728_operand_rate_v2_final_reduction_session02_BCA,reduction,fp16_scalar,20260728_operand_rate_v2_final_reduction_session02_BCA_reduction_fp16_scalar,1,0,20260728_operand_rate_v2_final_reduction_session02_BCA_reduction_fp16_scalar_b1_r0_treatment,treatment,treatment,20260728_operand_rate_v2_final_reduction_session02_BCA_reduction_fp16_scalar_b1_r0_treatment_1785246036205,30,182776.35267758099,182776.35661055701,182776.35464406898,0.0039329760184045881,7.5985031409945805,10305766219,true,true,5dff3859ad319cb37301e68cfc6fde00723e3a42110ca93adb44c05e97098167
softmax_whole_stage_atc_trace_v1,softmax_whole_stage_operand_rate_atc,softmax_whole_stage_operand_rate_atc_v2,20260728_operand_rate_v2_final_reduction_session02_BCA,reduction,fp16_scalar,20260728_operand_rate_v2_final_reduction_session02_BCA_reduction_fp16_scalar,1,0,20260728_operand_rate_v2_final_reduction_session02_BCA_reduction_fp16_scalar_b1_r0_treatment,treatment,treatment,20260728_operand_rate_v2_final_reduction_session02_BCA_reduction_fp16_scalar_b1_r0_treatment_1785246036205,31,182776.60716680801,182776.608618445,182776.60789262649,0.0014516369847115129,7.8517516985011753,10305805453,true,true,5dff3859ad319cb37301e68cfc6fde00723e3a42110ca93adb44c05e97098167
softmax_whole_stage_atc_trace_v1,softmax_whole_stage_operand_rate_atc,softmax_whole_stage_operand_rate_atc_v2,20260728_operand_rate_v2_final_reduction_session02_BCA,reduction,fp16_scalar,20260728_operand_rate_v2_final_reduction_session02_BCA_reduction_fp16_scalar,1,0,20260728_operand_rate_v2_final_reduction_session02_BCA_reduction_fp16_scalar_b1_r0_treatment,treatment,treatment,20260728_operand_rate_v2_final_reduction_session02_BCA_reduction_fp16_scalar_b1_r0_treatment_1785246036205,32,182776.859230223,182776.863094195,182776.86116220901,0.0038639720005448908,8.1050212810223456,10305862973,true,true,5dff3859ad319cb37301e68cfc6fde00723e3a42110ca93adb44c05e97098167
softmax_whole_stage_atc_trace_v1,softmax_whole_stage_operand_rate_atc,softmax_whole_stage_operand_rate_atc_v2,20260728_operand_rate_v2_final_reduction_session02_BCA,reduction,fp16_scalar,20260728_operand_rate_v2_final_reduction_session02_BCA_reduction_fp16_scalar,1,0,20260728_operand_rate_v2_final_reduction_session02_BCA_reduction_fp16_scalar_b1_r0_treatment,treatment,treatment,20260728_operand_rate_v2_final_reduction_session02_BCA_reduction_fp16_scalar_b1_r0_treatment_1785246036205,33,182777.11379068499,182777.11522266301,182777.114506674,0.0014319780166260898,8.358365746011259,10305902255,true,true,5dff3859ad319cb37301e68cfc6fde00723e3a42110ca93adb44c05e97098167
softmax_whole_stage_atc_trace_v1,softmax_whole_stage_operand_rate_atc,softmax_whole_stage_operand_rate_atc_v2,20260728_operand_rate_v2_final_reduction_session02_BCA,reduction,fp16_scalar,20260728_operand_rate_v2_final_reduction_session02_BCA_reduction_fp16_scalar,1,0,20260728_operand_rate_v2_final_reduction_session02_BCA_reduction_fp16_scalar_b1_r0_treatment,treatment,treatment,20260728_operand_rate_v2_final_reduction_session02_BCA_reduction_fp16_scalar_b1_r0_treatment_1785246036205,34,182777.36538586,182777.36969294201,182777.36753940099,0.0043070820102002472,8.6113984730036464,10305959625,true,true,5dff3859ad319cb37301e68cfc6fde00723e3a42110ca93adb44c05e97098167
softmax_whole_stage_atc_trace_v1,softmax_whole_stage_operand_rate_atc,softmax_whole_stage_operand_rate_atc_v2,20260728_operand_rate_v2_final_reduction_session02_BCA,reduction,fp16_scalar,20260728_operand_rate_v2_final_reduction_session02_BCA_reduction_fp16_scalar,1,0,20260728_operand_rate_v2_final_reduction_session02_BCA_reduction_fp16_scalar_b1_r0_treatment,treatment,treatment,20260728_operand_rate_v2_final_reduction_session02_BCA_reduction_fp16_scalar_b1_r0_treatment_1785246036205,35,182777.619860495,182777.62131963001,182777.62059006252,0.0014591350045520812,8.8644491345330607,10305998714,true,true,5dff3859ad319cb37301e68cfc6fde00723e3a42110ca93adb44c05e97098167
softmax_whole_stage_atc_trace_v1,softmax_whole_stage_operand_rate_atc,softmax_whole_stage_operand_rate_atc_v2,20260728_operand_rate_v2_final_reduction_session02_BCA,reduction,fp16_scalar,20260728_operand_rate_v2_final_reduction_session02_BCA_reduction_fp16_scalar,1,0,20260728_operand_rate_v2_final_reduction_session02_BCA_reduction_fp16_scalar_b1_r0_treatment,treatment,treatment,20260728_operand_rate_v2_final_reduction_session02_BCA_reduction_fp16_scalar_b1_r0_treatment_1785246036205,36,182777.87155365499,182777.876050527,182777.873802091,0.0044968720176257193,9.117661163007142,10306056120,true,true,5dff3859ad319cb37301e68cfc6fde00723e3a42110ca93adb44c05e97098167
softmax_whole_stage_atc_trace_v1,softmax_whole_stage_operand_rate_atc,softmax_whole_stage_operand_rate_atc_v2,20260728_operand_rate_v2_final_reduction_session02_BCA,reduction,fp16_scalar,20260728_operand_rate_v2_final_reduction_session02_BCA_reduction_fp16_scalar,1,0,20260728_operand_rate_v2_final_reduction_session02_BCA_reduction_fp16_scalar_b1_r0_treatment,treatment,treatment,20260728_operand_rate_v2_final_reduction_session02_BCA_reduction_fp16_scalar_b1_r0_treatment_1785246036205,37,182778.126759176,182778.12812133899,182778.12744025749,0.0013621629914268851,9.3712993295048364,10306095230,true,true,5dff3859ad319cb37301e68cfc6fde00723e3a42110ca93adb44c05e97098167
softmax_whole_stage_atc_trace_v1,softmax_whole_stage_operand_rate_atc,softmax_whole_stage_operand_rate_atc_v2,20260728_operand_rate_v2_final_reduction_session02_BCA,reduction,fp16_scalar,20260728_operand_rate_v2_final_reduction_session02_BCA_reduction_fp16_scalar,1,0,20260728_operand_rate_v2_final_reduction_session02_BCA_reduction_fp16_scalar_b1_r0_treatment,treatment,treatment,20260728_operand_rate_v2_final_reduction_session02_BCA_reduction_fp16_scalar_b1_r0_treatment_1785246036205,38,182778.37949612399,182778.38256790701,182778.38103201549,0.0030717830231878906,9.6248910875001457,10306152502,true,true,5dff3859ad319cb37301e68cfc6fde00723e3a42110ca93adb44c05e97098167
softmax_whole_stage_atc_trace_v1,softmax_whole_stage_operand_rate_atc,softmax_whole_stage_operand_rate_atc_v2,20260728_operand_rate_v2_final_reduction_session02_BCA,reduction,fp16_scalar,20260728_operand_rate_v2_final_reduction_session02_BCA_reduction_fp16_scalar,1,0,20260728_operand_rate_v2_final_reduction_session02_BCA_reduction_fp16_scalar_b1_r0_treatment,treatment,treatment,20260728_operand_rate_v2_final_reduction_session02_BCA_reduction_fp16_scalar_b1_r0_treatment_1785246036205,39,182778.63327270499,182778.63470559599,182778.63398915049,0.0014328910037875175,9.8778482225025073,10306191620,true,true,5dff3859ad319cb37301e68cfc6fde00723e3a42110ca93adb44c05e97098167
softmax_whole_stage_atc_trace_v1,softmax_whole_stage_operand_rate_atc,softmax_whole_stage_operand_rate_atc_v2,20260728_operand_rate_v2_final_reduction_session02_BCA,reduction,fp16_scalar,20260728_operand_rate_v2_final_reduction_session02_BCA_reduction_fp16_scalar,1,0,20260728_operand_rate_v2_final_reduction_session02_BCA_reduction_fp16_scalar_b1_r0_treatment,treatment,treatment,20260728_operand_rate_v2_final_reduction_session02_BCA_reduction_fp16_scalar_b1_r0_treatment_1785246036205,40,182778.884802118,182778.88907454599,182778.886938332,0.004272427991963923,10.130797404010082,10306248953,true,true,5dff3859ad319cb37301e68cfc6fde00723e3a42110ca93adb44c05e97098167
softmax_whole_stage_atc_trace_v1,softmax_whole_stage_operand_rate_atc,softmax_whole_stage_operand_rate_atc_v2,20260728_operand_rate_v2_final_reduction_session02_BCA,reduction,fp16_scalar,20260728_operand_rate_v2_final_reduction_session02_BCA_reduction_fp16_scalar,1,0,20260728_operand_rate_v2_final_reduction_session02_BCA_reduction_fp16_scalar_b1_r0_treatment,treatment,treatment,20260728_operand_rate_v2_final_reduction_session02_BCA_reduction_fp16_scalar_b1_r0_treatment_1785246036205,41,182779.139864461,182779.14125722501,182779.14056084299,0.0013927640102338046,10.384419915004401,10306288172,true,true,5dff3859ad319cb37301e68cfc6fde00723e3a42110ca93adb44c05e97098167
softmax_whole_stage_atc_trace_v1,softmax_whole_stage_operand_rate_atc,softmax_whole_stage_operand_rate_atc_v2,20260728_operand_rate_v2_final_reduction_session02_BCA,reduction,fp16_scalar,20260728_operand_rate_v2_final_reduction_session02_BCA_reduction_fp16_scalar,1,0,20260728_operand_rate_v2_final_reduction_session02_BCA_reduction_fp16_scalar_b1_r0_treatment,treatment,treatment,20260728_operand_rate_v2_final_reduction_session02_BCA_reduction_fp16_scalar_b1_r0_treatment_1785246036205,42,182779.39211604401,182779.39567309001,182779.39389456701,0.0035570460022427142,10.637753639020957,10306345601,true,true,5dff3859ad319cb37301e68cfc6fde00723e3a42110ca93adb44c05e97098167
softmax_whole_stage_atc_trace_v1,softmax_whole_stage_operand_rate_atc,softmax_whole_stage_operand_rate_atc_v2,20260728_operand_rate_v2_final_reduction_session02_BCA,reduction,fp16_scalar,20260728_operand_rate_v2_final_reduction_session02_BCA_reduction_fp16_scalar,1,0,20260728_operand_rate_v2_final_reduction_session02_BCA_reduction_fp16_scalar_b1_r0_treatment,treatment,treatment,20260728_operand_rate_v2_final_reduction_session02_BCA_reduction_fp16_scalar_b1_r0_treatment_1785246036205,43,182779.645836793,182779.64727089999,182779.64655384648,0.0014341069909278303,10.890412918495713,10306384799,true,true,5dff3859ad319cb37301e68cfc6fde00723e3a42110ca93adb44c05e97098167
softmax_whole_stage_atc_trace_v1,softmax_whole_stage_operand_rate_atc,softmax_whole_stage_operand_rate_atc_v2,20260728_operand_rate_v2_final_reduction_session02_BCA,reduction,fp16_scalar,20260728_operand_rate_v2_final_reduction_session02_BCA_reduction_fp16_scalar,1,0,20260728_operand_rate_v2_final_reduction_session02_BCA_reduction_fp16_scalar_b1_r0_treatment,treatment,treatment,20260728_operand_rate_v2_final_reduction_session02_BCA_reduction_fp16_scalar_b1_r0_treatment_1785246036205,44,182779.89748871201,182779.90205914801,182779.89977393002,0.0045704359945375472,11.14363300203695,10306442397,true,true,5dff3859ad319cb37301e68cfc6fde00723e3a42110ca93adb44c05e97098167
softmax_whole_stage_atc_trace_v1,softmax_whole_stage_operand_rate_atc,softmax_whole_stage_operand_rate_atc_v2,20260728_operand_rate_v2_final_reduction_session02_BCA,reduction,fp16_scalar,20260728_operand_rate_v2_final_reduction_session02_BCA_reduction_fp16_scalar,1,0,20260728_operand_rate_v2_final_reduction_session02_BCA_reduction_fp16_scalar_b1_r0_treatment,treatment,treatment,20260728_operand_rate_v2_final_reduction_session02_BCA_reduction_fp16_scalar_b1_r0_treatment_1785246036205,45,182780.15237008201,182780.15378432799,182780.153077205,0.0014142459840513766,11.396936277014902,10306481647,true,true,5dff3859ad319cb37301e68cfc6fde00723e3a42110ca93adb44c05e97098167
softmax_whole_stage_atc_trace_v1,softmax_whole_stage_operand_rate_atc,softmax_whole_stage_operand_rate_atc_v2,20260728_operand_rate_v2_final_reduction_session02_BCA,reduction,fp16_scalar,20260728_operand_rate_v2_final_reduction_session02_BCA_reduction_fp16_scalar,1,0,20260728_operand_rate_v2_final_reduction_session02_BCA_reduction_fp16_scalar_b1_r0_treatment,treatment,treatment,20260728_operand_rate_v2_final_reduction_session02_BCA_reduction_fp16_scalar_b1_r0_treatment_1785246036205,46,182780.40404429301,182780.40862536899,182780.406334831,0.0045810759766027331,11.650193903013133,10306539228,true,true,5dff3859ad319cb37301e68cfc6fde00723e3a42110ca93adb44c05e97098167
softmax_whole_stage_atc_trace_v1,softmax_whole_stage_operand_rate_atc,softmax_whole_stage_operand_rate_atc_v2,20260728_operand_rate_v2_final_reduction_session02_BCA,reduction,fp16_scalar,20260728_operand_rate_v2_final_reduction_session02_BCA_reduction_fp16_scalar,1,0,20260728_operand_rate_v2_final_reduction_session02_BCA_reduction_fp16_scalar_b1_r0_treatment,treatment,treatment,20260728_operand_rate_v2_final_reduction_session02_BCA_reduction_fp16_scalar_b1_r0_treatment_1785246036205,47,182780.65885098401,182780.66028164499,182780.65956631448,0.0014306609809864312,11.903425386495655,10306578431,true,true,5dff3859ad319cb37301e68cfc6fde00723e3a42110ca93adb44c05e97098167
softmax_whole_stage_atc_trace_v1,softmax_whole_stage_operand_rate_atc,softmax_whole_stage_operand_rate_atc_v2,20260728_operand_rate_v2_final_reduction_session02_BCA,reduction,fp16_scalar,20260728_operand_rate_v2_final_reduction_session02_BCA_reduction_fp16_scalar,1,0,20260728_operand_rate_v2_final_reduction_session02_BCA_reduction_fp16_scalar_b1_r0_treatment,treatment,treatment,20260728_operand_rate_v2_final_reduction_session02_BCA_reduction_fp16_scalar_b1_r0_treatment_1785246036205,48,182780.91065094399,182780.91510404099,182780.91287749249,0.0044530970044434071,12.156736564502353,10306635949,true,true,5dff3859ad319cb37301e68cfc6fde00723e3a42110ca93adb44c05e97098167
softmax_whole_stage_atc_trace_v1,softmax_whole_stage_operand_rate_atc,softmax_whole_stage_operand_rate_atc_v2,20260728_operand_rate_v2_final_reduction_session02_BCA,reduction,fp16_scalar,20260728_operand_rate_v2_final_reduction_session02_BCA_reduction_fp16_scalar,1,0,20260728_operand_rate_v2_final_reduction_session02_BCA_reduction_fp16_scalar_b1_r0_treatment,treatment,treatment,20260728_operand_rate_v2_final_reduction_session02_BCA_reduction_fp16_scalar_b1_r0_treatment_1785246036205,49,182781.166206252,182781.16769142801,182781.16694884002,0.0014851760060992092,12.410807912034215,10306675129,true,true,5dff3859ad319cb37301e68cfc6fde00723e3a42110ca93adb44c05e97098167
softmax_whole_stage_atc_trace_v1,softmax_whole_stage_operand_rate_atc,softmax_whole_stage_operand_rate_atc_v2,20260728_operand_rate_v2_final_reduction_session02_BCA,reduction,fp16_scalar,20260728_operand_rate_v2_final_reduction_session02_BCA_reduction_fp16_scalar,1,0,20260728_operand_rate_v2_final_reduction_session02_BCA_reduction_fp16_scalar_b1_r0_treatment,treatment,treatment,20260728_operand_rate_v2_final_reduction_session02_BCA_reduction_fp16_scalar_b1_r0_treatment_1785246036205,50,182781.41788471901,182781.42150286699,182781.419693793,0.0036181479808874428,12.663552865007659,10306732394,true,true,5dff3859ad319cb37301e68cfc6fde00723e3a42110ca93adb44c05e97098167
softmax_whole_stage_atc_trace_v1,softmax_whole_stage_operand_rate_atc,softmax_whole_stage_operand_rate_atc_v2,20260728_operand_rate_v2_final_reduction_session02_BCA,reduction,fp16_scalar,20260728_operand_rate_v2_final_reduction_session02_BCA_reduction_fp16_scalar,1,0,20260728_operand_rate_v2_final_reduction_session02_BCA_reduction_fp16_scalar_b1_r0_treatment,treatment,treatment,20260728_operand_rate_v2_final_reduction_session02_BCA_reduction_fp16_scalar_b1_r0_treatment_1785246036205,51,182781.67184298299,182781.673271618,182781.67255730048,0.0014286350051406771,12.916416372492677,10306771494,true,true,5dff3859ad319cb37301e68cfc6fde00723e3a42110ca93adb44c05e97098167
softmax_whole_stage_atc_trace_v1,softmax_whole_stage_operand_rate_atc,softmax_whole_stage_operand_rate_atc_v2,20260728_operand_rate_v2_final_reduction_session02_BCA,reduction,fp16_scalar,20260728_operand_rate_v2_final_reduction_session02_BCA_reduction_fp16_scalar,1,0,20260728_operand_rate_v2_final_reduction_session02_BCA_reduction_fp16_scalar_b1_r0_treatment,treatment,treatment,20260728_operand_rate_v2_final_reduction_session02_BCA_reduction_fp16_scalar_b1_r0_treatment_1785246036205,52,182781.92371296199,182781.92795438299,182781.92583367249,0.0042414210038259625,13.169692744500935,10306828841,true,false,5dff3859ad319cb37301e68cfc6fde00723e3a42110ca93adb44c05e97098167
softmax_whole_stage_atc_trace_v1,softmax_whole_stage_operand_rate_atc,softmax_whole_stage_operand_rate_atc_v2,20260728_operand_rate_v2_final_reduction_session02_BCA,reduction,fp16_scalar,20260728_operand_rate_v2_final_reduction_session02_BCA_reduction_fp16_scalar,1,0,20260728_operand_rate_v2_final_reduction_session02_BCA_reduction_fp16_scalar_b1_r0_treatment,treatment,treatment,20260728_operand_rate_v2_final_reduction_session02_BCA_reduction_fp16_scalar_b1_r0_treatment_1785246036205,53,182782.17873973801,182782.18014375001,182782.179441744,0.0014040120004210621,13.423300816008123,10306867960,true,false,5dff3859ad319cb37301e68cfc6fde00723e3a42110ca93adb44c05e97098167
softmax_whole_stage_atc_trace_v1,softmax_whole_stage_operand_rate_atc,softmax_whole_stage_operand_rate_atc_v2,20260728_operand_rate_v2_final_reduction_session02_BCA,reduction,fp16_scalar,20260728_operand_rate_v2_final_reduction_session02_BCA_reduction_fp16_scalar,1,0,20260728_operand_rate_v2_final_reduction_session02_BCA_reduction_fp16_scalar_b1_r0_treatment,treatment,treatment,20260728_operand_rate_v2_final_reduction_session02_BCA_reduction_fp16_scalar_b1_r0_treatment_1785246036205,54,182782.43072512999,182782.43503393501,182782.43287953251,0.0043088050151709467,13.676738604524871,10306914732,true,false,5dff3859ad319cb37301e68cfc6fde00723e3a42110ca93adb44c05e97098167
softmax_whole_stage_atc_trace_v1,softmax_whole_stage_operand_rate_atc,softmax_whole_stage_operand_rate_atc_v2,20260728_operand_rate_v2_final_reduction_session02_BCA,reduction,fp16_scalar,20260728_operand_rate_v2_final_reduction_session02_BCA_reduction_fp16_scalar,1,0,20260728_operand_rate_v2_final_reduction_session02_BCA_reduction_fp16_scalar_b1_r0_treatment,treatment,treatment,20260728_operand_rate_v2_final_reduction_session02_BCA_reduction_fp16_scalar_b1_r0_treatment_1785246036205,55,182782.435056836,182782.437342611,182782.43619972351,0.0022857750009279698,13.6800587955222,10306914732,false,false,5dff3859ad319cb37301e68cfc6fde00723e3a42110ca93adb44c05e97098167
softmax_whole_stage_atc_trace_v1,softmax_whole_stage_operand_rate_atc,softmax_whole_stage_operand_rate_atc_v2,20260728_operand_rate_v2_final_reduction_session02_BCA,reduction,fp16_scalar,20260728_operand_rate_v2_final_reduction_session02_BCA_reduction_fp16_scalar,1,1,20260728_operand_rate_v2_final_reduction_session02_BCA_reduction_fp16_scalar_b1_r1_control,control,control,20260728_operand_rate_v2_final_reduction_session02_BCA_reduction_fp16_scalar_b1_r1_control_1785246050917,0,182783.46124650701,182783.46240570801,182783.46182610752,0.0011592009977903217,0.00060037351795472205,10307046413,false,false,5dff3859ad319cb37301e68cfc6fde00723e3a42110ca93adb44c05e97098167
softmax_whole_stage_atc_trace_v1,softmax_whole_stage_operand_rate_atc,softmax_whole_stage_operand_rate_atc_v2,20260728_operand_rate_v2_final_reduction_session02_BCA,reduction,fp16_scalar,20260728_operand_rate_v2_final_reduction_session02_BCA_reduction_fp16_scalar,1,1,20260728_operand_rate_v2_final_reduction_session02_BCA_reduction_fp16_scalar_b1_r1_control,control,control,20260728_operand_rate_v2_final_reduction_session02_BCA_reduction_fp16_scalar_b1_r1_control_1785246050917,1,182783.715731128,182783.717147836,182783.716439482,0.0014167079934850335,0.25521374799427576,10307101688,true,false,5dff3859ad319cb37301e68cfc6fde00723e3a42110ca93adb44c05e97098167
softmax_whole_stage_atc_trace_v1,softmax_whole_stage_operand_rate_atc,softmax_whole_stage_operand_rate_atc_v2,20260728_operand_rate_v2_final_reduction_session02_BCA,reduction,fp16_scalar,20260728_operand_rate_v2_final_reduction_session02_BCA_reduction_fp16_scalar,1,1,20260728_operand_rate_v2_final_reduction_session02_BCA_reduction_fp16_scalar_b1_r1_control,control,control,20260728_operand_rate_v2_final_reduction_session02_BCA_reduction_fp16_scalar_b1_r1_control_1785246050917,2,182783.97063253401,182783.97412951899,182783.97238102648,0.0034969849803019315,0.51115529247908853,10307142071,true,false,5dff3859ad319cb37301e68cfc6fde00723e3a42110ca93adb44c05e97098167
softmax_whole_stage_atc_trace_v1,softmax_whole_stage_operand_rate_atc,softmax_whole_stage_operand_rate_atc_v2,20260728_operand_rate_v2_final_reduction_session02_BCA,reduction,fp16_scalar,20260728_operand_rate_v2_final_reduction_session02_BCA_reduction_fp16_scalar,1,1,20260728_operand_rate_v2_final_reduction_session02_BCA_reduction_fp16_scalar_b1_r1_control,control,control,20260728_operand_rate_v2_final_reduction_session02_BCA_reduction_fp16_scalar_b1_r1_control_1785246050917,3,182784.225422585,182784.22678164,182784.2261021125,0.0013590549933724105,0.76487637849641033,10307205275,true,true,5dff3859ad319cb37301e68cfc6fde00723e3a42110ca93adb44c05e97098167
softmax_whole_stage_atc_trace_v1,softmax_whole_stage_operand_rate_atc,softmax_whole_stage_operand_rate_atc_v2,20260728_operand_rate_v2_final_reduction_session02_BCA,reduction,fp16_scalar,20260728_operand_rate_v2_final_reduction_session02_BCA_reduction_fp16_scalar,1,1,20260728_operand_rate_v2_final_reduction_session02_BCA_reduction_fp16_scalar_b1_r1_control,control,control,20260728_operand_rate_v2_final_reduction_session02_BCA_reduction_fp16_scalar_b1_r1_control_1785246050917,4,182784.48028163699,182784.48171648299,182784.48099905998,0.0014348459953907877,1.0197733259701636,10307245154,true,true,5dff3859ad319cb37301e68cfc6fde00723e3a42110ca93adb44c05e97098167
softmax_whole_stage_atc_trace_v1,softmax_whole_stage_operand_rate_atc,softmax_whole_stage_operand_rate_atc_v2,20260728_operand_rate_v2_final_reduction_session02_BCA,reduction,fp16_scalar,20260728_operand_rate_v2_final_reduction_session02_BCA_reduction_fp16_scalar,1,1,20260728_operand_rate_v2_final_reduction_session02_BCA_reduction_fp16_scalar_b1_r1_control,control,control,20260728_operand_rate_v2_final_reduction_session02_BCA_reduction_fp16_scalar_b1_r1_control_1785246050917,5,182784.73512863301,182784.73651980699,182784.73582422,0.0013911739806644619,1.2745984859939199,10307308283,true,true,5dff3859ad319cb37301e68cfc6fde00723e3a42110ca93adb44c05e97098167
softmax_whole_stage_atc_trace_v1,softmax_whole_stage_operand_rate_atc,softmax_whole_stage_operand_rate_atc_v2,20260728_operand_rate_v2_final_reduction_session02_BCA,reduction,fp16_scalar,20260728_operand_rate_v2_final_reduction_session02_BCA_reduction_fp16_scalar,1,1,20260728_operand_rate_v2_final_reduction_session02_BCA_reduction_fp16_scalar_b1_r1_control,control,control,20260728_operand_rate_v2_final_reduction_session02_BCA_reduction_fp16_scalar_b1_r1_control_1785246050917,6,182784.98997228401,182784.991351604,182784.990661944,0.0013793199905194342,1.5294362099957652,10307347491,true,true,5dff3859ad319cb37301e68cfc6fde00723e3a42110ca93adb44c05e97098167
softmax_whole_stage_atc_trace_v1,softmax_whole_stage_operand_rate_atc,softmax_whole_stage_operand_rate_atc_v2,20260728_operand_rate_v2_final_reduction_session02_BCA,reduction,fp16_scalar,20260728_operand_rate_v2_final_reduction_session02_BCA_reduction_fp16_scalar,1,1,20260728_operand_rate_v2_final_reduction_session02_BCA_reduction_fp16_scalar_b1_r1_control,control,control,20260728_operand_rate_v2_final_reduction_session02_BCA_reduction_fp16_scalar_b1_r1_control_1785246050917,7,182785.24483204601,182785.24625534,182785.24554369302,0.0014232939865905792,1.7843179590126965,10307409919,true,true,5dff3859ad319cb37301e68cfc6fde00723e3a42110ca93adb44c05e97098167
softmax_whole_stage_atc_trace_v1,softmax_whole_stage_operand_rate_atc,softmax_whole_stage_operand_rate_atc_v2,20260728_operand_rate_v2_final_reduction_session02_BCA,reduction,fp16_scalar,20260728_operand_rate_v2_final_reduction_session02_BCA_reduction_fp16_scalar,1,1,20260728_operand_rate_v2_final_reduction_session02_BCA_reduction_fp16_scalar_b1_r1_control,control,control,20260728_operand_rate_v2_final_reduction_session02_BCA_reduction_fp16_scalar_b1_r1_control_1785246050917,8,182785.496414188,182785.49787294501,182785.49714356649,0.0014587570040021092,2.03591783248703,10307448424,true,true,5dff3859ad319cb37301e68cfc6fde00723e3a42110ca93adb44c05e97098167
softmax_whole_stage_atc_trace_v1,softmax_whole_stage_operand_rate_atc,softmax_whole_stage_operand_rate_atc_v2,20260728_operand_rate_v2_final_reduction_session02_BCA,reduction,fp16_scalar,20260728_operand_rate_v2_final_reduction_session02_BCA_reduction_fp16_scalar,1,1,20260728_operand_rate_v2_final_reduction_session02_BCA_reduction_fp16_scalar_b1_r1_control,control,control,20260728_operand_rate_v2_final_reduction_session02_BCA_reduction_fp16_scalar_b1_r1_control_1785246050917,9,182785.748968734,182785.75036497501,182785.74966685451,0.0013962410157546401,2.2884411205013748,10307510829,true,true,5dff3859ad319cb37301e68cfc6fde00723e3a42110ca93adb44c05e97098167
softmax_whole_stage_atc_trace_v1,softmax_whole_stage_operand_rate_atc,softmax_whole_stage_operand_rate_atc_v2,20260728_operand_rate_v2_final_reduction_session02_BCA,reduction,fp16_scalar,20260728_operand_rate_v2_final_reduction_session02_BCA_reduction_fp16_scalar,1,1,20260728_operand_rate_v2_final_reduction_session02_BCA_reduction_fp16_scalar_b1_r1_control,control,control,20260728_operand_rate_v2_final_reduction_session02_BCA_reduction_fp16_scalar_b1_r1_control_1785246050917,10,182786.00367397699,182786.00508430201,182786.00437913951,0.001410325028700754,2.5431534055096563,10307549816,true,true,5dff3859ad319cb37301e68cfc6fde00723e3a42110ca93adb44c05e97098167
softmax_whole_stage_atc_trace_v1,softmax_whole_stage_operand_rate_atc,softmax_whole_stage_operand_rate_atc_v2,20260728_operand_rate_v2_final_reduction_session02_BCA,reduction,fp16_scalar,20260728_operand_rate_v2_final_reduction_session02_BCA_reduction_fp16_scalar,1,1,20260728_operand_rate_v2_final_reduction_session02_BCA_reduction_fp16_scalar_b1_r1_control,control,control,20260728_operand_rate_v2_final_reduction_session02_BCA_reduction_fp16_scalar_b1_r1_control_1785246050917,11,182786.257634693,182786.25909101899,182786.258362856,0.0014563259901478887,2.7971371219900902,10307612011,true,true,5dff3859ad319cb37301e68cfc6fde00723e3a42110ca93adb44c05e97098167
softmax_whole_stage_atc_trace_v1,softmax_whole_stage_operand_rate_atc,softmax_whole_stage_operand_rate_atc_v2,20260728_operand_rate_v2_final_reduction_session02_BCA,reduction,fp16_scalar,20260728_operand_rate_v2_final_reduction_session02_BCA_reduction_fp16_scalar,1,1,20260728_operand_rate_v2_final_reduction_session02_BCA_reduction_fp16_scalar_b1_r1_control,control,control,20260728_operand_rate_v2_final_reduction_session02_BCA_reduction_fp16_scalar_b1_r1_control_1785246050917,12,182786.512547853,182786.51389556,182786.5132217065,0.0013477070024237037,3.051995972491568,10307650482,true,true,5dff3859ad319cb37301e68cfc6fde00723e3a42110ca93adb44c05e97098167
softmax_whole_stage_atc_trace_v1,softmax_whole_stage_operand_rate_atc,softmax_whole_stage_operand_rate_atc_v2,20260728_operand_rate_v2_final_reduction_session02_BCA,reduction,fp16_scalar,20260728_operand_rate_v2_final_reduction_session02_BCA_reduction_fp16_scalar,1,1,20260728_operand_rate_v2_final_reduction_session02_BCA_reduction_fp16_scalar_b1_r1_control,control,control,20260728_operand_rate_v2_final_reduction_session02_BCA_reduction_fp16_scalar_b1_r1_control_1785246050917,13,182786.767318956,182786.769638358,182786.768478657,0.0023194020031951368,3.3072529229975771,10307712182,true,true,5dff3859ad319cb37301e68cfc6fde00723e3a42110ca93adb44c05e97098167
softmax_whole_stage_atc_trace_v1,softmax_whole_stage_operand_rate_atc,softmax_whole_stage_operand_rate_atc_v2,20260728_operand_rate_v2_final_reduction_session02_BCA,reduction,fp16_scalar,20260728_operand_rate_v2_final_reduction_session02_BCA_reduction_fp16_scalar,1,1,20260728_operand_rate_v2_final_reduction_session02_BCA_reduction_fp16_scalar_b1_r1_control,control,control,20260728_operand_rate_v2_final_reduction_session02_BCA_reduction_fp16_scalar_b1_r1_control_1785246050917,14,182787.023123258,182787.024559927,182787.02384159248,0.0014366690011229366,3.5626158584782388,10307754165,true,true,5dff3859ad319cb37301e68cfc6fde00723e3a42110ca93adb44c05e97098167
softmax_whole_stage_atc_trace_v1,softmax_whole_stage_operand_rate_atc,softmax_whole_stage_operand_rate_atc_v2,20260728_operand_rate_v2_final_reduction_session02_BCA,reduction,fp16_scalar,20260728_operand_rate_v2_final_reduction_session02_BCA_reduction_fp16_scalar,1,1,20260728_operand_rate_v2_final_reduction_session02_BCA_reduction_fp16_scalar_b1_r1_control,control,control,20260728_operand_rate_v2_final_reduction_session02_BCA_reduction_fp16_scalar_b1_r1_control_1785246050917,15,182787.27804117999,182787.27950155799,182787.27877136899,0.0014603780000470579,3.8175456349854358,10307815099,true,true,5dff3859ad319cb37301e68cfc6fde00723e3a42110ca93adb44c05e97098167
softmax_whole_stage_atc_trace_v1,softmax_whole_stage_operand_rate_atc,softmax_whole_stage_operand_rate_atc_v2,20260728_operand_rate_v2_final_reduction_session02_BCA,reduction,fp16_scalar,20260728_operand_rate_v2_final_reduction_session02_BCA_reduction_fp16_scalar,1,1,20260728_operand_rate_v2_final_reduction_session02_BCA_reduction_fp16_scalar_b1_r1_control,control,control,20260728_operand_rate_v2_final_reduction_session02_BCA_reduction_fp16_scalar_b1_r1_control_1785246050917,16,182787.52964895699,182787.53102452701,182787.530336742,0.001375570020172745,4.0691110079933424,10307856390,true,true,5dff3859ad319cb37301e68cfc6fde00723e3a42110ca93adb44c05e97098167
softmax_whole_stage_atc_trace_v1,softmax_whole_stage_operand_rate_atc,softmax_whole_stage_operand_rate_atc_v2,20260728_operand_rate_v2_final_reduction_session02_BCA,reduction,fp16_scalar,20260728_operand_rate_v2_final_reduction_session02_BCA_reduction_fp16_scalar,1,1,20260728_operand_rate_v2_final_reduction_session02_BCA_reduction_fp16_scalar_b1_r1_control,control,control,20260728_operand_rate_v2_final_reduction_session02_BCA_reduction_fp16_scalar_b1_r1_control_1785246050917,17,182787.78408488099,182787.78554971801,182787.78481729951,0.0014648370270151645,4.3235915655095596,10307917331,true,true,5dff3859ad319cb37301e68cfc6fde00723e3a42110ca93adb44c05e97098167
softmax_whole_stage_atc_trace_v1,softmax_whole_stage_operand_rate_atc,softmax_whole_stage_operand_rate_atc_v2,20260728_operand_rate_v2_final_reduction_session02_BCA,reduction,fp16_scalar,20260728_operand_rate_v2_final_reduction_session02_BCA_reduction_fp16_scalar,1,1,20260728_operand_rate_v2_final_reduction_session02_BCA_reduction_fp16_scalar_b1_r1_control,control,control,20260728_operand_rate_v2_final_reduction_session02_BCA_reduction_fp16_scalar_b1_r1_control_1785246050917,18,182788.039028742,182788.04041981499,182788.0397242785,0.001391072990372777,4.5784985444915947,10307958709,true,true,5dff3859ad319cb37301e68cfc6fde00723e3a42110ca93adb44c05e97098167
softmax_whole_stage_atc_trace_v1,softmax_whole_stage_operand_rate_atc,softmax_whole_stage_operand_rate_atc_v2,20260728_operand_rate_v2_final_reduction_session02_BCA,reduction,fp16_scalar,20260728_operand_rate_v2_final_reduction_session02_BCA_reduction_fp16_scalar,1,1,20260728_operand_rate_v2_final_reduction_session02_BCA_reduction_fp16_scalar_b1_r1_control,control,control,20260728_operand_rate_v2_final_reduction_session02_BCA_reduction_fp16_scalar_b1_r1_control_1785246050917,19,182788.292571903,182788.293993272,182788.29328258749,0.0014213690010365099,4.8320568534836639,10308019062,true,true,5dff3859ad319cb37301e68cfc6fde00723e3a42110ca93adb44c05e97098167
softmax_whole_stage_atc_trace_v1,softmax_whole_stage_operand_rate_atc,softmax_whole_stage_operand_rate_atc_v2,20260728_operand_rate_v2_final_reduction_session02_BCA,reduction,fp16_scalar,20260728_operand_rate_v2_final_reduction_session02_BCA_reduction_fp16_scalar,1,1,20260728_operand_rate_v2_final_reduction_session02_BCA_reduction_fp16_scalar_b1_r1_control,control,control,20260728_operand_rate_v2_final_reduction_session02_BCA_reduction_fp16_scalar_b1_r1_control_1785246050917,20,182788.547480807,182788.552335227,182788.54990801698,0.0048544199962634593,5.0886822829779703,10308060077,true,true,5dff3859ad319cb37301e68cfc6fde00723e3a42110ca93adb44c05e97098167
softmax_whole_stage_atc_trace_v1,softmax_whole_stage_operand_rate_atc,softmax_whole_stage_operand_rate_atc_v2,20260728_operand_rate_v2_final_reduction_session02_BCA,reduction,fp16_scalar,20260728_operand_rate_v2_final_reduction_session02_BCA_reduction_fp16_scalar,1,1,20260728_operand_rate_v2_final_reduction_session02_BCA_reduction_fp16_scalar_b1_r1_control,control,control,20260728_operand_rate_v2_final_reduction_session02_BCA_reduction_fp16_scalar_b1_r1_control_1785246050917,21,182788.80582509199,182788.807245245,182788.80653516849,0.0014201530138961971,5.3453094344877172,10308123615,true,true,5dff3859ad319cb37301e68cfc6fde00723e3a42110ca93adb44c05e97098167
softmax_whole_stage_atc_trace_v1,softmax_whole_stage_operand_rate_atc,softmax_whole_stage_operand_rate_atc_v2,20260728_operand_rate_v2_final_reduction_session02_BCA,reduction,fp16_scalar,20260728_operand_rate_v2_final_reduction_session02_BCA_reduction_fp16_scalar,1,1,20260728_operand_rate_v2_final_reduction_session02_BCA_reduction_fp16_scalar_b1_r1_control,control,control,20260728_operand_rate_v2_final_reduction_session02_BCA_reduction_fp16_scalar_b1_r1_control_1785246050917,22,182789.06065293701,182789.062040869,182789.06134690301,0.0013879319885745645,5.6001211690017954,10308163183,true,true,5dff3859ad319cb37301e68cfc6fde00723e3a42110ca93adb44c05e97098167
softmax_whole_stage_atc_trace_v1,softmax_whole_stage_operand_rate_atc,softmax_whole_stage_operand_rate_atc_v2,20260728_operand_rate_v2_final_reduction_session02_BCA,reduction,fp16_scalar,20260728_operand_rate_v2_final_reduction_session02_BCA_reduction_fp16_scalar,1,1,20260728_operand_rate_v2_final_reduction_session02_BCA_reduction_fp16_scalar_b1_r1_control,control,control,20260728_operand_rate_v2_final_reduction_session02_BCA_reduction_fp16_scalar_b1_r1_control_1785246050917,23,182789.315493751,182789.31684855101,182789.316171151,0.0013548000133596361,5.8549454169988167,10308225954,true,true,5dff3859ad319cb37301e68cfc6fde00723e3a42110ca93adb44c05e97098167
softmax_whole_stage_atc_trace_v1,softmax_whole_stage_operand_rate_atc,softmax_whole_stage_operand_rate_atc_v2,20260728_operand_rate_v2_final_reduction_session02_BCA,reduction,fp16_scalar,20260728_operand_rate_v2_final_reduction_session02_BCA_reduction_fp16_scalar,1,1,20260728_operand_rate_v2_final_reduction_session02_BCA_reduction_fp16_scalar_b1_r1_control,control,control,20260728_operand_rate_v2_final_reduction_session02_BCA_reduction_fp16_scalar_b1_r1_control_1785246050917,24,182789.567010539,182789.56838215899,182789.567696349,0.0013716199900954962,6.1064706149918493,10308264831,true,true,5dff3859ad319cb37301e68cfc6fde00723e3a42110ca93adb44c05e97098167
softmax_whole_stage_atc_trace_v1,softmax_whole_stage_operand_rate_atc,softmax_whole_stage_operand_rate_atc_v2,20260728_operand_rate_v2_final_reduction_session02_BCA,reduction,fp16_scalar,20260728_operand_rate_v2_final_reduction_session02_BCA_reduction_fp16_scalar,1,1,20260728_operand_rate_v2_final_reduction_session02_BCA_reduction_fp16_scalar_b1_r1_control,control,control,20260728_operand_rate_v2_final_reduction_session02_BCA_reduction_fp16_scalar_b1_r1_control_1785246050917,25,182789.82098250301,182789.822327373,182789.82165493799,0.0013448699901346117,6.3604292039817665,10308327631,true,true,5dff3859ad319cb37301e68cfc6fde00723e3a42110ca93adb44c05e97098167
softmax_whole_stage_atc_trace_v1,softmax_whole_stage_operand_rate_atc,softmax_whole_stage_operand_rate_atc_v2,20260728_operand_rate_v2_final_reduction_session02_BCA,reduction,fp16_scalar,20260728_operand_rate_v2_final_reduction_session02_BCA_reduction_fp16_scalar,1,1,20260728_operand_rate_v2_final_reduction_session02_BCA_reduction_fp16_scalar_b1_r1_control,control,control,20260728_operand_rate_v2_final_reduction_session02_BCA_reduction_fp16_scalar_b1_r1_control_1785246050917,26,182790.07576049599,182790.077150759,182790.07645562751,0.0013902630016673356,6.6152298935048748,10308366640,true,true,5dff3859ad319cb37301e68cfc6fde00723e3a42110ca93adb44c05e97098167
softmax_whole_stage_atc_trace_v1,softmax_whole_stage_operand_rate_atc,softmax_whole_stage_operand_rate_atc_v2,20260728_operand_rate_v2_final_reduction_session02_BCA,reduction,fp16_scalar,20260728_operand_rate_v2_final_reduction_session02_BCA_reduction_fp16_scalar,1,1,20260728_operand_rate_v2_final_reduction_session02_BCA_reduction_fp16_scalar_b1_r1_control,control,control,20260728_operand_rate_v2_final_reduction_session02_BCA_reduction_fp16_scalar_b1_r1_control_1785246050917,27,182790.33063069501,182790.33540567601,182790.33301818551,0.0047749810037203133,6.8717924515076447,10308428843,true,true,5dff3859ad319cb37301e68cfc6fde00723e3a42110ca93adb44c05e97098167
softmax_whole_stage_atc_trace_v1,softmax_whole_stage_operand_rate_atc,softmax_whole_stage_operand_rate_atc_v2,20260728_operand_rate_v2_final_reduction_session02_BCA,reduction,fp16_scalar,20260728_operand_rate_v2_final_reduction_session02_BCA_reduction_fp16_scalar,1,1,20260728_operand_rate_v2_final_reduction_session02_BCA_reduction_fp16_scalar_b1_r1_control,control,control,20260728_operand_rate_v2_final_reduction_session02_BCA_reduction_fp16_scalar_b1_r1_control_1785246050917,28,182790.58882907301,182790.590173031,182790.58950105199,0.0013439579925034195,7.1282753179839347,10308470726,true,true,5dff3859ad319cb37301e68cfc6fde00723e3a42110ca93adb44c05e97098167
softmax_whole_stage_atc_trace_v1,softmax_whole_stage_operand_rate_atc,softmax_whole_stage_operand_rate_atc_v2,20260728_operand_rate_v2_final_reduction_session02_BCA,reduction,fp16_scalar,20260728_operand_rate_v2_final_reduction_session02_BCA_reduction_fp16_scalar,1,1,20260728_operand_rate_v2_final_reduction_session02_BCA_reduction_fp16_scalar_b1_r1_control,control,control,20260728_operand_rate_v2_final_reduction_session02_BCA_reduction_fp16_scalar_b1_r1_control_1785246050917,29,182790.843633613,182790.84620905999,182790.84492133651,0.002575446997070685,7.3836956025043037,10308531530,true,false,5dff3859ad319cb37301e68cfc6fde00723e3a42110ca93adb44c05e97098167
softmax_whole_stage_atc_trace_v1,softmax_whole_stage_operand_rate_atc,softmax_whole_stage_operand_rate_atc_v2,20260728_operand_rate_v2_final_reduction_session02_BCA,reduction,fp16_scalar,20260728_operand_rate_v2_final_reduction_session02_BCA_reduction_fp16_scalar,1,1,20260728_operand_rate_v2_final_reduction_session02_BCA_reduction_fp16_scalar_b1_r1_control,control,control,20260728_operand_rate_v2_final_reduction_session02_BCA_reduction_fp16_scalar_b1_r1_control_1785246050917,30,182791.09968696901,182791.10092504299,182791.100306006,0.0012380739790387452,7.6390802719979547,10308594094,true,false,5dff3859ad319cb37301e68cfc6fde00723e3a42110ca93adb44c05e97098167
softmax_whole_stage_atc_trace_v1,softmax_whole_stage_operand_rate_atc,softmax_whole_stage_operand_rate_atc_v2,20260728_operand_rate_v2_final_reduction_session02_BCA,reduction,fp16_scalar,20260728_operand_rate_v2_final_reduction_session02_BCA_reduction_fp16_scalar,1,1,20260728_operand_rate_v2_final_reduction_session02_BCA_reduction_fp16_scalar_b1_r1_control,control,control,20260728_operand_rate_v2_final_reduction_session02_BCA_reduction_fp16_scalar_b1_r1_control_1785246050917,31,182791.35274590401,182791.35414467799,182791.353445291,0.0013987739803269506,7.8922195569903124,10308633723,true,false,5dff3859ad319cb37301e68cfc6fde00723e3a42110ca93adb44c05e97098167
softmax_whole_stage_atc_trace_v1,softmax_whole_stage_operand_rate_atc,softmax_whole_stage_operand_rate_atc_v2,20260728_operand_rate_v2_final_reduction_session02_BCA,reduction,fp16_scalar,20260728_operand_rate_v2_final_reduction_session02_BCA_reduction_fp16_scalar,1,1,20260728_operand_rate_v2_final_reduction_session02_BCA_reduction_fp16_scalar_b1_r1_control,control,control,20260728_operand_rate_v2_final_reduction_session02_BCA_reduction_fp16_scalar_b1_r1_control_1785246050917,32,182791.35415055501,182791.355275654,182791.35471310449,0.0011250989919062704,7.8934873704856727,10308633723,false,false,5dff3859ad319cb37301e68cfc6fde00723e3a42110ca93adb44c05e97098167
softmax_whole_stage_atc_trace_v1,softmax_whole_stage_operand_rate_atc,softmax_whole_stage_operand_rate_atc_v2,20260728_operand_rate_v2_final_reduction_session02_BCA,reduction,fp16_scalar,20260728_operand_rate_v2_final_reduction_session02_BCA_reduction_fp16_scalar,1,2,20260728_operand_rate_v2_final_reduction_session02_BCA_reduction_fp16_scalar_b1_r2_treatment,treatment,treatment,20260728_operand_rate_v2_final_reduction_session02_BCA_reduction_fp16_scalar_b1_r2_treatment_1785246059829,0,182792.39105202601,182792.39267602499,182792.3918640255,0.0016239989781752229,0.00088148951181210577,10308766649,false,false,5dff3859ad319cb37301e68cfc6fde00723e3a42110ca93adb44c05e97098167
softmax_whole_stage_atc_trace_v1,softmax_whole_stage_operand_rate_atc,softmax_whole_stage_operand_rate_atc_v2,20260728_operand_rate_v2_final_reduction_session02_BCA,reduction,fp16_scalar,20260728_operand_rate_v2_final_reduction_session02_BCA_reduction_fp16_scalar,1,2,20260728_operand_rate_v2_final_reduction_session02_BCA_reduction_fp16_scalar_b1_r2_treatment,treatment,treatment,20260728_operand_rate_v2_final_reduction_session02_BCA_reduction_fp16_scalar_b1_r2_treatment_1785246059829,1,182792.64610336901,182792.64748628001,182792.64679482451,0.0013829109957441688,0.25581228852388449,10308816445,true,false,5dff3859ad319cb37301e68cfc6fde00723e3a42110ca93adb44c05e97098167
softmax_whole_stage_atc_trace_v1,softmax_whole_stage_operand_rate_atc,softmax_whole_stage_operand_rate_atc_v2,20260728_operand_rate_v2_final_reduction_session02_BCA,reduction,fp16_scalar,20260728_operand_rate_v2_final_reduction_session02_BCA_reduction_fp16_scalar,1,2,20260728_operand_rate_v2_final_reduction_session02_BCA_reduction_fp16_scalar_b1_r2_treatment,treatment,treatment,20260728_operand_rate_v2_final_reduction_session02_BCA_reduction_fp16_scalar_b1_r2_treatment_1785246059829,2,182792.900910586,182792.902291673,182792.9016011295,0.0013810870004817843,0.5106185935146641,10308854933,true,false,5dff3859ad319cb37301e68cfc6fde00723e3a42110ca93adb44c05e97098167
softmax_whole_stage_atc_trace_v1,softmax_whole_stage_operand_rate_atc,softmax_whole_stage_operand_rate_atc_v2,20260728_operand_rate_v2_final_reduction_session02_BCA,reduction,fp16_scalar,20260728_operand_rate_v2_final_reduction_session02_BCA_reduction_fp16_scalar,1,2,20260728_operand_rate_v2_final_reduction_session02_BCA_reduction_fp16_scalar_b1_r2_treatment,treatment,treatment,20260728_operand_rate_v2_final_reduction_session02_BCA_reduction_fp16_scalar_b1_r2_treatment_1785246059829,3,182793.155675966,182793.157094433,182793.15638519952,0.001418466999894008,0.76540266352822073,10308911126,true,true,5dff3859ad319cb37301e68cfc6fde00723e3a42110ca93adb44c05e97098167
softmax_whole_stage_atc_trace_v1,softmax_whole_stage_operand_rate_atc,softmax_whole_stage_operand_rate_atc_v2,20260728_operand_rate_v2_final_reduction_session02_BCA,reduction,fp16_scalar,20260728_operand_rate_v2_final_reduction_session02_BCA_reduction_fp16_scalar,1,2,20260728_operand_rate_v2_final_reduction_session02_BCA_reduction_fp16_scalar_b1_r2_treatment,treatment,treatment,20260728_operand_rate_v2_final_reduction_session02_BCA_reduction_fp16_scalar_b1_r2_treatment_1785246059829,4,182793.410446817,182793.41402717101,182793.41223699402,0.0035803540085908026,1.0212544580281246,10308948963,true,true,5dff3859ad319cb37301e68cfc6fde00723e3a42110ca93adb44c05e97098167
softmax_whole_stage_atc_trace_v1,softmax_whole_stage_operand_rate_atc,softmax_whole_stage_operand_rate_atc_v2,20260728_operand_rate_v2_final_reduction_session02_BCA,reduction,fp16_scalar,20260728_operand_rate_v2_final_reduction_session02_BCA_reduction_fp16_scalar,1,2,20260728_operand_rate_v2_final_reduction_session02_BCA_reduction_fp16_scalar_b1_r2_treatment,treatment,treatment,20260728_operand_rate_v2_final_reduction_session02_BCA_reduction_fp16_scalar_b1_r2_treatment_1785246059829,5,182793.66740153701,182793.668792146,182793.66809684149,0.0013906089880038053,1.2771143054997083,10309008002,true,true,5dff3859ad319cb37301e68cfc6fde00723e3a42110ca93adb44c05e97098167
softmax_whole_stage_atc_trace_v1,softmax_whole_stage_operand_rate_atc,softmax_whole_stage_operand_rate_atc_v2,20260728_operand_rate_v2_final_reduction_session02_BCA,reduction,fp16_scalar,20260728_operand_rate_v2_final_reduction_session02_BCA_reduction_fp16_scalar,1,2,20260728_operand_rate_v2_final_reduction_session02_BCA_reduction_fp16_scalar_b1_r2_treatment,treatment,treatment,20260728_operand_rate_v2_final_reduction_session02_BCA_reduction_fp16_scalar_b1_r2_treatment_1785246059829,6,182793.92226081999,182793.92369336699,182793.92297709349,0.001432546996511519,1.5319945575029124,10309044763,true,true,5dff3859ad319cb37301e68cfc6fde00723e3a42110ca93adb44c05e97098167
softmax_whole_stage_atc_trace_v1,softmax_whole_stage_operand_rate_atc,softmax_whole_stage_operand_rate_atc_v2,20260728_operand_rate_v2_final_reduction_session02_BCA,reduction,fp16_scalar,20260728_operand_rate_v2_final_reduction_session02_BCA_reduction_fp16_scalar,1,2,20260728_operand_rate_v2_final_reduction_session02_BCA_reduction_fp16_scalar_b1_r2_treatment,treatment,treatment,20260728_operand_rate_v2_final_reduction_session02_BCA_reduction_fp16_scalar_b1_r2_treatment_1785246059829,7,182794.17708535801,182794.178451454,182794.17776840599,0.0013660959957633168,1.7867858700046781,10309103100,true,true,5dff3859ad319cb37301e68cfc6fde00723e3a42110ca93adb44c05e97098167
softmax_whole_stage_atc_trace_v1,softmax_whole_stage_operand_rate_atc,softmax_whole_stage_operand_rate_atc_v2,20260728_operand_rate_v2_final_reduction_session02_BCA,reduction,fp16_scalar,20260728_operand_rate_v2_final_reduction_session02_BCA_reduction_fp16_scalar,1,2,20260728_operand_rate_v2_final_reduction_session02_BCA_reduction_fp16_scalar_b1_r2_treatment,treatment,treatment,20260728_operand_rate_v2_final_reduction_session02_BCA_reduction_fp16_scalar_b1_r2_treatment_1785246059829,8,182794.428590586,182794.430024045,182794.4293073155,0.0014334589941427112,2.0383247795107309,10309139153,true,true,5dff3859ad319cb37301e68cfc6fde00723e3a42110ca93adb44c05e97098167
softmax_whole_stage_atc_trace_v1,softmax_whole_stage_operand_rate_atc,softmax_whole_stage_operand_rate_atc_v2,20260728_operand_rate_v2_final_reduction_session02_BCA,reduction,fp16_scalar,20260728_operand_rate_v2_final_reduction_session02_BCA_reduction_fp16_scalar,1,2,20260728_operand_rate_v2_final_reduction_session02_BCA_reduction_fp16_scalar_b1_r2_treatment,treatment,treatment,20260728_operand_rate_v2_final_reduction_session02_BCA_reduction_fp16_scalar_b1_r2_treatment_1785246059829,9,182794.683435485,182794.684841796,182794.6841386405,0.0014063109993003309,2.2931561045115814,10309197393,true,true,5dff3859ad319cb37301e68cfc6fde00723e3a42110ca93adb44c05e97098167
softmax_whole_stage_atc_trace_v1,softmax_whole_stage_operand_rate_atc,softmax_whole_stage_operand_rate_atc_v2,20260728_operand_rate_v2_final_reduction_session02_BCA,reduction,fp16_scalar,20260728_operand_rate_v2_final_reduction_session02_BCA_reduction_fp16_scalar,1,2,20260728_operand_rate_v2_final_reduction_session02_BCA_reduction_fp16_scalar_b1_r2_treatment,treatment,treatment,20260728_operand_rate_v2_final_reduction_session02_BCA_reduction_fp16_scalar_b1_r2_treatment_1785246059829,10,182794.93818324001,182794.93952310001,182794.93885317002,0.0013398599985521287,2.5478706340363715,10309233436,true,true,5dff3859ad319cb37301e68cfc6fde00723e3a42110ca93adb44c05e97098167
softmax_whole_stage_atc_trace_v1,softmax_whole_stage_operand_rate_atc,softmax_whole_stage_operand_rate_atc_v2,20260728_operand_rate_v2_final_reduction_session02_BCA,reduction,fp16_scalar,20260728_operand_rate_v2_final_reduction_session02_BCA_reduction_fp16_scalar,1,2,20260728_operand_rate_v2_final_reduction_session02_BCA_reduction_fp16_scalar_b1_r2_treatment,treatment,treatment,20260728_operand_rate_v2_final_reduction_session02_BCA_reduction_fp16_scalar_b1_r2_treatment_1785246059829,11,182795.19293727601,182795.19649372299,182795.1947154995,0.0035564469872042537,2.8037329635117203,10309291136,true,true,5dff3859ad319cb37301e68cfc6fde00723e3a42110ca93adb44c05e97098167
softmax_whole_stage_atc_trace_v1,softmax_whole_stage_operand_rate_atc,softmax_whole_stage_operand_rate_atc_v2,20260728_operand_rate_v2_final_reduction_session02_BCA,reduction,fp16_scalar,20260728_operand_rate_v2_final_reduction_session02_BCA_reduction_fp16_scalar,1,2,20260728_operand_rate_v2_final_reduction_session02_BCA_reduction_fp16_scalar_b1_r2_treatment,treatment,treatment,20260728_operand_rate_v2_final_reduction_session02_BCA_reduction_fp16_scalar_b1_r2_treatment_1785246059829,12,182795.446655951,182795.448069454,182795.44736270251,0.0014135029923636466,3.056380166526651,10309330189,true,true,5dff3859ad319cb37301e68cfc6fde00723e3a42110ca93adb44c05e97098167
softmax_whole_stage_atc_trace_v1,softmax_whole_stage_operand_rate_atc,softmax_whole_stage_operand_rate_atc_v2,20260728_operand_rate_v2_final_reduction_session02_BCA,reduction,fp16_scalar,20260728_operand_rate_v2_final_reduction_session02_BCA_reduction_fp16_scalar,1,2,20260728_operand_rate_v2_final_reduction_session02_BCA_reduction_fp16_scalar_b1_r2_treatment,treatment,treatment,20260728_operand_rate_v2_final_reduction_session02_BCA_reduction_fp16_scalar_b1_r2_treatment_1785246059829,13,182795.70142295299,182795.70298830001,182795.7022056265,0.001565347018186003,3.3112230905098841,10309387503,true,true,5dff3859ad319cb37301e68cfc6fde00723e3a42110ca93adb44c05e97098167
softmax_whole_stage_atc_trace_v1,softmax_whole_stage_operand_rate_atc,softmax_whole_stage_operand_rate_atc_v2,20260728_operand_rate_v2_final_reduction_session02_BCA,reduction,fp16_scalar,20260728_operand_rate_v2_final_reduction_session02_BCA_reduction_fp16_scalar,1,2,20260728_operand_rate_v2_final_reduction_session02_BCA_reduction_fp16_scalar_b1_r2_treatment,treatment,treatment,20260728_operand_rate_v2_final_reduction_session02_BCA_reduction_fp16_scalar_b1_r2_treatment_1785246059829,14,182795.956376341,182795.95785193899,182795.95711413998,0.001475597993703559,3.56613160399138,10309426561,true,true,5dff3859ad319cb37301e68cfc6fde00723e3a42110ca93adb44c05e97098167
softmax_whole_stage_atc_trace_v1,softmax_whole_stage_operand_rate_atc,softmax_whole_stage_operand_rate_atc_v2,20260728_operand_rate_v2_final_reduction_session02_BCA,reduction,fp16_scalar,20260728_operand_rate_v2_final_reduction_session02_BCA_reduction_fp16_scalar,1,2,20260728_operand_rate_v2_final_reduction_session02_BCA_reduction_fp16_scalar_b1_r2_treatment,treatment,treatment,20260728_operand_rate_v2_final_reduction_session02_BCA_reduction_fp16_scalar_b1_r2_treatment_1785246059829,15,182796.20859480399,182796.21000101301,182796.2092979085,0.0014062090194784105,3.8183153725112788,10309483299,true,true,5dff3859ad319cb37301e68cfc6fde00723e3a42110ca93adb44c05e97098167
softmax_whole_stage_atc_trace_v1,softmax_whole_stage_operand_rate_atc,softmax_whole_stage_operand_rate_atc_v2,20260728_operand_rate_v2_final_reduction_session02_BCA,reduction,fp16_scalar,20260728_operand_rate_v2_final_reduction_session02_BCA_reduction_fp16_scalar,1,2,20260728_operand_rate_v2_final_reduction_session02_BCA_reduction_fp16_scalar_b1_r2_treatment,treatment,treatment,20260728_operand_rate_v2_final_reduction_session02_BCA_reduction_fp16_scalar_b1_r2_treatment_1785246059829,16,182796.463389054,182796.464754947,182796.4640720005,0.001365892996545881,4.073089464509394,10309522221,true,true,5dff3859ad319cb37301e68cfc6fde00723e3a42110ca93adb44c05e97098167
softmax_whole_stage_atc_trace_v1,softmax_whole_stage_operand_rate_atc,softmax_whole_stage_operand_rate_atc_v2,20260728_operand_rate_v2_final_reduction_session02_BCA,reduction,fp16_scalar,20260728_operand_rate_v2_final_reduction_session02_BCA_reduction_fp16_scalar,1,2,20260728_operand_rate_v2_final_reduction_session02_BCA_reduction_fp16_scalar_b1_r2_treatment,treatment,treatment,20260728_operand_rate_v2_final_reduction_session02_BCA_reduction_fp16_scalar_b1_r2_treatment_1785246059829,17,182796.718136201,182796.72032300799,182796.7192296045,0.00218680698890239,4.3282470685080625,10309578886,true,true,5dff3859ad319cb37301e68cfc6fde00723e3a42110ca93adb44c05e97098167
softmax_whole_stage_atc_trace_v1,softmax_whole_stage_operand_rate_atc,softmax_whole_stage_operand_rate_atc_v2,20260728_operand_rate_v2_final_reduction_session02_BCA,reduction,fp16_scalar,20260728_operand_rate_v2_final_reduction_session02_BCA_reduction_fp16_scalar,1,2,20260728_operand_rate_v2_final_reduction_session02_BCA_reduction_fp16_scalar_b1_r2_treatment,treatment,treatment,20260728_operand_rate_v2_final_reduction_session02_BCA_reduction_fp16_scalar_b1_r2_treatment_1785246059829,18,182796.97378611,182796.97914504199,182796.97646557598,0.0053589319868478924,4.5854830399912316,10309637066,true,true,5dff3859ad319cb37301e68cfc6fde00723e3a42110ca93adb44c05e97098167
softmax_whole_stage_atc_trace_v1,softmax_whole_stage_operand_rate_atc,softmax_whole_stage_operand_rate_atc_v2,20260728_operand_rate_v2_final_reduction_session02_BCA,reduction,fp16_scalar,20260728_operand_rate_v2_final_reduction_session02_BCA_reduction_fp16_scalar,1,2,20260728_operand_rate_v2_final_reduction_session02_BCA_reduction_fp16_scalar_b1_r2_treatment,treatment,treatment,20260728_operand_rate_v2_final_reduction_session02_BCA_reduction_fp16_scalar_b1_r2_treatment_1785246059829,19,182797.23249914899,182797.23391700699,182797.23320807799,0.0014178580022417009,4.8422255420009606,10309676100,true,true,5dff3859ad319cb37301e68cfc6fde00723e3a42110ca93adb44c05e97098167
softmax_whole_stage_atc_trace_v1,softmax_whole_stage_operand_rate_atc,softmax_whole_stage_operand_rate_atc_v2,20260728_operand_rate_v2_final_reduction_session02_BCA,reduction,fp16_scalar,20260728_operand_rate_v2_final_reduction_session02_BCA_reduction_fp16_scalar,1,2,20260728_operand_rate_v2_final_reduction_session02_BCA_reduction_fp16_scalar_b1_r2_treatment,treatment,treatment,20260728_operand_rate_v2_final_reduction_session02_BCA_reduction_fp16_scalar_b1_r2_treatment_1785246059829,20,182797.48733229699,182797.48883058599,182797.48808144149,0.0014982889988459647,5.0970989055058453,10309732801,true,true,5dff3859ad319cb37301e68cfc6fde00723e3a42110ca93adb44c05e97098167
softmax_whole_stage_atc_trace_v1,softmax_whole_stage_operand_rate_atc,softmax_whole_stage_operand_rate_atc_v2,20260728_operand_rate_v2_final_reduction_session02_BCA,reduction,fp16_scalar,20260728_operand_rate_v2_final_reduction_session02_BCA_reduction_fp16_scalar,1,2,20260728_operand_rate_v2_final_reduction_session02_BCA_reduction_fp16_scalar_b1_r2_treatment,treatment,treatment,20260728_operand_rate_v2_final_reduction_session02_BCA_reduction_fp16_scalar_b1_r2_treatment_1785246059829,21,182797.74220069699,182797.743721373,182797.74296103499,0.0015206760144792497,5.3519784990057815,10309771148,true,true,5dff3859ad319cb37301e68cfc6fde00723e3a42110ca93adb44c05e97098167
softmax_whole_stage_atc_trace_v1,softmax_whole_stage_operand_rate_atc,softmax_whole_stage_operand_rate_atc_v2,20260728_operand_rate_v2_final_reduction_session02_BCA,reduction,fp16_scalar,20260728_operand_rate_v2_final_reduction_session02_BCA_reduction_fp16_scalar,1,2,20260728_operand_rate_v2_final_reduction_session02_BCA_reduction_fp16_scalar_b1_r2_treatment,treatment,treatment,20260728_operand_rate_v2_final_reduction_session02_BCA_reduction_fp16_scalar_b1_r2_treatment_1785246059829,22,182797.99397648999,182797.99536446601,182797.99467047799,0.0013879760226700455,5.6036879419989418,10309827099,true,true,5dff3859ad319cb37301e68cfc6fde00723e3a42110ca93adb44c05e97098167
softmax_whole_stage_atc_trace_v1,softmax_whole_stage_operand_rate_atc,softmax_whole_stage_operand_rate_atc_v2,20260728_operand_rate_v2_final_reduction_session02_BCA,reduction,fp16_scalar,20260728_operand_rate_v2_final_reduction_session02_BCA_reduction_fp16_scalar,1,2,20260728_operand_rate_v2_final_reduction_session02_BCA_reduction_fp16_scalar_b1_r2_treatment,treatment,treatment,20260728_operand_rate_v2_final_reduction_session02_BCA_reduction_fp16_scalar_b1_r2_treatment_1785246059829,23,182798.24873822401,182798.25021625301,182798.24947723851,0.0014780290075577796,5.8584947025228757,10309865341,true,true,5dff3859ad319cb37301e68cfc6fde00723e3a42110ca93adb44c05e97098167
softmax_whole_stage_atc_trace_v1,softmax_whole_stage_operand_rate_atc,softmax_whole_stage_operand_rate_atc_v2,20260728_operand_rate_v2_final_reduction_session02_BCA,reduction,fp16_scalar,20260728_operand_rate_v2_final_reduction_session02_BCA_reduction_fp16_scalar,1,2,20260728_operand_rate_v2_final_reduction_session02_BCA_reduction_fp16_scalar_b1_r2_treatment,treatment,treatment,20260728_operand_rate_v2_final_reduction_session02_BCA_reduction_fp16_scalar_b1_r2_treatment_1785246059829,24,182798.50357117,182798.50499996901,182798.50428556951,0.0014287990052253008,6.1133030335186049,10309921247,true,true,5dff3859ad319cb37301e68cfc6fde00723e3a42110ca93adb44c05e97098167
softmax_whole_stage_atc_trace_v1,softmax_whole_stage_operand_rate_atc,softmax_whole_stage_operand_rate_atc_v2,20260728_operand_rate_v2_final_reduction_session02_BCA,reduction,fp16_scalar,20260728_operand_rate_v2_final_reduction_session02_BCA_reduction_fp16_scalar,1,2,20260728_operand_rate_v2_final_reduction_session02_BCA_reduction_fp16_scalar_b1_r2_treatment,treatment,treatment,20260728_operand_rate_v2_final_reduction_session02_BCA_reduction_fp16_scalar_b1_r2_treatment_1785246059829,25,182798.75842022299,182798.76095214899,182798.75968618598,0.0025319260021205992,6.3687036499904934,10309958827,true,true,5dff3859ad319cb37301e68cfc6fde00723e3a42110ca93adb44c05e97098167
softmax_whole_stage_atc_trace_v1,softmax_whole_stage_operand_rate_atc,softmax_whole_stage_operand_rate_atc_v2,20260728_operand_rate_v2_final_reduction_session02_BCA,reduction,fp16_scalar,20260728_operand_rate_v2_final_reduction_session02_BCA_reduction_fp16_scalar,1,2,20260728_operand_rate_v2_final_reduction_session02_BCA_reduction_fp16_scalar_b1_r2_treatment,treatment,treatment,20260728_operand_rate_v2_final_reduction_session02_BCA_reduction_fp16_scalar_b1_r2_treatment_1785246059829,26,182799.01436298201,182799.01575197099,182799.0150574765,0.0013889889814890921,6.6240749405114911,10310017758,true,true,5dff3859ad319cb37301e68cfc6fde00723e3a42110ca93adb44c05e97098167
softmax_whole_stage_atc_trace_v1,softmax_whole_stage_operand_rate_atc,softmax_whole_stage_operand_rate_atc_v2,20260728_operand_rate_v2_final_reduction_session02_BCA,reduction,fp16_scalar,20260728_operand_rate_v2_final_reduction_session02_BCA_reduction_fp16_scalar,1,2,20260728_operand_rate_v2_final_reduction_session02_BCA_reduction_fp16_scalar_b1_r2_treatment,treatment,treatment,20260728_operand_rate_v2_final_reduction_session02_BCA_reduction_fp16_scalar_b1_r2_treatment_1785246059829,27,182799.26910202499,182799.27047804801,182799.26979003649,0.001376023021293804,6.8788075004995335,10310054469,true,true,5dff3859ad319cb37301e68cfc6fde00723e3a42110ca93adb44c05e97098167
softmax_whole_stage_atc_trace_v1,softmax_whole_stage_operand_rate_atc,softmax_whole_stage_operand_rate_atc_v2,20260728_operand_rate_v2_final_reduction_session02_BCA,reduction,fp16_scalar,20260728_operand_rate_v2_final_reduction_session02_BCA_reduction_fp16_scalar,1,2,20260728_operand_rate_v2_final_reduction_session02_BCA_reduction_fp16_scalar_b1_r2_treatment,treatment,treatment,20260728_operand_rate_v2_final_reduction_session02_BCA_reduction_fp16_scalar_b1_r2_treatment_1785246059829,28,182799.523857783,182799.525237756,182799.52454776951,0.0013799729931633919,7.1335652335255872,10310112872,true,true,5dff3859ad319cb37301e68cfc6fde00723e3a42110ca93adb44c05e97098167
softmax_whole_stage_atc_trace_v1,softmax_whole_stage_operand_rate_atc,softmax_whole_stage_operand_rate_atc_v2,20260728_operand_rate_v2_final_reduction_session02_BCA,reduction,fp16_scalar,20260728_operand_rate_v2_final_reduction_session02_BCA_reduction_fp16_scalar,1,2,20260728_operand_rate_v2_final_reduction_session02_BCA_reduction_fp16_scalar_b1_r2_treatment,treatment,treatment,20260728_operand_rate_v2_final_reduction_session02_BCA_reduction_fp16_scalar_b1_r2_treatment_1785246059829,29,182799.778586595,182799.78002106701,182799.77930383099,0.0014344720111694187,7.3883212950022426,10310149014,true,true,5dff3859ad319cb37301e68cfc6fde00723e3a42110ca93adb44c05e97098167
softmax_whole_stage_atc_trace_v1,softmax_whole_stage_operand_rate_atc,softmax_whole_stage_operand_rate_atc_v2,20260728_operand_rate_v2_final_reduction_session02_BCA,reduction,fp16_scalar,20260728_operand_rate_v2_final_reduction_session02_BCA_reduction_fp16_scalar,1,2,20260728_operand_rate_v2_final_reduction_session02_BCA_reduction_fp16_scalar_b1_r2_treatment,treatment,treatment,20260728_operand_rate_v2_final_reduction_session02_BCA_reduction_fp16_scalar_b1_r2_treatment_1785246059829,30,182800.030576733,182800.03199074301,182800.031283738,0.0014140100101940334,7.6403012020164169,10310206832,true,true,5dff3859ad319cb37301e68cfc6fde00723e3a42110ca93adb44c05e97098167
softmax_whole_stage_atc_trace_v1,softmax_whole_stage_operand_rate_atc,softmax_whole_stage_operand_rate_atc_v2,20260728_operand_rate_v2_final_reduction_session02_BCA,reduction,fp16_scalar,20260728_operand_rate_v2_final_reduction_session02_BCA_reduction_fp16_scalar,1,2,20260728_operand_rate_v2_final_reduction_session02_BCA_reduction_fp16_scalar_b1_r2_treatment,treatment,treatment,20260728_operand_rate_v2_final_reduction_session02_BCA_reduction_fp16_scalar_b1_r2_treatment_1785246059829,31,182800.28370950499,182800.28512980201,182800.2844196535,0.001420297019649297,7.8934371175128035,10310242920,true,true,5dff3859ad319cb37301e68cfc6fde00723e3a42110ca93adb44c05e97098167
softmax_whole_stage_atc_trace_v1,softmax_whole_stage_operand_rate_atc,softmax_whole_stage_operand_rate_atc_v2,20260728_operand_rate_v2_final_reduction_session02_BCA,reduction,fp16_scalar,20260728_operand_rate_v2_final_reduction_session02_BCA_reduction_fp16_scalar,1,2,20260728_operand_rate_v2_final_reduction_session02_BCA_reduction_fp16_scalar_b1_r2_treatment,treatment,treatment,20260728_operand_rate_v2_final_reduction_session02_BCA_reduction_fp16_scalar_b1_r2_treatment_1785246059829,32,182800.53851086501,182800.54316369799,182800.5408372815,0.0046528329839929938,8.1498547455121297,10310301053,true,true,5dff3859ad319cb37301e68cfc6fde00723e3a42110ca93adb44c05e97098167
softmax_whole_stage_atc_trace_v1,softmax_whole_stage_operand_rate_atc,softmax_whole_stage_operand_rate_atc_v2,20260728_operand_rate_v2_final_reduction_session02_BCA,reduction,fp16_scalar,20260728_operand_rate_v2_final_reduction_session02_BCA_reduction_fp16_scalar,1,2,20260728_operand_rate_v2_final_reduction_session02_BCA_reduction_fp16_scalar_b1_r2_treatment,treatment,treatment,20260728_operand_rate_v2_final_reduction_session02_BCA_reduction_fp16_scalar_b1_r2_treatment_1785246059829,33,182800.79655944899,182800.79785839701,182800.797208923,0.0012989480164833367,8.4062263870146126,10310340251,true,true,5dff3859ad319cb37301e68cfc6fde00723e3a42110ca93adb44c05e97098167
softmax_whole_stage_atc_trace_v1,softmax_whole_stage_operand_rate_atc,softmax_whole_stage_operand_rate_atc_v2,20260728_operand_rate_v2_final_reduction_session02_BCA,reduction,fp16_scalar,20260728_operand_rate_v2_final_reduction_session02_BCA_reduction_fp16_scalar,1,2,20260728_operand_rate_v2_final_reduction_session02_BCA_reduction_fp16_scalar_b1_r2_treatment,treatment,treatment,20260728_operand_rate_v2_final_reduction_session02_BCA_reduction_fp16_scalar_b1_r2_treatment_1785246059829,34,182801.05127714301,182801.05277574999,182801.0520264465,0.0014986069872975349,8.6610439105133992,10310397193,true,true,5dff3859ad319cb37301e68cfc6fde00723e3a42110ca93adb44c05e97098167
softmax_whole_stage_atc_trace_v1,softmax_whole_stage_operand_rate_atc,softmax_whole_stage_operand_rate_atc_v2,20260728_operand_rate_v2_final_reduction_session02_BCA,reduction,fp16_scalar,20260728_operand_rate_v2_final_reduction_session02_BCA_reduction_fp16_scalar,1,2,20260728_operand_rate_v2_final_reduction_session02_BCA_reduction_fp16_scalar_b1_r2_treatment,treatment,treatment,20260728_operand_rate_v2_final_reduction_session02_BCA_reduction_fp16_scalar_b1_r2_treatment_1785246059829,35,182801.30618628999,182801.30749942001,182801.306842855,0.0013131300220265985,8.9158603190153372,10310435749,true,true,5dff3859ad319cb37301e68cfc6fde00723e3a42110ca93adb44c05e97098167
softmax_whole_stage_atc_trace_v1,softmax_whole_stage_operand_rate_atc,softmax_whole_stage_operand_rate_atc_v2,20260728_operand_rate_v2_final_reduction_session02_BCA,reduction,fp16_scalar,20260728_operand_rate_v2_final_reduction_session02_BCA_reduction_fp16_scalar,1,2,20260728_operand_rate_v2_final_reduction_session02_BCA_reduction_fp16_scalar_b1_r2_treatment,treatment,treatment,20260728_operand_rate_v2_final_reduction_session02_BCA_reduction_fp16_scalar_b1_r2_treatment_1785246059829,36,182801.56084837101,182801.56223970299,182801.56154403702,0.0013913319853600115,9.1705615010287147,10310491951,true,true,5dff3859ad319cb37301e68cfc6fde00723e3a42110ca93adb44c05e97098167
softmax_whole_stage_atc_trace_v1,softmax_whole_stage_operand_rate_atc,softmax_whole_stage_operand_rate_atc_v2,20260728_operand_rate_v2_final_reduction_session02_BCA,reduction,fp16_scalar,20260728_operand_rate_v2_final_reduction_session02_BCA_reduction_fp16_scalar,1,2,20260728_operand_rate_v2_final_reduction_session02_BCA_reduction_fp16_scalar_b1_r2_treatment,treatment,treatment,20260728_operand_rate_v2_final_reduction_session02_BCA_reduction_fp16_scalar_b1_r2_treatment_1785246059829,37,182801.815562823,182801.81904515499,182801.817303989,0.0034823319874703884,9.4263214530074038,10310529844,true,true,5dff3859ad319cb37301e68cfc6fde00723e3a42110ca93adb44c05e97098167
softmax_whole_stage_atc_trace_v1,softmax_whole_stage_operand_rate_atc,softmax_whole_stage_operand_rate_atc_v2,20260728_operand_rate_v2_final_reduction_session02_BCA,reduction,fp16_scalar,20260728_operand_rate_v2_final_reduction_session02_BCA_reduction_fp16_scalar,1,2,20260728_operand_rate_v2_final_reduction_session02_BCA_reduction_fp16_scalar_b1_r2_treatment,treatment,treatment,20260728_operand_rate_v2_final_reduction_session02_BCA_reduction_fp16_scalar_b1_r2_treatment_1785246059829,38,182802.070547134,182802.07190058101,182802.07122385752,0.001353447005385533,9.6802413215336856,10310588971,true,true,5dff3859ad319cb37301e68cfc6fde00723e3a42110ca93adb44c05e97098167
softmax_whole_stage_atc_trace_v1,softmax_whole_stage_operand_rate_atc,softmax_whole_stage_operand_rate_atc_v2,20260728_operand_rate_v2_final_reduction_session02_BCA,reduction,fp16_scalar,20260728_operand_rate_v2_final_reduction_session02_BCA_reduction_fp16_scalar,1,2,20260728_operand_rate_v2_final_reduction_session02_BCA_reduction_fp16_scalar_b1_r2_treatment,treatment,treatment,20260728_operand_rate_v2_final_reduction_session02_BCA_reduction_fp16_scalar_b1_r2_treatment_1785246059829,39,182802.325292583,182802.32670194699,182802.325997265,0.0014093639911152422,9.9350147290097084,10310626172,true,true,5dff3859ad319cb37301e68cfc6fde00723e3a42110ca93adb44c05e97098167
softmax_whole_stage_atc_trace_v1,softmax_whole_stage_operand_rate_atc,softmax_whole_stage_operand_rate_atc_v2,20260728_operand_rate_v2_final_reduction_session02_BCA,reduction,fp16_scalar,20260728_operand_rate_v2_final_reduction_session02_BCA_reduction_fp16_scalar,1,2,20260728_operand_rate_v2_final_reduction_session02_BCA_reduction_fp16_scalar_b1_r2_treatment,treatment,treatment,20260728_operand_rate_v2_final_reduction_session02_BCA_reduction_fp16_scalar_b1_r2_treatment_1785246059829,40,182802.58008017301,182802.581504022,182802.58079209749,0.0014238489966373891,10.189809561503353,10310684990,true,true,5dff3859ad319cb37301e68cfc6fde00723e3a42110ca93adb44c05e97098167
softmax_whole_stage_atc_trace_v1,softmax_whole_stage_operand_rate_atc,softmax_whole_stage_operand_rate_atc_v2,20260728_operand_rate_v2_final_reduction_session02_BCA,reduction,fp16_scalar,20260728_operand_rate_v2_final_reduction_session02_BCA_reduction_fp16_scalar,1,2,20260728_operand_rate_v2_final_reduction_session02_BCA_reduction_fp16_scalar_b1_r2_treatment,treatment,treatment,20260728_operand_rate_v2_final_reduction_session02_BCA_reduction_fp16_scalar_b1_r2_treatment_1785246059829,41,182802.83488224799,182802.83637994301,182802.83563109551,0.0014976950187701732,10.444648559525376,10310721514,true,true,5dff3859ad319cb37301e68cfc6fde00723e3a42110ca93adb44c05e97098167
softmax_whole_stage_atc_trace_v1,softmax_whole_stage_operand_rate_atc,softmax_whole_stage_operand_rate_atc_v2,20260728_operand_rate_v2_final_reduction_session02_BCA,reduction,fp16_scalar,20260728_operand_rate_v2_final_reduction_session02_BCA_reduction_fp16_scalar,1,2,20260728_operand_rate_v2_final_reduction_session02_BCA_reduction_fp16_scalar_b1_r2_treatment,treatment,treatment,20260728_operand_rate_v2_final_reduction_session02_BCA_reduction_fp16_scalar_b1_r2_treatment_1785246059829,42,182803.089795042,182803.091162873,182803.09047895751,0.0013678309915121645,10.699496421526419,10310779637,true,true,5dff3859ad319cb37301e68cfc6fde00723e3a42110ca93adb44c05e97098167
softmax_whole_stage_atc_trace_v1,softmax_whole_stage_operand_rate_atc,softmax_whole_stage_operand_rate_atc_v2,20260728_operand_rate_v2_final_reduction_session02_BCA,reduction,fp16_scalar,20260728_operand_rate_v2_final_reduction_session02_BCA_reduction_fp16_scalar,1,2,20260728_operand_rate_v2_final_reduction_session02_BCA_reduction_fp16_scalar_b1_r2_treatment,treatment,treatment,20260728_operand_rate_v2_final_reduction_session02_BCA_reduction_fp16_scalar_b1_r2_treatment_1785246059829,43,182803.34463713001,182803.34605662301,182803.34534687651,0.0014194929972290993,10.954364340519533,10310815487,true,true,5dff3859ad319cb37301e68cfc6fde00723e3a42110ca93adb44c05e97098167
softmax_whole_stage_atc_trace_v1,softmax_whole_stage_operand_rate_atc,softmax_whole_stage_operand_rate_atc_v2,20260728_operand_rate_v2_final_reduction_session02_BCA,reduction,fp16_scalar,20260728_operand_rate_v2_final_reduction_session02_BCA_reduction_fp16_scalar,1,2,20260728_operand_rate_v2_final_reduction_session02_BCA_reduction_fp16_scalar_b1_r2_treatment,treatment,treatment,20260728_operand_rate_v2_final_reduction_session02_BCA_reduction_fp16_scalar_b1_r2_treatment_1785246059829,44,182803.59947162101,182803.60160344301,182803.60053753201,0.0021318219951353967,11.209554996021325,10310872965,true,true,5dff3859ad319cb37301e68cfc6fde00723e3a42110ca93adb44c05e97098167
softmax_whole_stage_atc_trace_v1,softmax_whole_stage_operand_rate_atc,softmax_whole_stage_operand_rate_atc_v2,20260728_operand_rate_v2_final_reduction_session02_BCA,reduction,fp16_scalar,20260728_operand_rate_v2_final_reduction_session02_BCA_reduction_fp16_scalar,1,2,20260728_operand_rate_v2_final_reduction_session02_BCA_reduction_fp16_scalar_b1_r2_treatment,treatment,treatment,20260728_operand_rate_v2_final_reduction_session02_BCA_reduction_fp16_scalar_b1_r2_treatment_1785246059829,45,182803.85499139401,182803.856352134,182803.855671764,0.0013607399887405336,11.464689228014322,10310912030,true,true,5dff3859ad319cb37301e68cfc6fde00723e3a42110ca93adb44c05e97098167
softmax_whole_stage_atc_trace_v1,softmax_whole_stage_operand_rate_atc,softmax_whole_stage_operand_rate_atc_v2,20260728_operand_rate_v2_final_reduction_session02_BCA,reduction,fp16_scalar,20260728_operand_rate_v2_final_reduction_session02_BCA_reduction_fp16_scalar,1,2,20260728_operand_rate_v2_final_reduction_session02_BCA_reduction_fp16_scalar_b1_r2_treatment,treatment,treatment,20260728_operand_rate_v2_final_reduction_session02_BCA_reduction_fp16_scalar_b1_r2_treatment_1785246059829,46,182804.107359677,182804.108755061,182804.10805736901,0.0013953839952591807,11.717074833024526,10310968789,true,true,5dff3859ad319cb37301e68cfc6fde00723e3a42110ca93adb44c05e97098167
softmax_whole_stage_atc_trace_v1,softmax_whole_stage_operand_rate_atc,softmax_whole_stage_operand_rate_atc_v2,20260728_operand_rate_v2_final_reduction_session02_BCA,reduction,fp16_scalar,20260728_operand_rate_v2_final_reduction_session02_BCA_reduction_fp16_scalar,1,2,20260728_operand_rate_v2_final_reduction_session02_BCA_reduction_fp16_scalar_b1_r2_treatment,treatment,treatment,20260728_operand_rate_v2_final_reduction_session02_BCA_reduction_fp16_scalar_b1_r2_treatment_1785246059829,47,182804.36149865299,182804.36300688301,182804.36225276801,0.0015082300233189017,11.971270232024835,10311007744,true,true,5dff3859ad319cb37301e68cfc6fde00723e3a42110ca93adb44c05e97098167
softmax_whole_stage_atc_trace_v1,softmax_whole_stage_operand_rate_atc,softmax_whole_stage_operand_rate_atc_v2,20260728_operand_rate_v2_final_reduction_session02_BCA,reduction,fp16_scalar,20260728_operand_rate_v2_final_reduction_session02_BCA_reduction_fp16_scalar,1,2,20260728_operand_rate_v2_final_reduction_session02_BCA_reduction_fp16_scalar_b1_r2_treatment,treatment,treatment,20260728_operand_rate_v2_final_reduction_session02_BCA_reduction_fp16_scalar_b1_r2_treatment_1785246059829,48,182804.616421577,182804.619016738,182804.61771915748,0.0025951610004995018,12.226736621494638,10311064514,true,true,5dff3859ad319cb37301e68cfc6fde00723e3a42110ca93adb44c05e97098167
softmax_whole_stage_atc_trace_v1,softmax_whole_stage_operand_rate_atc,softmax_whole_stage_operand_rate_atc_v2,20260728_operand_rate_v2_final_reduction_session02_BCA,reduction,fp16_scalar,20260728_operand_rate_v2_final_reduction_session02_BCA_reduction_fp16_scalar,1,2,20260728_operand_rate_v2_final_reduction_session02_BCA_reduction_fp16_scalar_b1_r2_treatment,treatment,treatment,20260728_operand_rate_v2_final_reduction_session02_BCA_reduction_fp16_scalar_b1_r2_treatment_1785246059829,49,182804.87237855399,182804.87801712099,182804.87519783748,0.0056385670031886548,12.484215301490622,10311122856,true,true,5dff3859ad319cb37301e68cfc6fde00723e3a42110ca93adb44c05e97098167
softmax_whole_stage_atc_trace_v1,softmax_whole_stage_operand_rate_atc,softmax_whole_stage_operand_rate_atc_v2,20260728_operand_rate_v2_final_reduction_session02_BCA,reduction,fp16_scalar,20260728_operand_rate_v2_final_reduction_session02_BCA_reduction_fp16_scalar,1,2,20260728_operand_rate_v2_final_reduction_session02_BCA_reduction_fp16_scalar_b1_r2_treatment,treatment,treatment,20260728_operand_rate_v2_final_reduction_session02_BCA_reduction_fp16_scalar_b1_r2_treatment_1785246059829,50,182805.131375189,182805.132789617,182805.132082403,0.001414427999407053,12.741099867009325,10311161980,true,true,5dff3859ad319cb37301e68cfc6fde00723e3a42110ca93adb44c05e97098167
softmax_whole_stage_atc_trace_v1,softmax_whole_stage_operand_rate_atc,softmax_whole_stage_operand_rate_atc_v2,20260728_operand_rate_v2_final_reduction_session02_BCA,reduction,fp16_scalar,20260728_operand_rate_v2_final_reduction_session02_BCA_reduction_fp16_scalar,1,2,20260728_operand_rate_v2_final_reduction_session02_BCA_reduction_fp16_scalar_b1_r2_treatment,treatment,treatment,20260728_operand_rate_v2_final_reduction_session02_BCA_reduction_fp16_scalar_b1_r2_treatment_1785246059829,51,182805.38333128899,182805.38482189301,182805.384076591,0.0014906040159985423,12.99309405501117,10311218768,true,false,5dff3859ad319cb37301e68cfc6fde00723e3a42110ca93adb44c05e97098167
softmax_whole_stage_atc_trace_v1,softmax_whole_stage_operand_rate_atc,softmax_whole_stage_operand_rate_atc_v2,20260728_operand_rate_v2_final_reduction_session02_BCA,reduction,fp16_scalar,20260728_operand_rate_v2_final_reduction_session02_BCA_reduction_fp16_scalar,1,2,20260728_operand_rate_v2_final_reduction_session02_BCA_reduction_fp16_scalar_b1_r2_treatment,treatment,treatment,20260728_operand_rate_v2_final_reduction_session02_BCA_reduction_fp16_scalar_b1_r2_treatment_1785246059829,52,182805.63821187001,182805.639703386,182805.63895762799,0.0014915159845259041,13.247975092002889,10311257735,true,false,5dff3859ad319cb37301e68cfc6fde00723e3a42110ca93adb44c05e97098167
softmax_whole_stage_atc_trace_v1,softmax_whole_stage_operand_rate_atc,softmax_whole_stage_operand_rate_atc_v2,20260728_operand_rate_v2_final_reduction_session02_BCA,reduction,fp16_scalar,20260728_operand_rate_v2_final_reduction_session02_BCA_reduction_fp16_scalar,1,2,20260728_operand_rate_v2_final_reduction_session02_BCA_reduction_fp16_scalar_b1_r2_treatment,treatment,treatment,20260728_operand_rate_v2_final_reduction_session02_BCA_reduction_fp16_scalar_b1_r2_treatment_1785246059829,53,182805.89331469999,182805.89514262701,182805.8942286635,0.0018279270152561367,13.503246127511375,10311312040,true,false,5dff3859ad319cb37301e68cfc6fde00723e3a42110ca93adb44c05e97098167
softmax_whole_stage_atc_trace_v1,softmax_whole_stage_operand_rate_atc,softmax_whole_stage_operand_rate_atc_v2,20260728_operand_rate_v2_final_reduction_session02_BCA,reduction,fp16_scalar,20260728_operand_rate_v2_final_reduction_session02_BCA_reduction_fp16_scalar,1,2,20260728_operand_rate_v2_final_reduction_session02_BCA_reduction_fp16_scalar_b1_r2_treatment,treatment,treatment,20260728_operand_rate_v2_final_reduction_session02_BCA_reduction_fp16_scalar_b1_r2_treatment_1785246059829,54,182805.895157113,182805.89665480799,182805.8959059605,0.0014976949896663427,13.504923424508888,10311312040,false,false,5dff3859ad319cb37301e68cfc6fde00723e3a42110ca93adb44c05e97098167
softmax_whole_stage_atc_trace_v1,softmax_whole_stage_operand_rate_atc,softmax_whole_stage_operand_rate_atc_v2,20260728_operand_rate_v2_final_reduction_session02_BCA,reduction,fp16x2,20260728_operand_rate_v2_final_reduction_session02_BCA_reduction_fp16x2,0,0,20260728_operand_rate_v2_final_reduction_session02_BCA_reduction_fp16x2_b0_r0_control,control,control,20260728_operand_rate_v2_final_reduction_session02_BCA_reduction_fp16x2_b0_r0_control_1785246073911,0,182806.93548823401,182806.93687652799,182806.936182381,0.0013882939820177853,0.00072706799255684018,10311444341,false,false,5dff3859ad319cb37301e68cfc6fde00723e3a42110ca93adb44c05e97098167
softmax_whole_stage_atc_trace_v1,softmax_whole_stage_operand_rate_atc,softmax_whole_stage_operand_rate_atc_v2,20260728_operand_rate_v2_final_reduction_session02_BCA,reduction,fp16x2,20260728_operand_rate_v2_final_reduction_session02_BCA_reduction_fp16x2,0,0,20260728_operand_rate_v2_final_reduction_session02_BCA_reduction_fp16x2_b0_r0_control,control,control,20260728_operand_rate_v2_final_reduction_session02_BCA_reduction_fp16x2_b0_r0_control_1785246073911,1,182807.19023044201,182807.19160992201,182807.19092018201,0.0013794800033792853,0.25546486899838783,10311482835,true,false,5dff3859ad319cb37301e68cfc6fde00723e3a42110ca93adb44c05e97098167
softmax_whole_stage_atc_trace_v1,softmax_whole_stage_operand_rate_atc,softmax_whole_stage_operand_rate_atc_v2,20260728_operand_rate_v2_final_reduction_session02_BCA,reduction,fp16x2,20260728_operand_rate_v2_final_reduction_session02_BCA_reduction_fp16x2,0,0,20260728_operand_rate_v2_final_reduction_session02_BCA_reduction_fp16x2_b0_r0_control,control,control,20260728_operand_rate_v2_final_reduction_session02_BCA_reduction_fp16x2_b0_r0_control_1785246073911,2,182807.44497812001,182807.44968099499,182807.4473295575,0.0047028749831952155,0.51187424449017271,10311549934,true,false,5dff3859ad319cb37301e68cfc6fde00723e3a42110ca93adb44c05e97098167
softmax_whole_stage_atc_trace_v1,softmax_whole_stage_operand_rate_atc,softmax_whole_stage_operand_rate_atc_v2,20260728_operand_rate_v2_final_reduction_session02_BCA,reduction,fp16x2,20260728_operand_rate_v2_final_reduction_session02_BCA_reduction_fp16x2,0,0,20260728_operand_rate_v2_final_reduction_session02_BCA_reduction_fp16x2_b0_r0_control,control,control,20260728_operand_rate_v2_final_reduction_session02_BCA_reduction_fp16x2_b0_r0_control_1785246073911,3,182807.703099943,182807.70451609301,182807.70380801801,0.001416150014847517,0.76835270499577746,10311595398,true,true,5dff3859ad319cb37301e68cfc6fde00723e3a42110ca93adb44c05e97098167
softmax_whole_stage_atc_trace_v1,softmax_whole_stage_operand_rate_atc,softmax_whole_stage_operand_rate_atc_v2,20260728_operand_rate_v2_final_reduction_session02_BCA,reduction,fp16x2,20260728_operand_rate_v2_final_reduction_session02_BCA_reduction_fp16x2,0,0,20260728_operand_rate_v2_final_reduction_session02_BCA_reduction_fp16x2_b0_r0_control,control,control,20260728_operand_rate_v2_final_reduction_session02_BCA_reduction_fp16x2_b0_r0_control_1785246073911,4,182807.95787051399,182807.96028718801,182807.95907885098,0.0024166740186046809,1.0236235379707068,10311661388,true,true,5dff3859ad319cb37301e68cfc6fde00723e3a42110ca93adb44c05e97098167
softmax_whole_stage_atc_trace_v1,softmax_whole_stage_operand_rate_atc,softmax_whole_stage_operand_rate_atc_v2,20260728_operand_rate_v2_final_reduction_session02_BCA,reduction,fp16x2,20260728_operand_rate_v2_final_reduction_session02_BCA_reduction_fp16x2,0,0,20260728_operand_rate_v2_final_reduction_session02_BCA_reduction_fp16x2_b0_r0_control,control,control,20260728_operand_rate_v2_final_reduction_session02_BCA_reduction_fp16x2_b0_r0_control_1785246073911,5,182808.211097908,182808.212508486,182808.21180319699,0.001410577999195084,1.2763478839769959,10311706067,true,true,5dff3859ad319cb37301e68cfc6fde00723e3a42110ca93adb44c05e97098167
softmax_whole_stage_atc_trace_v1,softmax_whole_stage_operand_rate_atc,softmax_whole_stage_operand_rate_atc_v2,20260728_operand_rate_v2_final_reduction_session02_BCA,reduction,fp16x2,20260728_operand_rate_v2_final_reduction_session02_BCA_reduction_fp16x2,0,0,20260728_operand_rate_v2_final_reduction_session02_BCA_reduction_fp16x2_b0_r0_control,control,control,20260728_operand_rate_v2_final_reduction_session02_BCA_reduction_fp16x2_b0_r0_control_1785246073911,6,182808.46596114,182808.467411438,182808.466686289,0.00145029800478369,1.5312309759901837,10311771658,true,true,5dff3859ad319cb37301e68cfc6fde00723e3a42110ca93adb44c05e97098167
softmax_whole_stage_atc_trace_v1,softmax_whole_stage_operand_rate_atc,softmax_whole_stage_operand_rate_atc_v2,20260728_operand_rate_v2_final_reduction_session02_BCA,reduction,fp16x2,20260728_operand_rate_v2_final_reduction_session02_BCA_reduction_fp16x2,0,0,20260728_operand_rate_v2_final_reduction_session02_BCA_reduction_fp16x2_b0_r0_control,control,control,20260728_operand_rate_v2_final_reduction_session02_BCA_reduction_fp16x2_b0_r0_control_1785246073911,7,182808.72089170499,182808.72634420401,182808.7236179545,0.0054524990264326334,1.7881626414891798,10311838915,true,true,5dff3859ad319cb37301e68cfc6fde00723e3a42110ca93adb44c05e97098167
softmax_whole_stage_atc_trace_v1,softmax_whole_stage_operand_rate_atc,softmax_whole_stage_operand_rate_atc_v2,20260728_operand_rate_v2_final_reduction_session02_BCA,reduction,fp16x2,20260728_operand_rate_v2_final_reduction_session02_BCA_reduction_fp16x2,0,0,20260728_operand_rate_v2_final_reduction_session02_BCA_reduction_fp16x2_b0_r0_control,control,control,20260728_operand_rate_v2_final_reduction_session02_BCA_reduction_fp16x2_b0_r0_control_1785246073911,8,182808.97981231101,182808.98123697101,182808.980524641,0.0014246600039768964,2.0450693279854022,10311884113,true,true,5dff3859ad319cb37301e68cfc6fde00723e3a42110ca93adb44c05e97098167
softmax_whole_stage_atc_trace_v1,softmax_whole_stage_operand_rate_atc,softmax_whole_stage_operand_rate_atc_v2,20260728_operand_rate_v2_final_reduction_session02_BCA,reduction,fp16x2,20260728_operand_rate_v2_final_reduction_session02_BCA_reduction_fp16x2,0,0,20260728_operand_rate_v2_final_reduction_session02_BCA_reduction_fp16x2_b0_r0_control,control,control,20260728_operand_rate_v2_final_reduction_session02_BCA_reduction_fp16x2_b0_r0_control_1785246073911,9,182809.234737505,182809.23620229299,182809.23546989899,0.0014647879870608449,2.3000145859841723,10311949878,true,true,5dff3859ad319cb37301e68cfc6fde00723e3a42110ca93adb44c05e97098167
softmax_whole_stage_atc_trace_v1,softmax_whole_stage_operand_rate_atc,softmax_whole_stage_operand_rate_atc_v2,20260728_operand_rate_v2_final_reduction_session02_BCA,reduction,fp16x2,20260728_operand_rate_v2_final_reduction_session02_BCA_reduction_fp16x2,0,0,20260728_operand_rate_v2_final_reduction_session02_BCA_reduction_fp16x2_b0_r0_control,control,control,20260728_operand_rate_v2_final_reduction_session02_BCA_reduction_fp16x2_b0_r0_control_1785246073911,10,182809.48968266099,182809.492139412,182809.4909110365,0.0024567510117776692,2.5554557234863751,10311994356,true,true,5dff3859ad319cb37301e68cfc6fde00723e3a42110ca93adb44c05e97098167
softmax_whole_stage_atc_trace_v1,softmax_whole_stage_operand_rate_atc,softmax_whole_stage_operand_rate_atc_v2,20260728_operand_rate_v2_final_reduction_session02_BCA,reduction,fp16x2,20260728_operand_rate_v2_final_reduction_session02_BCA_reduction_fp16x2,0,0,20260728_operand_rate_v2_final_reduction_session02_BCA_reduction_fp16x2_b0_r0_control,control,control,20260728_operand_rate_v2_final_reduction_session02_BCA_reduction_fp16x2_b0_r0_control_1785246073911,11,182809.745609445,182809.746995091,182809.746302268,0.0013856459991075099,2.8108469549915753,10312059145,true,true,5dff3859ad319cb37301e68cfc6fde00723e3a42110ca93adb44c05e97098167
softmax_whole_stage_atc_trace_v1,softmax_whole_stage_operand_rate_atc,softmax_whole_stage_operand_rate_atc_v2,20260728_operand_rate_v2_final_reduction_session02_BCA,reduction,fp16x2,20260728_operand_rate_v2_final_reduction_session02_BCA_reduction_fp16x2,0,0,20260728_operand_rate_v2_final_reduction_session02_BCA_reduction_fp16x2_b0_r0_control,control,control,20260728_operand_rate_v2_final_reduction_session02_BCA_reduction_fp16x2_b0_r0_control_1785246073911,12,182810.000514777,182810.002247595,182810.00138118601,0.001732817996526137,3.0659258730011061,10312102619,true,true,5dff3859ad319cb37301e68cfc6fde00723e3a42110ca93adb44c05e97098167
softmax_whole_stage_atc_trace_v1,softmax_whole_stage_operand_rate_atc,softmax_whole_stage_operand_rate_atc_v2,20260728_operand_rate_v2_final_reduction_session02_BCA,reduction,fp16x2,20260728_operand_rate_v2_final_reduction_session02_BCA_reduction_fp16x2,0,0,20260728_operand_rate_v2_final_reduction_session02_BCA_reduction_fp16x2_b0_r0_control,control,control,20260728_operand_rate_v2_final_reduction_session02_BCA_reduction_fp16x2_b0_r0_control_1785246073911,13,182810.25330272701,182810.25467550399,182810.2539891155,0.0013727769837714732,3.3185338024923112,10312171121,true,true,5dff3859ad319cb37301e68cfc6fde00723e3a42110ca93adb44c05e97098167
softmax_whole_stage_atc_trace_v1,softmax_whole_stage_operand_rate_atc,softmax_whole_stage_operand_rate_atc_v2,20260728_operand_rate_v2_final_reduction_session02_BCA,reduction,fp16x2,20260728_operand_rate_v2_final_reduction_session02_BCA_reduction_fp16x2,0,0,20260728_operand_rate_v2_final_reduction_session02_BCA_reduction_fp16x2_b0_r0_control,control,control,20260728_operand_rate_v2_final_reduction_session02_BCA_reduction_fp16x2_b0_r0_control_1785246073911,14,182810.50807419699,182810.50946116101,182810.50876767898,0.001386964024277404,3.5733123659738339,10312214256,true,true,5dff3859ad319cb37301e68cfc6fde00723e3a42110ca93adb44c05e97098167
softmax_whole_stage_atc_trace_v1,softmax_whole_stage_operand_rate_atc,softmax_whole_stage_operand_rate_atc_v2,20260728_operand_rate_v2_final_reduction_session02_BCA,reduction,fp16x2,20260728_operand_rate_v2_final_reduction_session02_BCA_reduction_fp16x2,0,0,20260728_operand_rate_v2_final_reduction_session02_BCA_reduction_fp16x2_b0_r0_control,control,control,20260728_operand_rate_v2_final_reduction_session02_BCA_reduction_fp16x2_b0_r0_control_1785246073911,15,182810.76296899101,182810.76444056901,182810.76370478002,0.0014715779980178922,3.8282494670129381,10312282512,true,true,5dff3859ad319cb37301e68cfc6fde00723e3a42110ca93adb44c05e97098167
softmax_whole_stage_atc_trace_v1,softmax_whole_stage_operand_rate_atc,softmax_whole_stage_operand_rate_atc_v2,20260728_operand_rate_v2_final_reduction_session02_BCA,reduction,fp16x2,20260728_operand_rate_v2_final_reduction_session02_BCA_reduction_fp16x2,0,0,20260728_operand_rate_v2_final_reduction_session02_BCA_reduction_fp16x2_b0_r0_control,control,control,20260728_operand_rate_v2_final_reduction_session02_BCA_reduction_fp16x2_b0_r0_control_1785246073911,16,182811.01794657399,182811.01939443999,182811.01867050701,0.0014478660013992339,4.0832151939976029,10312324843,true,true,5dff3859ad319cb37301e68cfc6fde00723e3a42110ca93adb44c05e97098167
softmax_whole_stage_atc_trace_v1,softmax_whole_stage_operand_rate_atc,softmax_whole_stage_operand_rate_atc_v2,20260728_operand_rate_v2_final_reduction_session02_BCA,reduction,fp16x2,20260728_operand_rate_v2_final_reduction_session02_BCA_reduction_fp16x2,0,0,20260728_operand_rate_v2_final_reduction_session02_BCA_reduction_fp16x2_b0_r0_control,control,control,20260728_operand_rate_v2_final_reduction_session02_BCA_reduction_fp16x2_b0_r0_control_1785246073911,17,182811.27290520901,182811.27436817301,182811.27363669101,0.0014629639917984605,4.3381813779997174,10312392227,true,true,5dff3859ad319cb37301e68cfc6fde00723e3a42110ca93adb44c05e97098167
softmax_whole_stage_atc_trace_v1,softmax_whole_stage_operand_rate_atc,softmax_whole_stage_operand_rate_atc_v2,20260728_operand_rate_v2_final_reduction_session02_BCA,reduction,fp16x2,20260728_operand_rate_v2_final_reduction_session02_BCA_reduction_fp16x2,0,0,20260728_operand_rate_v2_final_reduction_session02_BCA_reduction_fp16x2_b0_r0_control,control,control,20260728_operand_rate_v2_final_reduction_session02_BCA_reduction_fp16x2_b0_r0_control_1785246073911,18,182811.527779128,182811.52916173401,182811.52847043099,0.0013826060167048126,4.5930151179782115,10312433749,true,true,5dff3859ad319cb37301e68cfc6fde00723e3a42110ca93adb44c05e97098167
softmax_whole_stage_atc_trace_v1,softmax_whole_stage_operand_rate_atc,softmax_whole_stage_operand_rate_atc_v2,20260728_operand_rate_v2_final_reduction_session02_BCA,reduction,fp16x2,20260728_operand_rate_v2_final_reduction_session02_BCA_reduction_fp16x2,0,0,20260728_operand_rate_v2_final_reduction_session02_BCA_reduction_fp16x2_b0_r0_control,control,control,20260728_operand_rate_v2_final_reduction_session02_BCA_reduction_fp16x2_b0_r0_control_1785246073911,19,182811.782635718,182811.784985156,182811.78381043702,0.0023494380002375692,4.8483551240060478,10312500428,true,true,5dff3859ad319cb37301e68cfc6fde00723e3a42110ca93adb44c05e97098167
softmax_whole_stage_atc_trace_v1,softmax_whole_stage_operand_rate_atc,softmax_whole_stage_operand_rate_atc_v2,20260728_operand_rate_v2_final_reduction_session02_BCA,reduction,fp16x2,20260728_operand_rate_v2_final_reduction_session02_BCA_reduction_fp16x2,0,0,20260728_operand_rate_v2_final_reduction_session02_BCA_reduction_fp16x2_b0_r0_control,control,control,20260728_operand_rate_v2_final_reduction_session02_BCA_reduction_fp16x2_b0_r0_control_1785246073911,20,182812.038454175,182812.03985877099,182812.03915647301,0.0014045959978830069,5.1037011599983089,10312545661,true,true,5dff3859ad319cb37301e68cfc6fde00723e3a42110ca93adb44c05e97098167
softmax_whole_stage_atc_trace_v1,softmax_whole_stage_operand_rate_atc,softmax_whole_stage_operand_rate_atc_v2,20260728_operand_rate_v2_final_reduction_session02_BCA,reduction,fp16x2,20260728_operand_rate_v2_final_reduction_session02_BCA_reduction_fp16x2,0,0,20260728_operand_rate_v2_final_reduction_session02_BCA_reduction_fp16x2_b0_r0_control,control,control,20260728_operand_rate_v2_final_reduction_session02_BCA_reduction_fp16x2_b0_r0_control_1785246073911,21,182812.29169934601,182812.29303047399,182812.29236491001,0.0013311279763001949,5.3569095970015042,10312611549,true,true,5dff3859ad319cb37301e68cfc6fde00723e3a42110ca93adb44c05e97098167
softmax_whole_stage_atc_trace_v1,softmax_whole_stage_operand_rate_atc,softmax_whole_stage_operand_rate_atc_v2,20260728_operand_rate_v2_final_reduction_session02_BCA,reduction,fp16x2,20260728_operand_rate_v2_final_reduction_session02_BCA_reduction_fp16x2,0,0,20260728_operand_rate_v2_final_reduction_session02_BCA_reduction_fp16x2_b0_r0_control,control,control,20260728_operand_rate_v2_final_reduction_session02_BCA_reduction_fp16x2_b0_r0_control_1785246073911,22,182812.546462303,182812.547871966,182812.5471671345,0.0014096630038693547,5.6117118214897346,10312656607,true,true,5dff3859ad319cb37301e68cfc6fde00723e3a42110ca93adb44c05e97098167
softmax_whole_stage_atc_trace_v1,softmax_whole_stage_operand_rate_atc,softmax_whole_stage_operand_rate_atc_v2,20260728_operand_rate_v2_final_reduction_session02_BCA,reduction,fp16x2,20260728_operand_rate_v2_final_reduction_session02_BCA_reduction_fp16x2,0,0,20260728_operand_rate_v2_final_reduction_session02_BCA_reduction_fp16x2_b0_r0_control,control,control,20260728_operand_rate_v2_final_reduction_session02_BCA_reduction_fp16x2_b0_r0_control_1785246073911,23,182812.80137837699,182812.80280141599,182812.80208989649,0.0014230390079319477,5.8666345834790263,10312722270,true,true,5dff3859ad319cb37301e68cfc6fde00723e3a42110ca93adb44c05e97098167
softmax_whole_stage_atc_trace_v1,softmax_whole_stage_operand_rate_atc,softmax_whole_stage_operand_rate_atc_v2,20260728_operand_rate_v2_final_reduction_session02_BCA,reduction,fp16x2,20260728_operand_rate_v2_final_reduction_session02_BCA_reduction_fp16x2,0,0,20260728_operand_rate_v2_final_reduction_session02_BCA_reduction_fp16x2_b0_r0_control,control,control,20260728_operand_rate_v2_final_reduction_session02_BCA_reduction_fp16x2_b0_r0_control_1785246073911,24,182813.05625037101,182813.061614912,182813.05893264152,0.0053645409934688359,6.1234773285104893,10312766680,true,true,5dff3859ad319cb37301e68cfc6fde00723e3a42110ca93adb44c05e97098167
softmax_whole_stage_atc_trace_v1,softmax_whole_stage_operand_rate_atc,softmax_whole_stage_operand_rate_atc_v2,20260728_operand_rate_v2_final_reduction_session02_BCA,reduction,fp16x2,20260728_operand_rate_v2_final_reduction_session02_BCA_reduction_fp16x2,0,0,20260728_operand_rate_v2_final_reduction_session02_BCA_reduction_fp16x2_b0_r0_control,control,control,20260728_operand_rate_v2_final_reduction_session02_BCA_reduction_fp16x2_b0_r0_control_1785246073911,25,182813.315165707,182813.31652926299,182813.31584748498,0.0013635559880640358,6.3803921719663776,10312835467,true,true,5dff3859ad319cb37301e68cfc6fde00723e3a42110ca93adb44c05e97098167
softmax_whole_stage_atc_trace_v1,softmax_whole_stage_operand_rate_atc,softmax_whole_stage_operand_rate_atc_v2,20260728_operand_rate_v2_final_reduction_session02_BCA,reduction,fp16x2,20260728_operand_rate_v2_final_reduction_session02_BCA_reduction_fp16x2,0,0,20260728_operand_rate_v2_final_reduction_session02_BCA_reduction_fp16x2_b0_r0_control,control,control,20260728_operand_rate_v2_final_reduction_session02_BCA_reduction_fp16x2_b0_r0_control_1785246073911,26,182813.57003080999,182813.57146063799,182813.57074572399,0.0014298280002549291,6.6352904109808151,10312878227,true,true,5dff3859ad319cb37301e68cfc6fde00723e3a42110ca93adb44c05e97098167
softmax_whole_stage_atc_trace_v1,softmax_whole_stage_operand_rate_atc,softmax_whole_stage_operand_rate_atc_v2,20260728_operand_rate_v2_final_reduction_session02_BCA,reduction,fp16x2,20260728_operand_rate_v2_final_reduction_session02_BCA_reduction_fp16x2,0,0,20260728_operand_rate_v2_final_reduction_session02_BCA_reduction_fp16x2_b0_r0_control,control,control,20260728_operand_rate_v2_final_reduction_session02_BCA_reduction_fp16x2_b0_r0_control_1785246073911,27,182813.82490412099,182813.82625450299,182813.82557931199,0.001350381993688643,6.8901239989791065,10312946192,true,true,5dff3859ad319cb37301e68cfc6fde00723e3a42110ca93adb44c05e97098167
softmax_whole_stage_atc_trace_v1,softmax_whole_stage_operand_rate_atc,softmax_whole_stage_operand_rate_atc_v2,20260728_operand_rate_v2_final_reduction_session02_BCA,reduction,fp16x2,20260728_operand_rate_v2_final_reduction_session02_BCA_reduction_fp16x2,0,0,20260728_operand_rate_v2_final_reduction_session02_BCA_reduction_fp16x2_b0_r0_control,control,control,20260728_operand_rate_v2_final_reduction_session02_BCA_reduction_fp16x2_b0_r0_control_1785246073911,28,182814.079765879,182814.08113480601,182814.0804503425,0.0013689270126633346,7.1449950294918381,10312988202,true,true,5dff3859ad319cb37301e68cfc6fde00723e3a42110ca93adb44c05e97098167
softmax_whole_stage_atc_trace_v1,softmax_whole_stage_operand_rate_atc,softmax_whole_stage_operand_rate_atc_v2,20260728_operand_rate_v2_final_reduction_session02_BCA,reduction,fp16x2,20260728_operand_rate_v2_final_reduction_session02_BCA_reduction_fp16x2,0,0,20260728_operand_rate_v2_final_reduction_session02_BCA_reduction_fp16x2_b0_r0_control,control,control,20260728_operand_rate_v2_final_reduction_session02_BCA_reduction_fp16x2_b0_r0_control_1785246073911,29,182814.33147026101,182814.332979333,182814.33222479699,0.001509071997134015,7.3967694839811884,10313055380,true,true,5dff3859ad319cb37301e68cfc6fde00723e3a42110ca93adb44c05e97098167
softmax_whole_stage_atc_trace_v1,softmax_whole_stage_operand_rate_atc,softmax_whole_stage_operand_rate_atc_v2,20260728_operand_rate_v2_final_reduction_session02_BCA,reduction,fp16x2,20260728_operand_rate_v2_final_reduction_session02_BCA_reduction_fp16x2,0,0,20260728_operand_rate_v2_final_reduction_session02_BCA_reduction_fp16x2_b0_r0_control,control,control,20260728_operand_rate_v2_final_reduction_session02_BCA_reduction_fp16x2_b0_r0_control_1785246073911,30,182814.586426261,182814.58783136401,182814.58712881251,0.0014051030157133937,7.651673499494791,10313097325,true,true,5dff3859ad319cb37301e68cfc6fde00723e3a42110ca93adb44c05e97098167
softmax_whole_stage_atc_trace_v1,softmax_whole_stage_operand_rate_atc,softmax_whole_stage_operand_rate_atc_v2,20260728_operand_rate_v2_final_reduction_session02_BCA,reduction,fp16x2,20260728_operand_rate_v2_final_reduction_session02_BCA_reduction_fp16x2,0,0,20260728_operand_rate_v2_final_reduction_session02_BCA_reduction_fp16x2_b0_r0_control,control,control,20260728_operand_rate_v2_final_reduction_session02_BCA_reduction_fp16x2_b0_r0_control_1785246073911,31,182814.84129855799,182814.84457591499,182814.84293723648,0.0032773569982964545,7.9074819234665483,10313164353,true,true,5dff3859ad319cb37301e68cfc6fde00723e3a42110ca93adb44c05e97098167
softmax_whole_stage_atc_trace_v1,softmax_whole_stage_operand_rate_atc,softmax_whole_stage_operand_rate_atc_v2,20260728_operand_rate_v2_final_reduction_session02_BCA,reduction,fp16x2,20260728_operand_rate_v2_final_reduction_session02_BCA_reduction_fp16x2,0,0,20260728_operand_rate_v2_final_reduction_session02_BCA_reduction_fp16x2_b0_r0_control,control,control,20260728_operand_rate_v2_final_reduction_session02_BCA_reduction_fp16x2_b0_r0_control_1785246073911,32,182815.0980879,182815.09960457101,182815.09884623549,0.0015166710072662681,8.1633909224765375,10313209708,true,true,5dff3859ad319cb37301e68cfc6fde00723e3a42110ca93adb44c05e97098167
softmax_whole_stage_atc_trace_v1,softmax_whole_stage_operand_rate_atc,softmax_whole_stage_operand_rate_atc_v2,20260728_operand_rate_v2_final_reduction_session02_BCA,reduction,fp16x2,20260728_operand_rate_v2_final_reduction_session02_BCA_reduction_fp16x2,0,0,20260728_operand_rate_v2_final_reduction_session02_BCA_reduction_fp16x2_b0_r0_control,control,control,20260728_operand_rate_v2_final_reduction_session02_BCA_reduction_fp16x2_b0_r0_control_1785246073911,33,182815.35312294,182815.35574233299,182815.35443263649,0.0026193929952569306,8.4189773234829772,10313275471,true,true,5dff3859ad319cb37301e68cfc6fde00723e3a42110ca93adb44c05e97098167
softmax_whole_stage_atc_trace_v1,softmax_whole_stage_operand_rate_atc,softmax_whole_stage_operand_rate_atc_v2,20260728_operand_rate_v2_final_reduction_session02_BCA,reduction,fp16x2,20260728_operand_rate_v2_final_reduction_session02_BCA_reduction_fp16x2,0,0,20260728_operand_rate_v2_final_reduction_session02_BCA_reduction_fp16x2_b0_r0_control,control,control,20260728_operand_rate_v2_final_reduction_session02_BCA_reduction_fp16x2_b0_r0_control_1785246073911,34,182815.609232733,182815.614932286,182815.6120825095,0.0056995530030690134,8.6766271964879707,10313342909,true,true,5dff3859ad319cb37301e68cfc6fde00723e3a42110ca93adb44c05e97098167
softmax_whole_stage_atc_trace_v1,softmax_whole_stage_operand_rate_atc,softmax_whole_stage_operand_rate_atc_v2,20260728_operand_rate_v2_final_reduction_session02_BCA,reduction,fp16x2,20260728_operand_rate_v2_final_reduction_session02_BCA_reduction_fp16x2,0,0,20260728_operand_rate_v2_final_reduction_session02_BCA_reduction_fp16x2_b0_r0_control,control,control,20260728_operand_rate_v2_final_reduction_session02_BCA_reduction_fp16x2_b0_r0_control_1785246073911,35,182815.86837130901,182815.86977458801,182815.86907294852,0.0014032789913471788,8.9336176355136558,10313388147,true,false,5dff3859ad319cb37301e68cfc6fde00723e3a42110ca93adb44c05e97098167
softmax_whole_stage_atc_trace_v1,softmax_whole_stage_operand_rate_atc,softmax_whole_stage_operand_rate_atc_v2,20260728_operand_rate_v2_final_reduction_session02_BCA,reduction,fp16x2,20260728_operand_rate_v2_final_reduction_session02_BCA_reduction_fp16x2,0,0,20260728_operand_rate_v2_final_reduction_session02_BCA_reduction_fp16x2_b0_r0_control,control,control,20260728_operand_rate_v2_final_reduction_session02_BCA_reduction_fp16x2_b0_r0_control_1785246073911,36,182816.123288295,182816.12468488599,182816.12398659048,0.0013965909893158823,9.188531277468428,10313451028,true,false,5dff3859ad319cb37301e68cfc6fde00723e3a42110ca93adb44c05e97098167
softmax_whole_stage_atc_trace_v1,softmax_whole_stage_operand_rate_atc,softmax_whole_stage_operand_rate_atc_v2,20260728_operand_rate_v2_final_reduction_session02_BCA,reduction,fp16x2,20260728_operand_rate_v2_final_reduction_session02_BCA_reduction_fp16x2,0,0,20260728_operand_rate_v2_final_reduction_session02_BCA_reduction_fp16x2_b0_r0_control,control,control,20260728_operand_rate_v2_final_reduction_session02_BCA_reduction_fp16x2_b0_r0_control_1785246073911,37,182816.37788546999,182816.380338066,182816.37911176798,0.0024525960034225136,9.4436564549687319,10313484177,true,false,5dff3859ad319cb37301e68cfc6fde00723e3a42110ca93adb44c05e97098167
softmax_whole_stage_atc_trace_v1,softmax_whole_stage_operand_rate_atc,softmax_whole_stage_operand_rate_atc_v2,20260728_operand_rate_v2_final_reduction_session02_BCA,reduction,fp16x2,20260728_operand_rate_v2_final_reduction_session02_BCA_reduction_fp16x2,0,0,20260728_operand_rate_v2_final_reduction_session02_BCA_reduction_fp16x2_b0_r0_control,control,control,20260728_operand_rate_v2_final_reduction_session02_BCA_reduction_fp16x2_b0_r0_control_1785246073911,38,182816.38036562901,182816.38530091799,182816.3828332735,0.0049352889764122665,9.4473779604886658,10313484177,false,false,5dff3859ad319cb37301e68cfc6fde00723e3a42110ca93adb44c05e97098167
softmax_whole_stage_atc_trace_v1,softmax_whole_stage_operand_rate_atc,softmax_whole_stage_operand_rate_atc_v2,20260728_operand_rate_v2_final_reduction_session02_BCA,reduction,fp16x2,20260728_operand_rate_v2_final_reduction_session02_BCA_reduction_fp16x2,0,1,20260728_operand_rate_v2_final_reduction_session02_BCA_reduction_fp16x2_b0_r1_treatment,treatment,treatment,20260728_operand_rate_v2_final_reduction_session02_BCA_reduction_fp16x2_b0_r1_treatment_1785246084398,0,182817.403243409,182817.40442574999,182817.40383457951,0.0011823409877251834,0.00060606651823036373,10313614660,false,false,5dff3859ad319cb37301e68cfc6fde00723e3a42110ca93adb44c05e97098167
softmax_whole_stage_atc_trace_v1,softmax_whole_stage_operand_rate_atc,softmax_whole_stage_operand_rate_atc_v2,20260728_operand_rate_v2_final_reduction_session02_BCA,reduction,fp16x2,20260728_operand_rate_v2_final_reduction_session02_BCA_reduction_fp16x2,0,1,20260728_operand_rate_v2_final_reduction_session02_BCA_reduction_fp16x2_b0_r1_treatment,treatment,treatment,20260728_operand_rate_v2_final_reduction_session02_BCA_reduction_fp16x2_b0_r1_treatment_1785246084398,1,182817.65778672701,182817.66059200099,182817.659189364,0.0028052739799022675,0.25596085100551136,10313669594,true,false,5dff3859ad319cb37301e68cfc6fde00723e3a42110ca93adb44c05e97098167
softmax_whole_stage_atc_trace_v1,softmax_whole_stage_operand_rate_atc,softmax_whole_stage_operand_rate_atc_v2,20260728_operand_rate_v2_final_reduction_session02_BCA,reduction,fp16x2,20260728_operand_rate_v2_final_reduction_session02_BCA_reduction_fp16x2,0,1,20260728_operand_rate_v2_final_reduction_session02_BCA_reduction_fp16x2_b0_r1_treatment,treatment,treatment,20260728_operand_rate_v2_final_reduction_session02_BCA_reduction_fp16x2_b0_r1_treatment_1785246084398,2,182817.91134499601,182817.912818971,182817.91208198352,0.0014739749894943088,0.50885347052826546,10313711298,true,false,5dff3859ad319cb37301e68cfc6fde00723e3a42110ca93adb44c05e97098167
softmax_whole_stage_atc_trace_v1,softmax_whole_stage_operand_rate_atc,softmax_whole_stage_operand_rate_atc_v2,20260728_operand_rate_v2_final_reduction_session02_BCA,reduction,fp16x2,20260728_operand_rate_v2_final_reduction_session02_BCA_reduction_fp16x2,0,1,20260728_operand_rate_v2_final_reduction_session02_BCA_reduction_fp16x2_b0_r1_treatment,treatment,treatment,20260728_operand_rate_v2_final_reduction_session02_BCA_reduction_fp16x2_b0_r1_treatment_1785246084398,3,182818.16383188299,182818.167125476,182818.1654786795,0.0032935930066742003,0.76225016650278121,10313772513,true,true,5dff3859ad319cb37301e68cfc6fde00723e3a42110ca93adb44c05e97098167
softmax_whole_stage_atc_trace_v1,softmax_whole_stage_operand_rate_atc,softmax_whole_stage_operand_rate_atc_v2,20260728_operand_rate_v2_final_reduction_session02_BCA,reduction,fp16x2,20260728_operand_rate_v2_final_reduction_session02_BCA_reduction_fp16x2,0,1,20260728_operand_rate_v2_final_reduction_session02_BCA_reduction_fp16x2_b0_r1_treatment,treatment,treatment,20260728_operand_rate_v2_final_reduction_session02_BCA_reduction_fp16x2_b0_r1_treatment_1785246084398,4,182818.41753140901,182818.418936478,182818.41823394352,0.0014050689933355898,1.0150054305267986,10313814320,true,true,5dff3859ad319cb37301e68cfc6fde00723e3a42110ca93adb44c05e97098167
softmax_whole_stage_atc_trace_v1,softmax_whole_stage_operand_rate_atc,softmax_whole_stage_operand_rate_atc_v2,20260728_operand_rate_v2_final_reduction_session02_BCA,reduction,fp16x2,20260728_operand_rate_v2_final_reduction_session02_BCA_reduction_fp16x2,0,1,20260728_operand_rate_v2_final_reduction_session02_BCA_reduction_fp16x2_b0_r1_treatment,treatment,treatment,20260728_operand_rate_v2_final_reduction_session02_BCA_reduction_fp16x2_b0_r1_treatment_1785246084398,5,182818.67216744501,182818.67357302099,182818.67287023301,0.0014055759820621461,1.2696417200204451,10313875654,true,true,5dff3859ad319cb37301e68cfc6fde00723e3a42110ca93adb44c05e97098167
softmax_whole_stage_atc_trace_v1,softmax_whole_stage_operand_rate_atc,softmax_whole_stage_operand_rate_atc_v2,20260728_operand_rate_v2_final_reduction_session02_BCA,reduction,fp16x2,20260728_operand_rate_v2_final_reduction_session02_BCA_reduction_fp16x2,0,1,20260728_operand_rate_v2_final_reduction_session02_BCA_reduction_fp16x2_b0_r1_treatment,treatment,treatment,20260728_operand_rate_v2_final_reduction_session02_BCA_reduction_fp16x2_b0_r1_treatment_1785246084398,6,182818.924151827,182818.92550085901,182818.92482634302,0.0013490320125129074,1.521597830025712,10313917462,true,true,5dff3859ad319cb37301e68cfc6fde00723e3a42110ca93adb44c05e97098167
softmax_whole_stage_atc_trace_v1,softmax_whole_stage_operand_rate_atc,softmax_whole_stage_operand_rate_atc_v2,20260728_operand_rate_v2_final_reduction_session02_BCA,reduction,fp16x2,20260728_operand_rate_v2_final_reduction_session02_BCA_reduction_fp16x2,0,1,20260728_operand_rate_v2_final_reduction_session02_BCA_reduction_fp16x2_b0_r1_treatment,treatment,treatment,20260728_operand_rate_v2_final_reduction_session02_BCA_reduction_fp16x2_b0_r1_treatment_1785246084398,7,182819.178660996,182819.180083899,182819.17937244748,0.0014229030057322234,1.776143934490392,10313978691,true,true,5dff3859ad319cb37301e68cfc6fde00723e3a42110ca93adb44c05e97098167
softmax_whole_stage_atc_trace_v1,softmax_whole_stage_operand_rate_atc,softmax_whole_stage_operand_rate_atc_v2,20260728_operand_rate_v2_final_reduction_session02_BCA,reduction,fp16x2,20260728_operand_rate_v2_final_reduction_session02_BCA_reduction_fp16x2,0,1,20260728_operand_rate_v2_final_reduction_session02_BCA_reduction_fp16x2_b0_r1_treatment,treatment,treatment,20260728_operand_rate_v2_final_reduction_session02_BCA_reduction_fp16x2_b0_r1_treatment_1785246084398,8,182819.43277578001,182819.43427306201,182819.43352442101,0.0014972820063121617,2.0302959080145229,10314020487,true,true,5dff3859ad319cb37301e68cfc6fde00723e3a42110ca93adb44c05e97098167
softmax_whole_stage_atc_trace_v1,softmax_whole_stage_operand_rate_atc,softmax_whole_stage_operand_rate_atc_v2,20260728_operand_rate_v2_final_reduction_session02_BCA,reduction,fp16x2,20260728_operand_rate_v2_final_reduction_session02_BCA_reduction_fp16x2,0,1,20260728_operand_rate_v2_final_reduction_session02_BCA_reduction_fp16x2_b0_r1_treatment,treatment,treatment,20260728_operand_rate_v2_final_reduction_session02_BCA_reduction_fp16x2_b0_r1_treatment_1785246084398,9,182819.68742711801,182819.68888984501,182819.6881584815,0.0014627269993070513,2.2849299685040023,10314081247,true,true,5dff3859ad319cb37301e68cfc6fde00723e3a42110ca93adb44c05e97098167
softmax_whole_stage_atc_trace_v1,softmax_whole_stage_operand_rate_atc,softmax_whole_stage_operand_rate_atc_v2,20260728_operand_rate_v2_final_reduction_session02_BCA,reduction,fp16x2,20260728_operand_rate_v2_final_reduction_session02_BCA_reduction_fp16x2,0,1,20260728_operand_rate_v2_final_reduction_session02_BCA_reduction_fp16x2_b0_r1_treatment,treatment,treatment,20260728_operand_rate_v2_final_reduction_session02_BCA_reduction_fp16x2_b0_r1_treatment_1785246084398,10,182819.939382012,182819.94091931899,182819.9401506655,0.0015373069909401238,2.5369221525033936,10314122558,true,true,5dff3859ad319cb37301e68cfc6fde00723e3a42110ca93adb44c05e97098167
softmax_whole_stage_atc_trace_v1,softmax_whole_stage_operand_rate_atc,softmax_whole_stage_operand_rate_atc_v2,20260728_operand_rate_v2_final_reduction_session02_BCA,reduction,fp16x2,20260728_operand_rate_v2_final_reduction_session02_BCA_reduction_fp16x2,0,1,20260728_operand_rate_v2_final_reduction_session02_BCA_reduction_fp16x2_b0_r1_treatment,treatment,treatment,20260728_operand_rate_v2_final_reduction_session02_BCA_reduction_fp16x2_b0_r1_treatment_1785246084398,11,182820.19172774299,182820.19311609201,182820.19242191751,0.001388349017361179,2.7891934045183007,10314183368,true,true,5dff3859ad319cb37301e68cfc6fde00723e3a42110ca93adb44c05e97098167
softmax_whole_stage_atc_trace_v1,softmax_whole_stage_operand_rate_atc,softmax_whole_stage_operand_rate_atc_v2,20260728_operand_rate_v2_final_reduction_session02_BCA,reduction,fp16x2,20260728_operand_rate_v2_final_reduction_session02_BCA_reduction_fp16x2,0,1,20260728_operand_rate_v2_final_reduction_session02_BCA_reduction_fp16x2_b0_r1_treatment,treatment,treatment,20260728_operand_rate_v2_final_reduction_session02_BCA_reduction_fp16x2_b0_r1_treatment_1785246084398,12,182820.44325430601,182820.444609317,182820.44393181149,0.0013550109870266169,3.0407032984949183,10314225162,true,true,5dff3859ad319cb37301e68cfc6fde00723e3a42110ca93adb44c05e97098167
softmax_whole_stage_atc_trace_v1,softmax_whole_stage_operand_rate_atc,softmax_whole_stage_operand_rate_atc_v2,20260728_operand_rate_v2_final_reduction_session02_BCA,reduction,fp16x2,20260728_operand_rate_v2_final_reduction_session02_BCA_reduction_fp16x2,0,1,20260728_operand_rate_v2_final_reduction_session02_BCA_reduction_fp16x2_b0_r1_treatment,treatment,treatment,20260728_operand_rate_v2_final_reduction_session02_BCA_reduction_fp16x2_b0_r1_treatment_1785246084398,13,182820.69754125399,182820.69958623499,182820.69856374449,0.0020449809962883592,3.2953352314943913,10314286568,true,true,5dff3859ad319cb37301e68cfc6fde00723e3a42110ca93adb44c05e97098167
softmax_whole_stage_atc_trace_v1,softmax_whole_stage_operand_rate_atc,softmax_whole_stage_operand_rate_atc_v2,20260728_operand_rate_v2_final_reduction_session02_BCA,reduction,fp16x2,20260728_operand_rate_v2_final_reduction_session02_BCA_reduction_fp16x2,0,1,20260728_operand_rate_v2_final_reduction_session02_BCA_reduction_fp16x2_b0_r1_treatment,treatment,treatment,20260728_operand_rate_v2_final_reduction_session02_BCA_reduction_fp16x2_b0_r1_treatment_1785246084398,14,182820.94990056299,182820.95130695001,182820.9506037565,0.0014063870185054839,3.5473752435063943,10314328416,true,true,5dff3859ad319cb37301e68cfc6fde00723e3a42110ca93adb44c05e97098167
softmax_whole_stage_atc_trace_v1,softmax_whole_stage_operand_rate_atc,softmax_whole_stage_operand_rate_atc_v2,20260728_operand_rate_v2_final_reduction_session02_BCA,reduction,fp16x2,20260728_operand_rate_v2_final_reduction_session02_BCA_reduction_fp16x2,0,1,20260728_operand_rate_v2_final_reduction_session02_BCA_reduction_fp16x2_b0_r1_treatment,treatment,treatment,20260728_operand_rate_v2_final_reduction_session02_BCA_reduction_fp16x2_b0_r1_treatment_1785246084398,15,182821.20185565899,182821.206072489,182821.203964074,0.00421683001331985,3.8007355610025115,10314389866,true,true,5dff3859ad319cb37301e68cfc6fde00723e3a42110ca93adb44c05e97098167
softmax_whole_stage_atc_trace_v1,softmax_whole_stage_operand_rate_atc,softmax_whole_stage_operand_rate_atc_v2,20260728_operand_rate_v2_final_reduction_session02_BCA,reduction,fp16x2,20260728_operand_rate_v2_final_reduction_session02_BCA_reduction_fp16x2,0,1,20260728_operand_rate_v2_final_reduction_session02_BCA_reduction_fp16x2_b0_r1_treatment,treatment,treatment,20260728_operand_rate_v2_final_reduction_session02_BCA_reduction_fp16x2_b0_r1_treatment_1785246084398,16,182821.45846513601,182821.459888952,182821.45917704399,0.0014238159928936511,4.0559485309931915,10314431779,true,true,5dff3859ad319cb37301e68cfc6fde00723e3a42110ca93adb44c05e97098167
softmax_whole_stage_atc_trace_v1,softmax_whole_stage_operand_rate_atc,softmax_whole_stage_operand_rate_atc_v2,20260728_operand_rate_v2_final_reduction_session02_BCA,reduction,fp16x2,20260728_operand_rate_v2_final_reduction_session02_BCA_reduction_fp16x2,0,1,20260728_operand_rate_v2_final_reduction_session02_BCA_reduction_fp16x2_b0_r1_treatment,treatment,treatment,20260728_operand_rate_v2_final_reduction_session02_BCA_reduction_fp16x2_b0_r1_treatment_1785246084398,17,182821.712704965,182821.714092504,182821.71339873452,0.0013875389995519072,4.3101702215208206,10314492802,true,true,5dff3859ad319cb37301e68cfc6fde00723e3a42110ca93adb44c05e97098167
softmax_whole_stage_atc_trace_v1,softmax_whole_stage_operand_rate_atc,softmax_whole_stage_operand_rate_atc_v2,20260728_operand_rate_v2_final_reduction_session02_BCA,reduction,fp16x2,20260728_operand_rate_v2_final_reduction_session02_BCA_reduction_fp16x2,0,1,20260728_operand_rate_v2_final_reduction_session02_BCA_reduction_fp16x2_b0_r1_treatment,treatment,treatment,20260728_operand_rate_v2_final_reduction_session02_BCA_reduction_fp16x2_b0_r1_treatment_1785246084398,18,182821.964276621,182821.96571198801,182821.96499430452,0.0014353670121636242,4.5617657915281598,10314534354,true,true,5dff3859ad319cb37301e68cfc6fde00723e3a42110ca93adb44c05e97098167
softmax_whole_stage_atc_trace_v1,softmax_whole_stage_operand_rate_atc,softmax_whole_stage_operand_rate_atc_v2,20260728_operand_rate_v2_final_reduction_session02_BCA,reduction,fp16x2,20260728_operand_rate_v2_final_reduction_session02_BCA_reduction_fp16x2,0,1,20260728_operand_rate_v2_final_reduction_session02_BCA_reduction_fp16x2_b0_r1_treatment,treatment,treatment,20260728_operand_rate_v2_final_reduction_session02_BCA_reduction_fp16x2_b0_r1_treatment_1785246084398,19,182822.21606066899,182822.219175006,182822.21761783748,0.0031143370142672211,4.8143893244850915,10314595483,true,true,5dff3859ad319cb37301e68cfc6fde00723e3a42110ca93adb44c05e97098167
softmax_whole_stage_atc_trace_v1,softmax_whole_stage_operand_rate_atc,softmax_whole_stage_operand_rate_atc_v2,20260728_operand_rate_v2_final_reduction_session02_BCA,reduction,fp16x2,20260728_operand_rate_v2_final_reduction_session02_BCA_reduction_fp16x2,0,1,20260728_operand_rate_v2_final_reduction_session02_BCA_reduction_fp16x2_b0_r1_treatment,treatment,treatment,20260728_operand_rate_v2_final_reduction_session02_BCA_reduction_fp16x2_b0_r1_treatment_1785246084398,20,182822.469305012,182822.47063671699,182822.46997086448,0.0013317049888428301,5.0667423514823895,10314637334,true,true,5dff3859ad319cb37301e68cfc6fde00723e3a42110ca93adb44c05e97098167
softmax_whole_stage_atc_trace_v1,softmax_whole_stage_operand_rate_atc,softmax_whole_stage_operand_rate_atc_v2,20260728_operand_rate_v2_final_reduction_session02_BCA,reduction,fp16x2,20260728_operand_rate_v2_final_reduction_session02_BCA_reduction_fp16x2,0,1,20260728_operand_rate_v2_final_reduction_session02_BCA_reduction_fp16x2_b0_r1_treatment,treatment,treatment,20260728_operand_rate_v2_final_reduction_session02_BCA_reduction_fp16x2_b0_r1_treatment_1785246084398,21,182822.72327823599,182822.72560725,182822.724442743,0.0023290140088647604,5.3212142300035339,10314698784,true,true,5dff3859ad319cb37301e68cfc6fde00723e3a42110ca93adb44c05e97098167
softmax_whole_stage_atc_trace_v1,softmax_whole_stage_operand_rate_atc,softmax_whole_stage_operand_rate_atc_v2,20260728_operand_rate_v2_final_reduction_session02_BCA,reduction,fp16x2,20260728_operand_rate_v2_final_reduction_session02_BCA_reduction_fp16x2,0,1,20260728_operand_rate_v2_final_reduction_session02_BCA_reduction_fp16x2_b0_r1_treatment,treatment,treatment,20260728_operand_rate_v2_final_reduction_session02_BCA_reduction_fp16x2_b0_r1_treatment_1785246084398,22,182822.97817652,182822.97953132799,182822.978853924,0.0013548079878091812,5.5756254110019654,10314740661,true,true,5dff3859ad319cb37301e68cfc6fde00723e3a42110ca93adb44c05e97098167
softmax_whole_stage_atc_trace_v1,softmax_whole_stage_operand_rate_atc,softmax_whole_stage_operand_rate_atc_v2,20260728_operand_rate_v2_final_reduction_session02_BCA,reduction,fp16x2,20260728_operand_rate_v2_final_reduction_session02_BCA_reduction_fp16x2,0,1,20260728_operand_rate_v2_final_reduction_session02_BCA_reduction_fp16x2_b0_r1_treatment,treatment,treatment,20260728_operand_rate_v2_final_reduction_session02_BCA_reduction_fp16x2_b0_r1_treatment_1785246084398,23,182823.232131706,182823.23349310199,182823.23281240399,0.0013613959890790284,5.8295838909980375,10314801610,true,true,5dff3859ad319cb37301e68cfc6fde00723e3a42110ca93adb44c05e97098167
softmax_whole_stage_atc_trace_v1,softmax_whole_stage_operand_rate_atc,softmax_whole_stage_operand_rate_atc_v2,20260728_operand_rate_v2_final_reduction_session02_BCA,reduction,fp16x2,20260728_operand_rate_v2_final_reduction_session02_BCA_reduction_fp16x2,0,1,20260728_operand_rate_v2_final_reduction_session02_BCA_reduction_fp16x2_b0_r1_treatment,treatment,treatment,20260728_operand_rate_v2_final_reduction_session02_BCA_reduction_fp16x2_b0_r1_treatment_1785246084398,24,182823.48680959301,182823.488237868,182823.4875237305,0.0014282749907579273,6.0842952175007667,10314843144,true,true,5dff3859ad319cb37301e68cfc6fde00723e3a42110ca93adb44c05e97098167
softmax_whole_stage_atc_trace_v1,softmax_whole_stage_operand_rate_atc,softmax_whole_stage_operand_rate_atc_v2,20260728_operand_rate_v2_final_reduction_session02_BCA,reduction,fp16x2,20260728_operand_rate_v2_final_reduction_session02_BCA_reduction_fp16x2,0,1,20260728_operand_rate_v2_final_reduction_session02_BCA_reduction_fp16x2_b0_r1_treatment,treatment,treatment,20260728_operand_rate_v2_final_reduction_session02_BCA_reduction_fp16x2_b0_r1_treatment_1785246084398,25,182823.740785553,182823.74218211099,182823.74148383201,0.0013965579855721444,6.3382553190167528,10314903594,true,true,5dff3859ad319cb37301e68cfc6fde00723e3a42110ca93adb44c05e97098167
softmax_whole_stage_atc_trace_v1,softmax_whole_stage_operand_rate_atc,softmax_whole_stage_operand_rate_atc_v2,20260728_operand_rate_v2_final_reduction_session02_BCA,reduction,fp16x2,20260728_operand_rate_v2_final_reduction_session02_BCA_reduction_fp16x2,0,1,20260728_operand_rate_v2_final_reduction_session02_BCA_reduction_fp16x2_b0_r1_treatment,treatment,treatment,20260728_operand_rate_v2_final_reduction_session02_BCA_reduction_fp16x2_b0_r1_treatment_1785246084398,26,182823.995694882,182823.99712802001,182823.99641145102,0.0014331380079966038,6.5931829380278941,10314944647,true,true,5dff3859ad319cb37301e68cfc6fde00723e3a42110ca93adb44c05e97098167
softmax_whole_stage_atc_trace_v1,softmax_whole_stage_operand_rate_atc,softmax_whole_stage_operand_rate_atc_v2,20260728_operand_rate_v2_final_reduction_session02_BCA,reduction,fp16x2,20260728_operand_rate_v2_final_reduction_session02_BCA_reduction_fp16x2,0,1,20260728_operand_rate_v2_final_reduction_session02_BCA_reduction_fp16x2_b0_r1_treatment,treatment,treatment,20260728_operand_rate_v2_final_reduction_session02_BCA_reduction_fp16x2_b0_r1_treatment_1785246084398,27,182824.24869633201,182824.250072725,182824.24938452849,0.00137639298918657,6.8461560154973995,10315004625,true,true,5dff3859ad319cb37301e68cfc6fde00723e3a42110ca93adb44c05e97098167
softmax_whole_stage_atc_trace_v1,softmax_whole_stage_operand_rate_atc,softmax_whole_stage_operand_rate_atc_v2,20260728_operand_rate_v2_final_reduction_session02_BCA,reduction,fp16x2,20260728_operand_rate_v2_final_reduction_session02_BCA_reduction_fp16x2,0,1,20260728_operand_rate_v2_final_reduction_session02_BCA_reduction_fp16x2_b0_r1_treatment,treatment,treatment,20260728_operand_rate_v2_final_reduction_session02_BCA_reduction_fp16x2_b0_r1_treatment_1785246084398,28,182824.50017445901,182824.50159837599,182824.50088641752,0.001423916983185336,7.0976579045236576,10315045428,true,true,5dff3859ad319cb37301e68cfc6fde00723e3a42110ca93adb44c05e97098167
softmax_whole_stage_atc_trace_v1,softmax_whole_stage_operand_rate_atc,softmax_whole_stage_operand_rate_atc_v2,20260728_operand_rate_v2_final_reduction_session02_BCA,reduction,fp16x2,20260728_operand_rate_v2_final_reduction_session02_BCA_reduction_fp16x2,0,1,20260728_operand_rate_v2_final_reduction_session02_BCA_reduction_fp16x2_b0_r1_treatment,treatment,treatment,20260728_operand_rate_v2_final_reduction_session02_BCA_reduction_fp16x2_b0_r1_treatment_1785246084398,29,182824.75397030599,182824.75538510899,182824.7546777075,0.001414803002262488,7.3514491945097689,10315105871,true,true,5dff3859ad319cb37301e68cfc6fde00723e3a42110ca93adb44c05e97098167
softmax_whole_stage_atc_trace_v1,softmax_whole_stage_operand_rate_atc,softmax_whole_stage_operand_rate_atc_v2,20260728_operand_rate_v2_final_reduction_session02_BCA,reduction,fp16x2,20260728_operand_rate_v2_final_reduction_session02_BCA_reduction_fp16x2,0,1,20260728_operand_rate_v2_final_reduction_session02_BCA_reduction_fp16x2_b0_r1_treatment,treatment,treatment,20260728_operand_rate_v2_final_reduction_session02_BCA_reduction_fp16x2_b0_r1_treatment_1785246084398,30,182825.00881846499,182825.010201864,182825.0095101645,0.0013833990087732673,7.606281651504105,10315146961,true,true,5dff3859ad319cb37301e68cfc6fde00723e3a42110ca93adb44c05e97098167
softmax_whole_stage_atc_trace_v1,softmax_whole_stage_operand_rate_atc,softmax_whole_stage_operand_rate_atc_v2,20260728_operand_rate_v2_final_reduction_session02_BCA,reduction,fp16x2,20260728_operand_rate_v2_final_reduction_session02_BCA_reduction_fp16x2,0,1,20260728_operand_rate_v2_final_reduction_session02_BCA_reduction_fp16x2_b0_r1_treatment,treatment,treatment,20260728_operand_rate_v2_final_reduction_session02_BCA_reduction_fp16x2_b0_r1_treatment_1785246084398,31,182825.26048883901,182825.26192440899,182825.26120662398,0.0014355699822772294,7.8579781109874602,10315207037,true,true,5dff3859ad319cb37301e68cfc6fde00723e3a42110ca93adb44c05e97098167
softmax_whole_stage_atc_trace_v1,softmax_whole_stage_operand_rate_atc,softmax_whole_stage_operand_rate_atc_v2,20260728_operand_rate_v2_final_reduction_session02_BCA,reduction,fp16x2,20260728_operand_rate_v2_final_reduction_session02_BCA_reduction_fp16x2,0,1,20260728_operand_rate_v2_final_reduction_session02_BCA_reduction_fp16x2_b0_r1_treatment,treatment,treatment,20260728_operand_rate_v2_final_reduction_session02_BCA_reduction_fp16x2_b0_r1_treatment_1785246084398,32,182825.515359488,182825.51671077299,182825.51603513048,0.0013512849982362241,8.1128066174860578,10315248143,true,true,5dff3859ad319cb37301e68cfc6fde00723e3a42110ca93adb44c05e97098167
softmax_whole_stage_atc_trace_v1,softmax_whole_stage_operand_rate_atc,softmax_whole_stage_operand_rate_atc_v2,20260728_operand_rate_v2_final_reduction_session02_BCA,reduction,fp16x2,20260728_operand_rate_v2_final_reduction_session02_BCA_reduction_fp16x2,0,1,20260728_operand_rate_v2_final_reduction_session02_BCA_reduction_fp16x2_b0_r1_treatment,treatment,treatment,20260728_operand_rate_v2_final_reduction_session02_BCA_reduction_fp16x2_b0_r1_treatment_1785246084398,33,182825.76895037101,182825.770395261,182825.76967281601,0.0014448899892158806,8.36644430301385,10315308174,true,true,5dff3859ad319cb37301e68cfc6fde00723e3a42110ca93adb44c05e97098167
softmax_whole_stage_atc_trace_v1,softmax_whole_stage_operand_rate_atc,softmax_whole_stage_operand_rate_atc_v2,20260728_operand_rate_v2_final_reduction_session02_BCA,reduction,fp16x2,20260728_operand_rate_v2_final_reduction_session02_BCA_reduction_fp16x2,0,1,20260728_operand_rate_v2_final_reduction_session02_BCA_reduction_fp16x2_b0_r1_treatment,treatment,treatment,20260728_operand_rate_v2_final_reduction_session02_BCA_reduction_fp16x2_b0_r1_treatment_1785246084398,34,182826.02380197501,182826.027540271,182826.025671123,0.0037382959853857756,8.6224426100088749,10315348836,true,true,5dff3859ad319cb37301e68cfc6fde00723e3a42110ca93adb44c05e97098167
softmax_whole_stage_atc_trace_v1,softmax_whole_stage_operand_rate_atc,softmax_whole_stage_operand_rate_atc_v2,20260728_operand_rate_v2_final_reduction_session02_BCA,reduction,fp16x2,20260728_operand_rate_v2_final_reduction_session02_BCA_reduction_fp16x2,0,1,20260728_operand_rate_v2_final_reduction_session02_BCA_reduction_fp16x2_b0_r1_treatment,treatment,treatment,20260728_operand_rate_v2_final_reduction_session02_BCA_reduction_fp16x2_b0_r1_treatment_1785246084398,35,182826.27807351499,182826.27949034399,182826.27878192949,0.0014168290072120726,8.8755534164956771,10315412185,true,true,5dff3859ad319cb37301e68cfc6fde00723e3a42110ca93adb44c05e97098167
softmax_whole_stage_atc_trace_v1,softmax_whole_stage_operand_rate_atc,softmax_whole_stage_operand_rate_atc_v2,20260728_operand_rate_v2_final_reduction_session02_BCA,reduction,fp16x2,20260728_operand_rate_v2_final_reduction_session02_BCA_reduction_fp16x2,0,1,20260728_operand_rate_v2_final_reduction_session02_BCA_reduction_fp16x2_b0_r1_treatment,treatment,treatment,20260728_operand_rate_v2_final_reduction_session02_BCA_reduction_fp16x2_b0_r1_treatment_1785246084398,36,182826.53291691301,182826.53432969001,182826.53362330151,0.0014127769973129034,9.130394788517151,10315452253,true,true,5dff3859ad319cb37301e68cfc6fde00723e3a42110ca93adb44c05e97098167
softmax_whole_stage_atc_trace_v1,softmax_whole_stage_operand_rate_atc,softmax_whole_stage_operand_rate_atc_v2,20260728_operand_rate_v2_final_reduction_session02_BCA,reduction,fp16x2,20260728_operand_rate_v2_final_reduction_session02_BCA_reduction_fp16x2,0,1,20260728_operand_rate_v2_final_reduction_session02_BCA_reduction_fp16x2_b0_r1_treatment,treatment,treatment,20260728_operand_rate_v2_final_reduction_session02_BCA_reduction_fp16x2_b0_r1_treatment_1785246084398,37,182826.78477540801,182826.78620165799,182826.785488533,0.0014262499753385782,9.3822600200073794,10315515493,true,true,5dff3859ad319cb37301e68cfc6fde00723e3a42110ca93adb44c05e97098167
softmax_whole_stage_atc_trace_v1,softmax_whole_stage_operand_rate_atc,softmax_whole_stage_operand_rate_atc_v2,20260728_operand_rate_v2_final_reduction_session02_BCA,reduction,fp16x2,20260728_operand_rate_v2_final_reduction_session02_BCA_reduction_fp16x2,0,1,20260728_operand_rate_v2_final_reduction_session02_BCA_reduction_fp16x2_b0_r1_treatment,treatment,treatment,20260728_operand_rate_v2_final_reduction_session02_BCA_reduction_fp16x2_b0_r1_treatment_1785246084398,38,182827.036745032,182827.04029105499,182827.0385180435,0.0035460229846648872,9.6352895305026323,10315555432,true,true,5dff3859ad319cb37301e68cfc6fde00723e3a42110ca93adb44c05e97098167
softmax_whole_stage_atc_trace_v1,softmax_whole_stage_operand_rate_atc,softmax_whole_stage_operand_rate_atc_v2,20260728_operand_rate_v2_final_reduction_session02_BCA,reduction,fp16x2,20260728_operand_rate_v2_final_reduction_session02_BCA_reduction_fp16x2,0,1,20260728_operand_rate_v2_final_reduction_session02_BCA_reduction_fp16x2_b0_r1_treatment,treatment,treatment,20260728_operand_rate_v2_final_reduction_session02_BCA_reduction_fp16x2_b0_r1_treatment_1785246084398,39,182827.29097230299,182827.292401693,182827.29168699798,0.0014293900167103857,9.8884584849874955,10315618685,true,true,5dff3859ad319cb37301e68cfc6fde00723e3a42110ca93adb44c05e97098167
softmax_whole_stage_atc_trace_v1,softmax_whole_stage_operand_rate_atc,softmax_whole_stage_operand_rate_atc_v2,20260728_operand_rate_v2_final_reduction_session02_BCA,reduction,fp16x2,20260728_operand_rate_v2_final_reduction_session02_BCA_reduction_fp16x2,0,1,20260728_operand_rate_v2_final_reduction_session02_BCA_reduction_fp16x2_b0_r1_treatment,treatment,treatment,20260728_operand_rate_v2_final_reduction_session02_BCA_reduction_fp16x2_b0_r1_treatment_1785246084398,40,182827.542853591,182827.546674855,182827.54476422298,0.0038212639919947833,10.141535709990421,10315658633,true,true,5dff3859ad319cb37301e68cfc6fde00723e3a42110ca93adb44c05e97098167
softmax_whole_stage_atc_trace_v1,softmax_whole_stage_operand_rate_atc,softmax_whole_stage_operand_rate_atc_v2,20260728_operand_rate_v2_final_reduction_session02_BCA,reduction,fp16x2,20260728_operand_rate_v2_final_reduction_session02_BCA_reduction_fp16x2,0,1,20260728_operand_rate_v2_final_reduction_session02_BCA_reduction_fp16x2_b0_r1_treatment,treatment,treatment,20260728_operand_rate_v2_final_reduction_session02_BCA_reduction_fp16x2_b0_r1_treatment_1785246084398,41,182827.79723170199,182827.79863232301,182827.7979320125,0.0014006210258230567,10.394703499507159,10315721798,true,true,5dff3859ad319cb37301e68cfc6fde00723e3a42110ca93adb44c05e97098167
softmax_whole_stage_atc_trace_v1,softmax_whole_stage_operand_rate_atc,softmax_whole_stage_operand_rate_atc_v2,20260728_operand_rate_v2_final_reduction_session02_BCA,reduction,fp16x2,20260728_operand_rate_v2_final_reduction_session02_BCA_reduction_fp16x2,0,1,20260728_operand_rate_v2_final_reduction_session02_BCA_reduction_fp16x2_b0_r1_treatment,treatment,treatment,20260728_operand_rate_v2_final_reduction_session02_BCA_reduction_fp16x2_b0_r1_treatment_1785246084398,42,182828.04924194899,182828.05302309699,182828.05113252299,0.003781147999688983,10.647904009994818,10315761712,true,true,5dff3859ad319cb37301e68cfc6fde00723e3a42110ca93adb44c05e97098167
softmax_whole_stage_atc_trace_v1,softmax_whole_stage_operand_rate_atc,softmax_whole_stage_operand_rate_atc_v2,20260728_operand_rate_v2_final_reduction_session02_BCA,reduction,fp16x2,20260728_operand_rate_v2_final_reduction_session02_BCA_reduction_fp16x2,0,1,20260728_operand_rate_v2_final_reduction_session02_BCA_reduction_fp16x2_b0_r1_treatment,treatment,treatment,20260728_operand_rate_v2_final_reduction_session02_BCA_reduction_fp16x2_b0_r1_treatment_1785246084398,43,182828.303629381,182828.30504509501,182828.30433723802,0.0014157140103634447,10.901108725025551,10315824920,true,true,5dff3859ad319cb37301e68cfc6fde00723e3a42110ca93adb44c05e97098167
softmax_whole_stage_atc_trace_v1,softmax_whole_stage_operand_rate_atc,softmax_whole_stage_operand_rate_atc_v2,20260728_operand_rate_v2_final_reduction_session02_BCA,reduction,fp16x2,20260728_operand_rate_v2_final_reduction_session02_BCA_reduction_fp16x2,0,1,20260728_operand_rate_v2_final_reduction_session02_BCA_reduction_fp16x2_b0_r1_treatment,treatment,treatment,20260728_operand_rate_v2_final_reduction_session02_BCA_reduction_fp16x2_b0_r1_treatment_1785246084398,44,182828.555649252,182828.55935128199,182828.55750026699,0.0037020299932919443,11.154271753999637,10315864920,true,true,5dff3859ad319cb37301e68cfc6fde00723e3a42110ca93adb44c05e97098167
softmax_whole_stage_atc_trace_v1,softmax_whole_stage_operand_rate_atc,softmax_whole_stage_operand_rate_atc_v2,20260728_operand_rate_v2_final_reduction_session02_BCA,reduction,fp16x2,20260728_operand_rate_v2_final_reduction_session02_BCA_reduction_fp16x2,0,1,20260728_operand_rate_v2_final_reduction_session02_BCA_reduction_fp16x2_b0_r1_treatment,treatment,treatment,20260728_operand_rate_v2_final_reduction_session02_BCA_reduction_fp16x2_b0_r1_treatment_1785246084398,45,182828.80953138199,182828.81096887699,182828.81025012949,0.0014374949969351292,11.407021616498241,10315928238,true,true,5dff3859ad319cb37301e68cfc6fde00723e3a42110ca93adb44c05e97098167
softmax_whole_stage_atc_trace_v1,softmax_whole_stage_operand_rate_atc,softmax_whole_stage_operand_rate_atc_v2,20260728_operand_rate_v2_final_reduction_session02_BCA,reduction,fp16x2,20260728_operand_rate_v2_final_reduction_session02_BCA_reduction_fp16x2,0,1,20260728_operand_rate_v2_final_reduction_session02_BCA_reduction_fp16x2_b0_r1_treatment,treatment,treatment,20260728_operand_rate_v2_final_reduction_session02_BCA_reduction_fp16x2_b0_r1_treatment_1785246084398,46,182829.06106000399,182829.062567785,182829.06181389448,0.0015077810094226152,11.658585381490411,10315968328,true,true,5dff3859ad319cb37301e68cfc6fde00723e3a42110ca93adb44c05e97098167
softmax_whole_stage_atc_trace_v1,softmax_whole_stage_operand_rate_atc,softmax_whole_stage_operand_rate_atc_v2,20260728_operand_rate_v2_final_reduction_session02_BCA,reduction,fp16x2,20260728_operand_rate_v2_final_reduction_session02_BCA_reduction_fp16x2,0,1,20260728_operand_rate_v2_final_reduction_session02_BCA_reduction_fp16x2_b0_r1_treatment,treatment,treatment,20260728_operand_rate_v2_final_reduction_session02_BCA_reduction_fp16x2_b0_r1_treatment_1785246084398,47,182829.31263811601,182829.314052059,182829.31334508752,0.0014139429840724915,11.910116574523272,10316031590,true,true,5dff3859ad319cb37301e68cfc6fde00723e3a42110ca93adb44c05e97098167
softmax_whole_stage_atc_trace_v1,softmax_whole_stage_operand_rate_atc,softmax_whole_stage_operand_rate_atc_v2,20260728_operand_rate_v2_final_reduction_session02_BCA,reduction,fp16x2,20260728_operand_rate_v2_final_reduction_session02_BCA_reduction_fp16x2,0,1,20260728_operand_rate_v2_final_reduction_session02_BCA_reduction_fp16x2_b0_r1_treatment,treatment,treatment,20260728_operand_rate_v2_final_reduction_session02_BCA_reduction_fp16x2_b0_r1_treatment_1785246084398,48,182829.56414314601,182829.565455142,182829.56479914399,0.0013119959912728518,12.161570630996721,10316094769,true,true,5dff3859ad319cb37301e68cfc6fde00723e3a42110ca93adb44c05e97098167
softmax_whole_stage_atc_trace_v1,softmax_whole_stage_operand_rate_atc,softmax_whole_stage_operand_rate_atc_v2,20260728_operand_rate_v2_final_reduction_session02_BCA,reduction,fp16x2,20260728_operand_rate_v2_final_reduction_session02_BCA_reduction_fp16x2,0,1,20260728_operand_rate_v2_final_reduction_session02_BCA_reduction_fp16x2_b0_r1_treatment,treatment,treatment,20260728_operand_rate_v2_final_reduction_session02_BCA_reduction_fp16x2_b0_r1_treatment_1785246084398,49,182829.81553724999,182829.816887283,182829.81621226651,0.0013500330096576363,12.412983753514709,10316136452,true,true,5dff3859ad319cb37301e68cfc6fde00723e3a42110ca93adb44c05e97098167
softmax_whole_stage_atc_trace_v1,softmax_whole_stage_operand_rate_atc,softmax_whole_stage_operand_rate_atc_v2,20260728_operand_rate_v2_final_reduction_session02_BCA,reduction,fp16x2,20260728_operand_rate_v2_final_reduction_session02_BCA_reduction_fp16x2,0,1,20260728_operand_rate_v2_final_reduction_session02_BCA_reduction_fp16x2_b0_r1_treatment,treatment,treatment,20260728_operand_rate_v2_final_reduction_session02_BCA_reduction_fp16x2_b0_r1_treatment_1785246084398,50,182830.06701949399,182830.06839669499,182830.06770809449,0.0013772009988315403,12.664479581493651,10316199443,true,true,5dff3859ad319cb37301e68cfc6fde00723e3a42110ca93adb44c05e97098167
softmax_whole_stage_atc_trace_v1,softmax_whole_stage_operand_rate_atc,softmax_whole_stage_operand_rate_atc_v2,20260728_operand_rate_v2_final_reduction_session02_BCA,reduction,fp16x2,20260728_operand_rate_v2_final_reduction_session02_BCA_reduction_fp16x2,0,1,20260728_operand_rate_v2_final_reduction_session02_BCA_reduction_fp16x2_b0_r1_treatment,treatment,treatment,20260728_operand_rate_v2_final_reduction_session02_BCA_reduction_fp16x2_b0_r1_treatment_1785246084398,51,182830.318523619,182830.31989237,182830.3192079945,0.0013687509926967323,12.915979481505929,10316240984,true,false,5dff3859ad319cb37301e68cfc6fde00723e3a42110ca93adb44c05e97098167
softmax_whole_stage_atc_trace_v1,softmax_whole_stage_operand_rate_atc,softmax_whole_stage_operand_rate_atc_v2,20260728_operand_rate_v2_final_reduction_session02_BCA,reduction,fp16x2,20260728_operand_rate_v2_final_reduction_session02_BCA_reduction_fp16x2,0,1,20260728_operand_rate_v2_final_reduction_session02_BCA_reduction_fp16x2_b0_r1_treatment,treatment,treatment,20260728_operand_rate_v2_final_reduction_session02_BCA_reduction_fp16x2_b0_r1_treatment_1785246084398,52,182830.56998247901,182830.57177493899,182830.570878709,0.0017924599815160036,13.167650196002796,10316304125,true,false,5dff3859ad319cb37301e68cfc6fde00723e3a42110ca93adb44c05e97098167
softmax_whole_stage_atc_trace_v1,softmax_whole_stage_operand_rate_atc,softmax_whole_stage_operand_rate_atc_v2,20260728_operand_rate_v2_final_reduction_session02_BCA,reduction,fp16x2,20260728_operand_rate_v2_final_reduction_session02_BCA_reduction_fp16x2,0,1,20260728_operand_rate_v2_final_reduction_session02_BCA_reduction_fp16x2_b0_r1_treatment,treatment,treatment,20260728_operand_rate_v2_final_reduction_session02_BCA_reduction_fp16x2_b0_r1_treatment_1785246084398,53,182830.821925661,182830.82453999299,182830.82323282701,0.0026143319846596569,13.420004314015387,10316362094,true,false,5dff3859ad319cb37301e68cfc6fde00723e3a42110ca93adb44c05e97098167
softmax_whole_stage_atc_trace_v1,softmax_whole_stage_operand_rate_atc,softmax_whole_stage_operand_rate_atc_v2,20260728_operand_rate_v2_final_reduction_session02_BCA,reduction,fp16x2,20260728_operand_rate_v2_final_reduction_session02_BCA_reduction_fp16x2,0,1,20260728_operand_rate_v2_final_reduction_session02_BCA_reduction_fp16x2_b0_r1_treatment,treatment,treatment,20260728_operand_rate_v2_final_reduction_session02_BCA_reduction_fp16x2_b0_r1_treatment_1785246084398,54,182830.82454582199,182830.82573215,182830.82513898599,0.0011863280087709427,13.421910473000025,10316362094,false,false,5dff3859ad319cb37301e68cfc6fde00723e3a42110ca93adb44c05e97098167
softmax_whole_stage_atc_trace_v1,softmax_whole_stage_operand_rate_atc,softmax_whole_stage_operand_rate_atc_v2,20260728_operand_rate_v2_final_reduction_session02_BCA,reduction,fp16x2,20260728_operand_rate_v2_final_reduction_session02_BCA_reduction_fp16x2,0,2,20260728_operand_rate_v2_final_reduction_session02_BCA_reduction_fp16x2_b0_r2_control,control,control,20260728_operand_rate_v2_final_reduction_session02_BCA_reduction_fp16x2_b0_r2_control_1785246098837,0,182831.84728245699,182831.84856958099,182831.84792601899,0.0012871240032836795,0.00070606300141662359,10316495203,false,false,5dff3859ad319cb37301e68cfc6fde00723e3a42110ca93adb44c05e97098167
softmax_whole_stage_atc_trace_v1,softmax_whole_stage_operand_rate_atc,softmax_whole_stage_operand_rate_atc_v2,20260728_operand_rate_v2_final_reduction_session02_BCA,reduction,fp16x2,20260728_operand_rate_v2_final_reduction_session02_BCA_reduction_fp16x2,0,2,20260728_operand_rate_v2_final_reduction_session02_BCA_reduction_fp16x2_b0_r2_control,control,control,20260728_operand_rate_v2_final_reduction_session02_BCA_reduction_fp16x2_b0_r2_control_1785246098837,1,182832.09859560101,182832.10002069399,182832.0993081475,0.0014250929816626012,0.25208819151157513,10316555161,true,false,5dff3859ad319cb37301e68cfc6fde00723e3a42110ca93adb44c05e97098167
softmax_whole_stage_atc_trace_v1,softmax_whole_stage_operand_rate_atc,softmax_whole_stage_operand_rate_atc_v2,20260728_operand_rate_v2_final_reduction_session02_BCA,reduction,fp16x2,20260728_operand_rate_v2_final_reduction_session02_BCA_reduction_fp16x2,0,2,20260728_operand_rate_v2_final_reduction_session02_BCA_reduction_fp16x2_b0_r2_control,control,control,20260728_operand_rate_v2_final_reduction_session02_BCA_reduction_fp16x2_b0_r2_control_1785246098837,2,182832.35011673399,182832.35151563099,182832.3508161825,0.0013988970022182912,0.50359622651012614,10316598744,true,false,5dff3859ad319cb37301e68cfc6fde00723e3a42110ca93adb44c05e97098167
softmax_whole_stage_atc_trace_v1,softmax_whole_stage_operand_rate_atc,softmax_whole_stage_operand_rate_atc_v2,20260728_operand_rate_v2_final_reduction_session02_BCA,reduction,fp16x2,20260728_operand_rate_v2_final_reduction_session02_BCA_reduction_fp16x2,0,2,20260728_operand_rate_v2_final_reduction_session02_BCA_reduction_fp16x2_b0_r2_control,control,control,20260728_operand_rate_v2_final_reduction_session02_BCA_reduction_fp16x2_b0_r2_control_1785246098837,3,182832.60158400299,182832.60396275599,182832.60277337948,0.002378753008088097,0.75555342348525301,10316666664,true,true,5dff3859ad319cb37301e68cfc6fde00723e3a42110ca93adb44c05e97098167
softmax_whole_stage_atc_trace_v1,softmax_whole_stage_operand_rate_atc,softmax_whole_stage_operand_rate_atc_v2,20260728_operand_rate_v2_final_reduction_session02_BCA,reduction,fp16x2,20260728_operand_rate_v2_final_reduction_session02_BCA_reduction_fp16x2,0,2,20260728_operand_rate_v2_final_reduction_session02_BCA_reduction_fp16x2_b0_r2_control,control,control,20260728_operand_rate_v2_final_reduction_session02_BCA_reduction_fp16x2_b0_r2_control_1785246098837,4,182832.85408188199,182832.85780356199,182832.855942722,0.0037216799973975867,1.0087227660114877,10316710188,true,true,5dff3859ad319cb37301e68cfc6fde00723e3a42110ca93adb44c05e97098167
softmax_whole_stage_atc_trace_v1,softmax_whole_stage_operand_rate_atc,softmax_whole_stage_operand_rate_atc_v2,20260728_operand_rate_v2_final_reduction_session02_BCA,reduction,fp16x2,20260728_operand_rate_v2_final_reduction_session02_BCA_reduction_fp16x2,0,2,20260728_operand_rate_v2_final_reduction_session02_BCA_reduction_fp16x2_b0_r2_control,control,control,20260728_operand_rate_v2_final_reduction_session02_BCA_reduction_fp16x2_b0_r2_control_1785246098837,5,182833.10788949201,182833.10923800201,182833.10856374702,0.0013485100062098354,1.2613437910331413,10316778599,true,true,5dff3859ad319cb37301e68cfc6fde00723e3a42110ca93adb44c05e97098167
softmax_whole_stage_atc_trace_v1,softmax_whole_stage_operand_rate_atc,softmax_whole_stage_operand_rate_atc_v2,20260728_operand_rate_v2_final_reduction_session02_BCA,reduction,fp16x2,20260728_operand_rate_v2_final_reduction_session02_BCA_reduction_fp16x2,0,2,20260728_operand_rate_v2_final_reduction_session02_BCA_reduction_fp16x2_b0_r2_control,control,control,20260728_operand_rate_v2_final_reduction_session02_BCA_reduction_fp16x2_b0_r2_control_1785246098837,6,182833.35937791801,182833.36076374899,182833.3600708335,0.0013858309830538929,1.5128508775087539,10316820272,true,true,5dff3859ad319cb37301e68cfc6fde00723e3a42110ca93adb44c05e97098167
softmax_whole_stage_atc_trace_v1,softmax_whole_stage_operand_rate_atc,softmax_whole_stage_operand_rate_atc_v2,20260728_operand_rate_v2_final_reduction_session02_BCA,reduction,fp16x2,20260728_operand_rate_v2_final_reduction_session02_BCA_reduction_fp16x2,0,2,20260728_operand_rate_v2_final_reduction_session02_BCA_reduction_fp16x2_b0_r2_control,control,control,20260728_operand_rate_v2_final_reduction_session02_BCA_reduction_fp16x2_b0_r2_control_1785246098837,7,182833.610888697,182833.61226527201,182833.61157698452,0.0013765750045422465,1.764357028529048,10316886151,true,true,5dff3859ad319cb37301e68cfc6fde00723e3a42110ca93adb44c05e97098167
softmax_whole_stage_atc_trace_v1,softmax_whole_stage_operand_rate_atc,softmax_whole_stage_operand_rate_atc_v2,20260728_operand_rate_v2_final_reduction_session02_BCA,reduction,fp16x2,20260728_operand_rate_v2_final_reduction_session02_BCA_reduction_fp16x2,0,2,20260728_operand_rate_v2_final_reduction_session02_BCA_reduction_fp16x2_b0_r2_control,control,control,20260728_operand_rate_v2_final_reduction_session02_BCA_reduction_fp16x2_b0_r2_control_1785246098837,8,182833.86238372099,182833.863736859,182833.86306028999,0.0013531380100175738,2.0158403340028599,10316953183,true,true,5dff3859ad319cb37301e68cfc6fde00723e3a42110ca93adb44c05e97098167
softmax_whole_stage_atc_trace_v1,softmax_whole_stage_operand_rate_atc,softmax_whole_stage_operand_rate_atc_v2,20260728_operand_rate_v2_final_reduction_session02_BCA,reduction,fp16x2,20260728_operand_rate_v2_final_reduction_session02_BCA_reduction_fp16x2,0,2,20260728_operand_rate_v2_final_reduction_session02_BCA_reduction_fp16x2_b0_r2_control,control,control,20260728_operand_rate_v2_final_reduction_session02_BCA_reduction_fp16x2_b0_r2_control_1785246098837,9,182834.11385123301,182834.11786178499,182834.11585650902,0.0040105519874487072,2.2686365530244075,10316998059,true,true,5dff3859ad319cb37301e68cfc6fde00723e3a42110ca93adb44c05e97098167
softmax_whole_stage_atc_trace_v1,softmax_whole_stage_operand_rate_atc,softmax_whole_stage_operand_rate_atc_v2,20260728_operand_rate_v2_final_reduction_session02_BCA,reduction,fp16x2,20260728_operand_rate_v2_final_reduction_session02_BCA_reduction_fp16x2,0,2,20260728_operand_rate_v2_final_reduction_session02_BCA_reduction_fp16x2_b0_r2_control,control,control,20260728_operand_rate_v2_final_reduction_session02_BCA_reduction_fp16x2_b0_r2_control_1785246098837,10,182834.36798084201,182834.36933324099,182834.36865704152,0.001352398976450786,2.5214370855246671,10317066713,true,true,5dff3859ad319cb37301e68cfc6fde00723e3a42110ca93adb44c05e97098167
softmax_whole_stage_atc_trace_v1,softmax_whole_stage_operand_rate_atc,softmax_whole_stage_operand_rate_atc_v2,20260728_operand_rate_v2_final_reduction_session02_BCA,reduction,fp16x2,20260728_operand_rate_v2_final_reduction_session02_BCA_reduction_fp16x2,0,2,20260728_operand_rate_v2_final_reduction_session02_BCA_reduction_fp16x2_b0_r2_control,control,control,20260728_operand_rate_v2_final_reduction_session02_BCA_reduction_fp16x2_b0_r2_control_1785246098837,11,182834.61945467,182834.620836716,182834.62014569301,0.0013820460007991642,2.7729257370228879,10317108679,true,true,5dff3859ad319cb37301e68cfc6fde00723e3a42110ca93adb44c05e97098167
softmax_whole_stage_atc_trace_v1,softmax_whole_stage_operand_rate_atc,softmax_whole_stage_operand_rate_atc_v2,20260728_operand_rate_v2_final_reduction_session02_BCA,reduction,fp16x2,20260728_operand_rate_v2_final_reduction_session02_BCA_reduction_fp16x2,0,2,20260728_operand_rate_v2_final_reduction_session02_BCA_reduction_fp16x2_b0_r2_control,control,control,20260728_operand_rate_v2_final_reduction_session02_BCA_reduction_fp16x2_b0_r2_control_1785246098837,12,182834.87096407401,182834.872387132,182834.871675603,0.0014230579836294055,3.024455647013383,10317175111,true,true,5dff3859ad319cb37301e68cfc6fde00723e3a42110ca93adb44c05e97098167
softmax_whole_stage_atc_trace_v1,softmax_whole_stage_operand_rate_atc,softmax_whole_stage_operand_rate_atc_v2,20260728_operand_rate_v2_final_reduction_session02_BCA,reduction,fp16x2,20260728_operand_rate_v2_final_reduction_session02_BCA_reduction_fp16x2,0,2,20260728_operand_rate_v2_final_reduction_session02_BCA_reduction_fp16x2_b0_r2_control,control,control,20260728_operand_rate_v2_final_reduction_session02_BCA_reduction_fp16x2_b0_r2_control_1785246098837,13,182835.122475335,182835.12584293701,182835.124159136,0.0033676020102575421,3.2769391800102312,10317219556,true,true,5dff3859ad319cb37301e68cfc6fde00723e3a42110ca93adb44c05e97098167
softmax_whole_stage_atc_trace_v1,softmax_whole_stage_operand_rate_atc,softmax_whole_stage_operand_rate_atc_v2,20260728_operand_rate_v2_final_reduction_session02_BCA,reduction,fp16x2,20260728_operand_rate_v2_final_reduction_session02_BCA_reduction_fp16x2,0,2,20260728_operand_rate_v2_final_reduction_session02_BCA_reduction_fp16x2_b0_r2_control,control,control,20260728_operand_rate_v2_final_reduction_session02_BCA_reduction_fp16x2_b0_r2_control_1785246098837,14,182835.37594210601,182835.37733308101,182835.37663759349,0.0013909749977756292,3.5294176375027746,10317288110,true,true,5dff3859ad319cb37301e68cfc6fde00723e3a42110ca93adb44c05e97098167
softmax_whole_stage_atc_trace_v1,softmax_whole_stage_operand_rate_atc,softmax_whole_stage_operand_rate_atc_v2,20260728_operand_rate_v2_final_reduction_session02_BCA,reduction,fp16x2,20260728_operand_rate_v2_final_reduction_session02_BCA_reduction_fp16x2,0,2,20260728_operand_rate_v2_final_reduction_session02_BCA_reduction_fp16x2_b0_r2_control,control,control,20260728_operand_rate_v2_final_reduction_session02_BCA_reduction_fp16x2_b0_r2_control_1785246098837,15,182835.62739656301,182835.628800226,182835.62809839449,0.001403662987286225,3.7808784384978935,10317330260,true,true,5dff3859ad319cb37301e68cfc6fde00723e3a42110ca93adb44c05e97098167
softmax_whole_stage_atc_trace_v1,softmax_whole_stage_operand_rate_atc,softmax_whole_stage_operand_rate_atc_v2,20260728_operand_rate_v2_final_reduction_session02_BCA,reduction,fp16x2,20260728_operand_rate_v2_final_reduction_session02_BCA_reduction_fp16x2,0,2,20260728_operand_rate_v2_final_reduction_session02_BCA_reduction_fp16x2_b0_r2_control,control,control,20260728_operand_rate_v2_final_reduction_session02_BCA_reduction_fp16x2_b0_r2_control_1785246098837,16,182835.87894212001,182835.880331508,182835.879636814,0.0013893879950046539,4.0324168580118567,10317396973,true,true,5dff3859ad319cb37301e68cfc6fde00723e3a42110ca93adb44c05e97098167
softmax_whole_stage_atc_trace_v1,softmax_whole_stage_operand_rate_atc,softmax_whole_stage_operand_rate_atc_v2,20260728_operand_rate_v2_final_reduction_session02_BCA,reduction,fp16x2,20260728_operand_rate_v2_final_reduction_session02_BCA_reduction_fp16x2,0,2,20260728_operand_rate_v2_final_reduction_session02_BCA_reduction_fp16x2_b0_r2_control,control,control,20260728_operand_rate_v2_final_reduction_session02_BCA_reduction_fp16x2_b0_r2_control_1785246098837,17,182836.13046247399,182836.131780364,182836.13112141899,0.0013178900117054582,4.2839014630008023,10317465073,true,true,5dff3859ad319cb37301e68cfc6fde00723e3a42110ca93adb44c05e97098167
softmax_whole_stage_atc_trace_v1,softmax_whole_stage_operand_rate_atc,softmax_whole_stage_operand_rate_atc_v2,20260728_operand_rate_v2_final_reduction_session02_BCA,reduction,fp16x2,20260728_operand_rate_v2_final_reduction_session02_BCA_reduction_fp16x2,0,2,20260728_operand_rate_v2_final_reduction_session02_BCA_reduction_fp16x2_b0_r2_control,control,control,20260728_operand_rate_v2_final_reduction_session02_BCA_reduction_fp16x2_b0_r2_control_1785246098837,18,182836.381901213,182836.38344433499,182836.38267277399,0.0015431219944730401,4.5354528180032503,10317511221,true,true,5dff3859ad319cb37301e68cfc6fde00723e3a42110ca93adb44c05e97098167
softmax_whole_stage_atc_trace_v1,softmax_whole_stage_operand_rate_atc,softmax_whole_stage_operand_rate_atc_v2,20260728_operand_rate_v2_final_reduction_session02_BCA,reduction,fp16x2,20260728_operand_rate_v2_final_reduction_session02_BCA_reduction_fp16x2,0,2,20260728_operand_rate_v2_final_reduction_session02_BCA_reduction_fp16x2_b0_r2_control,control,control,20260728_operand_rate_v2_final_reduction_session02_BCA_reduction_fp16x2_b0_r2_control_1785246098837,19,182836.63356279899,182836.634928896,182836.6342458475,0.0013660970143973827,4.7870258915063459,10317578000,true,true,5dff3859ad319cb37301e68cfc6fde00723e3a42110ca93adb44c05e97098167
softmax_whole_stage_atc_trace_v1,softmax_whole_stage_operand_rate_atc,softmax_whole_stage_operand_rate_atc_v2,20260728_operand_rate_v2_final_reduction_session02_BCA,reduction,fp16x2,20260728_operand_rate_v2_final_reduction_session02_BCA_reduction_fp16x2,0,2,20260728_operand_rate_v2_final_reduction_session02_BCA_reduction_fp16x2_b0_r2_control,control,control,20260728_operand_rate_v2_final_reduction_session02_BCA_reduction_fp16x2_b0_r2_control_1785246098837,20,182836.885055013,182836.88653670801,182836.88579586049,0.0014816950133536011,5.0385759045020677,10317623217,true,true,5dff3859ad319cb37301e68cfc6fde00723e3a42110ca93adb44c05e97098167
softmax_whole_stage_atc_trace_v1,softmax_whole_stage_operand_rate_atc,softmax_whole_stage_operand_rate_atc_v2,20260728_operand_rate_v2_final_reduction_session02_BCA,reduction,fp16x2,20260728_operand_rate_v2_final_reduction_session02_BCA_reduction_fp16x2,0,2,20260728_operand_rate_v2_final_reduction_session02_BCA_reduction_fp16x2_b0_r2_control,control,control,20260728_operand_rate_v2_final_reduction_session02_BCA_reduction_fp16x2_b0_r2_control_1785246098837,21,182837.136658734,182837.138030834,182837.13734478399,0.0013720999995712191,5.2901248279958963,10317688638,true,true,5dff3859ad319cb37301e68cfc6fde00723e3a42110ca93adb44c05e97098167
softmax_whole_stage_atc_trace_v1,softmax_whole_stage_operand_rate_atc,softmax_whole_stage_operand_rate_atc_v2,20260728_operand_rate_v2_final_reduction_session02_BCA,reduction,fp16x2,20260728_operand_rate_v2_final_reduction_session02_BCA_reduction_fp16x2,0,2,20260728_operand_rate_v2_final_reduction_session02_BCA_reduction_fp16x2_b0_r2_control,control,control,20260728_operand_rate_v2_final_reduction_session02_BCA_reduction_fp16x2_b0_r2_control_1785246098837,22,182837.38820241101,182837.390071364,182837.3891368875,0.0018689529970288277,5.5419169315136969,10317732534,true,true,5dff3859ad319cb37301e68cfc6fde00723e3a42110ca93adb44c05e97098167
softmax_whole_stage_atc_trace_v1,softmax_whole_stage_operand_rate_atc,softmax_whole_stage_operand_rate_atc_v2,20260728_operand_rate_v2_final_reduction_session02_BCA,reduction,fp16x2,20260728_operand_rate_v2_final_reduction_session02_BCA_reduction_fp16x2,0,2,20260728_operand_rate_v2_final_reduction_session02_BCA_reduction_fp16x2_b0_r2_control,control,control,20260728_operand_rate_v2_final_reduction_session02_BCA_reduction_fp16x2_b0_r2_control_1785246098837,23,182837.640195816,182837.641559846,182837.640877831,0.0013640300021506846,5.7936578750086483,10317801349,true,true,5dff3859ad319cb37301e68cfc6fde00723e3a42110ca93adb44c05e97098167
softmax_whole_stage_atc_trace_v1,softmax_whole_stage_operand_rate_atc,softmax_whole_stage_operand_rate_atc_v2,20260728_operand_rate_v2_final_reduction_session02_BCA,reduction,fp16x2,20260728_operand_rate_v2_final_reduction_session02_BCA_reduction_fp16x2,0,2,20260728_operand_rate_v2_final_reduction_session02_BCA_reduction_fp16x2_b0_r2_control,control,control,20260728_operand_rate_v2_final_reduction_session02_BCA_reduction_fp16x2_b0_r2_control_1785246098837,24,182837.89166208101,182837.89302690799,182837.8923444945,0.0013648269814439118,6.0451245385047514,10317843946,true,true,5dff3859ad319cb37301e68cfc6fde00723e3a42110ca93adb44c05e97098167
softmax_whole_stage_atc_trace_v1,softmax_whole_stage_operand_rate_atc,softmax_whole_stage_operand_rate_atc_v2,20260728_operand_rate_v2_final_reduction_session02_BCA,reduction,fp16x2,20260728_operand_rate_v2_final_reduction_session02_BCA_reduction_fp16x2,0,2,20260728_operand_rate_v2_final_reduction_session02_BCA_reduction_fp16x2_b0_r2_control,control,control,20260728_operand_rate_v2_final_reduction_session02_BCA_reduction_fp16x2_b0_r2_control_1785246098837,25,182838.14316121599,182838.14718693099,182838.14517407349,0.0040257149958051741,6.2979541175009217,10317911656,true,true,5dff3859ad319cb37301e68cfc6fde00723e3a42110ca93adb44c05e97098167
softmax_whole_stage_atc_trace_v1,softmax_whole_stage_operand_rate_atc,softmax_whole_stage_operand_rate_atc_v2,20260728_operand_rate_v2_final_reduction_session02_BCA,reduction,fp16x2,20260728_operand_rate_v2_final_reduction_session02_BCA_reduction_fp16x2,0,2,20260728_operand_rate_v2_final_reduction_session02_BCA_reduction_fp16x2_b0_r2_control,control,control,20260728_operand_rate_v2_final_reduction_session02_BCA_reduction_fp16x2_b0_r2_control_1785246098837,26,182838.397314331,182838.39866688501,182838.39799060801,0.001352554012555629,6.5507706520147622,10317957222,true,true,5dff3859ad319cb37301e68cfc6fde00723e3a42110ca93adb44c05e97098167
softmax_whole_stage_atc_trace_v1,softmax_whole_stage_operand_rate_atc,softmax_whole_stage_operand_rate_atc_v2,20260728_operand_rate_v2_final_reduction_session02_BCA,reduction,fp16x2,20260728_operand_rate_v2_final_reduction_session02_BCA_reduction_fp16x2,0,2,20260728_operand_rate_v2_final_reduction_session02_BCA_reduction_fp16x2_b0_r2_control,control,control,20260728_operand_rate_v2_final_reduction_session02_BCA_reduction_fp16x2_b0_r2_control_1785246098837,27,182838.648762139,182838.65015802099,182838.64946007999,0.0013958819909021258,6.8022401240014005,10318023231,true,true,5dff3859ad319cb37301e68cfc6fde00723e3a42110ca93adb44c05e97098167
softmax_whole_stage_atc_trace_v1,softmax_whole_stage_operand_rate_atc,softmax_whole_stage_operand_rate_atc_v2,20260728_operand_rate_v2_final_reduction_session02_BCA,reduction,fp16x2,20260728_operand_rate_v2_final_reduction_session02_BCA_reduction_fp16x2,0,2,20260728_operand_rate_v2_final_reduction_session02_BCA_reduction_fp16x2_b0_r2_control,control,control,20260728_operand_rate_v2_final_reduction_session02_BCA_reduction_fp16x2_b0_r2_control_1785246098837,28,182838.90025676999,182838.901650655,182838.90095371249,0.0013938850024715066,7.0537337565037888,10318067831,true,true,5dff3859ad319cb37301e68cfc6fde00723e3a42110ca93adb44c05e97098167
softmax_whole_stage_atc_trace_v1,softmax_whole_stage_operand_rate_atc,softmax_whole_stage_operand_rate_atc_v2,20260728_operand_rate_v2_final_reduction_session02_BCA,reduction,fp16x2,20260728_operand_rate_v2_final_reduction_session02_BCA_reduction_fp16x2,0,2,20260728_operand_rate_v2_final_reduction_session02_BCA_reduction_fp16x2_b0_r2_control,control,control,20260728_operand_rate_v2_final_reduction_session02_BCA_reduction_fp16x2_b0_r2_control_1785246098837,29,182839.15180058,182839.153285576,182839.152543078,0.0014849959989078343,7.305323122011032,10318132888,true,true,5dff3859ad319cb37301e68cfc6fde00723e3a42110ca93adb44c05e97098167
softmax_whole_stage_atc_trace_v1,softmax_whole_stage_operand_rate_atc,softmax_whole_stage_operand_rate_atc_v2,20260728_operand_rate_v2_final_reduction_session02_BCA,reduction,fp16x2,20260728_operand_rate_v2_final_reduction_session02_BCA_reduction_fp16x2,0,2,20260728_operand_rate_v2_final_reduction_session02_BCA_reduction_fp16x2_b0_r2_control,control,control,20260728_operand_rate_v2_final_reduction_session02_BCA_reduction_fp16x2_b0_r2_control_1785246098837,30,182839.40349972699,182839.40535567101,182839.40442769899,0.0018559440213721246,7.5572077429969795,10318176608,true,true,5dff3859ad319cb37301e68cfc6fde00723e3a42110ca93adb44c05e97098167
softmax_whole_stage_atc_trace_v1,softmax_whole_stage_operand_rate_atc,softmax_whole_stage_operand_rate_atc_v2,20260728_operand_rate_v2_final_reduction_session02_BCA,reduction,fp16x2,20260728_operand_rate_v2_final_reduction_session02_BCA_reduction_fp16x2,0,2,20260728_operand_rate_v2_final_reduction_session02_BCA_reduction_fp16x2_b0_r2_control,control,control,20260728_operand_rate_v2_final_reduction_session02_BCA_reduction_fp16x2_b0_r2_control_1785246098837,31,182839.65555952099,182839.65697850799,182839.65626901449,0.0014189869980327785,7.8090490585018415,10318245365,true,true,5dff3859ad319cb37301e68cfc6fde00723e3a42110ca93adb44c05e97098167
softmax_whole_stage_atc_trace_v1,softmax_whole_stage_operand_rate_atc,softmax_whole_stage_operand_rate_atc_v2,20260728_operand_rate_v2_final_reduction_session02_BCA,reduction,fp16x2,20260728_operand_rate_v2_final_reduction_session02_BCA_reduction_fp16x2,0,2,20260728_operand_rate_v2_final_reduction_session02_BCA_reduction_fp16x2_b0_r2_control,control,control,20260728_operand_rate_v2_final_reduction_session02_BCA_reduction_fp16x2_b0_r2_control_1785246098837,32,182839.90718135799,182839.90864164999,182839.90791150398,0.0014602919982280582,8.060691547987517,10318288151,true,true,5dff3859ad319cb37301e68cfc6fde00723e3a42110ca93adb44c05e97098167
softmax_whole_stage_atc_trace_v1,softmax_whole_stage_operand_rate_atc,softmax_whole_stage_operand_rate_atc_v2,20260728_operand_rate_v2_final_reduction_session02_BCA,reduction,fp16x2,20260728_operand_rate_v2_final_reduction_session02_BCA_reduction_fp16x2,0,2,20260728_operand_rate_v2_final_reduction_session02_BCA_reduction_fp16x2_b0_r2_control,control,control,20260728_operand_rate_v2_final_reduction_session02_BCA_reduction_fp16x2_b0_r2_control_1785246098837,33,182840.158784542,182840.160110289,182840.1594474155,0.0013257469981908798,8.3122274595079944,10318356058,true,true,5dff3859ad319cb37301e68cfc6fde00723e3a42110ca93adb44c05e97098167
softmax_whole_stage_atc_trace_v1,softmax_whole_stage_operand_rate_atc,softmax_whole_stage_operand_rate_atc_v2,20260728_operand_rate_v2_final_reduction_session02_BCA,reduction,fp16x2,20260728_operand_rate_v2_final_reduction_session02_BCA_reduction_fp16x2,0,2,20260728_operand_rate_v2_final_reduction_session02_BCA_reduction_fp16x2_b0_r2_control,control,control,20260728_operand_rate_v2_final_reduction_session02_BCA_reduction_fp16x2_b0_r2_control_1785246098837,34,182840.410672147,182840.41205729501,182840.41136472102,0.0013851480034645647,8.5641447650268674,10318398108,true,true,5dff3859ad319cb37301e68cfc6fde00723e3a42110ca93adb44c05e97098167
softmax_whole_stage_atc_trace_v1,softmax_whole_stage_operand_rate_atc,softmax_whole_stage_operand_rate_atc_v2,20260728_operand_rate_v2_final_reduction_session02_BCA,reduction,fp16x2,20260728_operand_rate_v2_final_reduction_session02_BCA_reduction_fp16x2,0,2,20260728_operand_rate_v2_final_reduction_session02_BCA_reduction_fp16x2_b0_r2_control,control,control,20260728_operand_rate_v2_final_reduction_session02_BCA_reduction_fp16x2_b0_r2_control_1785246098837,35,182840.66265108899,182840.66640774399,182840.66452941648,0.0037566550017800182,8.8173094604862854,10318465317,true,false,5dff3859ad319cb37301e68cfc6fde00723e3a42110ca93adb44c05e97098167
softmax_whole_stage_atc_trace_v1,softmax_whole_stage_operand_rate_atc,softmax_whole_stage_operand_rate_atc_v2,20260728_operand_rate_v2_final_reduction_session02_BCA,reduction,fp16x2,20260728_operand_rate_v2_final_reduction_session02_BCA_reduction_fp16x2,0,2,20260728_operand_rate_v2_final_reduction_session02_BCA_reduction_fp16x2_b0_r2_control,control,control,20260728_operand_rate_v2_final_reduction_session02_BCA_reduction_fp16x2_b0_r2_control_1785246098837,36,182840.91695974101,182840.918319513,182840.917639627,0.0013597719953395426,9.0704196710139513,10318508459,true,false,5dff3859ad319cb37301e68cfc6fde00723e3a42110ca93adb44c05e97098167
softmax_whole_stage_atc_trace_v1,softmax_whole_stage_operand_rate_atc,softmax_whole_stage_operand_rate_atc_v2,20260728_operand_rate_v2_final_reduction_session02_BCA,reduction,fp16x2,20260728_operand_rate_v2_final_reduction_session02_BCA_reduction_fp16x2,0,2,20260728_operand_rate_v2_final_reduction_session02_BCA_reduction_fp16x2_b0_r2_control,control,control,20260728_operand_rate_v2_final_reduction_session02_BCA_reduction_fp16x2_b0_r2_control_1785246098837,37,182841.16905895399,182841.17131145601,182841.170185205,0.0022525020176544785,9.3229652490117587,10318554917,true,false,5dff3859ad319cb37301e68cfc6fde00723e3a42110ca93adb44c05e97098167
softmax_whole_stage_atc_trace_v1,softmax_whole_stage_operand_rate_atc,softmax_whole_stage_operand_rate_atc_v2,20260728_operand_rate_v2_final_reduction_session02_BCA,reduction,fp16x2,20260728_operand_rate_v2_final_reduction_session02_BCA_reduction_fp16x2,0,2,20260728_operand_rate_v2_final_reduction_session02_BCA_reduction_fp16x2_b0_r2_control,control,control,20260728_operand_rate_v2_final_reduction_session02_BCA_reduction_fp16x2_b0_r2_control_1785246098837,38,182841.171331819,182841.173334144,182841.17233298148,0.0020023249962832779,9.3251130254939198,10318554917,false,false,5dff3859ad319cb37301e68cfc6fde00723e3a42110ca93adb44c05e97098167
softmax_whole_stage_atc_trace_v1,softmax_whole_stage_operand_rate_atc,softmax_whole_stage_operand_rate_atc_v2,20260728_operand_rate_v2_final_reduction_session02_BCA,reduction,fp16x2,20260728_operand_rate_v2_final_reduction_session02_BCA_reduction_fp16x2,1,0,20260728_operand_rate_v2_final_reduction_session02_BCA_reduction_fp16x2_b1_r0_treatment,treatment,treatment,20260728_operand_rate_v2_final_reduction_session02_BCA_reduction_fp16x2_b1_r0_treatment_1785246109198,0,182842.204133886,182842.20528814799,182842.204711017,0.0011542619904503226,0.00059500700444914401,10318686318,false,false,5dff3859ad319cb37301e68cfc6fde00723e3a42110ca93adb44c05e97098167
softmax_whole_stage_atc_trace_v1,softmax_whole_stage_operand_rate_atc,softmax_whole_stage_operand_rate_atc_v2,20260728_operand_rate_v2_final_reduction_session02_BCA,reduction,fp16x2,20260728_operand_rate_v2_final_reduction_session02_BCA_reduction_fp16x2,1,0,20260728_operand_rate_v2_final_reduction_session02_BCA_reduction_fp16x2_b1_r0_treatment,treatment,treatment,20260728_operand_rate_v2_final_reduction_session02_BCA_reduction_fp16x2_b1_r0_treatment_1785246109198,1,182842.455508454,182842.456949046,182842.45622875,0.0014405919937416911,0.25211274001048878,10318739807,true,false,5dff3859ad319cb37301e68cfc6fde00723e3a42110ca93adb44c05e97098167
softmax_whole_stage_atc_trace_v1,softmax_whole_stage_operand_rate_atc,softmax_whole_stage_operand_rate_atc_v2,20260728_operand_rate_v2_final_reduction_session02_BCA,reduction,fp16x2,20260728_operand_rate_v2_final_reduction_session02_BCA_reduction_fp16x2,1,0,20260728_operand_rate_v2_final_reduction_session02_BCA_reduction_fp16x2_b1_r0_treatment,treatment,treatment,20260728_operand_rate_v2_final_reduction_session02_BCA_reduction_fp16x2_b1_r0_treatment_1785246109198,2,182842.70797732499,182842.71230392301,182842.710140624,0.0043265980202704668,0.50602461400558241,10318780273,true,false,5dff3859ad319cb37301e68cfc6fde00723e3a42110ca93adb44c05e97098167
softmax_whole_stage_atc_trace_v1,softmax_whole_stage_operand_rate_atc,softmax_whole_stage_operand_rate_atc_v2,20260728_operand_rate_v2_final_reduction_session02_BCA,reduction,fp16x2,20260728_operand_rate_v2_final_reduction_session02_BCA_reduction_fp16x2,1,0,20260728_operand_rate_v2_final_reduction_session02_BCA_reduction_fp16x2_b1_r0_treatment,treatment,treatment,20260728_operand_rate_v2_final_reduction_session02_BCA_reduction_fp16x2_b1_r0_treatment_1785246109198,3,182842.96320174099,182842.96457534499,182842.96388854299,0.0013736039982177317,0.75977253299788572,10318843325,true,true,5dff3859ad319cb37301e68cfc6fde00723e3a42110ca93adb44c05e97098167
softmax_whole_stage_atc_trace_v1,softmax_whole_stage_operand_rate_atc,softmax_whole_stage_operand_rate_atc_v2,20260728_operand_rate_v2_final_reduction_session02_BCA,reduction,fp16x2,20260728_operand_rate_v2_final_reduction_session02_BCA_reduction_fp16x2,1,0,20260728_operand_rate_v2_final_reduction_session02_BCA_reduction_fp16x2_b1_r0_treatment,treatment,treatment,20260728_operand_rate_v2_final_reduction_session02_BCA_reduction_fp16x2_b1_r0_treatment_1785246109198,4,182843.215669167,182843.21702128401,182843.21634522552,0.0013521170185413212,1.0122292155283503,10318882722,true,true,5dff3859ad319cb37301e68cfc6fde00723e3a42110ca93adb44c05e97098167
softmax_whole_stage_atc_trace_v1,softmax_whole_stage_operand_rate_atc,softmax_whole_stage_operand_rate_atc_v2,20260728_operand_rate_v2_final_reduction_session02_BCA,reduction,fp16x2,20260728_operand_rate_v2_final_reduction_session02_BCA_reduction_fp16x2,1,0,20260728_operand_rate_v2_final_reduction_session02_BCA_reduction_fp16x2_b1_r0_treatment,treatment,treatment,20260728_operand_rate_v2_final_reduction_session02_BCA_reduction_fp16x2_b1_r0_treatment_1785246109198,5,182843.467160336,182843.46855769501,182843.46785901551,0.0013973590102978051,1.2637430055183358,10318945349,true,true,5dff3859ad319cb37301e68cfc6fde00723e3a42110ca93adb44c05e97098167
softmax_whole_stage_atc_trace_v1,softmax_whole_stage_operand_rate_atc,softmax_whole_stage_operand_rate_atc_v2,20260728_operand_rate_v2_final_reduction_session02_BCA,reduction,fp16x2,20260728_operand_rate_v2_final_reduction_session02_BCA_reduction_fp16x2,1,0,20260728_operand_rate_v2_final_reduction_session02_BCA_reduction_fp16x2_b1_r0_treatment,treatment,treatment,20260728_operand_rate_v2_final_reduction_session02_BCA_reduction_fp16x2_b1_r0_treatment_1785246109198,6,182843.719734688,182843.72107463999,182843.720404664,0.0013399519957602024,1.5162886540056206,10318984445,true,true,5dff3859ad319cb37301e68cfc6fde00723e3a42110ca93adb44c05e97098167
softmax_whole_stage_atc_trace_v1,softmax_whole_stage_operand_rate_atc,softmax_whole_stage_operand_rate_atc_v2,20260728_operand_rate_v2_final_reduction_session02_BCA,reduction,fp16x2,20260728_operand_rate_v2_final_reduction_session02_BCA_reduction_fp16x2,1,0,20260728_operand_rate_v2_final_reduction_session02_BCA_reduction_fp16x2_b1_r0_treatment,treatment,treatment,20260728_operand_rate_v2_final_reduction_session02_BCA_reduction_fp16x2_b1_r0_treatment_1785246109198,7,182843.972593557,182843.97416605099,182843.973379804,0.0015724939876236022,1.7692637940053828,10319046781,true,true,5dff3859ad319cb37301e68cfc6fde00723e3a42110ca93adb44c05e97098167
softmax_whole_stage_atc_trace_v1,softmax_whole_stage_operand_rate_atc,softmax_whole_stage_operand_rate_atc_v2,20260728_operand_rate_v2_final_reduction_session02_BCA,reduction,fp16x2,20260728_operand_rate_v2_final_reduction_session02_BCA_reduction_fp16x2,1,0,20260728_operand_rate_v2_final_reduction_session02_BCA_reduction_fp16x2_b1_r0_treatment,treatment,treatment,20260728_operand_rate_v2_final_reduction_session02_BCA_reduction_fp16x2_b1_r0_treatment_1785246109198,8,182844.22483632001,182844.22623223701,182844.22553427849,0.0013959170028101653,2.0214182685012929,10319085243,true,true,5dff3859ad319cb37301e68cfc6fde00723e3a42110ca93adb44c05e97098167
softmax_whole_stage_atc_trace_v1,softmax_whole_stage_operand_rate_atc,softmax_whole_stage_operand_rate_atc_v2,20260728_operand_rate_v2_final_reduction_session02_BCA,reduction,fp16x2,20260728_operand_rate_v2_final_reduction_session02_BCA_reduction_fp16x2,1,0,20260728_operand_rate_v2_final_reduction_session02_BCA_reduction_fp16x2_b1_r0_treatment,treatment,treatment,20260728_operand_rate_v2_final_reduction_session02_BCA_reduction_fp16x2_b1_r0_treatment_1785246109198,9,182844.47791358599,182844.48150511499,182844.4797093505,0.0035915290063712746,2.2755933405132964,10319147038,true,true,5dff3859ad319cb37301e68cfc6fde00723e3a42110ca93adb44c05e97098167
softmax_whole_stage_atc_trace_v1,softmax_whole_stage_operand_rate_atc,softmax_whole_stage_operand_rate_atc_v2,20260728_operand_rate_v2_final_reduction_session02_BCA,reduction,fp16x2,20260728_operand_rate_v2_final_reduction_session02_BCA_reduction_fp16x2,1,0,20260728_operand_rate_v2_final_reduction_session02_BCA_reduction_fp16x2_b1_r0_treatment,treatment,treatment,20260728_operand_rate_v2_final_reduction_session02_BCA_reduction_fp16x2_b1_r0_treatment_1785246109198,10,182844.73278878001,182844.73419908801,182844.73349393401,0.0014103080029599369,2.529377924016444,10319188842,true,true,5dff3859ad319cb37301e68cfc6fde00723e3a42110ca93adb44c05e97098167
softmax_whole_stage_atc_trace_v1,softmax_whole_stage_operand_rate_atc,softmax_whole_stage_operand_rate_atc_v2,20260728_operand_rate_v2_final_reduction_session02_BCA,reduction,fp16x2,20260728_operand_rate_v2_final_reduction_session02_BCA_reduction_fp16x2,1,0,20260728_operand_rate_v2_final_reduction_session02_BCA_reduction_fp16x2_b1_r0_treatment,treatment,treatment,20260728_operand_rate_v2_final_reduction_session02_BCA_reduction_fp16x2_b1_r0_treatment_1785246109198,11,182844.98594654899,182844.98860002001,182844.9872732845,0.0026534710195846856,2.7831572745053563,10319249657,true,true,5dff3859ad319cb37301e68cfc6fde00723e3a42110ca93adb44c05e97098167
softmax_whole_stage_atc_trace_v1,softmax_whole_stage_operand_rate_atc,softmax_whole_stage_operand_rate_atc_v2,20260728_operand_rate_v2_final_reduction_session02_BCA,reduction,fp16x2,20260728_operand_rate_v2_final_reduction_session02_BCA_reduction_fp16x2,1,0,20260728_operand_rate_v2_final_reduction_session02_BCA_reduction_fp16x2_b1_r0_treatment,treatment,treatment,20260728_operand_rate_v2_final_reduction_session02_BCA_reduction_fp16x2_b1_r0_treatment_1785246109198,12,182845.23940861801,182845.24063192701,182845.2400202725,0.0012233089946676046,3.0359042625059374,10319312162,true,true,5dff3859ad319cb37301e68cfc6fde00723e3a42110ca93adb44c05e97098167
softmax_whole_stage_atc_trace_v1,softmax_whole_stage_operand_rate_atc,softmax_whole_stage_operand_rate_atc_v2,20260728_operand_rate_v2_final_reduction_session02_BCA,reduction,fp16x2,20260728_operand_rate_v2_final_reduction_session02_BCA_reduction_fp16x2,1,0,20260728_operand_rate_v2_final_reduction_session02_BCA_reduction_fp16x2_b1_r0_treatment,treatment,treatment,20260728_operand_rate_v2_final_reduction_session02_BCA_reduction_fp16x2_b1_r0_treatment_1785246109198,13,182845.49253168999,182845.493976458,182845.49325407401,0.0014447680150624365,3.2891380640212446,10319354850,true,true,5dff3859ad319cb37301e68cfc6fde00723e3a42110ca93adb44c05e97098167
softmax_whole_stage_atc_trace_v1,softmax_whole_stage_operand_rate_atc,softmax_whole_stage_operand_rate_atc_v2,20260728_operand_rate_v2_final_reduction_session02_BCA,reduction,fp16x2,20260728_operand_rate_v2_final_reduction_session02_BCA_reduction_fp16x2,1,0,20260728_operand_rate_v2_final_reduction_session02_BCA_reduction_fp16x2_b1_r0_treatment,treatment,treatment,20260728_operand_rate_v2_final_reduction_session02_BCA_reduction_fp16x2_b1_r0_treatment_1785246109198,14,182845.74532665301,182845.749671128,182845.7474988905,0.0043444749899208546,3.5433828805107623,10319416894,true,true,5dff3859ad319cb37301e68cfc6fde00723e3a42110ca93adb44c05e97098167
softmax_whole_stage_atc_trace_v1,softmax_whole_stage_operand_rate_atc,softmax_whole_stage_operand_rate_atc_v2,20260728_operand_rate_v2_final_reduction_session02_BCA,reduction,fp16x2,20260728_operand_rate_v2_final_reduction_session02_BCA_reduction_fp16x2,1,0,20260728_operand_rate_v2_final_reduction_session02_BCA_reduction_fp16x2_b1_r0_treatment,treatment,treatment,20260728_operand_rate_v2_final_reduction_session02_BCA_reduction_fp16x2_b1_r0_treatment_1785246109198,15,182846.00161859699,182846.00306830299,182846.00234344997,0.0014497060037683696,3.7982274399837479,10319458764,true,true,5dff3859ad319cb37301e68cfc6fde00723e3a42110ca93adb44c05e97098167
softmax_whole_stage_atc_trace_v1,softmax_whole_stage_operand_rate_atc,softmax_whole_stage_operand_rate_atc_v2,20260728_operand_rate_v2_final_reduction_session02_BCA,reduction,fp16x2,20260728_operand_rate_v2_final_reduction_session02_BCA_reduction_fp16x2,1,0,20260728_operand_rate_v2_final_reduction_session02_BCA_reduction_fp16x2_b1_r0_treatment,treatment,treatment,20260728_operand_rate_v2_final_reduction_session02_BCA_reduction_fp16x2_b1_r0_treatment_1785246109198,16,182846.25455228501,182846.255957346,182846.25525481551,0.0014050609897822142,4.0511388055165298,10319519584,true,true,5dff3859ad319cb37301e68cfc6fde00723e3a42110ca93adb44c05e97098167
softmax_whole_stage_atc_trace_v1,softmax_whole_stage_operand_rate_atc,softmax_whole_stage_operand_rate_atc_v2,20260728_operand_rate_v2_final_reduction_session02_BCA,reduction,fp16x2,20260728_operand_rate_v2_final_reduction_session02_BCA_reduction_fp16x2,1,0,20260728_operand_rate_v2_final_reduction_session02_BCA_reduction_fp16x2_b1_r0_treatment,treatment,treatment,20260728_operand_rate_v2_final_reduction_session02_BCA_reduction_fp16x2_b1_r0_treatment_1785246109198,17,182846.50803471499,182846.50941055,182846.50872263248,0.0013758350105490535,4.3046066224924289,10319560911,true,true,5dff3859ad319cb37301e68cfc6fde00723e3a42110ca93adb44c05e97098167
softmax_whole_stage_atc_trace_v1,softmax_whole_stage_operand_rate_atc,softmax_whole_stage_operand_rate_atc_v2,20260728_operand_rate_v2_final_reduction_session02_BCA,reduction,fp16x2,20260728_operand_rate_v2_final_reduction_session02_BCA_reduction_fp16x2,1,0,20260728_operand_rate_v2_final_reduction_session02_BCA_reduction_fp16x2_b1_r0_treatment,treatment,treatment,20260728_operand_rate_v2_final_reduction_session02_BCA_reduction_fp16x2_b1_r0_treatment_1785246109198,18,182846.75973053501,182846.761125719,182846.76042812702,0.001395183993736282,4.5563121170271188,10319621204,true,true,5dff3859ad319cb37301e68cfc6fde00723e3a42110ca93adb44c05e97098167
softmax_whole_stage_atc_trace_v1,softmax_whole_stage_operand_rate_atc,softmax_whole_stage_operand_rate_atc_v2,20260728_operand_rate_v2_final_reduction_session02_BCA,reduction,fp16x2,20260728_operand_rate_v2_final_reduction_session02_BCA_reduction_fp16x2,1,0,20260728_operand_rate_v2_final_reduction_session02_BCA_reduction_fp16x2_b1_r0_treatment,treatment,treatment,20260728_operand_rate_v2_final_reduction_session02_BCA_reduction_fp16x2_b1_r0_treatment_1785246109198,19,182847.013218204,182847.014657703,182847.01393795351,0.0014394989993888885,4.809821943519637,10319662212,true,true,5dff3859ad319cb37301e68cfc6fde00723e3a42110ca93adb44c05e97098167
softmax_whole_stage_atc_trace_v1,softmax_whole_stage_operand_rate_atc,softmax_whole_stage_operand_rate_atc_v2,20260728_operand_rate_v2_final_reduction_session02_BCA,reduction,fp16x2,20260728_operand_rate_v2_final_reduction_session02_BCA_reduction_fp16x2,1,0,20260728_operand_rate_v2_final_reduction_session02_BCA_reduction_fp16x2_b1_r0_treatment,treatment,treatment,20260728_operand_rate_v2_final_reduction_session02_BCA_reduction_fp16x2_b1_r0_treatment_1785246109198,20,182847.26549547599,182847.26690684,182847.266201158,0.001411364006344229,5.0620851480052806,10319722181,true,true,5dff3859ad319cb37301e68cfc6fde00723e3a42110ca93adb44c05e97098167
softmax_whole_stage_atc_trace_v1,softmax_whole_stage_operand_rate_atc,softmax_whole_stage_operand_rate_atc_v2,20260728_operand_rate_v2_final_reduction_session02_BCA,reduction,fp16x2,20260728_operand_rate_v2_final_reduction_session02_BCA_reduction_fp16x2,1,0,20260728_operand_rate_v2_final_reduction_session02_BCA_reduction_fp16x2_b1_r0_treatment,treatment,treatment,20260728_operand_rate_v2_final_reduction_session02_BCA_reduction_fp16x2_b1_r0_treatment_1785246109198,21,182847.51918986,182847.52296916099,182847.52107951051,0.0037793009832967073,5.3169635005178861,10319762754,true,true,5dff3859ad319cb37301e68cfc6fde00723e3a42110ca93adb44c05e97098167
softmax_whole_stage_atc_trace_v1,softmax_whole_stage_operand_rate_atc,softmax_whole_stage_operand_rate_atc_v2,20260728_operand_rate_v2_final_reduction_session02_BCA,reduction,fp16x2,20260728_operand_rate_v2_final_reduction_session02_BCA_reduction_fp16x2,1,0,20260728_operand_rate_v2_final_reduction_session02_BCA_reduction_fp16x2_b1_r0_treatment,treatment,treatment,20260728_operand_rate_v2_final_reduction_session02_BCA_reduction_fp16x2_b1_r0_treatment_1785246109198,22,182847.774351473,182847.77563083699,182847.77499115499,0.0012793639907613397,5.5708751450001728,10319825995,true,true,5dff3859ad319cb37301e68cfc6fde00723e3a42110ca93adb44c05e97098167
softmax_whole_stage_atc_trace_v1,softmax_whole_stage_operand_rate_atc,softmax_whole_stage_operand_rate_atc_v2,20260728_operand_rate_v2_final_reduction_session02_BCA,reduction,fp16x2,20260728_operand_rate_v2_final_reduction_session02_BCA_reduction_fp16x2,1,0,20260728_operand_rate_v2_final_reduction_session02_BCA_reduction_fp16x2_b1_r0_treatment,treatment,treatment,20260728_operand_rate_v2_final_reduction_session02_BCA_reduction_fp16x2_b1_r0_treatment_1785246109198,23,182848.02788344701,182848.029262369,182848.02857290802,0.0013789219956379384,5.8244568980298936,10319865356,true,true,5dff3859ad319cb37301e68cfc6fde00723e3a42110ca93adb44c05e97098167
softmax_whole_stage_atc_trace_v1,softmax_whole_stage_operand_rate_atc,softmax_whole_stage_operand_rate_atc_v2,20260728_operand_rate_v2_final_reduction_session02_BCA,reduction,fp16x2,20260728_operand_rate_v2_final_reduction_session02_BCA_reduction_fp16x2,1,0,20260728_operand_rate_v2_final_reduction_session02_BCA_reduction_fp16x2_b1_r0_treatment,treatment,treatment,20260728_operand_rate_v2_final_reduction_session02_BCA_reduction_fp16x2_b1_r0_treatment_1785246109198,24,182848.28065885699,182848.28210305801,182848.28138095752,0.0014442010142374784,6.0772649475256912,10319927631,true,true,5dff3859ad319cb37301e68cfc6fde00723e3a42110ca93adb44c05e97098167
softmax_whole_stage_atc_trace_v1,softmax_whole_stage_operand_rate_atc,softmax_whole_stage_operand_rate_atc_v2,20260728_operand_rate_v2_final_reduction_session02_BCA,reduction,fp16x2,20260728_operand_rate_v2_final_reduction_session02_BCA_reduction_fp16x2,1,0,20260728_operand_rate_v2_final_reduction_session02_BCA_reduction_fp16x2_b1_r0_treatment,treatment,treatment,20260728_operand_rate_v2_final_reduction_session02_BCA_reduction_fp16x2_b1_r0_treatment_1785246109198,25,182848.53450869099,182848.535921111,182848.535214901,0.0014124200097285211,6.3310988910088781,10319966482,true,true,5dff3859ad319cb37301e68cfc6fde00723e3a42110ca93adb44c05e97098167
softmax_whole_stage_atc_trace_v1,softmax_whole_stage_operand_rate_atc,softmax_whole_stage_operand_rate_atc_v2,20260728_operand_rate_v2_final_reduction_session02_BCA,reduction,fp16x2,20260728_operand_rate_v2_final_reduction_session02_BCA_reduction_fp16x2,1,0,20260728_operand_rate_v2_final_reduction_session02_BCA_reduction_fp16x2_b1_r0_treatment,treatment,treatment,20260728_operand_rate_v2_final_reduction_session02_BCA_reduction_fp16x2_b1_r0_treatment_1785246109198,26,182848.78731695999,182848.78871512899,182848.78801604448,0.0013981689990032464,6.5839000344858505,10320028366,true,true,5dff3859ad319cb37301e68cfc6fde00723e3a42110ca93adb44c05e97098167
softmax_whole_stage_atc_trace_v1,softmax_whole_stage_operand_rate_atc,softmax_whole_stage_operand_rate_atc_v2,20260728_operand_rate_v2_final_reduction_session02_BCA,reduction,fp16x2,20260728_operand_rate_v2_final_reduction_session02_BCA_reduction_fp16x2,1,0,20260728_operand_rate_v2_final_reduction_session02_BCA_reduction_fp16x2_b1_r0_treatment,treatment,treatment,20260728_operand_rate_v2_final_reduction_session02_BCA_reduction_fp16x2_b1_r0_treatment_1785246109198,27,182849.041082738,182849.042459355,182849.0417710465,0.0013766170013695955,6.8376550365064759,10320066704,true,true,5dff3859ad319cb37301e68cfc6fde00723e3a42110ca93adb44c05e97098167
softmax_whole_stage_atc_trace_v1,softmax_whole_stage_operand_rate_atc,softmax_whole_stage_operand_rate_atc_v2,20260728_operand_rate_v2_final_reduction_session02_BCA,reduction,fp16x2,20260728_operand_rate_v2_final_reduction_session02_BCA_reduction_fp16x2,1,0,20260728_operand_rate_v2_final_reduction_session02_BCA_reduction_fp16x2_b1_r0_treatment,treatment,treatment,20260728_operand_rate_v2_final_reduction_session02_BCA_reduction_fp16x2_b1_r0_treatment_1785246109198,28,182849.292649109,182849.29779040199,182849.2952197555,0.0051412929897196591,7.0911037455080077,10320128246,true,true,5dff3859ad319cb37301e68cfc6fde00723e3a42110ca93adb44c05e97098167
softmax_whole_stage_atc_trace_v1,softmax_whole_stage_operand_rate_atc,softmax_whole_stage_operand_rate_atc_v2,20260728_operand_rate_v2_final_reduction_session02_BCA,reduction,fp16x2,20260728_operand_rate_v2_final_reduction_session02_BCA_reduction_fp16x2,1,0,20260728_operand_rate_v2_final_reduction_session02_BCA_reduction_fp16x2_b1_r0_treatment,treatment,treatment,20260728_operand_rate_v2_final_reduction_session02_BCA_reduction_fp16x2_b1_r0_treatment_1785246109198,29,182849.55025284999,182849.55157132901,182849.5509120895,0.0013184790150262415,7.3467960795096587,10320169996,true,true,5dff3859ad319cb37301e68cfc6fde00723e3a42110ca93adb44c05e97098167
softmax_whole_stage_atc_trace_v1,softmax_whole_stage_operand_rate_atc,softmax_whole_stage_operand_rate_atc_v2,20260728_operand_rate_v2_final_reduction_session02_BCA,reduction,fp16x2,20260728_operand_rate_v2_final_reduction_session02_BCA_reduction_fp16x2,1,0,20260728_operand_rate_v2_final_reduction_session02_BCA_reduction_fp16x2_b1_r0_treatment,treatment,treatment,20260728_operand_rate_v2_final_reduction_session02_BCA_reduction_fp16x2_b1_r0_treatment_1785246109198,30,182849.803537695,182849.80495296899,182849.80424533199,0.0014152739895507693,7.6001293220033403,10320230619,true,true,5dff3859ad319cb37301e68cfc6fde00723e3a42110ca93adb44c05e97098167
softmax_whole_stage_atc_trace_v1,softmax_whole_stage_operand_rate_atc,softmax_whole_stage_operand_rate_atc_v2,20260728_operand_rate_v2_final_reduction_session02_BCA,reduction,fp16x2,20260728_operand_rate_v2_final_reduction_session02_BCA_reduction_fp16x2,1,0,20260728_operand_rate_v2_final_reduction_session02_BCA_reduction_fp16x2_b1_r0_treatment,treatment,treatment,20260728_operand_rate_v2_final_reduction_session02_BCA_reduction_fp16x2_b1_r0_treatment_1785246109198,31,182850.057475287,182850.058878012,182850.0581766495,0.0014027249999344349,7.8540606395108625,10320271885,true,true,5dff3859ad319cb37301e68cfc6fde00723e3a42110ca93adb44c05e97098167
softmax_whole_stage_atc_trace_v1,softmax_whole_stage_operand_rate_atc,softmax_whole_stage_operand_rate_atc_v2,20260728_operand_rate_v2_final_reduction_session02_BCA,reduction,fp16x2,20260728_operand_rate_v2_final_reduction_session02_BCA_reduction_fp16x2,1,0,20260728_operand_rate_v2_final_reduction_session02_BCA_reduction_fp16x2_b1_r0_treatment,treatment,treatment,20260728_operand_rate_v2_final_reduction_session02_BCA_reduction_fp16x2_b1_r0_treatment_1785246109198,32,182850.31142179799,182850.312859561,182850.31214067951,0.0014377630141098052,8.1080246695200913,10320332008,true,true,5dff3859ad319cb37301e68cfc6fde00723e3a42110ca93adb44c05e97098167
softmax_whole_stage_atc_trace_v1,softmax_whole_stage_operand_rate_atc,softmax_whole_stage_operand_rate_atc_v2,20260728_operand_rate_v2_final_reduction_session02_BCA,reduction,fp16x2,20260728_operand_rate_v2_final_reduction_session02_BCA_reduction_fp16x2,1,0,20260728_operand_rate_v2_final_reduction_session02_BCA_reduction_fp16x2_b1_r0_treatment,treatment,treatment,20260728_operand_rate_v2_final_reduction_session02_BCA_reduction_fp16x2_b1_r0_treatment_1785246109198,33,182850.56547160499,182850.56946420099,182850.56746790299,0.0039925960008986294,8.3633518930000719,10320372568,true,true,5dff3859ad319cb37301e68cfc6fde00723e3a42110ca93adb44c05e97098167
softmax_whole_stage_atc_trace_v1,softmax_whole_stage_operand_rate_atc,softmax_whole_stage_operand_rate_atc_v2,20260728_operand_rate_v2_final_reduction_session02_BCA,reduction,fp16x2,20260728_operand_rate_v2_final_reduction_session02_BCA_reduction_fp16x2,1,0,20260728_operand_rate_v2_final_reduction_session02_BCA_reduction_fp16x2_b1_r0_treatment,treatment,treatment,20260728_operand_rate_v2_final_reduction_session02_BCA_reduction_fp16x2_b1_r0_treatment_1785246109198,34,182850.82145556001,182850.82285141901,182850.82215348951,0.001395858998876065,8.6180374795221724,10320435692,true,true,5dff3859ad319cb37301e68cfc6fde00723e3a42110ca93adb44c05e97098167
softmax_whole_stage_atc_trace_v1,softmax_whole_stage_operand_rate_atc,softmax_whole_stage_operand_rate_atc_v2,20260728_operand_rate_v2_final_reduction_session02_BCA,reduction,fp16x2,20260728_operand_rate_v2_final_reduction_session02_BCA_reduction_fp16x2,1,0,20260728_operand_rate_v2_final_reduction_session02_BCA_reduction_fp16x2_b1_r0_treatment,treatment,treatment,20260728_operand_rate_v2_final_reduction_session02_BCA_reduction_fp16x2_b1_r0_treatment_1785246109198,35,182851.075490908,182851.07685716401,182851.07617403602,0.0013662560086231679,8.8720580260269344,10320475087,true,true,5dff3859ad319cb37301e68cfc6fde00723e3a42110ca93adb44c05e97098167
softmax_whole_stage_atc_trace_v1,softmax_whole_stage_operand_rate_atc,softmax_whole_stage_operand_rate_atc_v2,20260728_operand_rate_v2_final_reduction_session02_BCA,reduction,fp16x2,20260728_operand_rate_v2_final_reduction_session02_BCA_reduction_fp16x2,1,0,20260728_operand_rate_v2_final_reduction_session02_BCA_reduction_fp16x2_b1_r0_treatment,treatment,treatment,20260728_operand_rate_v2_final_reduction_session02_BCA_reduction_fp16x2_b1_r0_treatment_1785246109198,36,182851.327114757,182851.32849030601,182851.32780253151,0.0013755490072071552,9.1236865215178113,10320537614,true,true,5dff3859ad319cb37301e68cfc6fde00723e3a42110ca93adb44c05e97098167
softmax_whole_stage_atc_trace_v1,softmax_whole_stage_operand_rate_atc,softmax_whole_stage_operand_rate_atc_v2,20260728_operand_rate_v2_final_reduction_session02_BCA,reduction,fp16x2,20260728_operand_rate_v2_final_reduction_session02_BCA_reduction_fp16x2,1,0,20260728_operand_rate_v2_final_reduction_session02_BCA_reduction_fp16x2_b1_r0_treatment,treatment,treatment,20260728_operand_rate_v2_final_reduction_session02_BCA_reduction_fp16x2_b1_r0_treatment_1785246109198,37,182851.581190008,182851.58263798,182851.58191399398,0.0014479719975497574,9.3777979839942418,10320576802,true,true,5dff3859ad319cb37301e68cfc6fde00723e3a42110ca93adb44c05e97098167
softmax_whole_stage_atc_trace_v1,softmax_whole_stage_operand_rate_atc,softmax_whole_stage_operand_rate_atc_v2,20260728_operand_rate_v2_final_reduction_session02_BCA,reduction,fp16x2,20260728_operand_rate_v2_final_reduction_session02_BCA_reduction_fp16x2,1,0,20260728_operand_rate_v2_final_reduction_session02_BCA_reduction_fp16x2_b1_r0_treatment,treatment,treatment,20260728_operand_rate_v2_final_reduction_session02_BCA_reduction_fp16x2_b1_r0_treatment_1785246109198,38,182851.834594655,182851.836023235,182851.83530894498,0.0014285799989011139,9.6311929349903949,10320639081,true,true,5dff3859ad319cb37301e68cfc6fde00723e3a42110ca93adb44c05e97098167
softmax_whole_stage_atc_trace_v1,softmax_whole_stage_operand_rate_atc,softmax_whole_stage_operand_rate_atc_v2,20260728_operand_rate_v2_final_reduction_session02_BCA,reduction,fp16x2,20260728_operand_rate_v2_final_reduction_session02_BCA_reduction_fp16x2,1,0,20260728_operand_rate_v2_final_reduction_session02_BCA_reduction_fp16x2_b1_r0_treatment,treatment,treatment,20260728_operand_rate_v2_final_reduction_session02_BCA_reduction_fp16x2_b1_r0_treatment_1785246109198,39,182852.08614821199,182852.08760300299,182852.08687560749,0.0014547909959219396,9.8827595975017175,10320677699,true,true,5dff3859ad319cb37301e68cfc6fde00723e3a42110ca93adb44c05e97098167
softmax_whole_stage_atc_trace_v1,softmax_whole_stage_operand_rate_atc,softmax_whole_stage_operand_rate_atc_v2,20260728_operand_rate_v2_final_reduction_session02_BCA,reduction,fp16x2,20260728_operand_rate_v2_final_reduction_session02_BCA_reduction_fp16x2,1,0,20260728_operand_rate_v2_final_reduction_session02_BCA_reduction_fp16x2_b1_r0_treatment,treatment,treatment,20260728_operand_rate_v2_final_reduction_session02_BCA_reduction_fp16x2_b1_r0_treatment_1785246109198,40,182852.339431423,182852.34083033801,182852.3401308805,0.0013989150174893439,10.136014870513463,10320739862,true,true,5dff3859ad319cb37301e68cfc6fde00723e3a42110ca93adb44c05e97098167
softmax_whole_stage_atc_trace_v1,softmax_whole_stage_operand_rate_atc,softmax_whole_stage_operand_rate_atc_v2,20260728_operand_rate_v2_final_reduction_session02_BCA,reduction,fp16x2,20260728_operand_rate_v2_final_reduction_session02_BCA_reduction_fp16x2,1,0,20260728_operand_rate_v2_final_reduction_session02_BCA_reduction_fp16x2_b1_r0_treatment,treatment,treatment,20260728_operand_rate_v2_final_reduction_session02_BCA_reduction_fp16x2_b1_r0_treatment_1785246109198,41,182852.593607029,182852.595013724,182852.5943103765,0.001406694995239377,10.390194366511423,10320778431,true,true,5dff3859ad319cb37301e68cfc6fde00723e3a42110ca93adb44c05e97098167
softmax_whole_stage_atc_trace_v1,softmax_whole_stage_operand_rate_atc,softmax_whole_stage_operand_rate_atc_v2,20260728_operand_rate_v2_final_reduction_session02_BCA,reduction,fp16x2,20260728_operand_rate_v2_final_reduction_session02_BCA_reduction_fp16x2,1,0,20260728_operand_rate_v2_final_reduction_session02_BCA_reduction_fp16x2_b1_r0_treatment,treatment,treatment,20260728_operand_rate_v2_final_reduction_session02_BCA_reduction_fp16x2_b1_r0_treatment_1785246109198,42,182852.846903072,182852.85183266801,182852.84936787002,0.0049295960052404553,10.645251860027201,10320840123,true,true,5dff3859ad319cb37301e68cfc6fde00723e3a42110ca93adb44c05e97098167
softmax_whole_stage_atc_trace_v1,softmax_whole_stage_operand_rate_atc,softmax_whole_stage_operand_rate_atc_v2,20260728_operand_rate_v2_final_reduction_session02_BCA,reduction,fp16x2,20260728_operand_rate_v2_final_reduction_session02_BCA_reduction_fp16x2,1,0,20260728_operand_rate_v2_final_reduction_session02_BCA_reduction_fp16x2_b1_r0_treatment,treatment,treatment,20260728_operand_rate_v2_final_reduction_session02_BCA_reduction_fp16x2_b1_r0_treatment_1785246109198,43,182853.10463820599,182853.10603204501,182853.1053351255,0.001393839018419385,10.901219115505228,10320881799,true,true,5dff3859ad319cb37301e68cfc6fde00723e3a42110ca93adb44c05e97098167
softmax_whole_stage_atc_trace_v1,softmax_whole_stage_operand_rate_atc,softmax_whole_stage_operand_rate_atc_v2,20260728_operand_rate_v2_final_reduction_session02_BCA,reduction,fp16x2,20260728_operand_rate_v2_final_reduction_session02_BCA_reduction_fp16x2,1,0,20260728_operand_rate_v2_final_reduction_session02_BCA_reduction_fp16x2_b1_r0_treatment,treatment,treatment,20260728_operand_rate_v2_final_reduction_session02_BCA_reduction_fp16x2_b1_r0_treatment_1785246109198,44,182853.35613972801,182853.357580665,182853.35686019651,0.0014409369905479252,11.152744186518248,10320942236,true,true,5dff3859ad319cb37301e68cfc6fde00723e3a42110ca93adb44c05e97098167
softmax_whole_stage_atc_trace_v1,softmax_whole_stage_operand_rate_atc,softmax_whole_stage_operand_rate_atc_v2,20260728_operand_rate_v2_final_reduction_session02_BCA,reduction,fp16x2,20260728_operand_rate_v2_final_reduction_session02_BCA_reduction_fp16x2,1,0,20260728_operand_rate_v2_final_reduction_session02_BCA_reduction_fp16x2_b1_r0_treatment,treatment,treatment,20260728_operand_rate_v2_final_reduction_session02_BCA_reduction_fp16x2_b1_r0_treatment_1785246109198,45,182853.610279346,182853.61169380401,182853.61098657502,0.0014144580054562539,11.40687056502793,10320983787,true,true,5dff3859ad319cb37301e68cfc6fde00723e3a42110ca93adb44c05e97098167
softmax_whole_stage_atc_trace_v1,softmax_whole_stage_operand_rate_atc,softmax_whole_stage_operand_rate_atc_v2,20260728_operand_rate_v2_final_reduction_session02_BCA,reduction,fp16x2,20260728_operand_rate_v2_final_reduction_session02_BCA_reduction_fp16x2,1,0,20260728_operand_rate_v2_final_reduction_session02_BCA_reduction_fp16x2_b1_r0_treatment,treatment,treatment,20260728_operand_rate_v2_final_reduction_session02_BCA_reduction_fp16x2_b1_r0_treatment_1785246109198,46,182853.86354158699,182853.86509339701,182853.864317492,0.0015518100117333233,11.660201482009143,10321044243,true,true,5dff3859ad319cb37301e68cfc6fde00723e3a42110ca93adb44c05e97098167
softmax_whole_stage_atc_trace_v1,softmax_whole_stage_operand_rate_atc,softmax_whole_stage_operand_rate_atc_v2,20260728_operand_rate_v2_final_reduction_session02_BCA,reduction,fp16x2,20260728_operand_rate_v2_final_reduction_session02_BCA_reduction_fp16x2,1,0,20260728_operand_rate_v2_final_reduction_session02_BCA_reduction_fp16x2_b1_r0_treatment,treatment,treatment,20260728_operand_rate_v2_final_reduction_session02_BCA_reduction_fp16x2_b1_r0_treatment_1785246109198,47,182854.11793353799,182854.11929991,182854.11861672398,0.0013663720164913684,11.914500713988673,10321106679,true,true,5dff3859ad319cb37301e68cfc6fde00723e3a42110ca93adb44c05e97098167
softmax_whole_stage_atc_trace_v1,softmax_whole_stage_operand_rate_atc,softmax_whole_stage_operand_rate_atc_v2,20260728_operand_rate_v2_final_reduction_session02_BCA,reduction,fp16x2,20260728_operand_rate_v2_final_reduction_session02_BCA_reduction_fp16x2,1,0,20260728_operand_rate_v2_final_reduction_session02_BCA_reduction_fp16x2_b1_r0_treatment,treatment,treatment,20260728_operand_rate_v2_final_reduction_session02_BCA_reduction_fp16x2_b1_r0_treatment_1785246109198,48,182854.37221293501,182854.37366210201,182854.37293751852,0.0014491670008283108,12.168821508530527,10321149238,true,true,5dff3859ad319cb37301e68cfc6fde00723e3a42110ca93adb44c05e97098167
softmax_whole_stage_atc_trace_v1,softmax_whole_stage_operand_rate_atc,softmax_whole_stage_operand_rate_atc_v2,20260728_operand_rate_v2_final_reduction_session02_BCA,reduction,fp16x2,20260728_operand_rate_v2_final_reduction_session02_BCA_reduction_fp16x2,1,0,20260728_operand_rate_v2_final_reduction_session02_BCA_reduction_fp16x2_b1_r0_treatment,treatment,treatment,20260728_operand_rate_v2_final_reduction_session02_BCA_reduction_fp16x2_b1_r0_treatment_1785246109198,49,182854.62657391399,182854.63025460599,182854.62841425999,0.0036806919961236417,12.424298249999993,10321211019,true,true,5dff3859ad319cb37301e68cfc6fde00723e3a42110ca93adb44c05e97098167
softmax_whole_stage_atc_trace_v1,softmax_whole_stage_operand_rate_atc,softmax_whole_stage_operand_rate_atc_v2,20260728_operand_rate_v2_final_reduction_session02_BCA,reduction,fp16x2,20260728_operand_rate_v2_final_reduction_session02_BCA_reduction_fp16x2,1,0,20260728_operand_rate_v2_final_reduction_session02_BCA_reduction_fp16x2_b1_r0_treatment,treatment,treatment,20260728_operand_rate_v2_final_reduction_session02_BCA_reduction_fp16x2_b1_r0_treatment_1785246109198,50,182854.88208270201,182854.88355855699,182854.88282062951,0.001475854980526492,12.678704619524069,10321252690,true,true,5dff3859ad319cb37301e68cfc6fde00723e3a42110ca93adb44c05e97098167
softmax_whole_stage_atc_trace_v1,softmax_whole_stage_operand_rate_atc,softmax_whole_stage_operand_rate_atc_v2,20260728_operand_rate_v2_final_reduction_session02_BCA,reduction,fp16x2,20260728_operand_rate_v2_final_reduction_session02_BCA_reduction_fp16x2,1,0,20260728_operand_rate_v2_final_reduction_session02_BCA_reduction_fp16x2_b1_r0_treatment,treatment,treatment,20260728_operand_rate_v2_final_reduction_session02_BCA_reduction_fp16x2_b1_r0_treatment_1785246109198,51,182855.136460159,182855.13781690699,182855.137138533,0.0013567479909397662,12.933022523007821,10321313440,true,true,5dff3859ad319cb37301e68cfc6fde00723e3a42110ca93adb44c05e97098167
softmax_whole_stage_atc_trace_v1,softmax_whole_stage_operand_rate_atc,softmax_whole_stage_operand_rate_atc_v2,20260728_operand_rate_v2_final_reduction_session02_BCA,reduction,fp16x2,20260728_operand_rate_v2_final_reduction_session02_BCA_reduction_fp16x2,1,0,20260728_operand_rate_v2_final_reduction_session02_BCA_reduction_fp16x2_b1_r0_treatment,treatment,treatment,20260728_operand_rate_v2_final_reduction_session02_BCA_reduction_fp16x2_b1_r0_treatment_1785246109198,52,182855.38802410199,182855.38951705099,182855.38877057651,0.0014929489989299327,13.184654566517565,10321354627,true,false,5dff3859ad319cb37301e68cfc6fde00723e3a42110ca93adb44c05e97098167
softmax_whole_stage_atc_trace_v1,softmax_whole_stage_operand_rate_atc,softmax_whole_stage_operand_rate_atc_v2,20260728_operand_rate_v2_final_reduction_session02_BCA,reduction,fp16x2,20260728_operand_rate_v2_final_reduction_session02_BCA_reduction_fp16x2,1,0,20260728_operand_rate_v2_final_reduction_session02_BCA_reduction_fp16x2_b1_r0_treatment,treatment,treatment,20260728_operand_rate_v2_final_reduction_session02_BCA_reduction_fp16x2_b1_r0_treatment_1785246109198,53,182855.641915185,182855.64334695999,182855.64263107249,0.0014317749883048236,13.43851506250212,10321412556,true,false,5dff3859ad319cb37301e68cfc6fde00723e3a42110ca93adb44c05e97098167
softmax_whole_stage_atc_trace_v1,softmax_whole_stage_operand_rate_atc,softmax_whole_stage_operand_rate_atc_v2,20260728_operand_rate_v2_final_reduction_session02_BCA,reduction,fp16x2,20260728_operand_rate_v2_final_reduction_session02_BCA_reduction_fp16x2,1,0,20260728_operand_rate_v2_final_reduction_session02_BCA_reduction_fp16x2_b1_r0_treatment,treatment,treatment,20260728_operand_rate_v2_final_reduction_session02_BCA_reduction_fp16x2_b1_r0_treatment_1785246109198,54,182855.89505974299,182855.896505674,182855.89578270848,0.0014459310041274875,13.691666698490735,10321440101,true,false,5dff3859ad319cb37301e68cfc6fde00723e3a42110ca93adb44c05e97098167
softmax_whole_stage_atc_trace_v1,softmax_whole_stage_operand_rate_atc,softmax_whole_stage_operand_rate_atc_v2,20260728_operand_rate_v2_final_reduction_session02_BCA,reduction,fp16x2,20260728_operand_rate_v2_final_reduction_session02_BCA_reduction_fp16x2,1,0,20260728_operand_rate_v2_final_reduction_session02_BCA_reduction_fp16x2_b1_r0_treatment,treatment,treatment,20260728_operand_rate_v2_final_reduction_session02_BCA_reduction_fp16x2_b1_r0_treatment_1785246109198,55,182855.89650890901,182855.89768820201,182855.89709855552,0.0011792930017691106,13.692982545529958,10321440101,false,false,5dff3859ad319cb37301e68cfc6fde00723e3a42110ca93adb44c05e97098167
softmax_whole_stage_atc_trace_v1,softmax_whole_stage_operand_rate_atc,softmax_whole_stage_operand_rate_atc_v2,20260728_operand_rate_v2_final_reduction_session02_BCA,reduction,fp16x2,20260728_operand_rate_v2_final_reduction_session02_BCA_reduction_fp16x2,1,1,20260728_operand_rate_v2_final_reduction_session02_BCA_reduction_fp16x2_b1_r1_control,control,control,20260728_operand_rate_v2_final_reduction_session02_BCA_reduction_fp16x2_b1_r1_control_1785246123910,0,182856.93272637899,182856.93489902001,182856.93381269951,0.0021726410195697099,0.0011962965072598308,10321570117,false,false,5dff3859ad319cb37301e68cfc6fde00723e3a42110ca93adb44c05e97098167
softmax_whole_stage_atc_trace_v1,softmax_whole_stage_operand_rate_atc,softmax_whole_stage_operand_rate_atc_v2,20260728_operand_rate_v2_final_reduction_session02_BCA,reduction,fp16x2,20260728_operand_rate_v2_final_reduction_session02_BCA_reduction_fp16x2,1,1,20260728_operand_rate_v2_final_reduction_session02_BCA_reduction_fp16x2_b1_r1_control,control,control,20260728_operand_rate_v2_final_reduction_session02_BCA_reduction_fp16x2_b1_r1_control_1785246123910,1,182857.187823338,182857.18923951199,182857.188531425,0.0014161739964038134,0.25591502198949456,10321626941,true,false,5dff3859ad319cb37301e68cfc6fde00723e3a42110ca93adb44c05e97098167
softmax_whole_stage_atc_trace_v1,softmax_whole_stage_operand_rate_atc,softmax_whole_stage_operand_rate_atc_v2,20260728_operand_rate_v2_final_reduction_session02_BCA,reduction,fp16x2,20260728_operand_rate_v2_final_reduction_session02_BCA_reduction_fp16x2,1,1,20260728_operand_rate_v2_final_reduction_session02_BCA_reduction_fp16x2_b1_r1_control,control,control,20260728_operand_rate_v2_final_reduction_session02_BCA_reduction_fp16x2_b1_r1_control_1785246123910,2,182857.43940455699,182857.440829728,182857.44011714251,0.0014251710090320557,0.50750073950621299,10321669634,true,false,5dff3859ad319cb37301e68cfc6fde00723e3a42110ca93adb44c05e97098167
softmax_whole_stage_atc_trace_v1,softmax_whole_stage_operand_rate_atc,softmax_whole_stage_operand_rate_atc_v2,20260728_operand_rate_v2_final_reduction_session02_BCA,reduction,fp16x2,20260728_operand_rate_v2_final_reduction_session02_BCA_reduction_fp16x2,1,1,20260728_operand_rate_v2_final_reduction_session02_BCA_reduction_fp16x2_b1_r1_control,control,control,20260728_operand_rate_v2_final_reduction_session02_BCA_reduction_fp16x2_b1_r1_control_1785246123910,3,182857.69350562899,182857.694928374,182857.6942170015,0.0014227450010366738,0.76160059848916717,10321738218,true,true,5dff3859ad319cb37301e68cfc6fde00723e3a42110ca93adb44c05e97098167
softmax_whole_stage_atc_trace_v1,softmax_whole_stage_operand_rate_atc,softmax_whole_stage_operand_rate_atc_v2,20260728_operand_rate_v2_final_reduction_session02_BCA,reduction,fp16x2,20260728_operand_rate_v2_final_reduction_session02_BCA_reduction_fp16x2,1,1,20260728_operand_rate_v2_final_reduction_session02_BCA_reduction_fp16x2_b1_r1_control,control,control,20260728_operand_rate_v2_final_reduction_session02_BCA_reduction_fp16x2_b1_r1_control_1785246123910,4,182857.94661695699,182857.94810844801,182857.94736270251,0.0014914910134393722,1.0147462995082606,10321780763,true,true,5dff3859ad319cb37301e68cfc6fde00723e3a42110ca93adb44c05e97098167
softmax_whole_stage_atc_trace_v1,softmax_whole_stage_operand_rate_atc,softmax_whole_stage_operand_rate_atc_v2,20260728_operand_rate_v2_final_reduction_session02_BCA,reduction,fp16x2,20260728_operand_rate_v2_final_reduction_session02_BCA_reduction_fp16x2,1,1,20260728_operand_rate_v2_final_reduction_session02_BCA_reduction_fp16x2_b1_r1_control,control,control,20260728_operand_rate_v2_final_reduction_session02_BCA_reduction_fp16x2_b1_r1_control_1785246123910,5,182858.20106473099,182858.20244460099,182858.20175466599,0.0013798699947074056,1.269138262985507,10321848810,true,true,5dff3859ad319cb37301e68cfc6fde00723e3a42110ca93adb44c05e97098167
softmax_whole_stage_atc_trace_v1,softmax_whole_stage_operand_rate_atc,softmax_whole_stage_operand_rate_atc_v2,20260728_operand_rate_v2_final_reduction_session02_BCA,reduction,fp16x2,20260728_operand_rate_v2_final_reduction_session02_BCA_reduction_fp16x2,1,1,20260728_operand_rate_v2_final_reduction_session02_BCA_reduction_fp16x2_b1_r1_control,control,control,20260728_operand_rate_v2_final_reduction_session02_BCA_reduction_fp16x2_b1_r1_control_1785246123910,6,182858.455403303,182858.45679510399,182858.4560992035,0.0013918009935878217,1.5234828004904557,10321890979,true,true,5dff3859ad319cb37301e68cfc6fde00723e3a42110ca93adb44c05e97098167
softmax_whole_stage_atc_trace_v1,softmax_whole_stage_operand_rate_atc,softmax_whole_stage_operand_rate_atc_v2,20260728_operand_rate_v2_final_reduction_session02_BCA,reduction,fp16x2,20260728_operand_rate_v2_final_reduction_session02_BCA_reduction_fp16x2,1,1,20260728_operand_rate_v2_final_reduction_session02_BCA_reduction_fp16x2_b1_r1_control,control,control,20260728_operand_rate_v2_final_reduction_session02_BCA_reduction_fp16x2_b1_r1_control_1785246123910,7,182858.70972559601,182858.71381737999,182858.71177148802,0.0040917839796748012,1.7791550850088242,10321958446,true,true,5dff3859ad319cb37301e68cfc6fde00723e3a42110ca93adb44c05e97098167
softmax_whole_stage_atc_trace_v1,softmax_whole_stage_operand_rate_atc,softmax_whole_stage_operand_rate_atc_v2,20260728_operand_rate_v2_final_reduction_session02_BCA,reduction,fp16x2,20260728_operand_rate_v2_final_reduction_session02_BCA_reduction_fp16x2,1,1,20260728_operand_rate_v2_final_reduction_session02_BCA_reduction_fp16x2_b1_r1_control,control,control,20260728_operand_rate_v2_final_reduction_session02_BCA_reduction_fp16x2_b1_r1_control_1785246123910,8,182858.96550794001,182858.96723907199,182858.966373506,0.001731131982523948,2.0337571029958781,10322003970,true,true,5dff3859ad319cb37301e68cfc6fde00723e3a42110ca93adb44c05e97098167
softmax_whole_stage_atc_trace_v1,softmax_whole_stage_operand_rate_atc,softmax_whole_stage_operand_rate_atc_v2,20260728_operand_rate_v2_final_reduction_session02_BCA,reduction,fp16x2,20260728_operand_rate_v2_final_reduction_session02_BCA_reduction_fp16x2,1,1,20260728_operand_rate_v2_final_reduction_session02_BCA_reduction_fp16x2_b1_r1_control,control,control,20260728_operand_rate_v2_final_reduction_session02_BCA_reduction_fp16x2_b1_r1_control_1785246123910,9,182859.2201759,182859.222536235,182859.22135606752,0.0023603349982295185,2.288739664509194,10322070136,true,true,5dff3859ad319cb37301e68cfc6fde00723e3a42110ca93adb44c05e97098167
softmax_whole_stage_atc_trace_v1,softmax_whole_stage_operand_rate_atc,softmax_whole_stage_operand_rate_atc_v2,20260728_operand_rate_v2_final_reduction_session02_BCA,reduction,fp16x2,20260728_operand_rate_v2_final_reduction_session02_BCA_reduction_fp16x2,1,1,20260728_operand_rate_v2_final_reduction_session02_BCA_reduction_fp16x2_b1_r1_control,control,control,20260728_operand_rate_v2_final_reduction_session02_BCA_reduction_fp16x2_b1_r1_control_1785246123910,10,182859.47544775601,182859.47668480501,182859.47606628051,0.0012370490003377199,2.5434498774993699,10322138224,true,true,5dff3859ad319cb37301e68cfc6fde00723e3a42110ca93adb44c05e97098167
softmax_whole_stage_atc_trace_v1,softmax_whole_stage_operand_rate_atc,softmax_whole_stage_operand_rate_atc_v2,20260728_operand_rate_v2_final_reduction_session02_BCA,reduction,fp16x2,20260728_operand_rate_v2_final_reduction_session02_BCA_reduction_fp16x2,1,1,20260728_operand_rate_v2_final_reduction_session02_BCA_reduction_fp16x2_b1_r1_control,control,control,20260728_operand_rate_v2_final_reduction_session02_BCA_reduction_fp16x2_b1_r1_control_1785246123910,11,182859.72966054,182859.73114311899,182859.7304018295,0.0014825789839960635,2.7977854264900088,10322184493,true,true,5dff3859ad319cb37301e68cfc6fde00723e3a42110ca93adb44c05e97098167
softmax_whole_stage_atc_trace_v1,softmax_whole_stage_operand_rate_atc,softmax_whole_stage_operand_rate_atc_v2,20260728_operand_rate_v2_final_reduction_session02_BCA,reduction,fp16x2,20260728_operand_rate_v2_final_reduction_session02_BCA_reduction_fp16x2,1,1,20260728_operand_rate_v2_final_reduction_session02_BCA_reduction_fp16x2_b1_r1_control,control,control,20260728_operand_rate_v2_final_reduction_session02_BCA_reduction_fp16x2_b1_r1_control_1785246123910,12,182859.982765511,182859.98803579001,182859.9854006505,0.0052702790126204491,3.0527842474984936,10322251636,true,true,5dff3859ad319cb37301e68cfc6fde00723e3a42110ca93adb44c05e97098167
softmax_whole_stage_atc_trace_v1,softmax_whole_stage_operand_rate_atc,softmax_whole_stage_operand_rate_atc_v2,20260728_operand_rate_v2_final_reduction_session02_BCA,reduction,fp16x2,20260728_operand_rate_v2_final_reduction_session02_BCA_reduction_fp16x2,1,1,20260728_operand_rate_v2_final_reduction_session02_BCA_reduction_fp16x2_b1_r1_control,control,control,20260728_operand_rate_v2_final_reduction_session02_BCA_reduction_fp16x2_b1_r1_control_1785246123910,13,182860.239294417,182860.24074873599,182860.24002157649,0.0014543189899995923,3.3074051734874956,10322296923,true,true,5dff3859ad319cb37301e68cfc6fde00723e3a42110ca93adb44c05e97098167
softmax_whole_stage_atc_trace_v1,softmax_whole_stage_operand_rate_atc,softmax_whole_stage_operand_rate_atc_v2,20260728_operand_rate_v2_final_reduction_session02_BCA,reduction,fp16x2,20260728_operand_rate_v2_final_reduction_session02_BCA_reduction_fp16x2,1,1,20260728_operand_rate_v2_final_reduction_session02_BCA_reduction_fp16x2_b1_r1_control,control,control,20260728_operand_rate_v2_final_reduction_session02_BCA_reduction_fp16x2_b1_r1_control_1785246123910,14,182860.49202531201,182860.49345940401,182860.49274235801,0.0014340920024551451,3.5601259550021496,10322363004,true,true,5dff3859ad319cb37301e68cfc6fde00723e3a42110ca93adb44c05e97098167
softmax_whole_stage_atc_trace_v1,softmax_whole_stage_operand_rate_atc,softmax_whole_stage_operand_rate_atc_v2,20260728_operand_rate_v2_final_reduction_session02_BCA,reduction,fp16x2,20260728_operand_rate_v2_final_reduction_session02_BCA_reduction_fp16x2,1,1,20260728_operand_rate_v2_final_reduction_session02_BCA_reduction_fp16x2_b1_r1_control,control,control,20260728_operand_rate_v2_final_reduction_session02_BCA_reduction_fp16x2_b1_r1_control_1785246123910,15,182860.746476411,182860.7479281,182860.7472022555,0.0014516889932565391,3.814585852494929,10322408199,true,true,5dff3859ad319cb37301e68cfc6fde00723e3a42110ca93adb44c05e97098167
softmax_whole_stage_atc_trace_v1,softmax_whole_stage_operand_rate_atc,softmax_whole_stage_operand_rate_atc_v2,20260728_operand_rate_v2_final_reduction_session02_BCA,reduction,fp16x2,20260728_operand_rate_v2_final_reduction_session02_BCA_reduction_fp16x2,1,1,20260728_operand_rate_v2_final_reduction_session02_BCA_reduction_fp16x2_b1_r1_control,control,control,20260728_operand_rate_v2_final_reduction_session02_BCA_reduction_fp16x2_b1_r1_control_1785246123910,16,182860.999468858,182861.000834003,182861.00015143049,0.0013651449989993125,4.0675350274832454,10322473937,true,true,5dff3859ad319cb37301e68cfc6fde00723e3a42110ca93adb44c05e97098167
softmax_whole_stage_atc_trace_v1,softmax_whole_stage_operand_rate_atc,softmax_whole_stage_operand_rate_atc_v2,20260728_operand_rate_v2_final_reduction_session02_BCA,reduction,fp16x2,20260728_operand_rate_v2_final_reduction_session02_BCA_reduction_fp16x2,1,1,20260728_operand_rate_v2_final_reduction_session02_BCA_reduction_fp16x2_b1_r1_control,control,control,20260728_operand_rate_v2_final_reduction_session02_BCA_reduction_fp16x2_b1_r1_control_1785246123910,17,182861.25278958201,182861.25419600599,182861.253492794,0.0014064239803701639,4.3208763909933623,10322518782,true,true,5dff3859ad319cb37301e68cfc6fde00723e3a42110ca93adb44c05e97098167
softmax_whole_stage_atc_trace_v1,softmax_whole_stage_operand_rate_atc,softmax_whole_stage_operand_rate_atc_v2,20260728_operand_rate_v2_final_reduction_session02_BCA,reduction,fp16x2,20260728_operand_rate_v2_final_reduction_session02_BCA_reduction_fp16x2,1,1,20260728_operand_rate_v2_final_reduction_session02_BCA_reduction_fp16x2_b1_r1_control,control,control,20260728_operand_rate_v2_final_reduction_session02_BCA_reduction_fp16x2_b1_r1_control_1785246123910,18,182861.50428967201,182861.50581947199,182861.50505457202,0.0015297999780159444,4.5724381690088194,10322584411,true,true,5dff3859ad319cb37301e68cfc6fde00723e3a42110ca93adb44c05e97098167
softmax_whole_stage_atc_trace_v1,softmax_whole_stage_operand_rate_atc,softmax_whole_stage_operand_rate_atc_v2,20260728_operand_rate_v2_final_reduction_session02_BCA,reduction,fp16x2,20260728_operand_rate_v2_final_reduction_session02_BCA_reduction_fp16x2,1,1,20260728_operand_rate_v2_final_reduction_session02_BCA_reduction_fp16x2_b1_r1_control,control,control,20260728_operand_rate_v2_final_reduction_session02_BCA_reduction_fp16x2_b1_r1_control_1785246123910,19,182861.75810394599,182861.759509864,182861.75880690501,0.0014059180102776736,4.8261905020044651,10322629544,true,true,5dff3859ad319cb37301e68cfc6fde00723e3a42110ca93adb44c05e97098167
softmax_whole_stage_atc_trace_v1,softmax_whole_stage_operand_rate_atc,softmax_whole_stage_operand_rate_atc_v2,20260728_operand_rate_v2_final_reduction_session02_BCA,reduction,fp16x2,20260728_operand_rate_v2_final_reduction_session02_BCA_reduction_fp16x2,1,1,20260728_operand_rate_v2_final_reduction_session02_BCA_reduction_fp16x2_b1_r1_control,control,control,20260728_operand_rate_v2_final_reduction_session02_BCA_reduction_fp16x2_b1_r1_control_1785246123910,20,182862.01102685701,182862.012428827,182862.01172784201,0.0014019699883647263,5.0791114390012808,10322695405,true,true,5dff3859ad319cb37301e68cfc6fde00723e3a42110ca93adb44c05e97098167
softmax_whole_stage_atc_trace_v1,softmax_whole_stage_operand_rate_atc,softmax_whole_stage_operand_rate_atc_v2,20260728_operand_rate_v2_final_reduction_session02_BCA,reduction,fp16x2,20260728_operand_rate_v2_final_reduction_session02_BCA_reduction_fp16x2,1,1,20260728_operand_rate_v2_final_reduction_session02_BCA_reduction_fp16x2_b1_r1_control,control,control,20260728_operand_rate_v2_final_reduction_session02_BCA_reduction_fp16x2_b1_r1_control_1785246123910,21,182862.26374309501,182862.26523362499,182862.26448836,0.0014905299758538604,5.3318719569942914,10322740400,true,true,5dff3859ad319cb37301e68cfc6fde00723e3a42110ca93adb44c05e97098167
softmax_whole_stage_atc_trace_v1,softmax_whole_stage_operand_rate_atc,softmax_whole_stage_operand_rate_atc_v2,20260728_operand_rate_v2_final_reduction_session02_BCA,reduction,fp16x2,20260728_operand_rate_v2_final_reduction_session02_BCA_reduction_fp16x2,1,1,20260728_operand_rate_v2_final_reduction_session02_BCA_reduction_fp16x2_b1_r1_control,control,control,20260728_operand_rate_v2_final_reduction_session02_BCA_reduction_fp16x2_b1_r1_control_1785246123910,22,182862.51843537201,182862.519851107,182862.51914323951,0.001415734994225204,5.5865268365014344,10322806502,true,true,5dff3859ad319cb37301e68cfc6fde00723e3a42110ca93adb44c05e97098167
softmax_whole_stage_atc_trace_v1,softmax_whole_stage_operand_rate_atc,softmax_whole_stage_operand_rate_atc_v2,20260728_operand_rate_v2_final_reduction_session02_BCA,reduction,fp16x2,20260728_operand_rate_v2_final_reduction_session02_BCA_reduction_fp16x2,1,1,20260728_operand_rate_v2_final_reduction_session02_BCA_reduction_fp16x2_b1_r1_control,control,control,20260728_operand_rate_v2_final_reduction_session02_BCA_reduction_fp16x2_b1_r1_control_1785246123910,23,182862.773050424,182862.774490754,182862.773770589,0.0014403300010599196,5.8411541859968565,10322851312,true,true,5dff3859ad319cb37301e68cfc6fde00723e3a42110ca93adb44c05e97098167
softmax_whole_stage_atc_trace_v1,softmax_whole_stage_operand_rate_atc,softmax_whole_stage_operand_rate_atc_v2,20260728_operand_rate_v2_final_reduction_session02_BCA,reduction,fp16x2,20260728_operand_rate_v2_final_reduction_session02_BCA_reduction_fp16x2,1,1,20260728_operand_rate_v2_final_reduction_session02_BCA_reduction_fp16x2_b1_r1_control,control,control,20260728_operand_rate_v2_final_reduction_session02_BCA_reduction_fp16x2_b1_r1_control_1785246123910,24,182863.02462571501,182863.02601584399,182863.0253207795,0.0013901289785280824,6.0927043764968403,10322916714,true,true,5dff3859ad319cb37301e68cfc6fde00723e3a42110ca93adb44c05e97098167
softmax_whole_stage_atc_trace_v1,softmax_whole_stage_operand_rate_atc,softmax_whole_stage_operand_rate_atc_v2,20260728_operand_rate_v2_final_reduction_session02_BCA,reduction,fp16x2,20260728_operand_rate_v2_final_reduction_session02_BCA_reduction_fp16x2,1,1,20260728_operand_rate_v2_final_reduction_session02_BCA_reduction_fp16x2_b1_r1_control,control,control,20260728_operand_rate_v2_final_reduction_session02_BCA_reduction_fp16x2_b1_r1_control_1785246123910,25,182863.27642255501,182863.27788019201,182863.27715137351,0.0014576370012946427,6.344534970499808,10322961421,true,true,5dff3859ad319cb37301e68cfc6fde00723e3a42110ca93adb44c05e97098167
softmax_whole_stage_atc_trace_v1,softmax_whole_stage_operand_rate_atc,softmax_whole_stage_operand_rate_atc_v2,20260728_operand_rate_v2_final_reduction_session02_BCA,reduction,fp16x2,20260728_operand_rate_v2_final_reduction_session02_BCA_reduction_fp16x2,1,1,20260728_operand_rate_v2_final_reduction_session02_BCA_reduction_fp16x2_b1_r1_control,control,control,20260728_operand_rate_v2_final_reduction_session02_BCA_reduction_fp16x2_b1_r1_control_1785246123910,26,182863.528498839,182863.53006973001,182863.52928428451,0.0015708910068497062,6.5966678815020714,10323027105,true,true,5dff3859ad319cb37301e68cfc6fde00723e3a42110ca93adb44c05e97098167
softmax_whole_stage_atc_trace_v1,softmax_whole_stage_operand_rate_atc,softmax_whole_stage_operand_rate_atc_v2,20260728_operand_rate_v2_final_reduction_session02_BCA,reduction,fp16x2,20260728_operand_rate_v2_final_reduction_session02_BCA_reduction_fp16x2,1,1,20260728_operand_rate_v2_final_reduction_session02_BCA_reduction_fp16x2_b1_r1_control,control,control,20260728_operand_rate_v2_final_reduction_session02_BCA_reduction_fp16x2_b1_r1_control_1785246123910,27,182863.78078149,182863.782184574,182863.78148303198,0.0014030839956831187,6.8488666289777029,10323072140,true,true,5dff3859ad319cb37301e68cfc6fde00723e3a42110ca93adb44c05e97098167
softmax_whole_stage_atc_trace_v1,softmax_whole_stage_operand_rate_atc,softmax_whole_stage_operand_rate_atc_v2,20260728_operand_rate_v2_final_reduction_session02_BCA,reduction,fp16x2,20260728_operand_rate_v2_final_reduction_session02_BCA_reduction_fp16x2,1,1,20260728_operand_rate_v2_final_reduction_session02_BCA_reduction_fp16x2_b1_r1_control,control,control,20260728_operand_rate_v2_final_reduction_session02_BCA_reduction_fp16x2_b1_r1_control_1785246123910,28,182864.03347394499,182864.03488644099,182864.03418019298,0.0014124959998298436,7.1015637899690773,10323138289,true,true,5dff3859ad319cb37301e68cfc6fde00723e3a42110ca93adb44c05e97098167
softmax_whole_stage_atc_trace_v1,softmax_whole_stage_operand_rate_atc,softmax_whole_stage_operand_rate_atc_v2,20260728_operand_rate_v2_final_reduction_session02_BCA,reduction,fp16x2,20260728_operand_rate_v2_final_reduction_session02_BCA_reduction_fp16x2,1,1,20260728_operand_rate_v2_final_reduction_session02_BCA_reduction_fp16x2_b1_r1_control,control,control,20260728_operand_rate_v2_final_reduction_session02_BCA_reduction_fp16x2_b1_r1_control_1785246123910,29,182864.285513387,182864.286940964,182864.2862271755,0.0014275769935920835,7.3536107724939939,10323183502,true,true,5dff3859ad319cb37301e68cfc6fde00723e3a42110ca93adb44c05e97098167
softmax_whole_stage_atc_trace_v1,softmax_whole_stage_operand_rate_atc,softmax_whole_stage_operand_rate_atc_v2,20260728_operand_rate_v2_final_reduction_session02_BCA,reduction,fp16x2,20260728_operand_rate_v2_final_reduction_session02_BCA_reduction_fp16x2,1,1,20260728_operand_rate_v2_final_reduction_session02_BCA_reduction_fp16x2_b1_r1_control,control,control,20260728_operand_rate_v2_final_reduction_session02_BCA_reduction_fp16x2_b1_r1_control_1785246123910,30,182864.537512649,182864.540332987,182864.538922818,0.002820338006131351,7.6063064149930142,10323249755,true,true,5dff3859ad319cb37301e68cfc6fde00723e3a42110ca93adb44c05e97098167
softmax_whole_stage_atc_trace_v1,softmax_whole_stage_operand_rate_atc,softmax_whole_stage_operand_rate_atc_v2,20260728_operand_rate_v2_final_reduction_session02_BCA,reduction,fp16x2,20260728_operand_rate_v2_final_reduction_session02_BCA_reduction_fp16x2,1,1,20260728_operand_rate_v2_final_reduction_session02_BCA_reduction_fp16x2_b1_r1_control,control,control,20260728_operand_rate_v2_final_reduction_session02_BCA_reduction_fp16x2_b1_r1_control_1785246123910,31,182864.790530192,182864.79199612801,182864.79126316,0.0014659360167570412,7.8586467569984961,10323295048,true,true,5dff3859ad319cb37301e68cfc6fde00723e3a42110ca93adb44c05e97098167
softmax_whole_stage_atc_trace_v1,softmax_whole_stage_operand_rate_atc,softmax_whole_stage_operand_rate_atc_v2,20260728_operand_rate_v2_final_reduction_session02_BCA,reduction,fp16x2,20260728_operand_rate_v2_final_reduction_session02_BCA_reduction_fp16x2,1,1,20260728_operand_rate_v2_final_reduction_session02_BCA_reduction_fp16x2_b1_r1_control,control,control,20260728_operand_rate_v2_final_reduction_session02_BCA_reduction_fp16x2_b1_r1_control_1785246123910,32,182865.04302528501,182865.046133061,182865.044579173,0.0031077759922482073,8.1119627699954435,10323361545,true,true,5dff3859ad319cb37301e68cfc6fde00723e3a42110ca93adb44c05e97098167
softmax_whole_stage_atc_trace_v1,softmax_whole_stage_operand_rate_atc,softmax_whole_stage_operand_rate_atc_v2,20260728_operand_rate_v2_final_reduction_session02_BCA,reduction,fp16x2,20260728_operand_rate_v2_final_reduction_session02_BCA_reduction_fp16x2,1,1,20260728_operand_rate_v2_final_reduction_session02_BCA_reduction_fp16x2_b1_r1_control,control,control,20260728_operand_rate_v2_final_reduction_session02_BCA_reduction_fp16x2_b1_r1_control_1785246123910,33,182865.29662924301,182865.29805196199,182865.2973406025,0.0014227189822122455,8.3647241994913202,10323406868,true,true,5dff3859ad319cb37301e68cfc6fde00723e3a42110ca93adb44c05e97098167
softmax_whole_stage_atc_trace_v1,softmax_whole_stage_operand_rate_atc,softmax_whole_stage_operand_rate_atc_v2,20260728_operand_rate_v2_final_reduction_session02_BCA,reduction,fp16x2,20260728_operand_rate_v2_final_reduction_session02_BCA_reduction_fp16x2,1,1,20260728_operand_rate_v2_final_reduction_session02_BCA_reduction_fp16x2_b1_r1_control,control,control,20260728_operand_rate_v2_final_reduction_session02_BCA_reduction_fp16x2_b1_r1_control_1785246123910,34,182865.548261477,182865.551652503,182865.54995699,0.0033910259953700006,8.6173405869922135,10323473449,true,true,5dff3859ad319cb37301e68cfc6fde00723e3a42110ca93adb44c05e97098167
softmax_whole_stage_atc_trace_v1,softmax_whole_stage_operand_rate_atc,softmax_whole_stage_operand_rate_atc_v2,20260728_operand_rate_v2_final_reduction_session02_BCA,reduction,fp16x2,20260728_operand_rate_v2_final_reduction_session02_BCA_reduction_fp16x2,1,1,20260728_operand_rate_v2_final_reduction_session02_BCA_reduction_fp16x2_b1_r1_control,control,control,20260728_operand_rate_v2_final_reduction_session02_BCA_reduction_fp16x2_b1_r1_control_1785246123910,35,182865.80293773199,182865.80439001601,182865.80366387399,0.001452284021070227,8.8710474709805567,10323518969,true,false,5dff3859ad319cb37301e68cfc6fde00723e3a42110ca93adb44c05e97098167
softmax_whole_stage_atc_trace_v1,softmax_whole_stage_operand_rate_atc,softmax_whole_stage_operand_rate_atc_v2,20260728_operand_rate_v2_final_reduction_session02_BCA,reduction,fp16x2,20260728_operand_rate_v2_final_reduction_session02_BCA_reduction_fp16x2,1,1,20260728_operand_rate_v2_final_reduction_session02_BCA_reduction_fp16x2_b1_r1_control,control,control,20260728_operand_rate_v2_final_reduction_session02_BCA_reduction_fp16x2_b1_r1_control_1785246123910,36,182866.05527717,182866.058128993,182866.0567030815,0.0028518229955807328,9.124086678493768,10323583860,true,false,5dff3859ad319cb37301e68cfc6fde00723e3a42110ca93adb44c05e97098167
softmax_whole_stage_atc_trace_v1,softmax_whole_stage_operand_rate_atc,softmax_whole_stage_operand_rate_atc_v2,20260728_operand_rate_v2_final_reduction_session02_BCA,reduction,fp16x2,20260728_operand_rate_v2_final_reduction_session02_BCA_reduction_fp16x2,1,1,20260728_operand_rate_v2_final_reduction_session02_BCA_reduction_fp16x2_b1_r1_control,control,control,20260728_operand_rate_v2_final_reduction_session02_BCA_reduction_fp16x2_b1_r1_control_1785246123910,37,182866.311514036,182866.31292096499,182866.3122175005,0.0014069289900362492,9.3796010974911042,10323620442,true,false,5dff3859ad319cb37301e68cfc6fde00723e3a42110ca93adb44c05e97098167
softmax_whole_stage_atc_trace_v1,softmax_whole_stage_operand_rate_atc,softmax_whole_stage_operand_rate_atc_v2,20260728_operand_rate_v2_final_reduction_session02_BCA,reduction,fp16x2,20260728_operand_rate_v2_final_reduction_session02_BCA_reduction_fp16x2,1,1,20260728_operand_rate_v2_final_reduction_session02_BCA_reduction_fp16x2_b1_r1_control,control,control,20260728_operand_rate_v2_final_reduction_session02_BCA_reduction_fp16x2_b1_r1_control_1785246123910,38,182866.31292552099,182866.314157913,182866.31354171701,0.0012323920091148466,9.3809253140061628,10323620442,false,false,5dff3859ad319cb37301e68cfc6fde00723e3a42110ca93adb44c05e97098167
softmax_whole_stage_atc_trace_v1,softmax_whole_stage_operand_rate_atc,softmax_whole_stage_operand_rate_atc_v2,20260728_operand_rate_v2_final_reduction_session02_BCA,reduction,fp16x2,20260728_operand_rate_v2_final_reduction_session02_BCA_reduction_fp16x2,1,2,20260728_operand_rate_v2_final_reduction_session02_BCA_reduction_fp16x2_b1_r2_treatment,treatment,treatment,20260728_operand_rate_v2_final_reduction_session02_BCA_reduction_fp16x2_b1_r2_treatment_1785246133879,0,182867.339783887,182867.340982464,182867.3403831755,0.0011985769961029291,0.00065142748644575477,10323753043,false,false,5dff3859ad319cb37301e68cfc6fde00723e3a42110ca93adb44c05e97098167
softmax_whole_stage_atc_trace_v1,softmax_whole_stage_operand_rate_atc,softmax_whole_stage_operand_rate_atc_v2,20260728_operand_rate_v2_final_reduction_session02_BCA,reduction,fp16x2,20260728_operand_rate_v2_final_reduction_session02_BCA_reduction_fp16x2,1,2,20260728_operand_rate_v2_final_reduction_session02_BCA_reduction_fp16x2_b1_r2_treatment,treatment,treatment,20260728_operand_rate_v2_final_reduction_session02_BCA_reduction_fp16x2_b1_r2_treatment_1785246133879,1,182867.59119586801,182867.59584074901,182867.59351830851,0.0046448810026049614,0.25378656049724668,10323807241,true,false,5dff3859ad319cb37301e68cfc6fde00723e3a42110ca93adb44c05e97098167
softmax_whole_stage_atc_trace_v1,softmax_whole_stage_operand_rate_atc,softmax_whole_stage_operand_rate_atc_v2,20260728_operand_rate_v2_final_reduction_session02_BCA,reduction,fp16x2,20260728_operand_rate_v2_final_reduction_session02_BCA_reduction_fp16x2,1,2,20260728_operand_rate_v2_final_reduction_session02_BCA_reduction_fp16x2_b1_r2_treatment,treatment,treatment,20260728_operand_rate_v2_final_reduction_session02_BCA_reduction_fp16x2_b1_r2_treatment_1785246133879,2,182867.84725202099,182867.84869357399,182867.84797279749,0.0014415530022233725,0.50824104947969317,10323848676,true,false,5dff3859ad319cb37301e68cfc6fde00723e3a42110ca93adb44c05e97098167
softmax_whole_stage_atc_trace_v1,softmax_whole_stage_operand_rate_atc,softmax_whole_stage_operand_rate_atc_v2,20260728_operand_rate_v2_final_reduction_session02_BCA,reduction,fp16x2,20260728_operand_rate_v2_final_reduction_session02_BCA_reduction_fp16x2,1,2,20260728_operand_rate_v2_final_reduction_session02_BCA_reduction_fp16x2_b1_r2_treatment,treatment,treatment,20260728_operand_rate_v2_final_reduction_session02_BCA_reduction_fp16x2_b1_r2_treatment_1785246133879,3,182868.099551672,182868.10190509199,182868.10072838201,0.0023534199863206595,0.76099663399509154,10323909316,true,true,5dff3859ad319cb37301e68cfc6fde00723e3a42110ca93adb44c05e97098167
softmax_whole_stage_atc_trace_v1,softmax_whole_stage_operand_rate_atc,softmax_whole_stage_operand_rate_atc_v2,20260728_operand_rate_v2_final_reduction_session02_BCA,reduction,fp16x2,20260728_operand_rate_v2_final_reduction_session02_BCA_reduction_fp16x2,1,2,20260728_operand_rate_v2_final_reduction_session02_BCA_reduction_fp16x2_b1_r2_treatment,treatment,treatment,20260728_operand_rate_v2_final_reduction_session02_BCA_reduction_fp16x2_b1_r2_treatment_1785246133879,4,182868.35469130101,182868.35609327001,182868.35539228551,0.0014019689988344908,1.0156605374941137,10323950844,true,true,5dff3859ad319cb37301e68cfc6fde00723e3a42110ca93adb44c05e97098167
softmax_whole_stage_atc_trace_v1,softmax_whole_stage_operand_rate_atc,softmax_whole_stage_operand_rate_atc_v2,20260728_operand_rate_v2_final_reduction_session02_BCA,reduction,fp16x2,20260728_operand_rate_v2_final_reduction_session02_BCA_reduction_fp16x2,1,2,20260728_operand_rate_v2_final_reduction_session02_BCA_reduction_fp16x2_b1_r2_treatment,treatment,treatment,20260728_operand_rate_v2_final_reduction_session02_BCA_reduction_fp16x2_b1_r2_treatment_1785246133879,5,182868.60936877099,182868.61082652301,182868.610097647,0.0014577520196326077,1.2703658989921678,10324011314,true,true,5dff3859ad319cb37301e68cfc6fde00723e3a42110ca93adb44c05e97098167
softmax_whole_stage_atc_trace_v1,softmax_whole_stage_operand_rate_atc,softmax_whole_stage_operand_rate_atc_v2,20260728_operand_rate_v2_final_reduction_session02_BCA,reduction,fp16x2,20260728_operand_rate_v2_final_reduction_session02_BCA_reduction_fp16x2,1,2,20260728_operand_rate_v2_final_reduction_session02_BCA_reduction_fp16x2_b1_r2_treatment,treatment,treatment,20260728_operand_rate_v2_final_reduction_session02_BCA_reduction_fp16x2_b1_r2_treatment_1785246133879,6,182868.864067502,182868.865494881,182868.86478119151,0.0014273790002334863,1.5250494435022119,10324052309,true,true,5dff3859ad319cb37301e68cfc6fde00723e3a42110ca93adb44c05e97098167
softmax_whole_stage_atc_trace_v1,softmax_whole_stage_operand_rate_atc,softmax_whole_stage_operand_rate_atc_v2,20260728_operand_rate_v2_final_reduction_session02_BCA,reduction,fp16x2,20260728_operand_rate_v2_final_reduction_session02_BCA_reduction_fp16x2,1,2,20260728_operand_rate_v2_final_reduction_session02_BCA_reduction_fp16x2_b1_r2_treatment,treatment,treatment,20260728_operand_rate_v2_final_reduction_session02_BCA_reduction_fp16x2_b1_r2_treatment_1785246133879,7,182869.116268849,182869.11769339399,182869.11698112148,0.0014245449856389314,1.7772493734664749,10324112004,true,true,5dff3859ad319cb37301e68cfc6fde00723e3a42110ca93adb44c05e97098167
softmax_whole_stage_atc_trace_v1,softmax_whole_stage_operand_rate_atc,softmax_whole_stage_operand_rate_atc_v2,20260728_operand_rate_v2_final_reduction_session02_BCA,reduction,fp16x2,20260728_operand_rate_v2_final_reduction_session02_BCA_reduction_fp16x2,1,2,20260728_operand_rate_v2_final_reduction_session02_BCA_reduction_fp16x2_b1_r2_treatment,treatment,treatment,20260728_operand_rate_v2_final_reduction_session02_BCA_reduction_fp16x2_b1_r2_treatment_1785246133879,8,182869.370931032,182869.37234474401,182869.37163788802,0.0014137120160739869,2.0319061400077771,10324152801,true,true,5dff3859ad319cb37301e68cfc6fde00723e3a42110ca93adb44c05e97098167
softmax_whole_stage_atc_trace_v1,softmax_whole_stage_operand_rate_atc,softmax_whole_stage_operand_rate_atc_v2,20260728_operand_rate_v2_final_reduction_session02_BCA,reduction,fp16x2,20260728_operand_rate_v2_final_reduction_session02_BCA_reduction_fp16x2,1,2,20260728_operand_rate_v2_final_reduction_session02_BCA_reduction_fp16x2_b1_r2_treatment,treatment,treatment,20260728_operand_rate_v2_final_reduction_session02_BCA_reduction_fp16x2_b1_r2_treatment_1785246133879,9,182869.62561315901,182869.62704620801,182869.62632968352,0.0014330490084830672,2.2865979355119634,10324212447,true,true,5dff3859ad319cb37301e68cfc6fde00723e3a42110ca93adb44c05e97098167
softmax_whole_stage_atc_trace_v1,softmax_whole_stage_operand_rate_atc,softmax_whole_stage_operand_rate_atc_v2,20260728_operand_rate_v2_final_reduction_session02_BCA,reduction,fp16x2,20260728_operand_rate_v2_final_reduction_session02_BCA_reduction_fp16x2,1,2,20260728_operand_rate_v2_final_reduction_session02_BCA_reduction_fp16x2_b1_r2_treatment,treatment,treatment,20260728_operand_rate_v2_final_reduction_session02_BCA_reduction_fp16x2_b1_r2_treatment_1785246133879,10,182869.87733483201,182869.87866016201,182869.87799749701,0.0013253299985080957,2.5382657489972189,10324252674,true,true,5dff3859ad319cb37301e68cfc6fde00723e3a42110ca93adb44c05e97098167
softmax_whole_stage_atc_trace_v1,softmax_whole_stage_operand_rate_atc,softmax_whole_stage_operand_rate_atc_v2,20260728_operand_rate_v2_final_reduction_session02_BCA,reduction,fp16x2,20260728_operand_rate_v2_final_reduction_session02_BCA_reduction_fp16x2,1,2,20260728_operand_rate_v2_final_reduction_session02_BCA_reduction_fp16x2_b1_r2_treatment,treatment,treatment,20260728_operand_rate_v2_final_reduction_session02_BCA_reduction_fp16x2_b1_r2_treatment_1785246133879,11,182870.129297557,182870.13068879399,182870.12999317551,0.0013912369904574007,2.7902614274935331,10324312366,true,true,5dff3859ad319cb37301e68cfc6fde00723e3a42110ca93adb44c05e97098167
softmax_whole_stage_atc_trace_v1,softmax_whole_stage_operand_rate_atc,softmax_whole_stage_operand_rate_atc_v2,20260728_operand_rate_v2_final_reduction_session02_BCA,reduction,fp16x2,20260728_operand_rate_v2_final_reduction_session02_BCA_reduction_fp16x2,1,2,20260728_operand_rate_v2_final_reduction_session02_BCA_reduction_fp16x2_b1_r2_treatment,treatment,treatment,20260728_operand_rate_v2_final_reduction_session02_BCA_reduction_fp16x2_b1_r2_treatment_1785246133879,12,182870.38395619599,182870.38922329701,182870.38658974651,0.005267101019853726,3.0468579985026736,10324353142,true,true,5dff3859ad319cb37301e68cfc6fde00723e3a42110ca93adb44c05e97098167
softmax_whole_stage_atc_trace_v1,softmax_whole_stage_operand_rate_atc,softmax_whole_stage_operand_rate_atc_v2,20260728_operand_rate_v2_final_reduction_session02_BCA,reduction,fp16x2,20260728_operand_rate_v2_final_reduction_session02_BCA_reduction_fp16x2,1,2,20260728_operand_rate_v2_final_reduction_session02_BCA_reduction_fp16x2_b1_r2_treatment,treatment,treatment,20260728_operand_rate_v2_final_reduction_session02_BCA_reduction_fp16x2_b1_r2_treatment_1785246133879,13,182870.64249869701,182870.643894693,182870.64319669502,0.0013959959906060249,3.3034649470064323,10324416235,true,true,5dff3859ad319cb37301e68cfc6fde00723e3a42110ca93adb44c05e97098167
softmax_whole_stage_atc_trace_v1,softmax_whole_stage_operand_rate_atc,softmax_whole_stage_operand_rate_atc_v2,20260728_operand_rate_v2_final_reduction_session02_BCA,reduction,fp16x2,20260728_operand_rate_v2_final_reduction_session02_BCA_reduction_fp16x2,1,2,20260728_operand_rate_v2_final_reduction_session02_BCA_reduction_fp16x2_b1_r2_treatment,treatment,treatment,20260728_operand_rate_v2_final_reduction_session02_BCA_reduction_fp16x2_b1_r2_treatment_1785246133879,14,182870.89710823499,182870.89849289201,182870.89780056349,0.0013846570218447596,3.5580688154732343,10324455527,true,true,5dff3859ad319cb37301e68cfc6fde00723e3a42110ca93adb44c05e97098167
softmax_whole_stage_atc_trace_v1,softmax_whole_stage_operand_rate_atc,softmax_whole_stage_operand_rate_atc_v2,20260728_operand_rate_v2_final_reduction_session02_BCA,reduction,fp16x2,20260728_operand_rate_v2_final_reduction_session02_BCA_reduction_fp16x2,1,2,20260728_operand_rate_v2_final_reduction_session02_BCA_reduction_fp16x2_b1_r2_treatment,treatment,treatment,20260728_operand_rate_v2_final_reduction_session02_BCA_reduction_fp16x2_b1_r2_treatment_1785246133879,15,182871.14908098301,182871.15052952201,182871.1498052525,0.0014485389983747154,3.8100735044863541,10324517995,true,true,5dff3859ad319cb37301e68cfc6fde00723e3a42110ca93adb44c05e97098167
softmax_whole_stage_atc_trace_v1,softmax_whole_stage_operand_rate_atc,softmax_whole_stage_operand_rate_atc_v2,20260728_operand_rate_v2_final_reduction_session02_BCA,reduction,fp16x2,20260728_operand_rate_v2_final_reduction_session02_BCA_reduction_fp16x2,1,2,20260728_operand_rate_v2_final_reduction_session02_BCA_reduction_fp16x2_b1_r2_treatment,treatment,treatment,20260728_operand_rate_v2_final_reduction_session02_BCA_reduction_fp16x2_b1_r2_treatment_1785246133879,16,182871.40380026499,182871.40520253699,182871.404501401,0.0014022719988133758,4.0647696529922541,10324557170,true,true,5dff3859ad319cb37301e68cfc6fde00723e3a42110ca93adb44c05e97098167
softmax_whole_stage_atc_trace_v1,softmax_whole_stage_operand_rate_atc,softmax_whole_stage_operand_rate_atc_v2,20260728_operand_rate_v2_final_reduction_session02_BCA,reduction,fp16x2,20260728_operand_rate_v2_final_reduction_session02_BCA_reduction_fp16x2,1,2,20260728_operand_rate_v2_final_reduction_session02_BCA_reduction_fp16x2_b1_r2_treatment,treatment,treatment,20260728_operand_rate_v2_final_reduction_session02_BCA_reduction_fp16x2_b1_r2_treatment_1785246133879,17,182871.65841881401,182871.65982473001,182871.65912177201,0.0014059160021133721,4.3193900240003131,10324619462,true,true,5dff3859ad319cb37301e68cfc6fde00723e3a42110ca93adb44c05e97098167
softmax_whole_stage_atc_trace_v1,softmax_whole_stage_operand_rate_atc,softmax_whole_stage_operand_rate_atc_v2,20260728_operand_rate_v2_final_reduction_session02_BCA,reduction,fp16x2,20260728_operand_rate_v2_final_reduction_session02_BCA_reduction_fp16x2,1,2,20260728_operand_rate_v2_final_reduction_session02_BCA_reduction_fp16x2_b1_r2_treatment,treatment,treatment,20260728_operand_rate_v2_final_reduction_session02_BCA_reduction_fp16x2_b1_r2_treatment_1785246133879,18,182871.91022947701,182871.91165462899,182871.91094205301,0.001425151975126937,4.5712103050027508,10324657887,true,true,5dff3859ad319cb37301e68cfc6fde00723e3a42110ca93adb44c05e97098167
softmax_whole_stage_atc_trace_v1,softmax_whole_stage_operand_rate_atc,softmax_whole_stage_operand_rate_atc_v2,20260728_operand_rate_v2_final_reduction_session02_BCA,reduction,fp16x2,20260728_operand_rate_v2_final_reduction_session02_BCA_reduction_fp16x2,1,2,20260728_operand_rate_v2_final_reduction_session02_BCA_reduction_fp16x2_b1_r2_treatment,treatment,treatment,20260728_operand_rate_v2_final_reduction_session02_BCA_reduction_fp16x2_b1_r2_treatment_1785246133879,19,182872.162086305,182872.16352634001,182872.16280632251,0.0014400350046344101,4.8230745744949672,10324719935,true,true,5dff3859ad319cb37301e68cfc6fde00723e3a42110ca93adb44c05e97098167
softmax_whole_stage_atc_trace_v1,softmax_whole_stage_operand_rate_atc,softmax_whole_stage_operand_rate_atc_v2,20260728_operand_rate_v2_final_reduction_session02_BCA,reduction,fp16x2,20260728_operand_rate_v2_final_reduction_session02_BCA_reduction_fp16x2,1,2,20260728_operand_rate_v2_final_reduction_session02_BCA_reduction_fp16x2_b1_r2_treatment,treatment,treatment,20260728_operand_rate_v2_final_reduction_session02_BCA_reduction_fp16x2_b1_r2_treatment_1785246133879,20,182872.41677055799,182872.41812342501,182872.41744699149,0.0013528670242521912,5.0777152434748132,10324758813,true,true,5dff3859ad319cb37301e68cfc6fde00723e3a42110ca93adb44c05e97098167
softmax_whole_stage_atc_trace_v1,softmax_whole_stage_operand_rate_atc,softmax_whole_stage_operand_rate_atc_v2,20260728_operand_rate_v2_final_reduction_session02_BCA,reduction,fp16x2,20260728_operand_rate_v2_final_reduction_session02_BCA_reduction_fp16x2,1,2,20260728_operand_rate_v2_final_reduction_session02_BCA_reduction_fp16x2_b1_r2_treatment,treatment,treatment,20260728_operand_rate_v2_final_reduction_session02_BCA_reduction_fp16x2_b1_r2_treatment_1785246133879,21,182872.67139922999,182872.67664264099,182872.67402093549,0.0052434109966270626,5.3342891874781344,10324820789,true,true,5dff3859ad319cb37301e68cfc6fde00723e3a42110ca93adb44c05e97098167
softmax_whole_stage_atc_trace_v1,softmax_whole_stage_operand_rate_atc,softmax_whole_stage_operand_rate_atc_v2,20260728_operand_rate_v2_final_reduction_session02_BCA,reduction,fp16x2,20260728_operand_rate_v2_final_reduction_session02_BCA_reduction_fp16x2,1,2,20260728_operand_rate_v2_final_reduction_session02_BCA_reduction_fp16x2_b1_r2_treatment,treatment,treatment,20260728_operand_rate_v2_final_reduction_session02_BCA_reduction_fp16x2_b1_r2_treatment_1785246133879,22,182872.929916016,182872.93125177399,182872.93058389501,0.0013357579882722348,5.5908521469973493,10324862477,true,true,5dff3859ad319cb37301e68cfc6fde00723e3a42110ca93adb44c05e97098167
softmax_whole_stage_atc_trace_v1,softmax_whole_stage_operand_rate_atc,softmax_whole_stage_operand_rate_atc_v2,20260728_operand_rate_v2_final_reduction_session02_BCA,reduction,fp16x2,20260728_operand_rate_v2_final_reduction_session02_BCA_reduction_fp16x2,1,2,20260728_operand_rate_v2_final_reduction_session02_BCA_reduction_fp16x2_b1_r2_treatment,treatment,treatment,20260728_operand_rate_v2_final_reduction_session02_BCA_reduction_fp16x2_b1_r2_treatment_1785246133879,23,182873.18161653099,182873.18322107999,182873.18241880549,0.0016045490046963096,5.8426870574767236,10324922847,true,true,5dff3859ad319cb37301e68cfc6fde00723e3a42110ca93adb44c05e97098167
softmax_whole_stage_atc_trace_v1,softmax_whole_stage_operand_rate_atc,softmax_whole_stage_operand_rate_atc_v2,20260728_operand_rate_v2_final_reduction_session02_BCA,reduction,fp16x2,20260728_operand_rate_v2_final_reduction_session02_BCA_reduction_fp16x2,1,2,20260728_operand_rate_v2_final_reduction_session02_BCA_reduction_fp16x2_b1_r2_treatment,treatment,treatment,20260728_operand_rate_v2_final_reduction_session02_BCA_reduction_fp16x2_b1_r2_treatment_1785246133879,24,182873.43652386701,182873.437981052,182873.43725245952,0.0014571849897038192,6.0975207115116064,10324964341,true,true,5dff3859ad319cb37301e68cfc6fde00723e3a42110ca93adb44c05e97098167
softmax_whole_stage_atc_trace_v1,softmax_whole_stage_operand_rate_atc,softmax_whole_stage_operand_rate_atc_v2,20260728_operand_rate_v2_final_reduction_session02_BCA,reduction,fp16x2,20260728_operand_rate_v2_final_reduction_session02_BCA_reduction_fp16x2,1,2,20260728_operand_rate_v2_final_reduction_session02_BCA_reduction_fp16x2_b1_r2_treatment,treatment,treatment,20260728_operand_rate_v2_final_reduction_session02_BCA_reduction_fp16x2_b1_r2_treatment_1785246133879,25,182873.69139789601,182873.69282256399,182873.69211022998,0.0014246679784264416,6.3523784819699358,10325024678,true,true,5dff3859ad319cb37301e68cfc6fde00723e3a42110ca93adb44c05e97098167
softmax_whole_stage_atc_trace_v1,softmax_whole_stage_operand_rate_atc,softmax_whole_stage_operand_rate_atc_v2,20260728_operand_rate_v2_final_reduction_session02_BCA,reduction,fp16x2,20260728_operand_rate_v2_final_reduction_session02_BCA_reduction_fp16x2,1,2,20260728_operand_rate_v2_final_reduction_session02_BCA_reduction_fp16x2_b1_r2_treatment,treatment,treatment,20260728_operand_rate_v2_final_reduction_session02_BCA_reduction_fp16x2_b1_r2_treatment_1785246133879,26,182873.94365983101,182873.945039218,182873.94434952451,0.0013793869875371456,6.604617776494706,10325065535,true,true,5dff3859ad319cb37301e68cfc6fde00723e3a42110ca93adb44c05e97098167
softmax_whole_stage_atc_trace_v1,softmax_whole_stage_operand_rate_atc,softmax_whole_stage_operand_rate_atc_v2,20260728_operand_rate_v2_final_reduction_session02_BCA,reduction,fp16x2,20260728_operand_rate_v2_final_reduction_session02_BCA_reduction_fp16x2,1,2,20260728_operand_rate_v2_final_reduction_session02_BCA_reduction_fp16x2_b1_r2_treatment,treatment,treatment,20260728_operand_rate_v2_final_reduction_session02_BCA_reduction_fp16x2_b1_r2_treatment_1785246133879,27,182874.195308806,182874.19677136,182874.19604008301,0.0014625540061388165,6.8563083350018132,10325125812,true,true,5dff3859ad319cb37301e68cfc6fde00723e3a42110ca93adb44c05e97098167
softmax_whole_stage_atc_trace_v1,softmax_whole_stage_operand_rate_atc,softmax_whole_stage_operand_rate_atc_v2,20260728_operand_rate_v2_final_reduction_session02_BCA,reduction,fp16x2,20260728_operand_rate_v2_final_reduction_session02_BCA_reduction_fp16x2,1,2,20260728_operand_rate_v2_final_reduction_session02_BCA_reduction_fp16x2_b1_r2_treatment,treatment,treatment,20260728_operand_rate_v2_final_reduction_session02_BCA_reduction_fp16x2_b1_r2_treatment_1785246133879,28,182874.44816749301,182874.44968596299,182874.44892672799,0.0015184699732344598,7.1091949799738359,10325167228,true,true,5dff3859ad319cb37301e68cfc6fde00723e3a42110ca93adb44c05e97098167
softmax_whole_stage_atc_trace_v1,softmax_whole_stage_operand_rate_atc,softmax_whole_stage_operand_rate_atc_v2,20260728_operand_rate_v2_final_reduction_session02_BCA,reduction,fp16x2,20260728_operand_rate_v2_final_reduction_session02_BCA_reduction_fp16x2,1,2,20260728_operand_rate_v2_final_reduction_session02_BCA_reduction_fp16x2_b1_r2_treatment,treatment,treatment,20260728_operand_rate_v2_final_reduction_session02_BCA_reduction_fp16x2_b1_r2_treatment_1785246133879,29,182874.70288258299,182874.704478142,182874.70368036249,0.0015955590060912073,7.3639486144820694,10325227873,true,true,5dff3859ad319cb37301e68cfc6fde00723e3a42110ca93adb44c05e97098167
softmax_whole_stage_atc_trace_v1,softmax_whole_stage_operand_rate_atc,softmax_whole_stage_operand_rate_atc_v2,20260728_operand_rate_v2_final_reduction_session02_BCA,reduction,fp16x2,20260728_operand_rate_v2_final_reduction_session02_BCA_reduction_fp16x2,1,2,20260728_operand_rate_v2_final_reduction_session02_BCA_reduction_fp16x2_b1_r2_treatment,treatment,treatment,20260728_operand_rate_v2_final_reduction_session02_BCA_reduction_fp16x2_b1_r2_treatment_1785246133879,30,182874.95682405401,182874.95830423399,182874.95756414399,0.0014801799843553454,7.6178323959757108,10325269042,true,true,5dff3859ad319cb37301e68cfc6fde00723e3a42110ca93adb44c05e97098167
softmax_whole_stage_atc_trace_v1,softmax_whole_stage_operand_rate_atc,softmax_whole_stage_operand_rate_atc_v2,20260728_operand_rate_v2_final_reduction_session02_BCA,reduction,fp16x2,20260728_operand_rate_v2_final_reduction_session02_BCA_reduction_fp16x2,1,2,20260728_operand_rate_v2_final_reduction_session02_BCA_reduction_fp16x2_b1_r2_treatment,treatment,treatment,20260728_operand_rate_v2_final_reduction_session02_BCA_reduction_fp16x2_b1_r2_treatment_1785246133879,31,182875.208428154,182875.210079529,182875.20925384149,0.0016513750015292317,7.8695220934750978,10325329339,true,true,5dff3859ad319cb37301e68cfc6fde00723e3a42110ca93adb44c05e97098167
softmax_whole_stage_atc_trace_v1,softmax_whole_stage_operand_rate_atc,softmax_whole_stage_operand_rate_atc_v2,20260728_operand_rate_v2_final_reduction_session02_BCA,reduction,fp16x2,20260728_operand_rate_v2_final_reduction_session02_BCA_reduction_fp16x2,1,2,20260728_operand_rate_v2_final_reduction_session02_BCA_reduction_fp16x2_b1_r2_treatment,treatment,treatment,20260728_operand_rate_v2_final_reduction_session02_BCA_reduction_fp16x2_b1_r2_treatment_1785246133879,32,182875.46350579301,182875.46492499101,182875.46421539201,0.0014191980008035898,8.1244836440018844,10325370704,true,true,5dff3859ad319cb37301e68cfc6fde00723e3a42110ca93adb44c05e97098167
softmax_whole_stage_atc_trace_v1,softmax_whole_stage_operand_rate_atc,softmax_whole_stage_operand_rate_atc_v2,20260728_operand_rate_v2_final_reduction_session02_BCA,reduction,fp16x2,20260728_operand_rate_v2_final_reduction_session02_BCA_reduction_fp16x2,1,2,20260728_operand_rate_v2_final_reduction_session02_BCA_reduction_fp16x2_b1_r2_treatment,treatment,treatment,20260728_operand_rate_v2_final_reduction_session02_BCA_reduction_fp16x2_b1_r2_treatment_1785246133879,33,182875.71834922899,182875.719761235,182875.71905523201,0.0014120060077402741,8.3793234839977231,10325430831,true,true,5dff3859ad319cb37301e68cfc6fde00723e3a42110ca93adb44c05e97098167
softmax_whole_stage_atc_trace_v1,softmax_whole_stage_operand_rate_atc,softmax_whole_stage_operand_rate_atc_v2,20260728_operand_rate_v2_final_reduction_session02_BCA,reduction,fp16x2,20260728_operand_rate_v2_final_reduction_session02_BCA_reduction_fp16x2,1,2,20260728_operand_rate_v2_final_reduction_session02_BCA_reduction_fp16x2_b1_r2_treatment,treatment,treatment,20260728_operand_rate_v2_final_reduction_session02_BCA_reduction_fp16x2_b1_r2_treatment_1785246133879,34,182875.96999050601,182875.971610782,182875.97080064402,0.001620275987079367,8.6310688960074913,10325492764,true,true,5dff3859ad319cb37301e68cfc6fde00723e3a42110ca93adb44c05e97098167
softmax_whole_stage_atc_trace_v1,softmax_whole_stage_operand_rate_atc,softmax_whole_stage_operand_rate_atc_v2,20260728_operand_rate_v2_final_reduction_session02_BCA,reduction,fp16x2,20260728_operand_rate_v2_final_reduction_session02_BCA_reduction_fp16x2,1,2,20260728_operand_rate_v2_final_reduction_session02_BCA_reduction_fp16x2_b1_r2_treatment,treatment,treatment,20260728_operand_rate_v2_final_reduction_session02_BCA_reduction_fp16x2_b1_r2_treatment_1785246133879,35,182876.222861652,182876.22428439601,182876.22357302401,0.0014227440115064383,8.8838412759942003,10325535220,true,true,5dff3859ad319cb37301e68cfc6fde00723e3a42110ca93adb44c05e97098167
softmax_whole_stage_atc_trace_v1,softmax_whole_stage_operand_rate_atc,softmax_whole_stage_operand_rate_atc_v2,20260728_operand_rate_v2_final_reduction_session02_BCA,reduction,fp16x2,20260728_operand_rate_v2_final_reduction_session02_BCA_reduction_fp16x2,1,2,20260728_operand_rate_v2_final_reduction_session02_BCA_reduction_fp16x2_b1_r2_treatment,treatment,treatment,20260728_operand_rate_v2_final_reduction_session02_BCA_reduction_fp16x2_b1_r2_treatment_1785246133879,36,182876.47761928901,182876.479017821,182876.47831855499,0.0013985319819767028,9.1385868069774006,10325597437,true,true,5dff3859ad319cb37301e68cfc6fde00723e3a42110ca93adb44c05e97098167
softmax_whole_stage_atc_trace_v1,softmax_whole_stage_operand_rate_atc,softmax_whole_stage_operand_rate_atc_v2,20260728_operand_rate_v2_final_reduction_session02_BCA,reduction,fp16x2,20260728_operand_rate_v2_final_reduction_session02_BCA_reduction_fp16x2,1,2,20260728_operand_rate_v2_final_reduction_session02_BCA_reduction_fp16x2_b1_r2_treatment,treatment,treatment,20260728_operand_rate_v2_final_reduction_session02_BCA_reduction_fp16x2_b1_r2_treatment_1785246133879,37,182876.73243071401,182876.73375084199,182876.733090778,0.0013201279798522592,9.3933590299857315,10325639792,true,true,5dff3859ad319cb37301e68cfc6fde00723e3a42110ca93adb44c05e97098167
softmax_whole_stage_atc_trace_v1,softmax_whole_stage_operand_rate_atc,softmax_whole_stage_operand_rate_atc_v2,20260728_operand_rate_v2_final_reduction_session02_BCA,reduction,fp16x2,20260728_operand_rate_v2_final_reduction_session02_BCA_reduction_fp16x2,1,2,20260728_operand_rate_v2_final_reduction_session02_BCA_reduction_fp16x2_b1_r2_treatment,treatment,treatment,20260728_operand_rate_v2_final_reduction_session02_BCA_reduction_fp16x2_b1_r2_treatment_1785246133879,38,182876.98404372801,182876.985332757,182876.98468824249,0.001289028994506225,9.6449564944778103,10325701340,true,true,5dff3859ad319cb37301e68cfc6fde00723e3a42110ca93adb44c05e97098167
softmax_whole_stage_atc_trace_v1,softmax_whole_stage_operand_rate_atc,softmax_whole_stage_operand_rate_atc_v2,20260728_operand_rate_v2_final_reduction_session02_BCA,reduction,fp16x2,20260728_operand_rate_v2_final_reduction_session02_BCA_reduction_fp16x2,1,2,20260728_operand_rate_v2_final_reduction_session02_BCA_reduction_fp16x2_b1_r2_treatment,treatment,treatment,20260728_operand_rate_v2_final_reduction_session02_BCA_reduction_fp16x2_b1_r2_treatment_1785246133879,39,182877.238748081,182877.24011115899,182877.23942961998,0.0013630779867526144,9.8996978719660547,10325743658,true,true,5dff3859ad319cb37301e68cfc6fde00723e3a42110ca93adb44c05e97098167
softmax_whole_stage_atc_trace_v1,softmax_whole_stage_operand_rate_atc,softmax_whole_stage_operand_rate_atc_v2,20260728_operand_rate_v2_final_reduction_session02_BCA,reduction,fp16x2,20260728_operand_rate_v2_final_reduction_session02_BCA_reduction_fp16x2,1,2,20260728_operand_rate_v2_final_reduction_session02_BCA_reduction_fp16x2_b1_r2_treatment,treatment,treatment,20260728_operand_rate_v2_final_reduction_session02_BCA_reduction_fp16x2_b1_r2_treatment_1785246133879,40,182877.49118019801,182877.49267577499,182877.4919279865,0.0014955769875086844,10.152196238486795,10325805002,true,true,5dff3859ad319cb37301e68cfc6fde00723e3a42110ca93adb44c05e97098167
softmax_whole_stage_atc_trace_v1,softmax_whole_stage_operand_rate_atc,softmax_whole_stage_operand_rate_atc_v2,20260728_operand_rate_v2_final_reduction_session02_BCA,reduction,fp16x2,20260728_operand_rate_v2_final_reduction_session02_BCA_reduction_fp16x2,1,2,20260728_operand_rate_v2_final_reduction_session02_BCA_reduction_fp16x2_b1_r2_treatment,treatment,treatment,20260728_operand_rate_v2_final_reduction_session02_BCA_reduction_fp16x2_b1_r2_treatment_1785246133879,41,182877.74300695301,182877.74438532701,182877.74369614001,0.0013783739996142685,10.403964391996851,10325847088,true,true,5dff3859ad319cb37301e68cfc6fde00723e3a42110ca93adb44c05e97098167
softmax_whole_stage_atc_trace_v1,softmax_whole_stage_operand_rate_atc,softmax_whole_stage_operand_rate_atc_v2,20260728_operand_rate_v2_final_reduction_session02_BCA,reduction,fp16x2,20260728_operand_rate_v2_final_reduction_session02_BCA_reduction_fp16x2,1,2,20260728_operand_rate_v2_final_reduction_session02_BCA_reduction_fp16x2_b1_r2_treatment,treatment,treatment,20260728_operand_rate_v2_final_reduction_session02_BCA_reduction_fp16x2_b1_r2_treatment_1785246133879,42,182877.994539637,182877.99595437801,182877.99524700752,0.0014147410111036152,10.655515259510139,10325887727,true,true,5dff3859ad319cb37301e68cfc6fde00723e3a42110ca93adb44c05e97098167
softmax_whole_stage_atc_trace_v1,softmax_whole_stage_operand_rate_atc,softmax_whole_stage_operand_rate_atc_v2,20260728_operand_rate_v2_final_reduction_session02_BCA,reduction,fp16x2,20260728_operand_rate_v2_final_reduction_session02_BCA_reduction_fp16x2,1,2,20260728_operand_rate_v2_final_reduction_session02_BCA_reduction_fp16x2_b1_r2_treatment,treatment,treatment,20260728_operand_rate_v2_final_reduction_session02_BCA_reduction_fp16x2_b1_r2_treatment_1785246133879,43,182878.246382499,182878.247977652,182878.2471800755,0.0015951530076563358,10.907448327488964,10325947943,true,true,5dff3859ad319cb37301e68cfc6fde00723e3a42110ca93adb44c05e97098167
softmax_whole_stage_atc_trace_v1,softmax_whole_stage_operand_rate_atc,softmax_whole_stage_operand_rate_atc_v2,20260728_operand_rate_v2_final_reduction_session02_BCA,reduction,fp16x2,20260728_operand_rate_v2_final_reduction_session02_BCA_reduction_fp16x2,1,2,20260728_operand_rate_v2_final_reduction_session02_BCA_reduction_fp16x2_b1_r2_treatment,treatment,treatment,20260728_operand_rate_v2_final_reduction_session02_BCA_reduction_fp16x2_b1_r2_treatment_1785246133879,44,182878.499117195,182878.50046528099,182878.49979123799,0.0013480859925039113,11.160059489979176,10325989250,true,true,5dff3859ad319cb37301e68cfc6fde00723e3a42110ca93adb44c05e97098167
softmax_whole_stage_atc_trace_v1,softmax_whole_stage_operand_rate_atc,softmax_whole_stage_operand_rate_atc_v2,20260728_operand_rate_v2_final_reduction_session02_BCA,reduction,fp16x2,20260728_operand_rate_v2_final_reduction_session02_BCA_reduction_fp16x2,1,2,20260728_operand_rate_v2_final_reduction_session02_BCA_reduction_fp16x2_b1_r2_treatment,treatment,treatment,20260728_operand_rate_v2_final_reduction_session02_BCA_reduction_fp16x2_b1_r2_treatment_1785246133879,45,182878.750845792,182878.752394551,182878.7516201715,0.001548758998978883,11.411888423492201,10326049908,true,true,5dff3859ad319cb37301e68cfc6fde00723e3a42110ca93adb44c05e97098167
softmax_whole_stage_atc_trace_v1,softmax_whole_stage_operand_rate_atc,softmax_whole_stage_operand_rate_atc_v2,20260728_operand_rate_v2_final_reduction_session02_BCA,reduction,fp16x2,20260728_operand_rate_v2_final_reduction_session02_BCA_reduction_fp16x2,1,2,20260728_operand_rate_v2_final_reduction_session02_BCA_reduction_fp16x2_b1_r2_treatment,treatment,treatment,20260728_operand_rate_v2_final_reduction_session02_BCA_reduction_fp16x2_b1_r2_treatment_1785246133879,46,182879.00278762201,182879.00415789199,182879.003472757,0.0013702699798159301,11.663741008989746,10326091651,true,true,5dff3859ad319cb37301e68cfc6fde00723e3a42110ca93adb44c05e97098167
softmax_whole_stage_atc_trace_v1,softmax_whole_stage_operand_rate_atc,softmax_whole_stage_operand_rate_atc_v2,20260728_operand_rate_v2_final_reduction_session02_BCA,reduction,fp16x2,20260728_operand_rate_v2_final_reduction_session02_BCA_reduction_fp16x2,1,2,20260728_operand_rate_v2_final_reduction_session02_BCA_reduction_fp16x2_b1_r2_treatment,treatment,treatment,20260728_operand_rate_v2_final_reduction_session02_BCA_reduction_fp16x2_b1_r2_treatment_1785246133879,47,182879.25462481001,182879.25878961399,182879.25670721201,0.0041648039768915623,11.916975464002462,10326152899,true,true,5dff3859ad319cb37301e68cfc6fde00723e3a42110ca93adb44c05e97098167
softmax_whole_stage_atc_trace_v1,softmax_whole_stage_operand_rate_atc,softmax_whole_stage_operand_rate_atc_v2,20260728_operand_rate_v2_final_reduction_session02_BCA,reduction,fp16x2,20260728_operand_rate_v2_final_reduction_session02_BCA_reduction_fp16x2,1,2,20260728_operand_rate_v2_final_reduction_session02_BCA_reduction_fp16x2_b1_r2_treatment,treatment,treatment,20260728_operand_rate_v2_final_reduction_session02_BCA_reduction_fp16x2_b1_r2_treatment_1785246133879,48,182879.51001222199,182879.51160788201,182879.51081005199,0.0015956600254867226,12.171078303974355,10326194629,true,true,5dff3859ad319cb37301e68cfc6fde00723e3a42110ca93adb44c05e97098167
softmax_whole_stage_atc_trace_v1,softmax_whole_stage_operand_rate_atc,softmax_whole_stage_operand_rate_atc_v2,20260728_operand_rate_v2_final_reduction_session02_BCA,reduction,fp16x2,20260728_operand_rate_v2_final_reduction_session02_BCA_reduction_fp16x2,1,2,20260728_operand_rate_v2_final_reduction_session02_BCA_reduction_fp16x2_b1_r2_treatment,treatment,treatment,20260728_operand_rate_v2_final_reduction_session02_BCA_reduction_fp16x2_b1_r2_treatment_1785246133879,49,182879.76207186299,182879.76496759299,182879.76351972797,0.0028957299946341664,12.423787979962071,10326255677,true,true,5dff3859ad319cb37301e68cfc6fde00723e3a42110ca93adb44c05e97098167
softmax_whole_stage_atc_trace_v1,softmax_whole_stage_operand_rate_atc,softmax_whole_stage_operand_rate_atc_v2,20260728_operand_rate_v2_final_reduction_session02_BCA,reduction,fp16x2,20260728_operand_rate_v2_final_reduction_session02_BCA_reduction_fp16x2,1,2,20260728_operand_rate_v2_final_reduction_session02_BCA_reduction_fp16x2_b1_r2_treatment,treatment,treatment,20260728_operand_rate_v2_final_reduction_session02_BCA_reduction_fp16x2_b1_r2_treatment_1785246133879,50,182880.01513355301,182880.01654586199,182880.01583970751,0.0014123089786153287,12.676107959501678,10326297427,true,true,5dff3859ad319cb37301e68cfc6fde00723e3a42110ca93adb44c05e97098167
softmax_whole_stage_atc_trace_v1,softmax_whole_stage_operand_rate_atc,softmax_whole_stage_operand_rate_atc_v2,20260728_operand_rate_v2_final_reduction_session02_BCA,reduction,fp16x2,20260728_operand_rate_v2_final_reduction_session02_BCA_reduction_fp16x2,1,2,20260728_operand_rate_v2_final_reduction_session02_BCA_reduction_fp16x2_b1_r2_treatment,treatment,treatment,20260728_operand_rate_v2_final_reduction_session02_BCA_reduction_fp16x2_b1_r2_treatment_1785246133879,51,182880.26712978,182880.27144491099,182880.26928734549,0.0043151309946551919,12.929555597482249,10326358692,true,true,5dff3859ad319cb37301e68cfc6fde00723e3a42110ca93adb44c05e97098167
softmax_whole_stage_atc_trace_v1,softmax_whole_stage_operand_rate_atc,softmax_whole_stage_operand_rate_atc_v2,20260728_operand_rate_v2_final_reduction_session02_BCA,reduction,fp16x2,20260728_operand_rate_v2_final_reduction_session02_BCA_reduction_fp16x2,1,2,20260728_operand_rate_v2_final_reduction_session02_BCA_reduction_fp16x2_b1_r2_treatment,treatment,treatment,20260728_operand_rate_v2_final_reduction_session02_BCA_reduction_fp16x2_b1_r2_treatment_1785246133879,52,182880.522705507,182880.524403783,182880.52355464501,0.0016982759989332408,13.183822897000937,10326400425,true,false,5dff3859ad319cb37301e68cfc6fde00723e3a42110ca93adb44c05e97098167
softmax_whole_stage_atc_trace_v1,softmax_whole_stage_operand_rate_atc,softmax_whole_stage_operand_rate_atc_v2,20260728_operand_rate_v2_final_reduction_session02_BCA,reduction,fp16x2,20260728_operand_rate_v2_final_reduction_session02_BCA_reduction_fp16x2,1,2,20260728_operand_rate_v2_final_reduction_session02_BCA_reduction_fp16x2_b1_r2_treatment,treatment,treatment,20260728_operand_rate_v2_final_reduction_session02_BCA_reduction_fp16x2_b1_r2_treatment_1785246133879,53,182880.77477548001,182880.77778213299,182880.7762788065,0.0030066529870964587,13.436547058488941,10326461426,true,false,5dff3859ad319cb37301e68cfc6fde00723e3a42110ca93adb44c05e97098167
softmax_whole_stage_atc_trace_v1,softmax_whole_stage_operand_rate_atc,softmax_whole_stage_operand_rate_atc_v2,20260728_operand_rate_v2_final_reduction_session02_BCA,reduction,fp16x2,20260728_operand_rate_v2_final_reduction_session02_BCA_reduction_fp16x2,1,2,20260728_operand_rate_v2_final_reduction_session02_BCA_reduction_fp16x2_b1_r2_treatment,treatment,treatment,20260728_operand_rate_v2_final_reduction_session02_BCA_reduction_fp16x2_b1_r2_treatment_1785246133879,54,182881.028447394,182881.030756199,182881.0296017965,0.0023088050074875355,13.689870048488956,10326496731,true,false,5dff3859ad319cb37301e68cfc6fde00723e3a42110ca93adb44c05e97098167
softmax_whole_stage_atc_trace_v1,softmax_whole_stage_operand_rate_atc,softmax_whole_stage_operand_rate_atc_v2,20260728_operand_rate_v2_final_reduction_session02_BCA,reduction,fp16x2,20260728_operand_rate_v2_final_reduction_session02_BCA_reduction_fp16x2,1,2,20260728_operand_rate_v2_final_reduction_session02_BCA_reduction_fp16x2_b1_r2_treatment,treatment,treatment,20260728_operand_rate_v2_final_reduction_session02_BCA_reduction_fp16x2_b1_r2_treatment_1785246133879,55,182881.03077807999,182881.032616351,182881.03169721551,0.0018382710113655776,13.691965467500268,10326496731,false,false,5dff3859ad319cb37301e68cfc6fde00723e3a42110ca93adb44c05e97098167
softmax_whole_stage_atc_trace_v1,softmax_whole_stage_operand_rate_atc,softmax_whole_stage_operand_rate_atc_v2,20260728_operand_rate_v2_final_reduction_session02_BCA,reduction,fp32,20260728_operand_rate_v2_final_reduction_session02_BCA_reduction_fp32,0,0,20260728_operand_rate_v2_final_reduction_session02_BCA_reduction_fp32_b0_r0_control,control,control,20260728_operand_rate_v2_final_reduction_session02_BCA_reduction_fp32_b0_r0_control_1785246148598,0,182882.062942032,182882.064136915,182882.06353947351,0.0011948829924222082,0.00066825951216742396,10326640628,false,false,5dff3859ad319cb37301e68cfc6fde00723e3a42110ca93adb44c05e97098167
softmax_whole_stage_atc_trace_v1,softmax_whole_stage_operand_rate_atc,softmax_whole_stage_operand_rate_atc_v2,20260728_operand_rate_v2_final_reduction_session02_BCA,reduction,fp32,20260728_operand_rate_v2_final_reduction_session02_BCA_reduction_fp32,0,0,20260728_operand_rate_v2_final_reduction_session02_BCA_reduction_fp32_b0_r0_control,control,control,20260728_operand_rate_v2_final_reduction_session02_BCA_reduction_fp32_b0_r0_control_1785246148598,1,182882.31534179999,182882.31704436199,182882.31619308097,0.0017025620036292821,0.25332186697050929,10326684152,true,false,5dff3859ad319cb37301e68cfc6fde00723e3a42110ca93adb44c05e97098167
softmax_whole_stage_atc_trace_v1,softmax_whole_stage_operand_rate_atc,softmax_whole_stage_operand_rate_atc_v2,20260728_operand_rate_v2_final_reduction_session02_BCA,reduction,fp32,20260728_operand_rate_v2_final_reduction_session02_BCA_reduction_fp32,0,0,20260728_operand_rate_v2_final_reduction_session02_BCA_reduction_fp32_b0_r0_control,control,control,20260728_operand_rate_v2_final_reduction_session02_BCA_reduction_fp32_b0_r0_control_1785246148598,2,182882.56826849599,182882.56965455701,182882.5689615265,0.0013860610197298229,0.50609031249769032,10326756096,true,false,5dff3859ad319cb37301e68cfc6fde00723e3a42110ca93adb44c05e97098167
softmax_whole_stage_atc_trace_v1,softmax_whole_stage_operand_rate_atc,softmax_whole_stage_operand_rate_atc_v2,20260728_operand_rate_v2_final_reduction_session02_BCA,reduction,fp32,20260728_operand_rate_v2_final_reduction_session02_BCA_reduction_fp32,0,0,20260728_operand_rate_v2_final_reduction_session02_BCA_reduction_fp32_b0_r0_control,control,control,20260728_operand_rate_v2_final_reduction_session02_BCA_reduction_fp32_b0_r0_control_1785246148598,3,182882.820906857,182882.82348486301,182882.82219586,0.0025780060095712543,0.75932464600191452,10326801301,true,true,5dff3859ad319cb37301e68cfc6fde00723e3a42110ca93adb44c05e97098167
softmax_whole_stage_atc_trace_v1,softmax_whole_stage_operand_rate_atc,softmax_whole_stage_operand_rate_atc_v2,20260728_operand_rate_v2_final_reduction_session02_BCA,reduction,fp32,20260728_operand_rate_v2_final_reduction_session02_BCA_reduction_fp32,0,0,20260728_operand_rate_v2_final_reduction_session02_BCA_reduction_fp32_b0_r0_control,control,control,20260728_operand_rate_v2_final_reduction_session02_BCA_reduction_fp32_b0_r0_control_1785246148598,4,182883.07476502299,182883.076174285,182883.075469654,0.0014092620112933218,1.0125984399928711,10326873113,true,true,5dff3859ad319cb37301e68cfc6fde00723e3a42110ca93adb44c05e97098167
softmax_whole_stage_atc_trace_v1,softmax_whole_stage_operand_rate_atc,softmax_whole_stage_operand_rate_atc_v2,20260728_operand_rate_v2_final_reduction_session02_BCA,reduction,fp32,20260728_operand_rate_v2_final_reduction_session02_BCA_reduction_fp32,0,0,20260728_operand_rate_v2_final_reduction_session02_BCA_reduction_fp32_b0_r0_control,control,control,20260728_operand_rate_v2_final_reduction_session02_BCA_reduction_fp32_b0_r0_control_1785246148598,5,182883.32742232899,182883.32985099999,182883.32863666449,0.0024286709958687425,1.265765450487379,10326918475,true,true,5dff3859ad319cb37301e68cfc6fde00723e3a42110ca93adb44c05e97098167
softmax_whole_stage_atc_trace_v1,softmax_whole_stage_operand_rate_atc,softmax_whole_stage_operand_rate_atc_v2,20260728_operand_rate_v2_final_reduction_session02_BCA,reduction,fp32,20260728_operand_rate_v2_final_reduction_session02_BCA_reduction_fp32,0,0,20260728_operand_rate_v2_final_reduction_session02_BCA_reduction_fp32_b0_r0_control,control,control,20260728_operand_rate_v2_final_reduction_session02_BCA_reduction_fp32_b0_r0_control_1785246148598,6,182883.581153348,182883.58250931901,182883.58183133352,0.0013559710059780627,1.5189601195161231,10326990639,true,true,5dff3859ad319cb37301e68cfc6fde00723e3a42110ca93adb44c05e97098167
softmax_whole_stage_atc_trace_v1,softmax_whole_stage_operand_rate_atc,softmax_whole_stage_operand_rate_atc_v2,20260728_operand_rate_v2_final_reduction_session02_BCA,reduction,fp32,20260728_operand_rate_v2_final_reduction_session02_BCA_reduction_fp32,0,0,20260728_operand_rate_v2_final_reduction_session02_BCA_reduction_fp32_b0_r0_control,control,control,20260728_operand_rate_v2_final_reduction_session02_BCA_reduction_fp32_b0_r0_control_1785246148598,7,182883.83384378301,182883.836224128,182883.83503395552,0.0023803449876140803,1.7721627415157855,10327036025,true,true,5dff3859ad319cb37301e68cfc6fde00723e3a42110ca93adb44c05e97098167
softmax_whole_stage_atc_trace_v1,softmax_whole_stage_operand_rate_atc,softmax_whole_stage_operand_rate_atc_v2,20260728_operand_rate_v2_final_reduction_session02_BCA,reduction,fp32,20260728_operand_rate_v2_final_reduction_session02_BCA_reduction_fp32,0,0,20260728_operand_rate_v2_final_reduction_session02_BCA_reduction_fp32_b0_r0_control,control,control,20260728_operand_rate_v2_final_reduction_session02_BCA_reduction_fp32_b0_r0_control_1785246148598,8,182884.08757936099,182884.088984064,182884.08828171249,0.0014047030126675963,2.0254104984924197,10327108082,true,true,5dff3859ad319cb37301e68cfc6fde00723e3a42110ca93adb44c05e97098167
softmax_whole_stage_atc_trace_v1,softmax_whole_stage_operand_rate_atc,softmax_whole_stage_operand_rate_atc_v2,20260728_operand_rate_v2_final_reduction_session02_BCA,reduction,fp32,20260728_operand_rate_v2_final_reduction_session02_BCA_reduction_fp32,0,0,20260728_operand_rate_v2_final_reduction_session02_BCA_reduction_fp32_b0_r0_control,control,control,20260728_operand_rate_v2_final_reduction_session02_BCA_reduction_fp32_b0_r0_control_1785246148598,9,182884.34037435101,182884.34265196501,182884.341513158,0.0022776139958295971,2.2786419439944439,10327153392,true,true,5dff3859ad319cb37301e68cfc6fde00723e3a42110ca93adb44c05e97098167
softmax_whole_stage_atc_trace_v1,softmax_whole_stage_operand_rate_atc,softmax_whole_stage_operand_rate_atc_v2,20260728_operand_rate_v2_final_reduction_session02_BCA,reduction,fp32,20260728_operand_rate_v2_final_reduction_session02_BCA_reduction_fp32,0,0,20260728_operand_rate_v2_final_reduction_session02_BCA_reduction_fp32_b0_r0_control,control,control,20260728_operand_rate_v2_final_reduction_session02_BCA_reduction_fp32_b0_r0_control_1785246148598,10,182884.59408571501,182884.59551483401,182884.59480027453,0.0014291190018411726,2.5319290605257265,10327225354,true,true,5dff3859ad319cb37301e68cfc6fde00723e3a42110ca93adb44c05e97098167
softmax_whole_stage_atc_trace_v1,softmax_whole_stage_operand_rate_atc,softmax_whole_stage_operand_rate_atc_v2,20260728_operand_rate_v2_final_reduction_session02_BCA,reduction,fp32,20260728_operand_rate_v2_final_reduction_session02_BCA_reduction_fp32,0,0,20260728_operand_rate_v2_final_reduction_session02_BCA_reduction_fp32_b0_r0_control,control,control,20260728_operand_rate_v2_final_reduction_session02_BCA_reduction_fp32_b0_r0_control_1785246148598,11,182884.84696449101,182884.84909976,182884.8480321255,0.0021352689946070313,2.7851609115023166,10327270601,true,true,5dff3859ad319cb37301e68cfc6fde00723e3a42110ca93adb44c05e97098167
softmax_whole_stage_atc_trace_v1,softmax_whole_stage_operand_rate_atc,softmax_whole_stage_operand_rate_atc_v2,20260728_operand_rate_v2_final_reduction_session02_BCA,reduction,fp32,20260728_operand_rate_v2_final_reduction_session02_BCA_reduction_fp32,0,0,20260728_operand_rate_v2_final_reduction_session02_BCA_reduction_fp32_b0_r0_control,control,control,20260728_operand_rate_v2_final_reduction_session02_BCA_reduction_fp32_b0_r0_control_1785246148598,12,182885.10055731901,182885.10199028801,182885.10127380351,0.0014329690020531416,3.0384025895036757,10327342511,true,true,5dff3859ad319cb37301e68cfc6fde00723e3a42110ca93adb44c05e97098167
softmax_whole_stage_atc_trace_v1,softmax_whole_stage_operand_rate_atc,softmax_whole_stage_operand_rate_atc_v2,20260728_operand_rate_v2_final_reduction_session02_BCA,reduction,fp32,20260728_operand_rate_v2_final_reduction_session02_BCA_reduction_fp32,0,0,20260728_operand_rate_v2_final_reduction_session02_BCA_reduction_fp32_b0_r0_control,control,control,20260728_operand_rate_v2_final_reduction_session02_BCA_reduction_fp32_b0_r0_control_1785246148598,13,182885.35345149401,182885.355563057,182885.35450727551,0.0021115629933774471,3.2916360615054145,10327387692,true,true,5dff3859ad319cb37301e68cfc6fde00723e3a42110ca93adb44c05e97098167
softmax_whole_stage_atc_trace_v1,softmax_whole_stage_operand_rate_atc,softmax_whole_stage_operand_rate_atc_v2,20260728_operand_rate_v2_final_reduction_session02_BCA,reduction,fp32,20260728_operand_rate_v2_final_reduction_session02_BCA_reduction_fp32,0,0,20260728_operand_rate_v2_final_reduction_session02_BCA_reduction_fp32_b0_r0_control,control,control,20260728_operand_rate_v2_final_reduction_session02_BCA_reduction_fp32_b0_r0_control_1785246148598,14,182885.607056176,182885.60849238699,182885.6077742815,0.001436210994143039,3.5449030674935784,10327459544,true,true,5dff3859ad319cb37301e68cfc6fde00723e3a42110ca93adb44c05e97098167
softmax_whole_stage_atc_trace_v1,softmax_whole_stage_operand_rate_atc,softmax_whole_stage_operand_rate_atc_v2,20260728_operand_rate_v2_final_reduction_session02_BCA,reduction,fp32,20260728_operand_rate_v2_final_reduction_session02_BCA_reduction_fp32,0,0,20260728_operand_rate_v2_final_reduction_session02_BCA_reduction_fp32_b0_r0_control,control,control,20260728_operand_rate_v2_final_reduction_session02_BCA_reduction_fp32_b0_r0_control_1785246148598,15,182885.859993105,182885.86197468301,182885.860983894,0.0019815780106000602,3.7981126800004859,10327504824,true,true,5dff3859ad319cb37301e68cfc6fde00723e3a42110ca93adb44c05e97098167
softmax_whole_stage_atc_trace_v1,softmax_whole_stage_operand_rate_atc,softmax_whole_stage_operand_rate_atc_v2,20260728_operand_rate_v2_final_reduction_session02_BCA,reduction,fp32,20260728_operand_rate_v2_final_reduction_session02_BCA_reduction_fp32,0,0,20260728_operand_rate_v2_final_reduction_session02_BCA_reduction_fp32_b0_r0_control,control,control,20260728_operand_rate_v2_final_reduction_session02_BCA_reduction_fp32_b0_r0_control_1785246148598,16,182886.113465473,182886.11504990401,182886.11425768852,0.0015844310109969229,4.0513864745153114,10327576873,true,true,5dff3859ad319cb37301e68cfc6fde00723e3a42110ca93adb44c05e97098167
softmax_whole_stage_atc_trace_v1,softmax_whole_stage_operand_rate_atc,softmax_whole_stage_operand_rate_atc_v2,20260728_operand_rate_v2_final_reduction_session02_BCA,reduction,fp32,20260728_operand_rate_v2_final_reduction_session02_BCA_reduction_fp32,0,0,20260728_operand_rate_v2_final_reduction_session02_BCA_reduction_fp32_b0_r0_control,control,control,20260728_operand_rate_v2_final_reduction_session02_BCA_reduction_fp32_b0_r0_control_1785246148598,17,182886.36658071299,182886.36825419799,182886.36741745548,0.0016734850069042295,4.3045462414738722,10327622201,true,true,5dff3859ad319cb37301e68cfc6fde00723e3a42110ca93adb44c05e97098167
softmax_whole_stage_atc_trace_v1,softmax_whole_stage_operand_rate_atc,softmax_whole_stage_operand_rate_atc_v2,20260728_operand_rate_v2_final_reduction_session02_BCA,reduction,fp32,20260728_operand_rate_v2_final_reduction_session02_BCA_reduction_fp32,0,0,20260728_operand_rate_v2_final_reduction_session02_BCA_reduction_fp32_b0_r0_control,control,control,20260728_operand_rate_v2_final_reduction_session02_BCA_reduction_fp32_b0_r0_control_1785246148598,18,182886.61979594801,182886.62122952499,182886.6205127365,0.0014335769810713828,4.5576415224932134,10327694348,true,true,5dff3859ad319cb37301e68cfc6fde00723e3a42110ca93adb44c05e97098167
softmax_whole_stage_atc_trace_v1,softmax_whole_stage_operand_rate_atc,softmax_whole_stage_operand_rate_atc_v2,20260728_operand_rate_v2_final_reduction_session02_BCA,reduction,fp32,20260728_operand_rate_v2_final_reduction_session02_BCA_reduction_fp32,0,0,20260728_operand_rate_v2_final_reduction_session02_BCA_reduction_fp32_b0_r0_control,control,control,20260728_operand_rate_v2_final_reduction_session02_BCA_reduction_fp32_b0_r0_control_1785246148598,19,182886.87277866999,182886.874729551,182886.87375411048,0.0019508810073602945,4.8108828964759596,10327739746,true,true,5dff3859ad319cb37301e68cfc6fde00723e3a42110ca93adb44c05e97098167
softmax_whole_stage_atc_trace_v1,softmax_whole_stage_operand_rate_atc,softmax_whole_stage_operand_rate_atc_v2,20260728_operand_rate_v2_final_reduction_session02_BCA,reduction,fp32,20260728_operand_rate_v2_final_reduction_session02_BCA_reduction_fp32,0,0,20260728_operand_rate_v2_final_reduction_session02_BCA_reduction_fp32_b0_r0_control,control,control,20260728_operand_rate_v2_final_reduction_session02_BCA_reduction_fp32_b0_r0_control_1785246148598,20,182887.12628943499,182887.127694239,182887.12699183699,0.0014048040029592812,5.0641206229920499,10327812002,true,true,5dff3859ad319cb37301e68cfc6fde00723e3a42110ca93adb44c05e97098167
softmax_whole_stage_atc_trace_v1,softmax_whole_stage_operand_rate_atc,softmax_whole_stage_operand_rate_atc_v2,20260728_operand_rate_v2_final_reduction_session02_BCA,reduction,fp32,20260728_operand_rate_v2_final_reduction_session02_BCA_reduction_fp32,0,0,20260728_operand_rate_v2_final_reduction_session02_BCA_reduction_fp32_b0_r0_control,control,control,20260728_operand_rate_v2_final_reduction_session02_BCA_reduction_fp32_b0_r0_control_1785246148598,21,182887.379291914,182887.38118494401,182887.380238429,0.0018930300138890743,5.3173672150005586,10327857489,true,true,5dff3859ad319cb37301e68cfc6fde00723e3a42110ca93adb44c05e97098167
softmax_whole_stage_atc_trace_v1,softmax_whole_stage_operand_rate_atc,softmax_whole_stage_operand_rate_atc_v2,20260728_operand_rate_v2_final_reduction_session02_BCA,reduction,fp32,20260728_operand_rate_v2_final_reduction_session02_BCA_reduction_fp32,0,0,20260728_operand_rate_v2_final_reduction_session02_BCA_reduction_fp32_b0_r0_control,control,control,20260728_operand_rate_v2_final_reduction_session02_BCA_reduction_fp32_b0_r0_control_1785246148598,22,182887.632781808,182887.63417952001,182887.63348066399,0.0013977120106574148,5.570609449991025,10327930046,true,true,5dff3859ad319cb37301e68cfc6fde00723e3a42110ca93adb44c05e97098167
softmax_whole_stage_atc_trace_v1,softmax_whole_stage_operand_rate_atc,softmax_whole_stage_operand_rate_atc_v2,20260728_operand_rate_v2_final_reduction_session02_BCA,reduction,fp32,20260728_operand_rate_v2_final_reduction_session02_BCA_reduction_fp32,0,0,20260728_operand_rate_v2_final_reduction_session02_BCA_reduction_fp32_b0_r0_control,control,control,20260728_operand_rate_v2_final_reduction_session02_BCA_reduction_fp32_b0_r0_control_1785246148598,23,182887.885788238,182887.88756050399,182887.886674371,0.0017722659977152944,5.8238031569926534,10327975562,true,true,5dff3859ad319cb37301e68cfc6fde00723e3a42110ca93adb44c05e97098167
softmax_whole_stage_atc_trace_v1,softmax_whole_stage_operand_rate_atc,softmax_whole_stage_operand_rate_atc_v2,20260728_operand_rate_v2_final_reduction_session02_BCA,reduction,fp32,20260728_operand_rate_v2_final_reduction_session02_BCA_reduction_fp32,0,0,20260728_operand_rate_v2_final_reduction_session02_BCA_reduction_fp32_b0_r0_control,control,control,20260728_operand_rate_v2_final_reduction_session02_BCA_reduction_fp32_b0_r0_control_1785246148598,24,182888.139144096,182888.140571492,182888.13985779398,0.001427395996870473,6.0769865799811669,10328047932,true,true,5dff3859ad319cb37301e68cfc6fde00723e3a42110ca93adb44c05e97098167
softmax_whole_stage_atc_trace_v1,softmax_whole_stage_operand_rate_atc,softmax_whole_stage_operand_rate_atc_v2,20260728_operand_rate_v2_final_reduction_session02_BCA,reduction,fp32,20260728_operand_rate_v2_final_reduction_session02_BCA_reduction_fp32,0,0,20260728_operand_rate_v2_final_reduction_session02_BCA_reduction_fp32_b0_r0_control,control,control,20260728_operand_rate_v2_final_reduction_session02_BCA_reduction_fp32_b0_r0_control_1785246148598,25,182888.39160059899,182888.39441304401,182888.39300682151,0.0028124450182076544,6.3301356075098738,10328093348,true,true,5dff3859ad319cb37301e68cfc6fde00723e3a42110ca93adb44c05e97098167
softmax_whole_stage_atc_trace_v1,softmax_whole_stage_operand_rate_atc,softmax_whole_stage_operand_rate_atc_v2,20260728_operand_rate_v2_final_reduction_session02_BCA,reduction,fp32,20260728_operand_rate_v2_final_reduction_session02_BCA_reduction_fp32,0,0,20260728_operand_rate_v2_final_reduction_session02_BCA_reduction_fp32_b0_r0_control,control,control,20260728_operand_rate_v2_final_reduction_session02_BCA_reduction_fp32_b0_r0_control_1785246148598,26,182888.646090756,182888.64751612599,182888.64680344099,0.0014253699919208884,6.5839322269894183,10328165442,true,true,5dff3859ad319cb37301e68cfc6fde00723e3a42110ca93adb44c05e97098167
softmax_whole_stage_atc_trace_v1,softmax_whole_stage_operand_rate_atc,softmax_whole_stage_operand_rate_atc_v2,20260728_operand_rate_v2_final_reduction_session02_BCA,reduction,fp32,20260728_operand_rate_v2_final_reduction_session02_BCA_reduction_fp32,0,0,20260728_operand_rate_v2_final_reduction_session02_BCA_reduction_fp32_b0_r0_control,control,control,20260728_operand_rate_v2_final_reduction_session02_BCA_reduction_fp32_b0_r0_control_1785246148598,27,182888.89921784899,182888.90066540701,182888.89994162798,0.0014475580246653408,6.8370704139815643,10328210615,true,true,5dff3859ad319cb37301e68cfc6fde00723e3a42110ca93adb44c05e97098167
softmax_whole_stage_atc_trace_v1,softmax_whole_stage_operand_rate_atc,softmax_whole_stage_operand_rate_atc_v2,20260728_operand_rate_v2_final_reduction_session02_BCA,reduction,fp32,20260728_operand_rate_v2_final_reduction_session02_BCA_reduction_fp32,0,0,20260728_operand_rate_v2_final_reduction_session02_BCA_reduction_fp32_b0_r0_control,control,control,20260728_operand_rate_v2_final_reduction_session02_BCA_reduction_fp32_b0_r0_control_1785246148598,28,182889.152382225,182889.153729585,182889.15305590502,0.001347359997453168,7.090184691012837,10328282720,true,true,5dff3859ad319cb37301e68cfc6fde00723e3a42110ca93adb44c05e97098167
softmax_whole_stage_atc_trace_v1,softmax_whole_stage_operand_rate_atc,softmax_whole_stage_operand_rate_atc_v2,20260728_operand_rate_v2_final_reduction_session02_BCA,reduction,fp32,20260728_operand_rate_v2_final_reduction_session02_BCA_reduction_fp32,0,0,20260728_operand_rate_v2_final_reduction_session02_BCA_reduction_fp32_b0_r0_control,control,control,20260728_operand_rate_v2_final_reduction_session02_BCA_reduction_fp32_b0_r0_control_1785246148598,29,182889.40544458001,182889.40680946599,182889.40612702299,0.0013648859749082476,7.3432558089843951,10328327889,true,true,5dff3859ad319cb37301e68cfc6fde00723e3a42110ca93adb44c05e97098167
softmax_whole_stage_atc_trace_v1,softmax_whole_stage_operand_rate_atc,softmax_whole_stage_operand_rate_atc_v2,20260728_operand_rate_v2_final_reduction_session02_BCA,reduction,fp32,20260728_operand_rate_v2_final_reduction_session02_BCA_reduction_fp32,0,0,20260728_operand_rate_v2_final_reduction_session02_BCA_reduction_fp32_b0_r0_control,control,control,20260728_operand_rate_v2_final_reduction_session02_BCA_reduction_fp32_b0_r0_control_1785246148598,30,182889.65847893801,182889.65986772699,182889.6591733325,0.0013887889799661934,7.596302118501626,10328399873,true,true,5dff3859ad319cb37301e68cfc6fde00723e3a42110ca93adb44c05e97098167
softmax_whole_stage_atc_trace_v1,softmax_whole_stage_operand_rate_atc,softmax_whole_stage_operand_rate_atc_v2,20260728_operand_rate_v2_final_reduction_session02_BCA,reduction,fp32,20260728_operand_rate_v2_final_reduction_session02_BCA_reduction_fp32,0,0,20260728_operand_rate_v2_final_reduction_session02_BCA_reduction_fp32_b0_r0_control,control,control,20260728_operand_rate_v2_final_reduction_session02_BCA_reduction_fp32_b0_r0_control_1785246148598,31,182889.91162278701,182889.913051785,182889.91233728599,0.0014289979881141335,7.8494660719879903,10328445080,true,true,5dff3859ad319cb37301e68cfc6fde00723e3a42110ca93adb44c05e97098167
softmax_whole_stage_atc_trace_v1,softmax_whole_stage_operand_rate_atc,softmax_whole_stage_operand_rate_atc_v2,20260728_operand_rate_v2_final_reduction_session02_BCA,reduction,fp32,20260728_operand_rate_v2_final_reduction_session02_BCA_reduction_fp32,0,0,20260728_operand_rate_v2_final_reduction_session02_BCA_reduction_fp32_b0_r0_control,control,control,20260728_operand_rate_v2_final_reduction_session02_BCA_reduction_fp32_b0_r0_control_1785246148598,32,182890.16477990299,182890.16616676701,182890.16547333502,0.0013868640235159546,8.102602121012751,10328517151,true,true,5dff3859ad319cb37301e68cfc6fde00723e3a42110ca93adb44c05e97098167
softmax_whole_stage_atc_trace_v1,softmax_whole_stage_operand_rate_atc,softmax_whole_stage_operand_rate_atc_v2,20260728_operand_rate_v2_final_reduction_session02_BCA,reduction,fp32,20260728_operand_rate_v2_final_reduction_session02_BCA_reduction_fp32,0,0,20260728_operand_rate_v2_final_reduction_session02_BCA_reduction_fp32_b0_r0_control,control,control,20260728_operand_rate_v2_final_reduction_session02_BCA_reduction_fp32_b0_r0_control_1785246148598,33,182890.41710325901,182890.419384957,182890.418244108,0.0022816979908384383,8.3553728940023575,10328562415,true,true,5dff3859ad319cb37301e68cfc6fde00723e3a42110ca93adb44c05e97098167
softmax_whole_stage_atc_trace_v1,softmax_whole_stage_operand_rate_atc,softmax_whole_stage_operand_rate_atc_v2,20260728_operand_rate_v2_final_reduction_session02_BCA,reduction,fp32,20260728_operand_rate_v2_final_reduction_session02_BCA_reduction_fp32,0,0,20260728_operand_rate_v2_final_reduction_session02_BCA_reduction_fp32_b0_r0_control,control,control,20260728_operand_rate_v2_final_reduction_session02_BCA_reduction_fp32_b0_r0_control_1785246148598,34,182890.671171211,182890.67271161999,182890.67194141549,0.0015404089936055243,8.6090702014917042,10328634637,true,true,5dff3859ad319cb37301e68cfc6fde00723e3a42110ca93adb44c05e97098167
softmax_whole_stage_atc_trace_v1,softmax_whole_stage_operand_rate_atc,softmax_whole_stage_operand_rate_atc_v2,20260728_operand_rate_v2_final_reduction_session02_BCA,reduction,fp32,20260728_operand_rate_v2_final_reduction_session02_BCA_reduction_fp32,0,0,20260728_operand_rate_v2_final_reduction_session02_BCA_reduction_fp32_b0_r0_control,control,control,20260728_operand_rate_v2_final_reduction_session02_BCA_reduction_fp32_b0_r0_control_1785246148598,35,182890.924506382,182890.92589253801,182890.92519946001,0.0013861560146324337,8.8623282460030168,10328679969,true,true,5dff3859ad319cb37301e68cfc6fde00723e3a42110ca93adb44c05e97098167
softmax_whole_stage_atc_trace_v1,softmax_whole_stage_operand_rate_atc,softmax_whole_stage_operand_rate_atc_v2,20260728_operand_rate_v2_final_reduction_session02_BCA,reduction,fp32,20260728_operand_rate_v2_final_reduction_session02_BCA_reduction_fp32,0,0,20260728_operand_rate_v2_final_reduction_session02_BCA_reduction_fp32_b0_r0_control,control,control,20260728_operand_rate_v2_final_reduction_session02_BCA_reduction_fp32_b0_r0_control_1785246148598,36,182891.177681628,182891.179037703,182891.1783596655,0.0013560749939642847,9.1154884514980949,10328752349,true,true,5dff3859ad319cb37301e68cfc6fde00723e3a42110ca93adb44c05e97098167
softmax_whole_stage_atc_trace_v1,softmax_whole_stage_operand_rate_atc,softmax_whole_stage_operand_rate_atc_v2,20260728_operand_rate_v2_final_reduction_session02_BCA,reduction,fp32,20260728_operand_rate_v2_final_reduction_session02_BCA_reduction_fp32,0,0,20260728_operand_rate_v2_final_reduction_session02_BCA_reduction_fp32_b0_r0_control,control,control,20260728_operand_rate_v2_final_reduction_session02_BCA_reduction_fp32_b0_r0_control_1785246148598,37,182891.43087267401,182891.432297519,182891.43158509652,0.0014248449879232794,9.3687138825189322,10328797800,true,false,5dff3859ad319cb37301e68cfc6fde00723e3a42110ca93adb44c05e97098167
softmax_whole_stage_atc_trace_v1,softmax_whole_stage_operand_rate_atc,softmax_whole_stage_operand_rate_atc_v2,20260728_operand_rate_v2_final_reduction_session02_BCA,reduction,fp32,20260728_operand_rate_v2_final_reduction_session02_BCA_reduction_fp32,0,0,20260728_operand_rate_v2_final_reduction_session02_BCA_reduction_fp32_b0_r0_control,control,control,20260728_operand_rate_v2_final_reduction_session02_BCA_reduction_fp32_b0_r0_control_1785246148598,38,182891.68418292899,182891.685621246,182891.68490208749,0.0014383170055225492,9.6220308734918945,10328870211,true,false,5dff3859ad319cb37301e68cfc6fde00723e3a42110ca93adb44c05e97098167
softmax_whole_stage_atc_trace_v1,softmax_whole_stage_operand_rate_atc,softmax_whole_stage_operand_rate_atc_v2,20260728_operand_rate_v2_final_reduction_session02_BCA,reduction,fp32,20260728_operand_rate_v2_final_reduction_session02_BCA_reduction_fp32,0,0,20260728_operand_rate_v2_final_reduction_session02_BCA_reduction_fp32_b0_r0_control,control,control,20260728_operand_rate_v2_final_reduction_session02_BCA_reduction_fp32_b0_r0_control_1785246148598,39,182891.93746502799,182891.938820799,182891.93814291351,0.0013557710044551641,9.8752716995077208,10328914691,true,false,5dff3859ad319cb37301e68cfc6fde00723e3a42110ca93adb44c05e97098167
softmax_whole_stage_atc_trace_v1,softmax_whole_stage_operand_rate_atc,softmax_whole_stage_operand_rate_atc_v2,20260728_operand_rate_v2_final_reduction_session02_BCA,reduction,fp32,20260728_operand_rate_v2_final_reduction_session02_BCA_reduction_fp32,0,0,20260728_operand_rate_v2_final_reduction_session02_BCA_reduction_fp32_b0_r0_control,control,control,20260728_operand_rate_v2_final_reduction_session02_BCA_reduction_fp32_b0_r0_control_1785246148598,40,182891.938824952,182891.93994382201,182891.93938438699,0.0011188700154889375,9.8765131729887798,10328914691,false,false,5dff3859ad319cb37301e68cfc6fde00723e3a42110ca93adb44c05e97098167
softmax_whole_stage_atc_trace_v1,softmax_whole_stage_operand_rate_atc,softmax_whole_stage_operand_rate_atc_v2,20260728_operand_rate_v2_final_reduction_session02_BCA,reduction,fp32,20260728_operand_rate_v2_final_reduction_session02_BCA_reduction_fp32,0,1,20260728_operand_rate_v2_final_reduction_session02_BCA_reduction_fp32_b0_r1_treatment,treatment,treatment,20260728_operand_rate_v2_final_reduction_session02_BCA_reduction_fp32_b0_r1_treatment_1785246159504,0,182892.97442413901,182892.97566150999,182892.97504282452,0.0012373709760140628,0.00084495151531882584,10329050145,false,false,5dff3859ad319cb37301e68cfc6fde00723e3a42110ca93adb44c05e97098167
softmax_whole_stage_atc_trace_v1,softmax_whole_stage_operand_rate_atc,softmax_whole_stage_operand_rate_atc_v2,20260728_operand_rate_v2_final_reduction_session02_BCA,reduction,fp32,20260728_operand_rate_v2_final_reduction_session02_BCA_reduction_fp32,0,1,20260728_operand_rate_v2_final_reduction_session02_BCA_reduction_fp32_b0_r1_treatment,treatment,treatment,20260728_operand_rate_v2_final_reduction_session02_BCA_reduction_fp32_b0_r1_treatment_1785246159504,1,182893.22797666301,182893.22945498599,182893.22871582449,0.001478322985349223,0.25451795148546807,10329104435,true,false,5dff3859ad319cb37301e68cfc6fde00723e3a42110ca93adb44c05e97098167
softmax_whole_stage_atc_trace_v1,softmax_whole_stage_operand_rate_atc,softmax_whole_stage_operand_rate_atc_v2,20260728_operand_rate_v2_final_reduction_session02_BCA,reduction,fp32,20260728_operand_rate_v2_final_reduction_session02_BCA_reduction_fp32,0,1,20260728_operand_rate_v2_final_reduction_session02_BCA_reduction_fp32_b0_r1_treatment,treatment,treatment,20260728_operand_rate_v2_final_reduction_session02_BCA_reduction_fp32_b0_r1_treatment_1785246159504,2,182893.48276675999,182893.48417256499,182893.48346966249,0.0014058050001040101,0.50927178948768415,10329144857,true,false,5dff3859ad319cb37301e68cfc6fde00723e3a42110ca93adb44c05e97098167
softmax_whole_stage_atc_trace_v1,softmax_whole_stage_operand_rate_atc,softmax_whole_stage_operand_rate_atc_v2,20260728_operand_rate_v2_final_reduction_session02_BCA,reduction,fp32,20260728_operand_rate_v2_final_reduction_session02_BCA_reduction_fp32,0,1,20260728_operand_rate_v2_final_reduction_session02_BCA_reduction_fp32_b0_r1_treatment,treatment,treatment,20260728_operand_rate_v2_final_reduction_session02_BCA_reduction_fp32_b0_r1_treatment_1785246159504,3,182893.737554124,182893.74035803499,182893.7389560795,0.0028039109893143177,0.76475820649648085,10329209714,true,true,5dff3859ad319cb37301e68cfc6fde00723e3a42110ca93adb44c05e97098167
softmax_whole_stage_atc_trace_v1,softmax_whole_stage_operand_rate_atc,softmax_whole_stage_operand_rate_atc_v2,20260728_operand_rate_v2_final_reduction_session02_BCA,reduction,fp32,20260728_operand_rate_v2_final_reduction_session02_BCA_reduction_fp32,0,1,20260728_operand_rate_v2_final_reduction_session02_BCA_reduction_fp32_b0_r1_treatment,treatment,treatment,20260728_operand_rate_v2_final_reduction_session02_BCA_reduction_fp32_b0_r1_treatment_1785246159504,4,182893.993723591,182893.99513050899,182893.99442705,0.0014069179887883365,1.0202291769965086,10329253759,true,true,5dff3859ad319cb37301e68cfc6fde00723e3a42110ca93adb44c05e97098167
softmax_whole_stage_atc_trace_v1,softmax_whole_stage_operand_rate_atc,softmax_whole_stage_operand_rate_atc_v2,20260728_operand_rate_v2_final_reduction_session02_BCA,reduction,fp32,20260728_operand_rate_v2_final_reduction_session02_BCA_reduction_fp32,0,1,20260728_operand_rate_v2_final_reduction_session02_BCA_reduction_fp32_b0_r1_treatment,treatment,treatment,20260728_operand_rate_v2_final_reduction_session02_BCA_reduction_fp32_b0_r1_treatment_1785246159504,5,182894.248520981,182894.25114521699,182894.24983309899,0.0026242359890602529,1.2756352259893902,10329317707,true,true,5dff3859ad319cb37301e68cfc6fde00723e3a42110ca93adb44c05e97098167
softmax_whole_stage_atc_trace_v1,softmax_whole_stage_operand_rate_atc,softmax_whole_stage_operand_rate_atc_v2,20260728_operand_rate_v2_final_reduction_session02_BCA,reduction,fp32,20260728_operand_rate_v2_final_reduction_session02_BCA_reduction_fp32,0,1,20260728_operand_rate_v2_final_reduction_session02_BCA_reduction_fp32_b0_r1_treatment,treatment,treatment,20260728_operand_rate_v2_final_reduction_session02_BCA_reduction_fp32_b0_r1_treatment_1785246159504,6,182894.501739575,182894.50312491701,182894.50243224599,0.0013853420095983893,1.5282343729923014,10329383504,true,true,5dff3859ad319cb37301e68cfc6fde00723e3a42110ca93adb44c05e97098167
softmax_whole_stage_atc_trace_v1,softmax_whole_stage_operand_rate_atc,softmax_whole_stage_operand_rate_atc_v2,20260728_operand_rate_v2_final_reduction_session02_BCA,reduction,fp32,20260728_operand_rate_v2_final_reduction_session02_BCA_reduction_fp32,0,1,20260728_operand_rate_v2_final_reduction_session02_BCA_reduction_fp32_b0_r1_treatment,treatment,treatment,20260728_operand_rate_v2_final_reduction_session02_BCA_reduction_fp32_b0_r1_treatment_1785246159504,7,182894.75325089099,182894.75835374999,182894.75580232049,0.0051028589950874448,1.7816044474893715,10329428165,true,true,5dff3859ad319cb37301e68cfc6fde00723e3a42110ca93adb44c05e97098167
softmax_whole_stage_atc_trace_v1,softmax_whole_stage_operand_rate_atc,softmax_whole_stage_operand_rate_atc_v2,20260728_operand_rate_v2_final_reduction_session02_BCA,reduction,fp32,20260728_operand_rate_v2_final_reduction_session02_BCA_reduction_fp32,0,1,20260728_operand_rate_v2_final_reduction_session02_BCA_reduction_fp32_b0_r1_treatment,treatment,treatment,20260728_operand_rate_v2_final_reduction_session02_BCA_reduction_fp32_b0_r1_treatment_1785246159504,8,182895.00847140799,182895.009820974,182895.00914619101,0.0013495660095941275,2.034948318003444,10329495002,true,true,5dff3859ad319cb37301e68cfc6fde00723e3a42110ca93adb44c05e97098167
softmax_whole_stage_atc_trace_v1,softmax_whole_stage_operand_rate_atc,softmax_whole_stage_operand_rate_atc_v2,20260728_operand_rate_v2_final_reduction_session02_BCA,reduction,fp32,20260728_operand_rate_v2_final_reduction_session02_BCA_reduction_fp32,0,1,20260728_operand_rate_v2_final_reduction_session02_BCA_reduction_fp32_b0_r1_treatment,treatment,treatment,20260728_operand_rate_v2_final_reduction_session02_BCA_reduction_fp32_b0_r1_treatment_1785246159504,9,182895.259939696,182895.26136980701,182895.2606547515,0.0014301110059022903,2.2864568785007577,10329539243,true,true,5dff3859ad319cb37301e68cfc6fde00723e3a42110ca93adb44c05e97098167
softmax_whole_stage_atc_trace_v1,softmax_whole_stage_operand_rate_atc,softmax_whole_stage_operand_rate_atc_v2,20260728_operand_rate_v2_final_reduction_session02_BCA,reduction,fp32,20260728_operand_rate_v2_final_reduction_session02_BCA_reduction_fp32,0,1,20260728_operand_rate_v2_final_reduction_session02_BCA_reduction_fp32_b0_r1_treatment,treatment,treatment,20260728_operand_rate_v2_final_reduction_session02_BCA_reduction_fp32_b0_r1_treatment_1785246159504,10,182895.511476705,182895.51299321101,182895.51223495801,0.0015165060176514089,2.5380370850034524,10329606125,true,true,5dff3859ad319cb37301e68cfc6fde00723e3a42110ca93adb44c05e97098167
softmax_whole_stage_atc_trace_v1,softmax_whole_stage_operand_rate_atc,softmax_whole_stage_operand_rate_atc_v2,20260728_operand_rate_v2_final_reduction_session02_BCA,reduction,fp32,20260728_operand_rate_v2_final_reduction_session02_BCA_reduction_fp32,0,1,20260728_operand_rate_v2_final_reduction_session02_BCA_reduction_fp32_b0_r1_treatment,treatment,treatment,20260728_operand_rate_v2_final_reduction_session02_BCA_reduction_fp32_b0_r1_treatment_1785246159504,11,182895.763094044,182895.76587085199,182895.76448244799,0.0027768079889938235,2.7902845749922562,10329673149,true,true,5dff3859ad319cb37301e68cfc6fde00723e3a42110ca93adb44c05e97098167
softmax_whole_stage_atc_trace_v1,softmax_whole_stage_operand_rate_atc,softmax_whole_stage_operand_rate_atc_v2,20260728_operand_rate_v2_final_reduction_session02_BCA,reduction,fp32,20260728_operand_rate_v2_final_reduction_session02_BCA_reduction_fp32,0,1,20260728_operand_rate_v2_final_reduction_session02_BCA_reduction_fp32_b0_r1_treatment,treatment,treatment,20260728_operand_rate_v2_final_reduction_session02_BCA_reduction_fp32_b0_r1_treatment_1785246159504,12,182896.01604492799,182896.01832420999,182896.01718456898,0.0022792819945607334,3.0429866959748324,10329717476,true,true,5dff3859ad319cb37301e68cfc6fde00723e3a42110ca93adb44c05e97098167
softmax_whole_stage_atc_trace_v1,softmax_whole_stage_operand_rate_atc,softmax_whole_stage_operand_rate_atc_v2,20260728_operand_rate_v2_final_reduction_session02_BCA,reduction,fp32,20260728_operand_rate_v2_final_reduction_session02_BCA_reduction_fp32,0,1,20260728_operand_rate_v2_final_reduction_session02_BCA_reduction_fp32_b0_r1_treatment,treatment,treatment,20260728_operand_rate_v2_final_reduction_session02_BCA_reduction_fp32_b0_r1_treatment_1785246159504,13,182896.26840344901,182896.27089526199,182896.2696493555,0.0024918129784055054,3.2954514824959915,10329784581,true,true,5dff3859ad319cb37301e68cfc6fde00723e3a42110ca93adb44c05e97098167
softmax_whole_stage_atc_trace_v1,softmax_whole_stage_operand_rate_atc,softmax_whole_stage_operand_rate_atc_v2,20260728_operand_rate_v2_final_reduction_session02_BCA,reduction,fp32,20260728_operand_rate_v2_final_reduction_session02_BCA_reduction_fp32,0,1,20260728_operand_rate_v2_final_reduction_session02_BCA_reduction_fp32_b0_r1_treatment,treatment,treatment,20260728_operand_rate_v2_final_reduction_session02_BCA_reduction_fp32_b0_r1_treatment_1785246159504,14,182896.52103529699,182896.52418280201,182896.52260904951,0.0031475050200242549,3.5484111765108537,10329828986,true,true,5dff3859ad319cb37301e68cfc6fde00723e3a42110ca93adb44c05e97098167
softmax_whole_stage_atc_trace_v1,softmax_whole_stage_operand_rate_atc,softmax_whole_stage_operand_rate_atc_v2,20260728_operand_rate_v2_final_reduction_session02_BCA,reduction,fp32,20260728_operand_rate_v2_final_reduction_session02_BCA_reduction_fp32,0,1,20260728_operand_rate_v2_final_reduction_session02_BCA_reduction_fp32_b0_r1_treatment,treatment,treatment,20260728_operand_rate_v2_final_reduction_session02_BCA_reduction_fp32_b0_r1_treatment_1785246159504,15,182896.77428088299,182896.778397777,182896.77633933001,0.0041168940078932792,3.8021414570102934,10329895869,true,true,5dff3859ad319cb37301e68cfc6fde00723e3a42110ca93adb44c05e97098167
softmax_whole_stage_atc_trace_v1,softmax_whole_stage_operand_rate_atc,softmax_whole_stage_operand_rate_atc_v2,20260728_operand_rate_v2_final_reduction_session02_BCA,reduction,fp32,20260728_operand_rate_v2_final_reduction_session02_BCA_reduction_fp32,0,1,20260728_operand_rate_v2_final_reduction_session02_BCA_reduction_fp32_b0_r1_treatment,treatment,treatment,20260728_operand_rate_v2_final_reduction_session02_BCA_reduction_fp32_b0_r1_treatment_1785246159504,16,182897.02848715501,182897.03251928301,182897.03050321899,0.0040321279957424849,4.0563053459918592,10329962786,true,true,5dff3859ad319cb37301e68cfc6fde00723e3a42110ca93adb44c05e97098167
softmax_whole_stage_atc_trace_v1,softmax_whole_stage_operand_rate_atc,softmax_whole_stage_operand_rate_atc_v2,20260728_operand_rate_v2_final_reduction_session02_BCA,reduction,fp32,20260728_operand_rate_v2_final_reduction_session02_BCA_reduction_fp32,0,1,20260728_operand_rate_v2_final_reduction_session02_BCA_reduction_fp32_b0_r1_treatment,treatment,treatment,20260728_operand_rate_v2_final_reduction_session02_BCA_reduction_fp32_b0_r1_treatment_1785246159504,17,182897.28260484801,182897.286707664,182897.284656256,0.0041028159903362393,4.3104583829990588,10330006990,true,true,5dff3859ad319cb37301e68cfc6fde00723e3a42110ca93adb44c05e97098167
softmax_whole_stage_atc_trace_v1,softmax_whole_stage_operand_rate_atc,softmax_whole_stage_operand_rate_atc_v2,20260728_operand_rate_v2_final_reduction_session02_BCA,reduction,fp32,20260728_operand_rate_v2_final_reduction_session02_BCA_reduction_fp32,0,1,20260728_operand_rate_v2_final_reduction_session02_BCA_reduction_fp32_b0_r1_treatment,treatment,treatment,20260728_operand_rate_v2_final_reduction_session02_BCA_reduction_fp32_b0_r1_treatment_1785246159504,18,182897.536796325,182897.54106065701,182897.53892849101,0.0042643320048227906,4.564730618003523,10330073735,true,true,5dff3859ad319cb37301e68cfc6fde00723e3a42110ca93adb44c05e97098167
softmax_whole_stage_atc_trace_v1,softmax_whole_stage_operand_rate_atc,softmax_whole_stage_operand_rate_atc_v2,20260728_operand_rate_v2_final_reduction_session02_BCA,reduction,fp32,20260728_operand_rate_v2_final_reduction_session02_BCA_reduction_fp32,0,1,20260728_operand_rate_v2_final_reduction_session02_BCA_reduction_fp32_b0_r1_treatment,treatment,treatment,20260728_operand_rate_v2_final_reduction_session02_BCA_reduction_fp32_b0_r1_treatment_1785246159504,19,182897.79115702701,182897.79642250101,182897.79378976399,0.0052654739993158728,4.8195918909914326,10330117888,true,true,5dff3859ad319cb37301e68cfc6fde00723e3a42110ca93adb44c05e97098167
softmax_whole_stage_atc_trace_v1,softmax_whole_stage_operand_rate_atc,softmax_whole_stage_operand_rate_atc_v2,20260728_operand_rate_v2_final_reduction_session02_BCA,reduction,fp32,20260728_operand_rate_v2_final_reduction_session02_BCA_reduction_fp32,0,1,20260728_operand_rate_v2_final_reduction_session02_BCA_reduction_fp32_b0_r1_treatment,treatment,treatment,20260728_operand_rate_v2_final_reduction_session02_BCA_reduction_fp32_b0_r1_treatment_1785246159504,20,182898.04646700999,182898.05154921801,182898.049008114,0.0050822080229409039,5.0748102409997955,10330184574,true,true,5dff3859ad319cb37301e68cfc6fde00723e3a42110ca93adb44c05e97098167
softmax_whole_stage_atc_trace_v1,softmax_whole_stage_operand_rate_atc,softmax_whole_stage_operand_rate_atc_v2,20260728_operand_rate_v2_final_reduction_session02_BCA,reduction,fp32,20260728_operand_rate_v2_final_reduction_session02_BCA_reduction_fp32,0,1,20260728_operand_rate_v2_final_reduction_session02_BCA_reduction_fp32_b0_r1_treatment,treatment,treatment,20260728_operand_rate_v2_final_reduction_session02_BCA_reduction_fp32_b0_r1_treatment_1785246159504,21,182898.301616009,182898.30715692401,182898.30438646651,0.0055409150081686676,5.3301885935070459,10330251401,true,true,5dff3859ad319cb37301e68cfc6fde00723e3a42110ca93adb44c05e97098167
softmax_whole_stage_atc_trace_v1,softmax_whole_stage_operand_rate_atc,softmax_whole_stage_operand_rate_atc_v2,20260728_operand_rate_v2_final_reduction_session02_BCA,reduction,fp32,20260728_operand_rate_v2_final_reduction_session02_BCA_reduction_fp32,0,1,20260728_operand_rate_v2_final_reduction_session02_BCA_reduction_fp32_b0_r1_treatment,treatment,treatment,20260728_operand_rate_v2_final_reduction_session02_BCA_reduction_fp32_b0_r1_treatment_1785246159504,22,182898.55728029201,182898.56219949099,182898.5597398915,0.0049191989819519222,5.5855420184961986,10330295486,true,true,5dff3859ad319cb37301e68cfc6fde00723e3a42110ca93adb44c05e97098167
softmax_whole_stage_atc_trace_v1,softmax_whole_stage_operand_rate_atc,softmax_whole_stage_operand_rate_atc_v2,20260728_operand_rate_v2_final_reduction_session02_BCA,reduction,fp32,20260728_operand_rate_v2_final_reduction_session02_BCA_reduction_fp32,0,1,20260728_operand_rate_v2_final_reduction_session02_BCA_reduction_fp32_b0_r1_treatment,treatment,treatment,20260728_operand_rate_v2_final_reduction_session02_BCA_reduction_fp32_b0_r1_treatment_1785246159504,23,182898.81228446099,182898.813642814,182898.81296363749,0.0013583530089817941,5.8387657644925639,10330362354,true,true,5dff3859ad319cb37301e68cfc6fde00723e3a42110ca93adb44c05e97098167
softmax_whole_stage_atc_trace_v1,softmax_whole_stage_operand_rate_atc,softmax_whole_stage_operand_rate_atc_v2,20260728_operand_rate_v2_final_reduction_session02_BCA,reduction,fp32,20260728_operand_rate_v2_final_reduction_session02_BCA_reduction_fp32,0,1,20260728_operand_rate_v2_final_reduction_session02_BCA_reduction_fp32_b0_r1_treatment,treatment,treatment,20260728_operand_rate_v2_final_reduction_session02_BCA_reduction_fp32_b0_r1_treatment_1785246159504,24,182899.063730347,182899.06504149601,182899.06438592152,0.0013111490115989,6.09018804851803,10330403188,true,true,5dff3859ad319cb37301e68cfc6fde00723e3a42110ca93adb44c05e97098167
softmax_whole_stage_atc_trace_v1,softmax_whole_stage_operand_rate_atc,softmax_whole_stage_operand_rate_atc_v2,20260728_operand_rate_v2_final_reduction_session02_BCA,reduction,fp32,20260728_operand_rate_v2_final_reduction_session02_BCA_reduction_fp32,0,1,20260728_operand_rate_v2_final_reduction_session02_BCA_reduction_fp32_b0_r1_treatment,treatment,treatment,20260728_operand_rate_v2_final_reduction_session02_BCA_reduction_fp32_b0_r1_treatment_1785246159504,25,182899.31512863401,182899.316523941,182899.31582628749,0.0013953069865237921,6.3416284144914243,10330467826,true,true,5dff3859ad319cb37301e68cfc6fde00723e3a42110ca93adb44c05e97098167
softmax_whole_stage_atc_trace_v1,softmax_whole_stage_operand_rate_atc,softmax_whole_stage_operand_rate_atc_v2,20260728_operand_rate_v2_final_reduction_session02_BCA,reduction,fp32,20260728_operand_rate_v2_final_reduction_session02_BCA_reduction_fp32,0,1,20260728_operand_rate_v2_final_reduction_session02_BCA_reduction_fp32_b0_r1_treatment,treatment,treatment,20260728_operand_rate_v2_final_reduction_session02_BCA_reduction_fp32_b0_r1_treatment_1785246159504,26,182899.566618813,182899.56799119301,182899.567305003,0.0013723800075240433,6.5931071300001349,10330510945,true,true,5dff3859ad319cb37301e68cfc6fde00723e3a42110ca93adb44c05e97098167
softmax_whole_stage_atc_trace_v1,softmax_whole_stage_operand_rate_atc,softmax_whole_stage_operand_rate_atc_v2,20260728_operand_rate_v2_final_reduction_session02_BCA,reduction,fp32,20260728_operand_rate_v2_final_reduction_session02_BCA_reduction_fp32,0,1,20260728_operand_rate_v2_final_reduction_session02_BCA_reduction_fp32_b0_r1_treatment,treatment,treatment,20260728_operand_rate_v2_final_reduction_session02_BCA_reduction_fp32_b0_r1_treatment_1785246159504,27,182899.818096061,182899.81945736599,182899.81877671351,0.0013613049814011902,6.8445788405078929,10330577929,true,true,5dff3859ad319cb37301e68cfc6fde00723e3a42110ca93adb44c05e97098167
softmax_whole_stage_atc_trace_v1,softmax_whole_stage_operand_rate_atc,softmax_whole_stage_operand_rate_atc_v2,20260728_operand_rate_v2_final_reduction_session02_BCA,reduction,fp32,20260728_operand_rate_v2_final_reduction_session02_BCA_reduction_fp32,0,1,20260728_operand_rate_v2_final_reduction_session02_BCA_reduction_fp32_b0_r1_treatment,treatment,treatment,20260728_operand_rate_v2_final_reduction_session02_BCA_reduction_fp32_b0_r1_treatment_1785246159504,28,182900.069558674,182900.070927099,182900.07024288649,0.0013684250006917864,7.0960450134880375,10330618979,true,true,5dff3859ad319cb37301e68cfc6fde00723e3a42110ca93adb44c05e97098167
softmax_whole_stage_atc_trace_v1,softmax_whole_stage_operand_rate_atc,softmax_whole_stage_operand_rate_atc_v2,20260728_operand_rate_v2_final_reduction_session02_BCA,reduction,fp32,20260728_operand_rate_v2_final_reduction_session02_BCA_reduction_fp32,0,1,20260728_operand_rate_v2_final_reduction_session02_BCA_reduction_fp32_b0_r1_treatment,treatment,treatment,20260728_operand_rate_v2_final_reduction_session02_BCA_reduction_fp32_b0_r1_treatment_1785246159504,29,182900.32102910001,182900.323369928,182900.32219951402,0.00234082798124291,7.3480016410176177,10330683957,true,true,5dff3859ad319cb37301e68cfc6fde00723e3a42110ca93adb44c05e97098167
softmax_whole_stage_atc_trace_v1,softmax_whole_stage_operand_rate_atc,softmax_whole_stage_operand_rate_atc_v2,20260728_operand_rate_v2_final_reduction_session02_BCA,reduction,fp32,20260728_operand_rate_v2_final_reduction_session02_BCA_reduction_fp32,0,1,20260728_operand_rate_v2_final_reduction_session02_BCA_reduction_fp32_b0_r1_treatment,treatment,treatment,20260728_operand_rate_v2_final_reduction_session02_BCA_reduction_fp32_b0_r1_treatment_1785246159504,30,182900.573449783,182900.576167105,182900.57480844401,0.002717322000535205,7.6006105710112024,10330749982,true,true,5dff3859ad319cb37301e68cfc6fde00723e3a42110ca93adb44c05e97098167
softmax_whole_stage_atc_trace_v1,softmax_whole_stage_operand_rate_atc,softmax_whole_stage_operand_rate_atc_v2,20260728_operand_rate_v2_final_reduction_session02_BCA,reduction,fp32,20260728_operand_rate_v2_final_reduction_session02_BCA_reduction_fp32,0,1,20260728_operand_rate_v2_final_reduction_session02_BCA_reduction_fp32_b0_r1_treatment,treatment,treatment,20260728_operand_rate_v2_final_reduction_session02_BCA_reduction_fp32_b0_r1_treatment_1785246159504,31,182900.826377725,182900.82779068401,182900.8270842045,0.0014129590126685798,7.8528863315004855,10330794341,true,true,5dff3859ad319cb37301e68cfc6fde00723e3a42110ca93adb44c05e97098167
softmax_whole_stage_atc_trace_v1,softmax_whole_stage_operand_rate_atc,softmax_whole_stage_operand_rate_atc_v2,20260728_operand_rate_v2_final_reduction_session02_BCA,reduction,fp32,20260728_operand_rate_v2_final_reduction_session02_BCA_reduction_fp32,0,1,20260728_operand_rate_v2_final_reduction_session02_BCA_reduction_fp32_b0_r1_treatment,treatment,treatment,20260728_operand_rate_v2_final_reduction_session02_BCA_reduction_fp32_b0_r1_treatment_1785246159504,32,182901.07787326799,182901.07919825899,182901.07853576349,0.0013249909970909357,8.1043378904869314,10330858124,true,true,5dff3859ad319cb37301e68cfc6fde00723e3a42110ca93adb44c05e97098167
softmax_whole_stage_atc_trace_v1,softmax_whole_stage_operand_rate_atc,softmax_whole_stage_operand_rate_atc_v2,20260728_operand_rate_v2_final_reduction_session02_BCA,reduction,fp32,20260728_operand_rate_v2_final_reduction_session02_BCA_reduction_fp32,0,1,20260728_operand_rate_v2_final_reduction_session02_BCA_reduction_fp32_b0_r1_treatment,treatment,treatment,20260728_operand_rate_v2_final_reduction_session02_BCA_reduction_fp32_b0_r1_treatment_1785246159504,33,182901.32931912399,182901.330720778,182901.33001995098,0.0014016540080774575,8.3558220779814292,10330900707,true,true,5dff3859ad319cb37301e68cfc6fde00723e3a42110ca93adb44c05e97098167
softmax_whole_stage_atc_trace_v1,softmax_whole_stage_operand_rate_atc,softmax_whole_stage_operand_rate_atc_v2,20260728_operand_rate_v2_final_reduction_session02_BCA,reduction,fp32,20260728_operand_rate_v2_final_reduction_session02_BCA_reduction_fp32,0,1,20260728_operand_rate_v2_final_reduction_session02_BCA_reduction_fp32_b0_r1_treatment,treatment,treatment,20260728_operand_rate_v2_final_reduction_session02_BCA_reduction_fp32_b0_r1_treatment_1785246159504,34,182901.580841975,182901.582239312,182901.5815406435,0.0013973370078019798,8.6073427704977803,10330967361,true,true,5dff3859ad319cb37301e68cfc6fde00723e3a42110ca93adb44c05e97098167
softmax_whole_stage_atc_trace_v1,softmax_whole_stage_operand_rate_atc,softmax_whole_stage_operand_rate_atc_v2,20260728_operand_rate_v2_final_reduction_session02_BCA,reduction,fp32,20260728_operand_rate_v2_final_reduction_session02_BCA_reduction_fp32,0,1,20260728_operand_rate_v2_final_reduction_session02_BCA_reduction_fp32_b0_r1_treatment,treatment,treatment,20260728_operand_rate_v2_final_reduction_session02_BCA_reduction_fp32_b0_r1_treatment_1785246159504,35,182901.83235943399,182901.83374961201,182901.83305452298,0.001390178018482402,8.8588566499820445,10331008300,true,true,5dff3859ad319cb37301e68cfc6fde00723e3a42110ca93adb44c05e97098167
softmax_whole_stage_atc_trace_v1,softmax_whole_stage_operand_rate_atc,softmax_whole_stage_operand_rate_atc_v2,20260728_operand_rate_v2_final_reduction_session02_BCA,reduction,fp32,20260728_operand_rate_v2_final_reduction_session02_BCA_reduction_fp32,0,1,20260728_operand_rate_v2_final_reduction_session02_BCA_reduction_fp32_b0_r1_treatment,treatment,treatment,20260728_operand_rate_v2_final_reduction_session02_BCA_reduction_fp32_b0_r1_treatment_1785246159504,36,182902.08386963399,182902.08524638799,182902.08455801097,0.0013767539930995554,9.1103601379727479,10331073386,true,true,5dff3859ad319cb37301e68cfc6fde00723e3a42110ca93adb44c05e97098167
softmax_whole_stage_atc_trace_v1,softmax_whole_stage_operand_rate_atc,softmax_whole_stage_operand_rate_atc_v2,20260728_operand_rate_v2_final_reduction_session02_BCA,reduction,fp32,20260728_operand_rate_v2_final_reduction_session02_BCA_reduction_fp32,0,1,20260728_operand_rate_v2_final_reduction_session02_BCA_reduction_fp32_b0_r1_treatment,treatment,treatment,20260728_operand_rate_v2_final_reduction_session02_BCA_reduction_fp32_b0_r1_treatment_1785246159504,37,182902.335369493,182902.336795368,182902.3360824305,0.0014258750015869737,9.3618845574965235,10331117522,true,true,5dff3859ad319cb37301e68cfc6fde00723e3a42110ca93adb44c05e97098167
softmax_whole_stage_atc_trace_v1,softmax_whole_stage_operand_rate_atc,softmax_whole_stage_operand_rate_atc_v2,20260728_operand_rate_v2_final_reduction_session02_BCA,reduction,fp32,20260728_operand_rate_v2_final_reduction_session02_BCA_reduction_fp32,0,1,20260728_operand_rate_v2_final_reduction_session02_BCA_reduction_fp32_b0_r1_treatment,treatment,treatment,20260728_operand_rate_v2_final_reduction_session02_BCA_reduction_fp32_b0_r1_treatment_1785246159504,38,182902.58691879699,182902.58831600999,182902.58761740348,0.0013972129963804036,9.6134195304766763,10331181392,true,true,5dff3859ad319cb37301e68cfc6fde00723e3a42110ca93adb44c05e97098167
softmax_whole_stage_atc_trace_v1,softmax_whole_stage_operand_rate_atc,softmax_whole_stage_operand_rate_atc_v2,20260728_operand_rate_v2_final_reduction_session02_BCA,reduction,fp32,20260728_operand_rate_v2_final_reduction_session02_BCA_reduction_fp32,0,1,20260728_operand_rate_v2_final_reduction_session02_BCA_reduction_fp32_b0_r1_treatment,treatment,treatment,20260728_operand_rate_v2_final_reduction_session02_BCA_reduction_fp32_b0_r1_treatment_1785246159504,39,182902.83844816801,182902.84109729301,182902.83977273051,0.0026491250027902424,9.865574857511092,10331224273,true,true,5dff3859ad319cb37301e68cfc6fde00723e3a42110ca93adb44c05e97098167
softmax_whole_stage_atc_trace_v1,softmax_whole_stage_operand_rate_atc,softmax_whole_stage_operand_rate_atc_v2,20260728_operand_rate_v2_final_reduction_session02_BCA,reduction,fp32,20260728_operand_rate_v2_final_reduction_session02_BCA_reduction_fp32,0,1,20260728_operand_rate_v2_final_reduction_session02_BCA_reduction_fp32_b0_r1_treatment,treatment,treatment,20260728_operand_rate_v2_final_reduction_session02_BCA_reduction_fp32_b0_r1_treatment_1785246159504,40,182903.09121938501,182903.09263673,182903.09192805749,0.00141734498902224,10.1177301844873,10331291261,true,true,5dff3859ad319cb37301e68cfc6fde00723e3a42110ca93adb44c05e97098167
softmax_whole_stage_atc_trace_v1,softmax_whole_stage_operand_rate_atc,softmax_whole_stage_operand_rate_atc_v2,20260728_operand_rate_v2_final_reduction_session02_BCA,reduction,fp32,20260728_operand_rate_v2_final_reduction_session02_BCA_reduction_fp32,0,1,20260728_operand_rate_v2_final_reduction_session02_BCA_reduction_fp32_b0_r1_treatment,treatment,treatment,20260728_operand_rate_v2_final_reduction_session02_BCA_reduction_fp32_b0_r1_treatment_1785246159504,41,182903.34276350599,182903.34416032099,182903.34346191349,0.0013968150014989078,10.369264040491544,10331332786,true,true,5dff3859ad319cb37301e68cfc6fde00723e3a42110ca93adb44c05e97098167
softmax_whole_stage_atc_trace_v1,softmax_whole_stage_operand_rate_atc,softmax_whole_stage_operand_rate_atc_v2,20260728_operand_rate_v2_final_reduction_session02_BCA,reduction,fp32,20260728_operand_rate_v2_final_reduction_session02_BCA_reduction_fp32,0,1,20260728_operand_rate_v2_final_reduction_session02_BCA_reduction_fp32_b0_r1_treatment,treatment,treatment,20260728_operand_rate_v2_final_reduction_session02_BCA_reduction_fp32_b0_r1_treatment_1785246159504,42,182903.59428938499,182903.59872017999,182903.5965047825,0.0044307950010988861,10.622306909499457,10331398772,true,true,5dff3859ad319cb37301e68cfc6fde00723e3a42110ca93adb44c05e97098167
softmax_whole_stage_atc_trace_v1,softmax_whole_stage_operand_rate_atc,softmax_whole_stage_operand_rate_atc_v2,20260728_operand_rate_v2_final_reduction_session02_BCA,reduction,fp32,20260728_operand_rate_v2_final_reduction_session02_BCA_reduction_fp32,0,1,20260728_operand_rate_v2_final_reduction_session02_BCA_reduction_fp32_b0_r1_treatment,treatment,treatment,20260728_operand_rate_v2_final_reduction_session02_BCA_reduction_fp32_b0_r1_treatment_1785246159504,43,182903.84883180601,182903.850218901,182903.84952535352,0.0013870949915144593,10.875327480520355,10331443248,true,true,5dff3859ad319cb37301e68cfc6fde00723e3a42110ca93adb44c05e97098167
softmax_whole_stage_atc_trace_v1,softmax_whole_stage_operand_rate_atc,softmax_whole_stage_operand_rate_atc_v2,20260728_operand_rate_v2_final_reduction_session02_BCA,reduction,fp32,20260728_operand_rate_v2_final_reduction_session02_BCA_reduction_fp32,0,1,20260728_operand_rate_v2_final_reduction_session02_BCA_reduction_fp32_b0_r1_treatment,treatment,treatment,20260728_operand_rate_v2_final_reduction_session02_BCA_reduction_fp32_b0_r1_treatment_1785246159504,44,182904.10037975499,182904.10252635201,182904.1014530535,0.0021465970203280449,11.127255180501379,10331507733,true,true,5dff3859ad319cb37301e68cfc6fde00723e3a42110ca93adb44c05e97098167
softmax_whole_stage_atc_trace_v1,softmax_whole_stage_operand_rate_atc,softmax_whole_stage_operand_rate_atc_v2,20260728_operand_rate_v2_final_reduction_session02_BCA,reduction,fp32,20260728_operand_rate_v2_final_reduction_session02_BCA_reduction_fp32,0,1,20260728_operand_rate_v2_final_reduction_session02_BCA_reduction_fp32_b0_r1_treatment,treatment,treatment,20260728_operand_rate_v2_final_reduction_session02_BCA_reduction_fp32_b0_r1_treatment_1785246159504,45,182904.35265505299,182904.35733009499,182904.35499257399,0.0046750420005992055,11.380794700991828,10331573781,true,true,5dff3859ad319cb37301e68cfc6fde00723e3a42110ca93adb44c05e97098167
softmax_whole_stage_atc_trace_v1,softmax_whole_stage_operand_rate_atc,softmax_whole_stage_operand_rate_atc_v2,20260728_operand_rate_v2_final_reduction_session02_BCA,reduction,fp32,20260728_operand_rate_v2_final_reduction_session02_BCA_reduction_fp32,0,1,20260728_operand_rate_v2_final_reduction_session02_BCA_reduction_fp32_b0_r1_treatment,treatment,treatment,20260728_operand_rate_v2_final_reduction_session02_BCA_reduction_fp32_b0_r1_treatment_1785246159504,46,182904.607369059,182904.608826468,182904.6080977635,0.0014574090018868446,11.63389989049756,10331618119,true,true,5dff3859ad319cb37301e68cfc6fde00723e3a42110ca93adb44c05e97098167
softmax_whole_stage_atc_trace_v1,softmax_whole_stage_operand_rate_atc,softmax_whole_stage_operand_rate_atc_v2,20260728_operand_rate_v2_final_reduction_session02_BCA,reduction,fp32,20260728_operand_rate_v2_final_reduction_session02_BCA_reduction_fp32,0,1,20260728_operand_rate_v2_final_reduction_session02_BCA_reduction_fp32_b0_r1_treatment,treatment,treatment,20260728_operand_rate_v2_final_reduction_session02_BCA_reduction_fp32_b0_r1_treatment_1785246159504,47,182904.85898869199,182904.86036227801,182904.859675485,0.0013735860120505095,11.885477611998795,10331682519,true,true,5dff3859ad319cb37301e68cfc6fde00723e3a42110ca93adb44c05e97098167
softmax_whole_stage_atc_trace_v1,softmax_whole_stage_operand_rate_atc,softmax_whole_stage_operand_rate_atc_v2,20260728_operand_rate_v2_final_reduction_session02_BCA,reduction,fp32,20260728_operand_rate_v2_final_reduction_session02_BCA_reduction_fp32,0,1,20260728_operand_rate_v2_final_reduction_session02_BCA_reduction_fp32_b0_r1_treatment,treatment,treatment,20260728_operand_rate_v2_final_reduction_session02_BCA_reduction_fp32_b0_r1_treatment_1785246159504,48,182905.110600824,182905.11216176199,182905.11138129298,0.001560937991598621,12.137183419981739,10331726120,true,true,5dff3859ad319cb37301e68cfc6fde00723e3a42110ca93adb44c05e97098167
softmax_whole_stage_atc_trace_v1,softmax_whole_stage_operand_rate_atc,softmax_whole_stage_operand_rate_atc_v2,20260728_operand_rate_v2_final_reduction_session02_BCA,reduction,fp32,20260728_operand_rate_v2_final_reduction_session02_BCA_reduction_fp32,0,1,20260728_operand_rate_v2_final_reduction_session02_BCA_reduction_fp32_b0_r1_treatment,treatment,treatment,20260728_operand_rate_v2_final_reduction_session02_BCA_reduction_fp32_b0_r1_treatment_1785246159504,49,182905.36237320001,182905.36373488299,182905.36305404152,0.0013616829819511622,12.388856168516213,10331789684,true,true,5dff3859ad319cb37301e68cfc6fde00723e3a42110ca93adb44c05e97098167
softmax_whole_stage_atc_trace_v1,softmax_whole_stage_operand_rate_atc,softmax_whole_stage_operand_rate_atc_v2,20260728_operand_rate_v2_final_reduction_session02_BCA,reduction,fp32,20260728_operand_rate_v2_final_reduction_session02_BCA_reduction_fp32,0,1,20260728_operand_rate_v2_final_reduction_session02_BCA_reduction_fp32_b0_r1_treatment,treatment,treatment,20260728_operand_rate_v2_final_reduction_session02_BCA_reduction_fp32_b0_r1_treatment_1785246159504,50,182905.614198283,182905.61753046699,182905.61586437499,0.0033321839873678982,12.641666501993313,10331832432,true,true,5dff3859ad319cb37301e68cfc6fde00723e3a42110ca93adb44c05e97098167
softmax_whole_stage_atc_trace_v1,softmax_whole_stage_operand_rate_atc,softmax_whole_stage_operand_rate_atc_v2,20260728_operand_rate_v2_final_reduction_session02_BCA,reduction,fp32,20260728_operand_rate_v2_final_reduction_session02_BCA_reduction_fp32,0,1,20260728_operand_rate_v2_final_reduction_session02_BCA_reduction_fp32_b0_r1_treatment,treatment,treatment,20260728_operand_rate_v2_final_reduction_session02_BCA_reduction_fp32_b0_r1_treatment_1785246159504,51,182905.868125031,182905.86956750799,182905.8688462695,0.0014424769906327128,12.894648396497359,10331899266,true,false,5dff3859ad319cb37301e68cfc6fde00723e3a42110ca93adb44c05e97098167
softmax_whole_stage_atc_trace_v1,softmax_whole_stage_operand_rate_atc,softmax_whole_stage_operand_rate_atc_v2,20260728_operand_rate_v2_final_reduction_session02_BCA,reduction,fp32,20260728_operand_rate_v2_final_reduction_session02_BCA_reduction_fp32,0,1,20260728_operand_rate_v2_final_reduction_session02_BCA_reduction_fp32_b0_r1_treatment,treatment,treatment,20260728_operand_rate_v2_final_reduction_session02_BCA_reduction_fp32_b0_r1_treatment_1785246159504,52,182906.12020895901,182906.12159372901,182906.12090134399,0.0013847700029145926,13.146703470993089,10331940801,true,false,5dff3859ad319cb37301e68cfc6fde00723e3a42110ca93adb44c05e97098167
softmax_whole_stage_atc_trace_v1,softmax_whole_stage_operand_rate_atc,softmax_whole_stage_operand_rate_atc_v2,20260728_operand_rate_v2_final_reduction_session02_BCA,reduction,fp32,20260728_operand_rate_v2_final_reduction_session02_BCA_reduction_fp32,0,1,20260728_operand_rate_v2_final_reduction_session02_BCA_reduction_fp32_b0_r1_treatment,treatment,treatment,20260728_operand_rate_v2_final_reduction_session02_BCA_reduction_fp32_b0_r1_treatment_1785246159504,53,182906.372264534,182906.37369017999,182906.37297735701,0.0014256459835451096,13.398779484006809,10331991619,true,false,5dff3859ad319cb37301e68cfc6fde00723e3a42110ca93adb44c05e97098167
softmax_whole_stage_atc_trace_v1,softmax_whole_stage_operand_rate_atc,softmax_whole_stage_operand_rate_atc_v2,20260728_operand_rate_v2_final_reduction_session02_BCA,reduction,fp32,20260728_operand_rate_v2_final_reduction_session02_BCA_reduction_fp32,0,1,20260728_operand_rate_v2_final_reduction_session02_BCA_reduction_fp32_b0_r1_treatment,treatment,treatment,20260728_operand_rate_v2_final_reduction_session02_BCA_reduction_fp32_b0_r1_treatment_1785246159504,54,182906.37369589001,182906.37835283301,182906.37602436153,0.0046569429978262633,13.401826488523511,10331991619,false,false,5dff3859ad319cb37301e68cfc6fde00723e3a42110ca93adb44c05e97098167
softmax_whole_stage_atc_trace_v1,softmax_whole_stage_operand_rate_atc,softmax_whole_stage_operand_rate_atc_v2,20260728_operand_rate_v2_final_reduction_session02_BCA,reduction,fp32,20260728_operand_rate_v2_final_reduction_session02_BCA_reduction_fp32,0,2,20260728_operand_rate_v2_final_reduction_session02_BCA_reduction_fp32_b0_r2_control,control,control,20260728_operand_rate_v2_final_reduction_session02_BCA_reduction_fp32_b0_r2_control_1785246173944,0,182907.399192529,182907.40261537701,182907.40090395301,0.0034228480071760714,0.0017293810087721795,10332121819,false,false,5dff3859ad319cb37301e68cfc6fde00723e3a42110ca93adb44c05e97098167
softmax_whole_stage_atc_trace_v1,softmax_whole_stage_operand_rate_atc,softmax_whole_stage_operand_rate_atc_v2,20260728_operand_rate_v2_final_reduction_session02_BCA,reduction,fp32,20260728_operand_rate_v2_final_reduction_session02_BCA_reduction_fp32,0,2,20260728_operand_rate_v2_final_reduction_session02_BCA_reduction_fp32_b0_r2_control,control,control,20260728_operand_rate_v2_final_reduction_session02_BCA_reduction_fp32_b0_r2_control_1785246173944,1,182907.65378597201,182907.65518370501,182907.65448483851,0.0013977329945191741,0.25531026651151478,10332160157,true,false,5dff3859ad319cb37301e68cfc6fde00723e3a42110ca93adb44c05e97098167
softmax_whole_stage_atc_trace_v1,softmax_whole_stage_operand_rate_atc,softmax_whole_stage_operand_rate_atc_v2,20260728_operand_rate_v2_final_reduction_session02_BCA,reduction,fp32,20260728_operand_rate_v2_final_reduction_session02_BCA_reduction_fp32,0,2,20260728_operand_rate_v2_final_reduction_session02_BCA_reduction_fp32_b0_r2_control,control,control,20260728_operand_rate_v2_final_reduction_session02_BCA_reduction_fp32_b0_r2_control_1785246173944,2,182907.905327922,182907.907839964,182907.906583943,0.0025120420032180846,0.50740937099908479,10332228714,true,false,5dff3859ad319cb37301e68cfc6fde00723e3a42110ca93adb44c05e97098167
softmax_whole_stage_atc_trace_v1,softmax_whole_stage_operand_rate_atc,softmax_whole_stage_operand_rate_atc_v2,20260728_operand_rate_v2_final_reduction_session02_BCA,reduction,fp32,20260728_operand_rate_v2_final_reduction_session02_BCA_reduction_fp32,0,2,20260728_operand_rate_v2_final_reduction_session02_BCA_reduction_fp32_b0_r2_control,control,control,20260728_operand_rate_v2_final_reduction_session02_BCA_reduction_fp32_b0_r2_control_1785246173944,3,182908.15807196099,182908.15940762599,182908.15873979349,0.0013356650015339255,0.75956522149499506,10332299868,true,true,5dff3859ad319cb37301e68cfc6fde00723e3a42110ca93adb44c05e97098167
softmax_whole_stage_atc_trace_v1,softmax_whole_stage_operand_rate_atc,softmax_whole_stage_operand_rate_atc_v2,20260728_operand_rate_v2_final_reduction_session02_BCA,reduction,fp32,20260728_operand_rate_v2_final_reduction_session02_BCA_reduction_fp32,0,2,20260728_operand_rate_v2_final_reduction_session02_BCA_reduction_fp32_b0_r2_control,control,control,20260728_operand_rate_v2_final_reduction_session02_BCA_reduction_fp32_b0_r2_control_1785246173944,4,182908.410663441,182908.41211560901,182908.41138952499,0.0014521680132020265,1.0122149529925082,10332348353,true,true,5dff3859ad319cb37301e68cfc6fde00723e3a42110ca93adb44c05e97098167
softmax_whole_stage_atc_trace_v1,softmax_whole_stage_operand_rate_atc,softmax_whole_stage_operand_rate_atc_v2,20260728_operand_rate_v2_final_reduction_session02_BCA,reduction,fp32,20260728_operand_rate_v2_final_reduction_session02_BCA_reduction_fp32,0,2,20260728_operand_rate_v2_final_reduction_session02_BCA_reduction_fp32_b0_r2_control,control,control,20260728_operand_rate_v2_final_reduction_session02_BCA_reduction_fp32_b0_r2_control_1785246173944,5,182908.662485799,182908.66714085001,182908.66481332452,0.004655051016015932,1.2656387525203172,10332418870,true,true,5dff3859ad319cb37301e68cfc6fde00723e3a42110ca93adb44c05e97098167
softmax_whole_stage_atc_trace_v1,softmax_whole_stage_operand_rate_atc,softmax_whole_stage_operand_rate_atc_v2,20260728_operand_rate_v2_final_reduction_session02_BCA,reduction,fp32,20260728_operand_rate_v2_final_reduction_session02_BCA_reduction_fp32,0,2,20260728_operand_rate_v2_final_reduction_session02_BCA_reduction_fp32_b0_r2_control,control,control,20260728_operand_rate_v2_final_reduction_session02_BCA_reduction_fp32_b0_r2_control_1785246173944,6,182908.91767143499,182908.91906605,182908.91836874251,0.0013946150138508528,1.5191941705124918,10332466486,true,true,5dff3859ad319cb37301e68cfc6fde00723e3a42110ca93adb44c05e97098167
softmax_whole_stage_atc_trace_v1,softmax_whole_stage_operand_rate_atc,softmax_whole_stage_operand_rate_atc_v2,20260728_operand_rate_v2_final_reduction_session02_BCA,reduction,fp32,20260728_operand_rate_v2_final_reduction_session02_BCA_reduction_fp32,0,2,20260728_operand_rate_v2_final_reduction_session02_BCA_reduction_fp32_b0_r2_control,control,control,20260728_operand_rate_v2_final_reduction_session02_BCA_reduction_fp32_b0_r2_control_1785246173944,7,182909.17053643201,182909.171917375,182909.17122690351,0.0013809429947286844,1.7720523315074388,10332535849,true,true,5dff3859ad319cb37301e68cfc6fde00723e3a42110ca93adb44c05e97098167
softmax_whole_stage_atc_trace_v1,softmax_whole_stage_operand_rate_atc,softmax_whole_stage_operand_rate_atc_v2,20260728_operand_rate_v2_final_reduction_session02_BCA,reduction,fp32,20260728_operand_rate_v2_final_reduction_session02_BCA_reduction_fp32,0,2,20260728_operand_rate_v2_final_reduction_session02_BCA_reduction_fp32_b0_r2_control,control,control,20260728_operand_rate_v2_final_reduction_session02_BCA_reduction_fp32_b0_r2_control_1785246173944,8,182909.423427267,182909.42488612299,182909.42415669499,0.0014588559861294925,2.024982122995425,10332582833,true,true,5dff3859ad319cb37301e68cfc6fde00723e3a42110ca93adb44c05e97098167
softmax_whole_stage_atc_trace_v1,softmax_whole_stage_operand_rate_atc,softmax_whole_stage_operand_rate_atc_v2,20260728_operand_rate_v2_final_reduction_session02_BCA,reduction,fp32,20260728_operand_rate_v2_final_reduction_session02_BCA_reduction_fp32,0,2,20260728_operand_rate_v2_final_reduction_session02_BCA_reduction_fp32_b0_r2_control,control,control,20260728_operand_rate_v2_final_reduction_session02_BCA_reduction_fp32_b0_r2_control_1785246173944,9,182909.67656019301,182909.67793319401,182909.67724669352,0.0013730009959544986,2.2780721215240192,10332651387,true,true,5dff3859ad319cb37301e68cfc6fde00723e3a42110ca93adb44c05e97098167
softmax_whole_stage_atc_trace_v1,softmax_whole_stage_operand_rate_atc,softmax_whole_stage_operand_rate_atc_v2,20260728_operand_rate_v2_final_reduction_session02_BCA,reduction,fp32,20260728_operand_rate_v2_final_reduction_session02_BCA_reduction_fp32,0,2,20260728_operand_rate_v2_final_reduction_session02_BCA_reduction_fp32_b0_r2_control,control,control,20260728_operand_rate_v2_final_reduction_session02_BCA_reduction_fp32_b0_r2_control_1785246173944,10,182909.92966354301,182909.933463872,182909.93156370751,0.0038003289955668151,2.5323891355074011,10332697590,true,true,5dff3859ad319cb37301e68cfc6fde00723e3a42110ca93adb44c05e97098167
softmax_whole_stage_atc_trace_v1,softmax_whole_stage_operand_rate_atc,softmax_whole_stage_operand_rate_atc_v2,20260728_operand_rate_v2_final_reduction_session02_BCA,reduction,fp32,20260728_operand_rate_v2_final_reduction_session02_BCA_reduction_fp32,0,2,20260728_operand_rate_v2_final_reduction_session02_BCA_reduction_fp32_b0_r2_control,control,control,20260728_operand_rate_v2_final_reduction_session02_BCA_reduction_fp32_b0_r2_control_1785246173944,11,182910.1851908,182910.186622062,182910.185906431,0.0014312620041891932,2.7867318589997012,10332769555,true,true,5dff3859ad319cb37301e68cfc6fde00723e3a42110ca93adb44c05e97098167
softmax_whole_stage_atc_trace_v1,softmax_whole_stage_operand_rate_atc,softmax_whole_stage_operand_rate_atc_v2,20260728_operand_rate_v2_final_reduction_session02_BCA,reduction,fp32,20260728_operand_rate_v2_final_reduction_session02_BCA_reduction_fp32,0,2,20260728_operand_rate_v2_final_reduction_session02_BCA_reduction_fp32_b0_r2_control,control,control,20260728_operand_rate_v2_final_reduction_session02_BCA_reduction_fp32_b0_r2_control_1785246173944,12,182910.43835583201,182910.43977592501,182910.43906587851,0.0014200930017977953,3.0398913065146189,10332814411,true,true,5dff3859ad319cb37301e68cfc6fde00723e3a42110ca93adb44c05e97098167
softmax_whole_stage_atc_trace_v1,softmax_whole_stage_operand_rate_atc,softmax_whole_stage_operand_rate_atc_v2,20260728_operand_rate_v2_final_reduction_session02_BCA,reduction,fp32,20260728_operand_rate_v2_final_reduction_session02_BCA_reduction_fp32,0,2,20260728_operand_rate_v2_final_reduction_session02_BCA_reduction_fp32_b0_r2_control,control,control,20260728_operand_rate_v2_final_reduction_session02_BCA_reduction_fp32_b0_r2_control_1785246173944,13,182910.69166010001,182910.69312478701,182910.69239244351,0.00146468699676916,3.293217871512752,10332885732,true,true,5dff3859ad319cb37301e68cfc6fde00723e3a42110ca93adb44c05e97098167
softmax_whole_stage_atc_trace_v1,softmax_whole_stage_operand_rate_atc,softmax_whole_stage_operand_rate_atc_v2,20260728_operand_rate_v2_final_reduction_session02_BCA,reduction,fp32,20260728_operand_rate_v2_final_reduction_session02_BCA_reduction_fp32,0,2,20260728_operand_rate_v2_final_reduction_session02_BCA_reduction_fp32_b0_r2_control,control,control,20260728_operand_rate_v2_final_reduction_session02_BCA_reduction_fp32_b0_r2_control_1785246173944,14,182910.943256475,182910.94463536501,182910.94394592001,0.0013788900105282664,3.5447713480098173,10332929894,true,true,5dff3859ad319cb37301e68cfc6fde00723e3a42110ca93adb44c05e97098167
softmax_whole_stage_atc_trace_v1,softmax_whole_stage_operand_rate_atc,softmax_whole_stage_operand_rate_atc_v2,20260728_operand_rate_v2_final_reduction_session02_BCA,reduction,fp32,20260728_operand_rate_v2_final_reduction_session02_BCA_reduction_fp32,0,2,20260728_operand_rate_v2_final_reduction_session02_BCA_reduction_fp32_b0_r2_control,control,control,20260728_operand_rate_v2_final_reduction_session02_BCA_reduction_fp32_b0_r2_control_1785246173944,15,182911.19653505,182911.20128629499,182911.19891067251,0.0047512449964415282,3.7997361005109269,10333001113,true,true,5dff3859ad319cb37301e68cfc6fde00723e3a42110ca93adb44c05e97098167
softmax_whole_stage_atc_trace_v1,softmax_whole_stage_operand_rate_atc,softmax_whole_stage_operand_rate_atc_v2,20260728_operand_rate_v2_final_reduction_session02_BCA,reduction,fp32,20260728_operand_rate_v2_final_reduction_session02_BCA_reduction_fp32,0,2,20260728_operand_rate_v2_final_reduction_session02_BCA_reduction_fp32_b0_r2_control,control,control,20260728_operand_rate_v2_final_reduction_session02_BCA_reduction_fp32_b0_r2_control_1785246173944,16,182911.453224786,182911.454618811,182911.4539217985,0.0013940249918960035,4.0547472265025135,10333049062,true,true,5dff3859ad319cb37301e68cfc6fde00723e3a42110ca93adb44c05e97098167
softmax_whole_stage_atc_trace_v1,softmax_whole_stage_operand_rate_atc,softmax_whole_stage_operand_rate_atc_v2,20260728_operand_rate_v2_final_reduction_session02_BCA,reduction,fp32,20260728_operand_rate_v2_final_reduction_session02_BCA_reduction_fp32,0,2,20260728_operand_rate_v2_final_reduction_session02_BCA_reduction_fp32_b0_r2_control,control,control,20260728_operand_rate_v2_final_reduction_session02_BCA_reduction_fp32_b0_r2_control_1785246173944,17,182911.70502934101,182911.706430219,182911.70572978002,0.0014008779835421592,4.3065552080224734,10333118713,true,true,5dff3859ad319cb37301e68cfc6fde00723e3a42110ca93adb44c05e97098167
softmax_whole_stage_atc_trace_v1,softmax_whole_stage_operand_rate_atc,softmax_whole_stage_operand_rate_atc_v2,20260728_operand_rate_v2_final_reduction_session02_BCA,reduction,fp32,20260728_operand_rate_v2_final_reduction_session02_BCA_reduction_fp32,0,2,20260728_operand_rate_v2_final_reduction_session02_BCA_reduction_fp32_b0_r2_control,control,control,20260728_operand_rate_v2_final_reduction_session02_BCA_reduction_fp32_b0_r2_control_1785246173944,18,182911.95848760099,182911.95987759699,182911.95918259898,0.0013899960031267256,4.5600080269796308,10333166405,true,true,5dff3859ad319cb37301e68cfc6fde00723e3a42110ca93adb44c05e97098167
softmax_whole_stage_atc_trace_v1,softmax_whole_stage_operand_rate_atc,softmax_whole_stage_operand_rate_atc_v2,20260728_operand_rate_v2_final_reduction_session02_BCA,reduction,fp32,20260728_operand_rate_v2_final_reduction_session02_BCA_reduction_fp32,0,2,20260728_operand_rate_v2_final_reduction_session02_BCA_reduction_fp32_b0_r2_control,control,control,20260728_operand_rate_v2_final_reduction_session02_BCA_reduction_fp32_b0_r2_control_1785246173944,19,182912.21054851101,182912.21196158201,182912.21125504651,0.0014130710042081773,4.8120804745121859,10333235827,true,true,5dff3859ad319cb37301e68cfc6fde00723e3a42110ca93adb44c05e97098167
softmax_whole_stage_atc_trace_v1,softmax_whole_stage_operand_rate_atc,softmax_whole_stage_operand_rate_atc_v2,20260728_operand_rate_v2_final_reduction_session02_BCA,reduction,fp32,20260728_operand_rate_v2_final_reduction_session02_BCA_reduction_fp32,0,2,20260728_operand_rate_v2_final_reduction_session02_BCA_reduction_fp32_b0_r2_control,control,control,20260728_operand_rate_v2_final_reduction_session02_BCA_reduction_fp32_b0_r2_control_1785246173944,20,182912.46403606,182912.46536254499,182912.46469930251,0.0013264849840197712,5.0655247305112425,10333283106,true,true,5dff3859ad319cb37301e68cfc6fde00723e3a42110ca93adb44c05e97098167
softmax_whole_stage_atc_trace_v1,softmax_whole_stage_operand_rate_atc,softmax_whole_stage_operand_rate_atc_v2,20260728_operand_rate_v2_final_reduction_session02_BCA,reduction,fp32,20260728_operand_rate_v2_final_reduction_session02_BCA_reduction_fp32,0,2,20260728_operand_rate_v2_final_reduction_session02_BCA_reduction_fp32_b0_r2_control,control,control,20260728_operand_rate_v2_final_reduction_session02_BCA_reduction_fp32_b0_r2_control_1785246173944,21,182912.717573075,182912.719022064,182912.71829756949,0.0014489890018012375,5.319122997490922,10333352056,true,true,5dff3859ad319cb37301e68cfc6fde00723e3a42110ca93adb44c05e97098167
softmax_whole_stage_atc_trace_v1,softmax_whole_stage_operand_rate_atc,softmax_whole_stage_operand_rate_atc_v2,20260728_operand_rate_v2_final_reduction_session02_BCA,reduction,fp32,20260728_operand_rate_v2_final_reduction_session02_BCA_reduction_fp32,0,2,20260728_operand_rate_v2_final_reduction_session02_BCA_reduction_fp32_b0_r2_control,control,control,20260728_operand_rate_v2_final_reduction_session02_BCA_reduction_fp32_b0_r2_control_1785246173944,22,182912.96937888299,182912.97440583201,182912.97189235751,0.0050269490166101605,5.572717785515124,10333398485,true,true,5dff3859ad319cb37301e68cfc6fde00723e3a42110ca93adb44c05e97098167
softmax_whole_stage_atc_trace_v1,softmax_whole_stage_operand_rate_atc,softmax_whole_stage_operand_rate_atc_v2,20260728_operand_rate_v2_final_reduction_session02_BCA,reduction,fp32,20260728_operand_rate_v2_final_reduction_session02_BCA_reduction_fp32,0,2,20260728_operand_rate_v2_final_reduction_session02_BCA_reduction_fp32_b0_r2_control,control,control,20260728_operand_rate_v2_final_reduction_session02_BCA_reduction_fp32_b0_r2_control_1785246173944,23,182913.22663007499,182913.22804780799,182913.22733894148,0.0014177330012898892,5.8281643694790546,10333470993,true,true,5dff3859ad319cb37301e68cfc6fde00723e3a42110ca93adb44c05e97098167
softmax_whole_stage_atc_trace_v1,softmax_whole_stage_operand_rate_atc,softmax_whole_stage_operand_rate_atc_v2,20260728_operand_rate_v2_final_reduction_session02_BCA,reduction,fp32,20260728_operand_rate_v2_final_reduction_session02_BCA_reduction_fp32,0,2,20260728_operand_rate_v2_final_reduction_session02_BCA_reduction_fp32_b0_r2_control,control,control,20260728_operand_rate_v2_final_reduction_session02_BCA_reduction_fp32_b0_r2_control_1785246173944,24,182913.480313079,182913.48171852701,182913.481015803,0.0014054480125196278,6.0818412310036365,10333516066,true,true,5dff3859ad319cb37301e68cfc6fde00723e3a42110ca93adb44c05e97098167
softmax_whole_stage_atc_trace_v1,softmax_whole_stage_operand_rate_atc,softmax_whole_stage_operand_rate_atc_v2,20260728_operand_rate_v2_final_reduction_session02_BCA,reduction,fp32,20260728_operand_rate_v2_final_reduction_session02_BCA_reduction_fp32,0,2,20260728_operand_rate_v2_final_reduction_session02_BCA_reduction_fp32_b0_r2_control,control,control,20260728_operand_rate_v2_final_reduction_session02_BCA_reduction_fp32_b0_r2_control_1785246173944,25,182913.73377953601,182913.73519862001,182913.73448907799,0.0014190840010996908,6.3353145059954841,10333587592,true,true,5dff3859ad319cb37301e68cfc6fde00723e3a42110ca93adb44c05e97098167
softmax_whole_stage_atc_trace_v1,softmax_whole_stage_operand_rate_atc,softmax_whole_stage_operand_rate_atc_v2,20260728_operand_rate_v2_final_reduction_session02_BCA,reduction,fp32,20260728_operand_rate_v2_final_reduction_session02_BCA_reduction_fp32,0,2,20260728_operand_rate_v2_final_reduction_session02_BCA_reduction_fp32_b0_r2_control,control,control,20260728_operand_rate_v2_final_reduction_session02_BCA_reduction_fp32_b0_r2_control_1785246173944,26,182913.98671939201,182913.988049676,182913.987384534,0.00133028399432078,6.5882099620066583,10333631781,true,true,5dff3859ad319cb37301e68cfc6fde00723e3a42110ca93adb44c05e97098167
softmax_whole_stage_atc_trace_v1,softmax_whole_stage_operand_rate_atc,softmax_whole_stage_operand_rate_atc_v2,20260728_operand_rate_v2_final_reduction_session02_BCA,reduction,fp32,20260728_operand_rate_v2_final_reduction_session02_BCA_reduction_fp32,0,2,20260728_operand_rate_v2_final_reduction_session02_BCA_reduction_fp32_b0_r2_control,control,control,20260728_operand_rate_v2_final_reduction_session02_BCA_reduction_fp32_b0_r2_control_1785246173944,27,182914.23959679599,182914.24320298599,182914.24139989098,0.0036061900027561933,6.8422253189783078,10333702394,true,true,5dff3859ad319cb37301e68cfc6fde00723e3a42110ca93adb44c05e97098167
softmax_whole_stage_atc_trace_v1,softmax_whole_stage_operand_rate_atc,softmax_whole_stage_operand_rate_atc_v2,20260728_operand_rate_v2_final_reduction_session02_BCA,reduction,fp32,20260728_operand_rate_v2_final_reduction_session02_BCA_reduction_fp32,0,2,20260728_operand_rate_v2_final_reduction_session02_BCA_reduction_fp32_b0_r2_control,control,control,20260728_operand_rate_v2_final_reduction_session02_BCA_reduction_fp32_b0_r2_control_1785246173944,28,182914.494809717,182914.49621746899,182914.49551359299,0.0014077519881539047,7.0963390209944919,10333750179,true,true,5dff3859ad319cb37301e68cfc6fde00723e3a42110ca93adb44c05e97098167
softmax_whole_stage_atc_trace_v1,softmax_whole_stage_operand_rate_atc,softmax_whole_stage_operand_rate_atc_v2,20260728_operand_rate_v2_final_reduction_session02_BCA,reduction,fp32,20260728_operand_rate_v2_final_reduction_session02_BCA_reduction_fp32,0,2,20260728_operand_rate_v2_final_reduction_session02_BCA_reduction_fp32_b0_r2_control,control,control,20260728_operand_rate_v2_final_reduction_session02_BCA_reduction_fp32_b0_r2_control_1785246173944,29,182914.74787876199,182914.750462155,182914.7491704585,0.0025833930121734738,7.3499958864995278,10333819637,true,true,5dff3859ad319cb37301e68cfc6fde00723e3a42110ca93adb44c05e97098167
softmax_whole_stage_atc_trace_v1,softmax_whole_stage_operand_rate_atc,softmax_whole_stage_operand_rate_atc_v2,20260728_operand_rate_v2_final_reduction_session02_BCA,reduction,fp32,20260728_operand_rate_v2_final_reduction_session02_BCA_reduction_fp32,0,2,20260728_operand_rate_v2_final_reduction_session02_BCA_reduction_fp32_b0_r2_control,control,control,20260728_operand_rate_v2_final_reduction_session02_BCA_reduction_fp32_b0_r2_control_1785246173944,30,182915.000589631,182915.001872725,182915.001231178,0.0012830939958803356,7.6020566060033161,10333891054,true,true,5dff3859ad319cb37301e68cfc6fde00723e3a42110ca93adb44c05e97098167
softmax_whole_stage_atc_trace_v1,softmax_whole_stage_operand_rate_atc,softmax_whole_stage_operand_rate_atc_v2,20260728_operand_rate_v2_final_reduction_session02_BCA,reduction,fp32,20260728_operand_rate_v2_final_reduction_session02_BCA_reduction_fp32,0,2,20260728_operand_rate_v2_final_reduction_session02_BCA_reduction_fp32_b0_r2_control,control,control,20260728_operand_rate_v2_final_reduction_session02_BCA_reduction_fp32_b0_r2_control_1785246173944,31,182915.253524359,182915.25496229401,182915.25424332649,0.0014379350177478045,7.8550687544920947,10333939958,true,true,5dff3859ad319cb37301e68cfc6fde00723e3a42110ca93adb44c05e97098167
softmax_whole_stage_atc_trace_v1,softmax_whole_stage_operand_rate_atc,softmax_whole_stage_operand_rate_atc_v2,20260728_operand_rate_v2_final_reduction_session02_BCA,reduction,fp32,20260728_operand_rate_v2_final_reduction_session02_BCA_reduction_fp32,0,2,20260728_operand_rate_v2_final_reduction_session02_BCA_reduction_fp32_b0_r2_control,control,control,20260728_operand_rate_v2_final_reduction_session02_BCA_reduction_fp32_b0_r2_control_1785246173944,32,182915.506687638,182915.51088709501,182915.5087873665,0.004199457005597651,8.1096127945056651,10334011013,true,true,5dff3859ad319cb37301e68cfc6fde00723e3a42110ca93adb44c05e97098167
softmax_whole_stage_atc_trace_v1,softmax_whole_stage_operand_rate_atc,softmax_whole_stage_operand_rate_atc_v2,20260728_operand_rate_v2_final_reduction_session02_BCA,reduction,fp32,20260728_operand_rate_v2_final_reduction_session02_BCA_reduction_fp32,0,2,20260728_operand_rate_v2_final_reduction_session02_BCA_reduction_fp32_b0_r2_control,control,control,20260728_operand_rate_v2_final_reduction_session02_BCA_reduction_fp32_b0_r2_control_1785246173944,33,182915.762690651,182915.764122611,182915.76340663101,0.0014319600013550371,8.364232059015194,10334058907,true,true,5dff3859ad319cb37301e68cfc6fde00723e3a42110ca93adb44c05e97098167
softmax_whole_stage_atc_trace_v1,softmax_whole_stage_operand_rate_atc,softmax_whole_stage_operand_rate_atc_v2,20260728_operand_rate_v2_final_reduction_session02_BCA,reduction,fp32,20260728_operand_rate_v2_final_reduction_session02_BCA_reduction_fp32,0,2,20260728_operand_rate_v2_final_reduction_session02_BCA_reduction_fp32_b0_r2_control,control,control,20260728_operand_rate_v2_final_reduction_session02_BCA_reduction_fp32_b0_r2_control_1785246173944,34,182916.01469722,182916.016118411,182916.01540781552,0.0014211910020094365,8.6162332435196731,10334128674,true,true,5dff3859ad319cb37301e68cfc6fde00723e3a42110ca93adb44c05e97098167
softmax_whole_stage_atc_trace_v1,softmax_whole_stage_operand_rate_atc,softmax_whole_stage_operand_rate_atc_v2,20260728_operand_rate_v2_final_reduction_session02_BCA,reduction,fp32,20260728_operand_rate_v2_final_reduction_session02_BCA_reduction_fp32,0,2,20260728_operand_rate_v2_final_reduction_session02_BCA_reduction_fp32_b0_r2_control,control,control,20260728_operand_rate_v2_final_reduction_session02_BCA_reduction_fp32_b0_r2_control_1785246173944,35,182916.26708787301,182916.26847655399,182916.26778221352,0.0013886809756513685,8.8686076415178832,10334176257,true,true,5dff3859ad319cb37301e68cfc6fde00723e3a42110ca93adb44c05e97098167
softmax_whole_stage_atc_trace_v1,softmax_whole_stage_operand_rate_atc,softmax_whole_stage_operand_rate_atc_v2,20260728_operand_rate_v2_final_reduction_session02_BCA,reduction,fp32,20260728_operand_rate_v2_final_reduction_session02_BCA_reduction_fp32,0,2,20260728_operand_rate_v2_final_reduction_session02_BCA_reduction_fp32_b0_r2_control,control,control,20260728_operand_rate_v2_final_reduction_session02_BCA_reduction_fp32_b0_r2_control_1785246173944,36,182916.52030262601,182916.52168725399,182916.52099494002,0.0013846279762219638,9.1218203680182341,10334245824,true,true,5dff3859ad319cb37301e68cfc6fde00723e3a42110ca93adb44c05e97098167
softmax_whole_stage_atc_trace_v1,softmax_whole_stage_operand_rate_atc,softmax_whole_stage_operand_rate_atc_v2,20260728_operand_rate_v2_final_reduction_session02_BCA,reduction,fp32,20260728_operand_rate_v2_final_reduction_session02_BCA_reduction_fp32,0,2,20260728_operand_rate_v2_final_reduction_session02_BCA_reduction_fp32_b0_r2_control,control,control,20260728_operand_rate_v2_final_reduction_session02_BCA_reduction_fp32_b0_r2_control_1785246173944,37,182916.77351869899,182916.77826078999,182916.77588974449,0.0047420909977518022,9.3767151724896394,10334292704,true,false,5dff3859ad319cb37301e68cfc6fde00723e3a42110ca93adb44c05e97098167
softmax_whole_stage_atc_trace_v1,softmax_whole_stage_operand_rate_atc,softmax_whole_stage_operand_rate_atc_v2,20260728_operand_rate_v2_final_reduction_session02_BCA,reduction,fp32,20260728_operand_rate_v2_final_reduction_session02_BCA_reduction_fp32,0,2,20260728_operand_rate_v2_final_reduction_session02_BCA_reduction_fp32_b0_r2_control,control,control,20260728_operand_rate_v2_final_reduction_session02_BCA_reduction_fp32_b0_r2_control_1785246173944,38,182917.028369101,182917.02984041901,182917.02910476,0.0014713180135004222,9.6299301880062558,10334365363,true,false,5dff3859ad319cb37301e68cfc6fde00723e3a42110ca93adb44c05e97098167
softmax_whole_stage_atc_trace_v1,softmax_whole_stage_operand_rate_atc,softmax_whole_stage_operand_rate_atc_v2,20260728_operand_rate_v2_final_reduction_session02_BCA,reduction,fp32,20260728_operand_rate_v2_final_reduction_session02_BCA_reduction_fp32,0,2,20260728_operand_rate_v2_final_reduction_session02_BCA_reduction_fp32_b0_r2_control,control,control,20260728_operand_rate_v2_final_reduction_session02_BCA_reduction_fp32_b0_r2_control_1785246173944,39,182917.28173771201,182917.28393557901,182917.28283664549,0.0021978669974487275,9.8836620734946337,10334404456,true,false,5dff3859ad319cb37301e68cfc6fde00723e3a42110ca93adb44c05e97098167
softmax_whole_stage_atc_trace_v1,softmax_whole_stage_operand_rate_atc,softmax_whole_stage_operand_rate_atc_v2,20260728_operand_rate_v2_final_reduction_session02_BCA,reduction,fp32,20260728_operand_rate_v2_final_reduction_session02_BCA_reduction_fp32,0,2,20260728_operand_rate_v2_final_reduction_session02_BCA_reduction_fp32_b0_r2_control,control,control,20260728_operand_rate_v2_final_reduction_session02_BCA_reduction_fp32_b0_r2_control_1785246173944,40,182917.28395712501,182917.28590206901,182917.28492959699,0.0019449440005701035,9.8857550249958877,10334404456,false,false,5dff3859ad319cb37301e68cfc6fde00723e3a42110ca93adb44c05e97098167
softmax_whole_stage_atc_trace_v1,softmax_whole_stage_operand_rate_atc,softmax_whole_stage_operand_rate_atc_v2,20260728_operand_rate_v2_final_reduction_session02_BCA,reduction,fp32,20260728_operand_rate_v2_final_reduction_session02_BCA_reduction_fp32,1,0,20260728_operand_rate_v2_final_reduction_session02_BCA_reduction_fp32_b1_r0_treatment,treatment,treatment,20260728_operand_rate_v2_final_reduction_session02_BCA_reduction_fp32_b1_r0_treatment_1785246184859,0,182918.31856146001,182918.31994620399,182918.31925383199,0.0013847439840901643,0.00078090198803693056,10334537305,false,false,5dff3859ad319cb37301e68cfc6fde00723e3a42110ca93adb44c05e97098167
softmax_whole_stage_atc_trace_v1,softmax_whole_stage_operand_rate_atc,softmax_whole_stage_operand_rate_atc_v2,20260728_operand_rate_v2_final_reduction_session02_BCA,reduction,fp32,20260728_operand_rate_v2_final_reduction_session02_BCA_reduction_fp32,1,0,20260728_operand_rate_v2_final_reduction_session02_BCA_reduction_fp32_b1_r0_treatment,treatment,treatment,20260728_operand_rate_v2_final_reduction_session02_BCA_reduction_fp32_b1_r0_treatment_1785246184859,1,182918.57194241299,182918.57335845099,182918.572650432,0.001416037994204089,0.25417750200722367,10334592581,true,false,5dff3859ad319cb37301e68cfc6fde00723e3a42110ca93adb44c05e97098167
softmax_whole_stage_atc_trace_v1,softmax_whole_stage_operand_rate_atc,softmax_whole_stage_operand_rate_atc_v2,20260728_operand_rate_v2_final_reduction_session02_BCA,reduction,fp32,20260728_operand_rate_v2_final_reduction_session02_BCA_reduction_fp32,1,0,20260728_operand_rate_v2_final_reduction_session02_BCA_reduction_fp32_b1_r0_treatment,treatment,treatment,20260728_operand_rate_v2_final_reduction_session02_BCA_reduction_fp32_b1_r0_treatment_1785246184859,2,182918.825382182,182918.82671248799,182918.82604733499,0.0013303059968166053,0.50757440499728546,10334658442,true,false,5dff3859ad319cb37301e68cfc6fde00723e3a42110ca93adb44c05e97098167
softmax_whole_stage_atc_trace_v1,softmax_whole_stage_operand_rate_atc,softmax_whole_stage_operand_rate_atc_v2,20260728_operand_rate_v2_final_reduction_session02_BCA,reduction,fp32,20260728_operand_rate_v2_final_reduction_session02_BCA_reduction_fp32,1,0,20260728_operand_rate_v2_final_reduction_session02_BCA_reduction_fp32_b1_r0_treatment,treatment,treatment,20260728_operand_rate_v2_final_reduction_session02_BCA_reduction_fp32_b1_r0_treatment_1785246184859,3,182919.07872926799,182919.08013341899,182919.07943134347,0.0014041510003153235,0.76095841347705573,10334703476,true,true,5dff3859ad319cb37301e68cfc6fde00723e3a42110ca93adb44c05e97098167
softmax_whole_stage_atc_trace_v1,softmax_whole_stage_operand_rate_atc,softmax_whole_stage_operand_rate_atc_v2,20260728_operand_rate_v2_final_reduction_session02_BCA,reduction,fp32,20260728_operand_rate_v2_final_reduction_session02_BCA_reduction_fp32,1,0,20260728_operand_rate_v2_final_reduction_session02_BCA_reduction_fp32_b1_r0_treatment,treatment,treatment,20260728_operand_rate_v2_final_reduction_session02_BCA_reduction_fp32_b1_r0_treatment_1785246184859,4,182919.331484391,182919.33627591,182919.33388015052,0.0047915189934428781,1.0154072205186822,10334768940,true,true,5dff3859ad319cb37301e68cfc6fde00723e3a42110ca93adb44c05e97098167
softmax_whole_stage_atc_trace_v1,softmax_whole_stage_operand_rate_atc,softmax_whole_stage_operand_rate_atc_v2,20260728_operand_rate_v2_final_reduction_session02_BCA,reduction,fp32,20260728_operand_rate_v2_final_reduction_session02_BCA_reduction_fp32,1,0,20260728_operand_rate_v2_final_reduction_session02_BCA_reduction_fp32_b1_r0_treatment,treatment,treatment,20260728_operand_rate_v2_final_reduction_session02_BCA_reduction_fp32_b1_r0_treatment_1785246184859,5,182919.588365509,182919.58987598901,182919.58912074901,0.0015104800113476813,1.2706478190084454,10334813124,true,true,5dff3859ad319cb37301e68cfc6fde00723e3a42110ca93adb44c05e97098167
softmax_whole_stage_atc_trace_v1,softmax_whole_stage_operand_rate_atc,softmax_whole_stage_operand_rate_atc_v2,20260728_operand_rate_v2_final_reduction_session02_BCA,reduction,fp32,20260728_operand_rate_v2_final_reduction_session02_BCA_reduction_fp32,1,0,20260728_operand_rate_v2_final_reduction_session02_BCA_reduction_fp32_b1_r0_treatment,treatment,treatment,20260728_operand_rate_v2_final_reduction_session02_BCA_reduction_fp32_b1_r0_treatment_1785246184859,6,182919.84196347001,182919.84332723499,182919.8426453525,0.0013637649826705456,1.5241724225052167,10334877360,true,true,5dff3859ad319cb37301e68cfc6fde00723e3a42110ca93adb44c05e97098167
softmax_whole_stage_atc_trace_v1,softmax_whole_stage_operand_rate_atc,softmax_whole_stage_operand_rate_atc_v2,20260728_operand_rate_v2_final_reduction_session02_BCA,reduction,fp32,20260728_operand_rate_v2_final_reduction_session02_BCA_reduction_fp32,1,0,20260728_operand_rate_v2_final_reduction_session02_BCA_reduction_fp32_b1_r0_treatment,treatment,treatment,20260728_operand_rate_v2_final_reduction_session02_BCA_reduction_fp32_b1_r0_treatment_1785246184859,7,182920.09541088599,182920.09685859,182920.09613473801,0.0014477040094789118,1.7776618080097251,10334920860,true,true,5dff3859ad319cb37301e68cfc6fde00723e3a42110ca93adb44c05e97098167
softmax_whole_stage_atc_trace_v1,softmax_whole_stage_operand_rate_atc,softmax_whole_stage_operand_rate_atc_v2,20260728_operand_rate_v2_final_reduction_session02_BCA,reduction,fp32,20260728_operand_rate_v2_final_reduction_session02_BCA_reduction_fp32,1,0,20260728_operand_rate_v2_final_reduction_session02_BCA_reduction_fp32_b1_r0_treatment,treatment,treatment,20260728_operand_rate_v2_final_reduction_session02_BCA_reduction_fp32_b1_r0_treatment_1785246184859,8,182920.348599536,182920.349984261,182920.34929189848,0.0013847250083927065,2.0308189684874378,10334984472,true,true,5dff3859ad319cb37301e68cfc6fde00723e3a42110ca93adb44c05e97098167
softmax_whole_stage_atc_trace_v1,softmax_whole_stage_operand_rate_atc,softmax_whole_stage_operand_rate_atc_v2,20260728_operand_rate_v2_final_reduction_session02_BCA,reduction,fp32,20260728_operand_rate_v2_final_reduction_session02_BCA_reduction_fp32,1,0,20260728_operand_rate_v2_final_reduction_session02_BCA_reduction_fp32_b1_r0_treatment,treatment,treatment,20260728_operand_rate_v2_final_reduction_session02_BCA_reduction_fp32_b1_r0_treatment_1785246184859,9,182920.60209036799,182920.60503453601,182920.60356245202,0.0029441680235322565,2.2850895220180973,10335027353,true,true,5dff3859ad319cb37301e68cfc6fde00723e3a42110ca93adb44c05e97098167
softmax_whole_stage_atc_trace_v1,softmax_whole_stage_operand_rate_atc,softmax_whole_stage_operand_rate_atc_v2,20260728_operand_rate_v2_final_reduction_session02_BCA,reduction,fp32,20260728_operand_rate_v2_final_reduction_session02_BCA_reduction_fp32,1,0,20260728_operand_rate_v2_final_reduction_session02_BCA_reduction_fp32_b1_r0_treatment,treatment,treatment,20260728_operand_rate_v2_final_reduction_session02_BCA_reduction_fp32_b1_r0_treatment_1785246184859,10,182920.85714351901,182920.85854344,182920.85784347949,0.0013999209913890809,2.5393705494934693,10335094491,true,true,5dff3859ad319cb37301e68cfc6fde00723e3a42110ca93adb44c05e97098167
softmax_whole_stage_atc_trace_v1,softmax_whole_stage_operand_rate_atc,softmax_whole_stage_operand_rate_atc_v2,20260728_operand_rate_v2_final_reduction_session02_BCA,reduction,fp32,20260728_operand_rate_v2_final_reduction_session02_BCA_reduction_fp32,1,0,20260728_operand_rate_v2_final_reduction_session02_BCA_reduction_fp32_b1_r0_treatment,treatment,treatment,20260728_operand_rate_v2_final_reduction_session02_BCA_reduction_fp32_b1_r0_treatment_1785246184859,11,182921.11061533401,182921.11191537499,182921.1112653545,0.0013000409817323089,2.7927924245013855,10335136199,true,true,5dff3859ad319cb37301e68cfc6fde00723e3a42110ca93adb44c05e97098167
softmax_whole_stage_atc_trace_v1,softmax_whole_stage_operand_rate_atc,softmax_whole_stage_operand_rate_atc_v2,20260728_operand_rate_v2_final_reduction_session02_BCA,reduction,fp32,20260728_operand_rate_v2_final_reduction_session02_BCA_reduction_fp32,1,0,20260728_operand_rate_v2_final_reduction_session02_BCA_reduction_fp32_b1_r0_treatment,treatment,treatment,20260728_operand_rate_v2_final_reduction_session02_BCA_reduction_fp32_b1_r0_treatment_1785246184859,12,182921.36329385999,182921.36473550601,182921.364014683,0.0014416460180655122,3.0455417530029081,10335202498,true,true,5dff3859ad319cb37301e68cfc6fde00723e3a42110ca93adb44c05e97098167
softmax_whole_stage_atc_trace_v1,softmax_whole_stage_operand_rate_atc,softmax_whole_stage_operand_rate_atc_v2,20260728_operand_rate_v2_final_reduction_session02_BCA,reduction,fp32,20260728_operand_rate_v2_final_reduction_session02_BCA_reduction_fp32,1,0,20260728_operand_rate_v2_final_reduction_session02_BCA_reduction_fp32_b1_r0_treatment,treatment,treatment,20260728_operand_rate_v2_final_reduction_session02_BCA_reduction_fp32_b1_r0_treatment_1785246184859,13,182921.61693561799,182921.61849273799,182921.61771417799,0.0015571200056001544,3.2992412479943596,10335243625,true,true,5dff3859ad319cb37301e68cfc6fde00723e3a42110ca93adb44c05e97098167
softmax_whole_stage_atc_trace_v1,softmax_whole_stage_operand_rate_atc,softmax_whole_stage_operand_rate_atc_v2,20260728_operand_rate_v2_final_reduction_session02_BCA,reduction,fp32,20260728_operand_rate_v2_final_reduction_session02_BCA_reduction_fp32,1,0,20260728_operand_rate_v2_final_reduction_session02_BCA_reduction_fp32_b1_r0_treatment,treatment,treatment,20260728_operand_rate_v2_final_reduction_session02_BCA_reduction_fp32_b1_r0_treatment_1785246184859,14,182921.870826728,182921.87461764101,182921.87272218452,0.0037909130041953176,3.5542492545209825,10335309274,true,true,5dff3859ad319cb37301e68cfc6fde00723e3a42110ca93adb44c05e97098167
softmax_whole_stage_atc_trace_v1,softmax_whole_stage_operand_rate_atc,softmax_whole_stage_operand_rate_atc_v2,20260728_operand_rate_v2_final_reduction_session02_BCA,reduction,fp32,20260728_operand_rate_v2_final_reduction_session02_BCA_reduction_fp32,1,0,20260728_operand_rate_v2_final_reduction_session02_BCA_reduction_fp32_b1_r0_treatment,treatment,treatment,20260728_operand_rate_v2_final_reduction_session02_BCA_reduction_fp32_b1_r0_treatment_1785246184859,15,182922.12711316301,182922.12853586499,182922.127824514,0.0014227019855752587,3.8093515840009786,10335353556,true,true,5dff3859ad319cb37301e68cfc6fde00723e3a42110ca93adb44c05e97098167
softmax_whole_stage_atc_trace_v1,softmax_whole_stage_operand_rate_atc,softmax_whole_stage_operand_rate_atc_v2,20260728_operand_rate_v2_final_reduction_session02_BCA,reduction,fp32,20260728_operand_rate_v2_final_reduction_session02_BCA_reduction_fp32,1,0,20260728_operand_rate_v2_final_reduction_session02_BCA_reduction_fp32_b1_r0_treatment,treatment,treatment,20260728_operand_rate_v2_final_reduction_session02_BCA_reduction_fp32_b1_r0_treatment_1785246184859,16,182922.381033304,182922.382512023,182922.3817726635,0.0014787190011702478,4.0632997335051186,10335417780,true,true,5dff3859ad319cb37301e68cfc6fde00723e3a42110ca93adb44c05e97098167
softmax_whole_stage_atc_trace_v1,softmax_whole_stage_operand_rate_atc,softmax_whole_stage_operand_rate_atc_v2,20260728_operand_rate_v2_final_reduction_session02_BCA,reduction,fp32,20260728_operand_rate_v2_final_reduction_session02_BCA_reduction_fp32,1,0,20260728_operand_rate_v2_final_reduction_session02_BCA_reduction_fp32_b1_r0_treatment,treatment,treatment,20260728_operand_rate_v2_final_reduction_session02_BCA_reduction_fp32_b1_r0_treatment_1785246184859,17,182922.63499110701,182922.63631994801,182922.63565552753,0.0013288409973029047,4.3171825975296088,10335461266,true,true,5dff3859ad319cb37301e68cfc6fde00723e3a42110ca93adb44c05e97098167
softmax_whole_stage_atc_trace_v1,softmax_whole_stage_operand_rate_atc,softmax_whole_stage_operand_rate_atc_v2,20260728_operand_rate_v2_final_reduction_session02_BCA,reduction,fp32,20260728_operand_rate_v2_final_reduction_session02_BCA_reduction_fp32,1,0,20260728_operand_rate_v2_final_reduction_session02_BCA_reduction_fp32_b1_r0_treatment,treatment,treatment,20260728_operand_rate_v2_final_reduction_session02_BCA_reduction_fp32_b1_r0_treatment_1785246184859,18,182922.88885476699,182922.89026275001,182922.8895587585,0.0014079830143600702,4.571085828501964,10335524829,true,true,5dff3859ad319cb37301e68cfc6fde00723e3a42110ca93adb44c05e97098167
softmax_whole_stage_atc_trace_v1,softmax_whole_stage_operand_rate_atc,softmax_whole_stage_operand_rate_atc_v2,20260728_operand_rate_v2_final_reduction_session02_BCA,reduction,fp32,20260728_operand_rate_v2_final_reduction_session02_BCA_reduction_fp32,1,0,20260728_operand_rate_v2_final_reduction_session02_BCA_reduction_fp32_b1_r0_treatment,treatment,treatment,20260728_operand_rate_v2_final_reduction_session02_BCA_reduction_fp32_b1_r0_treatment_1785246184859,19,182923.142767588,182923.14601741501,182923.1443925015,0.0032498270156793296,4.8259195715072565,10335567673,true,true,5dff3859ad319cb37301e68cfc6fde00723e3a42110ca93adb44c05e97098167
softmax_whole_stage_atc_trace_v1,softmax_whole_stage_operand_rate_atc,softmax_whole_stage_operand_rate_atc_v2,20260728_operand_rate_v2_final_reduction_session02_BCA,reduction,fp32,20260728_operand_rate_v2_final_reduction_session02_BCA_reduction_fp32,1,0,20260728_operand_rate_v2_final_reduction_session02_BCA_reduction_fp32_b1_r0_treatment,treatment,treatment,20260728_operand_rate_v2_final_reduction_session02_BCA_reduction_fp32_b1_r0_treatment_1785246184859,20,182923.397403882,182923.398827814,182923.39811584802,0.0014239320007618517,5.0796429180190898,10335634742,true,true,5dff3859ad319cb37301e68cfc6fde00723e3a42110ca93adb44c05e97098167
softmax_whole_stage_atc_trace_v1,softmax_whole_stage_operand_rate_atc,softmax_whole_stage_operand_rate_atc_v2,20260728_operand_rate_v2_final_reduction_session02_BCA,reduction,fp32,20260728_operand_rate_v2_final_reduction_session02_BCA_reduction_fp32,1,0,20260728_operand_rate_v2_final_reduction_session02_BCA_reduction_fp32_b1_r0_treatment,treatment,treatment,20260728_operand_rate_v2_final_reduction_session02_BCA_reduction_fp32_b1_r0_treatment_1785246184859,21,182923.65130439101,182923.652694391,182923.651999391,0.0013899999903514981,5.3335264610068407,10335676827,true,true,5dff3859ad319cb37301e68cfc6fde00723e3a42110ca93adb44c05e97098167
softmax_whole_stage_atc_trace_v1,softmax_whole_stage_operand_rate_atc,softmax_whole_stage_operand_rate_atc_v2,20260728_operand_rate_v2_final_reduction_session02_BCA,reduction,fp32,20260728_operand_rate_v2_final_reduction_session02_BCA_reduction_fp32,1,0,20260728_operand_rate_v2_final_reduction_session02_BCA_reduction_fp32_b1_r0_treatment,treatment,treatment,20260728_operand_rate_v2_final_reduction_session02_BCA_reduction_fp32_b1_r0_treatment_1785246184859,22,182923.905204471,182923.90654661701,182923.90587554401,0.0013421460171230137,5.5874026140081696,10335743519,true,true,5dff3859ad319cb37301e68cfc6fde00723e3a42110ca93adb44c05e97098167
softmax_whole_stage_atc_trace_v1,softmax_whole_stage_operand_rate_atc,softmax_whole_stage_operand_rate_atc_v2,20260728_operand_rate_v2_final_reduction_session02_BCA,reduction,fp32,20260728_operand_rate_v2_final_reduction_session02_BCA_reduction_fp32,1,0,20260728_operand_rate_v2_final_reduction_session02_BCA_reduction_fp32_b1_r0_treatment,treatment,treatment,20260728_operand_rate_v2_final_reduction_session02_BCA_reduction_fp32_b1_r0_treatment_1785246184859,23,182924.15685175799,182924.15821601401,182924.157533886,0.0013642560224980116,5.8390609560010489,10335784889,true,true,5dff3859ad319cb37301e68cfc6fde00723e3a42110ca93adb44c05e97098167
softmax_whole_stage_atc_trace_v1,softmax_whole_stage_operand_rate_atc,softmax_whole_stage_operand_rate_atc_v2,20260728_operand_rate_v2_final_reduction_session02_BCA,reduction,fp32,20260728_operand_rate_v2_final_reduction_session02_BCA_reduction_fp32,1,0,20260728_operand_rate_v2_final_reduction_session02_BCA_reduction_fp32_b1_r0_treatment,treatment,treatment,20260728_operand_rate_v2_final_reduction_session02_BCA_reduction_fp32_b1_r0_treatment_1785246184859,24,182924.40991852499,182924.41138666801,182924.4106525965,0.0014681430184282362,6.0921796665061265,10335851462,true,true,5dff3859ad319cb37301e68cfc6fde00723e3a42110ca93adb44c05e97098167
softmax_whole_stage_atc_trace_v1,softmax_whole_stage_operand_rate_atc,softmax_whole_stage_operand_rate_atc_v2,20260728_operand_rate_v2_final_reduction_session02_BCA,reduction,fp32,20260728_operand_rate_v2_final_reduction_session02_BCA_reduction_fp32,1,0,20260728_operand_rate_v2_final_reduction_session02_BCA_reduction_fp32_b1_r0_treatment,treatment,treatment,20260728_operand_rate_v2_final_reduction_session02_BCA_reduction_fp32_b1_r0_treatment_1785246184859,25,182924.66395009999,182924.66540539,182924.66467774499,0.0014552900101989508,6.3462048149958719,10335892880,true,true,5dff3859ad319cb37301e68cfc6fde00723e3a42110ca93adb44c05e97098167
softmax_whole_stage_atc_trace_v1,softmax_whole_stage_operand_rate_atc,softmax_whole_stage_operand_rate_atc_v2,20260728_operand_rate_v2_final_reduction_session02_BCA,reduction,fp32,20260728_operand_rate_v2_final_reduction_session02_BCA_reduction_fp32,1,0,20260728_operand_rate_v2_final_reduction_session02_BCA_reduction_fp32_b1_r0_treatment,treatment,treatment,20260728_operand_rate_v2_final_reduction_session02_BCA_reduction_fp32_b1_r0_treatment_1785246184859,26,182924.91800024701,182924.92262026301,182924.92031025502,0.0046200159995350987,6.6018373250262812,10335958848,true,true,5dff3859ad319cb37301e68cfc6fde00723e3a42110ca93adb44c05e97098167
softmax_whole_stage_atc_trace_v1,softmax_whole_stage_operand_rate_atc,softmax_whole_stage_operand_rate_atc_v2,20260728_operand_rate_v2_final_reduction_session02_BCA,reduction,fp32,20260728_operand_rate_v2_final_reduction_session02_BCA_reduction_fp32,1,0,20260728_operand_rate_v2_final_reduction_session02_BCA_reduction_fp32_b1_r0_treatment,treatment,treatment,20260728_operand_rate_v2_final_reduction_session02_BCA_reduction_fp32_b1_r0_treatment_1785246184859,27,182925.175226933,182925.17663072899,182925.17592883098,0.0014037959917914122,6.8574559009866789,10336003286,true,true,5dff3859ad319cb37301e68cfc6fde00723e3a42110ca93adb44c05e97098167
softmax_whole_stage_atc_trace_v1,softmax_whole_stage_operand_rate_atc,softmax_whole_stage_operand_rate_atc_v2,20260728_operand_rate_v2_final_reduction_session02_BCA,reduction,fp32,20260728_operand_rate_v2_final_reduction_session02_BCA_reduction_fp32,1,0,20260728_operand_rate_v2_final_reduction_session02_BCA_reduction_fp32_b1_r0_treatment,treatment,treatment,20260728_operand_rate_v2_final_reduction_session02_BCA_reduction_fp32_b1_r0_treatment_1785246184859,28,182925.42823627501,182925.43056213501,182925.42939920502,0.0023258599976543337,7.1109262750251219,10336067648,true,true,5dff3859ad319cb37301e68cfc6fde00723e3a42110ca93adb44c05e97098167
softmax_whole_stage_atc_trace_v1,softmax_whole_stage_operand_rate_atc,softmax_whole_stage_operand_rate_atc_v2,20260728_operand_rate_v2_final_reduction_session02_BCA,reduction,fp32,20260728_operand_rate_v2_final_reduction_session02_BCA_reduction_fp32,1,0,20260728_operand_rate_v2_final_reduction_session02_BCA_reduction_fp32_b1_r0_treatment,treatment,treatment,20260728_operand_rate_v2_final_reduction_session02_BCA_reduction_fp32_b1_r0_treatment_1785246184859,29,182925.683175966,182925.684457517,182925.68381674151,0.0012815509981010109,7.3653438115143217,10336133954,true,true,5dff3859ad319cb37301e68cfc6fde00723e3a42110ca93adb44c05e97098167
softmax_whole_stage_atc_trace_v1,softmax_whole_stage_operand_rate_atc,softmax_whole_stage_operand_rate_atc_v2,20260728_operand_rate_v2_final_reduction_session02_BCA,reduction,fp32,20260728_operand_rate_v2_final_reduction_session02_BCA_reduction_fp32,1,0,20260728_operand_rate_v2_final_reduction_session02_BCA_reduction_fp32_b1_r0_treatment,treatment,treatment,20260728_operand_rate_v2_final_reduction_session02_BCA_reduction_fp32_b1_r0_treatment_1785246184859,30,182925.93500414799,182925.936748748,182925.935876448,0.0017446000128984451,7.6174035180010833,10336178979,true,true,5dff3859ad319cb37301e68cfc6fde00723e3a42110ca93adb44c05e97098167
softmax_whole_stage_atc_trace_v1,softmax_whole_stage_operand_rate_atc,softmax_whole_stage_operand_rate_atc_v2,20260728_operand_rate_v2_final_reduction_session02_BCA,reduction,fp32,20260728_operand_rate_v2_final_reduction_session02_BCA_reduction_fp32,1,0,20260728_operand_rate_v2_final_reduction_session02_BCA_reduction_fp32_b1_r0_treatment,treatment,treatment,20260728_operand_rate_v2_final_reduction_session02_BCA_reduction_fp32_b1_r0_treatment_1785246184859,31,182926.18957492401,182926.19520182599,182926.192388375,0.0056269019842147827,7.8739154450013302,10336244824,true,true,5dff3859ad319cb37301e68cfc6fde00723e3a42110ca93adb44c05e97098167
softmax_whole_stage_atc_trace_v1,softmax_whole_stage_operand_rate_atc,softmax_whole_stage_operand_rate_atc_v2,20260728_operand_rate_v2_final_reduction_session02_BCA,reduction,fp32,20260728_operand_rate_v2_final_reduction_session02_BCA_reduction_fp32,1,0,20260728_operand_rate_v2_final_reduction_session02_BCA_reduction_fp32_b1_r0_treatment,treatment,treatment,20260728_operand_rate_v2_final_reduction_session02_BCA_reduction_fp32_b1_r0_treatment_1785246184859,32,182926.448036288,182926.44947479499,182926.4487555415,0.0014385069953277707,8.130282611498842,10336288931,true,true,5dff3859ad319cb37301e68cfc6fde00723e3a42110ca93adb44c05e97098167
softmax_whole_stage_atc_trace_v1,softmax_whole_stage_operand_rate_atc,softmax_whole_stage_operand_rate_atc_v2,20260728_operand_rate_v2_final_reduction_session02_BCA,reduction,fp32,20260728_operand_rate_v2_final_reduction_session02_BCA_reduction_fp32,1,0,20260728_operand_rate_v2_final_reduction_session02_BCA_reduction_fp32_b1_r0_treatment,treatment,treatment,20260728_operand_rate_v2_final_reduction_session02_BCA_reduction_fp32_b1_r0_treatment_1785246184859,33,182926.70221739801,182926.70362740799,182926.702922403,0.0014100099797360599,8.3844494730001315,10336352950,true,true,5dff3859ad319cb37301e68cfc6fde00723e3a42110ca93adb44c05e97098167
softmax_whole_stage_atc_trace_v1,softmax_whole_stage_operand_rate_atc,softmax_whole_stage_operand_rate_atc_v2,20260728_operand_rate_v2_final_reduction_session02_BCA,reduction,fp32,20260728_operand_rate_v2_final_reduction_session02_BCA_reduction_fp32,1,0,20260728_operand_rate_v2_final_reduction_session02_BCA_reduction_fp32_b1_r0_treatment,treatment,treatment,20260728_operand_rate_v2_final_reduction_session02_BCA_reduction_fp32_b1_r0_treatment_1785246184859,34,182926.95641386899,182926.95779598801,182926.9571049285,0.0013821190223097801,8.638631998503115,10336396297,true,true,5dff3859ad319cb37301e68cfc6fde00723e3a42110ca93adb44c05e97098167
softmax_whole_stage_atc_trace_v1,softmax_whole_stage_operand_rate_atc,softmax_whole_stage_operand_rate_atc_v2,20260728_operand_rate_v2_final_reduction_session02_BCA,reduction,fp32,20260728_operand_rate_v2_final_reduction_session02_BCA_reduction_fp32,1,0,20260728_operand_rate_v2_final_reduction_session02_BCA_reduction_fp32_b1_r0_treatment,treatment,treatment,20260728_operand_rate_v2_final_reduction_session02_BCA_reduction_fp32_b1_r0_treatment_1785246184859,35,182927.21061054201,182927.212129589,182927.21137006552,0.001519046985777095,8.8928971355198883,10336459719,true,true,5dff3859ad319cb37301e68cfc6fde00723e3a42110ca93adb44c05e97098167
softmax_whole_stage_atc_trace_v1,softmax_whole_stage_operand_rate_atc,softmax_whole_stage_operand_rate_atc_v2,20260728_operand_rate_v2_final_reduction_session02_BCA,reduction,fp32,20260728_operand_rate_v2_final_reduction_session02_BCA_reduction_fp32,1,0,20260728_operand_rate_v2_final_reduction_session02_BCA_reduction_fp32_b1_r0_treatment,treatment,treatment,20260728_operand_rate_v2_final_reduction_session02_BCA_reduction_fp32_b1_r0_treatment_1785246184859,36,182927.46329221001,182927.467641786,182927.46546699799,0.0043495759891811758,9.1469940679962747,10336502438,true,true,5dff3859ad319cb37301e68cfc6fde00723e3a42110ca93adb44c05e97098167
softmax_whole_stage_atc_trace_v1,softmax_whole_stage_operand_rate_atc,softmax_whole_stage_operand_rate_atc_v2,20260728_operand_rate_v2_final_reduction_session02_BCA,reduction,fp32,20260728_operand_rate_v2_final_reduction_session02_BCA_reduction_fp32,1,0,20260728_operand_rate_v2_final_reduction_session02_BCA_reduction_fp32_b1_r0_treatment,treatment,treatment,20260728_operand_rate_v2_final_reduction_session02_BCA_reduction_fp32_b1_r0_treatment_1785246184859,37,182927.72045553199,182927.72187615201,182927.721165842,0.0014206200139597058,9.4026929120009299,10336569488,true,true,5dff3859ad319cb37301e68cfc6fde00723e3a42110ca93adb44c05e97098167
softmax_whole_stage_atc_trace_v1,softmax_whole_stage_operand_rate_atc,softmax_whole_stage_operand_rate_atc_v2,20260728_operand_rate_v2_final_reduction_session02_BCA,reduction,fp32,20260728_operand_rate_v2_final_reduction_session02_BCA_reduction_fp32,1,0,20260728_operand_rate_v2_final_reduction_session02_BCA_reduction_fp32_b1_r0_treatment,treatment,treatment,20260728_operand_rate_v2_final_reduction_session02_BCA_reduction_fp32_b1_r0_treatment_1785246184859,38,182927.973336478,182927.974738202,182927.97403734,0.001401724002789706,9.6555644100008067,10336611226,true,true,5dff3859ad319cb37301e68cfc6fde00723e3a42110ca93adb44c05e97098167
softmax_whole_stage_atc_trace_v1,softmax_whole_stage_operand_rate_atc,softmax_whole_stage_operand_rate_atc_v2,20260728_operand_rate_v2_final_reduction_session02_BCA,reduction,fp32,20260728_operand_rate_v2_final_reduction_session02_BCA_reduction_fp32,1,0,20260728_operand_rate_v2_final_reduction_session02_BCA_reduction_fp32_b1_r0_treatment,treatment,treatment,20260728_operand_rate_v2_final_reduction_session02_BCA_reduction_fp32_b1_r0_treatment_1785246184859,39,182928.22576844101,182928.22715955399,182928.2264639975,0.0013911129790358245,9.9079910675063729,10336677953,true,true,5dff3859ad319cb37301e68cfc6fde00723e3a42110ca93adb44c05e97098167
softmax_whole_stage_atc_trace_v1,softmax_whole_stage_operand_rate_atc,softmax_whole_stage_operand_rate_atc_v2,20260728_operand_rate_v2_final_reduction_session02_BCA,reduction,fp32,20260728_operand_rate_v2_final_reduction_session02_BCA_reduction_fp32,1,0,20260728_operand_rate_v2_final_reduction_session02_BCA_reduction_fp32_b1_r0_treatment,treatment,treatment,20260728_operand_rate_v2_final_reduction_session02_BCA_reduction_fp32_b1_r0_treatment_1785246184859,40,182928.47874599599,182928.48017338701,182928.4794596915,0.0014273910201154649,10.160986761504319,10336719716,true,true,5dff3859ad319cb37301e68cfc6fde00723e3a42110ca93adb44c05e97098167
softmax_whole_stage_atc_trace_v1,softmax_whole_stage_operand_rate_atc,softmax_whole_stage_operand_rate_atc_v2,20260728_operand_rate_v2_final_reduction_session02_BCA,reduction,fp32,20260728_operand_rate_v2_final_reduction_session02_BCA_reduction_fp32,1,0,20260728_operand_rate_v2_final_reduction_session02_BCA_reduction_fp32_b1_r0_treatment,treatment,treatment,20260728_operand_rate_v2_final_reduction_session02_BCA_reduction_fp32_b1_r0_treatment_1785246184859,41,182928.73293175499,182928.734349445,182928.7336406,0.0014176900149323046,10.415167669998482,10336786459,true,true,5dff3859ad319cb37301e68cfc6fde00723e3a42110ca93adb44c05e97098167
softmax_whole_stage_atc_trace_v1,softmax_whole_stage_operand_rate_atc,softmax_whole_stage_operand_rate_atc_v2,20260728_operand_rate_v2_final_reduction_session02_BCA,reduction,fp32,20260728_operand_rate_v2_final_reduction_session02_BCA_reduction_fp32,1,0,20260728_operand_rate_v2_final_reduction_session02_BCA_reduction_fp32_b1_r0_treatment,treatment,treatment,20260728_operand_rate_v2_final_reduction_session02_BCA_reduction_fp32_b1_r0_treatment_1785246184859,42,182928.987094171,182928.98858340699,182928.98783878901,0.0014892359904479235,10.669365859008394,10336827816,true,true,5dff3859ad319cb37301e68cfc6fde00723e3a42110ca93adb44c05e97098167
softmax_whole_stage_atc_trace_v1,softmax_whole_stage_operand_rate_atc,softmax_whole_stage_operand_rate_atc_v2,20260728_operand_rate_v2_final_reduction_session02_BCA,reduction,fp32,20260728_operand_rate_v2_final_reduction_session02_BCA_reduction_fp32,1,0,20260728_operand_rate_v2_final_reduction_session02_BCA_reduction_fp32_b1_r0_treatment,treatment,treatment,20260728_operand_rate_v2_final_reduction_session02_BCA_reduction_fp32_b1_r0_treatment_1785246184859,43,182929.24139785999,182929.24557716001,182929.24348751002,0.0041793000127654523,10.925014580017887,10336893791,true,true,5dff3859ad319cb37301e68cfc6fde00723e3a42110ca93adb44c05e97098167
softmax_whole_stage_atc_trace_v1,softmax_whole_stage_operand_rate_atc,softmax_whole_stage_operand_rate_atc_v2,20260728_operand_rate_v2_final_reduction_session02_BCA,reduction,fp32,20260728_operand_rate_v2_final_reduction_session02_BCA_reduction_fp32,1,0,20260728_operand_rate_v2_final_reduction_session02_BCA_reduction_fp32_b1_r0_treatment,treatment,treatment,20260728_operand_rate_v2_final_reduction_session02_BCA_reduction_fp32_b1_r0_treatment_1785246184859,44,182929.496381745,182929.49776507699,182929.49707341101,0.0013833319826517254,11.178600481012836,10336938242,true,true,5dff3859ad319cb37301e68cfc6fde00723e3a42110ca93adb44c05e97098167
softmax_whole_stage_atc_trace_v1,softmax_whole_stage_operand_rate_atc,softmax_whole_stage_operand_rate_atc_v2,20260728_operand_rate_v2_final_reduction_session02_BCA,reduction,fp32,20260728_operand_rate_v2_final_reduction_session02_BCA_reduction_fp32,1,0,20260728_operand_rate_v2_final_reduction_session02_BCA_reduction_fp32_b1_r0_treatment,treatment,treatment,20260728_operand_rate_v2_final_reduction_session02_BCA_reduction_fp32_b1_r0_treatment_1785246184859,45,182929.75051495599,182929.75188899101,182929.7512019735,0.0013740350259467959,11.432729043503059,10337003147,true,true,5dff3859ad319cb37301e68cfc6fde00723e3a42110ca93adb44c05e97098167
softmax_whole_stage_atc_trace_v1,softmax_whole_stage_operand_rate_atc,softmax_whole_stage_operand_rate_atc_v2,20260728_operand_rate_v2_final_reduction_session02_BCA,reduction,fp32,20260728_operand_rate_v2_final_reduction_session02_BCA_reduction_fp32,1,0,20260728_operand_rate_v2_final_reduction_session02_BCA_reduction_fp32_b1_r0_treatment,treatment,treatment,20260728_operand_rate_v2_final_reduction_session02_BCA_reduction_fp32_b1_r0_treatment_1785246184859,46,182930.00466322401,182930.00605322499,182930.0053582245,0.0013900009798817337,11.686885294504464,10337047257,true,true,5dff3859ad319cb37301e68cfc6fde00723e3a42110ca93adb44c05e97098167
softmax_whole_stage_atc_trace_v1,softmax_whole_stage_operand_rate_atc,softmax_whole_stage_operand_rate_atc_v2,20260728_operand_rate_v2_final_reduction_session02_BCA,reduction,fp32,20260728_operand_rate_v2_final_reduction_session02_BCA_reduction_fp32,1,0,20260728_operand_rate_v2_final_reduction_session02_BCA_reduction_fp32_b1_r0_treatment,treatment,treatment,20260728_operand_rate_v2_final_reduction_session02_BCA_reduction_fp32_b1_r0_treatment_1785246184859,47,182930.257348151,182930.25876448699,182930.258056319,0.0014163359883241355,11.9395833890012,10337111360,true,true,5dff3859ad319cb37301e68cfc6fde00723e3a42110ca93adb44c05e97098167
softmax_whole_stage_atc_trace_v1,softmax_whole_stage_operand_rate_atc,softmax_whole_stage_operand_rate_atc_v2,20260728_operand_rate_v2_final_reduction_session02_BCA,reduction,fp32,20260728_operand_rate_v2_final_reduction_session02_BCA_reduction_fp32,1,0,20260728_operand_rate_v2_final_reduction_session02_BCA_reduction_fp32_b1_r0_treatment,treatment,treatment,20260728_operand_rate_v2_final_reduction_session02_BCA_reduction_fp32_b1_r0_treatment_1785246184859,48,182930.51166068701,182930.51305315999,182930.51235692349,0.0013924729719292372,12.193883993488271,10337155034,true,true,5dff3859ad319cb37301e68cfc6fde00723e3a42110ca93adb44c05e97098167
softmax_whole_stage_atc_trace_v1,softmax_whole_stage_operand_rate_atc,softmax_whole_stage_operand_rate_atc_v2,20260728_operand_rate_v2_final_reduction_session02_BCA,reduction,fp32,20260728_operand_rate_v2_final_reduction_session02_BCA_reduction_fp32,1,0,20260728_operand_rate_v2_final_reduction_session02_BCA_reduction_fp32_b1_r0_treatment,treatment,treatment,20260728_operand_rate_v2_final_reduction_session02_BCA_reduction_fp32_b1_r0_treatment_1785246184859,49,182930.765982426,182930.767361551,182930.7666719885,0.0013791249948553741,12.448199058504542,10337218671,true,true,5dff3859ad319cb37301e68cfc6fde00723e3a42110ca93adb44c05e97098167
softmax_whole_stage_atc_trace_v1,softmax_whole_stage_operand_rate_atc,softmax_whole_stage_operand_rate_atc_v2,20260728_operand_rate_v2_final_reduction_session02_BCA,reduction,fp32,20260728_operand_rate_v2_final_reduction_session02_BCA_reduction_fp32,1,0,20260728_operand_rate_v2_final_reduction_session02_BCA_reduction_fp32_b1_r0_treatment,treatment,treatment,20260728_operand_rate_v2_final_reduction_session02_BCA_reduction_fp32_b1_r0_treatment_1785246184859,50,182931.02029890599,182931.02410017099,182931.02219953848,0.0038012650038581342,12.703726608480792,10337261584,true,true,5dff3859ad319cb37301e68cfc6fde00723e3a42110ca93adb44c05e97098167
softmax_whole_stage_atc_trace_v1,softmax_whole_stage_operand_rate_atc,softmax_whole_stage_operand_rate_atc_v2,20260728_operand_rate_v2_final_reduction_session02_BCA,reduction,fp32,20260728_operand_rate_v2_final_reduction_session02_BCA_reduction_fp32,1,0,20260728_operand_rate_v2_final_reduction_session02_BCA_reduction_fp32_b1_r0_treatment,treatment,treatment,20260728_operand_rate_v2_final_reduction_session02_BCA_reduction_fp32_b1_r0_treatment_1785246184859,51,182931.27699798901,182931.278395417,182931.27769670301,0.0013974279863759875,12.959223773010308,10337328572,true,true,5dff3859ad319cb37301e68cfc6fde00723e3a42110ca93adb44c05e97098167
softmax_whole_stage_atc_trace_v1,softmax_whole_stage_operand_rate_atc,softmax_whole_stage_operand_rate_atc_v2,20260728_operand_rate_v2_final_reduction_session02_BCA,reduction,fp32,20260728_operand_rate_v2_final_reduction_session02_BCA_reduction_fp32,1,0,20260728_operand_rate_v2_final_reduction_session02_BCA_reduction_fp32_b1_r0_treatment,treatment,treatment,20260728_operand_rate_v2_final_reduction_session02_BCA_reduction_fp32_b1_r0_treatment_1785246184859,52,182931.52946080599,182931.53083396499,182931.53014738549,0.0013731590006500483,13.211674455495086,10337370334,true,false,5dff3859ad319cb37301e68cfc6fde00723e3a42110ca93adb44c05e97098167
softmax_whole_stage_atc_trace_v1,softmax_whole_stage_operand_rate_atc,softmax_whole_stage_operand_rate_atc_v2,20260728_operand_rate_v2_final_reduction_session02_BCA,reduction,fp32,20260728_operand_rate_v2_final_reduction_session02_BCA_reduction_fp32,1,0,20260728_operand_rate_v2_final_reduction_session02_BCA_reduction_fp32_b1_r0_treatment,treatment,treatment,20260728_operand_rate_v2_final_reduction_session02_BCA_reduction_fp32_b1_r0_treatment_1785246184859,53,182931.783757973,182931.78524114599,182931.78449955949,0.0014831729931756854,13.4660266294959,10337436712,true,false,5dff3859ad319cb37301e68cfc6fde00723e3a42110ca93adb44c05e97098167
softmax_whole_stage_atc_trace_v1,softmax_whole_stage_operand_rate_atc,softmax_whole_stage_operand_rate_atc_v2,20260728_operand_rate_v2_final_reduction_session02_BCA,reduction,fp32,20260728_operand_rate_v2_final_reduction_session02_BCA_reduction_fp32,1,0,20260728_operand_rate_v2_final_reduction_session02_BCA_reduction_fp32_b1_r0_treatment,treatment,treatment,20260728_operand_rate_v2_final_reduction_session02_BCA_reduction_fp32_b1_r0_treatment_1785246184859,54,182932.038149178,182932.03952081999,182932.038834999,0.0013716419925913215,13.720362068997929,10337464606,true,false,5dff3859ad319cb37301e68cfc6fde00723e3a42110ca93adb44c05e97098167
softmax_whole_stage_atc_trace_v1,softmax_whole_stage_operand_rate_atc,softmax_whole_stage_operand_rate_atc_v2,20260728_operand_rate_v2_final_reduction_session02_BCA,reduction,fp32,20260728_operand_rate_v2_final_reduction_session02_BCA_reduction_fp32,1,0,20260728_operand_rate_v2_final_reduction_session02_BCA_reduction_fp32_b1_r0_treatment,treatment,treatment,20260728_operand_rate_v2_final_reduction_session02_BCA_reduction_fp32_b1_r0_treatment_1785246184859,55,182932.03952729201,182932.040721678,182932.04012448501,0.0011943859863094985,13.721651555009885,10337464606,false,false,5dff3859ad319cb37301e68cfc6fde00723e3a42110ca93adb44c05e97098167
softmax_whole_stage_atc_trace_v1,softmax_whole_stage_operand_rate_atc,softmax_whole_stage_operand_rate_atc_v2,20260728_operand_rate_v2_final_reduction_session02_BCA,reduction,fp32,20260728_operand_rate_v2_final_reduction_session02_BCA_reduction_fp32,1,1,20260728_operand_rate_v2_final_reduction_session02_BCA_reduction_fp32_b1_r1_control,control,control,20260728_operand_rate_v2_final_reduction_session02_BCA_reduction_fp32_b1_r1_control_1785246199192,0,182933.073677915,182933.074947733,182933.074312824,0.0012698179925791919,0.00069648900534957647,10337610789,false,false,5dff3859ad319cb37301e68cfc6fde00723e3a42110ca93adb44c05e97098167
softmax_whole_stage_atc_trace_v1,softmax_whole_stage_operand_rate_atc,softmax_whole_stage_operand_rate_atc_v2,20260728_operand_rate_v2_final_reduction_session02_BCA,reduction,fp32,20260728_operand_rate_v2_final_reduction_session02_BCA_reduction_fp32,1,1,20260728_operand_rate_v2_final_reduction_session02_BCA_reduction_fp32_b1_r1_control,control,control,20260728_operand_rate_v2_final_reduction_session02_BCA_reduction_fp32_b1_r1_control_1785246199192,1,182933.32536577599,182933.328952674,182933.32715922501,0.0035868980048689991,0.25354289001552388,10337654489,true,false,5dff3859ad319cb37301e68cfc6fde00723e3a42110ca93adb44c05e97098167
softmax_whole_stage_atc_trace_v1,softmax_whole_stage_operand_rate_atc,softmax_whole_stage_operand_rate_atc_v2,20260728_operand_rate_v2_final_reduction_session02_BCA,reduction,fp32,20260728_operand_rate_v2_final_reduction_session02_BCA_reduction_fp32,1,1,20260728_operand_rate_v2_final_reduction_session02_BCA_reduction_fp32_b1_r1_control,control,control,20260728_operand_rate_v2_final_reduction_session02_BCA_reduction_fp32_b1_r1_control_1785246199192,2,182933.58006548701,182933.58145694801,182933.58076121751,0.0013914610026404262,0.50714488251833245,10337726157,true,false,5dff3859ad319cb37301e68cfc6fde00723e3a42110ca93adb44c05e97098167
softmax_whole_stage_atc_trace_v1,softmax_whole_stage_operand_rate_atc,softmax_whole_stage_operand_rate_atc_v2,20260728_operand_rate_v2_final_reduction_session02_BCA,reduction,fp32,20260728_operand_rate_v2_final_reduction_session02_BCA_reduction_fp32,1,1,20260728_operand_rate_v2_final_reduction_session02_BCA_reduction_fp32_b1_r1_control,control,control,20260728_operand_rate_v2_final_reduction_session02_BCA_reduction_fp32_b1_r1_control_1785246199192,3,182933.83442929,182933.835911756,182933.835170523,0.0014824660029262304,0.76155418800772168,10337771361,true,true,5dff3859ad319cb37301e68cfc6fde00723e3a42110ca93adb44c05e97098167
softmax_whole_stage_atc_trace_v1,softmax_whole_stage_operand_rate_atc,softmax_whole_stage_operand_rate_atc_v2,20260728_operand_rate_v2_final_reduction_session02_BCA,reduction,fp32,20260728_operand_rate_v2_final_reduction_session02_BCA_reduction_fp32,1,1,20260728_operand_rate_v2_final_reduction_session02_BCA_reduction_fp32_b1_r1_control,control,control,20260728_operand_rate_v2_final_reduction_session02_BCA_reduction_fp32_b1_r1_control_1785246199192,4,182934.08632363001,182934.08766736501,182934.08699549752,0.00134373499895446,1.0133791625266895,10337843112,true,true,5dff3859ad319cb37301e68cfc6fde00723e3a42110ca93adb44c05e97098167
softmax_whole_stage_atc_trace_v1,softmax_whole_stage_operand_rate_atc,softmax_whole_stage_operand_rate_atc_v2,20260728_operand_rate_v2_final_reduction_session02_BCA,reduction,fp32,20260728_operand_rate_v2_final_reduction_session02_BCA_reduction_fp32,1,1,20260728_operand_rate_v2_final_reduction_session02_BCA_reduction_fp32_b1_r1_control,control,control,20260728_operand_rate_v2_final_reduction_session02_BCA_reduction_fp32_b1_r1_control_1785246199192,5,182934.33829077499,182934.339760904,182934.33902583949,0.0014701290056109428,1.2654095044999849,10337888221,true,true,5dff3859ad319cb37301e68cfc6fde00723e3a42110ca93adb44c05e97098167
softmax_whole_stage_atc_trace_v1,softmax_whole_stage_operand_rate_atc,softmax_whole_stage_operand_rate_atc_v2,20260728_operand_rate_v2_final_reduction_session02_BCA,reduction,fp32,20260728_operand_rate_v2_final_reduction_session02_BCA_reduction_fp32,1,1,20260728_operand_rate_v2_final_reduction_session02_BCA_reduction_fp32_b1_r1_control,control,control,20260728_operand_rate_v2_final_reduction_session02_BCA_reduction_fp32_b1_r1_control_1785246199192,6,182934.592687642,182934.59410155099,182934.59339459648,0.0014139089907985181,1.5197782614850439,10337960334,true,true,5dff3859ad319cb37301e68cfc6fde00723e3a42110ca93adb44c05e97098167
softmax_whole_stage_atc_trace_v1,softmax_whole_stage_operand_rate_atc,softmax_whole_stage_operand_rate_atc_v2,20260728_operand_rate_v2_final_reduction_session02_BCA,reduction,fp32,20260728_operand_rate_v2_final_reduction_session02_BCA_reduction_fp32,1,1,20260728_operand_rate_v2_final_reduction_session02_BCA_reduction_fp32_b1_r1_control,control,control,20260728_operand_rate_v2_final_reduction_session02_BCA_reduction_fp32_b1_r1_control_1785246199192,7,182934.847068331,182934.848443614,182934.8477559725,0.0013752829981967807,1.7741396375058684,10338005140,true,true,5dff3859ad319cb37301e68cfc6fde00723e3a42110ca93adb44c05e97098167
softmax_whole_stage_atc_trace_v1,softmax_whole_stage_operand_rate_atc,softmax_whole_stage_operand_rate_atc_v2,20260728_operand_rate_v2_final_reduction_session02_BCA,reduction,fp32,20260728_operand_rate_v2_final_reduction_session02_BCA_reduction_fp32,1,1,20260728_operand_rate_v2_final_reduction_session02_BCA_reduction_fp32_b1_r1_control,control,control,20260728_operand_rate_v2_final_reduction_session02_BCA_reduction_fp32_b1_r1_control_1785246199192,8,182935.101216554,182935.10265119199,182935.101933873,0.0014346379903145134,2.0283175380027387,10338076505,true,true,5dff3859ad319cb37301e68cfc6fde00723e3a42110ca93adb44c05e97098167
softmax_whole_stage_atc_trace_v1,softmax_whole_stage_operand_rate_atc,softmax_whole_stage_operand_rate_atc_v2,20260728_operand_rate_v2_final_reduction_session02_BCA,reduction,fp32,20260728_operand_rate_v2_final_reduction_session02_BCA_reduction_fp32,1,1,20260728_operand_rate_v2_final_reduction_session02_BCA_reduction_fp32_b1_r1_control,control,control,20260728_operand_rate_v2_final_reduction_session02_BCA_reduction_fp32_b1_r1_control_1785246199192,9,182935.353280365,182935.35463906499,182935.35395971499,0.0013586999848484993,2.2803433799999766,10338120669,true,true,5dff3859ad319cb37301e68cfc6fde00723e3a42110ca93adb44c05e97098167
softmax_whole_stage_atc_trace_v1,softmax_whole_stage_operand_rate_atc,softmax_whole_stage_operand_rate_atc_v2,20260728_operand_rate_v2_final_reduction_session02_BCA,reduction,fp32,20260728_operand_rate_v2_final_reduction_session02_BCA_reduction_fp32,1,1,20260728_operand_rate_v2_final_reduction_session02_BCA_reduction_fp32_b1_r1_control,control,control,20260728_operand_rate_v2_final_reduction_session02_BCA_reduction_fp32_b1_r1_control_1785246199192,10,182935.605326886,182935.60674322199,182935.60603505399,0.0014163359883241355,2.5324187189980876,10338191998,true,true,5dff3859ad319cb37301e68cfc6fde00723e3a42110ca93adb44c05e97098167
softmax_whole_stage_atc_trace_v1,softmax_whole_stage_operand_rate_atc,softmax_whole_stage_operand_rate_atc_v2,20260728_operand_rate_v2_final_reduction_session02_BCA,reduction,fp32,20260728_operand_rate_v2_final_reduction_session02_BCA_reduction_fp32,1,1,20260728_operand_rate_v2_final_reduction_session02_BCA_reduction_fp32_b1_r1_control,control,control,20260728_operand_rate_v2_final_reduction_session02_BCA_reduction_fp32_b1_r1_control_1785246199192,11,182935.859706463,182935.861163953,182935.86043520801,0.0014574899978470057,2.7868188730208203,10338236634,true,true,5dff3859ad319cb37301e68cfc6fde00723e3a42110ca93adb44c05e97098167
softmax_whole_stage_atc_trace_v1,softmax_whole_stage_operand_rate_atc,softmax_whole_stage_operand_rate_atc_v2,20260728_operand_rate_v2_final_reduction_session02_BCA,reduction,fp32,20260728_operand_rate_v2_final_reduction_session02_BCA_reduction_fp32,1,1,20260728_operand_rate_v2_final_reduction_session02_BCA_reduction_fp32_b1_r1_control,control,control,20260728_operand_rate_v2_final_reduction_session02_BCA_reduction_fp32_b1_r1_control_1785246199192,12,182936.114089882,182936.11864415999,182936.11636702099,0.0045542779844254255,3.0427506859996356,10338307911,true,true,5dff3859ad319cb37301e68cfc6fde00723e3a42110ca93adb44c05e97098167
softmax_whole_stage_atc_trace_v1,softmax_whole_stage_operand_rate_atc,softmax_whole_stage_operand_rate_atc_v2,20260728_operand_rate_v2_final_reduction_session02_BCA,reduction,fp32,20260728_operand_rate_v2_final_reduction_session02_BCA_reduction_fp32,1,1,20260728_operand_rate_v2_final_reduction_session02_BCA_reduction_fp32_b1_r1_control,control,control,20260728_operand_rate_v2_final_reduction_session02_BCA_reduction_fp32_b1_r1_control_1785246199192,13,182936.369407919,182936.370778146,182936.37009303248,0.0013702269934583455,3.2964766974910162,10338356022,true,true,5dff3859ad319cb37301e68cfc6fde00723e3a42110ca93adb44c05e97098167
softmax_whole_stage_atc_trace_v1,softmax_whole_stage_operand_rate_atc,softmax_whole_stage_operand_rate_atc_v2,20260728_operand_rate_v2_final_reduction_session02_BCA,reduction,fp32,20260728_operand_rate_v2_final_reduction_session02_BCA_reduction_fp32,1,1,20260728_operand_rate_v2_final_reduction_session02_BCA_reduction_fp32_b1_r1_control,control,control,20260728_operand_rate_v2_final_reduction_session02_BCA_reduction_fp32_b1_r1_control_1785246199192,14,182936.623748971,182936.62520625899,182936.624477615,0.0014572879881598055,3.5508612800040282,10338426469,true,true,5dff3859ad319cb37301e68cfc6fde00723e3a42110ca93adb44c05e97098167
softmax_whole_stage_atc_trace_v1,softmax_whole_stage_operand_rate_atc,softmax_whole_stage_operand_rate_atc_v2,20260728_operand_rate_v2_final_reduction_session02_BCA,reduction,fp32,20260728_operand_rate_v2_final_reduction_session02_BCA_reduction_fp32,1,1,20260728_operand_rate_v2_final_reduction_session02_BCA_reduction_fp32_b1_r1_control,control,control,20260728_operand_rate_v2_final_reduction_session02_BCA_reduction_fp32_b1_r1_control_1785246199192,15,182936.87814037799,182936.87956358999,182936.87885198399,0.0014232120011001825,3.8052356489934027,10338474401,true,true,5dff3859ad319cb37301e68cfc6fde00723e3a42110ca93adb44c05e97098167
softmax_whole_stage_atc_trace_v1,softmax_whole_stage_operand_rate_atc,softmax_whole_stage_operand_rate_atc_v2,20260728_operand_rate_v2_final_reduction_session02_BCA,reduction,fp32,20260728_operand_rate_v2_final_reduction_session02_BCA_reduction_fp32,1,1,20260728_operand_rate_v2_final_reduction_session02_BCA_reduction_fp32_b1_r1_control,control,control,20260728_operand_rate_v2_final_reduction_session02_BCA_reduction_fp32_b1_r1_control_1785246199192,16,182937.13249619299,182937.13391980901,182937.133208001,0.0014236160204745829,4.0595916660095099,10338544209,true,true,5dff3859ad319cb37301e68cfc6fde00723e3a42110ca93adb44c05e97098167
softmax_whole_stage_atc_trace_v1,softmax_whole_stage_operand_rate_atc,softmax_whole_stage_operand_rate_atc_v2,20260728_operand_rate_v2_final_reduction_session02_BCA,reduction,fp32,20260728_operand_rate_v2_final_reduction_session02_BCA_reduction_fp32,1,1,20260728_operand_rate_v2_final_reduction_session02_BCA_reduction_fp32_b1_r1_control,control,control,20260728_operand_rate_v2_final_reduction_session02_BCA_reduction_fp32_b1_r1_control_1785246199192,17,182937.385011893,182937.386415994,182937.38571394351,0.0014041009999345988,4.3120976085192524,10338591315,true,true,5dff3859ad319cb37301e68cfc6fde00723e3a42110ca93adb44c05e97098167
softmax_whole_stage_atc_trace_v1,softmax_whole_stage_operand_rate_atc,softmax_whole_stage_operand_rate_atc_v2,20260728_operand_rate_v2_final_reduction_session02_BCA,reduction,fp32,20260728_operand_rate_v2_final_reduction_session02_BCA_reduction_fp32,1,1,20260728_operand_rate_v2_final_reduction_session02_BCA_reduction_fp32_b1_r1_control,control,control,20260728_operand_rate_v2_final_reduction_session02_BCA_reduction_fp32_b1_r1_control_1785246199192,18,182937.636977015,182937.638355634,182937.6376663245,0.0013786189956590533,4.5640499895089306,10338660532,true,true,5dff3859ad319cb37301e68cfc6fde00723e3a42110ca93adb44c05e97098167
softmax_whole_stage_atc_trace_v1,softmax_whole_stage_operand_rate_atc,softmax_whole_stage_operand_rate_atc_v2,20260728_operand_rate_v2_final_reduction_session02_BCA,reduction,fp32,20260728_operand_rate_v2_final_reduction_session02_BCA_reduction_fp32,1,1,20260728_operand_rate_v2_final_reduction_session02_BCA_reduction_fp32_b1_r1_control,control,control,20260728_operand_rate_v2_final_reduction_session02_BCA_reduction_fp32_b1_r1_control_1785246199192,19,182937.888713614,182937.890132781,182937.88942319748,0.0014191670052241534,4.8158068624907173,10338707783,true,true,5dff3859ad319cb37301e68cfc6fde00723e3a42110ca93adb44c05e97098167
softmax_whole_stage_atc_trace_v1,softmax_whole_stage_operand_rate_atc,softmax_whole_stage_operand_rate_atc_v2,20260728_operand_rate_v2_final_reduction_session02_BCA,reduction,fp32,20260728_operand_rate_v2_final_reduction_session02_BCA_reduction_fp32,1,1,20260728_operand_rate_v2_final_reduction_session02_BCA_reduction_fp32_b1_r1_control,control,control,20260728_operand_rate_v2_final_reduction_session02_BCA_reduction_fp32_b1_r1_control_1785246199192,20,182938.14309612301,182938.14451983999,182938.14380798151,0.0014237169816624373,5.0701916465186514,10338777327,true,true,5dff3859ad319cb37301e68cfc6fde00723e3a42110ca93adb44c05e97098167
softmax_whole_stage_atc_trace_v1,softmax_whole_stage_operand_rate_atc,softmax_whole_stage_operand_rate_atc_v2,20260728_operand_rate_v2_final_reduction_session02_BCA,reduction,fp32,20260728_operand_rate_v2_final_reduction_session02_BCA_reduction_fp32,1,1,20260728_operand_rate_v2_final_reduction_session02_BCA_reduction_fp32_b1_r1_control,control,control,20260728_operand_rate_v2_final_reduction_session02_BCA_reduction_fp32_b1_r1_control_1785246199192,21,182938.395729051,182938.39711411399,182938.3964215825,0.0013850629911758006,5.3228052475024015,10338824346,true,true,5dff3859ad319cb37301e68cfc6fde00723e3a42110ca93adb44c05e97098167
softmax_whole_stage_atc_trace_v1,softmax_whole_stage_operand_rate_atc,softmax_whole_stage_operand_rate_atc_v2,20260728_operand_rate_v2_final_reduction_session02_BCA,reduction,fp32,20260728_operand_rate_v2_final_reduction_session02_BCA_reduction_fp32,1,1,20260728_operand_rate_v2_final_reduction_session02_BCA_reduction_fp32_b1_r1_control,control,control,20260728_operand_rate_v2_final_reduction_session02_BCA_reduction_fp32_b1_r1_control_1785246199192,22,182938.65009563,182938.65153055399,182938.65081309201,0.0014349239936564118,5.5771967570181005,10338893375,true,true,5dff3859ad319cb37301e68cfc6fde00723e3a42110ca93adb44c05e97098167
softmax_whole_stage_atc_trace_v1,softmax_whole_stage_operand_rate_atc,softmax_whole_stage_operand_rate_atc_v2,20260728_operand_rate_v2_final_reduction_session02_BCA,reduction,fp32,20260728_operand_rate_v2_final_reduction_session02_BCA_reduction_fp32,1,1,20260728_operand_rate_v2_final_reduction_session02_BCA_reduction_fp32_b1_r1_control,control,control,20260728_operand_rate_v2_final_reduction_session02_BCA_reduction_fp32_b1_r1_control_1785246199192,23,182938.90454756899,182938.90874796899,182938.90664776898,0.0042003999988082796,5.8330314339837059,10338939882,true,true,5dff3859ad319cb37301e68cfc6fde00723e3a42110ca93adb44c05e97098167
softmax_whole_stage_atc_trace_v1,softmax_whole_stage_operand_rate_atc,softmax_whole_stage_operand_rate_atc_v2,20260728_operand_rate_v2_final_reduction_session02_BCA,reduction,fp32,20260728_operand_rate_v2_final_reduction_session02_BCA_reduction_fp32,1,1,20260728_operand_rate_v2_final_reduction_session02_BCA_reduction_fp32_b1_r1_control,control,control,20260728_operand_rate_v2_final_reduction_session02_BCA_reduction_fp32_b1_r1_control_1785246199192,24,182939.159454521,182939.16087336501,182939.16016394302,0.0014188440109137446,6.0865476080216467,10339012182,true,true,5dff3859ad319cb37301e68cfc6fde00723e3a42110ca93adb44c05e97098167
softmax_whole_stage_atc_trace_v1,softmax_whole_stage_operand_rate_atc,softmax_whole_stage_operand_rate_atc_v2,20260728_operand_rate_v2_final_reduction_session02_BCA,reduction,fp32,20260728_operand_rate_v2_final_reduction_session02_BCA_reduction_fp32,1,1,20260728_operand_rate_v2_final_reduction_session02_BCA_reduction_fp32_b1_r1_control,control,control,20260728_operand_rate_v2_final_reduction_session02_BCA_reduction_fp32_b1_r1_control_1785246199192,25,182939.41231700001,182939.41425163901,182939.41328431951,0.0019346390035934746,6.3396679845172912,10339057776,true,true,5dff3859ad319cb37301e68cfc6fde00723e3a42110ca93adb44c05e97098167
softmax_whole_stage_atc_trace_v1,softmax_whole_stage_operand_rate_atc,softmax_whole_stage_operand_rate_atc_v2,20260728_operand_rate_v2_final_reduction_session02_BCA,reduction,fp32,20260728_operand_rate_v2_final_reduction_session02_BCA_reduction_fp32,1,1,20260728_operand_rate_v2_final_reduction_session02_BCA_reduction_fp32_b1_r1_control,control,control,20260728_operand_rate_v2_final_reduction_session02_BCA_reduction_fp32_b1_r1_control_1785246199192,26,182939.664518248,182939.665941238,182939.665229743,0.0014229899970814586,6.5916134080034681,10339130176,true,true,5dff3859ad319cb37301e68cfc6fde00723e3a42110ca93adb44c05e97098167
softmax_whole_stage_atc_trace_v1,softmax_whole_stage_operand_rate_atc,softmax_whole_stage_operand_rate_atc_v2,20260728_operand_rate_v2_final_reduction_session02_BCA,reduction,fp32,20260728_operand_rate_v2_final_reduction_session02_BCA_reduction_fp32,1,1,20260728_operand_rate_v2_final_reduction_session02_BCA_reduction_fp32_b1_r1_control,control,control,20260728_operand_rate_v2_final_reduction_session02_BCA_reduction_fp32_b1_r1_control_1785246199192,27,182939.91896523201,182939.92038721,182939.919676221,0.001421977998688817,6.8460598860110622,10339175911,true,true,5dff3859ad319cb37301e68cfc6fde00723e3a42110ca93adb44c05e97098167
softmax_whole_stage_atc_trace_v1,softmax_whole_stage_operand_rate_atc,softmax_whole_stage_operand_rate_atc_v2,20260728_operand_rate_v2_final_reduction_session02_BCA,reduction,fp32,20260728_operand_rate_v2_final_reduction_session02_BCA_reduction_fp32,1,1,20260728_operand_rate_v2_final_reduction_session02_BCA_reduction_fp32_b1_r1_control,control,control,20260728_operand_rate_v2_final_reduction_session02_BCA_reduction_fp32_b1_r1_control_1785246199192,28,182940.17090079401,182940.17233025699,182940.1716155255,0.0014294629800133407,7.097999190504197,10339248288,true,true,5dff3859ad319cb37301e68cfc6fde00723e3a42110ca93adb44c05e97098167
softmax_whole_stage_atc_trace_v1,softmax_whole_stage_operand_rate_atc,softmax_whole_stage_operand_rate_atc_v2,20260728_operand_rate_v2_final_reduction_session02_BCA,reduction,fp32,20260728_operand_rate_v2_final_reduction_session02_BCA_reduction_fp32,1,1,20260728_operand_rate_v2_final_reduction_session02_BCA_reduction_fp32_b1_r1_control,control,control,20260728_operand_rate_v2_final_reduction_session02_BCA_reduction_fp32_b1_r1_control_1785246199192,29,182940.42386612899,182940.42542494499,182940.42464553699,0.0015588160022161901,7.3510292019927874,10339293982,true,true,5dff3859ad319cb37301e68cfc6fde00723e3a42110ca93adb44c05e97098167
softmax_whole_stage_atc_trace_v1,softmax_whole_stage_operand_rate_atc,softmax_whole_stage_operand_rate_atc_v2,20260728_operand_rate_v2_final_reduction_session02_BCA,reduction,fp32,20260728_operand_rate_v2_final_reduction_session02_BCA_reduction_fp32,1,1,20260728_operand_rate_v2_final_reduction_session02_BCA_reduction_fp32_b1_r1_control,control,control,20260728_operand_rate_v2_final_reduction_session02_BCA_reduction_fp32_b1_r1_control_1785246199192,30,182940.677272114,182940.67869601501,182940.6779840645,0.0014239010051824152,7.6043677295092493,10339366724,true,true,5dff3859ad319cb37301e68cfc6fde00723e3a42110ca93adb44c05e97098167
softmax_whole_stage_atc_trace_v1,softmax_whole_stage_operand_rate_atc,softmax_whole_stage_operand_rate_atc_v2,20260728_operand_rate_v2_final_reduction_session02_BCA,reduction,fp32,20260728_operand_rate_v2_final_reduction_session02_BCA_reduction_fp32,1,1,20260728_operand_rate_v2_final_reduction_session02_BCA_reduction_fp32_b1_r1_control,control,control,20260728_operand_rate_v2_final_reduction_session02_BCA_reduction_fp32_b1_r1_control_1785246199192,31,182940.929457383,182940.93089099199,182940.9301741875,0.0014336089952848852,7.8565578525012825,10339412337,true,true,5dff3859ad319cb37301e68cfc6fde00723e3a42110ca93adb44c05e97098167
softmax_whole_stage_atc_trace_v1,softmax_whole_stage_operand_rate_atc,softmax_whole_stage_operand_rate_atc_v2,20260728_operand_rate_v2_final_reduction_session02_BCA,reduction,fp32,20260728_operand_rate_v2_final_reduction_session02_BCA_reduction_fp32,1,1,20260728_operand_rate_v2_final_reduction_session02_BCA_reduction_fp32_b1_r1_control,control,control,20260728_operand_rate_v2_final_reduction_session02_BCA_reduction_fp32_b1_r1_control_1785246199192,32,182941.182748377,182941.18412221401,182941.1834352955,0.0013738370034843683,8.1098189605108928,10339485223,true,true,5dff3859ad319cb37301e68cfc6fde00723e3a42110ca93adb44c05e97098167
softmax_whole_stage_atc_trace_v1,softmax_whole_stage_operand_rate_atc,softmax_whole_stage_operand_rate_atc_v2,20260728_operand_rate_v2_final_reduction_session02_BCA,reduction,fp32,20260728_operand_rate_v2_final_reduction_session02_BCA_reduction_fp32,1,1,20260728_operand_rate_v2_final_reduction_session02_BCA_reduction_fp32_b1_r1_control,control,control,20260728_operand_rate_v2_final_reduction_session02_BCA_reduction_fp32_b1_r1_control_1785246199192,33,182941.435787136,182941.43720254101,182941.4364948385,0.0014154050149954855,8.3628785035107285,10339530878,true,true,5dff3859ad319cb37301e68cfc6fde00723e3a42110ca93adb44c05e97098167
softmax_whole_stage_atc_trace_v1,softmax_whole_stage_operand_rate_atc,softmax_whole_stage_operand_rate_atc_v2,20260728_operand_rate_v2_final_reduction_session02_BCA,reduction,fp32,20260728_operand_rate_v2_final_reduction_session02_BCA_reduction_fp32,1,1,20260728_operand_rate_v2_final_reduction_session02_BCA_reduction_fp32_b1_r1_control,control,control,20260728_operand_rate_v2_final_reduction_session02_BCA_reduction_fp32_b1_r1_control_1785246199192,34,182941.687328773,182941.68866154901,182941.68799516099,0.0013327760098036379,8.6143788259942085,10339603500,true,true,5dff3859ad319cb37301e68cfc6fde00723e3a42110ca93adb44c05e97098167
softmax_whole_stage_atc_trace_v1,softmax_whole_stage_operand_rate_atc,softmax_whole_stage_operand_rate_atc_v2,20260728_operand_rate_v2_final_reduction_session02_BCA,reduction,fp32,20260728_operand_rate_v2_final_reduction_session02_BCA_reduction_fp32,1,1,20260728_operand_rate_v2_final_reduction_session02_BCA_reduction_fp32_b1_r1_control,control,control,20260728_operand_rate_v2_final_reduction_session02_BCA_reduction_fp32_b1_r1_control_1785246199192,35,182941.94119280501,182941.94265240699,182941.941922606,0.0014596019755117595,8.8683062710042577,10339649321,true,true,5dff3859ad319cb37301e68cfc6fde00723e3a42110ca93adb44c05e97098167
softmax_whole_stage_atc_trace_v1,softmax_whole_stage_operand_rate_atc,softmax_whole_stage_operand_rate_atc_v2,20260728_operand_rate_v2_final_reduction_session02_BCA,reduction,fp32,20260728_operand_rate_v2_final_reduction_session02_BCA_reduction_fp32,1,1,20260728_operand_rate_v2_final_reduction_session02_BCA_reduction_fp32_b1_r1_control,control,control,20260728_operand_rate_v2_final_reduction_session02_BCA_reduction_fp32_b1_r1_control_1785246199192,36,182942.194631458,182942.196070023,182942.19535074051,0.001438564999261871,9.1217344055185094,10339721774,true,true,5dff3859ad319cb37301e68cfc6fde00723e3a42110ca93adb44c05e97098167
softmax_whole_stage_atc_trace_v1,softmax_whole_stage_operand_rate_atc,softmax_whole_stage_operand_rate_atc_v2,20260728_operand_rate_v2_final_reduction_session02_BCA,reduction,fp32,20260728_operand_rate_v2_final_reduction_session02_BCA_reduction_fp32,1,1,20260728_operand_rate_v2_final_reduction_session02_BCA_reduction_fp32_b1_r1_control,control,control,20260728_operand_rate_v2_final_reduction_session02_BCA_reduction_fp32_b1_r1_control_1785246199192,37,182942.44785418501,182942.44926230799,182942.44855824648,0.0014081229746807367,9.3749419114901684,10339767075,true,false,5dff3859ad319cb37301e68cfc6fde00723e3a42110ca93adb44c05e97098167
softmax_whole_stage_atc_trace_v1,softmax_whole_stage_operand_rate_atc,softmax_whole_stage_operand_rate_atc_v2,20260728_operand_rate_v2_final_reduction_session02_BCA,reduction,fp32,20260728_operand_rate_v2_final_reduction_session02_BCA_reduction_fp32,1,1,20260728_operand_rate_v2_final_reduction_session02_BCA_reduction_fp32_b1_r1_control,control,control,20260728_operand_rate_v2_final_reduction_session02_BCA_reduction_fp32_b1_r1_control_1785246199192,38,182942.70131225599,182942.702698129,182942.70200519249,0.0013858730089850724,9.6283888574980665,10339839220,true,false,5dff3859ad319cb37301e68cfc6fde00723e3a42110ca93adb44c05e97098167
softmax_whole_stage_atc_trace_v1,softmax_whole_stage_operand_rate_atc,softmax_whole_stage_operand_rate_atc_v2,20260728_operand_rate_v2_final_reduction_session02_BCA,reduction,fp32,20260728_operand_rate_v2_final_reduction_session02_BCA_reduction_fp32,1,1,20260728_operand_rate_v2_final_reduction_session02_BCA_reduction_fp32_b1_r1_control,control,control,20260728_operand_rate_v2_final_reduction_session02_BCA_reduction_fp32_b1_r1_control_1785246199192,39,182942.95599498801,182942.958403553,182942.95719927049,0.0024085649929475039,9.8835829354939051,10339883304,true,false,5dff3859ad319cb37301e68cfc6fde00723e3a42110ca93adb44c05e97098167
softmax_whole_stage_atc_trace_v1,softmax_whole_stage_operand_rate_atc,softmax_whole_stage_operand_rate_atc_v2,20260728_operand_rate_v2_final_reduction_session02_BCA,reduction,fp32,20260728_operand_rate_v2_final_reduction_session02_BCA_reduction_fp32,1,1,20260728_operand_rate_v2_final_reduction_session02_BCA_reduction_fp32_b1_r1_control,control,control,20260728_operand_rate_v2_final_reduction_session02_BCA_reduction_fp32_b1_r1_control_1785246199192,40,182942.958425702,182942.96041212301,182942.95941891251,0.0019864210044033825,9.8858025775116403,10339883304,false,false,5dff3859ad319cb37301e68cfc6fde00723e3a42110ca93adb44c05e97098167
softmax_whole_stage_atc_trace_v1,softmax_whole_stage_operand_rate_atc,softmax_whole_stage_operand_rate_atc_v2,20260728_operand_rate_v2_final_reduction_session02_BCA,reduction,fp32,20260728_operand_rate_v2_final_reduction_session02_BCA_reduction_fp32,1,2,20260728_operand_rate_v2_final_reduction_session02_BCA_reduction_fp32_b1_r2_treatment,treatment,treatment,20260728_operand_rate_v2_final_reduction_session02_BCA_reduction_fp32_b1_r2_treatment_1785246210113,0,182943.98945897099,182943.99065491001,182943.9900569405,0.0011959390249103308,0.0006445934996008873,10340031497,false,false,5dff3859ad319cb37301e68cfc6fde00723e3a42110ca93adb44c05e97098167
softmax_whole_stage_atc_trace_v1,softmax_whole_stage_operand_rate_atc,softmax_whole_stage_operand_rate_atc_v2,20260728_operand_rate_v2_final_reduction_session02_BCA,reduction,fp32,20260728_operand_rate_v2_final_reduction_session02_BCA_reduction_fp32,1,2,20260728_operand_rate_v2_final_reduction_session02_BCA_reduction_fp32_b1_r2_treatment,treatment,treatment,20260728_operand_rate_v2_final_reduction_session02_BCA_reduction_fp32_b1_r2_treatment_1785246210113,1,182944.24197141599,182944.24721220601,182944.244591811,0.0052407900220714509,0.25517946400213987,10340072770,true,false,5dff3859ad319cb37301e68cfc6fde00723e3a42110ca93adb44c05e97098167
softmax_whole_stage_atc_trace_v1,softmax_whole_stage_operand_rate_atc,softmax_whole_stage_operand_rate_atc_v2,20260728_operand_rate_v2_final_reduction_session02_BCA,reduction,fp32,20260728_operand_rate_v2_final_reduction_session02_BCA_reduction_fp32,1,2,20260728_operand_rate_v2_final_reduction_session02_BCA_reduction_fp32_b1_r2_treatment,treatment,treatment,20260728_operand_rate_v2_final_reduction_session02_BCA_reduction_fp32_b1_r2_treatment_1785246210113,2,182944.50022052301,182944.501600733,182944.500910628,0.0013802099856548011,0.51149828100460581,10340139610,true,false,5dff3859ad319cb37301e68cfc6fde00723e3a42110ca93adb44c05e97098167
softmax_whole_stage_atc_trace_v1,softmax_whole_stage_operand_rate_atc,softmax_whole_stage_operand_rate_atc_v2,20260728_operand_rate_v2_final_reduction_session02_BCA,reduction,fp32,20260728_operand_rate_v2_final_reduction_session02_BCA_reduction_fp32,1,2,20260728_operand_rate_v2_final_reduction_session02_BCA_reduction_fp32_b1_r2_treatment,treatment,treatment,20260728_operand_rate_v2_final_reduction_session02_BCA_reduction_fp32_b1_r2_treatment_1785246210113,3,182944.751914775,182944.76059359699,182944.75625418598,0.0086788219923619181,0.76684183898032643,10340181302,true,true,5dff3859ad319cb37301e68cfc6fde00723e3a42110ca93adb44c05e97098167
softmax_whole_stage_atc_trace_v1,softmax_whole_stage_operand_rate_atc,softmax_whole_stage_operand_rate_atc_v2,20260728_operand_rate_v2_final_reduction_session02_BCA,reduction,fp32,20260728_operand_rate_v2_final_reduction_session02_BCA_reduction_fp32,1,2,20260728_operand_rate_v2_final_reduction_session02_BCA_reduction_fp32_b1_r2_treatment,treatment,treatment,20260728_operand_rate_v2_final_reduction_session02_BCA_reduction_fp32_b1_r2_treatment_1785246210113,4,182945.01202964701,182945.015572053,182945.01380085002,0.0035424059897195548,1.0243885030213278,10340247413,true,true,5dff3859ad319cb37301e68cfc6fde00723e3a42110ca93adb44c05e97098167
softmax_whole_stage_atc_trace_v1,softmax_whole_stage_operand_rate_atc,softmax_whole_stage_operand_rate_atc_v2,20260728_operand_rate_v2_final_reduction_session02_BCA,reduction,fp32,20260728_operand_rate_v2_final_reduction_session02_BCA_reduction_fp32,1,2,20260728_operand_rate_v2_final_reduction_session02_BCA_reduction_fp32_b1_r2_treatment,treatment,treatment,20260728_operand_rate_v2_final_reduction_session02_BCA_reduction_fp32_b1_r2_treatment_1785246210113,5,182945.265921493,182945.26727621499,182945.26659885398,0.0013547219859901816,1.2771865069807973,10340291953,true,true,5dff3859ad319cb37301e68cfc6fde00723e3a42110ca93adb44c05e97098167
softmax_whole_stage_atc_trace_v1,softmax_whole_stage_operand_rate_atc,softmax_whole_stage_operand_rate_atc_v2,20260728_operand_rate_v2_final_reduction_session02_BCA,reduction,fp32,20260728_operand_rate_v2_final_reduction_session02_BCA_reduction_fp32,1,2,20260728_operand_rate_v2_final_reduction_session02_BCA_reduction_fp32_b1_r2_treatment,treatment,treatment,20260728_operand_rate_v2_final_reduction_session02_BCA_reduction_fp32_b1_r2_treatment_1785246210113,6,182945.52021485,182945.52157735999,182945.52089610498,0.0013625099963974208,1.5314837579790037,10340357155,true,true,5dff3859ad319cb37301e68cfc6fde00723e3a42110ca93adb44c05e97098167
softmax_whole_stage_atc_trace_v1,softmax_whole_stage_operand_rate_atc,softmax_whole_stage_operand_rate_atc_v2,20260728_operand_rate_v2_final_reduction_session02_BCA,reduction,fp32,20260728_operand_rate_v2_final_reduction_session02_BCA_reduction_fp32,1,2,20260728_operand_rate_v2_final_reduction_session02_BCA_reduction_fp32_b1_r2_treatment,treatment,treatment,20260728_operand_rate_v2_final_reduction_session02_BCA_reduction_fp32_b1_r2_treatment_1785246210113,7,182945.774566562,182945.77595101899,182945.7752587905,0.0013844569912180305,1.7858464434975758,10340401519,true,true,5dff3859ad319cb37301e68cfc6fde00723e3a42110ca93adb44c05e97098167
softmax_whole_stage_atc_trace_v1,softmax_whole_stage_operand_rate_atc,softmax_whole_stage_operand_rate_atc_v2,20260728_operand_rate_v2_final_reduction_session02_BCA,reduction,fp32,20260728_operand_rate_v2_final_reduction_session02_BCA_reduction_fp32,1,2,20260728_operand_rate_v2_final_reduction_session02_BCA_reduction_fp32_b1_r2_treatment,treatment,treatment,20260728_operand_rate_v2_final_reduction_session02_BCA_reduction_fp32_b1_r2_treatment_1785246210113,8,182946.027687141,182946.02907271101,182946.02837992599,0.0013855700090061873,2.0389675789920148,10340465901,true,true,5dff3859ad319cb37301e68cfc6fde00723e3a42110ca93adb44c05e97098167
softmax_whole_stage_atc_trace_v1,softmax_whole_stage_operand_rate_atc,softmax_whole_stage_operand_rate_atc_v2,20260728_operand_rate_v2_final_reduction_session02_BCA,reduction,fp32,20260728_operand_rate_v2_final_reduction_session02_BCA_reduction_fp32,1,2,20260728_operand_rate_v2_final_reduction_session02_BCA_reduction_fp32_b1_r2_treatment,treatment,treatment,20260728_operand_rate_v2_final_reduction_session02_BCA_reduction_fp32_b1_r2_treatment_1785246210113,9,182946.28201963799,182946.28336950601,182946.282694572,0.0013498680200427771,2.2932822250004392,10340509782,true,true,5dff3859ad319cb37301e68cfc6fde00723e3a42110ca93adb44c05e97098167
softmax_whole_stage_atc_trace_v1,softmax_whole_stage_operand_rate_atc,softmax_whole_stage_operand_rate_atc_v2,20260728_operand_rate_v2_final_reduction_session02_BCA,reduction,fp32,20260728_operand_rate_v2_final_reduction_session02_BCA_reduction_fp32,1,2,20260728_operand_rate_v2_final_reduction_session02_BCA_reduction_fp32_b1_r2_treatment,treatment,treatment,20260728_operand_rate_v2_final_reduction_session02_BCA_reduction_fp32_b1_r2_treatment_1785246210113,10,182946.53640965,182946.53778737201,182946.53709851101,0.0013777220156043768,2.5476861640054267,10340573677,true,true,5dff3859ad319cb37301e68cfc6fde00723e3a42110ca93adb44c05e97098167
softmax_whole_stage_atc_trace_v1,softmax_whole_stage_operand_rate_atc,softmax_whole_stage_operand_rate_atc_v2,20260728_operand_rate_v2_final_reduction_session02_BCA,reduction,fp32,20260728_operand_rate_v2_final_reduction_session02_BCA_reduction_fp32,1,2,20260728_operand_rate_v2_final_reduction_session02_BCA_reduction_fp32_b1_r2_treatment,treatment,treatment,20260728_operand_rate_v2_final_reduction_session02_BCA_reduction_fp32_b1_r2_treatment_1785246210113,11,182946.78796788599,182946.78937797699,182946.78867293149,0.0014100910048000515,2.7992605844920035,10340616708,true,true,5dff3859ad319cb37301e68cfc6fde00723e3a42110ca93adb44c05e97098167
softmax_whole_stage_atc_trace_v1,softmax_whole_stage_operand_rate_atc,softmax_whole_stage_operand_rate_atc_v2,20260728_operand_rate_v2_final_reduction_session02_BCA,reduction,fp32,20260728_operand_rate_v2_final_reduction_session02_BCA_reduction_fp32,1,2,20260728_operand_rate_v2_final_reduction_session02_BCA_reduction_fp32_b1_r2_treatment,treatment,treatment,20260728_operand_rate_v2_final_reduction_session02_BCA_reduction_fp32_b1_r2_treatment_1785246210113,12,182947.04164499999,182947.04304679701,182947.04234589852,0.0014017970243003219,3.0529335515166167,10340680353,true,true,5dff3859ad319cb37301e68cfc6fde00723e3a42110ca93adb44c05e97098167
softmax_whole_stage_atc_trace_v1,softmax_whole_stage_operand_rate_atc,softmax_whole_stage_operand_rate_atc_v2,20260728_operand_rate_v2_final_reduction_session02_BCA,reduction,fp32,20260728_operand_rate_v2_final_reduction_session02_BCA_reduction_fp32,1,2,20260728_operand_rate_v2_final_reduction_session02_BCA_reduction_fp32_b1_r2_treatment,treatment,treatment,20260728_operand_rate_v2_final_reduction_session02_BCA_reduction_fp32_b1_r2_treatment_1785246210113,13,182947.29610929801,182947.300787482,182947.29844839001,0.0046781839919276536,3.3090360430069268,10340723467,true,true,5dff3859ad319cb37301e68cfc6fde00723e3a42110ca93adb44c05e97098167
softmax_whole_stage_atc_trace_v1,softmax_whole_stage_operand_rate_atc,softmax_whole_stage_operand_rate_atc_v2,20260728_operand_rate_v2_final_reduction_session02_BCA,reduction,fp32,20260728_operand_rate_v2_final_reduction_session02_BCA_reduction_fp32,1,2,20260728_operand_rate_v2_final_reduction_session02_BCA_reduction_fp32_b1_r2_treatment,treatment,treatment,20260728_operand_rate_v2_final_reduction_session02_BCA_reduction_fp32_b1_r2_treatment_1785246210113,14,182947.55371585299,182947.555044818,182947.5543803355,0.0013289650087244809,3.5649679884954821,10340790404,true,true,5dff3859ad319cb37301e68cfc6fde00723e3a42110ca93adb44c05e97098167
softmax_whole_stage_atc_trace_v1,softmax_whole_stage_operand_rate_atc,softmax_whole_stage_operand_rate_atc_v2,20260728_operand_rate_v2_final_reduction_session02_BCA,reduction,fp32,20260728_operand_rate_v2_final_reduction_session02_BCA_reduction_fp32,1,2,20260728_operand_rate_v2_final_reduction_session02_BCA_reduction_fp32_b1_r2_treatment,treatment,treatment,20260728_operand_rate_v2_final_reduction_session02_BCA_reduction_fp32_b1_r2_treatment_1785246210113,15,182947.80804551399,182947.809406343,182947.80872592848,0.0013608290173579007,3.8193135814799462,10340832159,true,true,5dff3859ad319cb37301e68cfc6fde00723e3a42110ca93adb44c05e97098167
softmax_whole_stage_atc_trace_v1,softmax_whole_stage_operand_rate_atc,softmax_whole_stage_operand_rate_atc_v2,20260728_operand_rate_v2_final_reduction_session02_BCA,reduction,fp32,20260728_operand_rate_v2_final_reduction_session02_BCA_reduction_fp32,1,2,20260728_operand_rate_v2_final_reduction_session02_BCA_reduction_fp32_b1_r2_treatment,treatment,treatment,20260728_operand_rate_v2_final_reduction_session02_BCA_reduction_fp32_b1_r2_treatment_1785246210113,16,182948.061189242,182948.06258749799,182948.06188836999,0.0013982559903524816,4.0724760229932144,10340898491,true,true,5dff3859ad319cb37301e68cfc6fde00723e3a42110ca93adb44c05e97098167
softmax_whole_stage_atc_trace_v1,softmax_whole_stage_operand_rate_atc,softmax_whole_stage_operand_rate_atc_v2,20260728_operand_rate_v2_final_reduction_session02_BCA,reduction,fp32,20260728_operand_rate_v2_final_reduction_session02_BCA_reduction_fp32,1,2,20260728_operand_rate_v2_final_reduction_session02_BCA_reduction_fp32_b1_r2_treatment,treatment,treatment,20260728_operand_rate_v2_final_reduction_session02_BCA_reduction_fp32_b1_r2_treatment_1785246210113,17,182948.31410284399,182948.31547743001,182948.314790137,0.0013745860196650028,4.3253777899954002,10340939868,true,true,5dff3859ad319cb37301e68cfc6fde00723e3a42110ca93adb44c05e97098167
softmax_whole_stage_atc_trace_v1,softmax_whole_stage_operand_rate_atc,softmax_whole_stage_operand_rate_atc_v2,20260728_operand_rate_v2_final_reduction_session02_BCA,reduction,fp32,20260728_operand_rate_v2_final_reduction_session02_BCA_reduction_fp32,1,2,20260728_operand_rate_v2_final_reduction_session02_BCA_reduction_fp32_b1_r2_treatment,treatment,treatment,20260728_operand_rate_v2_final_reduction_session02_BCA_reduction_fp32_b1_r2_treatment_1785246210113,18,182948.56847974399,182948.56985807299,182948.56916890849,0.0013783290050923824,4.5797565614921041,10341006192,true,true,5dff3859ad319cb37301e68cfc6fde00723e3a42110ca93adb44c05e97098167
softmax_whole_stage_atc_trace_v1,softmax_whole_stage_operand_rate_atc,softmax_whole_stage_operand_rate_atc_v2,20260728_operand_rate_v2_final_reduction_session02_BCA,reduction,fp32,20260728_operand_rate_v2_final_reduction_session02_BCA_reduction_fp32,1,2,20260728_operand_rate_v2_final_reduction_session02_BCA_reduction_fp32_b1_r2_treatment,treatment,treatment,20260728_operand_rate_v2_final_reduction_session02_BCA_reduction_fp32_b1_r2_treatment_1785246210113,19,182948.82041548699,182948.82180039099,182948.821107939,0.0013849039969500154,4.831695592001779,10341047222,true,true,5dff3859ad319cb37301e68cfc6fde00723e3a42110ca93adb44c05e97098167
softmax_whole_stage_atc_trace_v1,softmax_whole_stage_operand_rate_atc,softmax_whole_stage_operand_rate_atc_v2,20260728_operand_rate_v2_final_reduction_session02_BCA,reduction,fp32,20260728_operand_rate_v2_final_reduction_session02_BCA_reduction_fp32,1,2,20260728_operand_rate_v2_final_reduction_session02_BCA_reduction_fp32_b1_r2_treatment,treatment,treatment,20260728_operand_rate_v2_final_reduction_session02_BCA_reduction_fp32_b1_r2_treatment_1785246210113,20,182949.07428843601,182949.07566191,182949.07497517299,0.0013734739914070815,5.0855628259887453,10341113412,true,true,5dff3859ad319cb37301e68cfc6fde00723e3a42110ca93adb44c05e97098167
softmax_whole_stage_atc_trace_v1,softmax_whole_stage_operand_rate_atc,softmax_whole_stage_operand_rate_atc_v2,20260728_operand_rate_v2_final_reduction_session02_BCA,reduction,fp32,20260728_operand_rate_v2_final_reduction_session02_BCA_reduction_fp32,1,2,20260728_operand_rate_v2_final_reduction_session02_BCA_reduction_fp32_b1_r2_treatment,treatment,treatment,20260728_operand_rate_v2_final_reduction_session02_BCA_reduction_fp32_b1_r2_treatment_1785246210113,21,182949.328689007,182949.33008898201,182949.32938899449,0.0013999750080984086,5.3399766474904027,10341154472,true,true,5dff3859ad319cb37301e68cfc6fde00723e3a42110ca93adb44c05e97098167
softmax_whole_stage_atc_trace_v1,softmax_whole_stage_operand_rate_atc,softmax_whole_stage_operand_rate_atc_v2,20260728_operand_rate_v2_final_reduction_session02_BCA,reduction,fp32,20260728_operand_rate_v2_final_reduction_session02_BCA_reduction_fp32,1,2,20260728_operand_rate_v2_final_reduction_session02_BCA_reduction_fp32_b1_r2_treatment,treatment,treatment,20260728_operand_rate_v2_final_reduction_session02_BCA_reduction_fp32_b1_r2_treatment_1785246210113,22,182949.58313995201,182949.586229812,182949.58468488202,0.0030898599943611771,5.5952725350216497,10341220211,true,true,5dff3859ad319cb37301e68cfc6fde00723e3a42110ca93adb44c05e97098167
softmax_whole_stage_atc_trace_v1,softmax_whole_stage_operand_rate_atc,softmax_whole_stage_operand_rate_atc_v2,20260728_operand_rate_v2_final_reduction_session02_BCA,reduction,fp32,20260728_operand_rate_v2_final_reduction_session02_BCA_reduction_fp32,1,2,20260728_operand_rate_v2_final_reduction_session02_BCA_reduction_fp32_b1_r2_treatment,treatment,treatment,20260728_operand_rate_v2_final_reduction_session02_BCA_reduction_fp32_b1_r2_treatment_1785246210113,23,182949.839256504,182949.84064707201,182949.83995178802,0.0013905680098105222,5.8505394410167355,10341264698,true,true,5dff3859ad319cb37301e68cfc6fde00723e3a42110ca93adb44c05e97098167
softmax_whole_stage_atc_trace_v1,softmax_whole_stage_operand_rate_atc,softmax_whole_stage_operand_rate_atc_v2,20260728_operand_rate_v2_final_reduction_session02_BCA,reduction,fp32,20260728_operand_rate_v2_final_reduction_session02_BCA_reduction_fp32,1,2,20260728_operand_rate_v2_final_reduction_session02_BCA_reduction_fp32_b1_r2_treatment,treatment,treatment,20260728_operand_rate_v2_final_reduction_session02_BCA_reduction_fp32_b1_r2_treatment_1785246210113,24,182950.091929763,182950.09331608299,182950.092622923,0.0013863199856132269,6.1032105759950355,10341329163,true,true,5dff3859ad319cb37301e68cfc6fde00723e3a42110ca93adb44c05e97098167
softmax_whole_stage_atc_trace_v1,softmax_whole_stage_operand_rate_atc,softmax_whole_stage_operand_rate_atc_v2,20260728_operand_rate_v2_final_reduction_session02_BCA,reduction,fp32,20260728_operand_rate_v2_final_reduction_session02_BCA_reduction_fp32,1,2,20260728_operand_rate_v2_final_reduction_session02_BCA_reduction_fp32_b1_r2_treatment,treatment,treatment,20260728_operand_rate_v2_final_reduction_session02_BCA_reduction_fp32_b1_r2_treatment_1785246210113,25,182950.34393944999,182950.34559757201,182950.34476851101,0.0016581220261286944,6.3553561640146654,10341373239,true,true,5dff3859ad319cb37301e68cfc6fde00723e3a42110ca93adb44c05e97098167
softmax_whole_stage_atc_trace_v1,softmax_whole_stage_operand_rate_atc,softmax_whole_stage_operand_rate_atc_v2,20260728_operand_rate_v2_final_reduction_session02_BCA,reduction,fp32,20260728_operand_rate_v2_final_reduction_session02_BCA_reduction_fp32,1,2,20260728_operand_rate_v2_final_reduction_session02_BCA_reduction_fp32_b1_r2_treatment,treatment,treatment,20260728_operand_rate_v2_final_reduction_session02_BCA_reduction_fp32_b1_r2_treatment_1785246210113,26,182950.598637819,182950.60113582501,182950.59988682199,0.0024980060115922242,6.6104744749900419,10341437853,true,true,5dff3859ad319cb37301e68cfc6fde00723e3a42110ca93adb44c05e97098167
softmax_whole_stage_atc_trace_v1,softmax_whole_stage_operand_rate_atc,softmax_whole_stage_operand_rate_atc_v2,20260728_operand_rate_v2_final_reduction_session02_BCA,reduction,fp32,20260728_operand_rate_v2_final_reduction_session02_BCA_reduction_fp32,1,2,20260728_operand_rate_v2_final_reduction_session02_BCA_reduction_fp32_b1_r2_treatment,treatment,treatment,20260728_operand_rate_v2_final_reduction_session02_BCA_reduction_fp32_b1_r2_treatment_1785246210113,27,182950.85420196701,182950.85553224699,182950.854867107,0.001330279977992177,6.8654547600017395,10341504095,true,true,5dff3859ad319cb37301e68cfc6fde00723e3a42110ca93adb44c05e97098167
softmax_whole_stage_atc_trace_v1,softmax_whole_stage_operand_rate_atc,softmax_whole_stage_operand_rate_atc_v2,20260728_operand_rate_v2_final_reduction_session02_BCA,reduction,fp32,20260728_operand_rate_v2_final_reduction_session02_BCA_reduction_fp32,1,2,20260728_operand_rate_v2_final_reduction_session02_BCA_reduction_fp32_b1_r2_treatment,treatment,treatment,20260728_operand_rate_v2_final_reduction_session02_BCA_reduction_fp32_b1_r2_treatment_1785246210113,28,182951.10595381199,182951.107789965,182951.10687188851,0.0018361530092079192,7.1174595415068325,10341549039,true,true,5dff3859ad319cb37301e68cfc6fde00723e3a42110ca93adb44c05e97098167
softmax_whole_stage_atc_trace_v1,softmax_whole_stage_operand_rate_atc,softmax_whole_stage_operand_rate_atc_v2,20260728_operand_rate_v2_final_reduction_session02_BCA,reduction,fp32,20260728_operand_rate_v2_final_reduction_session02_BCA_reduction_fp32,1,2,20260728_operand_rate_v2_final_reduction_session02_BCA_reduction_fp32_b1_r2_treatment,treatment,treatment,20260728_operand_rate_v2_final_reduction_session02_BCA_reduction_fp32_b1_r2_treatment_1785246210113,29,182951.35853754901,182951.35985012801,182951.35919383849,0.0013125789992045611,7.3697814914921764,10341614911,true,true,5dff3859ad319cb37301e68cfc6fde00723e3a42110ca93adb44c05e97098167
softmax_whole_stage_atc_trace_v1,softmax_whole_stage_operand_rate_atc,softmax_whole_stage_operand_rate_atc_v2,20260728_operand_rate_v2_final_reduction_session02_BCA,reduction,fp32,20260728_operand_rate_v2_final_reduction_session02_BCA_reduction_fp32,1,2,20260728_operand_rate_v2_final_reduction_session02_BCA_reduction_fp32_b1_r2_treatment,treatment,treatment,20260728_operand_rate_v2_final_reduction_session02_BCA_reduction_fp32_b1_r2_treatment_1785246210113,30,182951.61290312,182951.614348818,182951.61362596898,0.0014456979988608509,7.6242136219807435,10341659969,true,true,5dff3859ad319cb37301e68cfc6fde00723e3a42110ca93adb44c05e97098167
softmax_whole_stage_atc_trace_v1,softmax_whole_stage_operand_rate_atc,softmax_whole_stage_operand_rate_atc_v2,20260728_operand_rate_v2_final_reduction_session02_BCA,reduction,fp32,20260728_operand_rate_v2_final_reduction_session02_BCA_reduction_fp32,1,2,20260728_operand_rate_v2_final_reduction_session02_BCA_reduction_fp32_b1_r2_treatment,treatment,treatment,20260728_operand_rate_v2_final_reduction_session02_BCA_reduction_fp32_b1_r2_treatment_1785246210113,31,182951.867362663,182951.872057336,182951.8697099995,0.0046946729999035597,7.8802976525039412,10341725585,true,true,5dff3859ad319cb37301e68cfc6fde00723e3a42110ca93adb44c05e97098167
softmax_whole_stage_atc_trace_v1,softmax_whole_stage_operand_rate_atc,softmax_whole_stage_operand_rate_atc_v2,20260728_operand_rate_v2_final_reduction_session02_BCA,reduction,fp32,20260728_operand_rate_v2_final_reduction_session02_BCA_reduction_fp32,1,2,20260728_operand_rate_v2_final_reduction_session02_BCA_reduction_fp32_b1_r2_treatment,treatment,treatment,20260728_operand_rate_v2_final_reduction_session02_BCA_reduction_fp32_b1_r2_treatment_1785246210113,32,182952.122547281,182952.123910133,182952.123228707,0.0013628519955091178,8.1338163600012194,10341769754,true,true,5dff3859ad319cb37301e68cfc6fde00723e3a42110ca93adb44c05e97098167
softmax_whole_stage_atc_trace_v1,softmax_whole_stage_operand_rate_atc,softmax_whole_stage_operand_rate_atc_v2,20260728_operand_rate_v2_final_reduction_session02_BCA,reduction,fp32,20260728_operand_rate_v2_final_reduction_session02_BCA_reduction_fp32,1,2,20260728_operand_rate_v2_final_reduction_session02_BCA_reduction_fp32_b1_r2_treatment,treatment,treatment,20260728_operand_rate_v2_final_reduction_session02_BCA_reduction_fp32_b1_r2_treatment_1785246210113,33,182952.37478163201,182952.37720185,182952.37599174102,0.0024202179920393974,8.386579394020373,10341834615,true,true,5dff3859ad319cb37301e68cfc6fde00723e3a42110ca93adb44c05e97098167
softmax_whole_stage_atc_trace_v1,softmax_whole_stage_operand_rate_atc,softmax_whole_stage_operand_rate_atc_v2,20260728_operand_rate_v2_final_reduction_session02_BCA,reduction,fp32,20260728_operand_rate_v2_final_reduction_session02_BCA_reduction_fp32,1,2,20260728_operand_rate_v2_final_reduction_session02_BCA_reduction_fp32_b1_r2_treatment,treatment,treatment,20260728_operand_rate_v2_final_reduction_session02_BCA_reduction_fp32_b1_r2_treatment_1785246210113,34,182952.63024988599,182952.63174717201,182952.630998529,0.0014972860226407647,8.6415861819987185,10341878980,true,true,5dff3859ad319cb37301e68cfc6fde00723e3a42110ca93adb44c05e97098167
softmax_whole_stage_atc_trace_v1,softmax_whole_stage_operand_rate_atc,softmax_whole_stage_operand_rate_atc_v2,20260728_operand_rate_v2_final_reduction_session02_BCA,reduction,fp32,20260728_operand_rate_v2_final_reduction_session02_BCA_reduction_fp32,1,2,20260728_operand_rate_v2_final_reduction_session02_BCA_reduction_fp32_b1_r2_treatment,treatment,treatment,20260728_operand_rate_v2_final_reduction_session02_BCA_reduction_fp32_b1_r2_treatment_1785246210113,35,182952.88480441301,182952.886143696,182952.88547405449,0.0013392829860094935,8.8960617074917536,10341943407,true,true,5dff3859ad319cb37301e68cfc6fde00723e3a42110ca93adb44c05e97098167
softmax_whole_stage_atc_trace_v1,softmax_whole_stage_operand_rate_atc,softmax_whole_stage_operand_rate_atc_v2,20260728_operand_rate_v2_final_reduction_session02_BCA,reduction,fp32,20260728_operand_rate_v2_final_reduction_session02_BCA_reduction_fp32,1,2,20260728_operand_rate_v2_final_reduction_session02_BCA_reduction_fp32_b1_r2_treatment,treatment,treatment,20260728_operand_rate_v2_final_reduction_session02_BCA_reduction_fp32_b1_r2_treatment_1785246210113,36,182953.139001865,182953.140424702,182953.13971328351,0.0014228369982447475,9.1503009365114849,10341987063,true,true,5dff3859ad319cb37301e68cfc6fde00723e3a42110ca93adb44c05e97098167
softmax_whole_stage_atc_trace_v1,softmax_whole_stage_operand_rate_atc,softmax_whole_stage_operand_rate_atc_v2,20260728_operand_rate_v2_final_reduction_session02_BCA,reduction,fp32,20260728_operand_rate_v2_final_reduction_session02_BCA_reduction_fp32,1,2,20260728_operand_rate_v2_final_reduction_session02_BCA_reduction_fp32_b1_r2_treatment,treatment,treatment,20260728_operand_rate_v2_final_reduction_session02_BCA_reduction_fp32_b1_r2_treatment_1785246210113,37,182953.391558089,182953.393018353,182953.39228822099,0.0014602640003431588,9.4028758739877958,10342050907,true,true,5dff3859ad319cb37301e68cfc6fde00723e3a42110ca93adb44c05e97098167
softmax_whole_stage_atc_trace_v1,softmax_whole_stage_operand_rate_atc,softmax_whole_stage_operand_rate_atc_v2,20260728_operand_rate_v2_final_reduction_session02_BCA,reduction,fp32,20260728_operand_rate_v2_final_reduction_session02_BCA_reduction_fp32,1,2,20260728_operand_rate_v2_final_reduction_session02_BCA_reduction_fp32_b1_r2_treatment,treatment,treatment,20260728_operand_rate_v2_final_reduction_session02_BCA_reduction_fp32_b1_r2_treatment_1785246210113,38,182953.64608419201,182953.65130072,182953.64869245602,0.0052165279921609908,9.6592801090155263,10342094356,true,true,5dff3859ad319cb37301e68cfc6fde00723e3a42110ca93adb44c05e97098167
softmax_whole_stage_atc_trace_v1,softmax_whole_stage_operand_rate_atc,softmax_whole_stage_operand_rate_atc_v2,20260728_operand_rate_v2_final_reduction_session02_BCA,reduction,fp32,20260728_operand_rate_v2_final_reduction_session02_BCA_reduction_fp32,1,2,20260728_operand_rate_v2_final_reduction_session02_BCA_reduction_fp32_b1_r2_treatment,treatment,treatment,20260728_operand_rate_v2_final_reduction_session02_BCA_reduction_fp32_b1_r2_treatment_1785246210113,39,182953.90435674699,182953.90568894899,182953.90502284799,0.0013322019949555397,9.9156105009897146,10342161571,true,true,5dff3859ad319cb37301e68cfc6fde00723e3a42110ca93adb44c05e97098167
softmax_whole_stage_atc_trace_v1,softmax_whole_stage_operand_rate_atc,softmax_whole_stage_operand_rate_atc_v2,20260728_operand_rate_v2_final_reduction_session02_BCA,reduction,fp32,20260728_operand_rate_v2_final_reduction_session02_BCA_reduction_fp32,1,2,20260728_operand_rate_v2_final_reduction_session02_BCA_reduction_fp32_b1_r2_treatment,treatment,treatment,20260728_operand_rate_v2_final_reduction_session02_BCA_reduction_fp32_b1_r2_treatment_1785246210113,40,182954.156492168,182954.157812536,182954.15715235198,0.0013203679991420358,10.167740004981169,10342203354,true,true,5dff3859ad319cb37301e68cfc6fde00723e3a42110ca93adb44c05e97098167
softmax_whole_stage_atc_trace_v1,softmax_whole_stage_operand_rate_atc,softmax_whole_stage_operand_rate_atc_v2,20260728_operand_rate_v2_final_reduction_session02_BCA,reduction,fp32,20260728_operand_rate_v2_final_reduction_session02_BCA_reduction_fp32,1,2,20260728_operand_rate_v2_final_reduction_session02_BCA_reduction_fp32_b1_r2_treatment,treatment,treatment,20260728_operand_rate_v2_final_reduction_session02_BCA_reduction_fp32_b1_r2_treatment_1785246210113,41,182954.409185153,182954.410578857,182954.40988200501,0.0013937040057498962,10.420469658012735,10342270259,true,true,5dff3859ad319cb37301e68cfc6fde00723e3a42110ca93adb44c05e97098167
softmax_whole_stage_atc_trace_v1,softmax_whole_stage_operand_rate_atc,softmax_whole_stage_operand_rate_atc_v2,20260728_operand_rate_v2_final_reduction_session02_BCA,reduction,fp32,20260728_operand_rate_v2_final_reduction_session02_BCA_reduction_fp32,1,2,20260728_operand_rate_v2_final_reduction_session02_BCA_reduction_fp32_b1_r2_treatment,treatment,treatment,20260728_operand_rate_v2_final_reduction_session02_BCA_reduction_fp32_b1_r2_treatment_1785246210113,42,182954.66364825299,182954.665014442,182954.66433134751,0.0013661890116054565,10.674919000506634,10342312173,true,true,5dff3859ad319cb37301e68cfc6fde00723e3a42110ca93adb44c05e97098167
softmax_whole_stage_atc_trace_v1,softmax_whole_stage_operand_rate_atc,softmax_whole_stage_operand_rate_atc_v2,20260728_operand_rate_v2_final_reduction_session02_BCA,reduction,fp32,20260728_operand_rate_v2_final_reduction_session02_BCA_reduction_fp32,1,2,20260728_operand_rate_v2_final_reduction_session02_BCA_reduction_fp32_b1_r2_treatment,treatment,treatment,20260728_operand_rate_v2_final_reduction_session02_BCA_reduction_fp32_b1_r2_treatment_1785246210113,43,182954.91809280799,182954.919448778,182954.91877079301,0.0013559700164478272,10.929358446010156,10342378639,true,true,5dff3859ad319cb37301e68cfc6fde00723e3a42110ca93adb44c05e97098167
softmax_whole_stage_atc_trace_v1,softmax_whole_stage_operand_rate_atc,softmax_whole_stage_operand_rate_atc_v2,20260728_operand_rate_v2_final_reduction_session02_BCA,reduction,fp32,20260728_operand_rate_v2_final_reduction_session02_BCA_reduction_fp32,1,2,20260728_operand_rate_v2_final_reduction_session02_BCA_reduction_fp32_b1_r2_treatment,treatment,treatment,20260728_operand_rate_v2_final_reduction_session02_BCA_reduction_fp32_b1_r2_treatment_1785246210113,44,182955.17099816099,182955.17238084201,182955.1716895015,0.0013826810172758996,11.182277154497569,10342419826,true,true,5dff3859ad319cb37301e68cfc6fde00723e3a42110ca93adb44c05e97098167
softmax_whole_stage_atc_trace_v1,softmax_whole_stage_operand_rate_atc,softmax_whole_stage_operand_rate_atc_v2,20260728_operand_rate_v2_final_reduction_session02_BCA,reduction,fp32,20260728_operand_rate_v2_final_reduction_session02_BCA_reduction_fp32,1,2,20260728_operand_rate_v2_final_reduction_session02_BCA_reduction_fp32_b1_r2_treatment,treatment,treatment,20260728_operand_rate_v2_final_reduction_session02_BCA_reduction_fp32_b1_r2_treatment_1785246210113,45,182955.423719171,182955.42514535799,182955.4244322645,0.0014261869946494699,11.435019917495083,10342485869,true,true,5dff3859ad319cb37301e68cfc6fde00723e3a42110ca93adb44c05e97098167
softmax_whole_stage_atc_trace_v1,softmax_whole_stage_operand_rate_atc,softmax_whole_stage_operand_rate_atc_v2,20260728_operand_rate_v2_final_reduction_session02_BCA,reduction,fp32,20260728_operand_rate_v2_final_reduction_session02_BCA_reduction_fp32,1,2,20260728_operand_rate_v2_final_reduction_session02_BCA_reduction_fp32_b1_r2_treatment,treatment,treatment,20260728_operand_rate_v2_final_reduction_session02_BCA_reduction_fp32_b1_r2_treatment_1785246210113,46,182955.67819165101,182955.679694327,182955.67894298901,0.0015026759938336909,11.689530642004684,10342526943,true,true,5dff3859ad319cb37301e68cfc6fde00723e3a42110ca93adb44c05e97098167
softmax_whole_stage_atc_trace_v1,softmax_whole_stage_operand_rate_atc,softmax_whole_stage_operand_rate_atc_v2,20260728_operand_rate_v2_final_reduction_session02_BCA,reduction,fp32,20260728_operand_rate_v2_final_reduction_session02_BCA_reduction_fp32,1,2,20260728_operand_rate_v2_final_reduction_session02_BCA_reduction_fp32_b1_r2_treatment,treatment,treatment,20260728_operand_rate_v2_final_reduction_session02_BCA_reduction_fp32_b1_r2_treatment_1785246210113,47,182955.93281114,182955.93686448099,182955.93483781049,0.0040533409919589758,11.945425463491119,10342592598,true,true,5dff3859ad319cb37301e68cfc6fde00723e3a42110ca93adb44c05e97098167
softmax_whole_stage_atc_trace_v1,softmax_whole_stage_operand_rate_atc,softmax_whole_stage_operand_rate_atc_v2,20260728_operand_rate_v2_final_reduction_session02_BCA,reduction,fp32,20260728_operand_rate_v2_final_reduction_session02_BCA_reduction_fp32,1,2,20260728_operand_rate_v2_final_reduction_session02_BCA_reduction_fp32_b1_r2_treatment,treatment,treatment,20260728_operand_rate_v2_final_reduction_session02_BCA_reduction_fp32_b1_r2_treatment_1785246210113,48,182956.187413126,182956.18874248699,182956.1880778065,0.0013293609954416752,12.198665459494805,10342636948,true,true,5dff3859ad319cb37301e68cfc6fde00723e3a42110ca93adb44c05e97098167
softmax_whole_stage_atc_trace_v1,softmax_whole_stage_operand_rate_atc,softmax_whole_stage_operand_rate_atc_v2,20260728_operand_rate_v2_final_reduction_session02_BCA,reduction,fp32,20260728_operand_rate_v2_final_reduction_session02_BCA_reduction_fp32,1,2,20260728_operand_rate_v2_final_reduction_session02_BCA_reduction_fp32_b1_r2_treatment,treatment,treatment,20260728_operand_rate_v2_final_reduction_session02_BCA_reduction_fp32_b1_r2_treatment_1785246210113,49,182956.43984213899,182956.44259900201,182956.4412205705,0.0027568630175665021,12.451808223500848,10342701976,true,true,5dff3859ad319cb37301e68cfc6fde00723e3a42110ca93adb44c05e97098167
softmax_whole_stage_atc_trace_v1,softmax_whole_stage_operand_rate_atc,softmax_whole_stage_operand_rate_atc_v2,20260728_operand_rate_v2_final_reduction_session02_BCA,reduction,fp32,20260728_operand_rate_v2_final_reduction_session02_BCA_reduction_fp32,1,2,20260728_operand_rate_v2_final_reduction_session02_BCA_reduction_fp32_b1_r2_treatment,treatment,treatment,20260728_operand_rate_v2_final_reduction_session02_BCA_reduction_fp32_b1_r2_treatment_1785246210113,50,182956.69433131299,182956.69571085801,182956.6950210855,0.0013795450213365257,12.705608738498995,10342746437,true,true,5dff3859ad319cb37301e68cfc6fde00723e3a42110ca93adb44c05e97098167
softmax_whole_stage_atc_trace_v1,softmax_whole_stage_operand_rate_atc,softmax_whole_stage_operand_rate_atc_v2,20260728_operand_rate_v2_final_reduction_session02_BCA,reduction,fp32,20260728_operand_rate_v2_final_reduction_session02_BCA_reduction_fp32,1,2,20260728_operand_rate_v2_final_reduction_session02_BCA_reduction_fp32_b1_r2_treatment,treatment,treatment,20260728_operand_rate_v2_final_reduction_session02_BCA_reduction_fp32_b1_r2_treatment_1785246210113,51,182956.94630847199,182956.94838127901,182956.94734487549,0.00207280702306889,12.957932528486708,10342811293,true,true,5dff3859ad319cb37301e68cfc6fde00723e3a42110ca93adb44c05e97098167
softmax_whole_stage_atc_trace_v1,softmax_whole_stage_operand_rate_atc,softmax_whole_stage_operand_rate_atc_v2,20260728_operand_rate_v2_final_reduction_session02_BCA,reduction,fp32,20260728_operand_rate_v2_final_reduction_session02_BCA_reduction_fp32,1,2,20260728_operand_rate_v2_final_reduction_session02_BCA_reduction_fp32_b1_r2_treatment,treatment,treatment,20260728_operand_rate_v2_final_reduction_session02_BCA_reduction_fp32_b1_r2_treatment_1785246210113,52,182957.19892364999,182957.20028984,182957.19960674498,0.001366190001135692,13.210194397979649,10342855768,true,false,5dff3859ad319cb37301e68cfc6fde00723e3a42110ca93adb44c05e97098167
softmax_whole_stage_atc_trace_v1,softmax_whole_stage_operand_rate_atc,softmax_whole_stage_operand_rate_atc_v2,20260728_operand_rate_v2_final_reduction_session02_BCA,reduction,fp32,20260728_operand_rate_v2_final_reduction_session02_BCA_reduction_fp32,1,2,20260728_operand_rate_v2_final_reduction_session02_BCA_reduction_fp32_b1_r2_treatment,treatment,treatment,20260728_operand_rate_v2_final_reduction_session02_BCA_reduction_fp32_b1_r2_treatment_1785246210113,53,182957.451507363,182957.454165984,182957.4528366735,0.0026586210005916655,13.463424326502718,10342920774,true,false,5dff3859ad319cb37301e68cfc6fde00723e3a42110ca93adb44c05e97098167
softmax_whole_stage_atc_trace_v1,softmax_whole_stage_operand_rate_atc,softmax_whole_stage_operand_rate_atc_v2,20260728_operand_rate_v2_final_reduction_session02_BCA,reduction,fp32,20260728_operand_rate_v2_final_reduction_session02_BCA_reduction_fp32,1,2,20260728_operand_rate_v2_final_reduction_session02_BCA_reduction_fp32_b1_r2_treatment,treatment,treatment,20260728_operand_rate_v2_final_reduction_session02_BCA_reduction_fp32_b1_r2_treatment_1785246210113,54,182957.70626839899,182957.70831935201,182957.70729387552,0.0020509530149865896,13.717881528515136,10342952068,true,false,5dff3859ad319cb37301e68cfc6fde00723e3a42110ca93adb44c05e97098167
softmax_whole_stage_atc_trace_v1,softmax_whole_stage_operand_rate_atc,softmax_whole_stage_operand_rate_atc_v2,20260728_operand_rate_v2_final_reduction_session02_BCA,reduction,fp32,20260728_operand_rate_v2_final_reduction_session02_BCA_reduction_fp32,1,2,20260728_operand_rate_v2_final_reduction_session02_BCA_reduction_fp32_b1_r2_treatment,treatment,treatment,20260728_operand_rate_v2_final_reduction_session02_BCA_reduction_fp32_b1_r2_treatment_1785246210113,55,182957.70834039699,182957.71017796799,182957.70925918251,0.0018375710060354322,13.71984683550545,10342952068,false,false,5dff3859ad319cb37301e68cfc6fde00723e3a42110ca93adb44c05e97098167
