run_id,pair_id,role,repeat,sequence_index,sample_index,query_start_s,query_end_s,query_midpoint_s,query_latency_s,relative_to_kernel_start_s,energy_mJ,changed_from_previous,in_fit_window
softmax_1784949346860_softmax_full_f16io_f32acc_fp32_fast___expf_r0,softmax_oratc_targeted_g48s1024_confirm_v1_20260725_sess01_pos1_fp32_g48_s1024_cache_reuse_candidate_probe_g48_s00_p00,probe_before,0,0,0,138070.189614,138070.190826,138070.19022,0.00121160197887,-0.000613901007455,4773175093,false,false
softmax_1784949346860_softmax_full_f16io_f32acc_fp32_fast___expf_r0,softmax_oratc_targeted_g48s1024_confirm_v1_20260725_sess01_pos1_fp32_g48_s1024_cache_reuse_candidate_probe_g48_s00_p00,probe_before,0,0,1,138070.69167,138070.693125,138070.692397,0.0014548030158,0.501563834492,4773281924,true,false
softmax_1784949346860_softmax_full_f16io_f32acc_fp32_fast___expf_r0,softmax_oratc_targeted_g48s1024_confirm_v1_20260725_sess01_pos1_fp32_g48_s1024_cache_reuse_candidate_probe_g48_s00_p00,probe_before,0,0,2,138071.193288,138071.194697,138071.193993,0.00140939900302,1.00315898552,4773389205,true,false
softmax_1784949346860_softmax_full_f16io_f32acc_fp32_fast___expf_r0,softmax_oratc_targeted_g48s1024_confirm_v1_20260725_sess01_pos1_fp32_g48_s1024_cache_reuse_candidate_probe_g48_s00_p00,probe_before,0,0,3,138071.694811,138071.69622,138071.695515,0.00140869899769,1.50468172849,4773495987,true,true
softmax_1784949346860_softmax_full_f16io_f32acc_fp32_fast___expf_r0,softmax_oratc_targeted_g48s1024_confirm_v1_20260725_sess01_pos1_fp32_g48_s1024_cache_reuse_candidate_probe_g48_s00_p00,probe_before,0,0,4,138072.196391,138072.201105,138072.198748,0.00471409599413,2.00791422802,4773602311,true,true
softmax_1784949346860_softmax_full_f16io_f32acc_fp32_fast___expf_r0,softmax_oratc_targeted_g48s1024_confirm_v1_20260725_sess01_pos1_fp32_g48_s1024_cache_reuse_candidate_probe_g48_s00_p00,probe_before,0,0,5,138072.701276,138072.702603,138072.70194,0.00132719898829,2.5111060965,4773711736,true,true
softmax_1784949346860_softmax_full_f16io_f32acc_fp32_fast___expf_r0,softmax_oratc_targeted_g48s1024_confirm_v1_20260725_sess01_pos1_fp32_g48_s1024_cache_reuse_candidate_probe_g48_s00_p00,probe_before,0,0,6,138073.202763,138073.204139,138073.203451,0.00137639901368,3.0126171225,4773820725,true,true
softmax_1784949346860_softmax_full_f16io_f32acc_fp32_fast___expf_r0,softmax_oratc_targeted_g48s1024_confirm_v1_20260725_sess01_pos1_fp32_g48_s1024_cache_reuse_candidate_probe_g48_s00_p00,probe_before,0,0,7,138073.70426,138073.705659,138073.704959,0.00139869900886,3.5141257185,4773929654,true,true
softmax_1784949346860_softmax_full_f16io_f32acc_fp32_fast___expf_r0,softmax_oratc_targeted_g48s1024_confirm_v1_20260725_sess01_pos1_fp32_g48_s1024_cache_reuse_candidate_probe_g48_s00_p00,probe_before,0,0,8,138074.205825,138074.207271,138074.206548,0.00144639899372,4.01571442152,4774038444,true,true
softmax_1784949346860_softmax_full_f16io_f32acc_fp32_fast___expf_r0,softmax_oratc_targeted_g48s1024_confirm_v1_20260725_sess01_pos1_fp32_g48_s1024_cache_reuse_candidate_probe_g48_s00_p00,probe_before,0,0,9,138074.707401,138074.708787,138074.708094,0.00138609900023,4.51726034249,4774147114,true,true
softmax_1784949346860_softmax_full_f16io_f32acc_fp32_fast___expf_r0,softmax_oratc_targeted_g48s1024_confirm_v1_20260725_sess01_pos1_fp32_g48_s1024_cache_reuse_candidate_probe_g48_s00_p00,probe_before,0,0,10,138075.208908,138075.210275,138075.209592,0.00136699900031,5.0187581715,4774255593,true,true
softmax_1784949346860_softmax_full_f16io_f32acc_fp32_fast___expf_r0,softmax_oratc_targeted_g48s1024_confirm_v1_20260725_sess01_pos1_fp32_g48_s1024_cache_reuse_candidate_probe_g48_s00_p00,probe_before,0,0,11,138075.710404,138075.713017,138075.711711,0.00261289800983,5.52087701901,4774363445,true,true
softmax_1784949346860_softmax_full_f16io_f32acc_fp32_fast___expf_r0,softmax_oratc_targeted_g48s1024_confirm_v1_20260725_sess01_pos1_fp32_g48_s1024_cache_reuse_candidate_probe_g48_s00_p00,probe_before,0,0,12,138076.213159,138076.214618,138076.213888,0.00145910299034,6.02305482648,4774470498,true,true
softmax_1784949346860_softmax_full_f16io_f32acc_fp32_fast___expf_r0,softmax_oratc_targeted_g48s1024_confirm_v1_20260725_sess01_pos1_fp32_g48_s1024_cache_reuse_candidate_probe_g48_s00_p00,probe_before,0,0,13,138076.71475,138076.719974,138076.717362,0.00522431000718,6.52652839903,4774576863,true,true
softmax_1784949346860_softmax_full_f16io_f32acc_fp32_fast___expf_r0,softmax_oratc_targeted_g48s1024_confirm_v1_20260725_sess01_pos1_fp32_g48_s1024_cache_reuse_candidate_probe_g48_s00_p00,probe_before,0,0,14,138077.220145,138077.221569,138077.220857,0.00142380301259,7.03002302849,4774686385,true,true
softmax_1784949346860_softmax_full_f16io_f32acc_fp32_fast___expf_r0,softmax_oratc_targeted_g48s1024_confirm_v1_20260725_sess01_pos1_fp32_g48_s1024_cache_reuse_candidate_probe_g48_s00_p00,probe_before,0,0,15,138077.721707,138077.723122,138077.722414,0.00141530201654,7.531580574,4774795777,true,true
softmax_1784949346860_softmax_full_f16io_f32acc_fp32_fast___expf_r0,softmax_oratc_targeted_g48s1024_confirm_v1_20260725_sess01_pos1_fp32_g48_s1024_cache_reuse_candidate_probe_g48_s00_p00,probe_before,0,0,16,138078.223292,138078.224727,138078.224009,0.0014354029845,8.03317582549,4774904969,true,true
softmax_1784949346860_softmax_full_f16io_f32acc_fp32_fast___expf_r0,softmax_oratc_targeted_g48s1024_confirm_v1_20260725_sess01_pos1_fp32_g48_s1024_cache_reuse_candidate_probe_g48_s00_p00,probe_before,0,0,17,138078.724858,138078.72618,138078.725519,0.00132280300022,8.53468544653,4775013984,true,true
softmax_1784949346860_softmax_full_f16io_f32acc_fp32_fast___expf_r0,softmax_oratc_targeted_g48s1024_confirm_v1_20260725_sess01_pos1_fp32_g48_s1024_cache_reuse_candidate_probe_g48_s00_p00,probe_before,0,0,18,138079.226308,138079.2278,138079.227054,0.00149209698429,9.0362206315,4775122751,true,true
softmax_1784949346860_softmax_full_f16io_f32acc_fp32_fast___expf_r0,softmax_oratc_targeted_g48s1024_confirm_v1_20260725_sess01_pos1_fp32_g48_s1024_cache_reuse_candidate_probe_g48_s00_p00,probe_before,0,0,19,138079.727948,138079.729381,138079.728664,0.00143209798262,9.53783080701,4775231130,true,true
softmax_1784949346860_softmax_full_f16io_f32acc_fp32_fast___expf_r0,softmax_oratc_targeted_g48s1024_confirm_v1_20260725_sess01_pos1_fp32_g48_s1024_cache_reuse_candidate_probe_g48_s00_p00,probe_before,0,0,20,138080.229508,138080.230914,138080.230211,0.00140609798837,10.039377088,4775338981,true,true
softmax_1784949346860_softmax_full_f16io_f32acc_fp32_fast___expf_r0,softmax_oratc_targeted_g48s1024_confirm_v1_20260725_sess01_pos1_fp32_g48_s1024_cache_reuse_candidate_probe_g48_s00_p00,probe_before,0,0,21,138080.731042,138080.732402,138080.731722,0.00135999801569,10.54088834,4775446200,true,true
softmax_1784949346860_softmax_full_f16io_f32acc_fp32_fast___expf_r0,softmax_oratc_targeted_g48s1024_confirm_v1_20260725_sess01_pos1_fp32_g48_s1024_cache_reuse_candidate_probe_g48_s00_p00,probe_before,0,0,22,138081.232533,138081.233973,138081.233253,0.00143949702033,11.0424194965,4775552951,true,true
softmax_1784949346860_softmax_full_f16io_f32acc_fp32_fast___expf_r0,softmax_oratc_targeted_g48s1024_confirm_v1_20260725_sess01_pos1_fp32_g48_s1024_cache_reuse_candidate_probe_g48_s00_p00,probe_before,0,0,23,138081.734093,138081.738218,138081.736155,0.00412529401365,11.545321622,4775659535,true,false
softmax_1784949346860_softmax_full_f16io_f32acc_fp32_fast___expf_r0,softmax_oratc_targeted_g48s1024_confirm_v1_20260725_sess01_pos1_fp32_g48_s1024_cache_reuse_candidate_probe_g48_s00_p00,probe_before,0,0,24,138082.238387,138082.239707,138082.239047,0.00132059800671,12.048213202,4775768932,true,false
softmax_1784949346860_softmax_full_f16io_f32acc_fp32_fast___expf_r0,softmax_oratc_targeted_g48s1024_confirm_v1_20260725_sess01_pos1_fp32_g48_s1024_cache_reuse_candidate_probe_g48_s00_p00,probe_before,0,0,25,138082.403117,138082.404522,138082.403819,0.00140459797694,12.212985553,4775804362,true,false
softmax_1784949359082_softmax_full_f16io_f32acc_fp32_fast___expf_r0,softmax_oratc_targeted_g48s1024_confirm_v1_20260725_sess01_pos1_fp32_g48_s1024_cache_reuse_candidate_probe_g48_s00_p00,full,0,1,0,138082.411924,138082.413037,138082.41248,0.00111359899165,-0.000563499488635,4775804362,false,false
softmax_1784949359082_softmax_full_f16io_f32acc_fp32_fast___expf_r0,softmax_oratc_targeted_g48s1024_confirm_v1_20260725_sess01_pos1_fp32_g48_s1024_cache_reuse_candidate_probe_g48_s00_p00,full,0,1,1,138082.913347,138082.918052,138082.915699,0.00470569301979,0.502655505523,4775911151,true,false
softmax_1784949359082_softmax_full_f16io_f32acc_fp32_fast___expf_r0,softmax_oratc_targeted_g48s1024_confirm_v1_20260725_sess01_pos1_fp32_g48_s1024_cache_reuse_candidate_probe_g48_s00_p00,full,0,1,2,138083.418216,138083.419612,138083.418914,0.00139589799801,1.005869666,4776023602,true,false
softmax_1784949359082_softmax_full_f16io_f32acc_fp32_fast___expf_r0,softmax_oratc_targeted_g48s1024_confirm_v1_20260725_sess01_pos1_fp32_g48_s1024_cache_reuse_candidate_probe_g48_s00_p00,full,0,1,3,138083.919766,138083.921181,138083.920473,0.00141480300226,1.50742931452,4776135512,true,true
softmax_1784949359082_softmax_full_f16io_f32acc_fp32_fast___expf_r0,softmax_oratc_targeted_g48s1024_confirm_v1_20260725_sess01_pos1_fp32_g48_s1024_cache_reuse_candidate_probe_g48_s00_p00,full,0,1,4,138084.421324,138084.422739,138084.422032,0.0014147030015,2.0089875315,4776247026,true,true
softmax_1784949359082_softmax_full_f16io_f32acc_fp32_fast___expf_r0,softmax_oratc_targeted_g48s1024_confirm_v1_20260725_sess01_pos1_fp32_g48_s1024_cache_reuse_candidate_probe_g48_s00_p00,full,0,1,5,138084.922876,138084.92425,138084.923563,0.00137400301173,2.5105185695,4776357919,true,true
softmax_1784949359082_softmax_full_f16io_f32acc_fp32_fast___expf_r0,softmax_oratc_targeted_g48s1024_confirm_v1_20260725_sess01_pos1_fp32_g48_s1024_cache_reuse_candidate_probe_g48_s00_p00,full,0,1,6,138085.424417,138085.425866,138085.425142,0.00144910198287,3.012097812,4776468309,true,true
softmax_1784949359082_softmax_full_f16io_f32acc_fp32_fast___expf_r0,softmax_oratc_targeted_g48s1024_confirm_v1_20260725_sess01_pos1_fp32_g48_s1024_cache_reuse_candidate_probe_g48_s00_p00,full,0,1,7,138085.925999,138085.9274,138085.9267,0.00140060301055,3.51365557549,4776578814,true,true
softmax_1784949359082_softmax_full_f16io_f32acc_fp32_fast___expf_r0,softmax_oratc_targeted_g48s1024_confirm_v1_20260725_sess01_pos1_fp32_g48_s1024_cache_reuse_candidate_probe_g48_s00_p00,full,0,1,8,138086.427543,138086.428948,138086.428246,0.00140550298966,4.01520174349,4776690009,true,true
softmax_1784949359082_softmax_full_f16io_f32acc_fp32_fast___expf_r0,softmax_oratc_targeted_g48s1024_confirm_v1_20260725_sess01_pos1_fp32_g48_s1024_cache_reuse_candidate_probe_g48_s00_p00,full,0,1,9,138086.929142,138086.9306,138086.929871,0.00145830298425,4.51682718252,4776800930,true,true
softmax_1784949359082_softmax_full_f16io_f32acc_fp32_fast___expf_r0,softmax_oratc_targeted_g48s1024_confirm_v1_20260725_sess01_pos1_fp32_g48_s1024_cache_reuse_candidate_probe_g48_s00_p00,full,0,1,10,138087.430729,138087.43214,138087.431435,0.00141068699304,5.0183907545,4776911588,true,true
softmax_1784949359082_softmax_full_f16io_f32acc_fp32_fast___expf_r0,softmax_oratc_targeted_g48s1024_confirm_v1_20260725_sess01_pos1_fp32_g48_s1024_cache_reuse_candidate_probe_g48_s00_p00,full,0,1,11,138087.932308,138087.936317,138087.934313,0.00400816201,5.52126850901,4777021691,true,true
softmax_1784949359082_softmax_full_f16io_f32acc_fp32_fast___expf_r0,softmax_oratc_targeted_g48s1024_confirm_v1_20260725_sess01_pos1_fp32_g48_s1024_cache_reuse_candidate_probe_g48_s00_p00,full,0,1,12,138088.43645,138088.437885,138088.437168,0.00143548598862,6.02412356899,4777135352,true,true
softmax_1784949359082_softmax_full_f16io_f32acc_fp32_fast___expf_r0,softmax_oratc_targeted_g48s1024_confirm_v1_20260725_sess01_pos1_fp32_g48_s1024_cache_reuse_candidate_probe_g48_s00_p00,full,0,1,13,138088.938014,138088.939357,138088.938686,0.00134290198912,6.52564187502,4777248584,true,true
softmax_1784949359082_softmax_full_f16io_f32acc_fp32_fast___expf_r0,softmax_oratc_targeted_g48s1024_confirm_v1_20260725_sess01_pos1_fp32_g48_s1024_cache_reuse_candidate_probe_g48_s00_p00,full,0,1,14,138089.439539,138089.440922,138089.44023,0.00138360200799,7.02718645,4777361300,true,true
softmax_1784949359082_softmax_full_f16io_f32acc_fp32_fast___expf_r0,softmax_oratc_targeted_g48s1024_confirm_v1_20260725_sess01_pos1_fp32_g48_s1024_cache_reuse_candidate_probe_g48_s00_p00,full,0,1,15,138089.941063,138089.9425,138089.941782,0.0014374020102,7.52873769499,4777473763,true,true
softmax_1784949359082_softmax_full_f16io_f32acc_fp32_fast___expf_r0,softmax_oratc_targeted_g48s1024_confirm_v1_20260725_sess01_pos1_fp32_g48_s1024_cache_reuse_candidate_probe_g48_s00_p00,full,0,1,16,138090.442663,138090.44405,138090.443357,0.00138650200097,8.03031269502,4777586126,true,true
softmax_1784949359082_softmax_full_f16io_f32acc_fp32_fast___expf_r0,softmax_oratc_targeted_g48s1024_confirm_v1_20260725_sess01_pos1_fp32_g48_s1024_cache_reuse_candidate_probe_g48_s00_p00,full,0,1,17,138090.944206,138090.945653,138090.94493,0.00144680199446,8.531885715,4777698242,true,true
softmax_1784949359082_softmax_full_f16io_f32acc_fp32_fast___expf_r0,softmax_oratc_targeted_g48s1024_confirm_v1_20260725_sess01_pos1_fp32_g48_s1024_cache_reuse_candidate_probe_g48_s00_p00,full,0,1,18,138091.445798,138091.447219,138091.446509,0.00142080200021,9.03346479099,4777810199,true,true
softmax_1784949359082_softmax_full_f16io_f32acc_fp32_fast___expf_r0,softmax_oratc_targeted_g48s1024_confirm_v1_20260725_sess01_pos1_fp32_g48_s1024_cache_reuse_candidate_probe_g48_s00_p00,full,0,1,19,138091.947387,138091.948828,138091.948107,0.00144150198321,9.53506343599,4777921522,true,true
softmax_1784949359082_softmax_full_f16io_f32acc_fp32_fast___expf_r0,softmax_oratc_targeted_g48s1024_confirm_v1_20260725_sess01_pos1_fp32_g48_s1024_cache_reuse_candidate_probe_g48_s00_p00,full,0,1,20,138092.448992,138092.450374,138092.449683,0.00138240199885,10.036638987,4778032335,true,true
softmax_1784949359082_softmax_full_f16io_f32acc_fp32_fast___expf_r0,softmax_oratc_targeted_g48s1024_confirm_v1_20260725_sess01_pos1_fp32_g48_s1024_cache_reuse_candidate_probe_g48_s00_p00,full,0,1,21,138092.950539,138092.954735,138092.952637,0.00419570601662,10.539593159,4778142606,true,true
softmax_1784949359082_softmax_full_f16io_f32acc_fp32_fast___expf_r0,softmax_oratc_targeted_g48s1024_confirm_v1_20260725_sess01_pos1_fp32_g48_s1024_cache_reuse_candidate_probe_g48_s00_p00,full,0,1,22,138093.454895,138093.45629,138093.455592,0.00139550198219,11.042548387,4778256339,true,true
softmax_1784949359082_softmax_full_f16io_f32acc_fp32_fast___expf_r0,softmax_oratc_targeted_g48s1024_confirm_v1_20260725_sess01_pos1_fp32_g48_s1024_cache_reuse_candidate_probe_g48_s00_p00,full,0,1,23,138093.956427,138093.957783,138093.957105,0.00135660200613,11.544061182,4778369898,true,false
softmax_1784949359082_softmax_full_f16io_f32acc_fp32_fast___expf_r0,softmax_oratc_targeted_g48s1024_confirm_v1_20260725_sess01_pos1_fp32_g48_s1024_cache_reuse_candidate_probe_g48_s00_p00,full,0,1,24,138094.457913,138094.459249,138094.458581,0.00133560199174,12.045536933,4778483201,true,false
softmax_1784949359082_softmax_full_f16io_f32acc_fp32_fast___expf_r0,softmax_oratc_targeted_g48s1024_confirm_v1_20260725_sess01_pos1_fp32_g48_s1024_cache_reuse_candidate_probe_g48_s00_p00,full,0,1,25,138094.727902,138094.72938,138094.728641,0.00147850200301,12.315596897,4778542106,true,false
softmax_1784949371411_softmax_full_f16io_f32acc_fp32_fast___expf_r0,softmax_oratc_targeted_g48s1024_confirm_v1_20260725_sess01_pos1_fp32_g48_s1024_cache_reuse_candidate_probe_g48_s00_p00,probe_after,0,2,0,138094.740534,138094.741737,138094.741135,0.00120370200602,-0.000608750997344,4778542106,false,false
softmax_1784949371411_softmax_full_f16io_f32acc_fp32_fast___expf_r0,softmax_oratc_targeted_g48s1024_confirm_v1_20260725_sess01_pos1_fp32_g48_s1024_cache_reuse_candidate_probe_g48_s00_p00,probe_after,0,2,1,138095.242046,138095.243391,138095.242718,0.00134470101329,0.500974317518,4778643946,true,false
softmax_1784949371411_softmax_full_f16io_f32acc_fp32_fast___expf_r0,softmax_oratc_targeted_g48s1024_confirm_v1_20260725_sess01_pos1_fp32_g48_s1024_cache_reuse_candidate_probe_g48_s00_p00,probe_after,0,2,2,138095.743528,138095.744881,138095.744205,0.00135350099299,1.00246048049,4778753703,true,false
softmax_1784949371411_softmax_full_f16io_f32acc_fp32_fast___expf_r0,softmax_oratc_targeted_g48s1024_confirm_v1_20260725_sess01_pos1_fp32_g48_s1024_cache_reuse_candidate_probe_g48_s00_p00,probe_after,0,2,3,138096.245004,138096.24638,138096.245692,0.00137559999712,1.50394759799,4778863015,true,true
softmax_1784949371411_softmax_full_f16io_f32acc_fp32_fast___expf_r0,softmax_oratc_targeted_g48s1024_confirm_v1_20260725_sess01_pos1_fp32_g48_s1024_cache_reuse_candidate_probe_g48_s00_p00,probe_after,0,2,4,138096.746545,138096.747953,138096.747249,0.00140789998113,2.00550523601,4778971899,true,true
softmax_1784949371411_softmax_full_f16io_f32acc_fp32_fast___expf_r0,softmax_oratc_targeted_g48s1024_confirm_v1_20260725_sess01_pos1_fp32_g48_s1024_cache_reuse_candidate_probe_g48_s00_p00,probe_after,0,2,5,138097.248095,138097.249504,138097.248799,0.00140830100281,2.50705522849,4779080301,true,true
softmax_1784949371411_softmax_full_f16io_f32acc_fp32_fast___expf_r0,softmax_oratc_targeted_g48s1024_confirm_v1_20260725_sess01_pos1_fp32_g48_s1024_cache_reuse_candidate_probe_g48_s00_p00,probe_after,0,2,6,138097.749633,138097.753219,138097.751426,0.00358640198829,3.009681892,4779188130,true,true
softmax_1784949371411_softmax_full_f16io_f32acc_fp32_fast___expf_r0,softmax_oratc_targeted_g48s1024_confirm_v1_20260725_sess01_pos1_fp32_g48_s1024_cache_reuse_candidate_probe_g48_s00_p00,probe_after,0,2,7,138098.25334,138098.254799,138098.25407,0.00145900101052,3.51232570948,4779299934,true,true
softmax_1784949371411_softmax_full_f16io_f32acc_fp32_fast___expf_r0,softmax_oratc_targeted_g48s1024_confirm_v1_20260725_sess01_pos1_fp32_g48_s1024_cache_reuse_candidate_probe_g48_s00_p00,probe_after,0,2,8,138098.754927,138098.756292,138098.755609,0.00136570099858,4.01386529751,4779411558,true,true
softmax_1784949371411_softmax_full_f16io_f32acc_fp32_fast___expf_r0,softmax_oratc_targeted_g48s1024_confirm_v1_20260725_sess01_pos1_fp32_g48_s1024_cache_reuse_candidate_probe_g48_s00_p00,probe_after,0,2,9,138099.256418,138099.257758,138099.257088,0.00133990097675,4.51534423951,4779522984,true,true
softmax_1784949371411_softmax_full_f16io_f32acc_fp32_fast___expf_r0,softmax_oratc_targeted_g48s1024_confirm_v1_20260725_sess01_pos1_fp32_g48_s1024_cache_reuse_candidate_probe_g48_s00_p00,probe_after,0,2,10,138099.757934,138099.759336,138099.758635,0.00140260098851,5.01689085251,4779634195,true,true
softmax_1784949371411_softmax_full_f16io_f32acc_fp32_fast___expf_r0,softmax_oratc_targeted_g48s1024_confirm_v1_20260725_sess01_pos1_fp32_g48_s1024_cache_reuse_candidate_probe_g48_s00_p00,probe_after,0,2,11,138100.259459,138100.260829,138100.260144,0.00137070097844,5.51839986848,4779744993,true,true
softmax_1784949371411_softmax_full_f16io_f32acc_fp32_fast___expf_r0,softmax_oratc_targeted_g48s1024_confirm_v1_20260725_sess01_pos1_fp32_g48_s1024_cache_reuse_candidate_probe_g48_s00_p00,probe_after,0,2,12,138100.761001,138100.762804,138100.761902,0.00180340197403,6.020158306,4779855206,true,true
softmax_1784949371411_softmax_full_f16io_f32acc_fp32_fast___expf_r0,softmax_oratc_targeted_g48s1024_confirm_v1_20260725_sess01_pos1_fp32_g48_s1024_cache_reuse_candidate_probe_g48_s00_p00,probe_after,0,2,13,138101.262939,138101.26431,138101.263624,0.00137060097768,6.52188029749,4779964782,true,true
softmax_1784949371411_softmax_full_f16io_f32acc_fp32_fast___expf_r0,softmax_oratc_targeted_g48s1024_confirm_v1_20260725_sess01_pos1_fp32_g48_s1024_cache_reuse_candidate_probe_g48_s00_p00,probe_after,0,2,14,138101.764476,138101.766002,138101.765239,0.0015258009953,7.02349470949,4780096339,true,true
softmax_1784949371411_softmax_full_f16io_f32acc_fp32_fast___expf_r0,softmax_oratc_targeted_g48s1024_confirm_v1_20260725_sess01_pos1_fp32_g48_s1024_cache_reuse_candidate_probe_g48_s00_p00,probe_after,0,2,15,138102.26612,138102.267409,138102.266765,0.00128900099662,7.52502082547,4780209051,true,true
softmax_1784949371411_softmax_full_f16io_f32acc_fp32_fast___expf_r0,softmax_oratc_targeted_g48s1024_confirm_v1_20260725_sess01_pos1_fp32_g48_s1024_cache_reuse_candidate_probe_g48_s00_p00,probe_after,0,2,16,138102.767544,138102.771917,138102.76973,0.00437260398758,8.02798616301,4780321580,true,true
softmax_1784949371411_softmax_full_f16io_f32acc_fp32_fast___expf_r0,softmax_oratc_targeted_g48s1024_confirm_v1_20260725_sess01_pos1_fp32_g48_s1024_cache_reuse_candidate_probe_g48_s00_p00,probe_after,0,2,17,138103.272057,138103.273434,138103.272745,0.00137629799428,8.53100133801,4780433756,true,true
softmax_1784949371411_softmax_full_f16io_f32acc_fp32_fast___expf_r0,softmax_oratc_targeted_g48s1024_confirm_v1_20260725_sess01_pos1_fp32_g48_s1024_cache_reuse_candidate_probe_g48_s00_p00,probe_after,0,2,18,138103.773593,138103.775073,138103.774333,0.00147979799658,9.032588573,4780545741,true,true
softmax_1784949371411_softmax_full_f16io_f32acc_fp32_fast___expf_r0,softmax_oratc_targeted_g48s1024_confirm_v1_20260725_sess01_pos1_fp32_g48_s1024_cache_reuse_candidate_probe_g48_s00_p00,probe_after,0,2,19,138104.275209,138104.276651,138104.27593,0.00144239800284,9.53418556199,4780657127,true,true
softmax_1784949371411_softmax_full_f16io_f32acc_fp32_fast___expf_r0,softmax_oratc_targeted_g48s1024_confirm_v1_20260725_sess01_pos1_fp32_g48_s1024_cache_reuse_candidate_probe_g48_s00_p00,probe_after,0,2,20,138104.776763,138104.778152,138104.777458,0.00138929800596,10.035713622,4780767946,true,true
softmax_1784949371411_softmax_full_f16io_f32acc_fp32_fast___expf_r0,softmax_oratc_targeted_g48s1024_confirm_v1_20260725_sess01_pos1_fp32_g48_s1024_cache_reuse_candidate_probe_g48_s00_p00,probe_after,0,2,21,138105.278292,138105.27966,138105.278976,0.00136819799081,10.537231685,4780878286,true,true
softmax_1784949371411_softmax_full_f16io_f32acc_fp32_fast___expf_r0,softmax_oratc_targeted_g48s1024_confirm_v1_20260725_sess01_pos1_fp32_g48_s1024_cache_reuse_candidate_probe_g48_s00_p00,probe_after,0,2,22,138105.779805,138105.781245,138105.780525,0.00144029801595,11.038780769,4780988124,true,true
softmax_1784949371411_softmax_full_f16io_f32acc_fp32_fast___expf_r0,softmax_oratc_targeted_g48s1024_confirm_v1_20260725_sess01_pos1_fp32_g48_s1024_cache_reuse_candidate_probe_g48_s00_p00,probe_after,0,2,23,138106.281456,138106.282881,138106.282168,0.00142479798524,11.540423956,4781097873,true,false
softmax_1784949371411_softmax_full_f16io_f32acc_fp32_fast___expf_r0,softmax_oratc_targeted_g48s1024_confirm_v1_20260725_sess01_pos1_fp32_g48_s1024_cache_reuse_candidate_probe_g48_s00_p00,probe_after,0,2,24,138106.783009,138106.784403,138106.783706,0.00139389900141,12.0419622655,4781206966,true,false
softmax_1784949371411_softmax_full_f16io_f32acc_fp32_fast___expf_r0,softmax_oratc_targeted_g48s1024_confirm_v1_20260725_sess01_pos1_fp32_g48_s1024_cache_reuse_candidate_probe_g48_s00_p00,probe_after,0,2,25,138107.014829,138107.016143,138107.015486,0.00131379900267,12.2737421205,4781241453,true,false
softmax_1784949383693_softmax_full_f16io_f32acc_fp32_fast___expf_r1,softmax_oratc_targeted_g48s1024_confirm_v1_20260725_sess01_pos1_fp32_g48_s1024_cache_reuse_candidate_probe_g48_s00_p01,full_before,1,0,0,138107.023471,138107.024596,138107.024034,0.00112509899191,-0.000569949479541,4781241453,false,false
softmax_1784949383693_softmax_full_f16io_f32acc_fp32_fast___expf_r1,softmax_oratc_targeted_g48s1024_confirm_v1_20260725_sess01_pos1_fp32_g48_s1024_cache_reuse_candidate_probe_g48_s00_p01,full_before,1,0,1,138107.524895,138107.526218,138107.525556,0.00132299799589,0.500952471019,4781348779,true,false
softmax_1784949383693_softmax_full_f16io_f32acc_fp32_fast___expf_r1,softmax_oratc_targeted_g48s1024_confirm_v1_20260725_sess01_pos1_fp32_g48_s1024_cache_reuse_candidate_probe_g48_s00_p01,full_before,1,0,2,138108.026399,138108.03028,138108.02834,0.0038808050158,1.00373602452,4781460066,true,false
softmax_1784949383693_softmax_full_f16io_f32acc_fp32_fast___expf_r1,softmax_oratc_targeted_g48s1024_confirm_v1_20260725_sess01_pos1_fp32_g48_s1024_cache_reuse_candidate_probe_g48_s00_p01,full_before,1,0,3,138108.530414,138108.53189,138108.531152,0.00147600201308,1.50654849099,4781574970,true,true
softmax_1784949383693_softmax_full_f16io_f32acc_fp32_fast___expf_r1,softmax_oratc_targeted_g48s1024_confirm_v1_20260725_sess01_pos1_fp32_g48_s1024_cache_reuse_candidate_probe_g48_s00_p01,full_before,1,0,4,138109.032139,138109.033729,138109.032934,0.00158970197663,2.008330421,4781689269,true,true
softmax_1784949383693_softmax_full_f16io_f32acc_fp32_fast___expf_r1,softmax_oratc_targeted_g48s1024_confirm_v1_20260725_sess01_pos1_fp32_g48_s1024_cache_reuse_candidate_probe_g48_s00_p01,full_before,1,0,5,138109.533857,138109.535433,138109.534645,0.00157680301345,2.51004126048,4781803089,true,true
softmax_1784949383693_softmax_full_f16io_f32acc_fp32_fast___expf_r1,softmax_oratc_targeted_g48s1024_confirm_v1_20260725_sess01_pos1_fp32_g48_s1024_cache_reuse_candidate_probe_g48_s00_p01,full_before,1,0,6,138110.035602,138110.037038,138110.03632,0.00143630200182,3.01171641398,4781916484,true,true
softmax_1784949383693_softmax_full_f16io_f32acc_fp32_fast___expf_r1,softmax_oratc_targeted_g48s1024_confirm_v1_20260725_sess01_pos1_fp32_g48_s1024_cache_reuse_candidate_probe_g48_s00_p01,full_before,1,0,7,138110.537176,138110.538577,138110.537876,0.00140110202483,3.51327262798,4782029669,true,true
softmax_1784949383693_softmax_full_f16io_f32acc_fp32_fast___expf_r1,softmax_oratc_targeted_g48s1024_confirm_v1_20260725_sess01_pos1_fp32_g48_s1024_cache_reuse_candidate_probe_g48_s00_p01,full_before,1,0,8,138111.038742,138111.040339,138111.039541,0.0015966949868,4.0149371525,4782142732,true,true
softmax_1784949383693_softmax_full_f16io_f32acc_fp32_fast___expf_r1,softmax_oratc_targeted_g48s1024_confirm_v1_20260725_sess01_pos1_fp32_g48_s1024_cache_reuse_candidate_probe_g48_s00_p01,full_before,1,0,9,138111.540485,138111.54183,138111.541157,0.00134539499413,4.5165535635,4782255613,true,true
softmax_1784949383693_softmax_full_f16io_f32acc_fp32_fast___expf_r1,softmax_oratc_targeted_g48s1024_confirm_v1_20260725_sess01_pos1_fp32_g48_s1024_cache_reuse_candidate_probe_g48_s00_p01,full_before,1,0,10,138112.04196,138112.043354,138112.042657,0.001394196006,5.01805293901,4782368168,true,true
softmax_1784949383693_softmax_full_f16io_f32acc_fp32_fast___expf_r1,softmax_oratc_targeted_g48s1024_confirm_v1_20260725_sess01_pos1_fp32_g48_s1024_cache_reuse_candidate_probe_g48_s00_p01,full_before,1,0,11,138112.543514,138112.548673,138112.546093,0.00515868299408,5.52148976849,4782480104,true,true
softmax_1784949383693_softmax_full_f16io_f32acc_fp32_fast___expf_r1,softmax_oratc_targeted_g48s1024_confirm_v1_20260725_sess01_pos1_fp32_g48_s1024_cache_reuse_candidate_probe_g48_s00_p01,full_before,1,0,12,138113.04884,138113.05023,138113.049535,0.00138959600008,6.02493121198,4782595242,true,true
softmax_1784949383693_softmax_full_f16io_f32acc_fp32_fast___expf_r1,softmax_oratc_targeted_g48s1024_confirm_v1_20260725_sess01_pos1_fp32_g48_s1024_cache_reuse_candidate_probe_g48_s00_p01,full_before,1,0,13,138113.550321,138113.55171,138113.551016,0.00138889599475,6.52641207198,4782709867,true,true
softmax_1784949383693_softmax_full_f16io_f32acc_fp32_fast___expf_r1,softmax_oratc_targeted_g48s1024_confirm_v1_20260725_sess01_pos1_fp32_g48_s1024_cache_reuse_candidate_probe_g48_s00_p01,full_before,1,0,14,138114.051877,138114.053269,138114.052573,0.00139209599001,7.027969196,4782824002,true,true
softmax_1784949383693_softmax_full_f16io_f32acc_fp32_fast___expf_r1,softmax_oratc_targeted_g48s1024_confirm_v1_20260725_sess01_pos1_fp32_g48_s1024_cache_reuse_candidate_probe_g48_s00_p01,full_before,1,0,15,138114.553431,138114.554806,138114.554118,0.00137580200681,7.52951481499,4782938044,true,true
softmax_1784949383693_softmax_full_f16io_f32acc_fp32_fast___expf_r1,softmax_oratc_targeted_g48s1024_confirm_v1_20260725_sess01_pos1_fp32_g48_s1024_cache_reuse_candidate_probe_g48_s00_p01,full_before,1,0,16,138115.054941,138115.056339,138115.05564,0.00139830200351,8.03103614601,4783051986,true,true
softmax_1784949383693_softmax_full_f16io_f32acc_fp32_fast___expf_r1,softmax_oratc_targeted_g48s1024_confirm_v1_20260725_sess01_pos1_fp32_g48_s1024_cache_reuse_candidate_probe_g48_s00_p01,full_before,1,0,17,138115.556501,138115.558365,138115.557433,0.00186420298996,8.53282938749,4783165619,true,true
softmax_1784949383693_softmax_full_f16io_f32acc_fp32_fast___expf_r1,softmax_oratc_targeted_g48s1024_confirm_v1_20260725_sess01_pos1_fp32_g48_s1024_cache_reuse_candidate_probe_g48_s00_p01,full_before,1,0,18,138116.058546,138116.059943,138116.059245,0.00139620198752,9.03464089302,4783278740,true,true
softmax_1784949383693_softmax_full_f16io_f32acc_fp32_fast___expf_r1,softmax_oratc_targeted_g48s1024_confirm_v1_20260725_sess01_pos1_fp32_g48_s1024_cache_reuse_candidate_probe_g48_s00_p01,full_before,1,0,19,138116.560125,138116.561446,138116.560786,0.00132090199622,9.53618195801,4783414710,true,true
softmax_1784949383693_softmax_full_f16io_f32acc_fp32_fast___expf_r1,softmax_oratc_targeted_g48s1024_confirm_v1_20260725_sess01_pos1_fp32_g48_s1024_cache_reuse_candidate_probe_g48_s00_p01,full_before,1,0,20,138117.061627,138117.063038,138117.062332,0.00141090201214,10.037728386,4783530842,true,true
softmax_1784949383693_softmax_full_f16io_f32acc_fp32_fast___expf_r1,softmax_oratc_targeted_g48s1024_confirm_v1_20260725_sess01_pos1_fp32_g48_s1024_cache_reuse_candidate_probe_g48_s00_p01,full_before,1,0,21,138117.56325,138117.567289,138117.565269,0.00403860700317,10.5406657775,4783646740,true,true
softmax_1784949383693_softmax_full_f16io_f32acc_fp32_fast___expf_r1,softmax_oratc_targeted_g48s1024_confirm_v1_20260725_sess01_pos1_fp32_g48_s1024_cache_reuse_candidate_probe_g48_s00_p01,full_before,1,0,22,138118.067427,138118.068828,138118.068127,0.00140100199496,11.043523632,4783761907,true,true
softmax_1784949383693_softmax_full_f16io_f32acc_fp32_fast___expf_r1,softmax_oratc_targeted_g48s1024_confirm_v1_20260725_sess01_pos1_fp32_g48_s1024_cache_reuse_candidate_probe_g48_s00_p01,full_before,1,0,23,138118.568985,138118.570377,138118.569681,0.00139230201603,11.545077645,4783876868,true,false
softmax_1784949383693_softmax_full_f16io_f32acc_fp32_fast___expf_r1,softmax_oratc_targeted_g48s1024_confirm_v1_20260725_sess01_pos1_fp32_g48_s1024_cache_reuse_candidate_probe_g48_s00_p01,full_before,1,0,24,138119.07051,138119.071913,138119.071211,0.00140269301482,12.0466075655,4783991499,true,false
softmax_1784949383693_softmax_full_f16io_f32acc_fp32_fast___expf_r1,softmax_oratc_targeted_g48s1024_confirm_v1_20260725_sess01_pos1_fp32_g48_s1024_cache_reuse_candidate_probe_g48_s00_p01,full_before,1,0,25,138119.366287,138119.367748,138119.367018,0.00146119299461,12.3424141835,4784047426,true,false
softmax_1784949396046_softmax_full_f16io_f32acc_fp32_fast___expf_r1,softmax_oratc_targeted_g48s1024_confirm_v1_20260725_sess01_pos1_fp32_g48_s1024_cache_reuse_candidate_probe_g48_s00_p01,probe_middle,1,1,0,138119.375587,138119.376788,138119.376187,0.0012006929901,-0.000605946494034,4784047426,false,false
softmax_1784949396046_softmax_full_f16io_f32acc_fp32_fast___expf_r1,softmax_oratc_targeted_g48s1024_confirm_v1_20260725_sess01_pos1_fp32_g48_s1024_cache_reuse_candidate_probe_g48_s00_p01,probe_middle,1,1,1,138119.877223,138119.878631,138119.877927,0.0014081929985,0.501134026475,4784157238,true,false
softmax_1784949396046_softmax_full_f16io_f32acc_fp32_fast___expf_r1,softmax_oratc_targeted_g48s1024_confirm_v1_20260725_sess01_pos1_fp32_g48_s1024_cache_reuse_candidate_probe_g48_s00_p01,probe_middle,1,1,2,138120.378818,138120.380173,138120.379495,0.00135559300543,1.0027022525,4784267739,true,false
softmax_1784949396046_softmax_full_f16io_f32acc_fp32_fast___expf_r1,softmax_oratc_targeted_g48s1024_confirm_v1_20260725_sess01_pos1_fp32_g48_s1024_cache_reuse_candidate_probe_g48_s00_p01,probe_middle,1,1,3,138120.880327,138120.881722,138120.881025,0.00139449298149,1.5042314505,4784377855,true,true
softmax_1784949396046_softmax_full_f16io_f32acc_fp32_fast___expf_r1,softmax_oratc_targeted_g48s1024_confirm_v1_20260725_sess01_pos1_fp32_g48_s1024_cache_reuse_candidate_probe_g48_s00_p01,probe_middle,1,1,4,138121.381871,138121.385917,138121.383894,0.00404627999524,2.007100894,4784487415,true,true
softmax_1784949396046_softmax_full_f16io_f32acc_fp32_fast___expf_r1,softmax_oratc_targeted_g48s1024_confirm_v1_20260725_sess01_pos1_fp32_g48_s1024_cache_reuse_candidate_probe_g48_s00_p01,probe_middle,1,1,5,138121.886054,138121.887432,138121.886743,0.00137839300442,2.5099495085,4784600388,true,true
softmax_1784949396046_softmax_full_f16io_f32acc_fp32_fast___expf_r1,softmax_oratc_targeted_g48s1024_confirm_v1_20260725_sess01_pos1_fp32_g48_s1024_cache_reuse_candidate_probe_g48_s00_p01,probe_middle,1,1,6,138122.387546,138122.388938,138122.388242,0.00139200198464,3.011448323,4784712896,true,true
softmax_1784949396046_softmax_full_f16io_f32acc_fp32_fast___expf_r1,softmax_oratc_targeted_g48s1024_confirm_v1_20260725_sess01_pos1_fp32_g48_s1024_cache_reuse_candidate_probe_g48_s00_p01,probe_middle,1,1,7,138122.889062,138122.890481,138122.889771,0.00141910201637,3.51297801599,4784825299,true,true
softmax_1784949396046_softmax_full_f16io_f32acc_fp32_fast___expf_r1,softmax_oratc_targeted_g48s1024_confirm_v1_20260725_sess01_pos1_fp32_g48_s1024_cache_reuse_candidate_probe_g48_s00_p01,probe_middle,1,1,8,138123.390572,138123.391942,138123.391257,0.00136920198565,4.014463812,4784937433,true,true
softmax_1784949396046_softmax_full_f16io_f32acc_fp32_fast___expf_r1,softmax_oratc_targeted_g48s1024_confirm_v1_20260725_sess01_pos1_fp32_g48_s1024_cache_reuse_candidate_probe_g48_s00_p01,probe_middle,1,1,9,138123.892114,138123.893505,138123.89281,0.00139030101127,4.5160164285,4785049452,true,true
softmax_1784949396046_softmax_full_f16io_f32acc_fp32_fast___expf_r1,softmax_oratc_targeted_g48s1024_confirm_v1_20260725_sess01_pos1_fp32_g48_s1024_cache_reuse_candidate_probe_g48_s00_p01,probe_middle,1,1,10,138124.393618,138124.394977,138124.394297,0.00135850199149,5.01750419798,4785161069,true,true
softmax_1784949396046_softmax_full_f16io_f32acc_fp32_fast___expf_r1,softmax_oratc_targeted_g48s1024_confirm_v1_20260725_sess01_pos1_fp32_g48_s1024_cache_reuse_candidate_probe_g48_s00_p01,probe_middle,1,1,11,138124.895096,138124.896572,138124.895834,0.00147560198093,5.519040838,4785272094,true,true
softmax_1784949396046_softmax_full_f16io_f32acc_fp32_fast___expf_r1,softmax_oratc_targeted_g48s1024_confirm_v1_20260725_sess01_pos1_fp32_g48_s1024_cache_reuse_candidate_probe_g48_s00_p01,probe_middle,1,1,12,138125.396726,138125.398129,138125.397427,0.00140310198185,6.02063398101,4785382619,true,true
softmax_1784949396046_softmax_full_f16io_f32acc_fp32_fast___expf_r1,softmax_oratc_targeted_g48s1024_confirm_v1_20260725_sess01_pos1_fp32_g48_s1024_cache_reuse_candidate_probe_g48_s00_p01,probe_middle,1,1,13,138125.898336,138125.899732,138125.899034,0.00139630201738,6.52224099499,4785492559,true,true
softmax_1784949396046_softmax_full_f16io_f32acc_fp32_fast___expf_r1,softmax_oratc_targeted_g48s1024_confirm_v1_20260725_sess01_pos1_fp32_g48_s1024_cache_reuse_candidate_probe_g48_s00_p01,probe_middle,1,1,14,138126.399847,138126.404952,138126.4024,0.00510520799435,7.02560636398,4785601919,true,true
softmax_1784949396046_softmax_full_f16io_f32acc_fp32_fast___expf_r1,softmax_oratc_targeted_g48s1024_confirm_v1_20260725_sess01_pos1_fp32_g48_s1024_cache_reuse_candidate_probe_g48_s00_p01,probe_middle,1,1,15,138126.905085,138126.906444,138126.905764,0.0013595019991,7.52897105398,4785715024,true,true
softmax_1784949396046_softmax_full_f16io_f32acc_fp32_fast___expf_r1,softmax_oratc_targeted_g48s1024_confirm_v1_20260725_sess01_pos1_fp32_g48_s1024_cache_reuse_candidate_probe_g48_s00_p01,probe_middle,1,1,16,138127.406595,138127.408038,138127.407317,0.00144340100815,8.03052345951,4785827862,true,true
softmax_1784949396046_softmax_full_f16io_f32acc_fp32_fast___expf_r1,softmax_oratc_targeted_g48s1024_confirm_v1_20260725_sess01_pos1_fp32_g48_s1024_cache_reuse_candidate_probe_g48_s00_p01,probe_middle,1,1,17,138127.90809,138127.909536,138127.908813,0.00144560000626,8.53201982399,4785940564,true,true
softmax_1784949396046_softmax_full_f16io_f32acc_fp32_fast___expf_r1,softmax_oratc_targeted_g48s1024_confirm_v1_20260725_sess01_pos1_fp32_g48_s1024_cache_reuse_candidate_probe_g48_s00_p01,probe_middle,1,1,18,138128.409661,138128.411069,138128.410365,0.00140809998265,9.03357214198,4786052912,true,true
softmax_1784949396046_softmax_full_f16io_f32acc_fp32_fast___expf_r1,softmax_oratc_targeted_g48s1024_confirm_v1_20260725_sess01_pos1_fp32_g48_s1024_cache_reuse_candidate_probe_g48_s00_p01,probe_middle,1,1,19,138128.911191,138128.912685,138128.911938,0.00149349999265,9.53514502998,4786164744,true,true
softmax_1784949396046_softmax_full_f16io_f32acc_fp32_fast___expf_r1,softmax_oratc_targeted_g48s1024_confirm_v1_20260725_sess01_pos1_fp32_g48_s1024_cache_reuse_candidate_probe_g48_s00_p01,probe_middle,1,1,20,138129.412815,138129.414234,138129.413524,0.00141930099926,10.0367312215,4786276014,true,true
softmax_1784949396046_softmax_full_f16io_f32acc_fp32_fast___expf_r1,softmax_oratc_targeted_g48s1024_confirm_v1_20260725_sess01_pos1_fp32_g48_s1024_cache_reuse_candidate_probe_g48_s00_p01,probe_middle,1,1,21,138129.91436,138129.915733,138129.915047,0.00137290000566,10.538253333,4786386708,true,true
softmax_1784949396046_softmax_full_f16io_f32acc_fp32_fast___expf_r1,softmax_oratc_targeted_g48s1024_confirm_v1_20260725_sess01_pos1_fp32_g48_s1024_cache_reuse_candidate_probe_g48_s00_p01,probe_middle,1,1,22,138130.415849,138130.417263,138130.416556,0.00141380101559,11.0397628975,4786497027,true,true
softmax_1784949396046_softmax_full_f16io_f32acc_fp32_fast___expf_r1,softmax_oratc_targeted_g48s1024_confirm_v1_20260725_sess01_pos1_fp32_g48_s1024_cache_reuse_candidate_probe_g48_s00_p01,probe_middle,1,1,23,138130.917394,138130.918798,138130.918096,0.00140460100374,11.5413029325,4786607186,true,false
softmax_1784949396046_softmax_full_f16io_f32acc_fp32_fast___expf_r1,softmax_oratc_targeted_g48s1024_confirm_v1_20260725_sess01_pos1_fp32_g48_s1024_cache_reuse_candidate_probe_g48_s00_p01,probe_middle,1,1,24,138131.418933,138131.422891,138131.420912,0.003957901994,12.044119121,4786716940,true,false
softmax_1784949396046_softmax_full_f16io_f32acc_fp32_fast___expf_r1,softmax_oratc_targeted_g48s1024_confirm_v1_20260725_sess01_pos1_fp32_g48_s1024_cache_reuse_candidate_probe_g48_s00_p01,probe_middle,1,1,25,138131.666361,138131.667705,138131.667033,0.00134430098115,12.2902398475,4786774011,true,false
softmax_1784949408345_softmax_full_f16io_f32acc_fp32_fast___expf_r1,softmax_oratc_targeted_g48s1024_confirm_v1_20260725_sess01_pos1_fp32_g48_s1024_cache_reuse_candidate_probe_g48_s00_p01,full_after,1,2,0,138131.675258,138131.676342,138131.6758,0.00108419999015,-0.000547800009372,4786774011,false,false
softmax_1784949408345_softmax_full_f16io_f32acc_fp32_fast___expf_r1,softmax_oratc_targeted_g48s1024_confirm_v1_20260725_sess01_pos1_fp32_g48_s1024_cache_reuse_candidate_probe_g48_s00_p01,full_after,1,2,1,138132.176666,138132.178029,138132.177348,0.00136270100484,0.5010003075,4786885616,true,false
softmax_1784949408345_softmax_full_f16io_f32acc_fp32_fast___expf_r1,softmax_oratc_targeted_g48s1024_confirm_v1_20260725_sess01_pos1_fp32_g48_s1024_cache_reuse_candidate_probe_g48_s00_p01,full_after,1,2,2,138132.678155,138132.68238,138132.680267,0.00422540298314,1.00391993151,4786997998,true,false
softmax_1784949408345_softmax_full_f16io_f32acc_fp32_fast___expf_r1,softmax_oratc_targeted_g48s1024_confirm_v1_20260725_sess01_pos1_fp32_g48_s1024_cache_reuse_candidate_probe_g48_s00_p01,full_after,1,2,3,138133.182548,138133.183994,138133.183271,0.00144600099884,1.50692321348,4787113946,true,true
softmax_1784949408345_softmax_full_f16io_f32acc_fp32_fast___expf_r1,softmax_oratc_targeted_g48s1024_confirm_v1_20260725_sess01_pos1_fp32_g48_s1024_cache_reuse_candidate_probe_g48_s00_p01,full_after,1,2,4,138133.684147,138133.685499,138133.684823,0.00135210101143,2.0084753595,4787229364,true,true
softmax_1784949408345_softmax_full_f16io_f32acc_fp32_fast___expf_r1,softmax_oratc_targeted_g48s1024_confirm_v1_20260725_sess01_pos1_fp32_g48_s1024_cache_reuse_candidate_probe_g48_s00_p01,full_after,1,2,5,138134.185663,138134.186998,138134.186331,0.00133470099536,2.50998316347,4787344097,true,true
softmax_1784949408345_softmax_full_f16io_f32acc_fp32_fast___expf_r1,softmax_oratc_targeted_g48s1024_confirm_v1_20260725_sess01_pos1_fp32_g48_s1024_cache_reuse_candidate_probe_g48_s00_p01,full_after,1,2,6,138134.687123,138134.688475,138134.687799,0.00135260200477,3.01145153001,4787458434,true,true
softmax_1784949408345_softmax_full_f16io_f32acc_fp32_fast___expf_r1,softmax_oratc_targeted_g48s1024_confirm_v1_20260725_sess01_pos1_fp32_g48_s1024_cache_reuse_candidate_probe_g48_s00_p01,full_after,1,2,7,138135.188634,138135.190003,138135.189319,0.0013690009946,3.51297116349,4787572639,true,true
softmax_1784949408345_softmax_full_f16io_f32acc_fp32_fast___expf_r1,softmax_oratc_targeted_g48s1024_confirm_v1_20260725_sess01_pos1_fp32_g48_s1024_cache_reuse_candidate_probe_g48_s00_p01,full_after,1,2,8,138135.690124,138135.691457,138135.690791,0.00133220199496,4.014443108,4787686845,true,true
softmax_1784949408345_softmax_full_f16io_f32acc_fp32_fast___expf_r1,softmax_oratc_targeted_g48s1024_confirm_v1_20260725_sess01_pos1_fp32_g48_s1024_cache_reuse_candidate_probe_g48_s00_p01,full_after,1,2,9,138136.191626,138136.192994,138136.19231,0.00136760101304,4.51596255848,4787800787,true,true
softmax_1784949408345_softmax_full_f16io_f32acc_fp32_fast___expf_r1,softmax_oratc_targeted_g48s1024_confirm_v1_20260725_sess01_pos1_fp32_g48_s1024_cache_reuse_candidate_probe_g48_s00_p01,full_after,1,2,10,138136.693114,138136.694492,138136.693803,0.00137770199217,5.01745567599,4787914349,true,true
softmax_1784949408345_softmax_full_f16io_f32acc_fp32_fast___expf_r1,softmax_oratc_targeted_g48s1024_confirm_v1_20260725_sess01_pos1_fp32_g48_s1024_cache_reuse_candidate_probe_g48_s00_p01,full_after,1,2,11,138137.194651,138137.196032,138137.195341,0.00138080099714,5.51899369949,4788027249,true,true
softmax_1784949408345_softmax_full_f16io_f32acc_fp32_fast___expf_r1,softmax_oratc_targeted_g48s1024_confirm_v1_20260725_sess01_pos1_fp32_g48_s1024_cache_reuse_candidate_probe_g48_s00_p01,full_after,1,2,12,138137.696182,138137.700988,138137.698585,0.00480620501912,6.02223769148,4788139643,true,true
softmax_1784949408345_softmax_full_f16io_f32acc_fp32_fast___expf_r1,softmax_oratc_targeted_g48s1024_confirm_v1_20260725_sess01_pos1_fp32_g48_s1024_cache_reuse_candidate_probe_g48_s00_p01,full_after,1,2,13,138138.201146,138138.202476,138138.201811,0.00133060198277,6.52546378999,4788255448,true,true
softmax_1784949408345_softmax_full_f16io_f32acc_fp32_fast___expf_r1,softmax_oratc_targeted_g48s1024_confirm_v1_20260725_sess01_pos1_fp32_g48_s1024_cache_reuse_candidate_probe_g48_s00_p01,full_after,1,2,14,138138.702626,138138.703945,138138.703286,0.00131880101981,7.02693820349,4788370887,true,true
softmax_1784949408345_softmax_full_f16io_f32acc_fp32_fast___expf_r1,softmax_oratc_targeted_g48s1024_confirm_v1_20260725_sess01_pos1_fp32_g48_s1024_cache_reuse_candidate_probe_g48_s00_p01,full_after,1,2,15,138139.204068,138139.205444,138139.204756,0.00137610200909,7.52840867298,4788486066,true,true
softmax_1784949408345_softmax_full_f16io_f32acc_fp32_fast___expf_r1,softmax_oratc_targeted_g48s1024_confirm_v1_20260725_sess01_pos1_fp32_g48_s1024_cache_reuse_candidate_probe_g48_s00_p01,full_after,1,2,16,138139.70556,138139.706912,138139.706236,0.00135220200173,8.02988885899,4788601087,true,true
softmax_1784949408345_softmax_full_f16io_f32acc_fp32_fast___expf_r1,softmax_oratc_targeted_g48s1024_confirm_v1_20260725_sess01_pos1_fp32_g48_s1024_cache_reuse_candidate_probe_g48_s00_p01,full_after,1,2,17,138140.207067,138140.208501,138140.207784,0.00143470100011,8.53143645151,4788715870,true,true
softmax_1784949408345_softmax_full_f16io_f32acc_fp32_fast___expf_r1,softmax_oratc_targeted_g48s1024_confirm_v1_20260725_sess01_pos1_fp32_g48_s1024_cache_reuse_candidate_probe_g48_s00_p01,full_after,1,2,18,138140.708616,138140.709974,138140.709295,0.00135730099282,9.03294771051,4788830280,true,true
softmax_1784949408345_softmax_full_f16io_f32acc_fp32_fast___expf_r1,softmax_oratc_targeted_g48s1024_confirm_v1_20260725_sess01_pos1_fp32_g48_s1024_cache_reuse_candidate_probe_g48_s00_p01,full_after,1,2,19,138141.210099,138141.211479,138141.210789,0.00137980200816,9.53444142599,4788944237,true,true
softmax_1784949408345_softmax_full_f16io_f32acc_fp32_fast___expf_r1,softmax_oratc_targeted_g48s1024_confirm_v1_20260725_sess01_pos1_fp32_g48_s1024_cache_reuse_candidate_probe_g48_s00_p01,full_after,1,2,20,138141.71163,138141.712936,138141.712283,0.00130630200147,10.035935858,4789057700,true,true
softmax_1784949408345_softmax_full_f16io_f32acc_fp32_fast___expf_r1,softmax_oratc_targeted_g48s1024_confirm_v1_20260725_sess01_pos1_fp32_g48_s1024_cache_reuse_candidate_probe_g48_s00_p01,full_after,1,2,21,138142.21302,138142.214304,138142.213662,0.00128390098689,10.5373148455,4789170638,true,true
softmax_1784949408345_softmax_full_f16io_f32acc_fp32_fast___expf_r1,softmax_oratc_targeted_g48s1024_confirm_v1_20260725_sess01_pos1_fp32_g48_s1024_cache_reuse_candidate_probe_g48_s00_p01,full_after,1,2,22,138142.714455,138142.719422,138142.716939,0.00496760601527,11.040591202,4789283043,true,true
softmax_1784949408345_softmax_full_f16io_f32acc_fp32_fast___expf_r1,softmax_oratc_targeted_g48s1024_confirm_v1_20260725_sess01_pos1_fp32_g48_s1024_cache_reuse_candidate_probe_g48_s00_p01,full_after,1,2,23,138143.219584,138143.220963,138143.220274,0.00137899498804,11.5439263485,4789399185,true,false
softmax_1784949408345_softmax_full_f16io_f32acc_fp32_fast___expf_r1,softmax_oratc_targeted_g48s1024_confirm_v1_20260725_sess01_pos1_fp32_g48_s1024_cache_reuse_candidate_probe_g48_s00_p01,full_after,1,2,24,138143.721087,138143.722415,138143.721751,0.00132809497882,12.0454033035,4789515243,true,false
softmax_1784949408345_softmax_full_f16io_f32acc_fp32_fast___expf_r1,softmax_oratc_targeted_g48s1024_confirm_v1_20260725_sess01_pos1_fp32_g48_s1024_cache_reuse_candidate_probe_g48_s00_p01,full_after,1,2,25,138144.013589,138144.01498,138144.014284,0.00139099499211,12.3379368095,4789575547,true,false
softmax_1784949420696_softmax_full_f16io_f32acc_fp32_fast___expf_r2,softmax_oratc_targeted_g48s1024_confirm_v1_20260725_sess01_pos1_fp32_g48_s1024_cache_reuse_candidate_probe_g48_s00_p02,full_before,2,0,0,138144.026039,138144.027208,138144.026623,0.00116899597924,-0.000591997988522,4789575547,false,false
softmax_1784949420696_softmax_full_f16io_f32acc_fp32_fast___expf_r2,softmax_oratc_targeted_g48s1024_confirm_v1_20260725_sess01_pos1_fp32_g48_s1024_cache_reuse_candidate_probe_g48_s00_p02,full_before,2,0,1,138144.5275,138144.528875,138144.528188,0.00137529501808,0.500972470531,4789680956,true,false
softmax_1784949420696_softmax_full_f16io_f32acc_fp32_fast___expf_r2,softmax_oratc_targeted_g48s1024_confirm_v1_20260725_sess01_pos1_fp32_g48_s1024_cache_reuse_candidate_probe_g48_s00_p02,full_before,2,0,2,138145.029002,138145.030426,138145.029714,0.00142419501208,1.00249845351,4789795158,true,false
softmax_1784949420696_softmax_full_f16io_f32acc_fp32_fast___expf_r2,softmax_oratc_targeted_g48s1024_confirm_v1_20260725_sess01_pos1_fp32_g48_s1024_cache_reuse_candidate_probe_g48_s00_p02,full_before,2,0,3,138145.530548,138145.531971,138145.531259,0.00142359500751,1.5040442945,4789908791,true,true
softmax_1784949420696_softmax_full_f16io_f32acc_fp32_fast___expf_r2,softmax_oratc_targeted_g48s1024_confirm_v1_20260725_sess01_pos1_fp32_g48_s1024_cache_reuse_candidate_probe_g48_s00_p02,full_before,2,0,4,138146.032127,138146.033553,138146.03284,0.00142650201451,2.00562490302,4790021808,true,true
softmax_1784949420696_softmax_full_f16io_f32acc_fp32_fast___expf_r2,softmax_oratc_targeted_g48s1024_confirm_v1_20260725_sess01_pos1_fp32_g48_s1024_cache_reuse_candidate_probe_g48_s00_p02,full_before,2,0,5,138146.533717,138146.538166,138146.535942,0.00444920698646,2.50872654151,4790134218,true,true
softmax_1784949420696_softmax_full_f16io_f32acc_fp32_fast___expf_r2,softmax_oratc_targeted_g48s1024_confirm_v1_20260725_sess01_pos1_fp32_g48_s1024_cache_reuse_candidate_probe_g48_s00_p02,full_before,2,0,6,138147.038334,138147.03964,138147.038987,0.00130520202219,3.01177184301,4790250177,true,true
softmax_1784949420696_softmax_full_f16io_f32acc_fp32_fast___expf_r2,softmax_oratc_targeted_g48s1024_confirm_v1_20260725_sess01_pos1_fp32_g48_s1024_cache_reuse_candidate_probe_g48_s00_p02,full_before,2,0,7,138147.539786,138147.541161,138147.540474,0.00137560200528,3.51325845203,4790366021,true,true
softmax_1784949420696_softmax_full_f16io_f32acc_fp32_fast___expf_r2,softmax_oratc_targeted_g48s1024_confirm_v1_20260725_sess01_pos1_fp32_g48_s1024_cache_reuse_candidate_probe_g48_s00_p02,full_before,2,0,8,138148.041288,138148.042661,138148.041974,0.0013733030064,4.0147592235,4790481703,true,true
softmax_1784949420696_softmax_full_f16io_f32acc_fp32_fast___expf_r2,softmax_oratc_targeted_g48s1024_confirm_v1_20260725_sess01_pos1_fp32_g48_s1024_cache_reuse_candidate_probe_g48_s00_p02,full_before,2,0,9,138148.542777,138148.544272,138148.543525,0.00149500300176,4.51630980452,4790597161,true,true
softmax_1784949420696_softmax_full_f16io_f32acc_fp32_fast___expf_r2,softmax_oratc_targeted_g48s1024_confirm_v1_20260725_sess01_pos1_fp32_g48_s1024_cache_reuse_candidate_probe_g48_s00_p02,full_before,2,0,10,138149.044432,138149.045877,138149.045154,0.00144430200453,5.01793919902,4790712394,true,true
softmax_1784949420696_softmax_full_f16io_f32acc_fp32_fast___expf_r2,softmax_oratc_targeted_g48s1024_confirm_v1_20260725_sess01_pos1_fp32_g48_s1024_cache_reuse_candidate_probe_g48_s00_p02,full_before,2,0,11,138149.546038,138149.547914,138149.546976,0.00187640299555,5.51976060352,4790826977,true,true
softmax_1784949420696_softmax_full_f16io_f32acc_fp32_fast___expf_r2,softmax_oratc_targeted_g48s1024_confirm_v1_20260725_sess01_pos1_fp32_g48_s1024_cache_reuse_candidate_probe_g48_s00_p02,full_before,2,0,12,138150.048075,138150.049446,138150.04876,0.00137110200012,6.02154492002,4790940878,true,true
softmax_1784949420696_softmax_full_f16io_f32acc_fp32_fast___expf_r2,softmax_oratc_targeted_g48s1024_confirm_v1_20260725_sess01_pos1_fp32_g48_s1024_cache_reuse_candidate_probe_g48_s00_p02,full_before,2,0,13,138150.549565,138150.550938,138150.550251,0.00137310300488,6.52303619651,4791077631,true,true
softmax_1784949420696_softmax_full_f16io_f32acc_fp32_fast___expf_r2,softmax_oratc_targeted_g48s1024_confirm_v1_20260725_sess01_pos1_fp32_g48_s1024_cache_reuse_candidate_probe_g48_s00_p02,full_before,2,0,14,138151.051066,138151.05236,138151.051713,0.00129379701684,7.02449755653,4791194660,true,true
softmax_1784949420696_softmax_full_f16io_f32acc_fp32_fast___expf_r2,softmax_oratc_targeted_g48s1024_confirm_v1_20260725_sess01_pos1_fp32_g48_s1024_cache_reuse_candidate_probe_g48_s00_p02,full_before,2,0,15,138151.552488,138151.556666,138151.554577,0.00417799199931,7.52736188102,4791311617,true,true
softmax_1784949420696_softmax_full_f16io_f32acc_fp32_fast___expf_r2,softmax_oratc_targeted_g48s1024_confirm_v1_20260725_sess01_pos1_fp32_g48_s1024_cache_reuse_candidate_probe_g48_s00_p02,full_before,2,0,16,138152.056823,138152.05818,138152.057502,0.00135769799817,8.03028636801,4791428066,true,true
softmax_1784949420696_softmax_full_f16io_f32acc_fp32_fast___expf_r2,softmax_oratc_targeted_g48s1024_confirm_v1_20260725_sess01_pos1_fp32_g48_s1024_cache_reuse_candidate_probe_g48_s00_p02,full_before,2,0,17,138152.558316,138152.559665,138152.558991,0.0013489970006,8.53177556751,4791544353,true,true
softmax_1784949420696_softmax_full_f16io_f32acc_fp32_fast___expf_r2,softmax_oratc_targeted_g48s1024_confirm_v1_20260725_sess01_pos1_fp32_g48_s1024_cache_reuse_candidate_probe_g48_s00_p02,full_before,2,0,18,138153.059789,138153.061211,138153.0605,0.00142129798769,9.03328487903,4791660263,true,true
softmax_1784949420696_softmax_full_f16io_f32acc_fp32_fast___expf_r2,softmax_oratc_targeted_g48s1024_confirm_v1_20260725_sess01_pos1_fp32_g48_s1024_cache_reuse_candidate_probe_g48_s00_p02,full_before,2,0,19,138153.561339,138153.562769,138153.562054,0.00142989799497,9.53483855099,4791775675,true,true
softmax_1784949420696_softmax_full_f16io_f32acc_fp32_fast___expf_r2,softmax_oratc_targeted_g48s1024_confirm_v1_20260725_sess01_pos1_fp32_g48_s1024_cache_reuse_candidate_probe_g48_s00_p02,full_before,2,0,20,138154.062903,138154.064327,138154.063615,0.00142409701948,10.0364002345,4791890613,true,true
softmax_1784949420696_softmax_full_f16io_f32acc_fp32_fast___expf_r2,softmax_oratc_targeted_g48s1024_confirm_v1_20260725_sess01_pos1_fp32_g48_s1024_cache_reuse_candidate_probe_g48_s00_p02,full_before,2,0,21,138154.564447,138154.565777,138154.565112,0.00132939801551,10.537896879,4792004925,true,true
softmax_1784949420696_softmax_full_f16io_f32acc_fp32_fast___expf_r2,softmax_oratc_targeted_g48s1024_confirm_v1_20260725_sess01_pos1_fp32_g48_s1024_cache_reuse_candidate_probe_g48_s00_p02,full_before,2,0,22,138155.065898,138155.067422,138155.06666,0.0015238019987,11.039445143,4792118780,true,true
softmax_1784949420696_softmax_full_f16io_f32acc_fp32_fast___expf_r2,softmax_oratc_targeted_g48s1024_confirm_v1_20260725_sess01_pos1_fp32_g48_s1024_cache_reuse_candidate_probe_g48_s00_p02,full_before,2,0,23,138155.567582,138155.568947,138155.568264,0.00136510300217,11.5410492685,4792232478,true,false
softmax_1784949420696_softmax_full_f16io_f32acc_fp32_fast___expf_r2,softmax_oratc_targeted_g48s1024_confirm_v1_20260725_sess01_pos1_fp32_g48_s1024_cache_reuse_candidate_probe_g48_s00_p02,full_before,2,0,24,138156.069104,138156.070521,138156.069813,0.00141790302587,12.0425973555,4792345911,true,false
softmax_1784949420696_softmax_full_f16io_f32acc_fp32_fast___expf_r2,softmax_oratc_targeted_g48s1024_confirm_v1_20260725_sess01_pos1_fp32_g48_s1024_cache_reuse_candidate_probe_g48_s00_p02,full_before,2,0,25,138156.361751,138156.363108,138156.36243,0.00135740198311,12.335214466,4792401318,true,false
softmax_1784949433044_softmax_full_f16io_f32acc_fp32_fast___expf_r2,softmax_oratc_targeted_g48s1024_confirm_v1_20260725_sess01_pos1_fp32_g48_s1024_cache_reuse_candidate_probe_g48_s00_p02,probe_middle,2,1,0,138156.370501,138156.374963,138156.372732,0.00446260700119,-0.00223810350872,4792401318,false,false
softmax_1784949433044_softmax_full_f16io_f32acc_fp32_fast___expf_r2,softmax_oratc_targeted_g48s1024_confirm_v1_20260725_sess01_pos1_fp32_g48_s1024_cache_reuse_candidate_probe_g48_s00_p02,probe_middle,2,1,1,138156.875234,138156.876617,138156.875926,0.00138310200418,0.500955758005,4792510425,true,false
softmax_1784949433044_softmax_full_f16io_f32acc_fp32_fast___expf_r2,softmax_oratc_targeted_g48s1024_confirm_v1_20260725_sess01_pos1_fp32_g48_s1024_cache_reuse_candidate_probe_g48_s00_p02,probe_middle,2,1,2,138157.376748,138157.378132,138157.37744,0.00138390201028,1.00246956901,4792624648,true,false
softmax_1784949433044_softmax_full_f16io_f32acc_fp32_fast___expf_r2,softmax_oratc_targeted_g48s1024_confirm_v1_20260725_sess01_pos1_fp32_g48_s1024_cache_reuse_candidate_probe_g48_s00_p02,probe_middle,2,1,3,138157.878256,138157.879694,138157.878975,0.00143770198338,1.50400469999,4792738352,true,true
softmax_1784949433044_softmax_full_f16io_f32acc_fp32_fast___expf_r2,softmax_oratc_targeted_g48s1024_confirm_v1_20260725_sess01_pos1_fp32_g48_s1024_cache_reuse_candidate_probe_g48_s00_p02,probe_middle,2,1,4,138158.379815,138158.381218,138158.380517,0.00140290299896,2.00554683249,4792851576,true,true
softmax_1784949433044_softmax_full_f16io_f32acc_fp32_fast___expf_r2,softmax_oratc_targeted_g48s1024_confirm_v1_20260725_sess01_pos1_fp32_g48_s1024_cache_reuse_candidate_probe_g48_s00_p02,probe_middle,2,1,5,138158.88135,138158.882794,138158.882072,0.00144410299254,2.50710178548,4792964189,true,true
softmax_1784949433044_softmax_full_f16io_f32acc_fp32_fast___expf_r2,softmax_oratc_targeted_g48s1024_confirm_v1_20260725_sess01_pos1_fp32_g48_s1024_cache_reuse_candidate_probe_g48_s00_p02,probe_middle,2,1,6,138159.382922,138159.38428,138159.383601,0.00135799800046,3.00863082299,4793076437,true,true
softmax_1784949433044_softmax_full_f16io_f32acc_fp32_fast___expf_r2,softmax_oratc_targeted_g48s1024_confirm_v1_20260725_sess01_pos1_fp32_g48_s1024_cache_reuse_candidate_probe_g48_s00_p02,probe_middle,2,1,7,138159.884439,138159.885869,138159.885154,0.00143029799801,3.51018373101,4793188579,true,true
softmax_1784949433044_softmax_full_f16io_f32acc_fp32_fast___expf_r2,softmax_oratc_targeted_g48s1024_confirm_v1_20260725_sess01_pos1_fp32_g48_s1024_cache_reuse_candidate_probe_g48_s00_p02,probe_middle,2,1,8,138160.386031,138160.387415,138160.386723,0.00138459898881,4.0117530415,4793300455,true,true
softmax_1784949433044_softmax_full_f16io_f32acc_fp32_fast___expf_r2,softmax_oratc_targeted_g48s1024_confirm_v1_20260725_sess01_pos1_fp32_g48_s1024_cache_reuse_candidate_probe_g48_s00_p02,probe_middle,2,1,9,138160.887585,138160.889005,138160.888295,0.0014199980069,4.51332492099,4793412011,true,true
softmax_1784949433044_softmax_full_f16io_f32acc_fp32_fast___expf_r2,softmax_oratc_targeted_g48s1024_confirm_v1_20260725_sess01_pos1_fp32_g48_s1024_cache_reuse_candidate_probe_g48_s00_p02,probe_middle,2,1,10,138161.389155,138161.3937,138161.391427,0.00454469598481,5.016457152,4793523211,true,true
softmax_1784949433044_softmax_full_f16io_f32acc_fp32_fast___expf_r2,softmax_oratc_targeted_g48s1024_confirm_v1_20260725_sess01_pos1_fp32_g48_s1024_cache_reuse_candidate_probe_g48_s00_p02,probe_middle,2,1,11,138161.89387,138161.895231,138161.894551,0.00136129799648,5.51958065198,4793637694,true,true
softmax_1784949433044_softmax_full_f16io_f32acc_fp32_fast___expf_r2,softmax_oratc_targeted_g48s1024_confirm_v1_20260725_sess01_pos1_fp32_g48_s1024_cache_reuse_candidate_probe_g48_s00_p02,probe_middle,2,1,12,138162.395344,138162.396766,138162.396055,0.00142229898483,6.02108525651,4793751623,true,true
softmax_1784949433044_softmax_full_f16io_f32acc_fp32_fast___expf_r2,softmax_oratc_targeted_g48s1024_confirm_v1_20260725_sess01_pos1_fp32_g48_s1024_cache_reuse_candidate_probe_g48_s00_p02,probe_middle,2,1,13,138162.896933,138162.898329,138162.897631,0.0013959990174,6.52266082951,4793865006,true,true
softmax_1784949433044_softmax_full_f16io_f32acc_fp32_fast___expf_r2,softmax_oratc_targeted_g48s1024_confirm_v1_20260725_sess01_pos1_fp32_g48_s1024_cache_reuse_candidate_probe_g48_s00_p02,probe_middle,2,1,14,138163.398494,138163.399886,138163.39919,0.00139239800046,7.02422005599,4793977973,true,true
softmax_1784949433044_softmax_full_f16io_f32acc_fp32_fast___expf_r2,softmax_oratc_targeted_g48s1024_confirm_v1_20260725_sess01_pos1_fp32_g48_s1024_cache_reuse_candidate_probe_g48_s00_p02,probe_middle,2,1,15,138163.900028,138163.901548,138163.900788,0.00152010199963,7.52581831699,4794090803,true,true
softmax_1784949433044_softmax_full_f16io_f32acc_fp32_fast___expf_r2,softmax_oratc_targeted_g48s1024_confirm_v1_20260725_sess01_pos1_fp32_g48_s1024_cache_reuse_candidate_probe_g48_s00_p02,probe_middle,2,1,16,138164.401696,138164.403071,138164.402383,0.00137520200224,8.02741331098,4794203228,true,true
softmax_1784949433044_softmax_full_f16io_f32acc_fp32_fast___expf_r2,softmax_oratc_targeted_g48s1024_confirm_v1_20260725_sess01_pos1_fp32_g48_s1024_cache_reuse_candidate_probe_g48_s00_p02,probe_middle,2,1,17,138164.903203,138164.904573,138164.903888,0.00136940300581,8.52891797249,4794315557,true,true
softmax_1784949433044_softmax_full_f16io_f32acc_fp32_fast___expf_r2,softmax_oratc_targeted_g48s1024_confirm_v1_20260725_sess01_pos1_fp32_g48_s1024_cache_reuse_candidate_probe_g48_s00_p02,probe_middle,2,1,18,138165.404685,138165.406174,138165.405429,0.001488703012,9.03045918749,4794427446,true,true
softmax_1784949433044_softmax_full_f16io_f32acc_fp32_fast___expf_r2,softmax_oratc_targeted_g48s1024_confirm_v1_20260725_sess01_pos1_fp32_g48_s1024_cache_reuse_candidate_probe_g48_s00_p02,probe_middle,2,1,19,138165.906313,138165.907672,138165.906992,0.00135820201831,9.53202242099,4794538874,true,true
softmax_1784949433044_softmax_full_f16io_f32acc_fp32_fast___expf_r2,softmax_oratc_targeted_g48s1024_confirm_v1_20260725_sess01_pos1_fp32_g48_s1024_cache_reuse_candidate_probe_g48_s00_p02,probe_middle,2,1,20,138166.40789,138166.412062,138166.409976,0.00417210700107,10.0350060605,4794649699,true,true
softmax_1784949433044_softmax_full_f16io_f32acc_fp32_fast___expf_r2,softmax_oratc_targeted_g48s1024_confirm_v1_20260725_sess01_pos1_fp32_g48_s1024_cache_reuse_candidate_probe_g48_s00_p02,probe_middle,2,1,21,138166.912224,138166.913586,138166.912905,0.00136170198675,10.537935268,4794763972,true,true
softmax_1784949433044_softmax_full_f16io_f32acc_fp32_fast___expf_r2,softmax_oratc_targeted_g48s1024_confirm_v1_20260725_sess01_pos1_fp32_g48_s1024_cache_reuse_candidate_probe_g48_s00_p02,probe_middle,2,1,22,138167.413744,138167.415117,138167.414431,0.00137339401408,11.039460533,4794877814,true,true
softmax_1784949433044_softmax_full_f16io_f32acc_fp32_fast___expf_r2,softmax_oratc_targeted_g48s1024_confirm_v1_20260725_sess01_pos1_fp32_g48_s1024_cache_reuse_candidate_probe_g48_s00_p02,probe_middle,2,1,23,138167.915276,138167.916684,138167.91598,0.00140779299545,11.5410103235,4794991547,true,false
softmax_1784949433044_softmax_full_f16io_f32acc_fp32_fast___expf_r2,softmax_oratc_targeted_g48s1024_confirm_v1_20260725_sess01_pos1_fp32_g48_s1024_cache_reuse_candidate_probe_g48_s00_p02,probe_middle,2,1,24,138168.416859,138168.418248,138168.417553,0.00138889398659,12.042583268,4795104924,true,false
softmax_1784949433044_softmax_full_f16io_f32acc_fp32_fast___expf_r2,softmax_oratc_targeted_g48s1024_confirm_v1_20260725_sess01_pos1_fp32_g48_s1024_cache_reuse_candidate_probe_g48_s00_p02,probe_middle,2,1,25,138168.664941,138168.666358,138168.665649,0.00141689300654,12.2906792855,4795161379,true,false
softmax_1784949445347_softmax_full_f16io_f32acc_fp32_fast___expf_r2,softmax_oratc_targeted_g48s1024_confirm_v1_20260725_sess01_pos1_fp32_g48_s1024_cache_reuse_candidate_probe_g48_s00_p02,full_after,2,2,0,138168.677296,138168.678423,138168.677859,0.001126594987,-0.0005698975001,4795161379,false,false
softmax_1784949445347_softmax_full_f16io_f32acc_fp32_fast___expf_r2,softmax_oratc_targeted_g48s1024_confirm_v1_20260725_sess01_pos1_fp32_g48_s1024_cache_reuse_candidate_probe_g48_s00_p02,full_after,2,2,1,138169.17872,138169.180081,138169.179401,0.00136089499574,0.500971464498,4795270430,true,false
softmax_1784949445347_softmax_full_f16io_f32acc_fp32_fast___expf_r2,softmax_oratc_targeted_g48s1024_confirm_v1_20260725_sess01_pos1_fp32_g48_s1024_cache_reuse_candidate_probe_g48_s00_p02,full_after,2,2,2,138169.680204,138169.681773,138169.680988,0.00156940199668,1.002559013,4795385109,true,false
softmax_1784949445347_softmax_full_f16io_f32acc_fp32_fast___expf_r2,softmax_oratc_targeted_g48s1024_confirm_v1_20260725_sess01_pos1_fp32_g48_s1024_cache_reuse_candidate_probe_g48_s00_p02,full_after,2,2,3,138170.181933,138170.183295,138170.182614,0.00136160198599,1.504184986,4795499444,true,true
softmax_1784949445347_softmax_full_f16io_f32acc_fp32_fast___expf_r2,softmax_oratc_targeted_g48s1024_confirm_v1_20260725_sess01_pos1_fp32_g48_s1024_cache_reuse_candidate_probe_g48_s00_p02,full_after,2,2,4,138170.683408,138170.684742,138170.684075,0.00133420201018,2.00564587399,4795613100,true,true
softmax_1784949445347_softmax_full_f16io_f32acc_fp32_fast___expf_r2,softmax_oratc_targeted_g48s1024_confirm_v1_20260725_sess01_pos1_fp32_g48_s1024_cache_reuse_candidate_probe_g48_s00_p02,full_after,2,2,5,138171.184902,138171.186234,138171.185568,0.00133260202711,2.50713866801,4795726196,true,true
softmax_1784949445347_softmax_full_f16io_f32acc_fp32_fast___expf_r2,softmax_oratc_targeted_g48s1024_confirm_v1_20260725_sess01_pos1_fp32_g48_s1024_cache_reuse_candidate_probe_g48_s00_p02,full_after,2,2,6,138171.686398,138171.69063,138171.688514,0.00423210498411,3.01008432949,4795839040,true,true
softmax_1784949445347_softmax_full_f16io_f32acc_fp32_fast___expf_r2,softmax_oratc_targeted_g48s1024_confirm_v1_20260725_sess01_pos1_fp32_g48_s1024_cache_reuse_candidate_probe_g48_s00_p02,full_after,2,2,7,138172.190757,138172.192122,138172.19144,0.00136520099477,3.51301059648,4795955778,true,true
softmax_1784949445347_softmax_full_f16io_f32acc_fp32_fast___expf_r2,softmax_oratc_targeted_g48s1024_confirm_v1_20260725_sess01_pos1_fp32_g48_s1024_cache_reuse_candidate_probe_g48_s00_p02,full_after,2,2,8,138172.692246,138172.693613,138172.692929,0.00136660097633,4.01450012749,4796072417,true,true
softmax_1784949445347_softmax_full_f16io_f32acc_fp32_fast___expf_r2,softmax_oratc_targeted_g48s1024_confirm_v1_20260725_sess01_pos1_fp32_g48_s1024_cache_reuse_candidate_probe_g48_s00_p02,full_after,2,2,9,138173.193738,138173.195115,138173.194427,0.00137630102108,4.51599731451,4796188804,true,true
softmax_1784949445347_softmax_full_f16io_f32acc_fp32_fast___expf_r2,softmax_oratc_targeted_g48s1024_confirm_v1_20260725_sess01_pos1_fp32_g48_s1024_cache_reuse_candidate_probe_g48_s00_p02,full_after,2,2,10,138173.69523,138173.69658,138173.695905,0.0013507019903,5.01747586697,4796304768,true,true
softmax_1784949445347_softmax_full_f16io_f32acc_fp32_fast___expf_r2,softmax_oratc_targeted_g48s1024_confirm_v1_20260725_sess01_pos1_fp32_g48_s1024_cache_reuse_candidate_probe_g48_s00_p02,full_after,2,2,11,138174.196705,138174.198162,138174.197433,0.00145620197873,5.519004175,4796420205,true,true
softmax_1784949445347_softmax_full_f16io_f32acc_fp32_fast___expf_r2,softmax_oratc_targeted_g48s1024_confirm_v1_20260725_sess01_pos1_fp32_g48_s1024_cache_reuse_candidate_probe_g48_s00_p02,full_after,2,2,12,138174.698273,138174.699644,138174.698959,0.0013709019986,6.02052969899,4796535058,true,true
softmax_1784949445347_softmax_full_f16io_f32acc_fp32_fast___expf_r2,softmax_oratc_targeted_g48s1024_confirm_v1_20260725_sess01_pos1_fp32_g48_s1024_cache_reuse_candidate_probe_g48_s00_p02,full_after,2,2,13,138175.19977,138175.201137,138175.200454,0.00136699699215,6.52202451651,4796649312,true,true
softmax_1784949445347_softmax_full_f16io_f32acc_fp32_fast___expf_r2,softmax_oratc_targeted_g48s1024_confirm_v1_20260725_sess01_pos1_fp32_g48_s1024_cache_reuse_candidate_probe_g48_s00_p02,full_after,2,2,14,138175.701251,138175.702568,138175.70191,0.0013176969951,7.02348030149,4796763216,true,true
softmax_1784949445347_softmax_full_f16io_f32acc_fp32_fast___expf_r2,softmax_oratc_targeted_g48s1024_confirm_v1_20260725_sess01_pos1_fp32_g48_s1024_cache_reuse_candidate_probe_g48_s00_p02,full_after,2,2,15,138176.202697,138176.204064,138176.203381,0.00136689600185,7.524951442,4796876875,true,true
softmax_1784949445347_softmax_full_f16io_f32acc_fp32_fast___expf_r2,softmax_oratc_targeted_g48s1024_confirm_v1_20260725_sess01_pos1_fp32_g48_s1024_cache_reuse_candidate_probe_g48_s00_p02,full_after,2,2,16,138176.704211,138176.708816,138176.706514,0.00460489001125,8.028084294,4796990326,true,true
softmax_1784949445347_softmax_full_f16io_f32acc_fp32_fast___expf_r2,softmax_oratc_targeted_g48s1024_confirm_v1_20260725_sess01_pos1_fp32_g48_s1024_cache_reuse_candidate_probe_g48_s00_p02,full_after,2,2,17,138177.208943,138177.210322,138177.209633,0.00137919699773,8.5312035025,4797107473,true,true
softmax_1784949445347_softmax_full_f16io_f32acc_fp32_fast___expf_r2,softmax_oratc_targeted_g48s1024_confirm_v1_20260725_sess01_pos1_fp32_g48_s1024_cache_reuse_candidate_probe_g48_s00_p02,full_after,2,2,18,138177.710473,138177.711835,138177.711154,0.00136229701457,9.03272492948,4797224274,true,true
softmax_1784949445347_softmax_full_f16io_f32acc_fp32_fast___expf_r2,softmax_oratc_targeted_g48s1024_confirm_v1_20260725_sess01_pos1_fp32_g48_s1024_cache_reuse_candidate_probe_g48_s00_p02,full_after,2,2,19,138178.211964,138178.213297,138178.212631,0.00133300200105,9.53420140001,4797340580,true,true
softmax_1784949445347_softmax_full_f16io_f32acc_fp32_fast___expf_r2,softmax_oratc_targeted_g48s1024_confirm_v1_20260725_sess01_pos1_fp32_g48_s1024_cache_reuse_candidate_probe_g48_s00_p02,full_after,2,2,20,138178.71341,138178.714728,138178.714069,0.00131790101295,10.0356399195,4797456326,true,true
softmax_1784949445347_softmax_full_f16io_f32acc_fp32_fast___expf_r2,softmax_oratc_targeted_g48s1024_confirm_v1_20260725_sess01_pos1_fp32_g48_s1024_cache_reuse_candidate_probe_g48_s00_p02,full_after,2,2,21,138179.214856,138179.216231,138179.215544,0.00137500200071,10.537114344,4797571440,true,true
softmax_1784949445347_softmax_full_f16io_f32acc_fp32_fast___expf_r2,softmax_oratc_targeted_g48s1024_confirm_v1_20260725_sess01_pos1_fp32_g48_s1024_cache_reuse_candidate_probe_g48_s00_p02,full_after,2,2,22,138179.716378,138179.717697,138179.717038,0.0013189020101,11.038608585,4797686139,true,true
softmax_1784949445347_softmax_full_f16io_f32acc_fp32_fast___expf_r2,softmax_oratc_targeted_g48s1024_confirm_v1_20260725_sess01_pos1_fp32_g48_s1024_cache_reuse_candidate_probe_g48_s00_p02,full_after,2,2,23,138180.217824,138180.219141,138180.218483,0.00131770200096,11.540053381,4797800618,true,false
softmax_1784949445347_softmax_full_f16io_f32acc_fp32_fast___expf_r2,softmax_oratc_targeted_g48s1024_confirm_v1_20260725_sess01_pos1_fp32_g48_s1024_cache_reuse_candidate_probe_g48_s00_p02,full_after,2,2,24,138180.719226,138180.720621,138180.719923,0.00139540201053,12.041494143,4797914977,true,false
softmax_1784949445347_softmax_full_f16io_f32acc_fp32_fast___expf_r2,softmax_oratc_targeted_g48s1024_confirm_v1_20260725_sess01_pos1_fp32_g48_s1024_cache_reuse_candidate_probe_g48_s00_p02,full_after,2,2,25,138181.018232,138181.019595,138181.018914,0.0013628010056,12.3404843105,4797974178,true,false
softmax_1784949457700_softmax_full_f16io_f32acc_fp32_fast___expf_r3,softmax_oratc_targeted_g48s1024_confirm_v1_20260725_sess01_pos1_fp32_g48_s1024_cache_reuse_candidate_probe_g48_s00_p03,probe_before,3,0,0,138181.029763,138181.030896,138181.030329,0.00113240099745,-0.000572700519115,4797974178,false,false
softmax_1784949457700_softmax_full_f16io_f32acc_fp32_fast___expf_r3,softmax_oratc_targeted_g48s1024_confirm_v1_20260725_sess01_pos1_fp32_g48_s1024_cache_reuse_candidate_probe_g48_s00_p03,probe_before,3,0,1,138181.531212,138181.532615,138181.531914,0.00140320201172,0.501011724991,4798079306,true,false
softmax_1784949457700_softmax_full_f16io_f32acc_fp32_fast___expf_r3,softmax_oratc_targeted_g48s1024_confirm_v1_20260725_sess01_pos1_fp32_g48_s1024_cache_reuse_candidate_probe_g48_s00_p03,probe_before,3,0,2,138182.032777,138182.034191,138182.033484,0.00141440200969,1.00258196297,4798192993,true,false
softmax_1784949457700_softmax_full_f16io_f32acc_fp32_fast___expf_r3,softmax_oratc_targeted_g48s1024_confirm_v1_20260725_sess01_pos1_fp32_g48_s1024_cache_reuse_candidate_probe_g48_s00_p03,probe_before,3,0,3,138182.534305,138182.535706,138182.535006,0.00140180200106,1.50410350898,4798306169,true,true
softmax_1784949457700_softmax_full_f16io_f32acc_fp32_fast___expf_r3,softmax_oratc_targeted_g48s1024_confirm_v1_20260725_sess01_pos1_fp32_g48_s1024_cache_reuse_candidate_probe_g48_s00_p03,probe_before,3,0,4,138183.035827,138183.037568,138183.036697,0.00174120199517,2.00579536799,4798418801,true,true
softmax_1784949457700_softmax_full_f16io_f32acc_fp32_fast___expf_r3,softmax_oratc_targeted_g48s1024_confirm_v1_20260725_sess01_pos1_fp32_g48_s1024_cache_reuse_candidate_probe_g48_s00_p03,probe_before,3,0,5,138183.537684,138183.539128,138183.538406,0.00144359798287,2.50750395301,4798530857,true,true
softmax_1784949457700_softmax_full_f16io_f32acc_fp32_fast___expf_r3,softmax_oratc_targeted_g48s1024_confirm_v1_20260725_sess01_pos1_fp32_g48_s1024_cache_reuse_candidate_probe_g48_s00_p03,probe_before,3,0,6,138184.039244,138184.040551,138184.039897,0.00130679801805,3.00899534998,4798665724,true,true
softmax_1784949457700_softmax_full_f16io_f32acc_fp32_fast___expf_r3,softmax_oratc_targeted_g48s1024_confirm_v1_20260725_sess01_pos1_fp32_g48_s1024_cache_reuse_candidate_probe_g48_s00_p03,probe_before,3,0,7,138184.540684,138184.541985,138184.541335,0.0013006980007,3.51043270697,4798781452,true,true
softmax_1784949457700_softmax_full_f16io_f32acc_fp32_fast___expf_r3,softmax_oratc_targeted_g48s1024_confirm_v1_20260725_sess01_pos1_fp32_g48_s1024_cache_reuse_candidate_probe_g48_s00_p03,probe_before,3,0,8,138185.042147,138185.046883,138185.044515,0.00473649401101,4.01361292298,4798897194,true,true
softmax_1784949457700_softmax_full_f16io_f32acc_fp32_fast___expf_r3,softmax_oratc_targeted_g48s1024_confirm_v1_20260725_sess01_pos1_fp32_g48_s1024_cache_reuse_candidate_probe_g48_s00_p03,probe_before,3,0,9,138185.547036,138185.548465,138185.547751,0.00142869798583,4.51684854797,4799012297,true,true
softmax_1784949457700_softmax_full_f16io_f32acc_fp32_fast___expf_r3,softmax_oratc_targeted_g48s1024_confirm_v1_20260725_sess01_pos1_fp32_g48_s1024_cache_reuse_candidate_probe_g48_s00_p03,probe_before,3,0,10,138186.048593,138186.050045,138186.049319,0.00145259898272,5.0184169375,4799126841,true,true
softmax_1784949457700_softmax_full_f16io_f32acc_fp32_fast___expf_r3,softmax_oratc_targeted_g48s1024_confirm_v1_20260725_sess01_pos1_fp32_g48_s1024_cache_reuse_candidate_probe_g48_s00_p03,probe_before,3,0,11,138186.550204,138186.551572,138186.550888,0.00136779798777,5.519986286,4799240787,true,true
softmax_1784949457700_softmax_full_f16io_f32acc_fp32_fast___expf_r3,softmax_oratc_targeted_g48s1024_confirm_v1_20260725_sess01_pos1_fp32_g48_s1024_cache_reuse_candidate_probe_g48_s00_p03,probe_before,3,0,12,138187.051689,138187.05309,138187.052389,0.00140100100543,6.02148694749,4799354123,true,true
softmax_1784949457700_softmax_full_f16io_f32acc_fp32_fast___expf_r3,softmax_oratc_targeted_g48s1024_confirm_v1_20260725_sess01_pos1_fp32_g48_s1024_cache_reuse_candidate_probe_g48_s00_p03,probe_before,3,0,13,138187.553226,138187.554625,138187.553925,0.00139880200732,6.52302334399,4799466999,true,true
softmax_1784949457700_softmax_full_f16io_f32acc_fp32_fast___expf_r3,softmax_oratc_targeted_g48s1024_confirm_v1_20260725_sess01_pos1_fp32_g48_s1024_cache_reuse_candidate_probe_g48_s00_p03,probe_before,3,0,14,138188.054822,138188.056176,138188.055499,0.00135400201543,7.02459675301,4799579567,true,true
softmax_1784949457700_softmax_full_f16io_f32acc_fp32_fast___expf_r3,softmax_oratc_targeted_g48s1024_confirm_v1_20260725_sess01_pos1_fp32_g48_s1024_cache_reuse_candidate_probe_g48_s00_p03,probe_before,3,0,15,138188.556304,138188.557765,138188.557034,0.00146120099816,7.52613207049,4799691933,true,true
softmax_1784949457700_softmax_full_f16io_f32acc_fp32_fast___expf_r3,softmax_oratc_targeted_g48s1024_confirm_v1_20260725_sess01_pos1_fp32_g48_s1024_cache_reuse_candidate_probe_g48_s00_p03,probe_before,3,0,16,138189.057887,138189.059314,138189.058601,0.00142750199302,8.02769864997,4799803994,true,true
softmax_1784949457700_softmax_full_f16io_f32acc_fp32_fast___expf_r3,softmax_oratc_targeted_g48s1024_confirm_v1_20260725_sess01_pos1_fp32_g48_s1024_cache_reuse_candidate_probe_g48_s00_p03,probe_before,3,0,17,138189.559443,138189.560911,138189.560177,0.00146830198355,8.52927508799,4799915933,true,true
softmax_1784949457700_softmax_full_f16io_f32acc_fp32_fast___expf_r3,softmax_oratc_targeted_g48s1024_confirm_v1_20260725_sess01_pos1_fp32_g48_s1024_cache_reuse_candidate_probe_g48_s00_p03,probe_before,3,0,18,138190.061077,138190.064692,138190.062885,0.00361550500384,9.03198263948,4800027363,true,true
softmax_1784949457700_softmax_full_f16io_f32acc_fp32_fast___expf_r3,softmax_oratc_targeted_g48s1024_confirm_v1_20260725_sess01_pos1_fp32_g48_s1024_cache_reuse_candidate_probe_g48_s00_p03,probe_before,3,0,19,138190.564825,138190.566206,138190.565515,0.0013810020173,9.53461315099,4800142455,true,true
softmax_1784949457700_softmax_full_f16io_f32acc_fp32_fast___expf_r3,softmax_oratc_targeted_g48s1024_confirm_v1_20260725_sess01_pos1_fp32_g48_s1024_cache_reuse_candidate_probe_g48_s00_p03,probe_before,3,0,20,138191.066371,138191.067775,138191.067073,0.00140460199327,10.036170821,4800256939,true,true
softmax_1784949457700_softmax_full_f16io_f32acc_fp32_fast___expf_r3,softmax_oratc_targeted_g48s1024_confirm_v1_20260725_sess01_pos1_fp32_g48_s1024_cache_reuse_candidate_probe_g48_s00_p03,probe_before,3,0,21,138191.567939,138191.569308,138191.568623,0.00136939799995,10.537721337,4800370781,true,true
softmax_1784949457700_softmax_full_f16io_f32acc_fp32_fast___expf_r3,softmax_oratc_targeted_g48s1024_confirm_v1_20260725_sess01_pos1_fp32_g48_s1024_cache_reuse_candidate_probe_g48_s00_p03,probe_before,3,0,22,138192.069473,138192.070885,138192.070179,0.00141229800647,11.039276869,4800484290,true,true
softmax_1784949457700_softmax_full_f16io_f32acc_fp32_fast___expf_r3,softmax_oratc_targeted_g48s1024_confirm_v1_20260725_sess01_pos1_fp32_g48_s1024_cache_reuse_candidate_probe_g48_s00_p03,probe_before,3,0,23,138192.571021,138192.572371,138192.571696,0.00134989802609,11.540793961,4800597604,true,false
softmax_1784949457700_softmax_full_f16io_f32acc_fp32_fast___expf_r3,softmax_oratc_targeted_g48s1024_confirm_v1_20260725_sess01_pos1_fp32_g48_s1024_cache_reuse_candidate_probe_g48_s00_p03,probe_before,3,0,24,138193.07253,138193.073958,138193.073244,0.00142869798583,12.042341864,4800710394,true,false
softmax_1784949457700_softmax_full_f16io_f32acc_fp32_fast___expf_r3,softmax_oratc_targeted_g48s1024_confirm_v1_20260725_sess01_pos1_fp32_g48_s1024_cache_reuse_candidate_probe_g48_s00_p03,probe_before,3,0,25,138193.317373,138193.318769,138193.318071,0.00139619901893,12.2871689735,4800747124,true,false
softmax_1784949470000_softmax_full_f16io_f32acc_fp32_fast___expf_r3,softmax_oratc_targeted_g48s1024_confirm_v1_20260725_sess01_pos1_fp32_g48_s1024_cache_reuse_candidate_probe_g48_s00_p03,full,3,1,0,138193.329563,138193.330723,138193.330143,0.0011596980039,-0.000585748988669,4800747124,false,false
softmax_1784949470000_softmax_full_f16io_f32acc_fp32_fast___expf_r3,softmax_oratc_targeted_g48s1024_confirm_v1_20260725_sess01_pos1_fp32_g48_s1024_cache_reuse_candidate_probe_g48_s00_p03,full,3,1,1,138193.83111,138193.832514,138193.831812,0.00140369901783,0.501082973526,4800852938,true,false
softmax_1784949470000_softmax_full_f16io_f32acc_fp32_fast___expf_r3,softmax_oratc_targeted_g48s1024_confirm_v1_20260725_sess01_pos1_fp32_g48_s1024_cache_reuse_candidate_probe_g48_s00_p03,full,3,1,2,138194.332637,138194.334248,138194.333443,0.00161129701883,1.00271369651,4800967811,true,false
softmax_1784949470000_softmax_full_f16io_f32acc_fp32_fast___expf_r3,softmax_oratc_targeted_g48s1024_confirm_v1_20260725_sess01_pos1_fp32_g48_s1024_cache_reuse_candidate_probe_g48_s00_p03,full,3,1,3,138194.834377,138194.835774,138194.835076,0.00139730199589,1.50434682702,4801082200,true,true
softmax_1784949470000_softmax_full_f16io_f32acc_fp32_fast___expf_r3,softmax_oratc_targeted_g48s1024_confirm_v1_20260725_sess01_pos1_fp32_g48_s1024_cache_reuse_candidate_probe_g48_s00_p03,full,3,1,4,138195.335896,138195.337187,138195.336542,0.00129150200519,2.00581262799,4801219649,true,true
softmax_1784949470000_softmax_full_f16io_f32acc_fp32_fast___expf_r3,softmax_oratc_targeted_g48s1024_confirm_v1_20260725_sess01_pos1_fp32_g48_s1024_cache_reuse_candidate_probe_g48_s00_p03,full,3,1,5,138195.837357,138195.838669,138195.838013,0.00131190099637,2.50728384851,4801337179,true,true
softmax_1784949470000_softmax_full_f16io_f32acc_fp32_fast___expf_r3,softmax_oratc_targeted_g48s1024_confirm_v1_20260725_sess01_pos1_fp32_g48_s1024_cache_reuse_candidate_probe_g48_s00_p03,full,3,1,6,138196.338787,138196.342887,138196.340837,0.00410030499916,3.01010787152,4801454635,true,true
softmax_1784949470000_softmax_full_f16io_f32acc_fp32_fast___expf_r3,softmax_oratc_targeted_g48s1024_confirm_v1_20260725_sess01_pos1_fp32_g48_s1024_cache_reuse_candidate_probe_g48_s00_p03,full,3,1,7,138196.843007,138196.844405,138196.843706,0.00139780101017,3.5129768645,4801571673,true,true
softmax_1784949470000_softmax_full_f16io_f32acc_fp32_fast___expf_r3,softmax_oratc_targeted_g48s1024_confirm_v1_20260725_sess01_pos1_fp32_g48_s1024_cache_reuse_candidate_probe_g48_s00_p03,full,3,1,8,138197.344521,138197.345915,138197.345218,0.00139410200063,4.01448865602,4801688553,true,true
softmax_1784949470000_softmax_full_f16io_f32acc_fp32_fast___expf_r3,softmax_oratc_targeted_g48s1024_confirm_v1_20260725_sess01_pos1_fp32_g48_s1024_cache_reuse_candidate_probe_g48_s00_p03,full,3,1,9,138197.846071,138197.847446,138197.846759,0.00137530197389,4.51602961801,4801805239,true,true
softmax_1784949470000_softmax_full_f16io_f32acc_fp32_fast___expf_r3,softmax_oratc_targeted_g48s1024_confirm_v1_20260725_sess01_pos1_fp32_g48_s1024_cache_reuse_candidate_probe_g48_s00_p03,full,3,1,10,138198.347577,138198.34896,138198.348268,0.00138330200571,5.01753948003,4801921416,true,true
softmax_1784949470000_softmax_full_f16io_f32acc_fp32_fast___expf_r3,softmax_oratc_targeted_g48s1024_confirm_v1_20260725_sess01_pos1_fp32_g48_s1024_cache_reuse_candidate_probe_g48_s00_p03,full,3,1,11,138198.849081,138198.850476,138198.849778,0.0013947020052,5.51904926202,4802037133,true,true
softmax_1784949470000_softmax_full_f16io_f32acc_fp32_fast___expf_r3,softmax_oratc_targeted_g48s1024_confirm_v1_20260725_sess01_pos1_fp32_g48_s1024_cache_reuse_candidate_probe_g48_s00_p03,full,3,1,12,138199.35061,138199.352019,138199.351315,0.00140879701939,6.0205855165,4802152225,true,true
softmax_1784949470000_softmax_full_f16io_f32acc_fp32_fast___expf_r3,softmax_oratc_targeted_g48s1024_confirm_v1_20260725_sess01_pos1_fp32_g48_s1024_cache_reuse_candidate_probe_g48_s00_p03,full,3,1,13,138199.852168,138199.853562,138199.852865,0.00139319599839,6.52213601701,4802266707,true,true
softmax_1784949470000_softmax_full_f16io_f32acc_fp32_fast___expf_r3,softmax_oratc_targeted_g48s1024_confirm_v1_20260725_sess01_pos1_fp32_g48_s1024_cache_reuse_candidate_probe_g48_s00_p03,full,3,1,14,138200.353677,138200.355052,138200.354364,0.0013753969979,7.02363541853,4802380883,true,true
softmax_1784949470000_softmax_full_f16io_f32acc_fp32_fast___expf_r3,softmax_oratc_targeted_g48s1024_confirm_v1_20260725_sess01_pos1_fp32_g48_s1024_cache_reuse_candidate_probe_g48_s00_p03,full,3,1,15,138200.855171,138200.856624,138200.855897,0.00145219598198,7.52516844001,4802494903,true,true
softmax_1784949470000_softmax_full_f16io_f32acc_fp32_fast___expf_r3,softmax_oratc_targeted_g48s1024_confirm_v1_20260725_sess01_pos1_fp32_g48_s1024_cache_reuse_candidate_probe_g48_s00_p03,full,3,1,16,138201.356739,138201.361439,138201.359089,0.00469968898688,8.02836030751,4802608572,true,true
softmax_1784949470000_softmax_full_f16io_f32acc_fp32_fast___expf_r3,softmax_oratc_targeted_g48s1024_confirm_v1_20260725_sess01_pos1_fp32_g48_s1024_cache_reuse_candidate_probe_g48_s00_p03,full,3,1,17,138201.861558,138201.862952,138201.862255,0.0013942969963,8.53152584552,4802726065,true,true
softmax_1784949470000_softmax_full_f16io_f32acc_fp32_fast___expf_r3,softmax_oratc_targeted_g48s1024_confirm_v1_20260725_sess01_pos1_fp32_g48_s1024_cache_reuse_candidate_probe_g48_s00_p03,full,3,1,18,138202.363078,138202.364443,138202.363761,0.00136570099858,9.0330314895,4802843073,true,true
softmax_1784949470000_softmax_full_f16io_f32acc_fp32_fast___expf_r3,softmax_oratc_targeted_g48s1024_confirm_v1_20260725_sess01_pos1_fp32_g48_s1024_cache_reuse_candidate_probe_g48_s00_p03,full,3,1,19,138202.864563,138202.865896,138202.865229,0.00133370200638,9.53450046101,4802959621,true,true
softmax_1784949470000_softmax_full_f16io_f32acc_fp32_fast___expf_r3,softmax_oratc_targeted_g48s1024_confirm_v1_20260725_sess01_pos1_fp32_g48_s1024_cache_reuse_candidate_probe_g48_s00_p03,full,3,1,20,138203.366066,138203.367453,138203.36676,0.00138610100839,10.0360305335,4803075587,true,true
softmax_1784949470000_softmax_full_f16io_f32acc_fp32_fast___expf_r3,softmax_oratc_targeted_g48s1024_confirm_v1_20260725_sess01_pos1_fp32_g48_s1024_cache_reuse_candidate_probe_g48_s00_p03,full,3,1,21,138203.867626,138203.869079,138203.868353,0.00145220200648,10.537623575,4803190952,true,true
softmax_1784949470000_softmax_full_f16io_f32acc_fp32_fast___expf_r3,softmax_oratc_targeted_g48s1024_confirm_v1_20260725_sess01_pos1_fp32_g48_s1024_cache_reuse_candidate_probe_g48_s00_p03,full,3,1,22,138204.369235,138204.370572,138204.369903,0.00133720200392,11.039174468,4803306029,true,true
softmax_1784949470000_softmax_full_f16io_f32acc_fp32_fast___expf_r3,softmax_oratc_targeted_g48s1024_confirm_v1_20260725_sess01_pos1_fp32_g48_s1024_cache_reuse_candidate_probe_g48_s00_p03,full,3,1,23,138204.870733,138204.872229,138204.871481,0.00149580201833,11.540751779,4803420804,true,false
softmax_1784949470000_softmax_full_f16io_f32acc_fp32_fast___expf_r3,softmax_oratc_targeted_g48s1024_confirm_v1_20260725_sess01_pos1_fp32_g48_s1024_cache_reuse_candidate_probe_g48_s00_p03,full,3,1,24,138205.372361,138205.373761,138205.373061,0.00140000198735,12.042332092,4803535295,true,false
softmax_1784949470000_softmax_full_f16io_f32acc_fp32_fast___expf_r3,softmax_oratc_targeted_g48s1024_confirm_v1_20260725_sess01_pos1_fp32_g48_s1024_cache_reuse_candidate_probe_g48_s00_p03,full,3,1,25,138205.655363,138205.660032,138205.657697,0.00466820600559,12.326968451,4803591933,true,false
softmax_1784949482337_softmax_full_f16io_f32acc_fp32_fast___expf_r3,softmax_oratc_targeted_g48s1024_confirm_v1_20260725_sess01_pos1_fp32_g48_s1024_cache_reuse_candidate_probe_g48_s00_p03,probe_after,3,2,0,138205.667579,138205.668705,138205.668142,0.00112560199341,-0.000570201023947,4803591933,false,false
softmax_1784949482337_softmax_full_f16io_f32acc_fp32_fast___expf_r3,softmax_oratc_targeted_g48s1024_confirm_v1_20260725_sess01_pos1_fp32_g48_s1024_cache_reuse_candidate_probe_g48_s00_p03,probe_after,3,2,1,138206.168987,138206.17061,138206.169798,0.00162240202189,0.50108593097,4803702701,true,false
softmax_1784949482337_softmax_full_f16io_f32acc_fp32_fast___expf_r3,softmax_oratc_targeted_g48s1024_confirm_v1_20260725_sess01_pos1_fp32_g48_s1024_cache_reuse_candidate_probe_g48_s00_p03,probe_after,3,2,2,138206.670728,138206.672209,138206.671468,0.00148080202052,1.00275577599,4803815622,true,false
softmax_1784949482337_softmax_full_f16io_f32acc_fp32_fast___expf_r3,softmax_oratc_targeted_g48s1024_confirm_v1_20260725_sess01_pos1_fp32_g48_s1024_cache_reuse_candidate_probe_g48_s00_p03,probe_after,3,2,3,138207.172338,138207.173754,138207.173046,0.00141619800706,1.50433361798,4803927838,true,true
softmax_1784949482337_softmax_full_f16io_f32acc_fp32_fast___expf_r3,softmax_oratc_targeted_g48s1024_confirm_v1_20260725_sess01_pos1_fp32_g48_s1024_cache_reuse_candidate_probe_g48_s00_p03,probe_after,3,2,4,138207.673909,138207.6753,138207.674604,0.00139069798752,2.005891926,4804039585,true,true
softmax_1784949482337_softmax_full_f16io_f32acc_fp32_fast___expf_r3,softmax_oratc_targeted_g48s1024_confirm_v1_20260725_sess01_pos1_fp32_g48_s1024_cache_reuse_candidate_probe_g48_s00_p03,probe_after,3,2,5,138208.175438,138208.179263,138208.177351,0.00382459399407,2.50863823801,4804150755,true,true
softmax_1784949482337_softmax_full_f16io_f32acc_fp32_fast___expf_r3,softmax_oratc_targeted_g48s1024_confirm_v1_20260725_sess01_pos1_fp32_g48_s1024_cache_reuse_candidate_probe_g48_s00_p03,probe_after,3,2,6,138208.679415,138208.680801,138208.680108,0.00138639699435,3.01139571349,4804265758,true,true
softmax_1784949482337_softmax_full_f16io_f32acc_fp32_fast___expf_r3,softmax_oratc_targeted_g48s1024_confirm_v1_20260725_sess01_pos1_fp32_g48_s1024_cache_reuse_candidate_probe_g48_s00_p03,probe_after,3,2,7,138209.180971,138209.182357,138209.181664,0.00138569698902,3.51295194749,4804380597,true,true
softmax_1784949482337_softmax_full_f16io_f32acc_fp32_fast___expf_r3,softmax_oratc_targeted_g48s1024_confirm_v1_20260725_sess01_pos1_fp32_g48_s1024_cache_reuse_candidate_probe_g48_s00_p03,probe_after,3,2,8,138209.682508,138209.683865,138209.683187,0.0013578979997,4.01447414499,4804495247,true,true
softmax_1784949482337_softmax_full_f16io_f32acc_fp32_fast___expf_r3,softmax_oratc_targeted_g48s1024_confirm_v1_20260725_sess01_pos1_fp32_g48_s1024_cache_reuse_candidate_probe_g48_s00_p03,probe_after,3,2,9,138210.183994,138210.185422,138210.184708,0.0014274980058,4.51599584898,4804609610,true,true
softmax_1784949482337_softmax_full_f16io_f32acc_fp32_fast___expf_r3,softmax_oratc_targeted_g48s1024_confirm_v1_20260725_sess01_pos1_fp32_g48_s1024_cache_reuse_candidate_probe_g48_s00_p03,probe_after,3,2,10,138210.685555,138210.68702,138210.686287,0.00146500201663,5.01757478199,4804723577,true,true
softmax_1784949482337_softmax_full_f16io_f32acc_fp32_fast___expf_r3,softmax_oratc_targeted_g48s1024_confirm_v1_20260725_sess01_pos1_fp32_g48_s1024_cache_reuse_candidate_probe_g48_s00_p03,probe_after,3,2,11,138211.187142,138211.188731,138211.187936,0.00158930098405,5.51922389749,4804836947,true,true
softmax_1784949482337_softmax_full_f16io_f32acc_fp32_fast___expf_r3,softmax_oratc_targeted_g48s1024_confirm_v1_20260725_sess01_pos1_fp32_g48_s1024_cache_reuse_candidate_probe_g48_s00_p03,probe_after,3,2,12,138211.688831,138211.690931,138211.689881,0.00210020199302,6.02116892801,4804949580,true,true
softmax_1784949482337_softmax_full_f16io_f32acc_fp32_fast___expf_r3,softmax_oratc_targeted_g48s1024_confirm_v1_20260725_sess01_pos1_fp32_g48_s1024_cache_reuse_candidate_probe_g48_s00_p03,probe_after,3,2,13,138212.19109,138212.192509,138212.191799,0.00141960199107,6.52308711398,4805061633,true,true
softmax_1784949482337_softmax_full_f16io_f32acc_fp32_fast___expf_r3,softmax_oratc_targeted_g48s1024_confirm_v1_20260725_sess01_pos1_fp32_g48_s1024_cache_reuse_candidate_probe_g48_s00_p03,probe_after,3,2,14,138212.692675,138212.697759,138212.695217,0.00508490600623,7.02650466599,4805173349,true,true
softmax_1784949482337_softmax_full_f16io_f32acc_fp32_fast___expf_r3,softmax_oratc_targeted_g48s1024_confirm_v1_20260725_sess01_pos1_fp32_g48_s1024_cache_reuse_candidate_probe_g48_s00_p03,probe_after,3,2,15,138213.197875,138213.199232,138213.198554,0.00135600200156,7.52984112297,4805288619,true,true
softmax_1784949482337_softmax_full_f16io_f32acc_fp32_fast___expf_r3,softmax_oratc_targeted_g48s1024_confirm_v1_20260725_sess01_pos1_fp32_g48_s1024_cache_reuse_candidate_probe_g48_s00_p03,probe_after,3,2,16,138213.699397,138213.700818,138213.700107,0.00142070199945,8.03139499301,4805403534,true,true
softmax_1784949482337_softmax_full_f16io_f32acc_fp32_fast___expf_r3,softmax_oratc_targeted_g48s1024_confirm_v1_20260725_sess01_pos1_fp32_g48_s1024_cache_reuse_candidate_probe_g48_s00_p03,probe_after,3,2,17,138214.200984,138214.202382,138214.201683,0.00139740199666,8.53297046799,4805518346,true,true
softmax_1784949482337_softmax_full_f16io_f32acc_fp32_fast___expf_r3,softmax_oratc_targeted_g48s1024_confirm_v1_20260725_sess01_pos1_fp32_g48_s1024_cache_reuse_candidate_probe_g48_s00_p03,probe_after,3,2,18,138214.702498,138214.703957,138214.703228,0.00145900098141,9.03451540749,4805632805,true,true
softmax_1784949482337_softmax_full_f16io_f32acc_fp32_fast___expf_r3,softmax_oratc_targeted_g48s1024_confirm_v1_20260725_sess01_pos1_fp32_g48_s1024_cache_reuse_candidate_probe_g48_s00_p03,probe_after,3,2,19,138215.204127,138215.205571,138215.204849,0.00144409801578,9.53613654699,4805746643,true,true
softmax_1784949482337_softmax_full_f16io_f32acc_fp32_fast___expf_r3,softmax_oratc_targeted_g48s1024_confirm_v1_20260725_sess01_pos1_fp32_g48_s1024_cache_reuse_candidate_probe_g48_s00_p03,probe_after,3,2,20,138215.705737,138215.707093,138215.706415,0.00135599798523,10.037702952,4805859830,true,true
softmax_1784949482337_softmax_full_f16io_f32acc_fp32_fast___expf_r3,softmax_oratc_targeted_g48s1024_confirm_v1_20260725_sess01_pos1_fp32_g48_s1024_cache_reuse_candidate_probe_g48_s00_p03,probe_after,3,2,21,138216.207221,138216.208591,138216.207906,0.00136959800147,10.539193613,4805972465,true,true
softmax_1784949482337_softmax_full_f16io_f32acc_fp32_fast___expf_r3,softmax_oratc_targeted_g48s1024_confirm_v1_20260725_sess01_pos1_fp32_g48_s1024_cache_reuse_candidate_probe_g48_s00_p03,probe_after,3,2,22,138216.708706,138216.710156,138216.709431,0.00145009800326,11.040719038,4806084701,true,true
softmax_1784949482337_softmax_full_f16io_f32acc_fp32_fast___expf_r3,softmax_oratc_targeted_g48s1024_confirm_v1_20260725_sess01_pos1_fp32_g48_s1024_cache_reuse_candidate_probe_g48_s00_p03,probe_after,3,2,23,138217.210334,138217.211688,138217.211011,0.00135359799606,11.542298468,4806196722,true,false
softmax_1784949482337_softmax_full_f16io_f32acc_fp32_fast___expf_r3,softmax_oratc_targeted_g48s1024_confirm_v1_20260725_sess01_pos1_fp32_g48_s1024_cache_reuse_candidate_probe_g48_s00_p03,probe_after,3,2,24,138217.711815,138217.716143,138217.713979,0.00432769398321,12.045266411,4806308515,true,false
softmax_1784949482337_softmax_full_f16io_f32acc_fp32_fast___expf_r3,softmax_oratc_targeted_g48s1024_confirm_v1_20260725_sess01_pos1_fp32_g48_s1024_cache_reuse_candidate_probe_g48_s00_p03,probe_after,3,2,25,138217.964703,138217.966092,138217.965397,0.00138849799987,12.29668496,4806367551,true,false
softmax_1784949494649_softmax_full_f16io_f32acc_fp32_fast___expf_r4,softmax_oratc_targeted_g48s1024_confirm_v1_20260725_sess01_pos1_fp32_g48_s1024_cache_reuse_candidate_probe_g48_s00_p04,probe_before,4,0,0,138217.979054,138217.980258,138217.979656,0.00120429799426,-0.000608049012953,4806367551,false,false
softmax_1784949494649_softmax_full_f16io_f32acc_fp32_fast___expf_r4,softmax_oratc_targeted_g48s1024_confirm_v1_20260725_sess01_pos1_fp32_g48_s1024_cache_reuse_candidate_probe_g48_s00_p04,probe_before,4,0,1,138218.480586,138218.481924,138218.481255,0.00133839799673,0.500990705972,4806475004,true,false
softmax_1784949494649_softmax_full_f16io_f32acc_fp32_fast___expf_r4,softmax_oratc_targeted_g48s1024_confirm_v1_20260725_sess01_pos1_fp32_g48_s1024_cache_reuse_candidate_probe_g48_s00_p04,probe_before,4,0,2,138218.982054,138218.98345,138218.982752,0.0013965019898,1.002487536,4806588987,true,false
softmax_1784949494649_softmax_full_f16io_f32acc_fp32_fast___expf_r4,softmax_oratc_targeted_g48s1024_confirm_v1_20260725_sess01_pos1_fp32_g48_s1024_cache_reuse_candidate_probe_g48_s00_p04,probe_before,4,0,3,138219.483564,138219.484947,138219.484256,0.00138270101161,1.50399130251,4806702516,true,true
softmax_1784949494649_softmax_full_f16io_f32acc_fp32_fast___expf_r4,softmax_oratc_targeted_g48s1024_confirm_v1_20260725_sess01_pos1_fp32_g48_s1024_cache_reuse_candidate_probe_g48_s00_p04,probe_before,4,0,4,138219.985073,138219.986406,138219.985739,0.00133290200029,2.00547498299,4806815464,true,true
softmax_1784949494649_softmax_full_f16io_f32acc_fp32_fast___expf_r4,softmax_oratc_targeted_g48s1024_confirm_v1_20260725_sess01_pos1_fp32_g48_s1024_cache_reuse_candidate_probe_g48_s00_p04,probe_before,4,0,5,138220.486525,138220.487895,138220.48721,0.00136990100145,2.50694606948,4806927899,true,true
softmax_1784949494649_softmax_full_f16io_f32acc_fp32_fast___expf_r4,softmax_oratc_targeted_g48s1024_confirm_v1_20260725_sess01_pos1_fp32_g48_s1024_cache_reuse_candidate_probe_g48_s00_p04,probe_before,4,0,6,138220.988062,138220.989438,138220.98875,0.00137640102184,3.0084856195,4807040065,true,true
softmax_1784949494649_softmax_full_f16io_f32acc_fp32_fast___expf_r4,softmax_oratc_targeted_g48s1024_confirm_v1_20260725_sess01_pos1_fp32_g48_s1024_cache_reuse_candidate_probe_g48_s00_p04,probe_before,4,0,7,138221.489587,138221.490939,138221.490263,0.00135250101448,3.5099989755,4807152036,true,true
softmax_1784949494649_softmax_full_f16io_f32acc_fp32_fast___expf_r4,softmax_oratc_targeted_g48s1024_confirm_v1_20260725_sess01_pos1_fp32_g48_s1024_cache_reuse_candidate_probe_g48_s00_p04,probe_before,4,0,8,138221.991039,138221.994847,138221.992943,0.0038086049899,4.01267864648,4807263801,true,true
softmax_1784949494649_softmax_full_f16io_f32acc_fp32_fast___expf_r4,softmax_oratc_targeted_g48s1024_confirm_v1_20260725_sess01_pos1_fp32_g48_s1024_cache_reuse_candidate_probe_g48_s00_p04,probe_before,4,0,9,138222.49497,138222.496281,138222.495625,0.00131090101786,4.51536122349,4807379552,true,true
softmax_1784949494649_softmax_full_f16io_f32acc_fp32_fast___expf_r4,softmax_oratc_targeted_g48s1024_confirm_v1_20260725_sess01_pos1_fp32_g48_s1024_cache_reuse_candidate_probe_g48_s00_p04,probe_before,4,0,10,138222.996374,138222.997748,138222.997061,0.00137360199005,5.01679671201,4807494792,true,true
softmax_1784949494649_softmax_full_f16io_f32acc_fp32_fast___expf_r4,softmax_oratc_targeted_g48s1024_confirm_v1_20260725_sess01_pos1_fp32_g48_s1024_cache_reuse_candidate_probe_g48_s00_p04,probe_before,4,0,11,138223.497868,138223.499221,138223.498545,0.00135250101448,5.5182803155,4807609542,true,true
softmax_1784949494649_softmax_full_f16io_f32acc_fp32_fast___expf_r4,softmax_oratc_targeted_g48s1024_confirm_v1_20260725_sess01_pos1_fp32_g48_s1024_cache_reuse_candidate_probe_g48_s00_p04,probe_before,4,0,12,138223.999385,138224.000747,138224.000066,0.00136220100103,6.01980136649,4807723721,true,true
softmax_1784949494649_softmax_full_f16io_f32acc_fp32_fast___expf_r4,softmax_oratc_targeted_g48s1024_confirm_v1_20260725_sess01_pos1_fp32_g48_s1024_cache_reuse_candidate_probe_g48_s00_p04,probe_before,4,0,13,138224.500865,138224.502215,138224.50154,0.00134970099316,6.52127542347,4807837372,true,true
softmax_1784949494649_softmax_full_f16io_f32acc_fp32_fast___expf_r4,softmax_oratc_targeted_g48s1024_confirm_v1_20260725_sess01_pos1_fp32_g48_s1024_cache_reuse_candidate_probe_g48_s00_p04,probe_before,4,0,14,138225.002338,138225.003649,138225.002993,0.0013108010171,7.02272889449,4807950728,true,true
softmax_1784949494649_softmax_full_f16io_f32acc_fp32_fast___expf_r4,softmax_oratc_targeted_g48s1024_confirm_v1_20260725_sess01_pos1_fp32_g48_s1024_cache_reuse_candidate_probe_g48_s00_p04,probe_before,4,0,15,138225.503763,138225.505117,138225.50444,0.00135400198633,7.52417532098,4808063916,true,true
softmax_1784949494649_softmax_full_f16io_f32acc_fp32_fast___expf_r4,softmax_oratc_targeted_g48s1024_confirm_v1_20260725_sess01_pos1_fp32_g48_s1024_cache_reuse_candidate_probe_g48_s00_p04,probe_before,4,0,16,138226.005233,138226.006591,138226.005912,0.00135770099587,8.02564761048,4808176864,true,true
softmax_1784949494649_softmax_full_f16io_f32acc_fp32_fast___expf_r4,softmax_oratc_targeted_g48s1024_confirm_v1_20260725_sess01_pos1_fp32_g48_s1024_cache_reuse_candidate_probe_g48_s00_p04,probe_before,4,0,17,138226.506706,138226.50806,138226.507383,0.00135370198404,8.52711855699,4808289606,true,true
softmax_1784949494649_softmax_full_f16io_f32acc_fp32_fast___expf_r4,softmax_oratc_targeted_g48s1024_confirm_v1_20260725_sess01_pos1_fp32_g48_s1024_cache_reuse_candidate_probe_g48_s00_p04,probe_before,4,0,18,138227.008183,138227.013224,138227.010703,0.00504120500409,9.03043886751,4808402003,true,true
softmax_1784949494649_softmax_full_f16io_f32acc_fp32_fast___expf_r4,softmax_oratc_targeted_g48s1024_confirm_v1_20260725_sess01_pos1_fp32_g48_s1024_cache_reuse_candidate_probe_g48_s00_p04,probe_before,4,0,19,138227.513382,138227.514742,138227.514062,0.00136070200824,9.533797685,4808517630,true,true
softmax_1784949494649_softmax_full_f16io_f32acc_fp32_fast___expf_r4,softmax_oratc_targeted_g48s1024_confirm_v1_20260725_sess01_pos1_fp32_g48_s1024_cache_reuse_candidate_probe_g48_s00_p04,probe_before,4,0,20,138228.014912,138228.016251,138228.015582,0.001339000999,10.0353176135,4808632778,true,true
softmax_1784949494649_softmax_full_f16io_f32acc_fp32_fast___expf_r4,softmax_oratc_targeted_g48s1024_confirm_v1_20260725_sess01_pos1_fp32_g48_s1024_cache_reuse_candidate_probe_g48_s00_p04,probe_before,4,0,21,138228.51637,138228.517756,138228.517063,0.00138620199868,10.536798798,4808747180,true,true
softmax_1784949494649_softmax_full_f16io_f32acc_fp32_fast___expf_r4,softmax_oratc_targeted_g48s1024_confirm_v1_20260725_sess01_pos1_fp32_g48_s1024_cache_reuse_candidate_probe_g48_s00_p04,probe_before,4,0,22,138229.017882,138229.01925,138229.018566,0.00136810098775,11.0383021455,4808861251,true,true
softmax_1784949494649_softmax_full_f16io_f32acc_fp32_fast___expf_r4,softmax_oratc_targeted_g48s1024_confirm_v1_20260725_sess01_pos1_fp32_g48_s1024_cache_reuse_candidate_probe_g48_s00_p04,probe_before,4,0,23,138229.519366,138229.520719,138229.520043,0.00135340099223,11.5397782995,4808975036,true,false
softmax_1784949494649_softmax_full_f16io_f32acc_fp32_fast___expf_r4,softmax_oratc_targeted_g48s1024_confirm_v1_20260725_sess01_pos1_fp32_g48_s1024_cache_reuse_candidate_probe_g48_s00_p04,probe_before,4,0,24,138230.020887,138230.022579,138230.021733,0.0016912019928,12.041468816,4809088593,true,false
softmax_1784949494649_softmax_full_f16io_f32acc_fp32_fast___expf_r4,softmax_oratc_targeted_g48s1024_confirm_v1_20260725_sess01_pos1_fp32_g48_s1024_cache_reuse_candidate_probe_g48_s00_p04,probe_before,4,0,25,138230.269584,138230.27244,138230.271012,0.00285620201612,12.290748073,4809145980,true,false
softmax_1784949506950_softmax_full_f16io_f32acc_fp32_fast___expf_r4,softmax_oratc_targeted_g48s1024_confirm_v1_20260725_sess01_pos1_fp32_g48_s1024_cache_reuse_candidate_probe_g48_s00_p04,full,4,1,0,138230.279851,138230.28106,138230.280456,0.00120890099788,-0.000610350485658,4809145980,false,false
softmax_1784949506950_softmax_full_f16io_f32acc_fp32_fast___expf_r4,softmax_oratc_targeted_g48s1024_confirm_v1_20260725_sess01_pos1_fp32_g48_s1024_cache_reuse_candidate_probe_g48_s00_p04,full,4,1,1,138230.781373,138230.782771,138230.782072,0.00139800200122,0.501006232982,4809257233,true,false
softmax_1784949506950_softmax_full_f16io_f32acc_fp32_fast___expf_r4,softmax_oratc_targeted_g48s1024_confirm_v1_20260725_sess01_pos1_fp32_g48_s1024_cache_reuse_candidate_probe_g48_s00_p04,full,4,1,2,138231.282894,138231.284359,138231.283626,0.00146490099723,1.00255993352,4809372174,true,false
softmax_1784949506950_softmax_full_f16io_f32acc_fp32_fast___expf_r4,softmax_oratc_targeted_g48s1024_confirm_v1_20260725_sess01_pos1_fp32_g48_s1024_cache_reuse_candidate_probe_g48_s00_p04,full,4,1,3,138231.784483,138231.785857,138231.78517,0.00137390100281,1.50410380051,4809486620,true,true
softmax_1784949506950_softmax_full_f16io_f32acc_fp32_fast___expf_r4,softmax_oratc_targeted_g48s1024_confirm_v1_20260725_sess01_pos1_fp32_g48_s1024_cache_reuse_candidate_probe_g48_s00_p04,full,4,1,4,138232.285973,138232.28735,138232.286662,0.00137670099502,2.0055955695,4809600426,true,true
softmax_1784949506950_softmax_full_f16io_f32acc_fp32_fast___expf_r4,softmax_oratc_targeted_g48s1024_confirm_v1_20260725_sess01_pos1_fp32_g48_s1024_cache_reuse_candidate_probe_g48_s00_p04,full,4,1,5,138232.787472,138232.791934,138232.789703,0.00446220199228,2.50863720599,4809713698,true,true
softmax_1784949506950_softmax_full_f16io_f32acc_fp32_fast___expf_r4,softmax_oratc_targeted_g48s1024_confirm_v1_20260725_sess01_pos1_fp32_g48_s1024_cache_reuse_candidate_probe_g48_s00_p04,full,4,1,6,138233.292138,138233.293553,138233.292845,0.00141519997851,3.01177929499,4809830706,true,true
softmax_1784949506950_softmax_full_f16io_f32acc_fp32_fast___expf_r4,softmax_oratc_targeted_g48s1024_confirm_v1_20260725_sess01_pos1_fp32_g48_s1024_cache_reuse_candidate_probe_g48_s00_p04,full,4,1,7,138233.793702,138233.795089,138233.794396,0.00138750101905,3.51332955051,4809946627,true,true
softmax_1784949506950_softmax_full_f16io_f32acc_fp32_fast___expf_r4,softmax_oratc_targeted_g48s1024_confirm_v1_20260725_sess01_pos1_fp32_g48_s1024_cache_reuse_candidate_probe_g48_s00_p04,full,4,1,8,138234.295203,138234.296787,138234.295995,0.00158380100038,4.01492890652,4810062371,true,true
softmax_1784949506950_softmax_full_f16io_f32acc_fp32_fast___expf_r4,softmax_oratc_targeted_g48s1024_confirm_v1_20260725_sess01_pos1_fp32_g48_s1024_cache_reuse_candidate_probe_g48_s00_p04,full,4,1,9,138234.796906,138234.798287,138234.797596,0.00138110099942,4.51653018151,4810177952,true,true
softmax_1784949506950_softmax_full_f16io_f32acc_fp32_fast___expf_r4,softmax_oratc_targeted_g48s1024_confirm_v1_20260725_sess01_pos1_fp32_g48_s1024_cache_reuse_candidate_probe_g48_s00_p04,full,4,1,10,138235.298421,138235.299842,138235.299132,0.00142089999281,5.018065607,4810292980,true,true
softmax_1784949506950_softmax_full_f16io_f32acc_fp32_fast___expf_r4,softmax_oratc_targeted_g48s1024_confirm_v1_20260725_sess01_pos1_fp32_g48_s1024_cache_reuse_candidate_probe_g48_s00_p04,full,4,1,11,138235.79996,138235.801429,138235.800695,0.00146840099478,5.51962840051,4810407442,true,true
softmax_1784949506950_softmax_full_f16io_f32acc_fp32_fast___expf_r4,softmax_oratc_targeted_g48s1024_confirm_v1_20260725_sess01_pos1_fp32_g48_s1024_cache_reuse_candidate_probe_g48_s00_p04,full,4,1,12,138236.301584,138236.303016,138236.3023,0.00143260098412,6.02123394451,4810521382,true,true
softmax_1784949506950_softmax_full_f16io_f32acc_fp32_fast___expf_r4,softmax_oratc_targeted_g48s1024_confirm_v1_20260725_sess01_pos1_fp32_g48_s1024_cache_reuse_candidate_probe_g48_s00_p04,full,4,1,13,138236.803132,138236.804495,138236.803813,0.00136280097649,6.52274700749,4810634714,true,true
softmax_1784949506950_softmax_full_f16io_f32acc_fp32_fast___expf_r4,softmax_oratc_targeted_g48s1024_confirm_v1_20260725_sess01_pos1_fp32_g48_s1024_cache_reuse_candidate_probe_g48_s00_p04,full,4,1,14,138237.304609,138237.306003,138237.305306,0.00139350097743,7.02424002049,4810747876,true,true
softmax_1784949506950_softmax_full_f16io_f32acc_fp32_fast___expf_r4,softmax_oratc_targeted_g48s1024_confirm_v1_20260725_sess01_pos1_fp32_g48_s1024_cache_reuse_candidate_probe_g48_s00_p04,full,4,1,15,138237.806129,138237.810067,138237.808098,0.00393750600051,7.527032026,4810860747,true,true
softmax_1784949506950_softmax_full_f16io_f32acc_fp32_fast___expf_r4,softmax_oratc_targeted_g48s1024_confirm_v1_20260725_sess01_pos1_fp32_g48_s1024_cache_reuse_candidate_probe_g48_s00_p04,full,4,1,16,138238.310231,138238.311666,138238.310949,0.00143500199192,8.029882751,4810977427,true,true
softmax_1784949506950_softmax_full_f16io_f32acc_fp32_fast___expf_r4,softmax_oratc_targeted_g48s1024_confirm_v1_20260725_sess01_pos1_fp32_g48_s1024_cache_reuse_candidate_probe_g48_s00_p04,full,4,1,17,138238.811784,138238.813185,138238.812484,0.00140120199649,8.53141804101,4811093889,true,true
softmax_1784949506950_softmax_full_f16io_f32acc_fp32_fast___expf_r4,softmax_oratc_targeted_g48s1024_confirm_v1_20260725_sess01_pos1_fp32_g48_s1024_cache_reuse_candidate_probe_g48_s00_p04,full,4,1,18,138239.313339,138239.314725,138239.314032,0.00138659999357,9.032965764,4811209874,true,true
softmax_1784949506950_softmax_full_f16io_f32acc_fp32_fast___expf_r4,softmax_oratc_targeted_g48s1024_confirm_v1_20260725_sess01_pos1_fp32_g48_s1024_cache_reuse_candidate_probe_g48_s00_p04,full,4,1,19,138239.81485,138239.816239,138239.815544,0.00138940001489,9.53447828098,4811325386,true,true
softmax_1784949506950_softmax_full_f16io_f32acc_fp32_fast___expf_r4,softmax_oratc_targeted_g48s1024_confirm_v1_20260725_sess01_pos1_fp32_g48_s1024_cache_reuse_candidate_probe_g48_s00_p04,full,4,1,20,138240.316362,138240.317797,138240.317079,0.00143460000982,10.036013098,4811440280,true,true
softmax_1784949506950_softmax_full_f16io_f32acc_fp32_fast___expf_r4,softmax_oratc_targeted_g48s1024_confirm_v1_20260725_sess01_pos1_fp32_g48_s1024_cache_reuse_candidate_probe_g48_s00_p04,full,4,1,21,138240.817887,138240.81961,138240.818748,0.00172309999471,10.537682084,4811554534,true,true
softmax_1784949506950_softmax_full_f16io_f32acc_fp32_fast___expf_r4,softmax_oratc_targeted_g48s1024_confirm_v1_20260725_sess01_pos1_fp32_g48_s1024_cache_reuse_candidate_probe_g48_s00_p04,full,4,1,22,138241.319763,138241.32118,138241.320471,0.00141739999526,11.03940527,4811668332,true,true
softmax_1784949506950_softmax_full_f16io_f32acc_fp32_fast___expf_r4,softmax_oratc_targeted_g48s1024_confirm_v1_20260725_sess01_pos1_fp32_g48_s1024_cache_reuse_candidate_probe_g48_s00_p04,full,4,1,23,138241.821332,138241.822772,138241.822052,0.00144029999501,11.540985974,4811805520,true,false
softmax_1784949506950_softmax_full_f16io_f32acc_fp32_fast___expf_r4,softmax_oratc_targeted_g48s1024_confirm_v1_20260725_sess01_pos1_fp32_g48_s1024_cache_reuse_candidate_probe_g48_s00_p04,full,4,1,24,138242.322888,138242.324217,138242.323552,0.00132869998924,12.042486229,4811923207,true,false
softmax_1784949506950_softmax_full_f16io_f32acc_fp32_fast___expf_r4,softmax_oratc_targeted_g48s1024_confirm_v1_20260725_sess01_pos1_fp32_g48_s1024_cache_reuse_candidate_probe_g48_s00_p04,full,4,1,25,138242.688188,138242.68961,138242.688899,0.00142279997817,12.407832932,4811985092,true,false
softmax_1784949519367_softmax_full_f16io_f32acc_fp32_fast___expf_r4,softmax_oratc_targeted_g48s1024_confirm_v1_20260725_sess01_pos1_fp32_g48_s1024_cache_reuse_candidate_probe_g48_s00_p04,probe_after,4,2,0,138242.697228,138242.698383,138242.697805,0.00115539997933,-0.000583899993217,4811985092,false,false
softmax_1784949519367_softmax_full_f16io_f32acc_fp32_fast___expf_r4,softmax_oratc_targeted_g48s1024_confirm_v1_20260725_sess01_pos1_fp32_g48_s1024_cache_reuse_candidate_probe_g48_s00_p04,probe_after,4,2,1,138243.198659,138243.199995,138243.199327,0.00133560100221,0.500937373523,4812092340,true,false
softmax_1784949519367_softmax_full_f16io_f32acc_fp32_fast___expf_r4,softmax_oratc_targeted_g48s1024_confirm_v1_20260725_sess01_pos1_fp32_g48_s1024_cache_reuse_candidate_probe_g48_s00_p04,probe_after,4,2,2,138243.700152,138243.701549,138243.700851,0.00139750100789,1.00246131051,4812204019,true,false
softmax_1784949519367_softmax_full_f16io_f32acc_fp32_fast___expf_r4,softmax_oratc_targeted_g48s1024_confirm_v1_20260725_sess01_pos1_fp32_g48_s1024_cache_reuse_candidate_probe_g48_s00_p04,probe_after,4,2,3,138244.201677,138244.203049,138244.202363,0.00137240099139,1.50397345252,4812315300,true,true
softmax_1784949519367_softmax_full_f16io_f32acc_fp32_fast___expf_r4,softmax_oratc_targeted_g48s1024_confirm_v1_20260725_sess01_pos1_fp32_g48_s1024_cache_reuse_candidate_probe_g48_s00_p04,probe_after,4,2,4,138244.703199,138244.70779,138244.705495,0.00459090102231,2.0071053085,4812426180,true,true
softmax_1784949519367_softmax_full_f16io_f32acc_fp32_fast___expf_r4,softmax_oratc_targeted_g48s1024_confirm_v1_20260725_sess01_pos1_fp32_g48_s1024_cache_reuse_candidate_probe_g48_s00_p04,probe_after,4,2,5,138245.207923,138245.209378,138245.20865,0.00145470301504,2.51026100948,4812540355,true,true
softmax_1784949519367_softmax_full_f16io_f32acc_fp32_fast___expf_r4,softmax_oratc_targeted_g48s1024_confirm_v1_20260725_sess01_pos1_fp32_g48_s1024_cache_reuse_candidate_probe_g48_s00_p04,probe_after,4,2,6,138245.709535,138245.710925,138245.71023,0.0013903020008,3.01184054199,4812654201,true,true
softmax_1784949519367_softmax_full_f16io_f32acc_fp32_fast___expf_r4,softmax_oratc_targeted_g48s1024_confirm_v1_20260725_sess01_pos1_fp32_g48_s1024_cache_reuse_candidate_probe_g48_s00_p04,probe_after,4,2,7,138246.211079,138246.21246,138246.21177,0.00138100198819,3.51338042898,4812767735,true,true
softmax_1784949519367_softmax_full_f16io_f32acc_fp32_fast___expf_r4,softmax_oratc_targeted_g48s1024_confirm_v1_20260725_sess01_pos1_fp32_g48_s1024_cache_reuse_candidate_probe_g48_s00_p04,probe_after,4,2,8,138246.712585,138246.71407,138246.713328,0.00148440300836,4.01493817949,4812881186,true,true
softmax_1784949519367_softmax_full_f16io_f32acc_fp32_fast___expf_r4,softmax_oratc_targeted_g48s1024_confirm_v1_20260725_sess01_pos1_fp32_g48_s1024_cache_reuse_candidate_probe_g48_s00_p04,probe_after,4,2,9,138247.21421,138247.2156,138247.214905,0.00139029300772,4.51651578449,4812994402,true,true
softmax_1784949519367_softmax_full_f16io_f32acc_fp32_fast___expf_r4,softmax_oratc_targeted_g48s1024_confirm_v1_20260725_sess01_pos1_fp32_g48_s1024_cache_reuse_candidate_probe_g48_s00_p04,probe_after,4,2,10,138247.715775,138247.717545,138247.71666,0.00176959100645,5.0182704555,4813107084,true,true
softmax_1784949519367_softmax_full_f16io_f32acc_fp32_fast___expf_r4,softmax_oratc_targeted_g48s1024_confirm_v1_20260725_sess01_pos1_fp32_g48_s1024_cache_reuse_candidate_probe_g48_s00_p04,probe_after,4,2,11,138248.217677,138248.219097,138248.218387,0.00141949299723,5.51999753149,4813219090,true,true
softmax_1784949519367_softmax_full_f16io_f32acc_fp32_fast___expf_r4,softmax_oratc_targeted_g48s1024_confirm_v1_20260725_sess01_pos1_fp32_g48_s1024_cache_reuse_candidate_probe_g48_s00_p04,probe_after,4,2,12,138248.719267,138248.720575,138248.719921,0.00130849299603,6.02153147149,4813353661,true,true
softmax_1784949519367_softmax_full_f16io_f32acc_fp32_fast___expf_r4,softmax_oratc_targeted_g48s1024_confirm_v1_20260725_sess01_pos1_fp32_g48_s1024_cache_reuse_candidate_probe_g48_s00_p04,probe_after,4,2,13,138249.22071,138249.222014,138249.221362,0.00130419401103,6.52297226698,4813468797,true,true
softmax_1784949519367_softmax_full_f16io_f32acc_fp32_fast___expf_r4,softmax_oratc_targeted_g48s1024_confirm_v1_20260725_sess01_pos1_fp32_g48_s1024_cache_reuse_candidate_probe_g48_s00_p04,probe_after,4,2,14,138249.722173,138249.726419,138249.724296,0.00424598000245,7.025906619,4813583838,true,true
softmax_1784949519367_softmax_full_f16io_f32acc_fp32_fast___expf_r4,softmax_oratc_targeted_g48s1024_confirm_v1_20260725_sess01_pos1_fp32_g48_s1024_cache_reuse_candidate_probe_g48_s00_p04,probe_after,4,2,15,138250.226551,138250.227913,138250.227232,0.00136269300128,7.52884252547,4813698326,true,true
softmax_1784949519367_softmax_full_f16io_f32acc_fp32_fast___expf_r4,softmax_oratc_targeted_g48s1024_confirm_v1_20260725_sess01_pos1_fp32_g48_s1024_cache_reuse_candidate_probe_g48_s00_p04,probe_after,4,2,16,138250.728028,138250.729431,138250.72873,0.00140330201248,8.03034040899,4813812642,true,true
softmax_1784949519367_softmax_full_f16io_f32acc_fp32_fast___expf_r4,softmax_oratc_targeted_g48s1024_confirm_v1_20260725_sess01_pos1_fp32_g48_s1024_cache_reuse_candidate_probe_g48_s00_p04,probe_after,4,2,17,138251.229555,138251.230952,138251.230254,0.00139690199285,8.53186453701,4813926740,true,true
softmax_1784949519367_softmax_full_f16io_f32acc_fp32_fast___expf_r4,softmax_oratc_targeted_g48s1024_confirm_v1_20260725_sess01_pos1_fp32_g48_s1024_cache_reuse_candidate_probe_g48_s00_p04,probe_after,4,2,18,138251.731112,138251.732528,138251.73182,0.00141610199353,9.033430879,4814040185,true,true
softmax_1784949519367_softmax_full_f16io_f32acc_fp32_fast___expf_r4,softmax_oratc_targeted_g48s1024_confirm_v1_20260725_sess01_pos1_fp32_g48_s1024_cache_reuse_candidate_probe_g48_s00_p04,probe_after,4,2,19,138252.232658,138252.234053,138252.233356,0.00139510197914,9.53496642501,4814153089,true,true
softmax_1784949519367_softmax_full_f16io_f32acc_fp32_fast___expf_r4,softmax_oratc_targeted_g48s1024_confirm_v1_20260725_sess01_pos1_fp32_g48_s1024_cache_reuse_candidate_probe_g48_s00_p04,probe_after,4,2,20,138252.734218,138252.735578,138252.734898,0.00136010197457,10.036508586,4814265392,true,true
softmax_1784949519367_softmax_full_f16io_f32acc_fp32_fast___expf_r4,softmax_oratc_targeted_g48s1024_confirm_v1_20260725_sess01_pos1_fp32_g48_s1024_cache_reuse_candidate_probe_g48_s00_p04,probe_after,4,2,21,138253.235709,138253.237091,138253.2364,0.00138170202263,10.53801095,4814377169,true,true
softmax_1784949519367_softmax_full_f16io_f32acc_fp32_fast___expf_r4,softmax_oratc_targeted_g48s1024_confirm_v1_20260725_sess01_pos1_fp32_g48_s1024_cache_reuse_candidate_probe_g48_s00_p04,probe_after,4,2,22,138253.737223,138253.738605,138253.737914,0.00138140199124,11.039524479,4814488712,true,true
softmax_1784949519367_softmax_full_f16io_f32acc_fp32_fast___expf_r4,softmax_oratc_targeted_g48s1024_confirm_v1_20260725_sess01_pos1_fp32_g48_s1024_cache_reuse_candidate_probe_g48_s00_p04,probe_after,4,2,23,138254.238726,138254.240139,138254.239432,0.0014134029916,11.5410430615,4814600167,true,false
softmax_1784949519367_softmax_full_f16io_f32acc_fp32_fast___expf_r4,softmax_oratc_targeted_g48s1024_confirm_v1_20260725_sess01_pos1_fp32_g48_s1024_cache_reuse_candidate_probe_g48_s00_p04,probe_after,4,2,24,138254.74026,138254.744742,138254.742501,0.00448220700491,12.0441119615,4814711349,true,false
softmax_1784949519367_softmax_full_f16io_f32acc_fp32_fast___expf_r4,softmax_oratc_targeted_g48s1024_confirm_v1_20260725_sess01_pos1_fp32_g48_s1024_cache_reuse_candidate_probe_g48_s00_p04,probe_after,4,2,25,138255.059982,138255.064832,138255.062407,0.00484940799652,12.364017472,4814771202,true,false
softmax_1784949531742_softmax_full_f16io_f32acc_fp32_fast___expf_r5,softmax_oratc_targeted_g48s1024_confirm_v1_20260725_sess01_pos1_fp32_g48_s1024_cache_reuse_candidate_probe_g48_s00_p05,full_before,5,0,0,138255.072215,138255.073449,138255.072832,0.0012335020001,-0.000624451000476,4814771202,false,false
softmax_1784949531742_softmax_full_f16io_f32acc_fp32_fast___expf_r5,softmax_oratc_targeted_g48s1024_confirm_v1_20260725_sess01_pos1_fp32_g48_s1024_cache_reuse_candidate_probe_g48_s00_p05,full_before,5,0,1,138255.57372,138255.57509,138255.574405,0.00136959998053,0.500948340981,4814881910,true,false
softmax_1784949531742_softmax_full_f16io_f32acc_fp32_fast___expf_r5,softmax_oratc_targeted_g48s1024_confirm_v1_20260725_sess01_pos1_fp32_g48_s1024_cache_reuse_candidate_probe_g48_s00_p05,full_before,5,0,2,138256.07522,138256.076586,138256.075903,0.00136610001209,1.00244614697,4814995985,true,false
softmax_1784949531742_softmax_full_f16io_f32acc_fp32_fast___expf_r5,softmax_oratc_targeted_g48s1024_confirm_v1_20260725_sess01_pos1_fp32_g48_s1024_cache_reuse_candidate_probe_g48_s00_p05,full_before,5,0,3,138256.576741,138256.578148,138256.577444,0.00140730000567,1.503988012,4815109647,true,true
softmax_1784949531742_softmax_full_f16io_f32acc_fp32_fast___expf_r5,softmax_oratc_targeted_g48s1024_confirm_v1_20260725_sess01_pos1_fp32_g48_s1024_cache_reuse_candidate_probe_g48_s00_p05,full_before,5,0,4,138257.078292,138257.079601,138257.078946,0.00130859899218,2.00548983651,4815222743,true,true
softmax_1784949531742_softmax_full_f16io_f32acc_fp32_fast___expf_r5,softmax_oratc_targeted_g48s1024_confirm_v1_20260725_sess01_pos1_fp32_g48_s1024_cache_reuse_candidate_probe_g48_s00_p05,full_before,5,0,5,138257.579749,138257.583918,138257.581834,0.00416949798819,2.508377169,4815335429,true,true
softmax_1784949531742_softmax_full_f16io_f32acc_fp32_fast___expf_r5,softmax_oratc_targeted_g48s1024_confirm_v1_20260725_sess01_pos1_fp32_g48_s1024_cache_reuse_candidate_probe_g48_s00_p05,full_before,5,0,6,138258.084048,138258.085431,138258.084739,0.00138259999221,3.011282811,4815452006,true,true
softmax_1784949531742_softmax_full_f16io_f32acc_fp32_fast___expf_r5,softmax_oratc_targeted_g48s1024_confirm_v1_20260725_sess01_pos1_fp32_g48_s1024_cache_reuse_candidate_probe_g48_s00_p05,full_before,5,0,7,138258.585558,138258.586949,138258.586254,0.001391599013,3.51279711249,4815568370,true,true
softmax_1784949531742_softmax_full_f16io_f32acc_fp32_fast___expf_r5,softmax_oratc_targeted_g48s1024_confirm_v1_20260725_sess01_pos1_fp32_g48_s1024_cache_reuse_candidate_probe_g48_s00_p05,full_before,5,0,8,138259.087112,138259.088473,138259.087793,0.00136029999703,4.01433617299,4815684487,true,true
softmax_1784949531742_softmax_full_f16io_f32acc_fp32_fast___expf_r5,softmax_oratc_targeted_g48s1024_confirm_v1_20260725_sess01_pos1_fp32_g48_s1024_cache_reuse_candidate_probe_g48_s00_p05,full_before,5,0,9,138259.588625,138259.589968,138259.589297,0.00134309899295,4.5158401925,4815800423,true,true
softmax_1784949531742_softmax_full_f16io_f32acc_fp32_fast___expf_r5,softmax_oratc_targeted_g48s1024_confirm_v1_20260725_sess01_pos1_fp32_g48_s1024_cache_reuse_candidate_probe_g48_s00_p05,full_before,5,0,10,138260.09014,138260.091521,138260.09083,0.00138130001142,5.017373821,4815915729,true,true
softmax_1784949531742_softmax_full_f16io_f32acc_fp32_fast___expf_r5,softmax_oratc_targeted_g48s1024_confirm_v1_20260725_sess01_pos1_fp32_g48_s1024_cache_reuse_candidate_probe_g48_s00_p05,full_before,5,0,11,138260.591689,138260.593061,138260.592375,0.00137129897485,5.51891865849,4816030517,true,true
softmax_1784949531742_softmax_full_f16io_f32acc_fp32_fast___expf_r5,softmax_oratc_targeted_g48s1024_confirm_v1_20260725_sess01_pos1_fp32_g48_s1024_cache_reuse_candidate_probe_g48_s00_p05,full_before,5,0,12,138261.093185,138261.094578,138261.093881,0.00139289998333,6.020425005,4816144765,true,true
softmax_1784949531742_softmax_full_f16io_f32acc_fp32_fast___expf_r5,softmax_oratc_targeted_g48s1024_confirm_v1_20260725_sess01_pos1_fp32_g48_s1024_cache_reuse_candidate_probe_g48_s00_p05,full_before,5,0,13,138261.594708,138261.596115,138261.595412,0.00140690000262,6.52195536098,4816258510,true,true
softmax_1784949531742_softmax_full_f16io_f32acc_fp32_fast___expf_r5,softmax_oratc_targeted_g48s1024_confirm_v1_20260725_sess01_pos1_fp32_g48_s1024_cache_reuse_candidate_probe_g48_s00_p05,full_before,5,0,14,138262.096247,138262.097651,138262.096949,0.00140380198718,7.02349249,4816371977,true,true
softmax_1784949531742_softmax_full_f16io_f32acc_fp32_fast___expf_r5,softmax_oratc_targeted_g48s1024_confirm_v1_20260725_sess01_pos1_fp32_g48_s1024_cache_reuse_candidate_probe_g48_s00_p05,full_before,5,0,15,138262.597791,138262.602187,138262.599989,0.00439600701793,7.52653253247,4816485284,true,true
softmax_1784949531742_softmax_full_f16io_f32acc_fp32_fast___expf_r5,softmax_oratc_targeted_g48s1024_confirm_v1_20260725_sess01_pos1_fp32_g48_s1024_cache_reuse_candidate_probe_g48_s00_p05,full_before,5,0,16,138263.102309,138263.103692,138263.103001,0.00138300200342,8.02954418398,4816602407,true,true
softmax_1784949531742_softmax_full_f16io_f32acc_fp32_fast___expf_r5,softmax_oratc_targeted_g48s1024_confirm_v1_20260725_sess01_pos1_fp32_g48_s1024_cache_reuse_candidate_probe_g48_s00_p05,full_before,5,0,17,138263.603812,138263.60519,138263.604501,0.00137838599039,8.53104457399,4816719310,true,true
softmax_1784949531742_softmax_full_f16io_f32acc_fp32_fast___expf_r5,softmax_oratc_targeted_g48s1024_confirm_v1_20260725_sess01_pos1_fp32_g48_s1024_cache_reuse_candidate_probe_g48_s00_p05,full_before,5,0,18,138264.105309,138264.106742,138264.106026,0.00143308599945,9.032569214,4816835710,true,true
softmax_1784949531742_softmax_full_f16io_f32acc_fp32_fast___expf_r5,softmax_oratc_targeted_g48s1024_confirm_v1_20260725_sess01_pos1_fp32_g48_s1024_cache_reuse_candidate_probe_g48_s00_p05,full_before,5,0,19,138264.606876,138264.608283,138264.60758,0.00140648701927,9.5341231135,4816951517,true,true
softmax_1784949531742_softmax_full_f16io_f32acc_fp32_fast___expf_r5,softmax_oratc_targeted_g48s1024_confirm_v1_20260725_sess01_pos1_fp32_g48_s1024_cache_reuse_candidate_probe_g48_s00_p05,full_before,5,0,20,138265.108422,138265.109817,138265.10912,0.00139470098657,10.0356632845,4817066777,true,true
softmax_1784949531742_softmax_full_f16io_f32acc_fp32_fast___expf_r5,softmax_oratc_targeted_g48s1024_confirm_v1_20260725_sess01_pos1_fp32_g48_s1024_cache_reuse_candidate_probe_g48_s00_p05,full_before,5,0,21,138265.609937,138265.611629,138265.610783,0.00169270200422,10.537326541,4817181446,true,true
softmax_1784949531742_softmax_full_f16io_f32acc_fp32_fast___expf_r5,softmax_oratc_targeted_g48s1024_confirm_v1_20260725_sess01_pos1_fp32_g48_s1024_cache_reuse_candidate_probe_g48_s00_p05,full_before,5,0,22,138266.111753,138266.113158,138266.112455,0.00140490100603,11.0389990055,4817295877,true,true
softmax_1784949531742_softmax_full_f16io_f32acc_fp32_fast___expf_r5,softmax_oratc_targeted_g48s1024_confirm_v1_20260725_sess01_pos1_fp32_g48_s1024_cache_reuse_candidate_probe_g48_s00_p05,full_before,5,0,23,138266.613292,138266.614683,138266.613987,0.00139060200308,11.54053083,4817409969,true,false
softmax_1784949531742_softmax_full_f16io_f32acc_fp32_fast___expf_r5,softmax_oratc_targeted_g48s1024_confirm_v1_20260725_sess01_pos1_fp32_g48_s1024_cache_reuse_candidate_probe_g48_s00_p05,full_before,5,0,24,138267.114811,138267.116187,138267.115499,0.00137570101651,12.0420425625,4817547471,true,false
softmax_1784949531742_softmax_full_f16io_f32acc_fp32_fast___expf_r5,softmax_oratc_targeted_g48s1024_confirm_v1_20260725_sess01_pos1_fp32_g48_s1024_cache_reuse_candidate_probe_g48_s00_p05,full_before,5,0,25,138267.506867,138267.508675,138267.507771,0.00180810200982,12.434314124,4817610809,true,false
softmax_1784949544190_softmax_full_f16io_f32acc_fp32_fast___expf_r5,softmax_oratc_targeted_g48s1024_confirm_v1_20260725_sess01_pos1_fp32_g48_s1024_cache_reuse_candidate_probe_g48_s00_p05,probe_middle,5,1,0,138267.517026,138267.521246,138267.519136,0.00422010500915,-0.00211675249739,4817626005,false,false
softmax_1784949544190_softmax_full_f16io_f32acc_fp32_fast___expf_r5,softmax_oratc_targeted_g48s1024_confirm_v1_20260725_sess01_pos1_fp32_g48_s1024_cache_reuse_candidate_probe_g48_s00_p05,probe_middle,5,1,1,138268.021592,138268.022956,138268.022274,0.00136470102007,0.501021249511,4817739887,true,false
softmax_1784949544190_softmax_full_f16io_f32acc_fp32_fast___expf_r5,softmax_oratc_targeted_g48s1024_confirm_v1_20260725_sess01_pos1_fp32_g48_s1024_cache_reuse_candidate_probe_g48_s00_p05,probe_middle,5,1,2,138268.523083,138268.524439,138268.523761,0.00135570199927,1.002508356,4817854111,true,false
softmax_1784949544190_softmax_full_f16io_f32acc_fp32_fast___expf_r5,softmax_oratc_targeted_g48s1024_confirm_v1_20260725_sess01_pos1_fp32_g48_s1024_cache_reuse_candidate_probe_g48_s00_p05,probe_middle,5,1,3,138269.024625,138269.025999,138269.025312,0.00137340201763,1.50405912401,4817967888,true,true
softmax_1784949544190_softmax_full_f16io_f32acc_fp32_fast___expf_r5,softmax_oratc_targeted_g48s1024_confirm_v1_20260725_sess01_pos1_fp32_g48_s1024_cache_reuse_candidate_probe_g48_s00_p05,probe_middle,5,1,4,138269.526115,138269.527475,138269.526795,0.00135920199682,2.00554214802,4818081032,true,true
softmax_1784949544190_softmax_full_f16io_f32acc_fp32_fast___expf_r5,softmax_oratc_targeted_g48s1024_confirm_v1_20260725_sess01_pos1_fp32_g48_s1024_cache_reuse_candidate_probe_g48_s00_p05,probe_middle,5,1,5,138270.027635,138270.028968,138270.028301,0.00133300101152,2.5070484835,4818193791,true,true
softmax_1784949544190_softmax_full_f16io_f32acc_fp32_fast___expf_r5,softmax_oratc_targeted_g48s1024_confirm_v1_20260725_sess01_pos1_fp32_g48_s1024_cache_reuse_candidate_probe_g48_s00_p05,probe_middle,5,1,6,138270.529093,138270.530483,138270.529788,0.00138990199775,3.00853527599,4818306363,true,true
softmax_1784949544190_softmax_full_f16io_f32acc_fp32_fast___expf_r5,softmax_oratc_targeted_g48s1024_confirm_v1_20260725_sess01_pos1_fp32_g48_s1024_cache_reuse_candidate_probe_g48_s00_p05,probe_middle,5,1,7,138271.030607,138271.031936,138271.031272,0.00132900199969,3.51001867902,4818418743,true,true
softmax_1784949544190_softmax_full_f16io_f32acc_fp32_fast___expf_r5,softmax_oratc_targeted_g48s1024_confirm_v1_20260725_sess01_pos1_fp32_g48_s1024_cache_reuse_candidate_probe_g48_s00_p05,probe_middle,5,1,8,138271.532097,138271.533443,138271.53277,0.00134669599356,4.01151703601,4818530913,true,true
softmax_1784949544190_softmax_full_f16io_f32acc_fp32_fast___expf_r5,softmax_oratc_targeted_g48s1024_confirm_v1_20260725_sess01_pos1_fp32_g48_s1024_cache_reuse_candidate_probe_g48_s00_p05,probe_middle,5,1,9,138272.033566,138272.034865,138272.034215,0.00129839699366,4.51296254451,4818642677,true,true
softmax_1784949544190_softmax_full_f16io_f32acc_fp32_fast___expf_r5,softmax_oratc_targeted_g48s1024_confirm_v1_20260725_sess01_pos1_fp32_g48_s1024_cache_reuse_candidate_probe_g48_s00_p05,probe_middle,5,1,10,138272.534991,138272.539157,138272.537074,0.00416559100267,5.01582090749,4818753876,true,true
softmax_1784949544190_softmax_full_f16io_f32acc_fp32_fast___expf_r5,softmax_oratc_targeted_g48s1024_confirm_v1_20260725_sess01_pos1_fp32_g48_s1024_cache_reuse_candidate_probe_g48_s00_p05,probe_middle,5,1,11,138273.039329,138273.040703,138273.040016,0.00137399701634,5.5187630805,4818868627,true,true
softmax_1784949544190_softmax_full_f16io_f32acc_fp32_fast___expf_r5,softmax_oratc_targeted_g48s1024_confirm_v1_20260725_sess01_pos1_fp32_g48_s1024_cache_reuse_candidate_probe_g48_s00_p05,probe_middle,5,1,12,138273.540821,138273.542167,138273.541494,0.0013466970122,6.02024121449,4818982774,true,true
softmax_1784949544190_softmax_full_f16io_f32acc_fp32_fast___expf_r5,softmax_oratc_targeted_g48s1024_confirm_v1_20260725_sess01_pos1_fp32_g48_s1024_cache_reuse_candidate_probe_g48_s00_p05,probe_middle,5,1,13,138274.042343,138274.043678,138274.043011,0.00133450099383,6.52175782149,4819096521,true,true
softmax_1784949544190_softmax_full_f16io_f32acc_fp32_fast___expf_r5,softmax_oratc_targeted_g48s1024_confirm_v1_20260725_sess01_pos1_fp32_g48_s1024_cache_reuse_candidate_probe_g48_s00_p05,probe_middle,5,1,14,138274.543804,138274.545173,138274.544489,0.00136950099841,7.0232357115,4819210069,true,true
softmax_1784949544190_softmax_full_f16io_f32acc_fp32_fast___expf_r5,softmax_oratc_targeted_g48s1024_confirm_v1_20260725_sess01_pos1_fp32_g48_s1024_cache_reuse_candidate_probe_g48_s00_p05,probe_middle,5,1,15,138275.045325,138275.046612,138275.045969,0.00128730101278,7.52471591151,4819323400,true,true
softmax_1784949544190_softmax_full_f16io_f32acc_fp32_fast___expf_r5,softmax_oratc_targeted_g48s1024_confirm_v1_20260725_sess01_pos1_fp32_g48_s1024_cache_reuse_candidate_probe_g48_s00_p05,probe_middle,5,1,16,138275.546738,138275.54806,138275.547399,0.00132190200384,8.026146319,4819436596,true,true
softmax_1784949544190_softmax_full_f16io_f32acc_fp32_fast___expf_r5,softmax_oratc_targeted_g48s1024_confirm_v1_20260725_sess01_pos1_fp32_g48_s1024_cache_reuse_candidate_probe_g48_s00_p05,probe_middle,5,1,17,138276.048178,138276.050835,138276.049507,0.0026565019798,8.52825373702,4819549430,true,true
softmax_1784949544190_softmax_full_f16io_f32acc_fp32_fast___expf_r5,softmax_oratc_targeted_g48s1024_confirm_v1_20260725_sess01_pos1_fp32_g48_s1024_cache_reuse_candidate_probe_g48_s00_p05,probe_middle,5,1,18,138276.550988,138276.552392,138276.55169,0.00140480199479,9.03043711302,4819661552,true,true
softmax_1784949544190_softmax_full_f16io_f32acc_fp32_fast___expf_r5,softmax_oratc_targeted_g48s1024_confirm_v1_20260725_sess01_pos1_fp32_g48_s1024_cache_reuse_candidate_probe_g48_s00_p05,probe_middle,5,1,19,138277.052548,138277.053939,138277.053243,0.00139070200385,9.53199039801,4819773007,true,true
softmax_1784949544190_softmax_full_f16io_f32acc_fp32_fast___expf_r5,softmax_oratc_targeted_g48s1024_confirm_v1_20260725_sess01_pos1_fp32_g48_s1024_cache_reuse_candidate_probe_g48_s00_p05,probe_middle,5,1,20,138277.554063,138277.557841,138277.555952,0.00377730402397,10.034699242,4819883904,true,true
softmax_1784949544190_softmax_full_f16io_f32acc_fp32_fast___expf_r5,softmax_oratc_targeted_g48s1024_confirm_v1_20260725_sess01_pos1_fp32_g48_s1024_cache_reuse_candidate_probe_g48_s00_p05,probe_middle,5,1,21,138278.057992,138278.059414,138278.058703,0.00142170101753,10.5374501955,4819998431,true,true
softmax_1784949544190_softmax_full_f16io_f32acc_fp32_fast___expf_r5,softmax_oratc_targeted_g48s1024_confirm_v1_20260725_sess01_pos1_fp32_g48_s1024_cache_reuse_candidate_probe_g48_s00_p05,probe_middle,5,1,22,138278.559531,138278.560881,138278.560206,0.00134960201103,11.038953206,4820112723,true,true
softmax_1784949544190_softmax_full_f16io_f32acc_fp32_fast___expf_r5,softmax_oratc_targeted_g48s1024_confirm_v1_20260725_sess01_pos1_fp32_g48_s1024_cache_reuse_candidate_probe_g48_s00_p05,probe_middle,5,1,23,138279.061069,138279.062475,138279.061772,0.00140630098758,11.5405194255,4820226702,true,false
softmax_1784949544190_softmax_full_f16io_f32acc_fp32_fast___expf_r5,softmax_oratc_targeted_g48s1024_confirm_v1_20260725_sess01_pos1_fp32_g48_s1024_cache_reuse_candidate_probe_g48_s00_p05,probe_middle,5,1,24,138279.562597,138279.563918,138279.563257,0.00132149699493,12.0420046365,4820340476,true,false
softmax_1784949544190_softmax_full_f16io_f32acc_fp32_fast___expf_r5,softmax_oratc_targeted_g48s1024_confirm_v1_20260725_sess01_pos1_fp32_g48_s1024_cache_reuse_candidate_probe_g48_s00_p05,probe_middle,5,1,25,138279.900196,138279.901616,138279.900906,0.00142059801146,12.379653,4820400588,true,false
softmax_1784949556579_softmax_full_f16io_f32acc_fp32_fast___expf_r5,softmax_oratc_targeted_g48s1024_confirm_v1_20260725_sess01_pos1_fp32_g48_s1024_cache_reuse_candidate_probe_g48_s00_p05,full_after,5,2,0,138279.909478,138279.910614,138279.910046,0.00113549799426,-0.000574448989937,4820400588,false,false
softmax_1784949556579_softmax_full_f16io_f32acc_fp32_fast___expf_r5,softmax_oratc_targeted_g48s1024_confirm_v1_20260725_sess01_pos1_fp32_g48_s1024_cache_reuse_candidate_probe_g48_s00_p05,full_after,5,2,1,138280.410962,138280.412265,138280.411613,0.00130229699425,0.500992782501,4820532206,true,false
softmax_1784949556579_softmax_full_f16io_f32acc_fp32_fast___expf_r5,softmax_oratc_targeted_g48s1024_confirm_v1_20260725_sess01_pos1_fp32_g48_s1024_cache_reuse_candidate_probe_g48_s00_p05,full_after,5,2,2,138280.912388,138280.916707,138280.914547,0.00431959299021,1.00392667649,4820649634,true,false
softmax_1784949556579_softmax_full_f16io_f32acc_fp32_fast___expf_r5,softmax_oratc_targeted_g48s1024_confirm_v1_20260725_sess01_pos1_fp32_g48_s1024_cache_reuse_candidate_probe_g48_s00_p05,full_after,5,2,3,138281.416834,138281.418145,138281.41749,0.0013107979903,1.506869223,4820766288,true,true
softmax_1784949556579_softmax_full_f16io_f32acc_fp32_fast___expf_r5,softmax_oratc_targeted_g48s1024_confirm_v1_20260725_sess01_pos1_fp32_g48_s1024_cache_reuse_candidate_probe_g48_s00_p05,full_after,5,2,4,138281.918285,138281.919625,138281.918955,0.00134039801196,2.00833438602,4820882425,true,true
softmax_1784949556579_softmax_full_f16io_f32acc_fp32_fast___expf_r5,softmax_oratc_targeted_g48s1024_confirm_v1_20260725_sess01_pos1_fp32_g48_s1024_cache_reuse_candidate_probe_g48_s00_p05,full_after,5,2,5,138282.419756,138282.421127,138282.420442,0.00137040097616,2.50982086649,4820998251,true,true
softmax_1784949556579_softmax_full_f16io_f32acc_fp32_fast___expf_r5,softmax_oratc_targeted_g48s1024_confirm_v1_20260725_sess01_pos1_fp32_g48_s1024_cache_reuse_candidate_probe_g48_s00_p05,full_after,5,2,6,138282.921249,138282.92266,138282.921955,0.00141120099579,3.01133395752,4821113882,true,true
softmax_1784949556579_softmax_full_f16io_f32acc_fp32_fast___expf_r5,softmax_oratc_targeted_g48s1024_confirm_v1_20260725_sess01_pos1_fp32_g48_s1024_cache_reuse_candidate_probe_g48_s00_p05,full_after,5,2,7,138283.42282,138283.424199,138283.423509,0.00137930098572,3.51288870149,4821229294,true,true
softmax_1784949556579_softmax_full_f16io_f32acc_fp32_fast___expf_r5,softmax_oratc_targeted_g48s1024_confirm_v1_20260725_sess01_pos1_fp32_g48_s1024_cache_reuse_candidate_probe_g48_s00_p05,full_after,5,2,8,138283.92432,138283.925717,138283.925019,0.00139760199818,4.01439786001,4821344531,true,true
softmax_1784949556579_softmax_full_f16io_f32acc_fp32_fast___expf_r5,softmax_oratc_targeted_g48s1024_confirm_v1_20260725_sess01_pos1_fp32_g48_s1024_cache_reuse_candidate_probe_g48_s00_p05,full_after,5,2,9,138284.425887,138284.427239,138284.426563,0.00135260200477,4.51594247101,4821459347,true,true
softmax_1784949556579_softmax_full_f16io_f32acc_fp32_fast___expf_r5,softmax_oratc_targeted_g48s1024_confirm_v1_20260725_sess01_pos1_fp32_g48_s1024_cache_reuse_candidate_probe_g48_s00_p05,full_after,5,2,10,138284.927399,138284.928695,138284.928047,0.001296300994,5.01742634652,4821573518,true,true
softmax_1784949556579_softmax_full_f16io_f32acc_fp32_fast___expf_r5,softmax_oratc_targeted_g48s1024_confirm_v1_20260725_sess01_pos1_fp32_g48_s1024_cache_reuse_candidate_probe_g48_s00_p05,full_after,5,2,11,138285.42885,138285.430158,138285.429504,0.0013083020167,5.51888307501,4821687060,true,true
softmax_1784949556579_softmax_full_f16io_f32acc_fp32_fast___expf_r5,softmax_oratc_targeted_g48s1024_confirm_v1_20260725_sess01_pos1_fp32_g48_s1024_cache_reuse_candidate_probe_g48_s00_p05,full_after,5,2,12,138285.930324,138285.935024,138285.932674,0.00470080500236,6.02205326949,4821800047,true,true
softmax_1784949556579_softmax_full_f16io_f32acc_fp32_fast___expf_r5,softmax_oratc_targeted_g48s1024_confirm_v1_20260725_sess01_pos1_fp32_g48_s1024_cache_reuse_candidate_probe_g48_s00_p05,full_after,5,2,13,138286.435163,138286.436512,138286.435837,0.00134860200342,6.52521681701,4821916649,true,true
softmax_1784949556579_softmax_full_f16io_f32acc_fp32_fast___expf_r5,softmax_oratc_targeted_g48s1024_confirm_v1_20260725_sess01_pos1_fp32_g48_s1024_cache_reuse_candidate_probe_g48_s00_p05,full_after,5,2,14,138286.936678,138286.938028,138286.937353,0.00135030099773,7.02673262652,4822033103,true,true
softmax_1784949556579_softmax_full_f16io_f32acc_fp32_fast___expf_r5,softmax_oratc_targeted_g48s1024_confirm_v1_20260725_sess01_pos1_fp32_g48_s1024_cache_reuse_candidate_probe_g48_s00_p05,full_after,5,2,15,138287.438141,138287.43948,138287.43881,0.00133879799978,7.528189734,4822149396,true,true
softmax_1784949556579_softmax_full_f16io_f32acc_fp32_fast___expf_r5,softmax_oratc_targeted_g48s1024_confirm_v1_20260725_sess01_pos1_fp32_g48_s1024_cache_reuse_candidate_probe_g48_s00_p05,full_after,5,2,16,138287.939646,138287.941002,138287.940324,0.00135599801433,8.02970358499,4822265472,true,true
softmax_1784949556579_softmax_full_f16io_f32acc_fp32_fast___expf_r5,softmax_oratc_targeted_g48s1024_confirm_v1_20260725_sess01_pos1_fp32_g48_s1024_cache_reuse_candidate_probe_g48_s00_p05,full_after,5,2,17,138288.441123,138288.442426,138288.441774,0.00130379700568,8.53115384051,4822381128,true,true
softmax_1784949556579_softmax_full_f16io_f32acc_fp32_fast___expf_r5,softmax_oratc_targeted_g48s1024_confirm_v1_20260725_sess01_pos1_fp32_g48_s1024_cache_reuse_candidate_probe_g48_s00_p05,full_after,5,2,18,138288.94259,138288.943913,138288.943252,0.00132359800045,9.03263100897,4822496212,true,true
softmax_1784949556579_softmax_full_f16io_f32acc_fp32_fast___expf_r5,softmax_oratc_targeted_g48s1024_confirm_v1_20260725_sess01_pos1_fp32_g48_s1024_cache_reuse_candidate_probe_g48_s00_p05,full_after,5,2,19,138289.444066,138289.44664,138289.445353,0.00257439599955,9.53473207998,4822610664,true,true
softmax_1784949556579_softmax_full_f16io_f32acc_fp32_fast___expf_r5,softmax_oratc_targeted_g48s1024_confirm_v1_20260725_sess01_pos1_fp32_g48_s1024_cache_reuse_candidate_probe_g48_s00_p05,full_after,5,2,20,138289.946803,138289.948207,138289.947505,0.00140389800072,10.036884414,4822724389,true,true
softmax_1784949556579_softmax_full_f16io_f32acc_fp32_fast___expf_r5,softmax_oratc_targeted_g48s1024_confirm_v1_20260725_sess01_pos1_fp32_g48_s1024_cache_reuse_candidate_probe_g48_s00_p05,full_after,5,2,21,138290.448357,138290.449717,138290.449037,0.00135950100957,10.5384163285,4822837613,true,true
softmax_1784949556579_softmax_full_f16io_f32acc_fp32_fast___expf_r5,softmax_oratc_targeted_g48s1024_confirm_v1_20260725_sess01_pos1_fp32_g48_s1024_cache_reuse_candidate_probe_g48_s00_p05,full_after,5,2,22,138290.949887,138290.953722,138290.951805,0.00383530399995,11.041184101,4822950739,true,true
softmax_1784949556579_softmax_full_f16io_f32acc_fp32_fast___expf_r5,softmax_oratc_targeted_g48s1024_confirm_v1_20260725_sess01_pos1_fp32_g48_s1024_cache_reuse_candidate_probe_g48_s00_p05,full_after,5,2,23,138291.453879,138291.455229,138291.454554,0.00134930099011,11.5439334775,4823067843,true,false
softmax_1784949556579_softmax_full_f16io_f32acc_fp32_fast___expf_r5,softmax_oratc_targeted_g48s1024_confirm_v1_20260725_sess01_pos1_fp32_g48_s1024_cache_reuse_candidate_probe_g48_s00_p05,full_after,5,2,24,138291.955362,138291.956721,138291.956042,0.00135980200139,12.045420916,4823184773,true,false
softmax_1784949556579_softmax_full_f16io_f32acc_fp32_fast___expf_r5,softmax_oratc_targeted_g48s1024_confirm_v1_20260725_sess01_pos1_fp32_g48_s1024_cache_reuse_candidate_probe_g48_s00_p05,full_after,5,2,25,138292.339233,138292.340552,138292.339892,0.0013189020101,12.42927174,4823266909,true,false
