run_id,pair_id,role,repeat,sequence_index,sample_index,query_start_s,query_end_s,query_midpoint_s,query_latency_s,relative_to_kernel_start_s,energy_mJ,changed_from_previous,in_fit_window
softmax_1784949920149_softmax_full_f16io_f32acc_ptx_ex2_approx_f16x2_r0,softmax_oratc_targeted_g48s1024_confirm_v1_20260725_sess01_pos3_ptx_f16x2_g48_s1024_cache_reuse_candidate_probe_ptx_f16x2_g48_s00_p00,probe_before,0,0,0,138643.479054,138643.48028,138643.479667,0.00122619900503,-0.000639399513602,4904674571,false,false
softmax_1784949920149_softmax_full_f16io_f32acc_ptx_ex2_approx_f16x2_r0,softmax_oratc_targeted_g48s1024_confirm_v1_20260725_sess01_pos3_ptx_f16x2_g48_s1024_cache_reuse_candidate_probe_ptx_f16x2_g48_s00_p00,probe_before,0,0,1,138643.981383,138643.98418,138643.982782,0.00279700098326,0.502474971494,4904783308,true,false
softmax_1784949920149_softmax_full_f16io_f32acc_ptx_ex2_approx_f16x2_r0,softmax_oratc_targeted_g48s1024_confirm_v1_20260725_sess01_pos3_ptx_f16x2_g48_s1024_cache_reuse_candidate_probe_ptx_f16x2_g48_s00_p00,probe_before,0,0,2,138644.484295,138644.485663,138644.484979,0.00136830098927,1.00467229649,4904901892,true,false
softmax_1784949920149_softmax_full_f16io_f32acc_ptx_ex2_approx_f16x2_r0,softmax_oratc_targeted_g48s1024_confirm_v1_20260725_sess01_pos3_ptx_f16x2_g48_s1024_cache_reuse_candidate_probe_ptx_f16x2_g48_s00_p00,probe_before,0,0,3,138644.985786,138644.987136,138644.986461,0.00134950102074,1.50615437649,4905020151,true,true
softmax_1784949920149_softmax_full_f16io_f32acc_ptx_ex2_approx_f16x2_r0,softmax_oratc_targeted_g48s1024_confirm_v1_20260725_sess01_pos3_ptx_f16x2_g48_s1024_cache_reuse_candidate_probe_ptx_f16x2_g48_s00_p00,probe_before,0,0,4,138645.48725,138645.488595,138645.487922,0.00134510101634,2.0076155595,4905138025,true,true
softmax_1784949920149_softmax_full_f16io_f32acc_ptx_ex2_approx_f16x2_r0,softmax_oratc_targeted_g48s1024_confirm_v1_20260725_sess01_pos3_ptx_f16x2_g48_s1024_cache_reuse_candidate_probe_ptx_f16x2_g48_s00_p00,probe_before,0,0,5,138645.988709,138645.990033,138645.989371,0.00132400100119,2.5090639985,4905255296,true,true
softmax_1784949920149_softmax_full_f16io_f32acc_ptx_ex2_approx_f16x2_r0,softmax_oratc_targeted_g48s1024_confirm_v1_20260725_sess01_pos3_ptx_f16x2_g48_s1024_cache_reuse_candidate_probe_ptx_f16x2_g48_s00_p00,probe_before,0,0,6,138646.490156,138646.491525,138646.49084,0.00136870099232,3.01053374048,4905372059,true,true
softmax_1784949920149_softmax_full_f16io_f32acc_ptx_ex2_approx_f16x2_r0,softmax_oratc_targeted_g48s1024_confirm_v1_20260725_sess01_pos3_ptx_f16x2_g48_s1024_cache_reuse_candidate_probe_ptx_f16x2_g48_s00_p00,probe_before,0,0,7,138646.991685,138646.993326,138646.992505,0.00164110100013,3.51219833747,4905488552,true,true
softmax_1784949920149_softmax_full_f16io_f32acc_ptx_ex2_approx_f16x2_r0,softmax_oratc_targeted_g48s1024_confirm_v1_20260725_sess01_pos3_ptx_f16x2_g48_s1024_cache_reuse_candidate_probe_ptx_f16x2_g48_s00_p00,probe_before,0,0,8,138647.493449,138647.494807,138647.494128,0.00135820099968,4.01382118749,4905604764,true,true
softmax_1784949920149_softmax_full_f16io_f32acc_ptx_ex2_approx_f16x2_r0,softmax_oratc_targeted_g48s1024_confirm_v1_20260725_sess01_pos3_ptx_f16x2_g48_s1024_cache_reuse_candidate_probe_ptx_f16x2_g48_s00_p00,probe_before,0,0,9,138647.994928,138647.996294,138647.995611,0.00136629899498,4.51530439849,4905720650,true,true
softmax_1784949920149_softmax_full_f16io_f32acc_ptx_ex2_approx_f16x2_r0,softmax_oratc_targeted_g48s1024_confirm_v1_20260725_sess01_pos3_ptx_f16x2_g48_s1024_cache_reuse_candidate_probe_ptx_f16x2_g48_s00_p00,probe_before,0,0,10,138648.496407,138648.497686,138648.497047,0.0012787989981,5.0167398465,4905860208,true,true
softmax_1784949920149_softmax_full_f16io_f32acc_ptx_ex2_approx_f16x2_r0,softmax_oratc_targeted_g48s1024_confirm_v1_20260725_sess01_pos3_ptx_f16x2_g48_s1024_cache_reuse_candidate_probe_ptx_f16x2_g48_s00_p00,probe_before,0,0,11,138648.997855,138649.00279,138649.000322,0.00493489601649,5.52001549999,4905979825,true,true
softmax_1784949920149_softmax_full_f16io_f32acc_ptx_ex2_approx_f16x2_r0,softmax_oratc_targeted_g48s1024_confirm_v1_20260725_sess01_pos3_ptx_f16x2_g48_s1024_cache_reuse_candidate_probe_ptx_f16x2_g48_s00_p00,probe_before,0,0,12,138649.502905,138649.50421,138649.503557,0.00130539899692,6.02325075649,4906098470,true,true
softmax_1784949920149_softmax_full_f16io_f32acc_ptx_ex2_approx_f16x2_r0,softmax_oratc_targeted_g48s1024_confirm_v1_20260725_sess01_pos3_ptx_f16x2_g48_s1024_cache_reuse_candidate_probe_ptx_f16x2_g48_s00_p00,probe_before,0,0,13,138650.004367,138650.005721,138650.005044,0.00135429899092,6.5247375195,4906216612,true,true
softmax_1784949920149_softmax_full_f16io_f32acc_ptx_ex2_approx_f16x2_r0,softmax_oratc_targeted_g48s1024_confirm_v1_20260725_sess01_pos3_ptx_f16x2_g48_s1024_cache_reuse_candidate_probe_ptx_f16x2_g48_s00_p00,probe_before,0,0,14,138650.505836,138650.50721,138650.506523,0.00137439899845,7.0262159855,4906334270,true,true
softmax_1784949920149_softmax_full_f16io_f32acc_ptx_ex2_approx_f16x2_r0,softmax_oratc_targeted_g48s1024_confirm_v1_20260725_sess01_pos3_ptx_f16x2_g48_s1024_cache_reuse_candidate_probe_ptx_f16x2_g48_s00_p00,probe_before,0,0,15,138651.007312,138651.008645,138651.007979,0.00133319900488,7.52767210652,4906451524,true,true
softmax_1784949920149_softmax_full_f16io_f32acc_ptx_ex2_approx_f16x2_r0,softmax_oratc_targeted_g48s1024_confirm_v1_20260725_sess01_pos3_ptx_f16x2_g48_s1024_cache_reuse_candidate_probe_ptx_f16x2_g48_s00_p00,probe_before,0,0,16,138651.508758,138651.510099,138651.509428,0.00134120101575,8.02912149249,4906568506,true,true
softmax_1784949920149_softmax_full_f16io_f32acc_ptx_ex2_approx_f16x2_r0,softmax_oratc_targeted_g48s1024_confirm_v1_20260725_sess01_pos3_ptx_f16x2_g48_s1024_cache_reuse_candidate_probe_ptx_f16x2_g48_s00_p00,probe_before,0,0,17,138652.010266,138652.011614,138652.01094,0.00134770100703,8.53063350549,4906685184,true,true
softmax_1784949920149_softmax_full_f16io_f32acc_ptx_ex2_approx_f16x2_r0,softmax_oratc_targeted_g48s1024_confirm_v1_20260725_sess01_pos3_ptx_f16x2_g48_s1024_cache_reuse_candidate_probe_ptx_f16x2_g48_s00_p00,probe_before,0,0,18,138652.511785,138652.513131,138652.512458,0.00134670099942,9.03215117249,4906801603,true,true
softmax_1784949920149_softmax_full_f16io_f32acc_ptx_ex2_approx_f16x2_r0,softmax_oratc_targeted_g48s1024_confirm_v1_20260725_sess01_pos3_ptx_f16x2_g48_s1024_cache_reuse_candidate_probe_ptx_f16x2_g48_s00_p00,probe_before,0,0,19,138653.01325,138653.014603,138653.013926,0.0013527009869,9.5336196445,4906917589,true,true
softmax_1784949920149_softmax_full_f16io_f32acc_ptx_ex2_approx_f16x2_r0,softmax_oratc_targeted_g48s1024_confirm_v1_20260725_sess01_pos3_ptx_f16x2_g48_s1024_cache_reuse_candidate_probe_ptx_f16x2_g48_s00_p00,probe_before,0,0,20,138653.514695,138653.516034,138653.515364,0.0013388999796,10.035057519,4907033051,true,true
softmax_1784949920149_softmax_full_f16io_f32acc_ptx_ex2_approx_f16x2_r0,softmax_oratc_targeted_g48s1024_confirm_v1_20260725_sess01_pos3_ptx_f16x2_g48_s1024_cache_reuse_candidate_probe_ptx_f16x2_g48_s00_p00,probe_before,0,0,21,138654.016163,138654.021032,138654.018597,0.00486890299362,10.5382907005,4907148086,true,true
softmax_1784949920149_softmax_full_f16io_f32acc_ptx_ex2_approx_f16x2_r0,softmax_oratc_targeted_g48s1024_confirm_v1_20260725_sess01_pos3_ptx_f16x2_g48_s1024_cache_reuse_candidate_probe_ptx_f16x2_g48_s00_p00,probe_before,0,0,22,138654.521146,138654.522508,138654.521827,0.0013628010056,11.0415203345,4907266575,true,true
softmax_1784949920149_softmax_full_f16io_f32acc_ptx_ex2_approx_f16x2_r0,softmax_oratc_targeted_g48s1024_confirm_v1_20260725_sess01_pos3_ptx_f16x2_g48_s1024_cache_reuse_candidate_probe_ptx_f16x2_g48_s00_p00,probe_before,0,0,23,138655.022638,138655.024053,138655.023345,0.00141500099562,11.5430384235,4907384603,true,false
softmax_1784949920149_softmax_full_f16io_f32acc_ptx_ex2_approx_f16x2_r0,softmax_oratc_targeted_g48s1024_confirm_v1_20260725_sess01_pos3_ptx_f16x2_g48_s1024_cache_reuse_candidate_probe_ptx_f16x2_g48_s00_p00,probe_before,0,0,24,138655.524176,138655.525546,138655.524861,0.00136970099993,12.0445544645,4907500916,true,false
softmax_1784949920149_softmax_full_f16io_f32acc_ptx_ex2_approx_f16x2_r0,softmax_oratc_targeted_g48s1024_confirm_v1_20260725_sess01_pos3_ptx_f16x2_g48_s1024_cache_reuse_candidate_probe_ptx_f16x2_g48_s00_p00,probe_before,0,0,25,138655.852805,138655.854181,138655.853493,0.00137549900683,12.3731861385,4907555467,true,false
softmax_1784949932534_softmax_full_f16io_f32acc_ptx_ex2_approx_f16x2_r0,softmax_oratc_targeted_g48s1024_confirm_v1_20260725_sess01_pos3_ptx_f16x2_g48_s1024_cache_reuse_candidate_probe_ptx_f16x2_g48_s00_p00,full,0,1,0,138655.86424,138655.865487,138655.864863,0.00124759902246,-0.000628799491096,4907555467,false,false
softmax_1784949932534_softmax_full_f16io_f32acc_ptx_ex2_approx_f16x2_r0,softmax_oratc_targeted_g48s1024_confirm_v1_20260725_sess01_pos3_ptx_f16x2_g48_s1024_cache_reuse_candidate_probe_ptx_f16x2_g48_s00_p00,full,0,1,1,138656.365786,138656.367186,138656.366486,0.00140069899498,0.500993864523,4907663961,true,false
softmax_1784949932534_softmax_full_f16io_f32acc_ptx_ex2_approx_f16x2_r0,softmax_oratc_targeted_g48s1024_confirm_v1_20260725_sess01_pos3_ptx_f16x2_g48_s1024_cache_reuse_candidate_probe_ptx_f16x2_g48_s00_p00,full,0,1,2,138656.867346,138656.868715,138656.868031,0.00136859901249,1.00253863551,4907781666,true,false
softmax_1784949932534_softmax_full_f16io_f32acc_ptx_ex2_approx_f16x2_r0,softmax_oratc_targeted_g48s1024_confirm_v1_20260725_sess01_pos3_ptx_f16x2_g48_s1024_cache_reuse_candidate_probe_ptx_f16x2_g48_s00_p00,full,0,1,3,138657.368842,138657.370227,138657.369534,0.00138459898881,1.50404235753,4907899000,true,true
softmax_1784949932534_softmax_full_f16io_f32acc_ptx_ex2_approx_f16x2_r0,softmax_oratc_targeted_g48s1024_confirm_v1_20260725_sess01_pos3_ptx_f16x2_g48_s1024_cache_reuse_candidate_probe_ptx_f16x2_g48_s00_p00,full,0,1,4,138657.870356,138657.871731,138657.871044,0.00137489900226,2.0055514375,4908015947,true,true
softmax_1784949932534_softmax_full_f16io_f32acc_ptx_ex2_approx_f16x2_r0,softmax_oratc_targeted_g48s1024_confirm_v1_20260725_sess01_pos3_ptx_f16x2_g48_s1024_cache_reuse_candidate_probe_ptx_f16x2_g48_s00_p00,full,0,1,5,138658.371898,138658.373296,138658.372597,0.00139769900125,2.50710516851,4908132391,true,true
softmax_1784949932534_softmax_full_f16io_f32acc_ptx_ex2_approx_f16x2_r0,softmax_oratc_targeted_g48s1024_confirm_v1_20260725_sess01_pos3_ptx_f16x2_g48_s1024_cache_reuse_candidate_probe_ptx_f16x2_g48_s00_p00,full,0,1,6,138658.873422,138658.87483,138658.874126,0.00140779901994,3.00863365651,4908248373,true,true
softmax_1784949932534_softmax_full_f16io_f32acc_ptx_ex2_approx_f16x2_r0,softmax_oratc_targeted_g48s1024_confirm_v1_20260725_sess01_pos3_ptx_f16x2_g48_s1024_cache_reuse_candidate_probe_ptx_f16x2_g48_s00_p00,full,0,1,7,138659.374964,138659.379459,138659.377211,0.00449570300407,3.5117192615,4908364038,true,true
softmax_1784949932534_softmax_full_f16io_f32acc_ptx_ex2_approx_f16x2_r0,softmax_oratc_targeted_g48s1024_confirm_v1_20260725_sess01_pos3_ptx_f16x2_g48_s1024_cache_reuse_candidate_probe_ptx_f16x2_g48_s00_p00,full,0,1,8,138659.879617,138659.881011,138659.880314,0.00139420002233,4.01482166801,4908483424,true,true
softmax_1784949932534_softmax_full_f16io_f32acc_ptx_ex2_approx_f16x2_r0,softmax_oratc_targeted_g48s1024_confirm_v1_20260725_sess01_pos3_ptx_f16x2_g48_s1024_cache_reuse_candidate_probe_ptx_f16x2_g48_s00_p00,full,0,1,9,138660.381141,138660.382548,138660.381844,0.00140660098987,4.51635212451,4908602547,true,true
softmax_1784949932534_softmax_full_f16io_f32acc_ptx_ex2_approx_f16x2_r0,softmax_oratc_targeted_g48s1024_confirm_v1_20260725_sess01_pos3_ptx_f16x2_g48_s1024_cache_reuse_candidate_probe_ptx_f16x2_g48_s00_p00,full,0,1,10,138660.882674,138660.884061,138660.883368,0.00138740098919,5.01787548853,4908721391,true,true
softmax_1784949932534_softmax_full_f16io_f32acc_ptx_ex2_approx_f16x2_r0,softmax_oratc_targeted_g48s1024_confirm_v1_20260725_sess01_pos3_ptx_f16x2_g48_s1024_cache_reuse_candidate_probe_ptx_f16x2_g48_s00_p00,full,0,1,11,138661.384183,138661.385588,138661.384886,0.00140570101212,5.51939340253,4908839823,true,true
softmax_1784949932534_softmax_full_f16io_f32acc_ptx_ex2_approx_f16x2_r0,softmax_oratc_targeted_g48s1024_confirm_v1_20260725_sess01_pos3_ptx_f16x2_g48_s1024_cache_reuse_candidate_probe_ptx_f16x2_g48_s00_p00,full,0,1,12,138661.885797,138661.887215,138661.886506,0.00141799999983,6.02101352499,4908957766,true,true
softmax_1784949932534_softmax_full_f16io_f32acc_ptx_ex2_approx_f16x2_r0,softmax_oratc_targeted_g48s1024_confirm_v1_20260725_sess01_pos3_ptx_f16x2_g48_s1024_cache_reuse_candidate_probe_ptx_f16x2_g48_s00_p00,full,0,1,13,138662.387383,138662.388963,138662.388173,0.00158010001178,6.52268104799,4909075196,true,true
softmax_1784949932534_softmax_full_f16io_f32acc_ptx_ex2_approx_f16x2_r0,softmax_oratc_targeted_g48s1024_confirm_v1_20260725_sess01_pos3_ptx_f16x2_g48_s1024_cache_reuse_candidate_probe_ptx_f16x2_g48_s00_p00,full,0,1,14,138662.889084,138662.890448,138662.889766,0.00136430101702,7.02427382852,4909192079,true,true
softmax_1784949932534_softmax_full_f16io_f32acc_ptx_ex2_approx_f16x2_r0,softmax_oratc_targeted_g48s1024_confirm_v1_20260725_sess01_pos3_ptx_f16x2_g48_s1024_cache_reuse_candidate_probe_ptx_f16x2_g48_s00_p00,full,0,1,15,138663.390568,138663.392097,138663.391333,0.0015289009898,7.52584050951,4909308599,true,true
softmax_1784949932534_softmax_full_f16io_f32acc_ptx_ex2_approx_f16x2_r0,softmax_oratc_targeted_g48s1024_confirm_v1_20260725_sess01_pos3_ptx_f16x2_g48_s1024_cache_reuse_candidate_probe_ptx_f16x2_g48_s00_p00,full,0,1,16,138663.892276,138663.893597,138663.892937,0.00132039899472,8.02744446651,4909448872,true,true
softmax_1784949932534_softmax_full_f16io_f32acc_ptx_ex2_approx_f16x2_r0,softmax_oratc_targeted_g48s1024_confirm_v1_20260725_sess01_pos3_ptx_f16x2_g48_s1024_cache_reuse_candidate_probe_ptx_f16x2_g48_s00_p00,full,0,1,17,138664.393727,138664.398059,138664.395893,0.00433279800927,8.53040098,4909569112,true,true
softmax_1784949932534_softmax_full_f16io_f32acc_ptx_ex2_approx_f16x2_r0,softmax_oratc_targeted_g48s1024_confirm_v1_20260725_sess01_pos3_ptx_f16x2_g48_s1024_cache_reuse_candidate_probe_ptx_f16x2_g48_s00_p00,full,0,1,18,138664.89818,138664.899589,138664.898884,0.00140869998722,9.03339205103,4909688780,true,true
softmax_1784949932534_softmax_full_f16io_f32acc_ptx_ex2_approx_f16x2_r0,softmax_oratc_targeted_g48s1024_confirm_v1_20260725_sess01_pos3_ptx_f16x2_g48_s1024_cache_reuse_candidate_probe_ptx_f16x2_g48_s00_p00,full,0,1,19,138665.399727,138665.401124,138665.400426,0.00139689998468,9.53493357301,4909808005,true,true
softmax_1784949932534_softmax_full_f16io_f32acc_ptx_ex2_approx_f16x2_r0,softmax_oratc_targeted_g48s1024_confirm_v1_20260725_sess01_pos3_ptx_f16x2_g48_s1024_cache_reuse_candidate_probe_ptx_f16x2_g48_s00_p00,full,0,1,20,138665.901246,138665.90267,138665.901958,0.00142349899397,10.0364658025,4909926763,true,true
softmax_1784949932534_softmax_full_f16io_f32acc_ptx_ex2_approx_f16x2_r0,softmax_oratc_targeted_g48s1024_confirm_v1_20260725_sess01_pos3_ptx_f16x2_g48_s1024_cache_reuse_candidate_probe_ptx_f16x2_g48_s00_p00,full,0,1,21,138666.402826,138666.404185,138666.403506,0.00135830001091,10.538013433,4910045131,true,true
softmax_1784949932534_softmax_full_f16io_f32acc_ptx_ex2_approx_f16x2_r0,softmax_oratc_targeted_g48s1024_confirm_v1_20260725_sess01_pos3_ptx_f16x2_g48_s1024_cache_reuse_candidate_probe_ptx_f16x2_g48_s00_p00,full,0,1,22,138666.904311,138666.905696,138666.905003,0.00138459997834,11.039511221,4910162959,true,true
softmax_1784949932534_softmax_full_f16io_f32acc_ptx_ex2_approx_f16x2_r0,softmax_oratc_targeted_g48s1024_confirm_v1_20260725_sess01_pos3_ptx_f16x2_g48_s1024_cache_reuse_candidate_probe_ptx_f16x2_g48_s00_p00,full,0,1,23,138667.405818,138667.407189,138667.406504,0.00137119900319,11.5410115595,4910280427,true,false
softmax_1784949932534_softmax_full_f16io_f32acc_ptx_ex2_approx_f16x2_r0,softmax_oratc_targeted_g48s1024_confirm_v1_20260725_sess01_pos3_ptx_f16x2_g48_s1024_cache_reuse_candidate_probe_ptx_f16x2_g48_s00_p00,full,0,1,24,138667.907314,138667.908688,138667.908001,0.00137430001632,12.042508655,4910396285,true,false
softmax_1784949932534_softmax_full_f16io_f32acc_ptx_ex2_approx_f16x2_r0,softmax_oratc_targeted_g48s1024_confirm_v1_20260725_sess01_pos3_ptx_f16x2_g48_s1024_cache_reuse_candidate_probe_ptx_f16x2_g48_s00_p00,full,0,1,25,138668.253088,138668.256795,138668.254941,0.00370749898138,12.3894493485,4910450442,true,false
softmax_1784949944935_softmax_full_f16io_f32acc_ptx_ex2_approx_f16x2_r0,softmax_oratc_targeted_g48s1024_confirm_v1_20260725_sess01_pos3_ptx_f16x2_g48_s1024_cache_reuse_candidate_probe_ptx_f16x2_g48_s00_p00,probe_after,0,2,0,138668.26458,138668.265739,138668.26516,0.00115860000369,-0.000598599988734,4910450442,false,false
softmax_1784949944935_softmax_full_f16io_f32acc_ptx_ex2_approx_f16x2_r0,softmax_oratc_targeted_g48s1024_confirm_v1_20260725_sess01_pos3_ptx_f16x2_g48_s1024_cache_reuse_candidate_probe_ptx_f16x2_g48_s00_p00,probe_after,0,2,1,138668.766,138668.767411,138668.766706,0.00141150099807,0.500947502529,4910561102,true,false
softmax_1784949944935_softmax_full_f16io_f32acc_ptx_ex2_approx_f16x2_r0,softmax_oratc_targeted_g48s1024_confirm_v1_20260725_sess01_pos3_ptx_f16x2_g48_s1024_cache_reuse_candidate_probe_ptx_f16x2_g48_s00_p00,probe_after,0,2,2,138669.26754,138669.268884,138669.268212,0.0013434010034,1.00245392349,4910677364,true,false
softmax_1784949944935_softmax_full_f16io_f32acc_ptx_ex2_approx_f16x2_r0,softmax_oratc_targeted_g48s1024_confirm_v1_20260725_sess01_pos3_ptx_f16x2_g48_s1024_cache_reuse_candidate_probe_ptx_f16x2_g48_s00_p00,probe_after,0,2,3,138669.769011,138669.770674,138669.769843,0.00166320102289,1.5040846015,4910793172,true,true
softmax_1784949944935_softmax_full_f16io_f32acc_ptx_ex2_approx_f16x2_r0,softmax_oratc_targeted_g48s1024_confirm_v1_20260725_sess01_pos3_ptx_f16x2_g48_s1024_cache_reuse_candidate_probe_ptx_f16x2_g48_s00_p00,probe_after,0,2,4,138670.270808,138670.272114,138670.271461,0.00130540001555,2.005702881,4910908500,true,true
softmax_1784949944935_softmax_full_f16io_f32acc_ptx_ex2_approx_f16x2_r0,softmax_oratc_targeted_g48s1024_confirm_v1_20260725_sess01_pos3_ptx_f16x2_g48_s1024_cache_reuse_candidate_probe_ptx_f16x2_g48_s00_p00,probe_after,0,2,5,138670.772235,138670.775911,138670.774073,0.0036764020042,2.508314868,4911023281,true,true
softmax_1784949944935_softmax_full_f16io_f32acc_ptx_ex2_approx_f16x2_r0,softmax_oratc_targeted_g48s1024_confirm_v1_20260725_sess01_pos3_ptx_f16x2_g48_s1024_cache_reuse_candidate_probe_ptx_f16x2_g48_s00_p00,probe_after,0,2,6,138671.276086,138671.277386,138671.276736,0.00130000000354,3.010978256,4911141869,true,true
softmax_1784949944935_softmax_full_f16io_f32acc_ptx_ex2_approx_f16x2_r0,softmax_oratc_targeted_g48s1024_confirm_v1_20260725_sess01_pos3_ptx_f16x2_g48_s1024_cache_reuse_candidate_probe_ptx_f16x2_g48_s00_p00,probe_after,0,2,7,138671.77751,138671.778867,138671.778189,0.00135689802119,3.51243068199,4911260264,true,true
softmax_1784949944935_softmax_full_f16io_f32acc_ptx_ex2_approx_f16x2_r0,softmax_oratc_targeted_g48s1024_confirm_v1_20260725_sess01_pos3_ptx_f16x2_g48_s1024_cache_reuse_candidate_probe_ptx_f16x2_g48_s00_p00,probe_after,0,2,8,138672.27904,138672.280498,138672.279769,0.00145799800521,4.014011133,4911378354,true,true
softmax_1784949944935_softmax_full_f16io_f32acc_ptx_ex2_approx_f16x2_r0,softmax_oratc_targeted_g48s1024_confirm_v1_20260725_sess01_pos3_ptx_f16x2_g48_s1024_cache_reuse_candidate_probe_ptx_f16x2_g48_s00_p00,probe_after,0,2,9,138672.78062,138672.781991,138672.781305,0.00137099900167,4.51554694152,4911496115,true,true
softmax_1784949944935_softmax_full_f16io_f32acc_ptx_ex2_approx_f16x2_r0,softmax_oratc_targeted_g48s1024_confirm_v1_20260725_sess01_pos3_ptx_f16x2_g48_s1024_cache_reuse_candidate_probe_ptx_f16x2_g48_s00_p00,probe_after,0,2,10,138673.282085,138673.283454,138673.282769,0.00136899799691,5.01701115098,4911613475,true,true
softmax_1784949944935_softmax_full_f16io_f32acc_ptx_ex2_approx_f16x2_r0,softmax_oratc_targeted_g48s1024_confirm_v1_20260725_sess01_pos3_ptx_f16x2_g48_s1024_cache_reuse_candidate_probe_ptx_f16x2_g48_s00_p00,probe_after,0,2,11,138673.783569,138673.785294,138673.784431,0.00172549800482,5.51867331701,4911730445,true,true
softmax_1784949944935_softmax_full_f16io_f32acc_ptx_ex2_approx_f16x2_r0,softmax_oratc_targeted_g48s1024_confirm_v1_20260725_sess01_pos3_ptx_f16x2_g48_s1024_cache_reuse_candidate_probe_ptx_f16x2_g48_s00_p00,probe_after,0,2,12,138674.285445,138674.28683,138674.286137,0.00138549800613,6.02037923402,4911846985,true,true
softmax_1784949944935_softmax_full_f16io_f32acc_ptx_ex2_approx_f16x2_r0,softmax_oratc_targeted_g48s1024_confirm_v1_20260725_sess01_pos3_ptx_f16x2_g48_s1024_cache_reuse_candidate_probe_ptx_f16x2_g48_s00_p00,probe_after,0,2,13,138674.786955,138674.788292,138674.787623,0.00133700101287,6.5218652855,4911962941,true,true
softmax_1784949944935_softmax_full_f16io_f32acc_ptx_ex2_approx_f16x2_r0,softmax_oratc_targeted_g48s1024_confirm_v1_20260725_sess01_pos3_ptx_f16x2_g48_s1024_cache_reuse_candidate_probe_ptx_f16x2_g48_s00_p00,probe_after,0,2,14,138675.288445,138675.289761,138675.289103,0.00131550099468,7.02334506752,4912102282,true,true
softmax_1784949944935_softmax_full_f16io_f32acc_ptx_ex2_approx_f16x2_r0,softmax_oratc_targeted_g48s1024_confirm_v1_20260725_sess01_pos3_ptx_f16x2_g48_s1024_cache_reuse_candidate_probe_ptx_f16x2_g48_s00_p00,probe_after,0,2,15,138675.789881,138675.794512,138675.792196,0.00463040202158,7.52643825801,4912221770,true,true
softmax_1784949944935_softmax_full_f16io_f32acc_ptx_ex2_approx_f16x2_r0,softmax_oratc_targeted_g48s1024_confirm_v1_20260725_sess01_pos3_ptx_f16x2_g48_s1024_cache_reuse_candidate_probe_ptx_f16x2_g48_s00_p00,probe_after,0,2,16,138676.294671,138676.296035,138676.295353,0.00136370101245,8.0295946495,4912340669,true,true
softmax_1784949944935_softmax_full_f16io_f32acc_ptx_ex2_approx_f16x2_r0,softmax_oratc_targeted_g48s1024_confirm_v1_20260725_sess01_pos3_ptx_f16x2_g48_s1024_cache_reuse_candidate_probe_ptx_f16x2_g48_s00_p00,probe_after,0,2,17,138676.796159,138676.79754,138676.796849,0.00138130001142,8.53109139702,4912459219,true,true
softmax_1784949944935_softmax_full_f16io_f32acc_ptx_ex2_approx_f16x2_r0,softmax_oratc_targeted_g48s1024_confirm_v1_20260725_sess01_pos3_ptx_f16x2_g48_s1024_cache_reuse_candidate_probe_ptx_f16x2_g48_s00_p00,probe_after,0,2,18,138677.297666,138677.299058,138677.298362,0.00139180099359,9.0326041955,4912577414,true,true
softmax_1784949944935_softmax_full_f16io_f32acc_ptx_ex2_approx_f16x2_r0,softmax_oratc_targeted_g48s1024_confirm_v1_20260725_sess01_pos3_ptx_f16x2_g48_s1024_cache_reuse_candidate_probe_ptx_f16x2_g48_s00_p00,probe_after,0,2,19,138677.799191,138677.800535,138677.799863,0.00134370001615,9.53410520099,4912695081,true,true
softmax_1784949944935_softmax_full_f16io_f32acc_ptx_ex2_approx_f16x2_r0,softmax_oratc_targeted_g48s1024_confirm_v1_20260725_sess01_pos3_ptx_f16x2_g48_s1024_cache_reuse_candidate_probe_ptx_f16x2_g48_s00_p00,probe_after,0,2,20,138678.300705,138678.302129,138678.301417,0.00142340100138,10.0356589075,4912812238,true,true
softmax_1784949944935_softmax_full_f16io_f32acc_ptx_ex2_approx_f16x2_r0,softmax_oratc_targeted_g48s1024_confirm_v1_20260725_sess01_pos3_ptx_f16x2_g48_s1024_cache_reuse_candidate_probe_ptx_f16x2_g48_s00_p00,probe_after,0,2,21,138678.80225,138678.803666,138678.802958,0.00141580100171,10.5371999715,4912928938,true,true
softmax_1784949944935_softmax_full_f16io_f32acc_ptx_ex2_approx_f16x2_r0,softmax_oratc_targeted_g48s1024_confirm_v1_20260725_sess01_pos3_ptx_f16x2_g48_s1024_cache_reuse_candidate_probe_ptx_f16x2_g48_s00_p00,probe_after,0,2,22,138679.303793,138679.305167,138679.30448,0.00137430100585,11.0387216855,4913045080,true,true
softmax_1784949944935_softmax_full_f16io_f32acc_ptx_ex2_approx_f16x2_r0,softmax_oratc_targeted_g48s1024_confirm_v1_20260725_sess01_pos3_ptx_f16x2_g48_s1024_cache_reuse_candidate_probe_ptx_f16x2_g48_s00_p00,probe_after,0,2,23,138679.805295,138679.806717,138679.806006,0.00142269898788,11.5402479575,4913160817,true,false
softmax_1784949944935_softmax_full_f16io_f32acc_ptx_ex2_approx_f16x2_r0,softmax_oratc_targeted_g48s1024_confirm_v1_20260725_sess01_pos3_ptx_f16x2_g48_s1024_cache_reuse_candidate_probe_ptx_f16x2_g48_s00_p00,probe_after,0,2,24,138680.306835,138680.308269,138680.307552,0.001434299018,12.0417939355,4913274769,true,false
softmax_1784949944935_softmax_full_f16io_f32acc_ptx_ex2_approx_f16x2_r0,softmax_oratc_targeted_g48s1024_confirm_v1_20260725_sess01_pos3_ptx_f16x2_g48_s1024_cache_reuse_candidate_probe_ptx_f16x2_g48_s00_p00,probe_after,0,2,25,138680.635638,138680.637033,138680.636335,0.00139539901284,12.3705772785,4913326808,true,false
softmax_1784949957315_softmax_full_f16io_f32acc_ptx_ex2_approx_f16x2_r1,softmax_oratc_targeted_g48s1024_confirm_v1_20260725_sess01_pos3_ptx_f16x2_g48_s1024_cache_reuse_candidate_probe_ptx_f16x2_g48_s00_p01,full_before,1,0,0,138680.644755,138680.645907,138680.645331,0.00115239899606,-0.000582599517656,4913326808,false,false
softmax_1784949957315_softmax_full_f16io_f32acc_ptx_ex2_approx_f16x2_r1,softmax_oratc_targeted_g48s1024_confirm_v1_20260725_sess01_pos3_ptx_f16x2_g48_s1024_cache_reuse_candidate_probe_ptx_f16x2_g48_s00_p01,full_before,1,0,1,138681.146178,138681.147542,138681.14686,0.00136419999762,0.500946885993,4913438697,true,false
softmax_1784949957315_softmax_full_f16io_f32acc_ptx_ex2_approx_f16x2_r1,softmax_oratc_targeted_g48s1024_confirm_v1_20260725_sess01_pos3_ptx_f16x2_g48_s1024_cache_reuse_candidate_probe_ptx_f16x2_g48_s00_p01,full_before,1,0,2,138681.647664,138681.652991,138681.650327,0.00532699702308,1.00441377549,4913554555,true,false
softmax_1784949957315_softmax_full_f16io_f32acc_ptx_ex2_approx_f16x2_r1,softmax_oratc_targeted_g48s1024_confirm_v1_20260725_sess01_pos3_ptx_f16x2_g48_s1024_cache_reuse_candidate_probe_ptx_f16x2_g48_s00_p01,full_before,1,0,3,138682.153132,138682.154521,138682.153826,0.00138879998121,1.50791296799,4913673931,true,true
softmax_1784949957315_softmax_full_f16io_f32acc_ptx_ex2_approx_f16x2_r1,softmax_oratc_targeted_g48s1024_confirm_v1_20260725_sess01_pos3_ptx_f16x2_g48_s1024_cache_reuse_candidate_probe_ptx_f16x2_g48_s00_p01,full_before,1,0,4,138682.654606,138682.655917,138682.655261,0.00131189898821,2.00934811649,4913792819,true,true
softmax_1784949957315_softmax_full_f16io_f32acc_ptx_ex2_approx_f16x2_r1,softmax_oratc_targeted_g48s1024_confirm_v1_20260725_sess01_pos3_ptx_f16x2_g48_s1024_cache_reuse_candidate_probe_ptx_f16x2_g48_s00_p01,full_before,1,0,5,138683.156037,138683.157454,138683.156746,0.00141649899888,2.51083221848,4913911355,true,true
softmax_1784949957315_softmax_full_f16io_f32acc_ptx_ex2_approx_f16x2_r1,softmax_oratc_targeted_g48s1024_confirm_v1_20260725_sess01_pos3_ptx_f16x2_g48_s1024_cache_reuse_candidate_probe_ptx_f16x2_g48_s00_p01,full_before,1,0,6,138683.657584,138683.658897,138683.658241,0.00131310100551,3.01232745647,4914029526,true,true
softmax_1784949957315_softmax_full_f16io_f32acc_ptx_ex2_approx_f16x2_r1,softmax_oratc_targeted_g48s1024_confirm_v1_20260725_sess01_pos3_ptx_f16x2_g48_s1024_cache_reuse_candidate_probe_ptx_f16x2_g48_s00_p01,full_before,1,0,7,138684.159022,138684.160392,138684.159707,0.00137020100374,3.5137939475,4914147290,true,true
softmax_1784949957315_softmax_full_f16io_f32acc_ptx_ex2_approx_f16x2_r1,softmax_oratc_targeted_g48s1024_confirm_v1_20260725_sess01_pos3_ptx_f16x2_g48_s1024_cache_reuse_candidate_probe_ptx_f16x2_g48_s00_p01,full_before,1,0,8,138684.660505,138684.661846,138684.661176,0.00134160098969,4.01526229348,4914264725,true,true
softmax_1784949957315_softmax_full_f16io_f32acc_ptx_ex2_approx_f16x2_r1,softmax_oratc_targeted_g48s1024_confirm_v1_20260725_sess01_pos3_ptx_f16x2_g48_s1024_cache_reuse_candidate_probe_ptx_f16x2_g48_s00_p01,full_before,1,0,9,138685.161976,138685.163354,138685.162665,0.00137770001311,4.51675139199,4914381816,true,true
softmax_1784949957315_softmax_full_f16io_f32acc_ptx_ex2_approx_f16x2_r1,softmax_oratc_targeted_g48s1024_confirm_v1_20260725_sess01_pos3_ptx_f16x2_g48_s1024_cache_reuse_candidate_probe_ptx_f16x2_g48_s00_p01,full_before,1,0,10,138685.663518,138685.664868,138685.664193,0.00134970099316,5.01827994551,4914498625,true,true
softmax_1784949957315_softmax_full_f16io_f32acc_ptx_ex2_approx_f16x2_r1,softmax_oratc_targeted_g48s1024_confirm_v1_20260725_sess01_pos3_ptx_f16x2_g48_s1024_cache_reuse_candidate_probe_ptx_f16x2_g48_s00_p01,full_before,1,0,11,138686.164989,138686.16636,138686.165675,0.00137059998815,5.51976125201,4914614948,true,true
softmax_1784949957315_softmax_full_f16io_f32acc_ptx_ex2_approx_f16x2_r1,softmax_oratc_targeted_g48s1024_confirm_v1_20260725_sess01_pos3_ptx_f16x2_g48_s1024_cache_reuse_candidate_probe_ptx_f16x2_g48_s00_p01,full_before,1,0,12,138686.666482,138686.671011,138686.668747,0.00452910299646,6.02283326449,4914730903,true,true
softmax_1784949957315_softmax_full_f16io_f32acc_ptx_ex2_approx_f16x2_r1,softmax_oratc_targeted_g48s1024_confirm_v1_20260725_sess01_pos3_ptx_f16x2_g48_s1024_cache_reuse_candidate_probe_ptx_f16x2_g48_s00_p01,full_before,1,0,13,138687.171131,138687.172544,138687.171838,0.0014130010095,6.5259245795,4914850439,true,true
softmax_1784949957315_softmax_full_f16io_f32acc_ptx_ex2_approx_f16x2_r1,softmax_oratc_targeted_g48s1024_confirm_v1_20260725_sess01_pos3_ptx_f16x2_g48_s1024_cache_reuse_candidate_probe_ptx_f16x2_g48_s00_p01,full_before,1,0,14,138687.672664,138687.673983,138687.673324,0.0013190000027,7.02741014896,4914969580,true,true
softmax_1784949957315_softmax_full_f16io_f32acc_ptx_ex2_approx_f16x2_r1,softmax_oratc_targeted_g48s1024_confirm_v1_20260725_sess01_pos3_ptx_f16x2_g48_s1024_cache_reuse_candidate_probe_ptx_f16x2_g48_s00_p01,full_before,1,0,15,138688.174083,138688.175473,138688.174778,0.00138929902459,7.52886449647,4915088365,true,true
softmax_1784949957315_softmax_full_f16io_f32acc_ptx_ex2_approx_f16x2_r1,softmax_oratc_targeted_g48s1024_confirm_v1_20260725_sess01_pos3_ptx_f16x2_g48_s1024_cache_reuse_candidate_probe_ptx_f16x2_g48_s00_p01,full_before,1,0,16,138688.675586,138688.676978,138688.676282,0.00139249901986,8.03036863549,4915206794,true,true
softmax_1784949957315_softmax_full_f16io_f32acc_ptx_ex2_approx_f16x2_r1,softmax_oratc_targeted_g48s1024_confirm_v1_20260725_sess01_pos3_ptx_f16x2_g48_s1024_cache_reuse_candidate_probe_ptx_f16x2_g48_s00_p01,full_before,1,0,17,138689.177102,138689.17843,138689.177766,0.00132779899286,8.53185272749,4915324938,true,true
softmax_1784949957315_softmax_full_f16io_f32acc_ptx_ex2_approx_f16x2_r1,softmax_oratc_targeted_g48s1024_confirm_v1_20260725_sess01_pos3_ptx_f16x2_g48_s1024_cache_reuse_candidate_probe_ptx_f16x2_g48_s00_p01,full_before,1,0,18,138689.678566,138689.680434,138689.6795,0.00186849900638,9.03358642451,4915442663,true,true
softmax_1784949957315_softmax_full_f16io_f32acc_ptx_ex2_approx_f16x2_r1,softmax_oratc_targeted_g48s1024_confirm_v1_20260725_sess01_pos3_ptx_f16x2_g48_s1024_cache_reuse_candidate_probe_ptx_f16x2_g48_s00_p01,full_before,1,0,19,138690.180557,138690.181914,138690.181235,0.00135699898237,9.53532212449,4915559941,true,true
softmax_1784949957315_softmax_full_f16io_f32acc_ptx_ex2_approx_f16x2_r1,softmax_oratc_targeted_g48s1024_confirm_v1_20260725_sess01_pos3_ptx_f16x2_g48_s1024_cache_reuse_candidate_probe_ptx_f16x2_g48_s00_p01,full_before,1,0,20,138690.682025,138690.683378,138690.682701,0.00135309898178,10.0367880295,4915676683,true,true
softmax_1784949957315_softmax_full_f16io_f32acc_ptx_ex2_approx_f16x2_r1,softmax_oratc_targeted_g48s1024_confirm_v1_20260725_sess01_pos3_ptx_f16x2_g48_s1024_cache_reuse_candidate_probe_ptx_f16x2_g48_s00_p01,full_before,1,0,21,138691.183493,138691.184877,138691.184185,0.00138329900801,10.5382714865,4915817002,true,true
softmax_1784949957315_softmax_full_f16io_f32acc_ptx_ex2_approx_f16x2_r1,softmax_oratc_targeted_g48s1024_confirm_v1_20260725_sess01_pos3_ptx_f16x2_g48_s1024_cache_reuse_candidate_probe_ptx_f16x2_g48_s00_p01,full_before,1,0,22,138691.684988,138691.690083,138691.687535,0.00509520198102,11.041621868,4915937155,true,true
softmax_1784949957315_softmax_full_f16io_f32acc_ptx_ex2_approx_f16x2_r1,softmax_oratc_targeted_g48s1024_confirm_v1_20260725_sess01_pos3_ptx_f16x2_g48_s1024_cache_reuse_candidate_probe_ptx_f16x2_g48_s00_p01,full_before,1,0,23,138692.190215,138692.191621,138692.190918,0.00140620098682,11.5450045105,4916056622,true,false
softmax_1784949957315_softmax_full_f16io_f32acc_ptx_ex2_approx_f16x2_r1,softmax_oratc_targeted_g48s1024_confirm_v1_20260725_sess01_pos3_ptx_f16x2_g48_s1024_cache_reuse_candidate_probe_ptx_f16x2_g48_s00_p01,full_before,1,0,24,138692.691744,138692.693072,138692.692408,0.00132800097344,12.0464941575,4916174400,true,false
softmax_1784949957315_softmax_full_f16io_f32acc_ptx_ex2_approx_f16x2_r1,softmax_oratc_targeted_g48s1024_confirm_v1_20260725_sess01_pos3_ptx_f16x2_g48_s1024_cache_reuse_candidate_probe_ptx_f16x2_g48_s00_p01,full_before,1,0,25,138693.027321,138693.029222,138693.028272,0.00190100100008,12.3823586245,4916229877,true,false
softmax_1784949969707_softmax_full_f16io_f32acc_ptx_ex2_approx_f16x2_r1,softmax_oratc_targeted_g48s1024_confirm_v1_20260725_sess01_pos3_ptx_f16x2_g48_s1024_cache_reuse_candidate_probe_ptx_f16x2_g48_s00_p01,probe_middle,1,1,0,138693.03665,138693.037906,138693.037278,0.00125619999017,-0.000633399991784,4916229877,false,false
softmax_1784949969707_softmax_full_f16io_f32acc_ptx_ex2_approx_f16x2_r1,softmax_oratc_targeted_g48s1024_confirm_v1_20260725_sess01_pos3_ptx_f16x2_g48_s1024_cache_reuse_candidate_probe_ptx_f16x2_g48_s00_p01,probe_middle,1,1,1,138693.538171,138693.539552,138693.538862,0.00138100099866,0.500950552523,4916342180,true,false
softmax_1784949969707_softmax_full_f16io_f32acc_ptx_ex2_approx_f16x2_r1,softmax_oratc_targeted_g48s1024_confirm_v1_20260725_sess01_pos3_ptx_f16x2_g48_s1024_cache_reuse_candidate_probe_ptx_f16x2_g48_s00_p01,probe_middle,1,1,2,138694.039708,138694.041082,138694.040395,0.00137400100357,1.00248390948,4916458524,true,false
softmax_1784949969707_softmax_full_f16io_f32acc_ptx_ex2_approx_f16x2_r1,softmax_oratc_targeted_g48s1024_confirm_v1_20260725_sess01_pos3_ptx_f16x2_g48_s1024_cache_reuse_candidate_probe_ptx_f16x2_g48_s00_p01,probe_middle,1,1,3,138694.541243,138694.542642,138694.541943,0.00139910099097,1.50403161949,4916574480,true,true
softmax_1784949969707_softmax_full_f16io_f32acc_ptx_ex2_approx_f16x2_r1,softmax_oratc_targeted_g48s1024_confirm_v1_20260725_sess01_pos3_ptx_f16x2_g48_s1024_cache_reuse_candidate_probe_ptx_f16x2_g48_s00_p01,probe_middle,1,1,4,138695.042802,138695.044182,138695.043492,0.00138020099257,2.00558053452,4916689907,true,true
softmax_1784949969707_softmax_full_f16io_f32acc_ptx_ex2_approx_f16x2_r1,softmax_oratc_targeted_g48s1024_confirm_v1_20260725_sess01_pos3_ptx_f16x2_g48_s1024_cache_reuse_candidate_probe_ptx_f16x2_g48_s00_p01,probe_middle,1,1,5,138695.544347,138695.548612,138695.546479,0.0042645020003,2.50856815302,4916804857,true,true
softmax_1784949969707_softmax_full_f16io_f32acc_ptx_ex2_approx_f16x2_r1,softmax_oratc_targeted_g48s1024_confirm_v1_20260725_sess01_pos3_ptx_f16x2_g48_s1024_cache_reuse_candidate_probe_ptx_f16x2_g48_s00_p01,probe_middle,1,1,6,138696.048729,138696.050126,138696.049428,0.0013972990273,3.01151650451,4916923579,true,true
softmax_1784949969707_softmax_full_f16io_f32acc_ptx_ex2_approx_f16x2_r1,softmax_oratc_targeted_g48s1024_confirm_v1_20260725_sess01_pos3_ptx_f16x2_g48_s1024_cache_reuse_candidate_probe_ptx_f16x2_g48_s00_p01,probe_middle,1,1,7,138696.550241,138696.551598,138696.550919,0.00135669799056,3.51300819201,4917042031,true,true
softmax_1784949969707_softmax_full_f16io_f32acc_ptx_ex2_approx_f16x2_r1,softmax_oratc_targeted_g48s1024_confirm_v1_20260725_sess01_pos3_ptx_f16x2_g48_s1024_cache_reuse_candidate_probe_ptx_f16x2_g48_s00_p01,probe_middle,1,1,8,138697.051729,138697.053113,138697.052421,0.00138369901106,4.0145097835,4917160044,true,true
softmax_1784949969707_softmax_full_f16io_f32acc_ptx_ex2_approx_f16x2_r1,softmax_oratc_targeted_g48s1024_confirm_v1_20260725_sess01_pos3_ptx_f16x2_g48_s1024_cache_reuse_candidate_probe_ptx_f16x2_g48_s00_p01,probe_middle,1,1,9,138697.553227,138697.554572,138697.553899,0.00134519900894,4.51598802849,4917277801,true,true
softmax_1784949969707_softmax_full_f16io_f32acc_ptx_ex2_approx_f16x2_r1,softmax_oratc_targeted_g48s1024_confirm_v1_20260725_sess01_pos3_ptx_f16x2_g48_s1024_cache_reuse_candidate_probe_ptx_f16x2_g48_s00_p01,probe_middle,1,1,10,138698.054684,138698.05605,138698.055367,0.00136619899422,5.0174560275,4917395173,true,true
softmax_1784949969707_softmax_full_f16io_f32acc_ptx_ex2_approx_f16x2_r1,softmax_oratc_targeted_g48s1024_confirm_v1_20260725_sess01_pos3_ptx_f16x2_g48_s1024_cache_reuse_candidate_probe_ptx_f16x2_g48_s00_p01,probe_middle,1,1,11,138698.556171,138698.557529,138698.55685,0.00135839899303,5.5189387305,4917511993,true,true
softmax_1784949969707_softmax_full_f16io_f32acc_ptx_ex2_approx_f16x2_r1,softmax_oratc_targeted_g48s1024_confirm_v1_20260725_sess01_pos3_ptx_f16x2_g48_s1024_cache_reuse_candidate_probe_ptx_f16x2_g48_s00_p01,probe_middle,1,1,12,138699.057641,138699.059116,138699.058378,0.0014742979838,6.02046728699,4917628372,true,true
softmax_1784949969707_softmax_full_f16io_f32acc_ptx_ex2_approx_f16x2_r1,softmax_oratc_targeted_g48s1024_confirm_v1_20260725_sess01_pos3_ptx_f16x2_g48_s1024_cache_reuse_candidate_probe_ptx_f16x2_g48_s00_p01,probe_middle,1,1,13,138699.559203,138699.560533,138699.559868,0.00133060099324,6.5219568795,4917744226,true,true
softmax_1784949969707_softmax_full_f16io_f32acc_ptx_ex2_approx_f16x2_r1,softmax_oratc_targeted_g48s1024_confirm_v1_20260725_sess01_pos3_ptx_f16x2_g48_s1024_cache_reuse_candidate_probe_ptx_f16x2_g48_s00_p01,probe_middle,1,1,14,138700.060621,138700.061893,138700.061257,0.00127150001936,7.023345772,4917859623,true,true
softmax_1784949969707_softmax_full_f16io_f32acc_ptx_ex2_approx_f16x2_r1,softmax_oratc_targeted_g48s1024_confirm_v1_20260725_sess01_pos3_ptx_f16x2_g48_s1024_cache_reuse_candidate_probe_ptx_f16x2_g48_s00_p01,probe_middle,1,1,15,138700.562006,138700.566664,138700.564335,0.00465820200043,7.52642356901,4917974830,true,true
softmax_1784949969707_softmax_full_f16io_f32acc_ptx_ex2_approx_f16x2_r1,softmax_oratc_targeted_g48s1024_confirm_v1_20260725_sess01_pos3_ptx_f16x2_g48_s1024_cache_reuse_candidate_probe_ptx_f16x2_g48_s00_p01,probe_middle,1,1,16,138701.066778,138701.06813,138701.067454,0.00135200101067,8.02954281948,4918093741,true,true
softmax_1784949969707_softmax_full_f16io_f32acc_ptx_ex2_approx_f16x2_r1,softmax_oratc_targeted_g48s1024_confirm_v1_20260725_sess01_pos3_ptx_f16x2_g48_s1024_cache_reuse_candidate_probe_ptx_f16x2_g48_s00_p01,probe_middle,1,1,17,138701.568245,138701.569598,138701.568921,0.00135300098918,8.5310103735,4918212317,true,true
softmax_1784949969707_softmax_full_f16io_f32acc_ptx_ex2_approx_f16x2_r1,softmax_oratc_targeted_g48s1024_confirm_v1_20260725_sess01_pos3_ptx_f16x2_g48_s1024_cache_reuse_candidate_probe_ptx_f16x2_g48_s00_p01,probe_middle,1,1,18,138702.069721,138702.071085,138702.070403,0.00136390098487,9.03249198152,4918330555,true,true
softmax_1784949969707_softmax_full_f16io_f32acc_ptx_ex2_approx_f16x2_r1,softmax_oratc_targeted_g48s1024_confirm_v1_20260725_sess01_pos3_ptx_f16x2_g48_s1024_cache_reuse_candidate_probe_ptx_f16x2_g48_s00_p01,probe_middle,1,1,19,138702.571204,138702.572511,138702.571858,0.00130680101574,9.53394669248,4918448324,true,true
softmax_1784949969707_softmax_full_f16io_f32acc_ptx_ex2_approx_f16x2_r1,softmax_oratc_targeted_g48s1024_confirm_v1_20260725_sess01_pos3_ptx_f16x2_g48_s1024_cache_reuse_candidate_probe_ptx_f16x2_g48_s00_p01,probe_middle,1,1,20,138703.072626,138703.073948,138703.073287,0.00132180101355,10.0353755575,4918565588,true,true
softmax_1784949969707_softmax_full_f16io_f32acc_ptx_ex2_approx_f16x2_r1,softmax_oratc_targeted_g48s1024_confirm_v1_20260725_sess01_pos3_ptx_f16x2_g48_s1024_cache_reuse_candidate_probe_ptx_f16x2_g48_s00_p01,probe_middle,1,1,21,138703.574062,138703.575581,138703.574821,0.00151920100325,10.5369100265,4918682432,true,true
softmax_1784949969707_softmax_full_f16io_f32acc_ptx_ex2_approx_f16x2_r1,softmax_oratc_targeted_g48s1024_confirm_v1_20260725_sess01_pos3_ptx_f16x2_g48_s1024_cache_reuse_candidate_probe_ptx_f16x2_g48_s00_p01,probe_middle,1,1,22,138704.075754,138704.077211,138704.076483,0.00145699898712,11.0385718045,4918798784,true,true
softmax_1784949969707_softmax_full_f16io_f32acc_ptx_ex2_approx_f16x2_r1,softmax_oratc_targeted_g48s1024_confirm_v1_20260725_sess01_pos3_ptx_f16x2_g48_s1024_cache_reuse_candidate_probe_ptx_f16x2_g48_s00_p01,probe_middle,1,1,23,138704.577346,138704.578758,138704.578052,0.00141229902511,11.5401408185,4918914823,true,false
softmax_1784949969707_softmax_full_f16io_f32acc_ptx_ex2_approx_f16x2_r1,softmax_oratc_targeted_g48s1024_confirm_v1_20260725_sess01_pos3_ptx_f16x2_g48_s1024_cache_reuse_candidate_probe_ptx_f16x2_g48_s00_p01,probe_middle,1,1,24,138705.078919,138705.080197,138705.079558,0.00127789902035,12.0416465865,4919052586,true,false
softmax_1784949969707_softmax_full_f16io_f32acc_ptx_ex2_approx_f16x2_r1,softmax_oratc_targeted_g48s1024_confirm_v1_20260725_sess01_pos3_ptx_f16x2_g48_s1024_cache_reuse_candidate_probe_ptx_f16x2_g48_s00_p01,probe_middle,1,1,25,138705.415648,138705.417067,138705.416357,0.00141909901868,12.3784461645,4919108101,true,false
softmax_1784949982098_softmax_full_f16io_f32acc_ptx_ex2_approx_f16x2_r1,softmax_oratc_targeted_g48s1024_confirm_v1_20260725_sess01_pos3_ptx_f16x2_g48_s1024_cache_reuse_candidate_probe_ptx_f16x2_g48_s00_p01,full_after,1,2,0,138705.427701,138705.428833,138705.428267,0.00113249899005,-0.000573449477088,4919108101,false,false
softmax_1784949982098_softmax_full_f16io_f32acc_ptx_ex2_approx_f16x2_r1,softmax_oratc_targeted_g48s1024_confirm_v1_20260725_sess01_pos3_ptx_f16x2_g48_s1024_cache_reuse_candidate_probe_ptx_f16x2_g48_s00_p01,full_after,1,2,1,138705.929139,138705.930539,138705.929839,0.00139989898889,0.500998625532,4919219170,true,false
softmax_1784949982098_softmax_full_f16io_f32acc_ptx_ex2_approx_f16x2_r1,softmax_oratc_targeted_g48s1024_confirm_v1_20260725_sess01_pos3_ptx_f16x2_g48_s1024_cache_reuse_candidate_probe_ptx_f16x2_g48_s00_p01,full_after,1,2,2,138706.43071,138706.4321,138706.431405,0.0013897989993,1.0025646525,4919337247,true,false
softmax_1784949982098_softmax_full_f16io_f32acc_ptx_ex2_approx_f16x2_r1,softmax_oratc_targeted_g48s1024_confirm_v1_20260725_sess01_pos3_ptx_f16x2_g48_s1024_cache_reuse_candidate_probe_ptx_f16x2_g48_s00_p01,full_after,1,2,3,138706.932261,138706.933732,138706.932997,0.00147149898112,1.50415608552,4919454918,true,true
softmax_1784949982098_softmax_full_f16io_f32acc_ptx_ex2_approx_f16x2_r1,softmax_oratc_targeted_g48s1024_confirm_v1_20260725_sess01_pos3_ptx_f16x2_g48_s1024_cache_reuse_candidate_probe_ptx_f16x2_g48_s00_p01,full_after,1,2,4,138707.433886,138707.435209,138707.434547,0.00132349898922,2.00570696953,4919572117,true,true
softmax_1784949982098_softmax_full_f16io_f32acc_ptx_ex2_approx_f16x2_r1,softmax_oratc_targeted_g48s1024_confirm_v1_20260725_sess01_pos3_ptx_f16x2_g48_s1024_cache_reuse_candidate_probe_ptx_f16x2_g48_s00_p01,full_after,1,2,5,138707.935375,138707.936766,138707.93607,0.00139040101203,2.50722989853,4919688915,true,true
softmax_1784949982098_softmax_full_f16io_f32acc_ptx_ex2_approx_f16x2_r1,softmax_oratc_targeted_g48s1024_confirm_v1_20260725_sess01_pos3_ptx_f16x2_g48_s1024_cache_reuse_candidate_probe_ptx_f16x2_g48_s00_p01,full_after,1,2,6,138708.436915,138708.438284,138708.4376,0.00136860099155,3.00875923052,4919805378,true,true
softmax_1784949982098_softmax_full_f16io_f32acc_ptx_ex2_approx_f16x2_r1,softmax_oratc_targeted_g48s1024_confirm_v1_20260725_sess01_pos3_ptx_f16x2_g48_s1024_cache_reuse_candidate_probe_ptx_f16x2_g48_s00_p01,full_after,1,2,7,138708.938441,138708.939839,138708.93914,0.00139810098335,3.51029971751,4919921445,true,true
softmax_1784949982098_softmax_full_f16io_f32acc_ptx_ex2_approx_f16x2_r1,softmax_oratc_targeted_g48s1024_confirm_v1_20260725_sess01_pos3_ptx_f16x2_g48_s1024_cache_reuse_candidate_probe_ptx_f16x2_g48_s00_p01,full_after,1,2,8,138709.439994,138709.444077,138709.442036,0.0040826019831,4.01319520801,4920037212,true,true
softmax_1784949982098_softmax_full_f16io_f32acc_ptx_ex2_approx_f16x2_r1,softmax_oratc_targeted_g48s1024_confirm_v1_20260725_sess01_pos3_ptx_f16x2_g48_s1024_cache_reuse_candidate_probe_ptx_f16x2_g48_s00_p01,full_after,1,2,9,138709.944238,138709.945675,138709.944956,0.00143700101762,4.5161157535,4920156774,true,true
softmax_1784949982098_softmax_full_f16io_f32acc_ptx_ex2_approx_f16x2_r1,softmax_oratc_targeted_g48s1024_confirm_v1_20260725_sess01_pos3_ptx_f16x2_g48_s1024_cache_reuse_candidate_probe_ptx_f16x2_g48_s00_p01,full_after,1,2,10,138710.445825,138710.447184,138710.446505,0.00135869998485,5.01766415001,4920275916,true,true
softmax_1784949982098_softmax_full_f16io_f32acc_ptx_ex2_approx_f16x2_r1,softmax_oratc_targeted_g48s1024_confirm_v1_20260725_sess01_pos3_ptx_f16x2_g48_s1024_cache_reuse_candidate_probe_ptx_f16x2_g48_s00_p01,full_after,1,2,11,138710.947314,138710.948713,138710.948014,0.00139880098868,5.51917315251,4920394568,true,true
softmax_1784949982098_softmax_full_f16io_f32acc_ptx_ex2_approx_f16x2_r1,softmax_oratc_targeted_g48s1024_confirm_v1_20260725_sess01_pos3_ptx_f16x2_g48_s1024_cache_reuse_candidate_probe_ptx_f16x2_g48_s00_p01,full_after,1,2,12,138711.448837,138711.450203,138711.44952,0.0013659010001,6.02067945653,4920512827,true,true
softmax_1784949982098_softmax_full_f16io_f32acc_ptx_ex2_approx_f16x2_r1,softmax_oratc_targeted_g48s1024_confirm_v1_20260725_sess01_pos3_ptx_f16x2_g48_s1024_cache_reuse_candidate_probe_ptx_f16x2_g48_s00_p01,full_after,1,2,13,138711.950367,138711.95175,138711.951058,0.00138219899964,6.5222179495,4920630634,true,true
softmax_1784949982098_softmax_full_f16io_f32acc_ptx_ex2_approx_f16x2_r1,softmax_oratc_targeted_g48s1024_confirm_v1_20260725_sess01_pos3_ptx_f16x2_g48_s1024_cache_reuse_candidate_probe_ptx_f16x2_g48_s00_p01,full_after,1,2,14,138712.45192,138712.453256,138712.452588,0.00133609899785,7.02374748152,4920748010,true,true
softmax_1784949982098_softmax_full_f16io_f32acc_ptx_ex2_approx_f16x2_r1,softmax_oratc_targeted_g48s1024_confirm_v1_20260725_sess01_pos3_ptx_f16x2_g48_s1024_cache_reuse_candidate_probe_ptx_f16x2_g48_s00_p01,full_after,1,2,15,138712.953424,138712.954739,138712.954081,0.00131469898042,7.52524096949,4920865020,true,true
softmax_1784949982098_softmax_full_f16io_f32acc_ptx_ex2_approx_f16x2_r1,softmax_oratc_targeted_g48s1024_confirm_v1_20260725_sess01_pos3_ptx_f16x2_g48_s1024_cache_reuse_candidate_probe_ptx_f16x2_g48_s00_p01,full_after,1,2,16,138713.454899,138713.456405,138713.455652,0.00150619901251,8.02681140951,4920981738,true,true
softmax_1784949982098_softmax_full_f16io_f32acc_ptx_ex2_approx_f16x2_r1,softmax_oratc_targeted_g48s1024_confirm_v1_20260725_sess01_pos3_ptx_f16x2_g48_s1024_cache_reuse_candidate_probe_ptx_f16x2_g48_s00_p01,full_after,1,2,17,138713.956544,138713.957945,138713.957245,0.00140129899955,8.52840425452,4921098103,true,true
softmax_1784949982098_softmax_full_f16io_f32acc_ptx_ex2_approx_f16x2_r1,softmax_oratc_targeted_g48s1024_confirm_v1_20260725_sess01_pos3_ptx_f16x2_g48_s1024_cache_reuse_candidate_probe_ptx_f16x2_g48_s00_p01,full_after,1,2,18,138714.458097,138714.462392,138714.460244,0.00429509798414,9.03140355099,4921214003,true,true
softmax_1784949982098_softmax_full_f16io_f32acc_ptx_ex2_approx_f16x2_r1,softmax_oratc_targeted_g48s1024_confirm_v1_20260725_sess01_pos3_ptx_f16x2_g48_s1024_cache_reuse_candidate_probe_ptx_f16x2_g48_s00_p01,full_after,1,2,19,138714.962556,138714.963956,138714.963256,0.00140009901952,9.53441565251,4921333649,true,true
softmax_1784949982098_softmax_full_f16io_f32acc_ptx_ex2_approx_f16x2_r1,softmax_oratc_targeted_g48s1024_confirm_v1_20260725_sess01_pos3_ptx_f16x2_g48_s1024_cache_reuse_candidate_probe_ptx_f16x2_g48_s00_p01,full_after,1,2,20,138715.46409,138715.465473,138715.464782,0.00138299900573,10.0359411075,4921452810,true,true
softmax_1784949982098_softmax_full_f16io_f32acc_ptx_ex2_approx_f16x2_r1,softmax_oratc_targeted_g48s1024_confirm_v1_20260725_sess01_pos3_ptx_f16x2_g48_s1024_cache_reuse_candidate_probe_ptx_f16x2_g48_s00_p01,full_after,1,2,21,138715.965636,138715.967019,138715.966328,0.0013828999945,10.53748727,4921571481,true,true
softmax_1784949982098_softmax_full_f16io_f32acc_ptx_ex2_approx_f16x2_r1,softmax_oratc_targeted_g48s1024_confirm_v1_20260725_sess01_pos3_ptx_f16x2_g48_s1024_cache_reuse_candidate_probe_ptx_f16x2_g48_s00_p01,full_after,1,2,22,138716.467152,138716.468485,138716.467819,0.00133350098622,11.0389780855,4921689743,true,true
softmax_1784949982098_softmax_full_f16io_f32acc_ptx_ex2_approx_f16x2_r1,softmax_oratc_targeted_g48s1024_confirm_v1_20260725_sess01_pos3_ptx_f16x2_g48_s1024_cache_reuse_candidate_probe_ptx_f16x2_g48_s00_p01,full_after,1,2,23,138716.968646,138716.970054,138716.96935,0.0014071999758,11.540509457,4921807786,true,false
softmax_1784949982098_softmax_full_f16io_f32acc_ptx_ex2_approx_f16x2_r1,softmax_oratc_targeted_g48s1024_confirm_v1_20260725_sess01_pos3_ptx_f16x2_g48_s1024_cache_reuse_candidate_probe_ptx_f16x2_g48_s00_p01,full_after,1,2,24,138717.470204,138717.471962,138717.471083,0.00175749999471,12.04224253,4921925114,true,false
softmax_1784949982098_softmax_full_f16io_f32acc_ptx_ex2_approx_f16x2_r1,softmax_oratc_targeted_g48s1024_confirm_v1_20260725_sess01_pos3_ptx_f16x2_g48_s1024_cache_reuse_candidate_probe_ptx_f16x2_g48_s00_p01,full_after,1,2,25,138717.818388,138717.821589,138717.819989,0.00320100199315,12.391148039,4922001404,true,false
softmax_1784949994499_softmax_full_f16io_f32acc_ptx_ex2_approx_f16x2_r2,softmax_oratc_targeted_g48s1024_confirm_v1_20260725_sess01_pos3_ptx_f16x2_g48_s1024_cache_reuse_candidate_probe_ptx_f16x2_g48_s00_p02,full_before,2,0,0,138717.829194,138717.830455,138717.829825,0.00126090098638,-0.000637050485238,4922001404,false,false
softmax_1784949994499_softmax_full_f16io_f32acc_ptx_ex2_approx_f16x2_r2,softmax_oratc_targeted_g48s1024_confirm_v1_20260725_sess01_pos3_ptx_f16x2_g48_s1024_cache_reuse_candidate_probe_ptx_f16x2_g48_s00_p02,full_before,2,0,1,138718.33086,138718.332233,138718.331546,0.00137300099595,0.501084728487,4922114337,true,false
softmax_1784949994499_softmax_full_f16io_f32acc_ptx_ex2_approx_f16x2_r2,softmax_oratc_targeted_g48s1024_confirm_v1_20260725_sess01_pos3_ptx_f16x2_g48_s1024_cache_reuse_candidate_probe_ptx_f16x2_g48_s00_p02,full_before,2,0,2,138718.832379,138718.833692,138718.833035,0.00131289998535,1.00257351401,4922231205,true,false
softmax_1784949994499_softmax_full_f16io_f32acc_ptx_ex2_approx_f16x2_r2,softmax_oratc_targeted_g48s1024_confirm_v1_20260725_sess01_pos3_ptx_f16x2_g48_s1024_cache_reuse_candidate_probe_ptx_f16x2_g48_s00_p02,full_before,2,0,3,138719.333808,138719.335189,138719.334498,0.00138070000685,1.50403685003,4922347694,true,true
softmax_1784949994499_softmax_full_f16io_f32acc_ptx_ex2_approx_f16x2_r2,softmax_oratc_targeted_g48s1024_confirm_v1_20260725_sess01_pos3_ptx_f16x2_g48_s1024_cache_reuse_candidate_probe_ptx_f16x2_g48_s00_p02,full_before,2,0,4,138719.835316,138719.83668,138719.835998,0.00136329900124,2.00553652851,4922463725,true,true
softmax_1784949994499_softmax_full_f16io_f32acc_ptx_ex2_approx_f16x2_r2,softmax_oratc_targeted_g48s1024_confirm_v1_20260725_sess01_pos3_ptx_f16x2_g48_s1024_cache_reuse_candidate_probe_ptx_f16x2_g48_s00_p02,full_before,2,0,5,138720.336797,138720.340676,138720.338736,0.00387949799187,2.50827474901,4922579246,true,true
softmax_1784949994499_softmax_full_f16io_f32acc_ptx_ex2_approx_f16x2_r2,softmax_oratc_targeted_g48s1024_confirm_v1_20260725_sess01_pos3_ptx_f16x2_g48_s1024_cache_reuse_candidate_probe_ptx_f16x2_g48_s00_p02,full_before,2,0,6,138720.840798,138720.842227,138720.841513,0.00142939900979,3.01105122751,4922698738,true,true
softmax_1784949994499_softmax_full_f16io_f32acc_ptx_ex2_approx_f16x2_r2,softmax_oratc_targeted_g48s1024_confirm_v1_20260725_sess01_pos3_ptx_f16x2_g48_s1024_cache_reuse_candidate_probe_ptx_f16x2_g48_s00_p02,full_before,2,0,7,138721.34234,138721.343724,138721.343032,0.0013840990141,3.51257070652,4922817885,true,true
softmax_1784949994499_softmax_full_f16io_f32acc_ptx_ex2_approx_f16x2_r2,softmax_oratc_targeted_g48s1024_confirm_v1_20260725_sess01_pos3_ptx_f16x2_g48_s1024_cache_reuse_candidate_probe_ptx_f16x2_g48_s00_p02,full_before,2,0,8,138721.843835,138721.845133,138721.844484,0.00129759998526,4.01402219301,4922936707,true,true
softmax_1784949994499_softmax_full_f16io_f32acc_ptx_ex2_approx_f16x2_r2,softmax_oratc_targeted_g48s1024_confirm_v1_20260725_sess01_pos3_ptx_f16x2_g48_s1024_cache_reuse_candidate_probe_ptx_f16x2_g48_s00_p02,full_before,2,0,9,138722.345252,138722.346572,138722.345912,0.0013201989932,4.51545032952,4923055249,true,true
softmax_1784949994499_softmax_full_f16io_f32acc_ptx_ex2_approx_f16x2_r2,softmax_oratc_targeted_g48s1024_confirm_v1_20260725_sess01_pos3_ptx_f16x2_g48_s1024_cache_reuse_candidate_probe_ptx_f16x2_g48_s00_p02,full_before,2,0,10,138722.846695,138722.848074,138722.847384,0.00137899900437,5.01692257353,4923173469,true,true
softmax_1784949994499_softmax_full_f16io_f32acc_ptx_ex2_approx_f16x2_r2,softmax_oratc_targeted_g48s1024_confirm_v1_20260725_sess01_pos3_ptx_f16x2_g48_s1024_cache_reuse_candidate_probe_ptx_f16x2_g48_s00_p02,full_before,2,0,11,138723.348187,138723.349549,138723.348868,0.00136179901892,5.51840631751,4923291175,true,true
softmax_1784949994499_softmax_full_f16io_f32acc_ptx_ex2_approx_f16x2_r2,softmax_oratc_targeted_g48s1024_confirm_v1_20260725_sess01_pos3_ptx_f16x2_g48_s1024_cache_reuse_candidate_probe_ptx_f16x2_g48_s00_p02,full_before,2,0,12,138723.849658,138723.850999,138723.850329,0.00134109999635,6.01986735899,4923408497,true,true
softmax_1784949994499_softmax_full_f16io_f32acc_ptx_ex2_approx_f16x2_r2,softmax_oratc_targeted_g48s1024_confirm_v1_20260725_sess01_pos3_ptx_f16x2_g48_s1024_cache_reuse_candidate_probe_ptx_f16x2_g48_s00_p02,full_before,2,0,13,138724.351195,138724.352524,138724.351859,0.0013295999961,6.52139792102,4923525285,true,true
softmax_1784949994499_softmax_full_f16io_f32acc_ptx_ex2_approx_f16x2_r2,softmax_oratc_targeted_g48s1024_confirm_v1_20260725_sess01_pos3_ptx_f16x2_g48_s1024_cache_reuse_candidate_probe_ptx_f16x2_g48_s00_p02,full_before,2,0,14,138724.852646,138724.853994,138724.85332,0.00134839999373,7.02285854003,4923641720,true,true
softmax_1784949994499_softmax_full_f16io_f32acc_ptx_ex2_approx_f16x2_r2,softmax_oratc_targeted_g48s1024_confirm_v1_20260725_sess01_pos3_ptx_f16x2_g48_s1024_cache_reuse_candidate_probe_ptx_f16x2_g48_s00_p02,full_before,2,0,15,138725.354108,138725.358964,138725.356536,0.00485630199546,7.52607431001,4923757859,true,true
softmax_1784949994499_softmax_full_f16io_f32acc_ptx_ex2_approx_f16x2_r2,softmax_oratc_targeted_g48s1024_confirm_v1_20260725_sess01_pos3_ptx_f16x2_g48_s1024_cache_reuse_candidate_probe_ptx_f16x2_g48_s00_p02,full_before,2,0,16,138725.859061,138725.860355,138725.859708,0.00129450001987,8.02924623701,4923877721,true,true
softmax_1784949994499_softmax_full_f16io_f32acc_ptx_ex2_approx_f16x2_r2,softmax_oratc_targeted_g48s1024_confirm_v1_20260725_sess01_pos3_ptx_f16x2_g48_s1024_cache_reuse_candidate_probe_ptx_f16x2_g48_s00_p02,full_before,2,0,17,138726.360478,138726.36177,138726.361124,0.00129200099036,8.53066271351,4923997229,true,true
softmax_1784949994499_softmax_full_f16io_f32acc_ptx_ex2_approx_f16x2_r2,softmax_oratc_targeted_g48s1024_confirm_v1_20260725_sess01_pos3_ptx_f16x2_g48_s1024_cache_reuse_candidate_probe_ptx_f16x2_g48_s00_p02,full_before,2,0,18,138726.861888,138726.863197,138726.862542,0.00130980001995,9.03208094701,4924116309,true,true
softmax_1784949994499_softmax_full_f16io_f32acc_ptx_ex2_approx_f16x2_r2,softmax_oratc_targeted_g48s1024_confirm_v1_20260725_sess01_pos3_ptx_f16x2_g48_s1024_cache_reuse_candidate_probe_ptx_f16x2_g48_s00_p02,full_before,2,0,19,138727.36333,138727.364665,138727.363998,0.00133500099764,9.53353608053,4924234931,true,true
softmax_1784949994499_softmax_full_f16io_f32acc_ptx_ex2_approx_f16x2_r2,softmax_oratc_targeted_g48s1024_confirm_v1_20260725_sess01_pos3_ptx_f16x2_g48_s1024_cache_reuse_candidate_probe_ptx_f16x2_g48_s00_p02,full_before,2,0,20,138727.864778,138727.866125,138727.865452,0.00134719800553,10.034990204,4924353076,true,true
softmax_1784949994499_softmax_full_f16io_f32acc_ptx_ex2_approx_f16x2_r2,softmax_oratc_targeted_g48s1024_confirm_v1_20260725_sess01_pos3_ptx_f16x2_g48_s1024_cache_reuse_candidate_probe_ptx_f16x2_g48_s00_p02,full_before,2,0,21,138728.366246,138728.367728,138728.366987,0.00148169900058,10.5365251765,4924470740,true,true
softmax_1784949994499_softmax_full_f16io_f32acc_ptx_ex2_approx_f16x2_r2,softmax_oratc_targeted_g48s1024_confirm_v1_20260725_sess01_pos3_ptx_f16x2_g48_s1024_cache_reuse_candidate_probe_ptx_f16x2_g48_s00_p02,full_before,2,0,22,138728.867833,138728.869197,138728.868515,0.00136459901114,11.0380532555,4924587970,true,true
softmax_1784949994499_softmax_full_f16io_f32acc_ptx_ex2_approx_f16x2_r2,softmax_oratc_targeted_g48s1024_confirm_v1_20260725_sess01_pos3_ptx_f16x2_g48_s1024_cache_reuse_candidate_probe_ptx_f16x2_g48_s00_p02,full_before,2,0,23,138729.36932,138729.370654,138729.369987,0.00133439898491,11.5395254855,4924704852,true,false
softmax_1784949994499_softmax_full_f16io_f32acc_ptx_ex2_approx_f16x2_r2,softmax_oratc_targeted_g48s1024_confirm_v1_20260725_sess01_pos3_ptx_f16x2_g48_s1024_cache_reuse_candidate_probe_ptx_f16x2_g48_s00_p02,full_before,2,0,24,138729.870776,138729.87208,138729.871428,0.00130399901536,12.0409663225,4924844171,true,false
softmax_1784949994499_softmax_full_f16io_f32acc_ptx_ex2_approx_f16x2_r2,softmax_oratc_targeted_g48s1024_confirm_v1_20260725_sess01_pos3_ptx_f16x2_g48_s1024_cache_reuse_candidate_probe_ptx_f16x2_g48_s00_p02,full_before,2,0,25,138730.224753,138730.226256,138730.225505,0.00150259799557,12.395043195,4924901091,true,false
softmax_1784950006907_softmax_full_f16io_f32acc_ptx_ex2_approx_f16x2_r2,softmax_oratc_targeted_g48s1024_confirm_v1_20260725_sess01_pos3_ptx_f16x2_g48_s1024_cache_reuse_candidate_probe_ptx_f16x2_g48_s00_p02,probe_middle,2,1,0,138730.234064,138730.237875,138730.23597,0.00381089601433,-0.00191164799617,4924901091,false,false
softmax_1784950006907_softmax_full_f16io_f32acc_ptx_ex2_approx_f16x2_r2,softmax_oratc_targeted_g48s1024_confirm_v1_20260725_sess01_pos3_ptx_f16x2_g48_s1024_cache_reuse_candidate_probe_ptx_f16x2_g48_s00_p02,probe_middle,2,1,1,138730.73815,138730.739545,138730.738848,0.00139499898069,0.500966243504,4925010833,true,false
softmax_1784950006907_softmax_full_f16io_f32acc_ptx_ex2_approx_f16x2_r2,softmax_oratc_targeted_g48s1024_confirm_v1_20260725_sess01_pos3_ptx_f16x2_g48_s1024_cache_reuse_candidate_probe_ptx_f16x2_g48_s00_p02,probe_middle,2,1,2,138731.239673,138731.241102,138731.240387,0.00142950000009,1.00250592901,4925129206,true,false
softmax_1784950006907_softmax_full_f16io_f32acc_ptx_ex2_approx_f16x2_r2,softmax_oratc_targeted_g48s1024_confirm_v1_20260725_sess01_pos3_ptx_f16x2_g48_s1024_cache_reuse_candidate_probe_ptx_f16x2_g48_s00_p02,probe_middle,2,1,3,138731.741255,138731.742866,138731.742061,0.0016104009992,1.50417908453,4925247253,true,true
softmax_1784950006907_softmax_full_f16io_f32acc_ptx_ex2_approx_f16x2_r2,softmax_oratc_targeted_g48s1024_confirm_v1_20260725_sess01_pos3_ptx_f16x2_g48_s1024_cache_reuse_candidate_probe_ptx_f16x2_g48_s00_p02,probe_middle,2,1,4,138732.242994,138732.24445,138732.243722,0.00145630101906,2.0058402415,4925364769,true,true
softmax_1784950006907_softmax_full_f16io_f32acc_ptx_ex2_approx_f16x2_r2,softmax_oratc_targeted_g48s1024_confirm_v1_20260725_sess01_pos3_ptx_f16x2_g48_s1024_cache_reuse_candidate_probe_ptx_f16x2_g48_s00_p02,probe_middle,2,1,5,138732.744548,138732.74591,138732.745229,0.00136210001074,2.507347754,4925481754,true,true
softmax_1784950006907_softmax_full_f16io_f32acc_ptx_ex2_approx_f16x2_r2,softmax_oratc_targeted_g48s1024_confirm_v1_20260725_sess01_pos3_ptx_f16x2_g48_s1024_cache_reuse_candidate_probe_ptx_f16x2_g48_s00_p02,probe_middle,2,1,6,138733.246043,138733.247386,138733.246714,0.00134310100111,3.00883266752,4925598472,true,true
softmax_1784950006907_softmax_full_f16io_f32acc_ptx_ex2_approx_f16x2_r2,softmax_oratc_targeted_g48s1024_confirm_v1_20260725_sess01_pos3_ptx_f16x2_g48_s1024_cache_reuse_candidate_probe_ptx_f16x2_g48_s00_p02,probe_middle,2,1,7,138733.747497,138733.748887,138733.748192,0.00139050098369,3.5103107875,4925714902,true,true
softmax_1784950006907_softmax_full_f16io_f32acc_ptx_ex2_approx_f16x2_r2,softmax_oratc_targeted_g48s1024_confirm_v1_20260725_sess01_pos3_ptx_f16x2_g48_s1024_cache_reuse_candidate_probe_ptx_f16x2_g48_s00_p02,probe_middle,2,1,8,138734.249011,138734.250333,138734.249672,0.00132190101431,4.01179070849,4925831153,true,true
softmax_1784950006907_softmax_full_f16io_f32acc_ptx_ex2_approx_f16x2_r2,softmax_oratc_targeted_g48s1024_confirm_v1_20260725_sess01_pos3_ptx_f16x2_g48_s1024_cache_reuse_candidate_probe_ptx_f16x2_g48_s00_p02,probe_middle,2,1,9,138734.750483,138734.751898,138734.75119,0.00141490099486,4.51330893551,4925947004,true,true
softmax_1784950006907_softmax_full_f16io_f32acc_ptx_ex2_approx_f16x2_r2,softmax_oratc_targeted_g48s1024_confirm_v1_20260725_sess01_pos3_ptx_f16x2_g48_s1024_cache_reuse_candidate_probe_ptx_f16x2_g48_s00_p02,probe_middle,2,1,10,138735.25203,138735.256044,138735.254037,0.00401390201296,5.01615556402,4926062446,true,true
softmax_1784950006907_softmax_full_f16io_f32acc_ptx_ex2_approx_f16x2_r2,softmax_oratc_targeted_g48s1024_confirm_v1_20260725_sess01_pos3_ptx_f16x2_g48_s1024_cache_reuse_candidate_probe_ptx_f16x2_g48_s00_p02,probe_middle,2,1,11,138735.756212,138735.757667,138735.75694,0.0014542999852,5.51905809899,4926181551,true,true
softmax_1784950006907_softmax_full_f16io_f32acc_ptx_ex2_approx_f16x2_r2,softmax_oratc_targeted_g48s1024_confirm_v1_20260725_sess01_pos3_ptx_f16x2_g48_s1024_cache_reuse_candidate_probe_ptx_f16x2_g48_s00_p02,probe_middle,2,1,12,138736.257802,138736.259177,138736.258489,0.00137500098208,6.0206076125,4926300073,true,true
softmax_1784950006907_softmax_full_f16io_f32acc_ptx_ex2_approx_f16x2_r2,softmax_oratc_targeted_g48s1024_confirm_v1_20260725_sess01_pos3_ptx_f16x2_g48_s1024_cache_reuse_candidate_probe_ptx_f16x2_g48_s00_p02,probe_middle,2,1,13,138736.75933,138736.760749,138736.760039,0.00141890099621,6.52215782649,4926418160,true,true
softmax_1784950006907_softmax_full_f16io_f32acc_ptx_ex2_approx_f16x2_r2,softmax_oratc_targeted_g48s1024_confirm_v1_20260725_sess01_pos3_ptx_f16x2_g48_s1024_cache_reuse_candidate_probe_ptx_f16x2_g48_s00_p02,probe_middle,2,1,14,138737.260879,138737.262301,138737.26159,0.00142170098843,7.0237087915,4926535878,true,true
softmax_1784950006907_softmax_full_f16io_f32acc_ptx_ex2_approx_f16x2_r2,softmax_oratc_targeted_g48s1024_confirm_v1_20260725_sess01_pos3_ptx_f16x2_g48_s1024_cache_reuse_candidate_probe_ptx_f16x2_g48_s00_p02,probe_middle,2,1,15,138737.762455,138737.763867,138737.763161,0.00141180100036,7.52527951248,4926653274,true,true
softmax_1784950006907_softmax_full_f16io_f32acc_ptx_ex2_approx_f16x2_r2,softmax_oratc_targeted_g48s1024_confirm_v1_20260725_sess01_pos3_ptx_f16x2_g48_s1024_cache_reuse_candidate_probe_ptx_f16x2_g48_s00_p02,probe_middle,2,1,16,138738.264025,138738.265828,138738.264926,0.00180230100523,8.02704503448,4926770306,true,true
softmax_1784950006907_softmax_full_f16io_f32acc_ptx_ex2_approx_f16x2_r2,softmax_oratc_targeted_g48s1024_confirm_v1_20260725_sess01_pos3_ptx_f16x2_g48_s1024_cache_reuse_candidate_probe_ptx_f16x2_g48_s00_p02,probe_middle,2,1,17,138738.765947,138738.767326,138738.766636,0.00137920098496,8.52875476252,4926886970,true,true
softmax_1784950006907_softmax_full_f16io_f32acc_ptx_ex2_approx_f16x2_r2,softmax_oratc_targeted_g48s1024_confirm_v1_20260725_sess01_pos3_ptx_f16x2_g48_s1024_cache_reuse_candidate_probe_ptx_f16x2_g48_s00_p02,probe_middle,2,1,18,138739.267463,138739.268722,138739.268093,0.00125959998695,9.030211242,4927027190,true,true
softmax_1784950006907_softmax_full_f16io_f32acc_ptx_ex2_approx_f16x2_r2,softmax_oratc_targeted_g48s1024_confirm_v1_20260725_sess01_pos3_ptx_f16x2_g48_s1024_cache_reuse_candidate_probe_ptx_f16x2_g48_s00_p02,probe_middle,2,1,19,138739.768875,138739.770201,138739.769538,0.00132599999779,9.53165682699,4927147244,true,true
softmax_1784950006907_softmax_full_f16io_f32acc_ptx_ex2_approx_f16x2_r2,softmax_oratc_targeted_g48s1024_confirm_v1_20260725_sess01_pos3_ptx_f16x2_g48_s1024_cache_reuse_candidate_probe_ptx_f16x2_g48_s00_p02,probe_middle,2,1,20,138740.270328,138740.275139,138740.272733,0.00481100199977,10.034851614,4927266868,true,true
softmax_1784950006907_softmax_full_f16io_f32acc_ptx_ex2_approx_f16x2_r2,softmax_oratc_targeted_g48s1024_confirm_v1_20260725_sess01_pos3_ptx_f16x2_g48_s1024_cache_reuse_candidate_probe_ptx_f16x2_g48_s00_p02,probe_middle,2,1,21,138740.775295,138740.776678,138740.775986,0.00138309999602,10.538104757,4927385632,true,true
softmax_1784950006907_softmax_full_f16io_f32acc_ptx_ex2_approx_f16x2_r2,softmax_oratc_targeted_g48s1024_confirm_v1_20260725_sess01_pos3_ptx_f16x2_g48_s1024_cache_reuse_candidate_probe_ptx_f16x2_g48_s00_p02,probe_middle,2,1,22,138741.276805,138741.278203,138741.277504,0.00139800002216,11.0396228,4927504078,true,true
softmax_1784950006907_softmax_full_f16io_f32acc_ptx_ex2_approx_f16x2_r2,softmax_oratc_targeted_g48s1024_confirm_v1_20260725_sess01_pos3_ptx_f16x2_g48_s1024_cache_reuse_candidate_probe_ptx_f16x2_g48_s00_p02,probe_middle,2,1,23,138741.778334,138741.779719,138741.779027,0.00138560100459,11.5411450995,4927622301,true,false
softmax_1784950006907_softmax_full_f16io_f32acc_ptx_ex2_approx_f16x2_r2,softmax_oratc_targeted_g48s1024_confirm_v1_20260725_sess01_pos3_ptx_f16x2_g48_s1024_cache_reuse_candidate_probe_ptx_f16x2_g48_s00_p02,probe_middle,2,1,24,138742.279851,138742.281244,138742.280547,0.00139240099816,12.0426658995,4927738417,true,false
softmax_1784950006907_softmax_full_f16io_f32acc_ptx_ex2_approx_f16x2_r2,softmax_oratc_targeted_g48s1024_confirm_v1_20260725_sess01_pos3_ptx_f16x2_g48_s1024_cache_reuse_candidate_probe_ptx_f16x2_g48_s00_p02,probe_middle,2,1,25,138742.5926,138742.59403,138742.593315,0.00143029997707,12.355433278,4927792033,true,false
softmax_1784950019271_softmax_full_f16io_f32acc_ptx_ex2_approx_f16x2_r2,softmax_oratc_targeted_g48s1024_confirm_v1_20260725_sess01_pos3_ptx_f16x2_g48_s1024_cache_reuse_candidate_probe_ptx_f16x2_g48_s00_p02,full_after,2,2,0,138742.60143,138742.602581,138742.602005,0.00115039999946,-0.000581100001,4927792033,false,false
softmax_1784950019271_softmax_full_f16io_f32acc_ptx_ex2_approx_f16x2_r2,softmax_oratc_targeted_g48s1024_confirm_v1_20260725_sess01_pos3_ptx_f16x2_g48_s1024_cache_reuse_candidate_probe_ptx_f16x2_g48_s00_p02,full_after,2,2,1,138743.102855,138743.104414,138743.103635,0.00155880002421,0.501048406994,4927906698,true,false
softmax_1784950019271_softmax_full_f16io_f32acc_ptx_ex2_approx_f16x2_r2,softmax_oratc_targeted_g48s1024_confirm_v1_20260725_sess01_pos3_ptx_f16x2_g48_s1024_cache_reuse_candidate_probe_ptx_f16x2_g48_s00_p02,full_after,2,2,2,138743.60453,138743.605838,138743.605184,0.00130820000777,1.002597318,4928023769,true,false
softmax_1784950019271_softmax_full_f16io_f32acc_ptx_ex2_approx_f16x2_r2,softmax_oratc_targeted_g48s1024_confirm_v1_20260725_sess01_pos3_ptx_f16x2_g48_s1024_cache_reuse_candidate_probe_ptx_f16x2_g48_s00_p02,full_after,2,2,3,138744.105961,138744.107291,138744.106626,0.00132969999686,1.50403979002,4928140317,true,true
softmax_1784950019271_softmax_full_f16io_f32acc_ptx_ex2_approx_f16x2_r2,softmax_oratc_targeted_g48s1024_confirm_v1_20260725_sess01_pos3_ptx_f16x2_g48_s1024_cache_reuse_candidate_probe_ptx_f16x2_g48_s00_p02,full_after,2,2,4,138744.607376,138744.608711,138744.608044,0.00133420000202,2.00545703998,4928256434,true,true
softmax_1784950019271_softmax_full_f16io_f32acc_ptx_ex2_approx_f16x2_r2,softmax_oratc_targeted_g48s1024_confirm_v1_20260725_sess01_pos3_ptx_f16x2_g48_s1024_cache_reuse_candidate_probe_ptx_f16x2_g48_s00_p02,full_after,2,2,5,138745.108838,138745.113039,138745.110939,0.00420149901765,2.50835209253,4928372195,true,true
softmax_1784950019271_softmax_full_f16io_f32acc_ptx_ex2_approx_f16x2_r2,softmax_oratc_targeted_g48s1024_confirm_v1_20260725_sess01_pos3_ptx_f16x2_g48_s1024_cache_reuse_candidate_probe_ptx_f16x2_g48_s00_p02,full_after,2,2,6,138745.613153,138745.614519,138745.613836,0.00136619902332,3.01124964852,4928491860,true,true
softmax_1784950019271_softmax_full_f16io_f32acc_ptx_ex2_approx_f16x2_r2,softmax_oratc_targeted_g48s1024_confirm_v1_20260725_sess01_pos3_ptx_f16x2_g48_s1024_cache_reuse_candidate_probe_ptx_f16x2_g48_s00_p02,full_after,2,2,7,138746.114633,138746.115983,138746.115308,0.00134970000363,3.51272170799,4928611209,true,true
softmax_1784950019271_softmax_full_f16io_f32acc_ptx_ex2_approx_f16x2_r2,softmax_oratc_targeted_g48s1024_confirm_v1_20260725_sess01_pos3_ptx_f16x2_g48_s1024_cache_reuse_candidate_probe_ptx_f16x2_g48_s00_p02,full_after,2,2,8,138746.616102,138746.617492,138746.616797,0.00139019999187,4.014210572,4928730212,true,true
softmax_1784950019271_softmax_full_f16io_f32acc_ptx_ex2_approx_f16x2_r2,softmax_oratc_targeted_g48s1024_confirm_v1_20260725_sess01_pos3_ptx_f16x2_g48_s1024_cache_reuse_candidate_probe_ptx_f16x2_g48_s00_p02,full_after,2,2,9,138747.117619,138747.118952,138747.118285,0.00133289999212,4.51569873799,4928848828,true,true
softmax_1784950019271_softmax_full_f16io_f32acc_ptx_ex2_approx_f16x2_r2,softmax_oratc_targeted_g48s1024_confirm_v1_20260725_sess01_pos3_ptx_f16x2_g48_s1024_cache_reuse_candidate_probe_ptx_f16x2_g48_s00_p02,full_after,2,2,10,138747.619067,138747.620516,138747.619792,0.00144949997775,5.01720525901,4928967092,true,true
softmax_1784950019271_softmax_full_f16io_f32acc_ptx_ex2_approx_f16x2_r2,softmax_oratc_targeted_g48s1024_confirm_v1_20260725_sess01_pos3_ptx_f16x2_g48_s1024_cache_reuse_candidate_probe_ptx_f16x2_g48_s00_p02,full_after,2,2,11,138748.120673,138748.122038,138748.121356,0.00136479901266,5.5187693325,4929084848,true,true
softmax_1784950019271_softmax_full_f16io_f32acc_ptx_ex2_approx_f16x2_r2,softmax_oratc_targeted_g48s1024_confirm_v1_20260725_sess01_pos3_ptx_f16x2_g48_s1024_cache_reuse_candidate_probe_ptx_f16x2_g48_s00_p02,full_after,2,2,12,138748.622197,138748.623509,138748.622853,0.00131150000379,6.02026641002,4929202112,true,true
softmax_1784950019271_softmax_full_f16io_f32acc_ptx_ex2_approx_f16x2_r2,softmax_oratc_targeted_g48s1024_confirm_v1_20260725_sess01_pos3_ptx_f16x2_g48_s1024_cache_reuse_candidate_probe_ptx_f16x2_g48_s00_p02,full_after,2,2,13,138749.123629,138749.124956,138749.124292,0.00132739898982,6.52170599051,4929318920,true,true
softmax_1784950019271_softmax_full_f16io_f32acc_ptx_ex2_approx_f16x2_r2,softmax_oratc_targeted_g48s1024_confirm_v1_20260725_sess01_pos3_ptx_f16x2_g48_s1024_cache_reuse_candidate_probe_ptx_f16x2_g48_s00_p02,full_after,2,2,14,138749.625068,138749.626288,138749.625678,0.00121970000328,7.02309177502,4929435450,true,true
softmax_1784950019271_softmax_full_f16io_f32acc_ptx_ex2_approx_f16x2_r2,softmax_oratc_targeted_g48s1024_confirm_v1_20260725_sess01_pos3_ptx_f16x2_g48_s1024_cache_reuse_candidate_probe_ptx_f16x2_g48_s00_p02,full_after,2,2,15,138750.126411,138750.131346,138750.128878,0.00493509898661,7.52629191251,4929551673,true,true
softmax_1784950019271_softmax_full_f16io_f32acc_ptx_ex2_approx_f16x2_r2,softmax_oratc_targeted_g48s1024_confirm_v1_20260725_sess01_pos3_ptx_f16x2_g48_s1024_cache_reuse_candidate_probe_ptx_f16x2_g48_s00_p02,full_after,2,2,16,138750.631461,138750.632869,138750.632165,0.00140840100357,8.0295782765,4929671572,true,true
softmax_1784950019271_softmax_full_f16io_f32acc_ptx_ex2_approx_f16x2_r2,softmax_oratc_targeted_g48s1024_confirm_v1_20260725_sess01_pos3_ptx_f16x2_g48_s1024_cache_reuse_candidate_probe_ptx_f16x2_g48_s00_p02,full_after,2,2,17,138751.133001,138751.134362,138751.133681,0.00136179997935,8.53109494102,4929791184,true,true
softmax_1784950019271_softmax_full_f16io_f32acc_ptx_ex2_approx_f16x2_r2,softmax_oratc_targeted_g48s1024_confirm_v1_20260725_sess01_pos3_ptx_f16x2_g48_s1024_cache_reuse_candidate_probe_ptx_f16x2_g48_s00_p02,full_after,2,2,18,138751.634476,138751.63579,138751.635133,0.00131390002207,9.03254655999,4929910286,true,true
softmax_1784950019271_softmax_full_f16io_f32acc_ptx_ex2_approx_f16x2_r2,softmax_oratc_targeted_g48s1024_confirm_v1_20260725_sess01_pos3_ptx_f16x2_g48_s1024_cache_reuse_candidate_probe_ptx_f16x2_g48_s00_p02,full_after,2,2,19,138752.135909,138752.137222,138752.136566,0.00131289899582,9.5339791135,4930028931,true,true
softmax_1784950019271_softmax_full_f16io_f32acc_ptx_ex2_approx_f16x2_r2,softmax_oratc_targeted_g48s1024_confirm_v1_20260725_sess01_pos3_ptx_f16x2_g48_s1024_cache_reuse_candidate_probe_ptx_f16x2_g48_s00_p02,full_after,2,2,20,138752.637341,138752.638651,138752.637996,0.00130939899827,10.0354096895,4930147088,true,true
softmax_1784950019271_softmax_full_f16io_f32acc_ptx_ex2_approx_f16x2_r2,softmax_oratc_targeted_g48s1024_confirm_v1_20260725_sess01_pos3_ptx_f16x2_g48_s1024_cache_reuse_candidate_probe_ptx_f16x2_g48_s00_p02,full_after,2,2,21,138753.138765,138753.140115,138753.13944,0.00134939901181,10.5368534175,4930264938,true,true
softmax_1784950019271_softmax_full_f16io_f32acc_ptx_ex2_approx_f16x2_r2,softmax_oratc_targeted_g48s1024_confirm_v1_20260725_sess01_pos3_ptx_f16x2_g48_s1024_cache_reuse_candidate_probe_ptx_f16x2_g48_s00_p02,full_after,2,2,22,138753.640228,138753.641559,138753.640894,0.00133099898812,11.0383070495,4930382321,true,true
softmax_1784950019271_softmax_full_f16io_f32acc_ptx_ex2_approx_f16x2_r2,softmax_oratc_targeted_g48s1024_confirm_v1_20260725_sess01_pos3_ptx_f16x2_g48_s1024_cache_reuse_candidate_probe_ptx_f16x2_g48_s00_p02,full_after,2,2,23,138754.141686,138754.143062,138754.142374,0.00137629901292,11.5397873345,4930499432,true,false
softmax_1784950019271_softmax_full_f16io_f32acc_ptx_ex2_approx_f16x2_r2,softmax_oratc_targeted_g48s1024_confirm_v1_20260725_sess01_pos3_ptx_f16x2_g48_s1024_cache_reuse_candidate_probe_ptx_f16x2_g48_s00_p02,full_after,2,2,24,138754.643174,138754.644469,138754.643822,0.00129519900656,12.0412353235,4930615798,true,false
softmax_1784950019271_softmax_full_f16io_f32acc_ptx_ex2_approx_f16x2_r2,softmax_oratc_targeted_g48s1024_confirm_v1_20260725_sess01_pos3_ptx_f16x2_g48_s1024_cache_reuse_candidate_probe_ptx_f16x2_g48_s00_p02,full_after,2,2,25,138755.000299,138755.001687,138755.000993,0.00138729898026,12.3984065185,4930690434,true,false
softmax_1784950031682_softmax_full_f16io_f32acc_ptx_ex2_approx_f16x2_r3,softmax_oratc_targeted_g48s1024_confirm_v1_20260725_sess01_pos3_ptx_f16x2_g48_s1024_cache_reuse_candidate_probe_ptx_f16x2_g48_s00_p03,probe_before,3,0,0,138755.012374,138755.013612,138755.012993,0.00123829898075,-0.000639749487163,4930690434,false,false
softmax_1784950031682_softmax_full_f16io_f32acc_ptx_ex2_approx_f16x2_r3,softmax_oratc_targeted_g48s1024_confirm_v1_20260725_sess01_pos3_ptx_f16x2_g48_s1024_cache_reuse_candidate_probe_ptx_f16x2_g48_s00_p03,probe_before,3,0,1,138755.514068,138755.515455,138755.514761,0.00138709900784,0.501128494478,4930801109,true,false
softmax_1784950031682_softmax_full_f16io_f32acc_ptx_ex2_approx_f16x2_r3,softmax_oratc_targeted_g48s1024_confirm_v1_20260725_sess01_pos3_ptx_f16x2_g48_s1024_cache_reuse_candidate_probe_ptx_f16x2_g48_s00_p03,probe_before,3,0,2,138756.015563,138756.016869,138756.016216,0.0013056989992,1.0025829435,4930918583,true,false
softmax_1784950031682_softmax_full_f16io_f32acc_ptx_ex2_approx_f16x2_r3,softmax_oratc_targeted_g48s1024_confirm_v1_20260725_sess01_pos3_ptx_f16x2_g48_s1024_cache_reuse_candidate_probe_ptx_f16x2_g48_s00_p03,probe_before,3,0,3,138756.516984,138756.518465,138756.517725,0.00148160097888,1.5040917545,4931035766,true,true
softmax_1784950031682_softmax_full_f16io_f32acc_ptx_ex2_approx_f16x2_r3,softmax_oratc_targeted_g48s1024_confirm_v1_20260725_sess01_pos3_ptx_f16x2_g48_s1024_cache_reuse_candidate_probe_ptx_f16x2_g48_s00_p03,probe_before,3,0,4,138757.018587,138757.020044,138757.019315,0.00145740099833,2.00568238049,4931152406,true,true
softmax_1784950031682_softmax_full_f16io_f32acc_ptx_ex2_approx_f16x2_r3,softmax_oratc_targeted_g48s1024_confirm_v1_20260725_sess01_pos3_ptx_f16x2_g48_s1024_cache_reuse_candidate_probe_ptx_f16x2_g48_s00_p03,probe_before,3,0,5,138757.520171,138757.521554,138757.520862,0.00138320101541,2.50722940851,4931268661,true,true
softmax_1784950031682_softmax_full_f16io_f32acc_ptx_ex2_approx_f16x2_r3,softmax_oratc_targeted_g48s1024_confirm_v1_20260725_sess01_pos3_ptx_f16x2_g48_s1024_cache_reuse_candidate_probe_ptx_f16x2_g48_s00_p03,probe_before,3,0,6,138758.021676,138758.023032,138758.022354,0.00135510100517,3.0087210905,4931384663,true,true
softmax_1784950031682_softmax_full_f16io_f32acc_ptx_ex2_approx_f16x2_r3,softmax_oratc_targeted_g48s1024_confirm_v1_20260725_sess01_pos3_ptx_f16x2_g48_s1024_cache_reuse_candidate_probe_ptx_f16x2_g48_s00_p03,probe_before,3,0,7,138758.523157,138758.524567,138758.523862,0.00140990098589,3.51022942548,4931500440,true,true
softmax_1784950031682_softmax_full_f16io_f32acc_ptx_ex2_approx_f16x2_r3,softmax_oratc_targeted_g48s1024_confirm_v1_20260725_sess01_pos3_ptx_f16x2_g48_s1024_cache_reuse_candidate_probe_ptx_f16x2_g48_s00_p03,probe_before,3,0,8,138759.024698,138759.028707,138759.026703,0.00400900200475,4.01306991599,4931615900,true,true
softmax_1784950031682_softmax_full_f16io_f32acc_ptx_ex2_approx_f16x2_r3,softmax_oratc_targeted_g48s1024_confirm_v1_20260725_sess01_pos3_ptx_f16x2_g48_s1024_cache_reuse_candidate_probe_ptx_f16x2_g48_s00_p03,probe_before,3,0,9,138759.528827,138759.530195,138759.529511,0.00136799999746,4.51587785801,4931735163,true,true
softmax_1784950031682_softmax_full_f16io_f32acc_ptx_ex2_approx_f16x2_r3,softmax_oratc_targeted_g48s1024_confirm_v1_20260725_sess01_pos3_ptx_f16x2_g48_s1024_cache_reuse_candidate_probe_ptx_f16x2_g48_s00_p03,probe_before,3,0,10,138760.030311,138760.031684,138760.030998,0.00137369998265,5.017364706,4931853964,true,true
softmax_1784950031682_softmax_full_f16io_f32acc_ptx_ex2_approx_f16x2_r3,softmax_oratc_targeted_g48s1024_confirm_v1_20260725_sess01_pos3_ptx_f16x2_g48_s1024_cache_reuse_candidate_probe_ptx_f16x2_g48_s00_p03,probe_before,3,0,11,138760.531807,138760.533215,138760.532511,0.00140790001024,5.518877895,4931972298,true,true
softmax_1784950031682_softmax_full_f16io_f32acc_ptx_ex2_approx_f16x2_r3,softmax_oratc_targeted_g48s1024_confirm_v1_20260725_sess01_pos3_ptx_f16x2_g48_s1024_cache_reuse_candidate_probe_ptx_f16x2_g48_s00_p03,probe_before,3,0,12,138761.033339,138761.034684,138761.034011,0.00134479999542,6.020378538,4932090153,true,true
softmax_1784950031682_softmax_full_f16io_f32acc_ptx_ex2_approx_f16x2_r3,softmax_oratc_targeted_g48s1024_confirm_v1_20260725_sess01_pos3_ptx_f16x2_g48_s1024_cache_reuse_candidate_probe_ptx_f16x2_g48_s00_p03,probe_before,3,0,13,138761.534807,138761.536185,138761.535496,0.00137830001768,6.52186298399,4932207492,true,true
softmax_1784950031682_softmax_full_f16io_f32acc_ptx_ex2_approx_f16x2_r3,softmax_oratc_targeted_g48s1024_confirm_v1_20260725_sess01_pos3_ptx_f16x2_g48_s1024_cache_reuse_candidate_probe_ptx_f16x2_g48_s00_p03,probe_before,3,0,14,138762.036301,138762.037702,138762.037002,0.00140090001514,7.02336868399,4932324505,true,true
softmax_1784950031682_softmax_full_f16io_f32acc_ptx_ex2_approx_f16x2_r3,softmax_oratc_targeted_g48s1024_confirm_v1_20260725_sess01_pos3_ptx_f16x2_g48_s1024_cache_reuse_candidate_probe_ptx_f16x2_g48_s00_p03,probe_before,3,0,15,138762.53782,138762.539188,138762.538504,0.00136799999746,7.52487153601,4932441165,true,true
softmax_1784950031682_softmax_full_f16io_f32acc_ptx_ex2_approx_f16x2_r3,softmax_oratc_targeted_g48s1024_confirm_v1_20260725_sess01_pos3_ptx_f16x2_g48_s1024_cache_reuse_candidate_probe_ptx_f16x2_g48_s00_p03,probe_before,3,0,16,138763.039316,138763.04073,138763.040023,0.00141450000228,8.026390193,4932557513,true,true
softmax_1784950031682_softmax_full_f16io_f32acc_ptx_ex2_approx_f16x2_r3,softmax_oratc_targeted_g48s1024_confirm_v1_20260725_sess01_pos3_ptx_f16x2_g48_s1024_cache_reuse_candidate_probe_ptx_f16x2_g48_s00_p03,probe_before,3,0,17,138763.540858,138763.542184,138763.541521,0.00132549999398,8.52788830202,4932673520,true,true
softmax_1784950031682_softmax_full_f16io_f32acc_ptx_ex2_approx_f16x2_r3,softmax_oratc_targeted_g48s1024_confirm_v1_20260725_sess01_pos3_ptx_f16x2_g48_s1024_cache_reuse_candidate_probe_ptx_f16x2_g48_s00_p03,probe_before,3,0,18,138764.0423,138764.047039,138764.04467,0.00473819900071,9.03103666549,4932789003,true,true
softmax_1784950031682_softmax_full_f16io_f32acc_ptx_ex2_approx_f16x2_r3,softmax_oratc_targeted_g48s1024_confirm_v1_20260725_sess01_pos3_ptx_f16x2_g48_s1024_cache_reuse_candidate_probe_ptx_f16x2_g48_s00_p03,probe_before,3,0,19,138764.547163,138764.548547,138764.547855,0.00138409997453,9.53422183098,4932908083,true,true
softmax_1784950031682_softmax_full_f16io_f32acc_ptx_ex2_approx_f16x2_r3,softmax_oratc_targeted_g48s1024_confirm_v1_20260725_sess01_pos3_ptx_f16x2_g48_s1024_cache_reuse_candidate_probe_ptx_f16x2_g48_s00_p03,probe_before,3,0,20,138765.048673,138765.050073,138765.049373,0.00140000000829,10.035739601,4933026579,true,true
softmax_1784950031682_softmax_full_f16io_f32acc_ptx_ex2_approx_f16x2_r3,softmax_oratc_targeted_g48s1024_confirm_v1_20260725_sess01_pos3_ptx_f16x2_g48_s1024_cache_reuse_candidate_probe_ptx_f16x2_g48_s00_p03,probe_before,3,0,21,138765.550204,138765.551552,138765.550878,0.00134810002055,10.537245174,4933144590,true,true
softmax_1784950031682_softmax_full_f16io_f32acc_ptx_ex2_approx_f16x2_r3,softmax_oratc_targeted_g48s1024_confirm_v1_20260725_sess01_pos3_ptx_f16x2_g48_s1024_cache_reuse_candidate_probe_ptx_f16x2_g48_s00_p03,probe_before,3,0,22,138766.0517,138766.053105,138766.052402,0.00140440001269,11.038769544,4933262316,true,true
softmax_1784950031682_softmax_full_f16io_f32acc_ptx_ex2_approx_f16x2_r3,softmax_oratc_targeted_g48s1024_confirm_v1_20260725_sess01_pos3_ptx_f16x2_g48_s1024_cache_reuse_candidate_probe_ptx_f16x2_g48_s00_p03,probe_before,3,0,23,138766.553236,138766.554617,138766.553927,0.00138060099562,11.5402936845,4933379704,true,false
softmax_1784950031682_softmax_full_f16io_f32acc_ptx_ex2_approx_f16x2_r3,softmax_oratc_targeted_g48s1024_confirm_v1_20260725_sess01_pos3_ptx_f16x2_g48_s1024_cache_reuse_candidate_probe_ptx_f16x2_g48_s00_p03,probe_before,3,0,24,138767.054772,138767.056565,138767.055668,0.00179270099034,12.0420353785,4933496206,true,false
softmax_1784950031682_softmax_full_f16io_f32acc_ptx_ex2_approx_f16x2_r3,softmax_oratc_targeted_g48s1024_confirm_v1_20260725_sess01_pos3_ptx_f16x2_g48_s1024_cache_reuse_candidate_probe_ptx_f16x2_g48_s00_p03,probe_before,3,0,25,138767.382214,138767.38601,138767.384112,0.0037962020142,12.370478689,4933570771,true,false
softmax_1784950044064_softmax_full_f16io_f32acc_ptx_ex2_approx_f16x2_r3,softmax_oratc_targeted_g48s1024_confirm_v1_20260725_sess01_pos3_ptx_f16x2_g48_s1024_cache_reuse_candidate_probe_ptx_f16x2_g48_s00_p03,full,3,1,0,138767.393623,138767.394766,138767.394195,0.00114290000056,-0.000578049977776,4933570771,false,false
softmax_1784950044064_softmax_full_f16io_f32acc_ptx_ex2_approx_f16x2_r3,softmax_oratc_targeted_g48s1024_confirm_v1_20260725_sess01_pos3_ptx_f16x2_g48_s1024_cache_reuse_candidate_probe_ptx_f16x2_g48_s00_p03,full,3,1,1,138767.89508,138767.896783,138767.895932,0.00170339900069,0.501158794505,4933685270,true,false
softmax_1784950044064_softmax_full_f16io_f32acc_ptx_ex2_approx_f16x2_r3,softmax_oratc_targeted_g48s1024_confirm_v1_20260725_sess01_pos3_ptx_f16x2_g48_s1024_cache_reuse_candidate_probe_ptx_f16x2_g48_s00_p03,full,3,1,2,138768.396945,138768.39841,138768.397678,0.0014649000077,1.002905033,4933802254,true,false
softmax_1784950044064_softmax_full_f16io_f32acc_ptx_ex2_approx_f16x2_r3,softmax_oratc_targeted_g48s1024_confirm_v1_20260725_sess01_pos3_ptx_f16x2_g48_s1024_cache_reuse_candidate_probe_ptx_f16x2_g48_s00_p03,full,3,1,3,138768.898547,138768.899942,138768.899244,0.00139479900827,1.50447147753,4933918719,true,true
softmax_1784950044064_softmax_full_f16io_f32acc_ptx_ex2_approx_f16x2_r3,softmax_oratc_targeted_g48s1024_confirm_v1_20260725_sess01_pos3_ptx_f16x2_g48_s1024_cache_reuse_candidate_probe_ptx_f16x2_g48_s00_p03,full,3,1,4,138769.400073,138769.401439,138769.400756,0.00136559898965,2.00598327251,4934034607,true,true
softmax_1784950044064_softmax_full_f16io_f32acc_ptx_ex2_approx_f16x2_r3,softmax_oratc_targeted_g48s1024_confirm_v1_20260725_sess01_pos3_ptx_f16x2_g48_s1024_cache_reuse_candidate_probe_ptx_f16x2_g48_s00_p03,full,3,1,5,138769.901543,138769.905472,138769.903508,0.00392879798892,2.50873487303,4934150280,true,true
softmax_1784950044064_softmax_full_f16io_f32acc_ptx_ex2_approx_f16x2_r3,softmax_oratc_targeted_g48s1024_confirm_v1_20260725_sess01_pos3_ptx_f16x2_g48_s1024_cache_reuse_candidate_probe_ptx_f16x2_g48_s00_p03,full,3,1,6,138770.405589,138770.406994,138770.406292,0.00140509899938,3.0115189245,4934269889,true,true
softmax_1784950044064_softmax_full_f16io_f32acc_ptx_ex2_approx_f16x2_r3,softmax_oratc_targeted_g48s1024_confirm_v1_20260725_sess01_pos3_ptx_f16x2_g48_s1024_cache_reuse_candidate_probe_ptx_f16x2_g48_s00_p03,full,3,1,7,138770.907126,138770.908521,138770.907823,0.0013953000016,3.51305033203,4934389126,true,true
softmax_1784950044064_softmax_full_f16io_f32acc_ptx_ex2_approx_f16x2_r3,softmax_oratc_targeted_g48s1024_confirm_v1_20260725_sess01_pos3_ptx_f16x2_g48_s1024_cache_reuse_candidate_probe_ptx_f16x2_g48_s00_p03,full,3,1,8,138771.408634,138771.410066,138771.40935,0.00143199900049,4.01457729051,4934508071,true,true
softmax_1784950044064_softmax_full_f16io_f32acc_ptx_ex2_approx_f16x2_r3,softmax_oratc_targeted_g48s1024_confirm_v1_20260725_sess01_pos3_ptx_f16x2_g48_s1024_cache_reuse_candidate_probe_ptx_f16x2_g48_s00_p03,full,3,1,9,138771.910193,138771.911617,138771.910905,0.00142429998959,4.51613235503,4934626638,true,true
softmax_1784950044064_softmax_full_f16io_f32acc_ptx_ex2_approx_f16x2_r3,softmax_oratc_targeted_g48s1024_confirm_v1_20260725_sess01_pos3_ptx_f16x2_g48_s1024_cache_reuse_candidate_probe_ptx_f16x2_g48_s00_p03,full,3,1,10,138772.411774,138772.413265,138772.412519,0.00149040098768,5.01774657352,4934744684,true,true
softmax_1784950044064_softmax_full_f16io_f32acc_ptx_ex2_approx_f16x2_r3,softmax_oratc_targeted_g48s1024_confirm_v1_20260725_sess01_pos3_ptx_f16x2_g48_s1024_cache_reuse_candidate_probe_ptx_f16x2_g48_s00_p03,full,3,1,11,138772.913387,138772.914831,138772.914109,0.00144420098513,5.51933581251,4934862258,true,true
softmax_1784950044064_softmax_full_f16io_f32acc_ptx_ex2_approx_f16x2_r3,softmax_oratc_targeted_g48s1024_confirm_v1_20260725_sess01_pos3_ptx_f16x2_g48_s1024_cache_reuse_candidate_probe_ptx_f16x2_g48_s00_p03,full,3,1,12,138773.414946,138773.416282,138773.415614,0.00133600001573,6.020841352,4934979390,true,true
softmax_1784950044064_softmax_full_f16io_f32acc_ptx_ex2_approx_f16x2_r3,softmax_oratc_targeted_g48s1024_confirm_v1_20260725_sess01_pos3_ptx_f16x2_g48_s1024_cache_reuse_candidate_probe_ptx_f16x2_g48_s00_p03,full,3,1,13,138773.916422,138773.917804,138773.917113,0.00138240100932,6.52233999752,4935096156,true,true
softmax_1784950044064_softmax_full_f16io_f32acc_ptx_ex2_approx_f16x2_r3,softmax_oratc_targeted_g48s1024_confirm_v1_20260725_sess01_pos3_ptx_f16x2_g48_s1024_cache_reuse_candidate_probe_ptx_f16x2_g48_s00_p03,full,3,1,14,138774.41792,138774.419483,138774.418702,0.00156340000103,7.02392884402,4935212576,true,true
softmax_1784950044064_softmax_full_f16io_f32acc_ptx_ex2_approx_f16x2_r3,softmax_oratc_targeted_g48s1024_confirm_v1_20260725_sess01_pos3_ptx_f16x2_g48_s1024_cache_reuse_candidate_probe_ptx_f16x2_g48_s00_p03,full,3,1,15,138774.919619,138774.923772,138774.921695,0.00415360199986,7.526922597,4935328719,true,true
softmax_1784950044064_softmax_full_f16io_f32acc_ptx_ex2_approx_f16x2_r3,softmax_oratc_targeted_g48s1024_confirm_v1_20260725_sess01_pos3_ptx_f16x2_g48_s1024_cache_reuse_candidate_probe_ptx_f16x2_g48_s00_p03,full,3,1,16,138775.423914,138775.425249,138775.424582,0.00133480099612,8.02980885049,4935448637,true,true
softmax_1784950044064_softmax_full_f16io_f32acc_ptx_ex2_approx_f16x2_r3,softmax_oratc_targeted_g48s1024_confirm_v1_20260725_sess01_pos3_ptx_f16x2_g48_s1024_cache_reuse_candidate_probe_ptx_f16x2_g48_s00_p03,full,3,1,17,138775.925418,138775.926807,138775.926113,0.00138919899473,8.5313398375,4935568187,true,true
softmax_1784950044064_softmax_full_f16io_f32acc_ptx_ex2_approx_f16x2_r3,softmax_oratc_targeted_g48s1024_confirm_v1_20260725_sess01_pos3_ptx_f16x2_g48_s1024_cache_reuse_candidate_probe_ptx_f16x2_g48_s00_p03,full,3,1,18,138776.426934,138776.428348,138776.427641,0.00141349900514,9.03286810452,4935687295,true,true
softmax_1784950044064_softmax_full_f16io_f32acc_ptx_ex2_approx_f16x2_r3,softmax_oratc_targeted_g48s1024_confirm_v1_20260725_sess01_pos3_ptx_f16x2_g48_s1024_cache_reuse_candidate_probe_ptx_f16x2_g48_s00_p03,full,3,1,19,138776.928468,138776.9299,138776.929184,0.00143249999383,9.53441122599,4935805877,true,true
softmax_1784950044064_softmax_full_f16io_f32acc_ptx_ex2_approx_f16x2_r3,softmax_oratc_targeted_g48s1024_confirm_v1_20260725_sess01_pos3_ptx_f16x2_g48_s1024_cache_reuse_candidate_probe_ptx_f16x2_g48_s00_p03,full,3,1,20,138777.430016,138777.431394,138777.430705,0.00137819899828,10.0359321995,4935924003,true,true
softmax_1784950044064_softmax_full_f16io_f32acc_ptx_ex2_approx_f16x2_r3,softmax_oratc_targeted_g48s1024_confirm_v1_20260725_sess01_pos3_ptx_f16x2_g48_s1024_cache_reuse_candidate_probe_ptx_f16x2_g48_s00_p03,full,3,1,21,138777.931524,138777.932915,138777.93222,0.0013908999972,10.537447078,4936041691,true,true
softmax_1784950044064_softmax_full_f16io_f32acc_ptx_ex2_approx_f16x2_r3,softmax_oratc_targeted_g48s1024_confirm_v1_20260725_sess01_pos3_ptx_f16x2_g48_s1024_cache_reuse_candidate_probe_ptx_f16x2_g48_s00_p03,full,3,1,22,138778.433074,138778.434487,138778.433781,0.00141319900285,11.0390077575,4936159033,true,true
softmax_1784950044064_softmax_full_f16io_f32acc_ptx_ex2_approx_f16x2_r3,softmax_oratc_targeted_g48s1024_confirm_v1_20260725_sess01_pos3_ptx_f16x2_g48_s1024_cache_reuse_candidate_probe_ptx_f16x2_g48_s00_p03,full,3,1,23,138778.934626,138778.935963,138778.935294,0.00133689900395,11.5405214425,4936276054,true,false
softmax_1784950044064_softmax_full_f16io_f32acc_ptx_ex2_approx_f16x2_r3,softmax_oratc_targeted_g48s1024_confirm_v1_20260725_sess01_pos3_ptx_f16x2_g48_s1024_cache_reuse_candidate_probe_ptx_f16x2_g48_s00_p03,full,3,1,24,138779.436076,138779.437491,138779.436783,0.00141499997699,12.042010629,4936392331,true,false
softmax_1784950044064_softmax_full_f16io_f32acc_ptx_ex2_approx_f16x2_r3,softmax_oratc_targeted_g48s1024_confirm_v1_20260725_sess01_pos3_ptx_f16x2_g48_s1024_cache_reuse_candidate_probe_ptx_f16x2_g48_s00_p03,full,3,1,25,138779.794563,138779.795953,138779.795258,0.00139049900463,12.4004851655,4936467064,true,false
softmax_1784950056476_softmax_full_f16io_f32acc_ptx_ex2_approx_f16x2_r3,softmax_oratc_targeted_g48s1024_confirm_v1_20260725_sess01_pos3_ptx_f16x2_g48_s1024_cache_reuse_candidate_probe_ptx_f16x2_g48_s00_p03,probe_after,3,2,0,138779.805784,138779.806987,138779.806385,0.00120329999481,-0.000608549977187,4936467064,false,false
softmax_1784950056476_softmax_full_f16io_f32acc_ptx_ex2_approx_f16x2_r3,softmax_oratc_targeted_g48s1024_confirm_v1_20260725_sess01_pos3_ptx_f16x2_g48_s1024_cache_reuse_candidate_probe_ptx_f16x2_g48_s00_p03,probe_after,3,2,1,138780.307276,138780.3087,138780.307988,0.00142340100138,0.500993954513,4936577135,true,false
softmax_1784950056476_softmax_full_f16io_f32acc_ptx_ex2_approx_f16x2_r3,softmax_oratc_targeted_g48s1024_confirm_v1_20260725_sess01_pos3_ptx_f16x2_g48_s1024_cache_reuse_candidate_probe_ptx_f16x2_g48_s00_p03,probe_after,3,2,2,138780.808815,138780.810332,138780.809574,0.00151760099106,1.00257969252,4936694441,true,false
softmax_1784950056476_softmax_full_f16io_f32acc_ptx_ex2_approx_f16x2_r3,softmax_oratc_targeted_g48s1024_confirm_v1_20260725_sess01_pos3_ptx_f16x2_g48_s1024_cache_reuse_candidate_probe_ptx_f16x2_g48_s00_p03,probe_after,3,2,3,138781.310467,138781.311849,138781.311158,0.00138200097717,1.50416403051,4936811265,true,true
softmax_1784950056476_softmax_full_f16io_f32acc_ptx_ex2_approx_f16x2_r3,softmax_oratc_targeted_g48s1024_confirm_v1_20260725_sess01_pos3_ptx_f16x2_g48_s1024_cache_reuse_candidate_probe_ptx_f16x2_g48_s00_p03,probe_after,3,2,4,138781.812032,138781.813501,138781.812767,0.00146950001363,2.00577262501,4936927589,true,true
softmax_1784950056476_softmax_full_f16io_f32acc_ptx_ex2_approx_f16x2_r3,softmax_oratc_targeted_g48s1024_confirm_v1_20260725_sess01_pos3_ptx_f16x2_g48_s1024_cache_reuse_candidate_probe_ptx_f16x2_g48_s00_p03,probe_after,3,2,5,138782.313625,138782.315003,138782.314314,0.00137799998629,2.50732012,4937043687,true,true
softmax_1784950056476_softmax_full_f16io_f32acc_ptx_ex2_approx_f16x2_r3,softmax_oratc_targeted_g48s1024_confirm_v1_20260725_sess01_pos3_ptx_f16x2_g48_s1024_cache_reuse_candidate_probe_ptx_f16x2_g48_s00_p03,probe_after,3,2,6,138782.815171,138782.816666,138782.815919,0.00149450000026,3.00892472104,4937159525,true,true
softmax_1784950056476_softmax_full_f16io_f32acc_ptx_ex2_approx_f16x2_r3,softmax_oratc_targeted_g48s1024_confirm_v1_20260725_sess01_pos3_ptx_f16x2_g48_s1024_cache_reuse_candidate_probe_ptx_f16x2_g48_s00_p03,probe_after,3,2,7,138783.316832,138783.32111,138783.318971,0.00427840201883,3.51197702301,4937274985,true,true
softmax_1784950056476_softmax_full_f16io_f32acc_ptx_ex2_approx_f16x2_r3,softmax_oratc_targeted_g48s1024_confirm_v1_20260725_sess01_pos3_ptx_f16x2_g48_s1024_cache_reuse_candidate_probe_ptx_f16x2_g48_s00_p03,probe_after,3,2,8,138783.821232,138783.822608,138783.82192,0.00137550101499,4.01492583152,4937394267,true,true
softmax_1784950056476_softmax_full_f16io_f32acc_ptx_ex2_approx_f16x2_r3,softmax_oratc_targeted_g48s1024_confirm_v1_20260725_sess01_pos3_ptx_f16x2_g48_s1024_cache_reuse_candidate_probe_ptx_f16x2_g48_s00_p03,probe_after,3,2,9,138784.322775,138784.324173,138784.323474,0.00139759900048,4.51647977452,4937513089,true,true
softmax_1784950056476_softmax_full_f16io_f32acc_ptx_ex2_approx_f16x2_r3,softmax_oratc_targeted_g48s1024_confirm_v1_20260725_sess01_pos3_ptx_f16x2_g48_s1024_cache_reuse_candidate_probe_ptx_f16x2_g48_s00_p03,probe_after,3,2,10,138784.824292,138784.82567,138784.824981,0.00137779902434,5.01798722651,4937631522,true,true
softmax_1784950056476_softmax_full_f16io_f32acc_ptx_ex2_approx_f16x2_r3,softmax_oratc_targeted_g48s1024_confirm_v1_20260725_sess01_pos3_ptx_f16x2_g48_s1024_cache_reuse_candidate_probe_ptx_f16x2_g48_s00_p03,probe_after,3,2,11,138785.325824,138785.327184,138785.326504,0.00136029801797,5.51950992801,4937749337,true,true
softmax_1784950056476_softmax_full_f16io_f32acc_ptx_ex2_approx_f16x2_r3,softmax_oratc_targeted_g48s1024_confirm_v1_20260725_sess01_pos3_ptx_f16x2_g48_s1024_cache_reuse_candidate_probe_ptx_f16x2_g48_s00_p03,probe_after,3,2,12,138785.827334,138785.828719,138785.828027,0.00138489899109,6.02103268652,4937866723,true,true
softmax_1784950056476_softmax_full_f16io_f32acc_ptx_ex2_approx_f16x2_r3,softmax_oratc_targeted_g48s1024_confirm_v1_20260725_sess01_pos3_ptx_f16x2_g48_s1024_cache_reuse_candidate_probe_ptx_f16x2_g48_s00_p03,probe_after,3,2,13,138786.328889,138786.330275,138786.329582,0.00138569899718,6.52258834452,4937983708,true,true
softmax_1784950056476_softmax_full_f16io_f32acc_ptx_ex2_approx_f16x2_r3,softmax_oratc_targeted_g48s1024_confirm_v1_20260725_sess01_pos3_ptx_f16x2_g48_s1024_cache_reuse_candidate_probe_ptx_f16x2_g48_s00_p03,probe_after,3,2,14,138786.830428,138786.831774,138786.831101,0.00134549898212,7.02410730952,4938100403,true,true
softmax_1784950056476_softmax_full_f16io_f32acc_ptx_ex2_approx_f16x2_r3,softmax_oratc_targeted_g48s1024_confirm_v1_20260725_sess01_pos3_ptx_f16x2_g48_s1024_cache_reuse_candidate_probe_ptx_f16x2_g48_s00_p03,probe_after,3,2,15,138787.331905,138787.333264,138787.332585,0.00135870100348,7.52559075749,4938216746,true,true
softmax_1784950056476_softmax_full_f16io_f32acc_ptx_ex2_approx_f16x2_r3,softmax_oratc_targeted_g48s1024_confirm_v1_20260725_sess01_pos3_ptx_f16x2_g48_s1024_cache_reuse_candidate_probe_ptx_f16x2_g48_s00_p03,probe_after,3,2,16,138787.833393,138787.83475,138787.834071,0.0013571009913,8.0270773485,4938332764,true,true
softmax_1784950056476_softmax_full_f16io_f32acc_ptx_ex2_approx_f16x2_r3,softmax_oratc_targeted_g48s1024_confirm_v1_20260725_sess01_pos3_ptx_f16x2_g48_s1024_cache_reuse_candidate_probe_ptx_f16x2_g48_s00_p03,probe_after,3,2,17,138788.334867,138788.339521,138788.337194,0.00465360199451,8.53019989002,4938448308,true,true
softmax_1784950056476_softmax_full_f16io_f32acc_ptx_ex2_approx_f16x2_r3,softmax_oratc_targeted_g48s1024_confirm_v1_20260725_sess01_pos3_ptx_f16x2_g48_s1024_cache_reuse_candidate_probe_ptx_f16x2_g48_s00_p03,probe_after,3,2,18,138788.839635,138788.841036,138788.840335,0.00140110001666,9.03334133801,4938567455,true,true
softmax_1784950056476_softmax_full_f16io_f32acc_ptx_ex2_approx_f16x2_r3,softmax_oratc_targeted_g48s1024_confirm_v1_20260725_sess01_pos3_ptx_f16x2_g48_s1024_cache_reuse_candidate_probe_ptx_f16x2_g48_s00_p03,probe_after,3,2,19,138789.341166,138789.34252,138789.341843,0.00135340099223,9.53484888552,4938686076,true,true
softmax_1784950056476_softmax_full_f16io_f32acc_ptx_ex2_approx_f16x2_r3,softmax_oratc_targeted_g48s1024_confirm_v1_20260725_sess01_pos3_ptx_f16x2_g48_s1024_cache_reuse_candidate_probe_ptx_f16x2_g48_s00_p03,probe_after,3,2,20,138789.842633,138789.843991,138789.843312,0.00135810099891,10.0363177395,4938804178,true,true
softmax_1784950056476_softmax_full_f16io_f32acc_ptx_ex2_approx_f16x2_r3,softmax_oratc_targeted_g48s1024_confirm_v1_20260725_sess01_pos3_ptx_f16x2_g48_s1024_cache_reuse_candidate_probe_ptx_f16x2_g48_s00_p03,probe_after,3,2,21,138790.34411,138790.345493,138790.344802,0.00138340101694,10.5378076935,4938922016,true,true
softmax_1784950056476_softmax_full_f16io_f32acc_ptx_ex2_approx_f16x2_r3,softmax_oratc_targeted_g48s1024_confirm_v1_20260725_sess01_pos3_ptx_f16x2_g48_s1024_cache_reuse_candidate_probe_ptx_f16x2_g48_s00_p03,probe_after,3,2,22,138790.845613,138790.847011,138790.846312,0.00139830098487,11.0393177535,4939039522,true,true
softmax_1784950056476_softmax_full_f16io_f32acc_ptx_ex2_approx_f16x2_r3,softmax_oratc_targeted_g48s1024_confirm_v1_20260725_sess01_pos3_ptx_f16x2_g48_s1024_cache_reuse_candidate_probe_ptx_f16x2_g48_s00_p03,probe_after,3,2,23,138791.347126,138791.348873,138791.348,0.00174730000435,11.541005664,4939156687,true,false
softmax_1784950056476_softmax_full_f16io_f32acc_ptx_ex2_approx_f16x2_r3,softmax_oratc_targeted_g48s1024_confirm_v1_20260725_sess01_pos3_ptx_f16x2_g48_s1024_cache_reuse_candidate_probe_ptx_f16x2_g48_s00_p03,probe_after,3,2,24,138791.848988,138791.850383,138791.849686,0.00139490101719,12.0426919805,4939273021,true,false
softmax_1784950056476_softmax_full_f16io_f32acc_ptx_ex2_approx_f16x2_r3,softmax_oratc_targeted_g48s1024_confirm_v1_20260725_sess01_pos3_ptx_f16x2_g48_s1024_cache_reuse_candidate_probe_ptx_f16x2_g48_s00_p03,probe_after,3,2,25,138792.164387,138792.165792,138792.165089,0.00140480001573,12.358095254,4939347289,true,false
softmax_1784950068847_softmax_full_f16io_f32acc_ptx_ex2_approx_f16x2_r4,softmax_oratc_targeted_g48s1024_confirm_v1_20260725_sess01_pos3_ptx_f16x2_g48_s1024_cache_reuse_candidate_probe_ptx_f16x2_g48_s00_p04,probe_before,4,0,0,138792.174347,138792.178467,138792.176407,0.00412029898143,-0.00206734947278,4939347289,false,false
softmax_1784950068847_softmax_full_f16io_f32acc_ptx_ex2_approx_f16x2_r4,softmax_oratc_targeted_g48s1024_confirm_v1_20260725_sess01_pos3_ptx_f16x2_g48_s1024_cache_reuse_candidate_probe_ptx_f16x2_g48_s00_p04,probe_before,4,0,1,138792.678694,138792.680089,138792.679391,0.00139570000465,0.500917414,4939460367,true,false
softmax_1784950068847_softmax_full_f16io_f32acc_ptx_ex2_approx_f16x2_r4,softmax_oratc_targeted_g48s1024_confirm_v1_20260725_sess01_pos3_ptx_f16x2_g48_s1024_cache_reuse_candidate_probe_ptx_f16x2_g48_s00_p04,probe_before,4,0,2,138793.180214,138793.181621,138793.180918,0.0014067000011,1.00244368002,4939578747,true,false
softmax_1784950068847_softmax_full_f16io_f32acc_ptx_ex2_approx_f16x2_r4,softmax_oratc_targeted_g48s1024_confirm_v1_20260725_sess01_pos3_ptx_f16x2_g48_s1024_cache_reuse_candidate_probe_ptx_f16x2_g48_s00_p04,probe_before,4,0,3,138793.681776,138793.683124,138793.68245,0.00134809999145,1.50397555003,4939696744,true,true
softmax_1784950068847_softmax_full_f16io_f32acc_ptx_ex2_approx_f16x2_r4,softmax_oratc_targeted_g48s1024_confirm_v1_20260725_sess01_pos3_ptx_f16x2_g48_s1024_cache_reuse_candidate_probe_ptx_f16x2_g48_s00_p04,probe_before,4,0,4,138794.183239,138794.184599,138794.183919,0.00136009900598,2.00544462251,4939814350,true,true
softmax_1784950068847_softmax_full_f16io_f32acc_ptx_ex2_approx_f16x2_r4,softmax_oratc_targeted_g48s1024_confirm_v1_20260725_sess01_pos3_ptx_f16x2_g48_s1024_cache_reuse_candidate_probe_ptx_f16x2_g48_s00_p04,probe_before,4,0,5,138794.684757,138794.686118,138794.685437,0.00136150000617,2.50696329901,4939931611,true,true
softmax_1784950068847_softmax_full_f16io_f32acc_ptx_ex2_approx_f16x2_r4,softmax_oratc_targeted_g48s1024_confirm_v1_20260725_sess01_pos3_ptx_f16x2_g48_s1024_cache_reuse_candidate_probe_ptx_f16x2_g48_s00_p04,probe_before,4,0,6,138795.186254,138795.187644,138795.186949,0.00139019900234,3.00847472751,4940048596,true,true
softmax_1784950068847_softmax_full_f16io_f32acc_ptx_ex2_approx_f16x2_r4,softmax_oratc_targeted_g48s1024_confirm_v1_20260725_sess01_pos3_ptx_f16x2_g48_s1024_cache_reuse_candidate_probe_ptx_f16x2_g48_s00_p04,probe_before,4,0,7,138795.687774,138795.689228,138795.688501,0.00145429899567,3.51002706049,4940165340,true,true
softmax_1784950068847_softmax_full_f16io_f32acc_ptx_ex2_approx_f16x2_r4,softmax_oratc_targeted_g48s1024_confirm_v1_20260725_sess01_pos3_ptx_f16x2_g48_s1024_cache_reuse_candidate_probe_ptx_f16x2_g48_s00_p04,probe_before,4,0,8,138796.189349,138796.190791,138796.19007,0.00144190000719,4.01159614502,4940281698,true,true
softmax_1784950068847_softmax_full_f16io_f32acc_ptx_ex2_approx_f16x2_r4,softmax_oratc_targeted_g48s1024_confirm_v1_20260725_sess01_pos3_ptx_f16x2_g48_s1024_cache_reuse_candidate_probe_ptx_f16x2_g48_s00_p04,probe_before,4,0,9,138796.69096,138796.692314,138796.691637,0.00135420000879,4.51316315201,4940397478,true,true
softmax_1784950068847_softmax_full_f16io_f32acc_ptx_ex2_approx_f16x2_r4,softmax_oratc_targeted_g48s1024_confirm_v1_20260725_sess01_pos3_ptx_f16x2_g48_s1024_cache_reuse_candidate_probe_ptx_f16x2_g48_s00_p04,probe_before,4,0,10,138797.192447,138797.196965,138797.194706,0.00451830102247,5.0162321025,4940512814,true,true
softmax_1784950068847_softmax_full_f16io_f32acc_ptx_ex2_approx_f16x2_r4,softmax_oratc_targeted_g48s1024_confirm_v1_20260725_sess01_pos3_ptx_f16x2_g48_s1024_cache_reuse_candidate_probe_ptx_f16x2_g48_s00_p04,probe_before,4,0,11,138797.697132,138797.69859,138797.697861,0.00145830100519,5.51938660748,4940631733,true,true
softmax_1784950068847_softmax_full_f16io_f32acc_ptx_ex2_approx_f16x2_r4,softmax_oratc_targeted_g48s1024_confirm_v1_20260725_sess01_pos3_ptx_f16x2_g48_s1024_cache_reuse_candidate_probe_ptx_f16x2_g48_s00_p04,probe_before,4,0,12,138798.19872,138798.200141,138798.19943,0.00142040100764,6.0209563635,4940750140,true,true
softmax_1784950068847_softmax_full_f16io_f32acc_ptx_ex2_approx_f16x2_r4,softmax_oratc_targeted_g48s1024_confirm_v1_20260725_sess01_pos3_ptx_f16x2_g48_s1024_cache_reuse_candidate_probe_ptx_f16x2_g48_s00_p04,probe_before,4,0,13,138798.700293,138798.7017,138798.700997,0.00140660101897,6.52252247449,4940868196,true,true
softmax_1784950068847_softmax_full_f16io_f32acc_ptx_ex2_approx_f16x2_r4,softmax_oratc_targeted_g48s1024_confirm_v1_20260725_sess01_pos3_ptx_f16x2_g48_s1024_cache_reuse_candidate_probe_ptx_f16x2_g48_s00_p04,probe_before,4,0,14,138799.201817,138799.203249,138799.202533,0.00143180100713,7.02405858651,4940985988,true,true
softmax_1784950068847_softmax_full_f16io_f32acc_ptx_ex2_approx_f16x2_r4,softmax_oratc_targeted_g48s1024_confirm_v1_20260725_sess01_pos3_ptx_f16x2_g48_s1024_cache_reuse_candidate_probe_ptx_f16x2_g48_s00_p04,probe_before,4,0,15,138799.7034,138799.704873,138799.704137,0.00147310100147,7.52566265353,4941103389,true,true
softmax_1784950068847_softmax_full_f16io_f32acc_ptx_ex2_approx_f16x2_r4,softmax_oratc_targeted_g48s1024_confirm_v1_20260725_sess01_pos3_ptx_f16x2_g48_s1024_cache_reuse_candidate_probe_ptx_f16x2_g48_s00_p04,probe_before,4,0,16,138800.204988,138800.206371,138800.20568,0.00138269900344,8.02720568251,4941220514,true,true
softmax_1784950068847_softmax_full_f16io_f32acc_ptx_ex2_approx_f16x2_r4,softmax_oratc_targeted_g48s1024_confirm_v1_20260725_sess01_pos3_ptx_f16x2_g48_s1024_cache_reuse_candidate_probe_ptx_f16x2_g48_s00_p04,probe_before,4,0,17,138800.706523,138800.70795,138800.707237,0.0014272989938,8.5287625645,4941337202,true,true
softmax_1784950068847_softmax_full_f16io_f32acc_ptx_ex2_approx_f16x2_r4,softmax_oratc_targeted_g48s1024_confirm_v1_20260725_sess01_pos3_ptx_f16x2_g48_s1024_cache_reuse_candidate_probe_ptx_f16x2_g48_s00_p04,probe_before,4,0,18,138801.208082,138801.209447,138801.208764,0.00136470000143,9.03029034802,4941453360,true,true
softmax_1784950068847_softmax_full_f16io_f32acc_ptx_ex2_approx_f16x2_r4,softmax_oratc_targeted_g48s1024_confirm_v1_20260725_sess01_pos3_ptx_f16x2_g48_s1024_cache_reuse_candidate_probe_ptx_f16x2_g48_s00_p04,probe_before,4,0,19,138801.709567,138801.710949,138801.710258,0.00138150001294,9.53178393599,4941569084,true,true
softmax_1784950068847_softmax_full_f16io_f32acc_ptx_ex2_approx_f16x2_r4,softmax_oratc_targeted_g48s1024_confirm_v1_20260725_sess01_pos3_ptx_f16x2_g48_s1024_cache_reuse_candidate_probe_ptx_f16x2_g48_s00_p04,probe_before,4,0,20,138802.211075,138802.215347,138802.213211,0.0042719990015,10.0347369755,4941684260,true,true
softmax_1784950068847_softmax_full_f16io_f32acc_ptx_ex2_approx_f16x2_r4,softmax_oratc_targeted_g48s1024_confirm_v1_20260725_sess01_pos3_ptx_f16x2_g48_s1024_cache_reuse_candidate_probe_ptx_f16x2_g48_s00_p04,probe_before,4,0,21,138802.715486,138802.716831,138802.716159,0.00134569901275,10.5376844195,4941803135,true,true
softmax_1784950068847_softmax_full_f16io_f32acc_ptx_ex2_approx_f16x2_r4,softmax_oratc_targeted_g48s1024_confirm_v1_20260725_sess01_pos3_ptx_f16x2_g48_s1024_cache_reuse_candidate_probe_ptx_f16x2_g48_s00_p04,probe_before,4,0,22,138803.216956,138803.218372,138803.217664,0.00141579899355,11.0391895655,4941921829,true,true
softmax_1784950068847_softmax_full_f16io_f32acc_ptx_ex2_approx_f16x2_r4,softmax_oratc_targeted_g48s1024_confirm_v1_20260725_sess01_pos3_ptx_f16x2_g48_s1024_cache_reuse_candidate_probe_ptx_f16x2_g48_s00_p04,probe_before,4,0,23,138803.718525,138803.719889,138803.719207,0.00136369900429,11.5407328165,4942040180,true,false
softmax_1784950068847_softmax_full_f16io_f32acc_ptx_ex2_approx_f16x2_r4,softmax_oratc_targeted_g48s1024_confirm_v1_20260725_sess01_pos3_ptx_f16x2_g48_s1024_cache_reuse_candidate_probe_ptx_f16x2_g48_s00_p04,probe_before,4,0,24,138804.220051,138804.221428,138804.220739,0.00137680000626,12.042265269,4942157341,true,false
softmax_1784950068847_softmax_full_f16io_f32acc_ptx_ex2_approx_f16x2_r4,softmax_oratc_targeted_g48s1024_confirm_v1_20260725_sess01_pos3_ptx_f16x2_g48_s1024_cache_reuse_candidate_probe_ptx_f16x2_g48_s00_p04,probe_before,4,0,25,138804.551168,138804.554652,138804.55291,0.00348340100027,12.3744358075,4942231530,true,false
softmax_1784950081232_softmax_full_f16io_f32acc_ptx_ex2_approx_f16x2_r4,softmax_oratc_targeted_g48s1024_confirm_v1_20260725_sess01_pos3_ptx_f16x2_g48_s1024_cache_reuse_candidate_probe_ptx_f16x2_g48_s00_p04,full,4,1,0,138804.561938,138804.563054,138804.562496,0.00111549999565,-0.000563349982258,4942231530,false,false
softmax_1784950081232_softmax_full_f16io_f32acc_ptx_ex2_approx_f16x2_r4,softmax_oratc_targeted_g48s1024_confirm_v1_20260725_sess01_pos3_ptx_f16x2_g48_s1024_cache_reuse_candidate_probe_ptx_f16x2_g48_s00_p04,full,4,1,1,138805.063281,138805.064627,138805.063954,0.00134600099409,0.500894496508,4942347542,true,false
softmax_1784950081232_softmax_full_f16io_f32acc_ptx_ex2_approx_f16x2_r4,softmax_oratc_targeted_g48s1024_confirm_v1_20260725_sess01_pos3_ptx_f16x2_g48_s1024_cache_reuse_candidate_probe_ptx_f16x2_g48_s00_p04,full,4,1,2,138805.56475,138805.566115,138805.565432,0.00136470000143,1.00237294604,4942464454,true,false
softmax_1784950081232_softmax_full_f16io_f32acc_ptx_ex2_approx_f16x2_r4,softmax_oratc_targeted_g48s1024_confirm_v1_20260725_sess01_pos3_ptx_f16x2_g48_s1024_cache_reuse_candidate_probe_ptx_f16x2_g48_s00_p04,full,4,1,3,138806.066232,138806.067553,138806.066892,0.00132089998806,1.50383294901,4942580971,true,true
softmax_1784950081232_softmax_full_f16io_f32acc_ptx_ex2_approx_f16x2_r4,softmax_oratc_targeted_g48s1024_confirm_v1_20260725_sess01_pos3_ptx_f16x2_g48_s1024_cache_reuse_candidate_probe_ptx_f16x2_g48_s00_p04,full,4,1,4,138806.56768,138806.569049,138806.568364,0.00136940099765,2.00530500451,4942697092,true,true
softmax_1784950081232_softmax_full_f16io_f32acc_ptx_ex2_approx_f16x2_r4,softmax_oratc_targeted_g48s1024_confirm_v1_20260725_sess01_pos3_ptx_f16x2_g48_s1024_cache_reuse_candidate_probe_ptx_f16x2_g48_s00_p04,full,4,1,5,138807.069175,138807.073717,138807.071446,0.00454250097391,2.50838666453,4942812956,true,true
softmax_1784950081232_softmax_full_f16io_f32acc_ptx_ex2_approx_f16x2_r4,softmax_oratc_targeted_g48s1024_confirm_v1_20260725_sess01_pos3_ptx_f16x2_g48_s1024_cache_reuse_candidate_probe_ptx_f16x2_g48_s00_p04,full,4,1,6,138807.573837,138807.575028,138807.574432,0.00119099998847,3.01137262702,4942932646,true,true
softmax_1784950081232_softmax_full_f16io_f32acc_ptx_ex2_approx_f16x2_r4,softmax_oratc_targeted_g48s1024_confirm_v1_20260725_sess01_pos3_ptx_f16x2_g48_s1024_cache_reuse_candidate_probe_ptx_f16x2_g48_s00_p04,full,4,1,7,138808.075142,138808.076493,138808.075817,0.00135089899413,3.51275789752,4943051993,true,true
softmax_1784950081232_softmax_full_f16io_f32acc_ptx_ex2_approx_f16x2_r4,softmax_oratc_targeted_g48s1024_confirm_v1_20260725_sess01_pos3_ptx_f16x2_g48_s1024_cache_reuse_candidate_probe_ptx_f16x2_g48_s00_p04,full,4,1,8,138808.576608,138808.577983,138808.577296,0.0013752990053,4.01423630051,4943170992,true,true
softmax_1784950081232_softmax_full_f16io_f32acc_ptx_ex2_approx_f16x2_r4,softmax_oratc_targeted_g48s1024_confirm_v1_20260725_sess01_pos3_ptx_f16x2_g48_s1024_cache_reuse_candidate_probe_ptx_f16x2_g48_s00_p04,full,4,1,9,138809.078101,138809.079428,138809.078765,0.00132709898753,4.51570520652,4943289558,true,true
softmax_1784950081232_softmax_full_f16io_f32acc_ptx_ex2_approx_f16x2_r4,softmax_oratc_targeted_g48s1024_confirm_v1_20260725_sess01_pos3_ptx_f16x2_g48_s1024_cache_reuse_candidate_probe_ptx_f16x2_g48_s00_p04,full,4,1,10,138809.57955,138809.580899,138809.580225,0.00134829900344,5.01716511554,4943407692,true,true
softmax_1784950081232_softmax_full_f16io_f32acc_ptx_ex2_approx_f16x2_r4,softmax_oratc_targeted_g48s1024_confirm_v1_20260725_sess01_pos3_ptx_f16x2_g48_s1024_cache_reuse_candidate_probe_ptx_f16x2_g48_s00_p04,full,4,1,11,138810.081013,138810.082339,138810.081676,0.00132609900902,5.51861682752,4943525259,true,true
softmax_1784950081232_softmax_full_f16io_f32acc_ptx_ex2_approx_f16x2_r4,softmax_oratc_targeted_g48s1024_confirm_v1_20260725_sess01_pos3_ptx_f16x2_g48_s1024_cache_reuse_candidate_probe_ptx_f16x2_g48_s00_p04,full,4,1,12,138810.582427,138810.584048,138810.583238,0.00162080000155,6.02017829302,4943642469,true,true
softmax_1784950081232_softmax_full_f16io_f32acc_ptx_ex2_approx_f16x2_r4,softmax_oratc_targeted_g48s1024_confirm_v1_20260725_sess01_pos3_ptx_f16x2_g48_s1024_cache_reuse_candidate_probe_ptx_f16x2_g48_s00_p04,full,4,1,13,138811.084172,138811.085529,138811.08485,0.00135769901681,6.52179096153,4943759316,true,true
softmax_1784950081232_softmax_full_f16io_f32acc_ptx_ex2_approx_f16x2_r4,softmax_oratc_targeted_g48s1024_confirm_v1_20260725_sess01_pos3_ptx_f16x2_g48_s1024_cache_reuse_candidate_probe_ptx_f16x2_g48_s00_p04,full,4,1,14,138811.585644,138811.586952,138811.586298,0.0013082009973,7.02323830553,4943875851,true,true
softmax_1784950081232_softmax_full_f16io_f32acc_ptx_ex2_approx_f16x2_r4,softmax_oratc_targeted_g48s1024_confirm_v1_20260725_sess01_pos3_ptx_f16x2_g48_s1024_cache_reuse_candidate_probe_ptx_f16x2_g48_s00_p04,full,4,1,15,138812.087108,138812.092332,138812.08972,0.00522470200667,7.52666052902,4943992036,true,true
softmax_1784950081232_softmax_full_f16io_f32acc_ptx_ex2_approx_f16x2_r4,softmax_oratc_targeted_g48s1024_confirm_v1_20260725_sess01_pos3_ptx_f16x2_g48_s1024_cache_reuse_candidate_probe_ptx_f16x2_g48_s00_p04,full,4,1,16,138812.592447,138812.593822,138812.593135,0.00137480098056,8.03007505552,4944111824,true,true
softmax_1784950081232_softmax_full_f16io_f32acc_ptx_ex2_approx_f16x2_r4,softmax_oratc_targeted_g48s1024_confirm_v1_20260725_sess01_pos3_ptx_f16x2_g48_s1024_cache_reuse_candidate_probe_ptx_f16x2_g48_s00_p04,full,4,1,17,138813.093911,138813.095236,138813.094573,0.00132439998561,8.53151393399,4944231142,true,true
softmax_1784950081232_softmax_full_f16io_f32acc_ptx_ex2_approx_f16x2_r4,softmax_oratc_targeted_g48s1024_confirm_v1_20260725_sess01_pos3_ptx_f16x2_g48_s1024_cache_reuse_candidate_probe_ptx_f16x2_g48_s00_p04,full,4,1,18,138813.595358,138813.596679,138813.596019,0.00132089998806,9.03295906601,4944350005,true,true
softmax_1784950081232_softmax_full_f16io_f32acc_ptx_ex2_approx_f16x2_r4,softmax_oratc_targeted_g48s1024_confirm_v1_20260725_sess01_pos3_ptx_f16x2_g48_s1024_cache_reuse_candidate_probe_ptx_f16x2_g48_s00_p04,full,4,1,19,138814.096794,138814.098091,138814.097443,0.00129750100314,9.53438305049,4944468379,true,true
softmax_1784950081232_softmax_full_f16io_f32acc_ptx_ex2_approx_f16x2_r4,softmax_oratc_targeted_g48s1024_confirm_v1_20260725_sess01_pos3_ptx_f16x2_g48_s1024_cache_reuse_candidate_probe_ptx_f16x2_g48_s00_p04,full,4,1,20,138814.598201,138814.599685,138814.598943,0.00148360099411,10.0358837885,4944586349,true,true
softmax_1784950081232_softmax_full_f16io_f32acc_ptx_ex2_approx_f16x2_r4,softmax_oratc_targeted_g48s1024_confirm_v1_20260725_sess01_pos3_ptx_f16x2_g48_s1024_cache_reuse_candidate_probe_ptx_f16x2_g48_s00_p04,full,4,1,21,138815.099777,138815.101055,138815.100416,0.00127790099941,10.5373566295,4944703921,true,true
softmax_1784950081232_softmax_full_f16io_f32acc_ptx_ex2_approx_f16x2_r4,softmax_oratc_targeted_g48s1024_confirm_v1_20260725_sess01_pos3_ptx_f16x2_g48_s1024_cache_reuse_candidate_probe_ptx_f16x2_g48_s00_p04,full,4,1,22,138815.601178,138815.602597,138815.601888,0.00141910099774,11.0388283235,4944821213,true,true
softmax_1784950081232_softmax_full_f16io_f32acc_ptx_ex2_approx_f16x2_r4,softmax_oratc_targeted_g48s1024_confirm_v1_20260725_sess01_pos3_ptx_f16x2_g48_s1024_cache_reuse_candidate_probe_ptx_f16x2_g48_s00_p04,full,4,1,23,138816.102718,138816.104031,138816.103375,0.00131289899582,11.5403154375,4944938179,true,false
softmax_1784950081232_softmax_full_f16io_f32acc_ptx_ex2_approx_f16x2_r4,softmax_oratc_targeted_g48s1024_confirm_v1_20260725_sess01_pos3_ptx_f16x2_g48_s1024_cache_reuse_candidate_probe_ptx_f16x2_g48_s00_p04,full,4,1,24,138816.604153,138816.605481,138816.604817,0.00132779998239,12.041757644,4945054250,true,false
softmax_1784950081232_softmax_full_f16io_f32acc_ptx_ex2_approx_f16x2_r4,softmax_oratc_targeted_g48s1024_confirm_v1_20260725_sess01_pos3_ptx_f16x2_g48_s1024_cache_reuse_candidate_probe_ptx_f16x2_g48_s00_p04,full,4,1,25,138816.952075,138816.953574,138816.952825,0.00149919898831,12.3897651775,4945127450,true,false
softmax_1784950093631_softmax_full_f16io_f32acc_ptx_ex2_approx_f16x2_r4,softmax_oratc_targeted_g48s1024_confirm_v1_20260725_sess01_pos3_ptx_f16x2_g48_s1024_cache_reuse_candidate_probe_ptx_f16x2_g48_s00_p04,probe_after,4,2,0,138816.961279,138816.962488,138816.961883,0.00120900000911,-0.000610199989751,4945127450,false,false
softmax_1784950093631_softmax_full_f16io_f32acc_ptx_ex2_approx_f16x2_r4,softmax_oratc_targeted_g48s1024_confirm_v1_20260725_sess01_pos3_ptx_f16x2_g48_s1024_cache_reuse_candidate_probe_ptx_f16x2_g48_s00_p04,probe_after,4,2,1,138817.462759,138817.464162,138817.46346,0.00140299898339,0.500966960506,4945242008,true,false
softmax_1784950093631_softmax_full_f16io_f32acc_ptx_ex2_approx_f16x2_r4,softmax_oratc_targeted_g48s1024_confirm_v1_20260725_sess01_pos3_ptx_f16x2_g48_s1024_cache_reuse_candidate_probe_ptx_f16x2_g48_s00_p04,probe_after,4,2,2,138817.964278,138817.965696,138817.964987,0.00141789900954,1.00249347652,4945357414,true,false
softmax_1784950093631_softmax_full_f16io_f32acc_ptx_ex2_approx_f16x2_r4,softmax_oratc_targeted_g48s1024_confirm_v1_20260725_sess01_pos3_ptx_f16x2_g48_s1024_cache_reuse_candidate_probe_ptx_f16x2_g48_s00_p04,probe_after,4,2,3,138818.465822,138818.470127,138818.467974,0.0043052980036,1.50548104299,4945472369,true,true
softmax_1784950093631_softmax_full_f16io_f32acc_ptx_ex2_approx_f16x2_r4,softmax_oratc_targeted_g48s1024_confirm_v1_20260725_sess01_pos3_ptx_f16x2_g48_s1024_cache_reuse_candidate_probe_ptx_f16x2_g48_s00_p04,probe_after,4,2,4,138818.97026,138818.971641,138818.97095,0.00138100099866,2.00845684847,4945591195,true,true
softmax_1784950093631_softmax_full_f16io_f32acc_ptx_ex2_approx_f16x2_r4,softmax_oratc_targeted_g48s1024_confirm_v1_20260725_sess01_pos3_ptx_f16x2_g48_s1024_cache_reuse_candidate_probe_ptx_f16x2_g48_s00_p04,probe_after,4,2,5,138819.471757,138819.47311,138819.472434,0.00135250101448,2.50994026751,4945709776,true,true
softmax_1784950093631_softmax_full_f16io_f32acc_ptx_ex2_approx_f16x2_r4,softmax_oratc_targeted_g48s1024_confirm_v1_20260725_sess01_pos3_ptx_f16x2_g48_s1024_cache_reuse_candidate_probe_ptx_f16x2_g48_s00_p04,probe_after,4,2,6,138819.973234,138819.974639,138819.973936,0.00140469998587,3.011443041,4945828064,true,true
softmax_1784950093631_softmax_full_f16io_f32acc_ptx_ex2_approx_f16x2_r4,softmax_oratc_targeted_g48s1024_confirm_v1_20260725_sess01_pos3_ptx_f16x2_g48_s1024_cache_reuse_candidate_probe_ptx_f16x2_g48_s00_p04,probe_after,4,2,7,138820.474755,138820.476141,138820.475448,0.00138639999204,3.51295436602,4945946076,true,true
softmax_1784950093631_softmax_full_f16io_f32acc_ptx_ex2_approx_f16x2_r4,softmax_oratc_targeted_g48s1024_confirm_v1_20260725_sess01_pos3_ptx_f16x2_g48_s1024_cache_reuse_candidate_probe_ptx_f16x2_g48_s00_p04,probe_after,4,2,8,138820.976269,138820.977629,138820.976949,0.00135960101034,4.01445544549,4946063652,true,true
softmax_1784950093631_softmax_full_f16io_f32acc_ptx_ex2_approx_f16x2_r4,softmax_oratc_targeted_g48s1024_confirm_v1_20260725_sess01_pos3_ptx_f16x2_g48_s1024_cache_reuse_candidate_probe_ptx_f16x2_g48_s00_p04,probe_after,4,2,9,138821.47775,138821.479155,138821.478452,0.00140530100907,4.51595887649,4946180717,true,true
softmax_1784950093631_softmax_full_f16io_f32acc_ptx_ex2_approx_f16x2_r4,softmax_oratc_targeted_g48s1024_confirm_v1_20260725_sess01_pos3_ptx_f16x2_g48_s1024_cache_reuse_candidate_probe_ptx_f16x2_g48_s00_p04,probe_after,4,2,10,138821.979285,138821.980781,138821.980033,0.00149630001397,5.01753966199,4946297310,true,true
softmax_1784950093631_softmax_full_f16io_f32acc_ptx_ex2_approx_f16x2_r4,softmax_oratc_targeted_g48s1024_confirm_v1_20260725_sess01_pos3_ptx_f16x2_g48_s1024_cache_reuse_candidate_probe_ptx_f16x2_g48_s00_p04,probe_after,4,2,11,138822.480895,138822.482279,138822.481587,0.00138450099621,5.51909374949,4946413404,true,true
softmax_1784950093631_softmax_full_f16io_f32acc_ptx_ex2_approx_f16x2_r4,softmax_oratc_targeted_g48s1024_confirm_v1_20260725_sess01_pos3_ptx_f16x2_g48_s1024_cache_reuse_candidate_probe_ptx_f16x2_g48_s00_p04,probe_after,4,2,12,138822.982402,138822.983784,138822.983093,0.00138180100475,6.02059949053,4946528953,true,true
softmax_1784950093631_softmax_full_f16io_f32acc_ptx_ex2_approx_f16x2_r4,softmax_oratc_targeted_g48s1024_confirm_v1_20260725_sess01_pos3_ptx_f16x2_g48_s1024_cache_reuse_candidate_probe_ptx_f16x2_g48_s00_p04,probe_after,4,2,13,138823.483902,138823.488835,138823.486369,0.00493310199818,6.523875435,4946644292,true,true
softmax_1784950093631_softmax_full_f16io_f32acc_ptx_ex2_approx_f16x2_r4,softmax_oratc_targeted_g48s1024_confirm_v1_20260725_sess01_pos3_ptx_f16x2_g48_s1024_cache_reuse_candidate_probe_ptx_f16x2_g48_s00_p04,probe_after,4,2,14,138823.988953,138823.990407,138823.98968,0.00145349898958,7.02718657852,4946763328,true,true
softmax_1784950093631_softmax_full_f16io_f32acc_ptx_ex2_approx_f16x2_r4,softmax_oratc_targeted_g48s1024_confirm_v1_20260725_sess01_pos3_ptx_f16x2_g48_s1024_cache_reuse_candidate_probe_ptx_f16x2_g48_s00_p04,probe_after,4,2,15,138824.490522,138824.491937,138824.491229,0.0014153989905,7.52873609852,4946882059,true,true
softmax_1784950093631_softmax_full_f16io_f32acc_ptx_ex2_approx_f16x2_r4,softmax_oratc_targeted_g48s1024_confirm_v1_20260725_sess01_pos3_ptx_f16x2_g48_s1024_cache_reuse_candidate_probe_ptx_f16x2_g48_s00_p04,probe_after,4,2,16,138824.992044,138824.993448,138824.992746,0.00140350000584,8.03025282299,4947000421,true,true
softmax_1784950093631_softmax_full_f16io_f32acc_ptx_ex2_approx_f16x2_r4,softmax_oratc_targeted_g48s1024_confirm_v1_20260725_sess01_pos3_ptx_f16x2_g48_s1024_cache_reuse_candidate_probe_ptx_f16x2_g48_s00_p04,probe_after,4,2,17,138825.493607,138825.495127,138825.494367,0.00151970001752,8.53187339901,4947118275,true,true
softmax_1784950093631_softmax_full_f16io_f32acc_ptx_ex2_approx_f16x2_r4,softmax_oratc_targeted_g48s1024_confirm_v1_20260725_sess01_pos3_ptx_f16x2_g48_s1024_cache_reuse_candidate_probe_ptx_f16x2_g48_s00_p04,probe_after,4,2,18,138825.995281,138825.99677,138825.996026,0.00148890001583,9.03353227899,4947235626,true,true
softmax_1784950093631_softmax_full_f16io_f32acc_ptx_ex2_approx_f16x2_r4,softmax_oratc_targeted_g48s1024_confirm_v1_20260725_sess01_pos3_ptx_f16x2_g48_s1024_cache_reuse_candidate_probe_ptx_f16x2_g48_s00_p04,probe_after,4,2,19,138826.496941,138826.498316,138826.497628,0.00137579999864,9.53513511101,4947352456,true,true
softmax_1784950093631_softmax_full_f16io_f32acc_ptx_ex2_approx_f16x2_r4,softmax_oratc_targeted_g48s1024_confirm_v1_20260725_sess01_pos3_ptx_f16x2_g48_s1024_cache_reuse_candidate_probe_ptx_f16x2_g48_s00_p04,probe_after,4,2,20,138826.998478,138826.999933,138826.999206,0.00145409902325,10.0367121475,4947468815,true,true
softmax_1784950093631_softmax_full_f16io_f32acc_ptx_ex2_approx_f16x2_r4,softmax_oratc_targeted_g48s1024_confirm_v1_20260725_sess01_pos3_ptx_f16x2_g48_s1024_cache_reuse_candidate_probe_ptx_f16x2_g48_s00_p04,probe_after,4,2,21,138827.500127,138827.501529,138827.500828,0.00140209900565,10.5383343355,4947584850,true,true
softmax_1784950093631_softmax_full_f16io_f32acc_ptx_ex2_approx_f16x2_r4,softmax_oratc_targeted_g48s1024_confirm_v1_20260725_sess01_pos3_ptx_f16x2_g48_s1024_cache_reuse_candidate_probe_ptx_f16x2_g48_s00_p04,probe_after,4,2,22,138828.001708,138828.003095,138828.002401,0.00138630002039,11.039908128,4947700533,true,true
softmax_1784950093631_softmax_full_f16io_f32acc_ptx_ex2_approx_f16x2_r4,softmax_oratc_targeted_g48s1024_confirm_v1_20260725_sess01_pos3_ptx_f16x2_g48_s1024_cache_reuse_candidate_probe_ptx_f16x2_g48_s00_p04,probe_after,4,2,23,138828.503254,138828.507118,138828.505186,0.00386330200126,11.542692735,4947815790,true,false
softmax_1784950093631_softmax_full_f16io_f32acc_ptx_ex2_approx_f16x2_r4,softmax_oratc_targeted_g48s1024_confirm_v1_20260725_sess01_pos3_ptx_f16x2_g48_s1024_cache_reuse_candidate_probe_ptx_f16x2_g48_s00_p04,probe_after,4,2,24,138829.007306,138829.008764,138829.008035,0.00145750000956,12.045541735,4947934066,true,false
softmax_1784950093631_softmax_full_f16io_f32acc_ptx_ex2_approx_f16x2_r4,softmax_oratc_targeted_g48s1024_confirm_v1_20260725_sess01_pos3_ptx_f16x2_g48_s1024_cache_reuse_candidate_probe_ptx_f16x2_g48_s00_p04,probe_after,4,2,25,138829.332568,138829.333969,138829.333268,0.00140049998299,12.370774964,4947991568,true,false
softmax_1784950106012_softmax_full_f16io_f32acc_ptx_ex2_approx_f16x2_r5,softmax_oratc_targeted_g48s1024_confirm_v1_20260725_sess01_pos3_ptx_f16x2_g48_s1024_cache_reuse_candidate_probe_ptx_f16x2_g48_s00_p05,full_before,5,0,0,138829.341618,138829.342788,138829.342203,0.00116930098739,-0.000591950491071,4948005972,false,false
softmax_1784950106012_softmax_full_f16io_f32acc_ptx_ex2_approx_f16x2_r5,softmax_oratc_targeted_g48s1024_confirm_v1_20260725_sess01_pos3_ptx_f16x2_g48_s1024_cache_reuse_candidate_probe_ptx_f16x2_g48_s00_p05,full_before,5,0,1,138829.843049,138829.84732,138829.845185,0.00427080201916,0.502389805013,4948125145,true,false
softmax_1784950106012_softmax_full_f16io_f32acc_ptx_ex2_approx_f16x2_r5,softmax_oratc_targeted_g48s1024_confirm_v1_20260725_sess01_pos3_ptx_f16x2_g48_s1024_cache_reuse_candidate_probe_ptx_f16x2_g48_s00_p05,full_before,5,0,2,138830.347435,138830.348744,138830.348089,0.00130949998857,1.00529456104,4948244451,true,false
softmax_1784950106012_softmax_full_f16io_f32acc_ptx_ex2_approx_f16x2_r5,softmax_oratc_targeted_g48s1024_confirm_v1_20260725_sess01_pos3_ptx_f16x2_g48_s1024_cache_reuse_candidate_probe_ptx_f16x2_g48_s00_p05,full_before,5,0,3,138830.848861,138830.850225,138830.849543,0.00136419999762,1.50674832199,4948363456,true,true
softmax_1784950106012_softmax_full_f16io_f32acc_ptx_ex2_approx_f16x2_r5,softmax_oratc_targeted_g48s1024_confirm_v1_20260725_sess01_pos3_ptx_f16x2_g48_s1024_cache_reuse_candidate_probe_ptx_f16x2_g48_s00_p05,full_before,5,0,4,138831.350312,138831.351654,138831.350983,0.00134230099502,2.00818818354,4948482053,true,true
softmax_1784950106012_softmax_full_f16io_f32acc_ptx_ex2_approx_f16x2_r5,softmax_oratc_targeted_g48s1024_confirm_v1_20260725_sess01_pos3_ptx_f16x2_g48_s1024_cache_reuse_candidate_probe_ptx_f16x2_g48_s00_p05,full_before,5,0,5,138831.851767,138831.853119,138831.852443,0.00135259999661,2.50964825001,4948600531,true,true
softmax_1784950106012_softmax_full_f16io_f32acc_ptx_ex2_approx_f16x2_r5,softmax_oratc_targeted_g48s1024_confirm_v1_20260725_sess01_pos3_ptx_f16x2_g48_s1024_cache_reuse_candidate_probe_ptx_f16x2_g48_s00_p05,full_before,5,0,6,138832.353233,138832.3545,138832.353866,0.00126680001267,3.01107134001,4948718660,true,true
softmax_1784950106012_softmax_full_f16io_f32acc_ptx_ex2_approx_f16x2_r5,softmax_oratc_targeted_g48s1024_confirm_v1_20260725_sess01_pos3_ptx_f16x2_g48_s1024_cache_reuse_candidate_probe_ptx_f16x2_g48_s00_p05,full_before,5,0,7,138832.854617,138832.855981,138832.855299,0.00136389897671,3.51250422251,4948836525,true,true
softmax_1784950106012_softmax_full_f16io_f32acc_ptx_ex2_approx_f16x2_r5,softmax_oratc_targeted_g48s1024_confirm_v1_20260725_sess01_pos3_ptx_f16x2_g48_s1024_cache_reuse_candidate_probe_ptx_f16x2_g48_s00_p05,full_before,5,0,8,138833.356127,138833.357449,138833.356788,0.00132259901147,4.01399310451,4948953919,true,true
softmax_1784950106012_softmax_full_f16io_f32acc_ptx_ex2_approx_f16x2_r5,softmax_oratc_targeted_g48s1024_confirm_v1_20260725_sess01_pos3_ptx_f16x2_g48_s1024_cache_reuse_candidate_probe_ptx_f16x2_g48_s00_p05,full_before,5,0,9,138833.857561,138833.858903,138833.858232,0.00134199898457,4.51543754252,4949070916,true,true
softmax_1784950106012_softmax_full_f16io_f32acc_ptx_ex2_approx_f16x2_r5,softmax_oratc_targeted_g48s1024_confirm_v1_20260725_sess01_pos3_ptx_f16x2_g48_s1024_cache_reuse_candidate_probe_ptx_f16x2_g48_s00_p05,full_before,5,0,10,138834.359016,138834.360274,138834.359645,0.00125709900749,5.01685013151,4949187392,true,true
softmax_1784950106012_softmax_full_f16io_f32acc_ptx_ex2_approx_f16x2_r5,softmax_oratc_targeted_g48s1024_confirm_v1_20260725_sess01_pos3_ptx_f16x2_g48_s1024_cache_reuse_candidate_probe_ptx_f16x2_g48_s00_p05,full_before,5,0,11,138834.860387,138834.865129,138834.862758,0.00474239699543,5.51996322451,4949303456,true,true
softmax_1784950106012_softmax_full_f16io_f32acc_ptx_ex2_approx_f16x2_r5,softmax_oratc_targeted_g48s1024_confirm_v1_20260725_sess01_pos3_ptx_f16x2_g48_s1024_cache_reuse_candidate_probe_ptx_f16x2_g48_s00_p05,full_before,5,0,12,138835.365255,138835.366625,138835.36594,0.00136919898796,6.02314506751,4949423227,true,true
softmax_1784950106012_softmax_full_f16io_f32acc_ptx_ex2_approx_f16x2_r5,softmax_oratc_targeted_g48s1024_confirm_v1_20260725_sess01_pos3_ptx_f16x2_g48_s1024_cache_reuse_candidate_probe_ptx_f16x2_g48_s00_p05,full_before,5,0,13,138835.866758,138835.868115,138835.867437,0.00135750000481,6.524641759,4949542483,true,true
softmax_1784950106012_softmax_full_f16io_f32acc_ptx_ex2_approx_f16x2_r5,softmax_oratc_targeted_g48s1024_confirm_v1_20260725_sess01_pos3_ptx_f16x2_g48_s1024_cache_reuse_candidate_probe_ptx_f16x2_g48_s00_p05,full_before,5,0,14,138836.368212,138836.369554,138836.368883,0.00134180000168,7.02608809603,4949661450,true,true
softmax_1784950106012_softmax_full_f16io_f32acc_ptx_ex2_approx_f16x2_r5,softmax_oratc_targeted_g48s1024_confirm_v1_20260725_sess01_pos3_ptx_f16x2_g48_s1024_cache_reuse_candidate_probe_ptx_f16x2_g48_s00_p05,full_before,5,0,15,138836.869676,138836.871094,138836.870385,0.00141860102303,7.52758998852,4949780180,true,true
softmax_1784950106012_softmax_full_f16io_f32acc_ptx_ex2_approx_f16x2_r5,softmax_oratc_targeted_g48s1024_confirm_v1_20260725_sess01_pos3_ptx_f16x2_g48_s1024_cache_reuse_candidate_probe_ptx_f16x2_g48_s00_p05,full_before,5,0,16,138837.371259,138837.372582,138837.37192,0.00132370099891,8.02912553152,4949898550,true,true
softmax_1784950106012_softmax_full_f16io_f32acc_ptx_ex2_approx_f16x2_r5,softmax_oratc_targeted_g48s1024_confirm_v1_20260725_sess01_pos3_ptx_f16x2_g48_s1024_cache_reuse_candidate_probe_ptx_f16x2_g48_s00_p05,full_before,5,0,17,138837.872699,138837.874022,138837.87336,0.00132340099663,8.53056547951,4950016404,true,true
softmax_1784950106012_softmax_full_f16io_f32acc_ptx_ex2_approx_f16x2_r5,softmax_oratc_targeted_g48s1024_confirm_v1_20260725_sess01_pos3_ptx_f16x2_g48_s1024_cache_reuse_candidate_probe_ptx_f16x2_g48_s00_p05,full_before,5,0,18,138838.374136,138838.375676,138838.374906,0.00154030098929,9.0321111285,4950133927,true,true
softmax_1784950106012_softmax_full_f16io_f32acc_ptx_ex2_approx_f16x2_r5,softmax_oratc_targeted_g48s1024_confirm_v1_20260725_sess01_pos3_ptx_f16x2_g48_s1024_cache_reuse_candidate_probe_ptx_f16x2_g48_s00_p05,full_before,5,0,19,138838.875793,138838.877288,138838.87654,0.00149490099284,9.5337453325,4950250865,true,true
softmax_1784950106012_softmax_full_f16io_f32acc_ptx_ex2_approx_f16x2_r5,softmax_oratc_targeted_g48s1024_confirm_v1_20260725_sess01_pos3_ptx_f16x2_g48_s1024_cache_reuse_candidate_probe_ptx_f16x2_g48_s00_p05,full_before,5,0,20,138839.377423,138839.378799,138839.378111,0.00137620000169,10.035315887,4950367380,true,true
softmax_1784950106012_softmax_full_f16io_f32acc_ptx_ex2_approx_f16x2_r5,softmax_oratc_targeted_g48s1024_confirm_v1_20260725_sess01_pos3_ptx_f16x2_g48_s1024_cache_reuse_candidate_probe_ptx_f16x2_g48_s00_p05,full_before,5,0,21,138839.878914,138839.883729,138839.881322,0.00481530200341,10.538526848,4950483563,true,true
softmax_1784950106012_softmax_full_f16io_f32acc_ptx_ex2_approx_f16x2_r5,softmax_oratc_targeted_g48s1024_confirm_v1_20260725_sess01_pos3_ptx_f16x2_g48_s1024_cache_reuse_candidate_probe_ptx_f16x2_g48_s00_p05,full_before,5,0,22,138840.383857,138840.385197,138840.384527,0.00134069999331,11.041732196,4950603386,true,true
softmax_1784950106012_softmax_full_f16io_f32acc_ptx_ex2_approx_f16x2_r5,softmax_oratc_targeted_g48s1024_confirm_v1_20260725_sess01_pos3_ptx_f16x2_g48_s1024_cache_reuse_candidate_probe_ptx_f16x2_g48_s00_p05,full_before,5,0,23,138840.885312,138840.886691,138840.886002,0.00137879999238,11.543206963,4950722862,true,false
softmax_1784950106012_softmax_full_f16io_f32acc_ptx_ex2_approx_f16x2_r5,softmax_oratc_targeted_g48s1024_confirm_v1_20260725_sess01_pos3_ptx_f16x2_g48_s1024_cache_reuse_candidate_probe_ptx_f16x2_g48_s00_p05,full_before,5,0,24,138841.386805,138841.388174,138841.38749,0.00136930000735,12.044694731,4950841340,true,false
softmax_1784950106012_softmax_full_f16io_f32acc_ptx_ex2_approx_f16x2_r5,softmax_oratc_targeted_g48s1024_confirm_v1_20260725_sess01_pos3_ptx_f16x2_g48_s1024_cache_reuse_candidate_probe_ptx_f16x2_g48_s00_p05,full_before,5,0,25,138841.727895,138841.729206,138841.72855,0.00131099999999,12.385755361,4950899069,true,false
softmax_1784950118407_softmax_full_f16io_f32acc_ptx_ex2_approx_f16x2_r5,softmax_oratc_targeted_g48s1024_confirm_v1_20260725_sess01_pos3_ptx_f16x2_g48_s1024_cache_reuse_candidate_probe_ptx_f16x2_g48_s00_p05,probe_middle,5,1,0,138841.737042,138841.738224,138841.737633,0.00118199898861,-0.000597099511651,4950913697,false,false
softmax_1784950118407_softmax_full_f16io_f32acc_ptx_ex2_approx_f16x2_r5,softmax_oratc_targeted_g48s1024_confirm_v1_20260725_sess01_pos3_ptx_f16x2_g48_s1024_cache_reuse_candidate_probe_ptx_f16x2_g48_s00_p05,probe_middle,5,1,1,138842.238687,138842.243486,138842.241086,0.00479959798395,0.502856423002,4951032494,true,false
softmax_1784950118407_softmax_full_f16io_f32acc_ptx_ex2_approx_f16x2_r5,softmax_oratc_targeted_g48s1024_confirm_v1_20260725_sess01_pos3_ptx_f16x2_g48_s1024_cache_reuse_candidate_probe_ptx_f16x2_g48_s00_p05,probe_middle,5,1,2,138842.743617,138842.744941,138842.744279,0.00132440001471,1.00604924999,4951151167,true,false
softmax_1784950118407_softmax_full_f16io_f32acc_ptx_ex2_approx_f16x2_r5,softmax_oratc_targeted_g48s1024_confirm_v1_20260725_sess01_pos3_ptx_f16x2_g48_s1024_cache_reuse_candidate_probe_ptx_f16x2_g48_s00_p05,probe_middle,5,1,3,138843.245063,138843.246445,138843.245754,0.00138220001827,1.50752407897,4951269347,true,true
softmax_1784950118407_softmax_full_f16io_f32acc_ptx_ex2_approx_f16x2_r5,softmax_oratc_targeted_g48s1024_confirm_v1_20260725_sess01_pos3_ptx_f16x2_g48_s1024_cache_reuse_candidate_probe_ptx_f16x2_g48_s00_p05,probe_middle,5,1,4,138843.746558,138843.747901,138843.74723,0.00134229901596,2.0089995625,4951387298,true,true
softmax_1784950118407_softmax_full_f16io_f32acc_ptx_ex2_approx_f16x2_r5,softmax_oratc_targeted_g48s1024_confirm_v1_20260725_sess01_pos3_ptx_f16x2_g48_s1024_cache_reuse_candidate_probe_ptx_f16x2_g48_s00_p05,probe_middle,5,1,5,138844.247995,138844.249375,138844.248685,0.00137990000076,2.51045531701,4951505035,true,true
softmax_1784950118407_softmax_full_f16io_f32acc_ptx_ex2_approx_f16x2_r5,softmax_oratc_targeted_g48s1024_confirm_v1_20260725_sess01_pos3_ptx_f16x2_g48_s1024_cache_reuse_candidate_probe_ptx_f16x2_g48_s00_p05,probe_middle,5,1,6,138844.74954,138844.750919,138844.750229,0.00137939999695,3.01199925496,4951622574,true,true
softmax_1784950118407_softmax_full_f16io_f32acc_ptx_ex2_approx_f16x2_r5,softmax_oratc_targeted_g48s1024_confirm_v1_20260725_sess01_pos3_ptx_f16x2_g48_s1024_cache_reuse_candidate_probe_ptx_f16x2_g48_s00_p05,probe_middle,5,1,7,138845.251081,138845.252444,138845.251762,0.00136300100712,3.51353224448,4951739718,true,true
softmax_1784950118407_softmax_full_f16io_f32acc_ptx_ex2_approx_f16x2_r5,softmax_oratc_targeted_g48s1024_confirm_v1_20260725_sess01_pos3_ptx_f16x2_g48_s1024_cache_reuse_candidate_probe_ptx_f16x2_g48_s00_p05,probe_middle,5,1,8,138845.752613,138845.754003,138845.753308,0.00138940100442,4.01507783847,4951856399,true,true
softmax_1784950118407_softmax_full_f16io_f32acc_ptx_ex2_approx_f16x2_r5,softmax_oratc_targeted_g48s1024_confirm_v1_20260725_sess01_pos3_ptx_f16x2_g48_s1024_cache_reuse_candidate_probe_ptx_f16x2_g48_s00_p05,probe_middle,5,1,9,138846.254154,138846.255558,138846.254856,0.00140390099841,4.51662588349,4951972596,true,true
softmax_1784950118407_softmax_full_f16io_f32acc_ptx_ex2_approx_f16x2_r5,softmax_oratc_targeted_g48s1024_confirm_v1_20260725_sess01_pos3_ptx_f16x2_g48_s1024_cache_reuse_candidate_probe_ptx_f16x2_g48_s00_p05,probe_middle,5,1,10,138846.755686,138846.757071,138846.756379,0.00138560001506,5.01814853298,4952088307,true,true
softmax_1784950118407_softmax_full_f16io_f32acc_ptx_ex2_approx_f16x2_r5,softmax_oratc_targeted_g48s1024_confirm_v1_20260725_sess01_pos3_ptx_f16x2_g48_s1024_cache_reuse_candidate_probe_ptx_f16x2_g48_s00_p05,probe_middle,5,1,11,138847.257218,138847.26134,138847.259279,0.00412180100102,5.52104873449,4952203426,true,true
softmax_1784950118407_softmax_full_f16io_f32acc_ptx_ex2_approx_f16x2_r5,softmax_oratc_targeted_g48s1024_confirm_v1_20260725_sess01_pos3_ptx_f16x2_g48_s1024_cache_reuse_candidate_probe_ptx_f16x2_g48_s00_p05,probe_middle,5,1,12,138847.761473,138847.762865,138847.762169,0.00139190099435,6.02393879049,4952322271,true,true
softmax_1784950118407_softmax_full_f16io_f32acc_ptx_ex2_approx_f16x2_r5,softmax_oratc_targeted_g48s1024_confirm_v1_20260725_sess01_pos3_ptx_f16x2_g48_s1024_cache_reuse_candidate_probe_ptx_f16x2_g48_s00_p05,probe_middle,5,1,13,138848.262996,138848.264386,138848.263691,0.00139079900691,6.52546086448,4952440856,true,true
softmax_1784950118407_softmax_full_f16io_f32acc_ptx_ex2_approx_f16x2_r5,softmax_oratc_targeted_g48s1024_confirm_v1_20260725_sess01_pos3_ptx_f16x2_g48_s1024_cache_reuse_candidate_probe_ptx_f16x2_g48_s00_p05,probe_middle,5,1,14,138848.764537,138848.765936,138848.765237,0.00139939901419,7.02700658649,4952559153,true,true
softmax_1784950118407_softmax_full_f16io_f32acc_ptx_ex2_approx_f16x2_r5,softmax_oratc_targeted_g48s1024_confirm_v1_20260725_sess01_pos3_ptx_f16x2_g48_s1024_cache_reuse_candidate_probe_ptx_f16x2_g48_s00_p05,probe_middle,5,1,15,138849.266097,138849.267474,138849.266786,0.00137739899219,7.5285555085,4952677172,true,true
softmax_1784950118407_softmax_full_f16io_f32acc_ptx_ex2_approx_f16x2_r5,softmax_oratc_targeted_g48s1024_confirm_v1_20260725_sess01_pos3_ptx_f16x2_g48_s1024_cache_reuse_candidate_probe_ptx_f16x2_g48_s00_p05,probe_middle,5,1,16,138849.767683,138849.769,138849.768342,0.00131679899641,8.03011173647,4952794769,true,true
softmax_1784950118407_softmax_full_f16io_f32acc_ptx_ex2_approx_f16x2_r5,softmax_oratc_targeted_g48s1024_confirm_v1_20260725_sess01_pos3_ptx_f16x2_g48_s1024_cache_reuse_candidate_probe_ptx_f16x2_g48_s00_p05,probe_middle,5,1,17,138850.269172,138850.270561,138850.269867,0.00138899902231,8.5316367645,4952911892,true,true
softmax_1784950118407_softmax_full_f16io_f32acc_ptx_ex2_approx_f16x2_r5,softmax_oratc_targeted_g48s1024_confirm_v1_20260725_sess01_pos3_ptx_f16x2_g48_s1024_cache_reuse_candidate_probe_ptx_f16x2_g48_s00_p05,probe_middle,5,1,18,138850.770652,138850.772051,138850.771352,0.00139899898204,9.03312149851,4953028478,true,true
softmax_1784950118407_softmax_full_f16io_f32acc_ptx_ex2_approx_f16x2_r5,softmax_oratc_targeted_g48s1024_confirm_v1_20260725_sess01_pos3_ptx_f16x2_g48_s1024_cache_reuse_candidate_probe_ptx_f16x2_g48_s00_p05,probe_middle,5,1,19,138851.272192,138851.273605,138851.272898,0.00141279899981,9.53466823249,4953144577,true,true
softmax_1784950118407_softmax_full_f16io_f32acc_ptx_ex2_approx_f16x2_r5,softmax_oratc_targeted_g48s1024_confirm_v1_20260725_sess01_pos3_ptx_f16x2_g48_s1024_cache_reuse_candidate_probe_ptx_f16x2_g48_s00_p05,probe_middle,5,1,20,138851.77373,138851.775114,138851.774422,0.00138430099469,10.0361919045,4953260305,true,true
softmax_1784950118407_softmax_full_f16io_f32acc_ptx_ex2_approx_f16x2_r5,softmax_oratc_targeted_g48s1024_confirm_v1_20260725_sess01_pos3_ptx_f16x2_g48_s1024_cache_reuse_candidate_probe_ptx_f16x2_g48_s00_p05,probe_middle,5,1,21,138852.275278,138852.279943,138852.27761,0.00466440201853,10.539380323,4953375706,true,true
softmax_1784950118407_softmax_full_f16io_f32acc_ptx_ex2_approx_f16x2_r5,softmax_oratc_targeted_g48s1024_confirm_v1_20260725_sess01_pos3_ptx_f16x2_g48_s1024_cache_reuse_candidate_probe_ptx_f16x2_g48_s00_p05,probe_middle,5,1,22,138852.780107,138852.781532,138852.780819,0.00142539999797,11.042589296,4953494830,true,true
softmax_1784950118407_softmax_full_f16io_f32acc_ptx_ex2_approx_f16x2_r5,softmax_oratc_targeted_g48s1024_confirm_v1_20260725_sess01_pos3_ptx_f16x2_g48_s1024_cache_reuse_candidate_probe_ptx_f16x2_g48_s00_p05,probe_middle,5,1,23,138853.281667,138853.283026,138853.282346,0.00135909998789,11.544116219,4953613598,true,false
softmax_1784950118407_softmax_full_f16io_f32acc_ptx_ex2_approx_f16x2_r5,softmax_oratc_targeted_g48s1024_confirm_v1_20260725_sess01_pos3_ptx_f16x2_g48_s1024_cache_reuse_candidate_probe_ptx_f16x2_g48_s00_p05,probe_middle,5,1,24,138853.783195,138853.784557,138853.783876,0.00136170099722,12.0456462975,4953730852,true,false
softmax_1784950118407_softmax_full_f16io_f32acc_ptx_ex2_approx_f16x2_r5,softmax_oratc_targeted_g48s1024_confirm_v1_20260725_sess01_pos3_ptx_f16x2_g48_s1024_cache_reuse_candidate_probe_ptx_f16x2_g48_s00_p05,probe_middle,5,1,25,138854.110604,138854.112042,138854.111323,0.00143879998359,12.373092864,4953786902,true,false
softmax_1784950130792_softmax_full_f16io_f32acc_ptx_ex2_approx_f16x2_r5,softmax_oratc_targeted_g48s1024_confirm_v1_20260725_sess01_pos3_ptx_f16x2_g48_s1024_cache_reuse_candidate_probe_ptx_f16x2_g48_s00_p05,full_after,5,2,0,138854.122259,138854.123431,138854.122845,0.00117220098036,-0.000593200529693,4953786902,false,false
softmax_1784950130792_softmax_full_f16io_f32acc_ptx_ex2_approx_f16x2_r5,softmax_oratc_targeted_g48s1024_confirm_v1_20260725_sess01_pos3_ptx_f16x2_g48_s1024_cache_reuse_candidate_probe_ptx_f16x2_g48_s00_p05,full_after,5,2,1,138854.623686,138854.625062,138854.624374,0.00137570098741,0.500935831486,4953895321,true,false
softmax_1784950130792_softmax_full_f16io_f32acc_ptx_ex2_approx_f16x2_r5,softmax_oratc_targeted_g48s1024_confirm_v1_20260725_sess01_pos3_ptx_f16x2_g48_s1024_cache_reuse_candidate_probe_ptx_f16x2_g48_s00_p05,full_after,5,2,2,138855.125195,138855.126568,138855.125882,0.00137339998037,1.00244336599,4954013392,true,false
softmax_1784950130792_softmax_full_f16io_f32acc_ptx_ex2_approx_f16x2_r5,softmax_oratc_targeted_g48s1024_confirm_v1_20260725_sess01_pos3_ptx_f16x2_g48_s1024_cache_reuse_candidate_probe_ptx_f16x2_g48_s00_p05,full_after,5,2,3,138855.626689,138855.628121,138855.627405,0.00143140100408,1.50396675349,4954131148,true,true
softmax_1784950130792_softmax_full_f16io_f32acc_ptx_ex2_approx_f16x2_r5,softmax_oratc_targeted_g48s1024_confirm_v1_20260725_sess01_pos3_ptx_f16x2_g48_s1024_cache_reuse_candidate_probe_ptx_f16x2_g48_s00_p05,full_after,5,2,4,138856.128277,138856.129652,138856.128965,0.00137519900454,2.00552652948,4954248574,true,true
softmax_1784950130792_softmax_full_f16io_f32acc_ptx_ex2_approx_f16x2_r5,softmax_oratc_targeted_g48s1024_confirm_v1_20260725_sess01_pos3_ptx_f16x2_g48_s1024_cache_reuse_candidate_probe_ptx_f16x2_g48_s00_p05,full_after,5,2,5,138856.629776,138856.63116,138856.630468,0.00138469901867,2.50702987949,4954365751,true,true
softmax_1784950130792_softmax_full_f16io_f32acc_ptx_ex2_approx_f16x2_r5,softmax_oratc_targeted_g48s1024_confirm_v1_20260725_sess01_pos3_ptx_f16x2_g48_s1024_cache_reuse_candidate_probe_ptx_f16x2_g48_s00_p05,full_after,5,2,6,138857.131286,138857.132568,138857.131927,0.00128169899108,3.00848868149,4954506719,true,true
softmax_1784950130792_softmax_full_f16io_f32acc_ptx_ex2_approx_f16x2_r5,softmax_oratc_targeted_g48s1024_confirm_v1_20260725_sess01_pos3_ptx_f16x2_g48_s1024_cache_reuse_candidate_probe_ptx_f16x2_g48_s00_p05,full_after,5,2,7,138857.632685,138857.633943,138857.633314,0.00125849898905,3.50987588649,4954627352,true,true
softmax_1784950130792_softmax_full_f16io_f32acc_ptx_ex2_approx_f16x2_r5,softmax_oratc_targeted_g48s1024_confirm_v1_20260725_sess01_pos3_ptx_f16x2_g48_s1024_cache_reuse_candidate_probe_ptx_f16x2_g48_s00_p05,full_after,5,2,8,138858.134079,138858.138043,138858.136061,0.00396479701158,4.0126227435,4954747748,true,true
softmax_1784950130792_softmax_full_f16io_f32acc_ptx_ex2_approx_f16x2_r5,softmax_oratc_targeted_g48s1024_confirm_v1_20260725_sess01_pos3_ptx_f16x2_g48_s1024_cache_reuse_candidate_probe_ptx_f16x2_g48_s00_p05,full_after,5,2,9,138858.638163,138858.639506,138858.638834,0.00134349899599,4.5153962035,4954867543,true,true
softmax_1784950130792_softmax_full_f16io_f32acc_ptx_ex2_approx_f16x2_r5,softmax_oratc_targeted_g48s1024_confirm_v1_20260725_sess01_pos3_ptx_f16x2_g48_s1024_cache_reuse_candidate_probe_ptx_f16x2_g48_s00_p05,full_after,5,2,10,138859.139666,138859.141041,138859.140354,0.00137440001708,5.01691547097,4954986867,true,true
softmax_1784950130792_softmax_full_f16io_f32acc_ptx_ex2_approx_f16x2_r5,softmax_oratc_targeted_g48s1024_confirm_v1_20260725_sess01_pos3_ptx_f16x2_g48_s1024_cache_reuse_candidate_probe_ptx_f16x2_g48_s00_p05,full_after,5,2,11,138859.641195,138859.642629,138859.641912,0.00143419997767,5.51847401899,4955105753,true,true
softmax_1784950130792_softmax_full_f16io_f32acc_ptx_ex2_approx_f16x2_r5,softmax_oratc_targeted_g48s1024_confirm_v1_20260725_sess01_pos3_ptx_f16x2_g48_s1024_cache_reuse_candidate_probe_ptx_f16x2_g48_s00_p05,full_after,5,2,12,138860.142764,138860.144146,138860.143455,0.00138180001522,6.02001696898,4955224309,true,true
softmax_1784950130792_softmax_full_f16io_f32acc_ptx_ex2_approx_f16x2_r5,softmax_oratc_targeted_g48s1024_confirm_v1_20260725_sess01_pos3_ptx_f16x2_g48_s1024_cache_reuse_candidate_probe_ptx_f16x2_g48_s00_p05,full_after,5,2,13,138860.644275,138860.645808,138860.645042,0.00153280099039,6.5216035225,4955342481,true,true
softmax_1784950130792_softmax_full_f16io_f32acc_ptx_ex2_approx_f16x2_r5,softmax_oratc_targeted_g48s1024_confirm_v1_20260725_sess01_pos3_ptx_f16x2_g48_s1024_cache_reuse_candidate_probe_ptx_f16x2_g48_s00_p05,full_after,5,2,14,138861.145935,138861.147325,138861.14663,0.00138920100289,7.02319187848,4955460337,true,true
softmax_1784950130792_softmax_full_f16io_f32acc_ptx_ex2_approx_f16x2_r5,softmax_oratc_targeted_g48s1024_confirm_v1_20260725_sess01_pos3_ptx_f16x2_g48_s1024_cache_reuse_candidate_probe_ptx_f16x2_g48_s00_p05,full_after,5,2,15,138861.647443,138861.648825,138861.648134,0.00138180100475,7.52469573749,4955577805,true,true
softmax_1784950130792_softmax_full_f16io_f32acc_ptx_ex2_approx_f16x2_r5,softmax_oratc_targeted_g48s1024_confirm_v1_20260725_sess01_pos3_ptx_f16x2_g48_s1024_cache_reuse_candidate_probe_ptx_f16x2_g48_s00_p05,full_after,5,2,16,138862.149005,138862.150386,138862.149695,0.00138110000989,8.02625704897,4955694736,true,true
softmax_1784950130792_softmax_full_f16io_f32acc_ptx_ex2_approx_f16x2_r5,softmax_oratc_targeted_g48s1024_confirm_v1_20260725_sess01_pos3_ptx_f16x2_g48_s1024_cache_reuse_candidate_probe_ptx_f16x2_g48_s00_p05,full_after,5,2,17,138862.65051,138862.651903,138862.651206,0.00139350097743,8.5277681135,4955811279,true,true
softmax_1784950130792_softmax_full_f16io_f32acc_ptx_ex2_approx_f16x2_r5,softmax_oratc_targeted_g48s1024_confirm_v1_20260725_sess01_pos3_ptx_f16x2_g48_s1024_cache_reuse_candidate_probe_ptx_f16x2_g48_s00_p05,full_after,5,2,18,138863.152024,138863.156317,138863.15417,0.00429260201054,9.03073213098,4955927301,true,true
softmax_1784950130792_softmax_full_f16io_f32acc_ptx_ex2_approx_f16x2_r5,softmax_oratc_targeted_g48s1024_confirm_v1_20260725_sess01_pos3_ptx_f16x2_g48_s1024_cache_reuse_candidate_probe_ptx_f16x2_g48_s00_p05,full_after,5,2,19,138863.65647,138863.657888,138863.657179,0.00141710098251,9.53374075147,4956047030,true,true
softmax_1784950130792_softmax_full_f16io_f32acc_ptx_ex2_approx_f16x2_r5,softmax_oratc_targeted_g48s1024_confirm_v1_20260725_sess01_pos3_ptx_f16x2_g48_s1024_cache_reuse_candidate_probe_ptx_f16x2_g48_s00_p05,full_after,5,2,20,138864.158054,138864.159417,138864.158736,0.001363399002,10.0352975665,4956166388,true,true
softmax_1784950130792_softmax_full_f16io_f32acc_ptx_ex2_approx_f16x2_r5,softmax_oratc_targeted_g48s1024_confirm_v1_20260725_sess01_pos3_ptx_f16x2_g48_s1024_cache_reuse_candidate_probe_ptx_f16x2_g48_s00_p05,full_after,5,2,21,138864.659512,138864.660869,138864.660191,0.00135669999872,10.536752323,4956285415,true,true
softmax_1784950130792_softmax_full_f16io_f32acc_ptx_ex2_approx_f16x2_r5,softmax_oratc_targeted_g48s1024_confirm_v1_20260725_sess01_pos3_ptx_f16x2_g48_s1024_cache_reuse_candidate_probe_ptx_f16x2_g48_s00_p05,full_after,5,2,22,138865.161,138865.162356,138865.161678,0.00135599900386,11.0382396815,4956404116,true,true
softmax_1784950130792_softmax_full_f16io_f32acc_ptx_ex2_approx_f16x2_r5,softmax_oratc_targeted_g48s1024_confirm_v1_20260725_sess01_pos3_ptx_f16x2_g48_s1024_cache_reuse_candidate_probe_ptx_f16x2_g48_s00_p05,full_after,5,2,23,138865.662502,138865.664035,138865.663269,0.00153259900981,11.5398303935,4956522554,true,false
softmax_1784950130792_softmax_full_f16io_f32acc_ptx_ex2_approx_f16x2_r5,softmax_oratc_targeted_g48s1024_confirm_v1_20260725_sess01_pos3_ptx_f16x2_g48_s1024_cache_reuse_candidate_probe_ptx_f16x2_g48_s00_p05,full_after,5,2,24,138866.164167,138866.16545,138866.164808,0.00128300001961,12.041369807,4956639621,true,false
softmax_1784950130792_softmax_full_f16io_f32acc_ptx_ex2_approx_f16x2_r5,softmax_oratc_targeted_g48s1024_confirm_v1_20260725_sess01_pos3_ptx_f16x2_g48_s1024_cache_reuse_candidate_probe_ptx_f16x2_g48_s00_p05,full_after,5,2,25,138866.517962,138866.519341,138866.518651,0.0013798,12.395213249,4956695358,true,false
