run_id,pair_id,role,repeat,sequence_index,sample_index,query_start_s,query_end_s,query_midpoint_s,query_latency_s,relative_to_kernel_start_s,energy_mJ,changed_from_previous,in_fit_window
softmax_1784950207180_softmax_full_f16io_f32acc_ptx_ex2_approx_f16x2_r0,softmax_oratc_targeted_g48s1024_confirm_v1_20260725_sess02_pos1_ptx_f16x2_g48_s1024_cache_reuse_candidate_probe_ptx_f16x2_g48_s00_p00,probe_before,0,0,0,138930.51028,138930.511477,138930.510879,0.0011974000081,-0.00060639998992,4971075720,false,false
softmax_1784950207180_softmax_full_f16io_f32acc_ptx_ex2_approx_f16x2_r0,softmax_oratc_targeted_g48s1024_confirm_v1_20260725_sess02_pos1_ptx_f16x2_g48_s1024_cache_reuse_candidate_probe_ptx_f16x2_g48_s00_p00,probe_before,0,0,1,138931.012425,138931.015976,138931.0142,0.0035511009919,0.502715348528,4971194320,true,false
softmax_1784950207180_softmax_full_f16io_f32acc_ptx_ex2_approx_f16x2_r0,softmax_oratc_targeted_g48s1024_confirm_v1_20260725_sess02_pos1_ptx_f16x2_g48_s1024_cache_reuse_candidate_probe_ptx_f16x2_g48_s00_p00,probe_before,0,0,2,138931.516142,138931.517549,138931.516846,0.00140760000795,1.005360599,4971313126,true,false
softmax_1784950207180_softmax_full_f16io_f32acc_ptx_ex2_approx_f16x2_r0,softmax_oratc_targeted_g48s1024_confirm_v1_20260725_sess02_pos1_ptx_f16x2_g48_s1024_cache_reuse_candidate_probe_ptx_f16x2_g48_s00_p00,probe_before,0,0,3,138932.01771,138932.019108,138932.018409,0.0013978999923,1.50692385199,4971431442,true,true
softmax_1784950207180_softmax_full_f16io_f32acc_ptx_ex2_approx_f16x2_r0,softmax_oratc_targeted_g48s1024_confirm_v1_20260725_sess02_pos1_ptx_f16x2_g48_s1024_cache_reuse_candidate_probe_ptx_f16x2_g48_s00_p00,probe_before,0,0,4,138932.519269,138932.520603,138932.519936,0.00133440000354,2.00845090699,4971549235,true,true
softmax_1784950207180_softmax_full_f16io_f32acc_ptx_ex2_approx_f16x2_r0,softmax_oratc_targeted_g48s1024_confirm_v1_20260725_sess02_pos1_ptx_f16x2_g48_s1024_cache_reuse_candidate_probe_ptx_f16x2_g48_s00_p00,probe_before,0,0,5,138933.020729,138933.022102,138933.021415,0.00137290099519,2.50993016452,4971666599,true,true
softmax_1784950207180_softmax_full_f16io_f32acc_ptx_ex2_approx_f16x2_r0,softmax_oratc_targeted_g48s1024_confirm_v1_20260725_sess02_pos1_ptx_f16x2_g48_s1024_cache_reuse_candidate_probe_ptx_f16x2_g48_s00_p00,probe_before,0,0,6,138933.522217,138933.523555,138933.522886,0.00133729999652,3.01140097401,4971783477,true,true
softmax_1784950207180_softmax_full_f16io_f32acc_ptx_ex2_approx_f16x2_r0,softmax_oratc_targeted_g48s1024_confirm_v1_20260725_sess02_pos1_ptx_f16x2_g48_s1024_cache_reuse_candidate_probe_ptx_f16x2_g48_s00_p00,probe_before,0,0,7,138934.02368,138934.025043,138934.024361,0.00136229998316,3.51287648702,4971900120,true,true
softmax_1784950207180_softmax_full_f16io_f32acc_ptx_ex2_approx_f16x2_r0,softmax_oratc_targeted_g48s1024_confirm_v1_20260725_sess02_pos1_ptx_f16x2_g48_s1024_cache_reuse_candidate_probe_ptx_f16x2_g48_s00_p00,probe_before,0,0,8,138934.525184,138934.526516,138934.52585,0.00133180100238,4.0143651515,4972016550,true,true
softmax_1784950207180_softmax_full_f16io_f32acc_ptx_ex2_approx_f16x2_r0,softmax_oratc_targeted_g48s1024_confirm_v1_20260725_sess02_pos1_ptx_f16x2_g48_s1024_cache_reuse_candidate_probe_ptx_f16x2_g48_s00_p00,probe_before,0,0,9,138935.026639,138935.028024,138935.027332,0.00138500001049,4.51584686901,4972132658,true,true
softmax_1784950207180_softmax_full_f16io_f32acc_ptx_ex2_approx_f16x2_r0,softmax_oratc_targeted_g48s1024_confirm_v1_20260725_sess02_pos1_ptx_f16x2_g48_s1024_cache_reuse_candidate_probe_ptx_f16x2_g48_s00_p00,probe_before,0,0,10,138935.528147,138935.529536,138935.528842,0.00138880001032,5.01735688801,4972248445,true,true
softmax_1784950207180_softmax_full_f16io_f32acc_ptx_ex2_approx_f16x2_r0,softmax_oratc_targeted_g48s1024_confirm_v1_20260725_sess02_pos1_ptx_f16x2_g48_s1024_cache_reuse_candidate_probe_ptx_f16x2_g48_s00_p00,probe_before,0,0,11,138936.029664,138936.033725,138936.031695,0.004061301006,5.52020986049,4972363627,true,true
softmax_1784950207180_softmax_full_f16io_f32acc_ptx_ex2_approx_f16x2_r0,softmax_oratc_targeted_g48s1024_confirm_v1_20260725_sess02_pos1_ptx_f16x2_g48_s1024_cache_reuse_candidate_probe_ptx_f16x2_g48_s00_p00,probe_before,0,0,12,138936.53388,138936.535285,138936.534582,0.00140509998892,6.02309726301,4972482528,true,true
softmax_1784950207180_softmax_full_f16io_f32acc_ptx_ex2_approx_f16x2_r0,softmax_oratc_targeted_g48s1024_confirm_v1_20260725_sess02_pos1_ptx_f16x2_g48_s1024_cache_reuse_candidate_probe_ptx_f16x2_g48_s00_p00,probe_before,0,0,13,138937.035401,138937.036873,138937.036137,0.00147170000128,6.524652258,4972600942,true,true
softmax_1784950207180_softmax_full_f16io_f32acc_ptx_ex2_approx_f16x2_r0,softmax_oratc_targeted_g48s1024_confirm_v1_20260725_sess02_pos1_ptx_f16x2_g48_s1024_cache_reuse_candidate_probe_ptx_f16x2_g48_s00_p00,probe_before,0,0,14,138937.537003,138937.538362,138937.537682,0.00135869998485,7.02619725501,4972718888,true,true
softmax_1784950207180_softmax_full_f16io_f32acc_ptx_ex2_approx_f16x2_r0,softmax_oratc_targeted_g48s1024_confirm_v1_20260725_sess02_pos1_ptx_f16x2_g48_s1024_cache_reuse_candidate_probe_ptx_f16x2_g48_s00_p00,probe_before,0,0,15,138938.038481,138938.039856,138938.039169,0.00137549900683,7.52768375451,4972836545,true,true
softmax_1784950207180_softmax_full_f16io_f32acc_ptx_ex2_approx_f16x2_r0,softmax_oratc_targeted_g48s1024_confirm_v1_20260725_sess02_pos1_ptx_f16x2_g48_s1024_cache_reuse_candidate_probe_ptx_f16x2_g48_s00_p00,probe_before,0,0,16,138938.539982,138938.541387,138938.540685,0.0014053999912,8.02919960601,4972953962,true,true
softmax_1784950207180_softmax_full_f16io_f32acc_ptx_ex2_approx_f16x2_r0,softmax_oratc_targeted_g48s1024_confirm_v1_20260725_sess02_pos1_ptx_f16x2_g48_s1024_cache_reuse_candidate_probe_ptx_f16x2_g48_s00_p00,probe_before,0,0,17,138939.041522,138939.042936,138939.042229,0.00141369999619,8.53074436099,4973071058,true,true
softmax_1784950207180_softmax_full_f16io_f32acc_ptx_ex2_approx_f16x2_r0,softmax_oratc_targeted_g48s1024_confirm_v1_20260725_sess02_pos1_ptx_f16x2_g48_s1024_cache_reuse_candidate_probe_ptx_f16x2_g48_s00_p00,probe_before,0,0,18,138939.54306,138939.544398,138939.543729,0.00133820000337,9.032244417,4973187798,true,true
softmax_1784950207180_softmax_full_f16io_f32acc_ptx_ex2_approx_f16x2_r0,softmax_oratc_targeted_g48s1024_confirm_v1_20260725_sess02_pos1_ptx_f16x2_g48_s1024_cache_reuse_candidate_probe_ptx_f16x2_g48_s00_p00,probe_before,0,0,19,138940.044525,138940.045925,138940.045225,0.00139959901571,9.5337401265,4973304007,true,true
softmax_1784950207180_softmax_full_f16io_f32acc_ptx_ex2_approx_f16x2_r0,softmax_oratc_targeted_g48s1024_confirm_v1_20260725_sess02_pos1_ptx_f16x2_g48_s1024_cache_reuse_candidate_probe_ptx_f16x2_g48_s00_p00,probe_before,0,0,20,138940.546056,138940.547466,138940.546761,0.00140929999179,10.035276088,4973419831,true,true
softmax_1784950207180_softmax_full_f16io_f32acc_ptx_ex2_approx_f16x2_r0,softmax_oratc_targeted_g48s1024_confirm_v1_20260725_sess02_pos1_ptx_f16x2_g48_s1024_cache_reuse_candidate_probe_ptx_f16x2_g48_s00_p00,probe_before,0,0,21,138941.04765,138941.052427,138941.050038,0.00477669900283,10.5385535015,4973535166,true,true
softmax_1784950207180_softmax_full_f16io_f32acc_ptx_ex2_approx_f16x2_r0,softmax_oratc_targeted_g48s1024_confirm_v1_20260725_sess02_pos1_ptx_f16x2_g48_s1024_cache_reuse_candidate_probe_ptx_f16x2_g48_s00_p00,probe_before,0,0,22,138941.552586,138941.553958,138941.553272,0.00137189999805,11.041786817,4973653996,true,true
softmax_1784950207180_softmax_full_f16io_f32acc_ptx_ex2_approx_f16x2_r0,softmax_oratc_targeted_g48s1024_confirm_v1_20260725_sess02_pos1_ptx_f16x2_g48_s1024_cache_reuse_candidate_probe_ptx_f16x2_g48_s00_p00,probe_before,0,0,23,138942.054086,138942.055478,138942.054782,0.00139290001243,11.543297036,4973772511,true,false
softmax_1784950207180_softmax_full_f16io_f32acc_ptx_ex2_approx_f16x2_r0,softmax_oratc_targeted_g48s1024_confirm_v1_20260725_sess02_pos1_ptx_f16x2_g48_s1024_cache_reuse_candidate_probe_ptx_f16x2_g48_s00_p00,probe_before,0,0,24,138942.555598,138942.556953,138942.556276,0.00135510001564,12.044790818,4973890177,true,false
softmax_1784950207180_softmax_full_f16io_f32acc_ptx_ex2_approx_f16x2_r0,softmax_oratc_targeted_g48s1024_confirm_v1_20260725_sess02_pos1_ptx_f16x2_g48_s1024_cache_reuse_candidate_probe_ptx_f16x2_g48_s00_p00,probe_before,0,0,25,138942.818866,138942.820265,138942.819565,0.0013985009864,12.3080804265,4973948332,true,false
softmax_1784950219501_softmax_full_f16io_f32acc_ptx_ex2_approx_f16x2_r0,softmax_oratc_targeted_g48s1024_confirm_v1_20260725_sess02_pos1_ptx_f16x2_g48_s1024_cache_reuse_candidate_probe_ptx_f16x2_g48_s00_p00,full,0,1,0,138942.828209,138942.831989,138942.830099,0.0037793009833,-0.00189515048987,4973948332,false,false
softmax_1784950219501_softmax_full_f16io_f32acc_ptx_ex2_approx_f16x2_r0,softmax_oratc_targeted_g48s1024_confirm_v1_20260725_sess02_pos1_ptx_f16x2_g48_s1024_cache_reuse_candidate_probe_ptx_f16x2_g48_s00_p00,full,0,1,1,138943.332345,138943.333723,138943.333034,0.00137830100721,0.50103955649,4974061978,true,false
softmax_1784950219501_softmax_full_f16io_f32acc_ptx_ex2_approx_f16x2_r0,softmax_oratc_targeted_g48s1024_confirm_v1_20260725_sess02_pos1_ptx_f16x2_g48_s1024_cache_reuse_candidate_probe_ptx_f16x2_g48_s00_p00,full,0,1,2,138943.833841,138943.835146,138943.834493,0.00130460000946,1.00249921801,4974181122,true,false
softmax_1784950219501_softmax_full_f16io_f32acc_ptx_ex2_approx_f16x2_r0,softmax_oratc_targeted_g48s1024_confirm_v1_20260725_sess02_pos1_ptx_f16x2_g48_s1024_cache_reuse_candidate_probe_ptx_f16x2_g48_s00_p00,full,0,1,3,138944.335265,138944.336675,138944.33597,0.00141069799429,1.50397588799,4974299888,true,true
softmax_1784950219501_softmax_full_f16io_f32acc_ptx_ex2_approx_f16x2_r0,softmax_oratc_targeted_g48s1024_confirm_v1_20260725_sess02_pos1_ptx_f16x2_g48_s1024_cache_reuse_candidate_probe_ptx_f16x2_g48_s00_p00,full,0,1,4,138944.836801,138944.838149,138944.837475,0.00134799801162,2.00548106097,4974418264,true,true
softmax_1784950219501_softmax_full_f16io_f32acc_ptx_ex2_approx_f16x2_r0,softmax_oratc_targeted_g48s1024_confirm_v1_20260725_sess02_pos1_ptx_f16x2_g48_s1024_cache_reuse_candidate_probe_ptx_f16x2_g48_s00_p00,full,0,1,5,138945.33827,138945.339614,138945.338942,0.00134389800951,2.50694813399,4974536139,true,true
softmax_1784950219501_softmax_full_f16io_f32acc_ptx_ex2_approx_f16x2_r0,softmax_oratc_targeted_g48s1024_confirm_v1_20260725_sess02_pos1_ptx_f16x2_g48_s1024_cache_reuse_candidate_probe_ptx_f16x2_g48_s00_p00,full,0,1,6,138945.839742,138945.841121,138945.840431,0.00137949798955,3.008437262,4974653577,true,true
softmax_1784950219501_softmax_full_f16io_f32acc_ptx_ex2_approx_f16x2_r0,softmax_oratc_targeted_g48s1024_confirm_v1_20260725_sess02_pos1_ptx_f16x2_g48_s1024_cache_reuse_candidate_probe_ptx_f16x2_g48_s00_p00,full,0,1,7,138946.341254,138946.3427,138946.341977,0.00144569700933,3.50998298949,4974770672,true,true
softmax_1784950219501_softmax_full_f16io_f32acc_ptx_ex2_approx_f16x2_r0,softmax_oratc_targeted_g48s1024_confirm_v1_20260725_sess02_pos1_ptx_f16x2_g48_s1024_cache_reuse_candidate_probe_ptx_f16x2_g48_s00_p00,full,0,1,8,138946.842856,138946.844217,138946.843536,0.00136049801949,4.011542222,4974887499,true,true
softmax_1784950219501_softmax_full_f16io_f32acc_ptx_ex2_approx_f16x2_r0,softmax_oratc_targeted_g48s1024_confirm_v1_20260725_sess02_pos1_ptx_f16x2_g48_s1024_cache_reuse_candidate_probe_ptx_f16x2_g48_s00_p00,full,0,1,9,138947.344351,138947.345719,138947.345035,0.00136819700128,4.51304110451,4975003997,true,true
softmax_1784950219501_softmax_full_f16io_f32acc_ptx_ex2_approx_f16x2_r0,softmax_oratc_targeted_g48s1024_confirm_v1_20260725_sess02_pos1_ptx_f16x2_g48_s1024_cache_reuse_candidate_probe_ptx_f16x2_g48_s00_p00,full,0,1,10,138947.845841,138947.850383,138947.848112,0.00454180099769,5.01611765349,4975120141,true,true
softmax_1784950219501_softmax_full_f16io_f32acc_ptx_ex2_approx_f16x2_r0,softmax_oratc_targeted_g48s1024_confirm_v1_20260725_sess02_pos1_ptx_f16x2_g48_s1024_cache_reuse_candidate_probe_ptx_f16x2_g48_s00_p00,full,0,1,11,138948.350548,138948.351961,138948.351255,0.00141290097963,5.51926055949,4975239996,true,true
softmax_1784950219501_softmax_full_f16io_f32acc_ptx_ex2_approx_f16x2_r0,softmax_oratc_targeted_g48s1024_confirm_v1_20260725_sess02_pos1_ptx_f16x2_g48_s1024_cache_reuse_candidate_probe_ptx_f16x2_g48_s00_p00,full,0,1,12,138948.852122,138948.853542,138948.852832,0.00141969998367,6.02083771999,4975359283,true,true
softmax_1784950219501_softmax_full_f16io_f32acc_ptx_ex2_approx_f16x2_r0,softmax_oratc_targeted_g48s1024_confirm_v1_20260725_sess02_pos1_ptx_f16x2_g48_s1024_cache_reuse_candidate_probe_ptx_f16x2_g48_s00_p00,full,0,1,13,138949.35367,138949.355005,138949.354337,0.00133519998053,6.52234333,4975478084,true,true
softmax_1784950219501_softmax_full_f16io_f32acc_ptx_ex2_approx_f16x2_r0,softmax_oratc_targeted_g48s1024_confirm_v1_20260725_sess02_pos1_ptx_f16x2_g48_s1024_cache_reuse_candidate_probe_ptx_f16x2_g48_s00_p00,full,0,1,14,138949.85513,138949.857145,138949.856137,0.00201450099121,7.02414324551,4975596429,true,true
softmax_1784950219501_softmax_full_f16io_f32acc_ptx_ex2_approx_f16x2_r0,softmax_oratc_targeted_g48s1024_confirm_v1_20260725_sess02_pos1_ptx_f16x2_g48_s1024_cache_reuse_candidate_probe_ptx_f16x2_g48_s00_p00,full,0,1,15,138950.357307,138950.358713,138950.35801,0.00140590098454,7.5260162105,4975714275,true,true
softmax_1784950219501_softmax_full_f16io_f32acc_ptx_ex2_approx_f16x2_r0,softmax_oratc_targeted_g48s1024_confirm_v1_20260725_sess02_pos1_ptx_f16x2_g48_s1024_cache_reuse_candidate_probe_ptx_f16x2_g48_s00_p00,full,0,1,16,138950.858859,138950.86025,138950.859554,0.0013908999972,8.02756028,4975831840,true,true
softmax_1784950219501_softmax_full_f16io_f32acc_ptx_ex2_approx_f16x2_r0,softmax_oratc_targeted_g48s1024_confirm_v1_20260725_sess02_pos1_ptx_f16x2_g48_s1024_cache_reuse_candidate_probe_ptx_f16x2_g48_s00_p00,full,0,1,17,138951.360417,138951.361814,138951.361116,0.00139700001455,8.5291215,4975948960,true,true
softmax_1784950219501_softmax_full_f16io_f32acc_ptx_ex2_approx_f16x2_r0,softmax_oratc_targeted_g48s1024_confirm_v1_20260725_sess02_pos1_ptx_f16x2_g48_s1024_cache_reuse_candidate_probe_ptx_f16x2_g48_s00_p00,full,0,1,18,138951.86197,138951.863347,138951.862658,0.0013778010034,9.0306642745,4976065721,true,true
softmax_1784950219501_softmax_full_f16io_f32acc_ptx_ex2_approx_f16x2_r0,softmax_oratc_targeted_g48s1024_confirm_v1_20260725_sess02_pos1_ptx_f16x2_g48_s1024_cache_reuse_candidate_probe_ptx_f16x2_g48_s00_p00,full,0,1,19,138952.363509,138952.36901,138952.366259,0.00550080099492,9.53426500151,4976182064,true,true
softmax_1784950219501_softmax_full_f16io_f32acc_ptx_ex2_approx_f16x2_r0,softmax_oratc_targeted_g48s1024_confirm_v1_20260725_sess02_pos1_ptx_f16x2_g48_s1024_cache_reuse_candidate_probe_ptx_f16x2_g48_s00_p00,full,0,1,20,138952.869174,138952.870508,138952.869841,0.00133349999669,10.037847049,4976301766,true,true
softmax_1784950219501_softmax_full_f16io_f32acc_ptx_ex2_approx_f16x2_r0,softmax_oratc_targeted_g48s1024_confirm_v1_20260725_sess02_pos1_ptx_f16x2_g48_s1024_cache_reuse_candidate_probe_ptx_f16x2_g48_s00_p00,full,0,1,21,138953.370675,138953.372073,138953.371374,0.00139710001531,10.539379846,4976421057,true,true
softmax_1784950219501_softmax_full_f16io_f32acc_ptx_ex2_approx_f16x2_r0,softmax_oratc_targeted_g48s1024_confirm_v1_20260725_sess02_pos1_ptx_f16x2_g48_s1024_cache_reuse_candidate_probe_ptx_f16x2_g48_s00_p00,full,0,1,22,138953.872224,138953.873604,138953.872914,0.00138000102015,11.0409200975,4976539848,true,true
softmax_1784950219501_softmax_full_f16io_f32acc_ptx_ex2_approx_f16x2_r0,softmax_oratc_targeted_g48s1024_confirm_v1_20260725_sess02_pos1_ptx_f16x2_g48_s1024_cache_reuse_candidate_probe_ptx_f16x2_g48_s00_p00,full,0,1,23,138954.373773,138954.375124,138954.374449,0.00135019997833,11.542454399,4976658280,true,false
softmax_1784950219501_softmax_full_f16io_f32acc_ptx_ex2_approx_f16x2_r0,softmax_oratc_targeted_g48s1024_confirm_v1_20260725_sess02_pos1_ptx_f16x2_g48_s1024_cache_reuse_candidate_probe_ptx_f16x2_g48_s00_p00,full,0,1,24,138954.875274,138954.876674,138954.875974,0.00139950000448,12.043979855,4976776236,true,false
softmax_1784950219501_softmax_full_f16io_f32acc_ptx_ex2_approx_f16x2_r0,softmax_oratc_targeted_g48s1024_confirm_v1_20260725_sess02_pos1_ptx_f16x2_g48_s1024_cache_reuse_candidate_probe_ptx_f16x2_g48_s00_p00,full,0,1,25,138955.18141,138955.182719,138955.182064,0.00130879998324,12.35007017,4976836674,true,false
softmax_1784950231863_softmax_full_f16io_f32acc_ptx_ex2_approx_f16x2_r0,softmax_oratc_targeted_g48s1024_confirm_v1_20260725_sess02_pos1_ptx_f16x2_g48_s1024_cache_reuse_candidate_probe_ptx_f16x2_g48_s00_p00,probe_after,0,2,0,138955.192551,138955.193759,138955.193155,0.00120769999921,-0.00060944998404,4976836674,false,false
softmax_1784950231863_softmax_full_f16io_f32acc_ptx_ex2_approx_f16x2_r0,softmax_oratc_targeted_g48s1024_confirm_v1_20260725_sess02_pos1_ptx_f16x2_g48_s1024_cache_reuse_candidate_probe_ptx_f16x2_g48_s00_p00,probe_after,0,2,1,138955.694087,138955.695481,138955.694784,0.00139440101339,0.501019409508,4976944396,true,false
softmax_1784950231863_softmax_full_f16io_f32acc_ptx_ex2_approx_f16x2_r0,softmax_oratc_targeted_g48s1024_confirm_v1_20260725_sess02_pos1_ptx_f16x2_g48_s1024_cache_reuse_candidate_probe_ptx_f16x2_g48_s00_p00,probe_after,0,2,2,138956.195645,138956.197086,138956.196365,0.00144140000339,1.00260111998,4977061532,true,false
softmax_1784950231863_softmax_full_f16io_f32acc_ptx_ex2_approx_f16x2_r0,softmax_oratc_targeted_g48s1024_confirm_v1_20260725_sess02_pos1_ptx_f16x2_g48_s1024_cache_reuse_candidate_probe_ptx_f16x2_g48_s00_p00,probe_after,0,2,3,138956.697203,138956.698694,138956.697949,0.00149120000424,1.50418433402,4977178325,true,true
softmax_1784950231863_softmax_full_f16io_f32acc_ptx_ex2_approx_f16x2_r0,softmax_oratc_targeted_g48s1024_confirm_v1_20260725_sess02_pos1_ptx_f16x2_g48_s1024_cache_reuse_candidate_probe_ptx_f16x2_g48_s00_p00,probe_after,0,2,4,138957.198821,138957.200195,138957.199508,0.00137450100738,2.0057434995,4977294622,true,true
softmax_1784950231863_softmax_full_f16io_f32acc_ptx_ex2_approx_f16x2_r0,softmax_oratc_targeted_g48s1024_confirm_v1_20260725_sess02_pos1_ptx_f16x2_g48_s1024_cache_reuse_candidate_probe_ptx_f16x2_g48_s00_p00,probe_after,0,2,5,138957.700314,138957.701653,138957.700984,0.00133910001023,2.50721921801,4977434384,true,true
softmax_1784950231863_softmax_full_f16io_f32acc_ptx_ex2_approx_f16x2_r0,softmax_oratc_targeted_g48s1024_confirm_v1_20260725_sess02_pos1_ptx_f16x2_g48_s1024_cache_reuse_candidate_probe_ptx_f16x2_g48_s00_p00,probe_after,0,2,6,138958.201777,138958.207692,138958.204734,0.00591450100183,3.01097013848,4977554130,true,true
softmax_1784950231863_softmax_full_f16io_f32acc_ptx_ex2_approx_f16x2_r0,softmax_oratc_targeted_g48s1024_confirm_v1_20260725_sess02_pos1_ptx_f16x2_g48_s1024_cache_reuse_candidate_probe_ptx_f16x2_g48_s00_p00,probe_after,0,2,7,138958.707824,138958.709207,138958.708515,0.00138249999145,3.514751062,4977672991,true,true
softmax_1784950231863_softmax_full_f16io_f32acc_ptx_ex2_approx_f16x2_r0,softmax_oratc_targeted_g48s1024_confirm_v1_20260725_sess02_pos1_ptx_f16x2_g48_s1024_cache_reuse_candidate_probe_ptx_f16x2_g48_s00_p00,probe_after,0,2,8,138959.209343,138959.210716,138959.21003,0.00137310099672,4.01626518648,4977791554,true,true
softmax_1784950231863_softmax_full_f16io_f32acc_ptx_ex2_approx_f16x2_r0,softmax_oratc_targeted_g48s1024_confirm_v1_20260725_sess02_pos1_ptx_f16x2_g48_s1024_cache_reuse_candidate_probe_ptx_f16x2_g48_s00_p00,probe_after,0,2,9,138959.710891,138959.712255,138959.711573,0.0013641010155,4.5178085145,4977909858,true,true
softmax_1784950231863_softmax_full_f16io_f32acc_ptx_ex2_approx_f16x2_r0,softmax_oratc_targeted_g48s1024_confirm_v1_20260725_sess02_pos1_ptx_f16x2_g48_s1024_cache_reuse_candidate_probe_ptx_f16x2_g48_s00_p00,probe_after,0,2,10,138960.212384,138960.213773,138960.213078,0.00138959998731,5.019314067,4978027711,true,true
softmax_1784950231863_softmax_full_f16io_f32acc_ptx_ex2_approx_f16x2_r0,softmax_oratc_targeted_g48s1024_confirm_v1_20260725_sess02_pos1_ptx_f16x2_g48_s1024_cache_reuse_candidate_probe_ptx_f16x2_g48_s00_p00,probe_after,0,2,11,138960.713934,138960.715307,138960.714621,0.00137290099519,5.5208562435,4978145048,true,true
softmax_1784950231863_softmax_full_f16io_f32acc_ptx_ex2_approx_f16x2_r0,softmax_oratc_targeted_g48s1024_confirm_v1_20260725_sess02_pos1_ptx_f16x2_g48_s1024_cache_reuse_candidate_probe_ptx_f16x2_g48_s00_p00,probe_after,0,2,12,138961.215481,138961.216887,138961.216184,0.00140569999348,6.022419972,4978261965,true,true
softmax_1784950231863_softmax_full_f16io_f32acc_ptx_ex2_approx_f16x2_r0,softmax_oratc_targeted_g48s1024_confirm_v1_20260725_sess02_pos1_ptx_f16x2_g48_s1024_cache_reuse_candidate_probe_ptx_f16x2_g48_s00_p00,probe_after,0,2,13,138961.717019,138961.718396,138961.717707,0.0013772000093,6.52394315301,4978378328,true,true
softmax_1784950231863_softmax_full_f16io_f32acc_ptx_ex2_approx_f16x2_r0,softmax_oratc_targeted_g48s1024_confirm_v1_20260725_sess02_pos1_ptx_f16x2_g48_s1024_cache_reuse_candidate_probe_ptx_f16x2_g48_s00_p00,probe_after,0,2,14,138962.218556,138962.219933,138962.219244,0.00137789998553,7.02548013598,4978494225,true,true
softmax_1784950231863_softmax_full_f16io_f32acc_ptx_ex2_approx_f16x2_r0,softmax_oratc_targeted_g48s1024_confirm_v1_20260725_sess02_pos1_ptx_f16x2_g48_s1024_cache_reuse_candidate_probe_ptx_f16x2_g48_s00_p00,probe_after,0,2,15,138962.72005,138962.721419,138962.720734,0.00136910000583,7.52697017201,4978609872,true,true
softmax_1784950231863_softmax_full_f16io_f32acc_ptx_ex2_approx_f16x2_r0,softmax_oratc_targeted_g48s1024_confirm_v1_20260725_sess02_pos1_ptx_f16x2_g48_s1024_cache_reuse_candidate_probe_ptx_f16x2_g48_s00_p00,probe_after,0,2,16,138963.221575,138963.225843,138963.223709,0.00426740001421,8.02994465901,4978725172,true,true
softmax_1784950231863_softmax_full_f16io_f32acc_ptx_ex2_approx_f16x2_r0,softmax_oratc_targeted_g48s1024_confirm_v1_20260725_sess02_pos1_ptx_f16x2_g48_s1024_cache_reuse_candidate_probe_ptx_f16x2_g48_s00_p00,probe_after,0,2,17,138963.72601,138963.727406,138963.726708,0.00139599997783,8.53294390001,4978844282,true,true
softmax_1784950231863_softmax_full_f16io_f32acc_ptx_ex2_approx_f16x2_r0,softmax_oratc_targeted_g48s1024_confirm_v1_20260725_sess02_pos1_ptx_f16x2_g48_s1024_cache_reuse_candidate_probe_ptx_f16x2_g48_s00_p00,probe_after,0,2,18,138964.227535,138964.228881,138964.228208,0.00134610000532,9.03444339201,4978963060,true,true
softmax_1784950231863_softmax_full_f16io_f32acc_ptx_ex2_approx_f16x2_r0,softmax_oratc_targeted_g48s1024_confirm_v1_20260725_sess02_pos1_ptx_f16x2_g48_s1024_cache_reuse_candidate_probe_ptx_f16x2_g48_s00_p00,probe_after,0,2,19,138964.72906,138964.730459,138964.72976,0.00139849999687,9.53599533701,4979081348,true,true
softmax_1784950231863_softmax_full_f16io_f32acc_ptx_ex2_approx_f16x2_r0,softmax_oratc_targeted_g48s1024_confirm_v1_20260725_sess02_pos1_ptx_f16x2_g48_s1024_cache_reuse_candidate_probe_ptx_f16x2_g48_s00_p00,probe_after,0,2,20,138965.230616,138965.231981,138965.231298,0.00136490000295,10.037533983,4979199094,true,true
softmax_1784950231863_softmax_full_f16io_f32acc_ptx_ex2_approx_f16x2_r0,softmax_oratc_targeted_g48s1024_confirm_v1_20260725_sess02_pos1_ptx_f16x2_g48_s1024_cache_reuse_candidate_probe_ptx_f16x2_g48_s00_p00,probe_after,0,2,21,138965.732143,138965.733534,138965.732839,0.00139109999873,10.539074533,4979316338,true,true
softmax_1784950231863_softmax_full_f16io_f32acc_ptx_ex2_approx_f16x2_r0,softmax_oratc_targeted_g48s1024_confirm_v1_20260725_sess02_pos1_ptx_f16x2_g48_s1024_cache_reuse_candidate_probe_ptx_f16x2_g48_s00_p00,probe_after,0,2,22,138966.233671,138966.235238,138966.234454,0.0015666000254,11.040689934,4979433034,true,true
softmax_1784950231863_softmax_full_f16io_f32acc_ptx_ex2_approx_f16x2_r0,softmax_oratc_targeted_g48s1024_confirm_v1_20260725_sess02_pos1_ptx_f16x2_g48_s1024_cache_reuse_candidate_probe_ptx_f16x2_g48_s00_p00,probe_after,0,2,23,138966.735379,138966.736762,138966.736071,0.00138360098936,11.5423061885,4979549333,true,false
softmax_1784950231863_softmax_full_f16io_f32acc_ptx_ex2_approx_f16x2_r0,softmax_oratc_targeted_g48s1024_confirm_v1_20260725_sess02_pos1_ptx_f16x2_g48_s1024_cache_reuse_candidate_probe_ptx_f16x2_g48_s00_p00,probe_after,0,2,24,138967.236931,138967.2383,138967.237615,0.00136900000507,12.043850944,4979664672,true,false
softmax_1784950231863_softmax_full_f16io_f32acc_ptx_ex2_approx_f16x2_r0,softmax_oratc_targeted_g48s1024_confirm_v1_20260725_sess02_pos1_ptx_f16x2_g48_s1024_cache_reuse_candidate_probe_ptx_f16x2_g48_s00_p00,probe_after,0,2,25,138967.508438,138967.509836,138967.509137,0.00139820002369,12.315372675,4979720581,true,false
softmax_1784950244187_softmax_full_f16io_f32acc_ptx_ex2_approx_f16x2_r1,softmax_oratc_targeted_g48s1024_confirm_v1_20260725_sess02_pos1_ptx_f16x2_g48_s1024_cache_reuse_candidate_probe_ptx_f16x2_g48_s00_p01,full_before,1,0,0,138967.51734,138967.518495,138967.517917,0.00115530000767,-0.000583749992074,4979720581,false,false
softmax_1784950244187_softmax_full_f16io_f32acc_ptx_ex2_approx_f16x2_r1,softmax_oratc_targeted_g48s1024_confirm_v1_20260725_sess02_pos1_ptx_f16x2_g48_s1024_cache_reuse_candidate_probe_ptx_f16x2_g48_s00_p01,full_before,1,0,1,138968.01882,138968.02387,138968.021345,0.00505000099656,0.502843460476,4979835605,true,false
softmax_1784950244187_softmax_full_f16io_f32acc_ptx_ex2_approx_f16x2_r1,softmax_oratc_targeted_g48s1024_confirm_v1_20260725_sess02_pos1_ptx_f16x2_g48_s1024_cache_reuse_candidate_probe_ptx_f16x2_g48_s00_p01,full_before,1,0,2,138968.523974,138968.525299,138968.524637,0.00132480001776,1.006135498,4979955288,true,false
softmax_1784950244187_softmax_full_f16io_f32acc_ptx_ex2_approx_f16x2_r1,softmax_oratc_targeted_g48s1024_confirm_v1_20260725_sess02_pos1_ptx_f16x2_g48_s1024_cache_reuse_candidate_probe_ptx_f16x2_g48_s00_p01,full_before,1,0,3,138969.025433,138969.026784,138969.026108,0.00135119998595,1.507607234,4980074627,true,true
softmax_1784950244187_softmax_full_f16io_f32acc_ptx_ex2_approx_f16x2_r1,softmax_oratc_targeted_g48s1024_confirm_v1_20260725_sess02_pos1_ptx_f16x2_g48_s1024_cache_reuse_candidate_probe_ptx_f16x2_g48_s00_p01,full_before,1,0,4,138969.526902,138969.528298,138969.5276,0.00139650001074,2.00909912202,4980193541,true,true
softmax_1784950244187_softmax_full_f16io_f32acc_ptx_ex2_approx_f16x2_r1,softmax_oratc_targeted_g48s1024_confirm_v1_20260725_sess02_pos1_ptx_f16x2_g48_s1024_cache_reuse_candidate_probe_ptx_f16x2_g48_s00_p01,full_before,1,0,5,138970.028415,138970.029767,138970.029091,0.00135219999356,2.510589713,4980312004,true,true
softmax_1784950244187_softmax_full_f16io_f32acc_ptx_ex2_approx_f16x2_r1,softmax_oratc_targeted_g48s1024_confirm_v1_20260725_sess02_pos1_ptx_f16x2_g48_s1024_cache_reuse_candidate_probe_ptx_f16x2_g48_s00_p01,full_before,1,0,6,138970.529892,138970.531262,138970.530577,0.00136960000964,3.01207595499,4980430111,true,true
softmax_1784950244187_softmax_full_f16io_f32acc_ptx_ex2_approx_f16x2_r1,softmax_oratc_targeted_g48s1024_confirm_v1_20260725_sess02_pos1_ptx_f16x2_g48_s1024_cache_reuse_candidate_probe_ptx_f16x2_g48_s00_p01,full_before,1,0,7,138971.031414,138971.032781,138971.032098,0.00136710001971,3.51359644998,4980547887,true,true
softmax_1784950244187_softmax_full_f16io_f32acc_ptx_ex2_approx_f16x2_r1,softmax_oratc_targeted_g48s1024_confirm_v1_20260725_sess02_pos1_ptx_f16x2_g48_s1024_cache_reuse_candidate_probe_ptx_f16x2_g48_s00_p01,full_before,1,0,8,138971.532897,138971.534508,138971.533702,0.00161139998818,4.01520114701,4980665261,true,true
softmax_1784950244187_softmax_full_f16io_f32acc_ptx_ex2_approx_f16x2_r1,softmax_oratc_targeted_g48s1024_confirm_v1_20260725_sess02_pos1_ptx_f16x2_g48_s1024_cache_reuse_candidate_probe_ptx_f16x2_g48_s00_p01,full_before,1,0,9,138972.034626,138972.035946,138972.035286,0.0013201010006,4.51678494649,4980782250,true,true
softmax_1784950244187_softmax_full_f16io_f32acc_ptx_ex2_approx_f16x2_r1,softmax_oratc_targeted_g48s1024_confirm_v1_20260725_sess02_pos1_ptx_f16x2_g48_s1024_cache_reuse_candidate_probe_ptx_f16x2_g48_s00_p01,full_before,1,0,10,138972.536062,138972.537439,138972.53675,0.00137700000778,5.01824904801,4980898956,true,true
softmax_1784950244187_softmax_full_f16io_f32acc_ptx_ex2_approx_f16x2_r1,softmax_oratc_targeted_g48s1024_confirm_v1_20260725_sess02_pos1_ptx_f16x2_g48_s1024_cache_reuse_candidate_probe_ptx_f16x2_g48_s00_p01,full_before,1,0,11,138973.037563,138973.042529,138973.040046,0.0049660000077,5.52154540201,4981015142,true,true
softmax_1784950244187_softmax_full_f16io_f32acc_ptx_ex2_approx_f16x2_r1,softmax_oratc_targeted_g48s1024_confirm_v1_20260725_sess02_pos1_ptx_f16x2_g48_s1024_cache_reuse_candidate_probe_ptx_f16x2_g48_s00_p01,full_before,1,0,12,138973.542646,138973.543991,138973.543319,0.00134439999238,6.02481755801,4981134950,true,true
softmax_1784950244187_softmax_full_f16io_f32acc_ptx_ex2_approx_f16x2_r1,softmax_oratc_targeted_g48s1024_confirm_v1_20260725_sess02_pos1_ptx_f16x2_g48_s1024_cache_reuse_candidate_probe_ptx_f16x2_g48_s00_p01,full_before,1,0,13,138974.044142,138974.045545,138974.044843,0.0014022999967,6.526342267,4981254219,true,true
softmax_1784950244187_softmax_full_f16io_f32acc_ptx_ex2_approx_f16x2_r1,softmax_oratc_targeted_g48s1024_confirm_v1_20260725_sess02_pos1_ptx_f16x2_g48_s1024_cache_reuse_candidate_probe_ptx_f16x2_g48_s00_p01,full_before,1,0,14,138974.545669,138974.547,138974.546335,0.00133089997689,7.02783362701,4981373117,true,true
softmax_1784950244187_softmax_full_f16io_f32acc_ptx_ex2_approx_f16x2_r1,softmax_oratc_targeted_g48s1024_confirm_v1_20260725_sess02_pos1_ptx_f16x2_g48_s1024_cache_reuse_candidate_probe_ptx_f16x2_g48_s00_p01,full_before,1,0,15,138975.047116,138975.04848,138975.047798,0.00136409999686,7.52929709002,4981491700,true,true
softmax_1784950244187_softmax_full_f16io_f32acc_ptx_ex2_approx_f16x2_r1,softmax_oratc_targeted_g48s1024_confirm_v1_20260725_sess02_pos1_ptx_f16x2_g48_s1024_cache_reuse_candidate_probe_ptx_f16x2_g48_s00_p01,full_before,1,0,16,138975.548676,138975.550173,138975.549424,0.00149739999324,8.03092330499,4981609917,true,true
softmax_1784950244187_softmax_full_f16io_f32acc_ptx_ex2_approx_f16x2_r1,softmax_oratc_targeted_g48s1024_confirm_v1_20260725_sess02_pos1_ptx_f16x2_g48_s1024_cache_reuse_candidate_probe_ptx_f16x2_g48_s00_p01,full_before,1,0,17,138976.050304,138976.051707,138976.051005,0.00140310099232,8.53250425152,4981727748,true,true
softmax_1784950244187_softmax_full_f16io_f32acc_ptx_ex2_approx_f16x2_r1,softmax_oratc_targeted_g48s1024_confirm_v1_20260725_sess02_pos1_ptx_f16x2_g48_s1024_cache_reuse_candidate_probe_ptx_f16x2_g48_s00_p01,full_before,1,0,18,138976.551824,138976.553232,138976.552528,0.00140770000871,9.034027093,4981845269,true,true
softmax_1784950244187_softmax_full_f16io_f32acc_ptx_ex2_approx_f16x2_r1,softmax_oratc_targeted_g48s1024_confirm_v1_20260725_sess02_pos1_ptx_f16x2_g48_s1024_cache_reuse_candidate_probe_ptx_f16x2_g48_s00_p01,full_before,1,0,19,138977.053362,138977.054713,138977.054037,0.00135139998747,9.535536273,4981962244,true,true
softmax_1784950244187_softmax_full_f16io_f32acc_ptx_ex2_approx_f16x2_r1,softmax_oratc_targeted_g48s1024_confirm_v1_20260725_sess02_pos1_ptx_f16x2_g48_s1024_cache_reuse_candidate_probe_ptx_f16x2_g48_s00_p01,full_before,1,0,20,138977.554872,138977.556538,138977.555705,0.00166589999571,10.037203854,4982078808,true,true
softmax_1784950244187_softmax_full_f16io_f32acc_ptx_ex2_approx_f16x2_r1,softmax_oratc_targeted_g48s1024_confirm_v1_20260725_sess02_pos1_ptx_f16x2_g48_s1024_cache_reuse_candidate_probe_ptx_f16x2_g48_s00_p01,full_before,1,0,21,138978.056662,138978.06081,138978.058736,0.00414859998273,10.540235038,4982194888,true,true
softmax_1784950244187_softmax_full_f16io_f32acc_ptx_ex2_approx_f16x2_r1,softmax_oratc_targeted_g48s1024_confirm_v1_20260725_sess02_pos1_ptx_f16x2_g48_s1024_cache_reuse_candidate_probe_ptx_f16x2_g48_s00_p01,full_before,1,0,22,138978.560927,138978.562337,138978.561632,0.00140950002242,11.043131024,4982314613,true,true
softmax_1784950244187_softmax_full_f16io_f32acc_ptx_ex2_approx_f16x2_r1,softmax_oratc_targeted_g48s1024_confirm_v1_20260725_sess02_pos1_ptx_f16x2_g48_s1024_cache_reuse_candidate_probe_ptx_f16x2_g48_s00_p01,full_before,1,0,23,138979.062545,138979.064091,138979.063318,0.00154599998496,11.544817112,4982434094,true,false
softmax_1784950244187_softmax_full_f16io_f32acc_ptx_ex2_approx_f16x2_r1,softmax_oratc_targeted_g48s1024_confirm_v1_20260725_sess02_pos1_ptx_f16x2_g48_s1024_cache_reuse_candidate_probe_ptx_f16x2_g48_s00_p01,full_before,1,0,24,138979.564217,138979.565538,138979.564877,0.00132140002097,12.046376353,4982553073,true,false
softmax_1784950244187_softmax_full_f16io_f32acc_ptx_ex2_approx_f16x2_r1,softmax_oratc_targeted_g48s1024_confirm_v1_20260725_sess02_pos1_ptx_f16x2_g48_s1024_cache_reuse_candidate_probe_ptx_f16x2_g48_s00_p01,full_before,1,0,25,138979.876874,138979.880228,138979.878551,0.00335490098223,12.3600499295,4982614524,true,false
softmax_1784950256558_softmax_full_f16io_f32acc_ptx_ex2_approx_f16x2_r1,softmax_oratc_targeted_g48s1024_confirm_v1_20260725_sess02_pos1_ptx_f16x2_g48_s1024_cache_reuse_candidate_probe_ptx_f16x2_g48_s00_p01,probe_middle,1,1,0,138979.887674,138979.888872,138979.888273,0.00119820001419,-0.000607300025877,4982614524,false,false
softmax_1784950256558_softmax_full_f16io_f32acc_ptx_ex2_approx_f16x2_r1,softmax_oratc_targeted_g48s1024_confirm_v1_20260725_sess02_pos1_ptx_f16x2_g48_s1024_cache_reuse_candidate_probe_ptx_f16x2_g48_s00_p01,probe_middle,1,1,1,138980.389137,138980.390931,138980.390034,0.00179360000766,0.501153443009,4982725327,true,false
softmax_1784950256558_softmax_full_f16io_f32acc_ptx_ex2_approx_f16x2_r1,softmax_oratc_targeted_g48s1024_confirm_v1_20260725_sess02_pos1_ptx_f16x2_g48_s1024_cache_reuse_candidate_probe_ptx_f16x2_g48_s00_p01,probe_middle,1,1,2,138980.891096,138980.892457,138980.891777,0.00136110102176,1.0028961405,4982841938,true,false
softmax_1784950256558_softmax_full_f16io_f32acc_ptx_ex2_approx_f16x2_r1,softmax_oratc_targeted_g48s1024_confirm_v1_20260725_sess02_pos1_ptx_f16x2_g48_s1024_cache_reuse_candidate_probe_ptx_f16x2_g48_s00_p01,probe_middle,1,1,3,138981.392586,138981.393897,138981.393241,0.00131140000303,1.50436063798,4982982172,true,true
softmax_1784950256558_softmax_full_f16io_f32acc_ptx_ex2_approx_f16x2_r1,softmax_oratc_targeted_g48s1024_confirm_v1_20260725_sess02_pos1_ptx_f16x2_g48_s1024_cache_reuse_candidate_probe_ptx_f16x2_g48_s00_p01,probe_middle,1,1,4,138981.89403,138981.895318,138981.894674,0.00128769999719,2.00579313998,4983102218,true,true
softmax_1784950256558_softmax_full_f16io_f32acc_ptx_ex2_approx_f16x2_r1,softmax_oratc_targeted_g48s1024_confirm_v1_20260725_sess02_pos1_ptx_f16x2_g48_s1024_cache_reuse_candidate_probe_ptx_f16x2_g48_s00_p01,probe_middle,1,1,5,138982.395449,138982.400106,138982.397777,0.00465750001604,2.50889659199,4983221891,true,true
softmax_1784950256558_softmax_full_f16io_f32acc_ptx_ex2_approx_f16x2_r1,softmax_oratc_targeted_g48s1024_confirm_v1_20260725_sess02_pos1_ptx_f16x2_g48_s1024_cache_reuse_candidate_probe_ptx_f16x2_g48_s00_p01,probe_middle,1,1,6,138982.9002,138982.901543,138982.900871,0.00134320001234,3.011990698,4983340869,true,true
softmax_1784950256558_softmax_full_f16io_f32acc_ptx_ex2_approx_f16x2_r1,softmax_oratc_targeted_g48s1024_confirm_v1_20260725_sess02_pos1_ptx_f16x2_g48_s1024_cache_reuse_candidate_probe_ptx_f16x2_g48_s00_p01,probe_middle,1,1,7,138983.401648,138983.403013,138983.402331,0.00136550000752,3.51344985497,4983459502,true,true
softmax_1784950256558_softmax_full_f16io_f32acc_ptx_ex2_approx_f16x2_r1,softmax_oratc_targeted_g48s1024_confirm_v1_20260725_sess02_pos1_ptx_f16x2_g48_s1024_cache_reuse_candidate_probe_ptx_f16x2_g48_s00_p01,probe_middle,1,1,8,138983.903148,138983.904527,138983.903837,0.00137909999467,4.01495663001,4983577794,true,true
softmax_1784950256558_softmax_full_f16io_f32acc_ptx_ex2_approx_f16x2_r1,softmax_oratc_targeted_g48s1024_confirm_v1_20260725_sess02_pos1_ptx_f16x2_g48_s1024_cache_reuse_candidate_probe_ptx_f16x2_g48_s00_p01,probe_middle,1,1,9,138984.40466,138984.406035,138984.405347,0.00137439998798,4.51646676799,4983695735,true,true
softmax_1784950256558_softmax_full_f16io_f32acc_ptx_ex2_approx_f16x2_r1,softmax_oratc_targeted_g48s1024_confirm_v1_20260725_sess02_pos1_ptx_f16x2_g48_s1024_cache_reuse_candidate_probe_ptx_f16x2_g48_s00_p01,probe_middle,1,1,10,138984.90616,138984.907574,138984.906867,0.00141419901047,5.01798672249,4983813255,true,true
softmax_1784950256558_softmax_full_f16io_f32acc_ptx_ex2_approx_f16x2_r1,softmax_oratc_targeted_g48s1024_confirm_v1_20260725_sess02_pos1_ptx_f16x2_g48_s1024_cache_reuse_candidate_probe_ptx_f16x2_g48_s00_p01,probe_middle,1,1,11,138985.407693,138985.409025,138985.408359,0.00133169899345,5.51947842748,4983930349,true,true
softmax_1784950256558_softmax_full_f16io_f32acc_ptx_ex2_approx_f16x2_r1,softmax_oratc_targeted_g48s1024_confirm_v1_20260725_sess02_pos1_ptx_f16x2_g48_s1024_cache_reuse_candidate_probe_ptx_f16x2_g48_s00_p01,probe_middle,1,1,12,138985.909195,138985.910547,138985.909871,0.00135169900022,6.02099008649,4984046956,true,true
softmax_1784950256558_softmax_full_f16io_f32acc_ptx_ex2_approx_f16x2_r1,softmax_oratc_targeted_g48s1024_confirm_v1_20260725_sess02_pos1_ptx_f16x2_g48_s1024_cache_reuse_candidate_probe_ptx_f16x2_g48_s00_p01,probe_middle,1,1,13,138986.41067,138986.412098,138986.411384,0.00142850002158,6.52250324597,4984163050,true,true
softmax_1784950256558_softmax_full_f16io_f32acc_ptx_ex2_approx_f16x2_r1,softmax_oratc_targeted_g48s1024_confirm_v1_20260725_sess02_pos1_ptx_f16x2_g48_s1024_cache_reuse_candidate_probe_ptx_f16x2_g48_s00_p01,probe_middle,1,1,14,138986.912224,138986.913586,138986.912905,0.00136160000693,7.02402425898,4984278771,true,true
softmax_1784950256558_softmax_full_f16io_f32acc_ptx_ex2_approx_f16x2_r1,softmax_oratc_targeted_g48s1024_confirm_v1_20260725_sess02_pos1_ptx_f16x2_g48_s1024_cache_reuse_candidate_probe_ptx_f16x2_g48_s00_p01,probe_middle,1,1,15,138987.413717,138987.417932,138987.415824,0.0042142989987,7.52694377251,4984394183,true,true
softmax_1784950256558_softmax_full_f16io_f32acc_ptx_ex2_approx_f16x2_r1,softmax_oratc_targeted_g48s1024_confirm_v1_20260725_sess02_pos1_ptx_f16x2_g48_s1024_cache_reuse_candidate_probe_ptx_f16x2_g48_s00_p01,probe_middle,1,1,16,138987.91803,138987.919395,138987.918712,0.00136460000067,8.02983179002,4984513547,true,true
softmax_1784950256558_softmax_full_f16io_f32acc_ptx_ex2_approx_f16x2_r1,softmax_oratc_targeted_g48s1024_confirm_v1_20260725_sess02_pos1_ptx_f16x2_g48_s1024_cache_reuse_candidate_probe_ptx_f16x2_g48_s00_p01,probe_middle,1,1,17,138988.419511,138988.420869,138988.42019,0.00135730000329,8.53130940796,4984632482,true,true
softmax_1784950256558_softmax_full_f16io_f32acc_ptx_ex2_approx_f16x2_r1,softmax_oratc_targeted_g48s1024_confirm_v1_20260725_sess02_pos1_ptx_f16x2_g48_s1024_cache_reuse_candidate_probe_ptx_f16x2_g48_s00_p01,probe_middle,1,1,18,138988.92097,138988.922311,138988.92164,0.00134180000168,9.03275973001,4984751050,true,true
softmax_1784950256558_softmax_full_f16io_f32acc_ptx_ex2_approx_f16x2_r1,softmax_oratc_targeted_g48s1024_confirm_v1_20260725_sess02_pos1_ptx_f16x2_g48_s1024_cache_reuse_candidate_probe_ptx_f16x2_g48_s00_p01,probe_middle,1,1,19,138989.422436,138989.423847,138989.423142,0.00141120000626,9.53426111501,4984869186,true,true
softmax_1784950256558_softmax_full_f16io_f32acc_ptx_ex2_approx_f16x2_r1,softmax_oratc_targeted_g48s1024_confirm_v1_20260725_sess02_pos1_ptx_f16x2_g48_s1024_cache_reuse_candidate_probe_ptx_f16x2_g48_s00_p01,probe_middle,1,1,20,138989.923971,138989.925377,138989.924674,0.00140610098606,10.0357937395,4984986842,true,true
softmax_1784950256558_softmax_full_f16io_f32acc_ptx_ex2_approx_f16x2_r1,softmax_oratc_targeted_g48s1024_confirm_v1_20260725_sess02_pos1_ptx_f16x2_g48_s1024_cache_reuse_candidate_probe_ptx_f16x2_g48_s00_p01,probe_middle,1,1,21,138990.425501,138990.426919,138990.42621,0.0014179009886,10.5373295145,4985103866,true,true
softmax_1784950256558_softmax_full_f16io_f32acc_ptx_ex2_approx_f16x2_r1,softmax_oratc_targeted_g48s1024_confirm_v1_20260725_sess02_pos1_ptx_f16x2_g48_s1024_cache_reuse_candidate_probe_ptx_f16x2_g48_s00_p01,probe_middle,1,1,22,138990.927056,138990.928529,138990.927793,0.00147360100527,11.0389118435,4985220496,true,true
softmax_1784950256558_softmax_full_f16io_f32acc_ptx_ex2_approx_f16x2_r1,softmax_oratc_targeted_g48s1024_confirm_v1_20260725_sess02_pos1_ptx_f16x2_g48_s1024_cache_reuse_candidate_probe_ptx_f16x2_g48_s00_p01,probe_middle,1,1,23,138991.428661,138991.430039,138991.42935,0.00137790001463,11.540469273,4985336858,true,false
softmax_1784950256558_softmax_full_f16io_f32acc_ptx_ex2_approx_f16x2_r1,softmax_oratc_targeted_g48s1024_confirm_v1_20260725_sess02_pos1_ptx_f16x2_g48_s1024_cache_reuse_candidate_probe_ptx_f16x2_g48_s00_p01,probe_middle,1,1,24,138991.930155,138991.931559,138991.930857,0.00140430001193,12.041976556,4985452286,true,false
softmax_1784950256558_softmax_full_f16io_f32acc_ptx_ex2_approx_f16x2_r1,softmax_oratc_targeted_g48s1024_confirm_v1_20260725_sess02_pos1_ptx_f16x2_g48_s1024_cache_reuse_candidate_probe_ptx_f16x2_g48_s00_p01,probe_middle,1,1,25,138992.200501,138992.201876,138992.201188,0.00137519999407,12.312307658,4985508184,true,false
softmax_1784950268879_softmax_full_f16io_f32acc_ptx_ex2_approx_f16x2_r1,softmax_oratc_targeted_g48s1024_confirm_v1_20260725_sess02_pos1_ptx_f16x2_g48_s1024_cache_reuse_candidate_probe_ptx_f16x2_g48_s00_p01,full_after,1,2,0,138992.209171,138992.210337,138992.209754,0.00116639997577,-0.000590000010561,4985508184,false,false
softmax_1784950268879_softmax_full_f16io_f32acc_ptx_ex2_approx_f16x2_r1,softmax_oratc_targeted_g48s1024_confirm_v1_20260725_sess02_pos1_ptx_f16x2_g48_s1024_cache_reuse_candidate_probe_ptx_f16x2_g48_s00_p01,full_after,1,2,1,138992.710625,138992.712042,138992.711333,0.00141789898043,0.500989725493,4985623459,true,false
softmax_1784950268879_softmax_full_f16io_f32acc_ptx_ex2_approx_f16x2_r1,softmax_oratc_targeted_g48s1024_confirm_v1_20260725_sess02_pos1_ptx_f16x2_g48_s1024_cache_reuse_candidate_probe_ptx_f16x2_g48_s00_p01,full_after,1,2,2,138993.212179,138993.216066,138993.214122,0.0038877989864,1.00377875249,4985739426,true,false
softmax_1784950268879_softmax_full_f16io_f32acc_ptx_ex2_approx_f16x2_r1,softmax_oratc_targeted_g48s1024_confirm_v1_20260725_sess02_pos1_ptx_f16x2_g48_s1024_cache_reuse_candidate_probe_ptx_f16x2_g48_s00_p01,full_after,1,2,3,138993.716184,138993.717575,138993.716879,0.00139109898009,1.50653558251,4985859302,true,true
softmax_1784950268879_softmax_full_f16io_f32acc_ptx_ex2_approx_f16x2_r1,softmax_oratc_targeted_g48s1024_confirm_v1_20260725_sess02_pos1_ptx_f16x2_g48_s1024_cache_reuse_candidate_probe_ptx_f16x2_g48_s00_p01,full_after,1,2,4,138994.217703,138994.219102,138994.218402,0.00139910000144,2.00805866398,4985978715,true,true
softmax_1784950268879_softmax_full_f16io_f32acc_ptx_ex2_approx_f16x2_r1,softmax_oratc_targeted_g48s1024_confirm_v1_20260725_sess02_pos1_ptx_f16x2_g48_s1024_cache_reuse_candidate_probe_ptx_f16x2_g48_s00_p01,full_after,1,2,5,138994.719251,138994.720682,138994.719966,0.0014317999885,2.50962269798,4986097611,true,true
softmax_1784950268879_softmax_full_f16io_f32acc_ptx_ex2_approx_f16x2_r1,softmax_oratc_targeted_g48s1024_confirm_v1_20260725_sess02_pos1_ptx_f16x2_g48_s1024_cache_reuse_candidate_probe_ptx_f16x2_g48_s00_p01,full_after,1,2,6,138995.220816,138995.222254,138995.221535,0.00143850001041,3.01119103399,4986216221,true,true
softmax_1784950268879_softmax_full_f16io_f32acc_ptx_ex2_approx_f16x2_r1,softmax_oratc_targeted_g48s1024_confirm_v1_20260725_sess02_pos1_ptx_f16x2_g48_s1024_cache_reuse_candidate_probe_ptx_f16x2_g48_s00_p01,full_after,1,2,7,138995.722415,138995.723791,138995.723103,0.00137620000169,3.512759673,4986334534,true,true
softmax_1784950268879_softmax_full_f16io_f32acc_ptx_ex2_approx_f16x2_r1,softmax_oratc_targeted_g48s1024_confirm_v1_20260725_sess02_pos1_ptx_f16x2_g48_s1024_cache_reuse_candidate_probe_ptx_f16x2_g48_s00_p01,full_after,1,2,8,138996.223917,138996.225354,138996.224636,0.00143699999899,4.01429226299,4986452422,true,true
softmax_1784950268879_softmax_full_f16io_f32acc_ptx_ex2_approx_f16x2_r1,softmax_oratc_targeted_g48s1024_confirm_v1_20260725_sess02_pos1_ptx_f16x2_g48_s1024_cache_reuse_candidate_probe_ptx_f16x2_g48_s00_p01,full_after,1,2,9,138996.725519,138996.72691,138996.726215,0.00139119999949,4.51587115598,4986569956,true,true
softmax_1784950268879_softmax_full_f16io_f32acc_ptx_ex2_approx_f16x2_r1,softmax_oratc_targeted_g48s1024_confirm_v1_20260725_sess02_pos1_ptx_f16x2_g48_s1024_cache_reuse_candidate_probe_ptx_f16x2_g48_s00_p01,full_after,1,2,10,138997.227061,138997.228426,138997.227744,0.00136510000448,5.01739979998,4986687093,true,true
softmax_1784950268879_softmax_full_f16io_f32acc_ptx_ex2_approx_f16x2_r1,softmax_oratc_targeted_g48s1024_confirm_v1_20260725_sess02_pos1_ptx_f16x2_g48_s1024_cache_reuse_candidate_probe_ptx_f16x2_g48_s00_p01,full_after,1,2,11,138997.728563,138997.72995,138997.729257,0.0013872999989,5.51891277698,4986803770,true,true
softmax_1784950268879_softmax_full_f16io_f32acc_ptx_ex2_approx_f16x2_r1,softmax_oratc_targeted_g48s1024_confirm_v1_20260725_sess02_pos1_ptx_f16x2_g48_s1024_cache_reuse_candidate_probe_ptx_f16x2_g48_s00_p01,full_after,1,2,12,138998.230086,138998.234765,138998.232425,0.00467970099999,6.0220816285,4986919999,true,true
softmax_1784950268879_softmax_full_f16io_f32acc_ptx_ex2_approx_f16x2_r1,softmax_oratc_targeted_g48s1024_confirm_v1_20260725_sess02_pos1_ptx_f16x2_g48_s1024_cache_reuse_candidate_probe_ptx_f16x2_g48_s00_p01,full_after,1,2,13,138998.734891,138998.736318,138998.735605,0.00142660099664,6.52526103347,4987039843,true,true
softmax_1784950268879_softmax_full_f16io_f32acc_ptx_ex2_approx_f16x2_r1,softmax_oratc_targeted_g48s1024_confirm_v1_20260725_sess02_pos1_ptx_f16x2_g48_s1024_cache_reuse_candidate_probe_ptx_f16x2_g48_s00_p01,full_after,1,2,14,138999.236476,138999.237909,138999.237192,0.00143289999687,7.02684833898,4987159299,true,true
softmax_1784950268879_softmax_full_f16io_f32acc_ptx_ex2_approx_f16x2_r1,softmax_oratc_targeted_g48s1024_confirm_v1_20260725_sess02_pos1_ptx_f16x2_g48_s1024_cache_reuse_candidate_probe_ptx_f16x2_g48_s00_p01,full_after,1,2,15,138999.738047,138999.739397,138999.738722,0.00135000102455,7.52837874749,4987278342,true,true
softmax_1784950268879_softmax_full_f16io_f32acc_ptx_ex2_approx_f16x2_r1,softmax_oratc_targeted_g48s1024_confirm_v1_20260725_sess02_pos1_ptx_f16x2_g48_s1024_cache_reuse_candidate_probe_ptx_f16x2_g48_s00_p01,full_after,1,2,16,139000.239537,139000.241015,139000.240276,0.0014779989724,8.02993209849,4987397008,true,true
softmax_1784950268879_softmax_full_f16io_f32acc_ptx_ex2_approx_f16x2_r1,softmax_oratc_targeted_g48s1024_confirm_v1_20260725_sess02_pos1_ptx_f16x2_g48_s1024_cache_reuse_candidate_probe_ptx_f16x2_g48_s00_p01,full_after,1,2,17,139000.741166,139000.742785,139000.741976,0.00161909899907,8.53163199249,4987515443,true,true
softmax_1784950268879_softmax_full_f16io_f32acc_ptx_ex2_approx_f16x2_r1,softmax_oratc_targeted_g48s1024_confirm_v1_20260725_sess02_pos1_ptx_f16x2_g48_s1024_cache_reuse_candidate_probe_ptx_f16x2_g48_s00_p01,full_after,1,2,18,139001.242911,139001.244314,139001.243612,0.00140349901631,9.03326873647,4987633391,true,true
softmax_1784950268879_softmax_full_f16io_f32acc_ptx_ex2_approx_f16x2_r1,softmax_oratc_targeted_g48s1024_confirm_v1_20260725_sess02_pos1_ptx_f16x2_g48_s1024_cache_reuse_candidate_probe_ptx_f16x2_g48_s00_p01,full_after,1,2,19,139001.744443,139001.745799,139001.745121,0.00135629900615,9.53477718451,4987750868,true,true
softmax_1784950268879_softmax_full_f16io_f32acc_ptx_ex2_approx_f16x2_r1,softmax_oratc_targeted_g48s1024_confirm_v1_20260725_sess02_pos1_ptx_f16x2_g48_s1024_cache_reuse_candidate_probe_ptx_f16x2_g48_s00_p01,full_after,1,2,20,139002.24592,139002.247316,139002.246618,0.00139569901512,10.0362741335,4987867843,true,true
softmax_1784950268879_softmax_full_f16io_f32acc_ptx_ex2_approx_f16x2_r1,softmax_oratc_targeted_g48s1024_confirm_v1_20260725_sess02_pos1_ptx_f16x2_g48_s1024_cache_reuse_candidate_probe_ptx_f16x2_g48_s00_p01,full_after,1,2,21,139002.747434,139002.749008,139002.748221,0.00157429897808,10.5378772855,4987984317,true,true
softmax_1784950268879_softmax_full_f16io_f32acc_ptx_ex2_approx_f16x2_r1,softmax_oratc_targeted_g48s1024_confirm_v1_20260725_sess02_pos1_ptx_f16x2_g48_s1024_cache_reuse_candidate_probe_ptx_f16x2_g48_s00_p01,full_after,1,2,22,139003.249173,139003.253073,139003.251123,0.00390070097637,11.0407793915,4988100376,true,true
softmax_1784950268879_softmax_full_f16io_f32acc_ptx_ex2_approx_f16x2_r1,softmax_oratc_targeted_g48s1024_confirm_v1_20260725_sess02_pos1_ptx_f16x2_g48_s1024_cache_reuse_candidate_probe_ptx_f16x2_g48_s00_p01,full_after,1,2,23,139003.753196,139003.754584,139003.75389,0.00138800099376,11.5435462605,4988220269,true,false
softmax_1784950268879_softmax_full_f16io_f32acc_ptx_ex2_approx_f16x2_r1,softmax_oratc_targeted_g48s1024_confirm_v1_20260725_sess02_pos1_ptx_f16x2_g48_s1024_cache_reuse_candidate_probe_ptx_f16x2_g48_s00_p01,full_after,1,2,24,139004.254717,139004.256078,139004.255397,0.0013609000016,12.04505343,4988339693,true,false
softmax_1784950268879_softmax_full_f16io_f32acc_ptx_ex2_approx_f16x2_r1,softmax_oratc_targeted_g48s1024_confirm_v1_20260725_sess02_pos1_ptx_f16x2_g48_s1024_cache_reuse_candidate_probe_ptx_f16x2_g48_s00_p01,full_after,1,2,25,139004.56228,139004.563671,139004.562975,0.00139040101203,12.3526317545,4988401404,true,false
softmax_1784950281245_softmax_full_f16io_f32acc_ptx_ex2_approx_f16x2_r2,softmax_oratc_targeted_g48s1024_confirm_v1_20260725_sess02_pos1_ptx_f16x2_g48_s1024_cache_reuse_candidate_probe_ptx_f16x2_g48_s00_p02,full_before,2,0,0,139004.575078,139004.576298,139004.575688,0.00122029997874,-0.000615550001385,4988401404,false,false
softmax_1784950281245_softmax_full_f16io_f32acc_ptx_ex2_approx_f16x2_r2,softmax_oratc_targeted_g48s1024_confirm_v1_20260725_sess02_pos1_ptx_f16x2_g48_s1024_cache_reuse_candidate_probe_ptx_f16x2_g48_s00_p02,full_before,2,0,1,139005.076702,139005.078052,139005.077377,0.00134970000363,0.501073972991,4988510899,true,false
softmax_1784950281245_softmax_full_f16io_f32acc_ptx_ex2_approx_f16x2_r2,softmax_oratc_targeted_g48s1024_confirm_v1_20260725_sess02_pos1_ptx_f16x2_g48_s1024_cache_reuse_candidate_probe_ptx_f16x2_g48_s00_p02,full_before,2,0,2,139005.578172,139005.579535,139005.578853,0.00136250100331,1.00255009849,4988629409,true,false
softmax_1784950281245_softmax_full_f16io_f32acc_ptx_ex2_approx_f16x2_r2,softmax_oratc_targeted_g48s1024_confirm_v1_20260725_sess02_pos1_ptx_f16x2_g48_s1024_cache_reuse_candidate_probe_ptx_f16x2_g48_s00_p02,full_before,2,0,3,139006.079686,139006.081075,139006.08038,0.00138930001413,1.50407702601,4988747534,true,true
softmax_1784950281245_softmax_full_f16io_f32acc_ptx_ex2_approx_f16x2_r2,softmax_oratc_targeted_g48s1024_confirm_v1_20260725_sess02_pos1_ptx_f16x2_g48_s1024_cache_reuse_candidate_probe_ptx_f16x2_g48_s00_p02,full_before,2,0,4,139006.581203,139006.582862,139006.582033,0.00165880098939,2.0057295055,4988865210,true,true
softmax_1784950281245_softmax_full_f16io_f32acc_ptx_ex2_approx_f16x2_r2,softmax_oratc_targeted_g48s1024_confirm_v1_20260725_sess02_pos1_ptx_f16x2_g48_s1024_cache_reuse_candidate_probe_ptx_f16x2_g48_s00_p02,full_before,2,0,5,139007.083018,139007.084492,139007.083755,0.0014738010068,2.5074518375,4988982382,true,true
softmax_1784950281245_softmax_full_f16io_f32acc_ptx_ex2_approx_f16x2_r2,softmax_oratc_targeted_g48s1024_confirm_v1_20260725_sess02_pos1_ptx_f16x2_g48_s1024_cache_reuse_candidate_probe_ptx_f16x2_g48_s00_p02,full_before,2,0,6,139007.584647,139007.585928,139007.585287,0.00128169998061,3.008984121,4989123373,true,true
softmax_1784950281245_softmax_full_f16io_f32acc_ptx_ex2_approx_f16x2_r2,softmax_oratc_targeted_g48s1024_confirm_v1_20260725_sess02_pos1_ptx_f16x2_g48_s1024_cache_reuse_candidate_probe_ptx_f16x2_g48_s00_p02,full_before,2,0,7,139008.086089,139008.087394,139008.086742,0.00130490001175,3.51043865699,4989244189,true,true
softmax_1784950281245_softmax_full_f16io_f32acc_ptx_ex2_approx_f16x2_r2,softmax_oratc_targeted_g48s1024_confirm_v1_20260725_sess02_pos1_ptx_f16x2_g48_s1024_cache_reuse_candidate_probe_ptx_f16x2_g48_s00_p02,full_before,2,0,8,139008.587558,139008.591984,139008.589771,0.00442579601076,4.01346760298,4989364722,true,true
softmax_1784950281245_softmax_full_f16io_f32acc_ptx_ex2_approx_f16x2_r2,softmax_oratc_targeted_g48s1024_confirm_v1_20260725_sess02_pos1_ptx_f16x2_g48_s1024_cache_reuse_candidate_probe_ptx_f16x2_g48_s00_p02,full_before,2,0,9,139009.092138,139009.093544,139009.092841,0.00140639900928,4.51653754149,4989484584,true,true
softmax_1784950281245_softmax_full_f16io_f32acc_ptx_ex2_approx_f16x2_r2,softmax_oratc_targeted_g48s1024_confirm_v1_20260725_sess02_pos1_ptx_f16x2_g48_s1024_cache_reuse_candidate_probe_ptx_f16x2_g48_s00_p02,full_before,2,0,10,139009.593695,139009.595092,139009.594394,0.00139619898982,5.01809028449,4989604027,true,true
softmax_1784950281245_softmax_full_f16io_f32acc_ptx_ex2_approx_f16x2_r2,softmax_oratc_targeted_g48s1024_confirm_v1_20260725_sess02_pos1_ptx_f16x2_g48_s1024_cache_reuse_candidate_probe_ptx_f16x2_g48_s00_p02,full_before,2,0,11,139010.095228,139010.096613,139010.09592,0.0013853989949,5.51961712851,4989723044,true,true
softmax_1784950281245_softmax_full_f16io_f32acc_ptx_ex2_approx_f16x2_r2,softmax_oratc_targeted_g48s1024_confirm_v1_20260725_sess02_pos1_ptx_f16x2_g48_s1024_cache_reuse_candidate_probe_ptx_f16x2_g48_s00_p02,full_before,2,0,12,139010.596771,139010.598176,139010.597473,0.0014047989971,6.0211699745,4989841548,true,true
softmax_1784950281245_softmax_full_f16io_f32acc_ptx_ex2_approx_f16x2_r2,softmax_oratc_targeted_g48s1024_confirm_v1_20260725_sess02_pos1_ptx_f16x2_g48_s1024_cache_reuse_candidate_probe_ptx_f16x2_g48_s00_p02,full_before,2,0,13,139011.098353,139011.09975,139011.099052,0.00139730001683,6.52274855998,4989959539,true,true
softmax_1784950281245_softmax_full_f16io_f32acc_ptx_ex2_approx_f16x2_r2,softmax_oratc_targeted_g48s1024_confirm_v1_20260725_sess02_pos1_ptx_f16x2_g48_s1024_cache_reuse_candidate_probe_ptx_f16x2_g48_s00_p02,full_before,2,0,14,139011.599833,139011.601144,139011.600489,0.00131099999999,7.02418541597,4990077254,true,true
softmax_1784950281245_softmax_full_f16io_f32acc_ptx_ex2_approx_f16x2_r2,softmax_oratc_targeted_g48s1024_confirm_v1_20260725_sess02_pos1_ptx_f16x2_g48_s1024_cache_reuse_candidate_probe_ptx_f16x2_g48_s00_p02,full_before,2,0,15,139012.101296,139012.102682,139012.101989,0.00138560100459,7.52568542349,4990194641,true,true
softmax_1784950281245_softmax_full_f16io_f32acc_ptx_ex2_approx_f16x2_r2,softmax_oratc_targeted_g48s1024_confirm_v1_20260725_sess02_pos1_ptx_f16x2_g48_s1024_cache_reuse_candidate_probe_ptx_f16x2_g48_s00_p02,full_before,2,0,16,139012.602854,139012.604292,139012.603573,0.00143850099994,8.02726988349,4990311634,true,true
softmax_1784950281245_softmax_full_f16io_f32acc_ptx_ex2_approx_f16x2_r2,softmax_oratc_targeted_g48s1024_confirm_v1_20260725_sess02_pos1_ptx_f16x2_g48_s1024_cache_reuse_candidate_probe_ptx_f16x2_g48_s00_p02,full_before,2,0,17,139013.104456,139013.105861,139013.105159,0.00140480001573,8.52885524501,4990428227,true,true
softmax_1784950281245_softmax_full_f16io_f32acc_ptx_ex2_approx_f16x2_r2,softmax_oratc_targeted_g48s1024_confirm_v1_20260725_sess02_pos1_ptx_f16x2_g48_s1024_cache_reuse_candidate_probe_ptx_f16x2_g48_s00_p02,full_before,2,0,18,139013.606015,139013.609693,139013.607854,0.0036789010046,9.03155070951,4990544482,true,true
softmax_1784950281245_softmax_full_f16io_f32acc_ptx_ex2_approx_f16x2_r2,softmax_oratc_targeted_g48s1024_confirm_v1_20260725_sess02_pos1_ptx_f16x2_g48_s1024_cache_reuse_candidate_probe_ptx_f16x2_g48_s00_p02,full_before,2,0,19,139014.109849,139014.111171,139014.11051,0.00132180101355,9.53420657551,4990664590,true,true
softmax_1784950281245_softmax_full_f16io_f32acc_ptx_ex2_approx_f16x2_r2,softmax_oratc_targeted_g48s1024_confirm_v1_20260725_sess02_pos1_ptx_f16x2_g48_s1024_cache_reuse_candidate_probe_ptx_f16x2_g48_s00_p02,full_before,2,0,20,139014.611333,139014.612708,139014.612021,0.00137549999636,10.035717344,4990784220,true,true
softmax_1784950281245_softmax_full_f16io_f32acc_ptx_ex2_approx_f16x2_r2,softmax_oratc_targeted_g48s1024_confirm_v1_20260725_sess02_pos1_ptx_f16x2_g48_s1024_cache_reuse_candidate_probe_ptx_f16x2_g48_s00_p02,full_before,2,0,21,139015.112826,139015.114203,139015.113514,0.00137710000854,10.537211164,4990903312,true,true
softmax_1784950281245_softmax_full_f16io_f32acc_ptx_ex2_approx_f16x2_r2,softmax_oratc_targeted_g48s1024_confirm_v1_20260725_sess02_pos1_ptx_f16x2_g48_s1024_cache_reuse_candidate_probe_ptx_f16x2_g48_s00_p02,full_before,2,0,22,139015.614366,139015.61574,139015.615053,0.0013745999895,11.038749536,4991021972,true,true
softmax_1784950281245_softmax_full_f16io_f32acc_ptx_ex2_approx_f16x2_r2,softmax_oratc_targeted_g48s1024_confirm_v1_20260725_sess02_pos1_ptx_f16x2_g48_s1024_cache_reuse_candidate_probe_ptx_f16x2_g48_s00_p02,full_before,2,0,23,139016.115902,139016.117336,139016.116619,0.00143350000144,11.54031591,4991140220,true,false
softmax_1784950281245_softmax_full_f16io_f32acc_ptx_ex2_approx_f16x2_r2,softmax_oratc_targeted_g48s1024_confirm_v1_20260725_sess02_pos1_ptx_f16x2_g48_s1024_cache_reuse_candidate_probe_ptx_f16x2_g48_s00_p02,full_before,2,0,24,139016.617495,139016.618881,139016.618188,0.00138580001658,12.041884866,4991257884,true,false
softmax_1784950281245_softmax_full_f16io_f32acc_ptx_ex2_approx_f16x2_r2,softmax_oratc_targeted_g48s1024_confirm_v1_20260725_sess02_pos1_ptx_f16x2_g48_s1024_cache_reuse_candidate_probe_ptx_f16x2_g48_s00_p02,full_before,2,0,25,139016.935777,139016.937243,139016.93651,0.00146679999307,12.360206764,4991316348,true,false
softmax_1784950293618_softmax_full_f16io_f32acc_ptx_ex2_approx_f16x2_r2,softmax_oratc_targeted_g48s1024_confirm_v1_20260725_sess02_pos1_ptx_f16x2_g48_s1024_cache_reuse_candidate_probe_ptx_f16x2_g48_s00_p02,probe_middle,2,1,0,139016.945,139016.949155,139016.947077,0.00415520000388,-0.00208279999788,4991316348,false,false
softmax_1784950293618_softmax_full_f16io_f32acc_ptx_ex2_approx_f16x2_r2,softmax_oratc_targeted_g48s1024_confirm_v1_20260725_sess02_pos1_ptx_f16x2_g48_s1024_cache_reuse_candidate_probe_ptx_f16x2_g48_s00_p02,probe_middle,2,1,1,139017.449522,139017.450932,139017.450227,0.00140989999636,0.50106734797,4991426573,true,false
softmax_1784950293618_softmax_full_f16io_f32acc_ptx_ex2_approx_f16x2_r2,softmax_oratc_targeted_g48s1024_confirm_v1_20260725_sess02_pos1_ptx_f16x2_g48_s1024_cache_reuse_candidate_probe_ptx_f16x2_g48_s00_p02,probe_middle,2,1,2,139017.951064,139017.952448,139017.951756,0.0013842000044,1.00259619899,4991545181,true,false
softmax_1784950293618_softmax_full_f16io_f32acc_ptx_ex2_approx_f16x2_r2,softmax_oratc_targeted_g48s1024_confirm_v1_20260725_sess02_pos1_ptx_f16x2_g48_s1024_cache_reuse_candidate_probe_ptx_f16x2_g48_s00_p02,probe_middle,2,1,3,139018.452574,139018.454121,139018.453347,0.00154760098667,1.50418730147,4991663321,true,true
softmax_1784950293618_softmax_full_f16io_f32acc_ptx_ex2_approx_f16x2_r2,softmax_oratc_targeted_g48s1024_confirm_v1_20260725_sess02_pos1_ptx_f16x2_g48_s1024_cache_reuse_candidate_probe_ptx_f16x2_g48_s00_p02,probe_middle,2,1,4,139018.954267,139018.955659,139018.954963,0.00139190000482,2.00580295699,4991781009,true,true
softmax_1784950293618_softmax_full_f16io_f32acc_ptx_ex2_approx_f16x2_r2,softmax_oratc_targeted_g48s1024_confirm_v1_20260725_sess02_pos1_ptx_f16x2_g48_s1024_cache_reuse_candidate_probe_ptx_f16x2_g48_s00_p02,probe_middle,2,1,5,139019.45585,139019.45733,139019.45659,0.00147930000094,2.50742986301,4991898128,true,true
softmax_1784950293618_softmax_full_f16io_f32acc_ptx_ex2_approx_f16x2_r2,softmax_oratc_targeted_g48s1024_confirm_v1_20260725_sess02_pos1_ptx_f16x2_g48_s1024_cache_reuse_candidate_probe_ptx_f16x2_g48_s00_p02,probe_middle,2,1,6,139019.95746,139019.958805,139019.958133,0.00134519999847,3.00897272199,4992014977,true,true
softmax_1784950293618_softmax_full_f16io_f32acc_ptx_ex2_approx_f16x2_r2,softmax_oratc_targeted_g48s1024_confirm_v1_20260725_sess02_pos1_ptx_f16x2_g48_s1024_cache_reuse_candidate_probe_ptx_f16x2_g48_s00_p02,probe_middle,2,1,7,139020.45893,139020.460342,139020.459636,0.00141150000854,3.510475883,4992131437,true,true
softmax_1784950293618_softmax_full_f16io_f32acc_ptx_ex2_approx_f16x2_r2,softmax_oratc_targeted_g48s1024_confirm_v1_20260725_sess02_pos1_ptx_f16x2_g48_s1024_cache_reuse_candidate_probe_ptx_f16x2_g48_s00_p02,probe_middle,2,1,8,139020.960472,139020.961873,139020.961173,0.00140119998832,4.01201264598,4992247557,true,true
softmax_1784950293618_softmax_full_f16io_f32acc_ptx_ex2_approx_f16x2_r2,softmax_oratc_targeted_g48s1024_confirm_v1_20260725_sess02_pos1_ptx_f16x2_g48_s1024_cache_reuse_candidate_probe_ptx_f16x2_g48_s00_p02,probe_middle,2,1,9,139021.461998,139021.463405,139021.462701,0.00140720099444,4.5135413805,4992363372,true,true
softmax_1784950293618_softmax_full_f16io_f32acc_ptx_ex2_approx_f16x2_r2,softmax_oratc_targeted_g48s1024_confirm_v1_20260725_sess02_pos1_ptx_f16x2_g48_s1024_cache_reuse_candidate_probe_ptx_f16x2_g48_s00_p02,probe_middle,2,1,10,139021.963536,139021.967161,139021.965349,0.0036251010024,5.0161887595,4992478791,true,true
softmax_1784950293618_softmax_full_f16io_f32acc_ptx_ex2_approx_f16x2_r2,softmax_oratc_targeted_g48s1024_confirm_v1_20260725_sess02_pos1_ptx_f16x2_g48_s1024_cache_reuse_candidate_probe_ptx_f16x2_g48_s00_p02,probe_middle,2,1,11,139022.467295,139022.468666,139022.467981,0.0013709999912,5.51882073897,4992598098,true,true
softmax_1784950293618_softmax_full_f16io_f32acc_ptx_ex2_approx_f16x2_r2,softmax_oratc_targeted_g48s1024_confirm_v1_20260725_sess02_pos1_ptx_f16x2_g48_s1024_cache_reuse_candidate_probe_ptx_f16x2_g48_s00_p02,probe_middle,2,1,12,139022.968797,139022.970189,139022.969493,0.00139229997876,6.02033302098,4992716924,true,true
softmax_1784950293618_softmax_full_f16io_f32acc_ptx_ex2_approx_f16x2_r2,softmax_oratc_targeted_g48s1024_confirm_v1_20260725_sess02_pos1_ptx_f16x2_g48_s1024_cache_reuse_candidate_probe_ptx_f16x2_g48_s00_p02,probe_middle,2,1,13,139023.470317,139023.471736,139023.471026,0.00141830000211,6.521866355,4992835155,true,true
softmax_1784950293618_softmax_full_f16io_f32acc_ptx_ex2_approx_f16x2_r2,softmax_oratc_targeted_g48s1024_confirm_v1_20260725_sess02_pos1_ptx_f16x2_g48_s1024_cache_reuse_candidate_probe_ptx_f16x2_g48_s00_p02,probe_middle,2,1,14,139023.971865,139023.973263,139023.972564,0.00139839999611,7.02340424099,4992953070,true,true
softmax_1784950293618_softmax_full_f16io_f32acc_ptx_ex2_approx_f16x2_r2,softmax_oratc_targeted_g48s1024_confirm_v1_20260725_sess02_pos1_ptx_f16x2_g48_s1024_cache_reuse_candidate_probe_ptx_f16x2_g48_s00_p02,probe_middle,2,1,15,139024.473445,139024.475342,139024.474394,0.00189709998085,7.52523351597,4993070614,true,true
softmax_1784950293618_softmax_full_f16io_f32acc_ptx_ex2_approx_f16x2_r2,softmax_oratc_targeted_g48s1024_confirm_v1_20260725_sess02_pos1_ptx_f16x2_g48_s1024_cache_reuse_candidate_probe_ptx_f16x2_g48_s00_p02,probe_middle,2,1,16,139024.975465,139024.977112,139024.976289,0.00164679897716,8.02712862249,4993187692,true,true
softmax_1784950293618_softmax_full_f16io_f32acc_ptx_ex2_approx_f16x2_r2,softmax_oratc_targeted_g48s1024_confirm_v1_20260725_sess02_pos1_ptx_f16x2_g48_s1024_cache_reuse_candidate_probe_ptx_f16x2_g48_s00_p02,probe_middle,2,1,17,139025.477235,139025.478602,139025.477919,0.00136689998908,8.52875882998,4993304436,true,true
softmax_1784950293618_softmax_full_f16io_f32acc_ptx_ex2_approx_f16x2_r2,softmax_oratc_targeted_g48s1024_confirm_v1_20260725_sess02_pos1_ptx_f16x2_g48_s1024_cache_reuse_candidate_probe_ptx_f16x2_g48_s00_p02,probe_middle,2,1,18,139025.978691,139025.979977,139025.979334,0.00128670001868,9.03017409099,4993444859,true,true
softmax_1784950293618_softmax_full_f16io_f32acc_ptx_ex2_approx_f16x2_r2,softmax_oratc_targeted_g48s1024_confirm_v1_20260725_sess02_pos1_ptx_f16x2_g48_s1024_cache_reuse_candidate_probe_ptx_f16x2_g48_s00_p02,probe_middle,2,1,19,139026.480143,139026.481445,139026.480794,0.00130249999347,9.53163405196,4993564886,true,true
softmax_1784950293618_softmax_full_f16io_f32acc_ptx_ex2_approx_f16x2_r2,softmax_oratc_targeted_g48s1024_confirm_v1_20260725_sess02_pos1_ptx_f16x2_g48_s1024_cache_reuse_candidate_probe_ptx_f16x2_g48_s00_p02,probe_middle,2,1,20,139026.981575,139026.98626,139026.983917,0.00468519999413,10.034757367,4993684591,true,true
softmax_1784950293618_softmax_full_f16io_f32acc_ptx_ex2_approx_f16x2_r2,softmax_oratc_targeted_g48s1024_confirm_v1_20260725_sess02_pos1_ptx_f16x2_g48_s1024_cache_reuse_candidate_probe_ptx_f16x2_g48_s00_p02,probe_middle,2,1,21,139027.486385,139027.487685,139027.487035,0.00129990000278,10.537875282,4993803522,true,true
softmax_1784950293618_softmax_full_f16io_f32acc_ptx_ex2_approx_f16x2_r2,softmax_oratc_targeted_g48s1024_confirm_v1_20260725_sess02_pos1_ptx_f16x2_g48_s1024_cache_reuse_candidate_probe_ptx_f16x2_g48_s00_p02,probe_middle,2,1,22,139027.987813,139027.989219,139027.988516,0.00140589999501,11.039356051,4993922096,true,true
softmax_1784950293618_softmax_full_f16io_f32acc_ptx_ex2_approx_f16x2_r2,softmax_oratc_targeted_g48s1024_confirm_v1_20260725_sess02_pos1_ptx_f16x2_g48_s1024_cache_reuse_candidate_probe_ptx_f16x2_g48_s00_p02,probe_middle,2,1,23,139028.489339,139028.490665,139028.490002,0.00132589999703,11.540842321,4994040408,true,false
softmax_1784950293618_softmax_full_f16io_f32acc_ptx_ex2_approx_f16x2_r2,softmax_oratc_targeted_g48s1024_confirm_v1_20260725_sess02_pos1_ptx_f16x2_g48_s1024_cache_reuse_candidate_probe_ptx_f16x2_g48_s00_p02,probe_middle,2,1,24,139028.990816,139028.992199,139028.991508,0.00138359999983,12.042347523,4994157290,true,false
softmax_1784950293618_softmax_full_f16io_f32acc_ptx_ex2_approx_f16x2_r2,softmax_oratc_targeted_g48s1024_confirm_v1_20260725_sess02_pos1_ptx_f16x2_g48_s1024_cache_reuse_candidate_probe_ptx_f16x2_g48_s00_p02,probe_middle,2,1,25,139029.259064,139029.260474,139029.259769,0.00140989999636,12.310608944,4994195757,true,false
softmax_1784950305941_softmax_full_f16io_f32acc_ptx_ex2_approx_f16x2_r2,softmax_oratc_targeted_g48s1024_confirm_v1_20260725_sess02_pos1_ptx_f16x2_g48_s1024_cache_reuse_candidate_probe_ptx_f16x2_g48_s00_p02,full_after,2,2,0,139029.271531,139029.272658,139029.272095,0.00112640100997,-0.000576100486796,4994195757,false,false
softmax_1784950305941_softmax_full_f16io_f32acc_ptx_ex2_approx_f16x2_r2,softmax_oratc_targeted_g48s1024_confirm_v1_20260725_sess02_pos1_ptx_f16x2_g48_s1024_cache_reuse_candidate_probe_ptx_f16x2_g48_s00_p02,full_after,2,2,1,139029.772944,139029.774503,139029.773724,0.0015589009854,0.501053286513,4994303996,true,false
softmax_1784950305941_softmax_full_f16io_f32acc_ptx_ex2_approx_f16x2_r2,softmax_oratc_targeted_g48s1024_confirm_v1_20260725_sess02_pos1_ptx_f16x2_g48_s1024_cache_reuse_candidate_probe_ptx_f16x2_g48_s00_p02,full_after,2,2,2,139030.274629,139030.276021,139030.275325,0.00139200102421,1.00265457449,4994421500,true,false
softmax_1784950305941_softmax_full_f16io_f32acc_ptx_ex2_approx_f16x2_r2,softmax_oratc_targeted_g48s1024_confirm_v1_20260725_sess02_pos1_ptx_f16x2_g48_s1024_cache_reuse_candidate_probe_ptx_f16x2_g48_s00_p02,full_after,2,2,3,139030.776147,139030.777495,139030.776821,0.0013478010078,1.50415031551,4994538590,true,true
softmax_1784950305941_softmax_full_f16io_f32acc_ptx_ex2_approx_f16x2_r2,softmax_oratc_targeted_g48s1024_confirm_v1_20260725_sess02_pos1_ptx_f16x2_g48_s1024_cache_reuse_candidate_probe_ptx_f16x2_g48_s00_p02,full_after,2,2,4,139031.277635,139031.278927,139031.278281,0.00129159999778,2.00561005701,4994679431,true,true
softmax_1784950305941_softmax_full_f16io_f32acc_ptx_ex2_approx_f16x2_r2,softmax_oratc_targeted_g48s1024_confirm_v1_20260725_sess02_pos1_ptx_f16x2_g48_s1024_cache_reuse_candidate_probe_ptx_f16x2_g48_s00_p02,full_after,2,2,5,139031.779047,139031.784794,139031.781921,0.00574680199497,2.509249903,4994800072,true,true
softmax_1784950305941_softmax_full_f16io_f32acc_ptx_ex2_approx_f16x2_r2,softmax_oratc_targeted_g48s1024_confirm_v1_20260725_sess02_pos1_ptx_f16x2_g48_s1024_cache_reuse_candidate_probe_ptx_f16x2_g48_s00_p02,full_after,2,2,6,139032.284914,139032.286282,139032.285598,0.00136799900793,3.0129277565,4994919789,true,true
softmax_1784950305941_softmax_full_f16io_f32acc_ptx_ex2_approx_f16x2_r2,softmax_oratc_targeted_g48s1024_confirm_v1_20260725_sess02_pos1_ptx_f16x2_g48_s1024_cache_reuse_candidate_probe_ptx_f16x2_g48_s00_p02,full_after,2,2,7,139032.78641,139032.787757,139032.787084,0.00134740001522,3.51441308,4995039224,true,true
softmax_1784950305941_softmax_full_f16io_f32acc_ptx_ex2_approx_f16x2_r2,softmax_oratc_targeted_g48s1024_confirm_v1_20260725_sess02_pos1_ptx_f16x2_g48_s1024_cache_reuse_candidate_probe_ptx_f16x2_g48_s00_p02,full_after,2,2,8,139033.287913,139033.289449,139033.288681,0.00153539900202,4.01601030352,4995158288,true,true
softmax_1784950305941_softmax_full_f16io_f32acc_ptx_ex2_approx_f16x2_r2,softmax_oratc_targeted_g48s1024_confirm_v1_20260725_sess02_pos1_ptx_f16x2_g48_s1024_cache_reuse_candidate_probe_ptx_f16x2_g48_s00_p02,full_after,2,2,9,139033.78962,139033.791009,139033.790314,0.00138889899245,4.51764378051,4995277028,true,true
softmax_1784950305941_softmax_full_f16io_f32acc_ptx_ex2_approx_f16x2_r2,softmax_oratc_targeted_g48s1024_confirm_v1_20260725_sess02_pos1_ptx_f16x2_g48_s1024_cache_reuse_candidate_probe_ptx_f16x2_g48_s00_p02,full_after,2,2,10,139034.291133,139034.29249,139034.291811,0.00135679900995,5.01914045852,4995395187,true,true
softmax_1784950305941_softmax_full_f16io_f32acc_ptx_ex2_approx_f16x2_r2,softmax_oratc_targeted_g48s1024_confirm_v1_20260725_sess02_pos1_ptx_f16x2_g48_s1024_cache_reuse_candidate_probe_ptx_f16x2_g48_s00_p02,full_after,2,2,11,139034.79262,139034.793991,139034.793306,0.00137159900623,5.52063488952,4995512936,true,true
softmax_1784950305941_softmax_full_f16io_f32acc_ptx_ex2_approx_f16x2_r2,softmax_oratc_targeted_g48s1024_confirm_v1_20260725_sess02_pos1_ptx_f16x2_g48_s1024_cache_reuse_candidate_probe_ptx_f16x2_g48_s00_p02,full_after,2,2,12,139035.294114,139035.295441,139035.294777,0.00132679997478,6.02210662101,4995630283,true,true
softmax_1784950305941_softmax_full_f16io_f32acc_ptx_ex2_approx_f16x2_r2,softmax_oratc_targeted_g48s1024_confirm_v1_20260725_sess02_pos1_ptx_f16x2_g48_s1024_cache_reuse_candidate_probe_ptx_f16x2_g48_s00_p02,full_after,2,2,13,139035.795559,139035.796945,139035.796252,0.00138629900175,6.52358150648,4995747223,true,true
softmax_1784950305941_softmax_full_f16io_f32acc_ptx_ex2_approx_f16x2_r2,softmax_oratc_targeted_g48s1024_confirm_v1_20260725_sess02_pos1_ptx_f16x2_g48_s1024_cache_reuse_candidate_probe_ptx_f16x2_g48_s00_p02,full_after,2,2,14,139036.297075,139036.298422,139036.297749,0.00134739998612,7.02507790198,4995863750,true,true
softmax_1784950305941_softmax_full_f16io_f32acc_ptx_ex2_approx_f16x2_r2,softmax_oratc_targeted_g48s1024_confirm_v1_20260725_sess02_pos1_ptx_f16x2_g48_s1024_cache_reuse_candidate_probe_ptx_f16x2_g48_s00_p02,full_after,2,2,15,139036.798548,139036.802558,139036.800553,0.00400950098992,7.52788218649,4995979933,true,true
softmax_1784950305941_softmax_full_f16io_f32acc_ptx_ex2_approx_f16x2_r2,softmax_oratc_targeted_g48s1024_confirm_v1_20260725_sess02_pos1_ptx_f16x2_g48_s1024_cache_reuse_candidate_probe_ptx_f16x2_g48_s00_p02,full_after,2,2,16,139037.30269,139037.304045,139037.303367,0.00135489998502,8.03069682102,4996100049,true,true
softmax_1784950305941_softmax_full_f16io_f32acc_ptx_ex2_approx_f16x2_r2,softmax_oratc_targeted_g48s1024_confirm_v1_20260725_sess02_pos1_ptx_f16x2_g48_s1024_cache_reuse_candidate_probe_ptx_f16x2_g48_s00_p02,full_after,2,2,17,139037.804172,139037.805549,139037.804861,0.00137690099655,8.5321902585,4996219859,true,true
softmax_1784950305941_softmax_full_f16io_f32acc_ptx_ex2_approx_f16x2_r2,softmax_oratc_targeted_g48s1024_confirm_v1_20260725_sess02_pos1_ptx_f16x2_g48_s1024_cache_reuse_candidate_probe_ptx_f16x2_g48_s00_p02,full_after,2,2,18,139038.305669,139038.30708,139038.306374,0.00141050101956,9.03370379651,4996339105,true,true
softmax_1784950305941_softmax_full_f16io_f32acc_ptx_ex2_approx_f16x2_r2,softmax_oratc_targeted_g48s1024_confirm_v1_20260725_sess02_pos1_ptx_f16x2_g48_s1024_cache_reuse_candidate_probe_ptx_f16x2_g48_s00_p02,full_after,2,2,19,139038.807196,139038.808672,139038.807934,0.00147640000796,9.53526348801,4996457834,true,true
softmax_1784950305941_softmax_full_f16io_f32acc_ptx_ex2_approx_f16x2_r2,softmax_oratc_targeted_g48s1024_confirm_v1_20260725_sess02_pos1_ptx_f16x2_g48_s1024_cache_reuse_candidate_probe_ptx_f16x2_g48_s00_p02,full_after,2,2,20,139039.308801,139039.310233,139039.309517,0.00143219999154,10.03684673,4996576089,true,true
softmax_1784950305941_softmax_full_f16io_f32acc_ptx_ex2_approx_f16x2_r2,softmax_oratc_targeted_g48s1024_confirm_v1_20260725_sess02_pos1_ptx_f16x2_g48_s1024_cache_reuse_candidate_probe_ptx_f16x2_g48_s00_p02,full_after,2,2,21,139039.810388,139039.811746,139039.811067,0.00135839998256,10.538396076,4996693863,true,true
softmax_1784950305941_softmax_full_f16io_f32acc_ptx_ex2_approx_f16x2_r2,softmax_oratc_targeted_g48s1024_confirm_v1_20260725_sess02_pos1_ptx_f16x2_g48_s1024_cache_reuse_candidate_probe_ptx_f16x2_g48_s00_p02,full_after,2,2,22,139040.311845,139040.313215,139040.31253,0.00136999899405,11.0398593495,4996811326,true,true
softmax_1784950305941_softmax_full_f16io_f32acc_ptx_ex2_approx_f16x2_r2,softmax_oratc_targeted_g48s1024_confirm_v1_20260725_sess02_pos1_ptx_f16x2_g48_s1024_cache_reuse_candidate_probe_ptx_f16x2_g48_s00_p02,full_after,2,2,23,139040.813379,139040.814778,139040.814078,0.00139859897899,11.5414076105,4996928496,true,false
softmax_1784950305941_softmax_full_f16io_f32acc_ptx_ex2_approx_f16x2_r2,softmax_oratc_targeted_g48s1024_confirm_v1_20260725_sess02_pos1_ptx_f16x2_g48_s1024_cache_reuse_candidate_probe_ptx_f16x2_g48_s00_p02,full_after,2,2,24,139041.314915,139041.316305,139041.31561,0.00138979998883,12.042939372,4997044994,true,false
softmax_1784950305941_softmax_full_f16io_f32acc_ptx_ex2_approx_f16x2_r2,softmax_oratc_targeted_g48s1024_confirm_v1_20260725_sess02_pos1_ptx_f16x2_g48_s1024_cache_reuse_candidate_probe_ptx_f16x2_g48_s00_p02,full_after,2,2,25,139041.62332,139041.62469,139041.624005,0.00136990001192,12.351334239,4997102659,true,false
softmax_1784950318302_softmax_full_f16io_f32acc_ptx_ex2_approx_f16x2_r3,softmax_oratc_targeted_g48s1024_confirm_v1_20260725_sess02_pos1_ptx_f16x2_g48_s1024_cache_reuse_candidate_probe_ptx_f16x2_g48_s00_p03,probe_before,3,0,0,139041.632237,139041.633396,139041.632816,0.00115879898658,-0.000587099493714,4997102659,false,false
softmax_1784950318302_softmax_full_f16io_f32acc_ptx_ex2_approx_f16x2_r3,softmax_oratc_targeted_g48s1024_confirm_v1_20260725_sess02_pos1_ptx_f16x2_g48_s1024_cache_reuse_candidate_probe_ptx_f16x2_g48_s00_p03,probe_before,3,0,1,139042.133669,139042.135089,139042.134379,0.00141940001049,0.500975866016,4997214875,true,false
softmax_1784950318302_softmax_full_f16io_f32acc_ptx_ex2_approx_f16x2_r3,softmax_oratc_targeted_g48s1024_confirm_v1_20260725_sess02_pos1_ptx_f16x2_g48_s1024_cache_reuse_candidate_probe_ptx_f16x2_g48_s00_p03,probe_before,3,0,2,139042.635206,139042.636603,139042.635905,0.00139659902197,1.00250143351,4997330758,true,false
softmax_1784950318302_softmax_full_f16io_f32acc_ptx_ex2_approx_f16x2_r3,softmax_oratc_targeted_g48s1024_confirm_v1_20260725_sess02_pos1_ptx_f16x2_g48_s1024_cache_reuse_candidate_probe_ptx_f16x2_g48_s00_p03,probe_before,3,0,3,139043.136772,139043.140708,139043.13874,0.00393559900112,1.50533700251,4997446121,true,true
softmax_1784950318302_softmax_full_f16io_f32acc_ptx_ex2_approx_f16x2_r3,softmax_oratc_targeted_g48s1024_confirm_v1_20260725_sess02_pos1_ptx_f16x2_g48_s1024_cache_reuse_candidate_probe_ptx_f16x2_g48_s00_p03,probe_before,3,0,4,139043.640841,139043.642227,139043.641534,0.00138569899718,2.00813072352,4997565171,true,true
softmax_1784950318302_softmax_full_f16io_f32acc_ptx_ex2_approx_f16x2_r3,softmax_oratc_targeted_g48s1024_confirm_v1_20260725_sess02_pos1_ptx_f16x2_g48_s1024_cache_reuse_candidate_probe_ptx_f16x2_g48_s00_p03,probe_before,3,0,5,139044.142359,139044.143845,139044.143102,0.00148659900879,2.50969864652,4997683706,true,true
softmax_1784950318302_softmax_full_f16io_f32acc_ptx_ex2_approx_f16x2_r3,softmax_oratc_targeted_g48s1024_confirm_v1_20260725_sess02_pos1_ptx_f16x2_g48_s1024_cache_reuse_candidate_probe_ptx_f16x2_g48_s00_p03,probe_before,3,0,6,139044.643935,139044.645307,139044.644621,0.00137110002106,3.011217772,4997802017,true,true
softmax_1784950318302_softmax_full_f16io_f32acc_ptx_ex2_approx_f16x2_r3,softmax_oratc_targeted_g48s1024_confirm_v1_20260725_sess02_pos1_ptx_f16x2_g48_s1024_cache_reuse_candidate_probe_ptx_f16x2_g48_s00_p03,probe_before,3,0,7,139045.145437,139045.146835,139045.146136,0.00139779999154,3.512733146,4997920092,true,true
softmax_1784950318302_softmax_full_f16io_f32acc_ptx_ex2_approx_f16x2_r3,softmax_oratc_targeted_g48s1024_confirm_v1_20260725_sess02_pos1_ptx_f16x2_g48_s1024_cache_reuse_candidate_probe_ptx_f16x2_g48_s00_p03,probe_before,3,0,8,139045.646967,139045.648354,139045.64766,0.00138679999509,4.014257064,4998037786,true,true
softmax_1784950318302_softmax_full_f16io_f32acc_ptx_ex2_approx_f16x2_r3,softmax_oratc_targeted_g48s1024_confirm_v1_20260725_sess02_pos1_ptx_f16x2_g48_s1024_cache_reuse_candidate_probe_ptx_f16x2_g48_s00_p03,probe_before,3,0,9,139046.148485,139046.149895,139046.14919,0.00140970002394,4.515786634,4998155097,true,true
softmax_1784950318302_softmax_full_f16io_f32acc_ptx_ex2_approx_f16x2_r3,softmax_oratc_targeted_g48s1024_confirm_v1_20260725_sess02_pos1_ptx_f16x2_g48_s1024_cache_reuse_candidate_probe_ptx_f16x2_g48_s00_p03,probe_before,3,0,10,139046.650027,139046.651405,139046.650716,0.001377699984,5.01731285601,4998271960,true,true
softmax_1784950318302_softmax_full_f16io_f32acc_ptx_ex2_approx_f16x2_r3,softmax_oratc_targeted_g48s1024_confirm_v1_20260725_sess02_pos1_ptx_f16x2_g48_s1024_cache_reuse_candidate_probe_ptx_f16x2_g48_s00_p03,probe_before,3,0,11,139047.15156,139047.152977,139047.152269,0.00141719999374,5.51886532901,4998388408,true,true
softmax_1784950318302_softmax_full_f16io_f32acc_ptx_ex2_approx_f16x2_r3,softmax_oratc_targeted_g48s1024_confirm_v1_20260725_sess02_pos1_ptx_f16x2_g48_s1024_cache_reuse_candidate_probe_ptx_f16x2_g48_s00_p03,probe_before,3,0,12,139047.653098,139047.654491,139047.653795,0.00139270001091,6.02039130501,4998504375,true,true
softmax_1784950318302_softmax_full_f16io_f32acc_ptx_ex2_approx_f16x2_r3,softmax_oratc_targeted_g48s1024_confirm_v1_20260725_sess02_pos1_ptx_f16x2_g48_s1024_cache_reuse_candidate_probe_ptx_f16x2_g48_s00_p03,probe_before,3,0,13,139048.154649,139048.159115,139048.156882,0.00446590100182,6.5234787325,4998619720,true,true
softmax_1784950318302_softmax_full_f16io_f32acc_ptx_ex2_approx_f16x2_r3,softmax_oratc_targeted_g48s1024_confirm_v1_20260725_sess02_pos1_ptx_f16x2_g48_s1024_cache_reuse_candidate_probe_ptx_f16x2_g48_s00_p03,probe_before,3,0,14,139048.659246,139048.660631,139048.659939,0.00138490000973,7.026535635,4998738770,true,true
softmax_1784950318302_softmax_full_f16io_f32acc_ptx_ex2_approx_f16x2_r3,softmax_oratc_targeted_g48s1024_confirm_v1_20260725_sess02_pos1_ptx_f16x2_g48_s1024_cache_reuse_candidate_probe_ptx_f16x2_g48_s00_p03,probe_before,3,0,15,139049.160804,139049.162155,139049.161479,0.00135069998214,7.528076227,4998857587,true,true
softmax_1784950318302_softmax_full_f16io_f32acc_ptx_ex2_approx_f16x2_r3,softmax_oratc_targeted_g48s1024_confirm_v1_20260725_sess02_pos1_ptx_f16x2_g48_s1024_cache_reuse_candidate_probe_ptx_f16x2_g48_s00_p03,probe_before,3,0,16,139049.662326,139049.663725,139049.663025,0.00139909997233,8.02962182098,4998976120,true,true
softmax_1784950318302_softmax_full_f16io_f32acc_ptx_ex2_approx_f16x2_r3,softmax_oratc_targeted_g48s1024_confirm_v1_20260725_sess02_pos1_ptx_f16x2_g48_s1024_cache_reuse_candidate_probe_ptx_f16x2_g48_s00_p03,probe_before,3,0,17,139050.163849,139050.165242,139050.164546,0.00139310001396,8.53114251699,4999094292,true,true
softmax_1784950318302_softmax_full_f16io_f32acc_ptx_ex2_approx_f16x2_r3,softmax_oratc_targeted_g48s1024_confirm_v1_20260725_sess02_pos1_ptx_f16x2_g48_s1024_cache_reuse_candidate_probe_ptx_f16x2_g48_s00_p03,probe_before,3,0,18,139050.665365,139050.666752,139050.666059,0.00138669999433,9.03265551498,4999212073,true,true
softmax_1784950318302_softmax_full_f16io_f32acc_ptx_ex2_approx_f16x2_r3,softmax_oratc_targeted_g48s1024_confirm_v1_20260725_sess02_pos1_ptx_f16x2_g48_s1024_cache_reuse_candidate_probe_ptx_f16x2_g48_s00_p03,probe_before,3,0,19,139051.166908,139051.168744,139051.167826,0.00183570000809,9.53442271499,4999329358,true,true
softmax_1784950318302_softmax_full_f16io_f32acc_ptx_ex2_approx_f16x2_r3,softmax_oratc_targeted_g48s1024_confirm_v1_20260725_sess02_pos1_ptx_f16x2_g48_s1024_cache_reuse_candidate_probe_ptx_f16x2_g48_s00_p03,probe_before,3,0,20,139051.668863,139051.670259,139051.669561,0.00139629998012,10.036157517,4999446048,true,true
softmax_1784950318302_softmax_full_f16io_f32acc_ptx_ex2_approx_f16x2_r3,softmax_oratc_targeted_g48s1024_confirm_v1_20260725_sess02_pos1_ptx_f16x2_g48_s1024_cache_reuse_candidate_probe_ptx_f16x2_g48_s00_p03,probe_before,3,0,21,139052.170383,139052.171818,139052.171101,0.00143500001286,10.537697471,4999586203,true,true
softmax_1784950318302_softmax_full_f16io_f32acc_ptx_ex2_approx_f16x2_r3,softmax_oratc_targeted_g48s1024_confirm_v1_20260725_sess02_pos1_ptx_f16x2_g48_s1024_cache_reuse_candidate_probe_ptx_f16x2_g48_s00_p03,probe_before,3,0,22,139052.671971,139052.673278,139052.672624,0.00130730000092,11.039220927,4999706188,true,true
softmax_1784950318302_softmax_full_f16io_f32acc_ptx_ex2_approx_f16x2_r3,softmax_oratc_targeted_g48s1024_confirm_v1_20260725_sess02_pos1_ptx_f16x2_g48_s1024_cache_reuse_candidate_probe_ptx_f16x2_g48_s00_p03,probe_before,3,0,23,139053.173453,139053.178154,139053.175804,0.00470170000335,11.542400334,4999826009,true,false
softmax_1784950318302_softmax_full_f16io_f32acc_ptx_ex2_approx_f16x2_r3,softmax_oratc_targeted_g48s1024_confirm_v1_20260725_sess02_pos1_ptx_f16x2_g48_s1024_cache_reuse_candidate_probe_ptx_f16x2_g48_s00_p03,probe_before,3,0,24,139053.678273,139053.679656,139053.678965,0.00138300002436,12.045561394,4999944079,true,false
softmax_1784950318302_softmax_full_f16io_f32acc_ptx_ex2_approx_f16x2_r3,softmax_oratc_targeted_g48s1024_confirm_v1_20260725_sess02_pos1_ptx_f16x2_g48_s1024_cache_reuse_candidate_probe_ptx_f16x2_g48_s00_p03,probe_before,3,0,25,139053.937627,139053.938979,139053.938303,0.00135249999585,12.30489985,4999983236,true,false
softmax_1784950330617_softmax_full_f16io_f32acc_ptx_ex2_approx_f16x2_r3,softmax_oratc_targeted_g48s1024_confirm_v1_20260725_sess02_pos1_ptx_f16x2_g48_s1024_cache_reuse_candidate_probe_ptx_f16x2_g48_s00_p03,full,3,1,0,139053.946699,139053.947856,139053.947277,0.00115629998618,-0.000584849971347,4999983236,false,false
softmax_1784950330617_softmax_full_f16io_f32acc_ptx_ex2_approx_f16x2_r3,softmax_oratc_targeted_g48s1024_confirm_v1_20260725_sess02_pos1_ptx_f16x2_g48_s1024_cache_reuse_candidate_probe_ptx_f16x2_g48_s00_p03,full,3,1,1,139054.448283,139054.449661,139054.448972,0.00137879999238,0.501109812001,5000094790,true,false
softmax_1784950330617_softmax_full_f16io_f32acc_ptx_ex2_approx_f16x2_r3,softmax_oratc_targeted_g48s1024_confirm_v1_20260725_sess02_pos1_ptx_f16x2_g48_s1024_cache_reuse_candidate_probe_ptx_f16x2_g48_s00_p03,full,3,1,2,139054.949827,139054.951192,139054.95051,0.00136480000219,1.00264752703,5000211550,true,false
softmax_1784950330617_softmax_full_f16io_f32acc_ptx_ex2_approx_f16x2_r3,softmax_oratc_targeted_g48s1024_confirm_v1_20260725_sess02_pos1_ptx_f16x2_g48_s1024_cache_reuse_candidate_probe_ptx_f16x2_g48_s00_p03,full,3,1,3,139055.451365,139055.452763,139055.452064,0.00139819999458,1.50420193601,5000328006,true,true
softmax_1784950330617_softmax_full_f16io_f32acc_ptx_ex2_approx_f16x2_r3,softmax_oratc_targeted_g48s1024_confirm_v1_20260725_sess02_pos1_ptx_f16x2_g48_s1024_cache_reuse_candidate_probe_ptx_f16x2_g48_s00_p03,full,3,1,4,139055.952886,139055.95673,139055.954808,0.00384410098195,2.00694561552,5000443942,true,true
softmax_1784950330617_softmax_full_f16io_f32acc_ptx_ex2_approx_f16x2_r3,softmax_oratc_targeted_g48s1024_confirm_v1_20260725_sess02_pos1_ptx_f16x2_g48_s1024_cache_reuse_candidate_probe_ptx_f16x2_g48_s00_p03,full,3,1,5,139056.456854,139056.458204,139056.457529,0.0013496990141,2.50966694852,5000563660,true,true
softmax_1784950330617_softmax_full_f16io_f32acc_ptx_ex2_approx_f16x2_r3,softmax_oratc_targeted_g48s1024_confirm_v1_20260725_sess02_pos1_ptx_f16x2_g48_s1024_cache_reuse_candidate_probe_ptx_f16x2_g48_s00_p03,full,3,1,6,139056.958333,139056.959714,139056.959024,0.00138129899278,3.01116128452,5000683071,true,true
softmax_1784950330617_softmax_full_f16io_f32acc_ptx_ex2_approx_f16x2_r3,softmax_oratc_targeted_g48s1024_confirm_v1_20260725_sess02_pos1_ptx_f16x2_g48_s1024_cache_reuse_candidate_probe_ptx_f16x2_g48_s00_p03,full,3,1,7,139057.459872,139057.461347,139057.460609,0.00147540000034,3.51274707101,5000802179,true,true
softmax_1784950330617_softmax_full_f16io_f32acc_ptx_ex2_approx_f16x2_r3,softmax_oratc_targeted_g48s1024_confirm_v1_20260725_sess02_pos1_ptx_f16x2_g48_s1024_cache_reuse_candidate_probe_ptx_f16x2_g48_s00_p03,full,3,1,8,139057.961515,139057.96294,139057.962228,0.00142499900539,4.01436531049,5000920889,true,true
softmax_1784950330617_softmax_full_f16io_f32acc_ptx_ex2_approx_f16x2_r3,softmax_oratc_targeted_g48s1024_confirm_v1_20260725_sess02_pos1_ptx_f16x2_g48_s1024_cache_reuse_candidate_probe_ptx_f16x2_g48_s00_p03,full,3,1,9,139058.463108,139058.464406,139058.463757,0.00129709902103,4.51589480153,5001039248,true,true
softmax_1784950330617_softmax_full_f16io_f32acc_ptx_ex2_approx_f16x2_r3,softmax_oratc_targeted_g48s1024_confirm_v1_20260725_sess02_pos1_ptx_f16x2_g48_s1024_cache_reuse_candidate_probe_ptx_f16x2_g48_s00_p03,full,3,1,10,139058.964578,139058.966348,139058.965463,0.00177009901381,5.0176008445,5001157136,true,true
softmax_1784950330617_softmax_full_f16io_f32acc_ptx_ex2_approx_f16x2_r3,softmax_oratc_targeted_g48s1024_confirm_v1_20260725_sess02_pos1_ptx_f16x2_g48_s1024_cache_reuse_candidate_probe_ptx_f16x2_g48_s00_p03,full,3,1,11,139059.466503,139059.467872,139059.467187,0.00136920000659,5.51932503501,5001274449,true,true
softmax_1784950330617_softmax_full_f16io_f32acc_ptx_ex2_approx_f16x2_r3,softmax_oratc_targeted_g48s1024_confirm_v1_20260725_sess02_pos1_ptx_f16x2_g48_s1024_cache_reuse_candidate_probe_ptx_f16x2_g48_s00_p03,full,3,1,12,139059.96804,139059.96939,139059.968715,0.00135020099697,6.02085274149,5001415461,true,true
softmax_1784950330617_softmax_full_f16io_f32acc_ptx_ex2_approx_f16x2_r3,softmax_oratc_targeted_g48s1024_confirm_v1_20260725_sess02_pos1_ptx_f16x2_g48_s1024_cache_reuse_candidate_probe_ptx_f16x2_g48_s00_p03,full,3,1,13,139060.469511,139060.470834,139060.470173,0.00132310000481,6.52231029901,5001536120,true,true
softmax_1784950330617_softmax_full_f16io_f32acc_ptx_ex2_approx_f16x2_r3,softmax_oratc_targeted_g48s1024_confirm_v1_20260725_sess02_pos1_ptx_f16x2_g48_s1024_cache_reuse_candidate_probe_ptx_f16x2_g48_s00_p03,full,3,1,14,139060.971015,139060.975753,139060.973384,0.00473750100355,7.02552200953,5001656539,true,true
softmax_1784950330617_softmax_full_f16io_f32acc_ptx_ex2_approx_f16x2_r3,softmax_oratc_targeted_g48s1024_confirm_v1_20260725_sess02_pos1_ptx_f16x2_g48_s1024_cache_reuse_candidate_probe_ptx_f16x2_g48_s00_p03,full,3,1,15,139061.475925,139061.477308,139061.476617,0.00138310098555,7.52875462151,5001776304,true,true
softmax_1784950330617_softmax_full_f16io_f32acc_ptx_ex2_approx_f16x2_r3,softmax_oratc_targeted_g48s1024_confirm_v1_20260725_sess02_pos1_ptx_f16x2_g48_s1024_cache_reuse_candidate_probe_ptx_f16x2_g48_s00_p03,full,3,1,16,139061.977448,139061.978866,139061.978157,0.00141770101618,8.03029453551,5001895636,true,true
softmax_1784950330617_softmax_full_f16io_f32acc_ptx_ex2_approx_f16x2_r3,softmax_oratc_targeted_g48s1024_confirm_v1_20260725_sess02_pos1_ptx_f16x2_g48_s1024_cache_reuse_candidate_probe_ptx_f16x2_g48_s00_p03,full,3,1,17,139062.479025,139062.48041,139062.479718,0.00138539998443,8.531855301,5002014606,true,true
softmax_1784950330617_softmax_full_f16io_f32acc_ptx_ex2_approx_f16x2_r3,softmax_oratc_targeted_g48s1024_confirm_v1_20260725_sess02_pos1_ptx_f16x2_g48_s1024_cache_reuse_candidate_probe_ptx_f16x2_g48_s00_p03,full,3,1,18,139062.980578,139062.981923,139062.981251,0.00134570102091,9.03338836849,5002133078,true,true
softmax_1784950330617_softmax_full_f16io_f32acc_ptx_ex2_approx_f16x2_r3,softmax_oratc_targeted_g48s1024_confirm_v1_20260725_sess02_pos1_ptx_f16x2_g48_s1024_cache_reuse_candidate_probe_ptx_f16x2_g48_s00_p03,full,3,1,19,139063.482093,139063.483458,139063.482776,0.00136550099705,9.5349134875,5002251218,true,true
softmax_1784950330617_softmax_full_f16io_f32acc_ptx_ex2_approx_f16x2_r3,softmax_oratc_targeted_g48s1024_confirm_v1_20260725_sess02_pos1_ptx_f16x2_g48_s1024_cache_reuse_candidate_probe_ptx_f16x2_g48_s00_p03,full,3,1,20,139063.983587,139063.9851,139063.984343,0.00151319999713,10.036481259,5002368782,true,true
softmax_1784950330617_softmax_full_f16io_f32acc_ptx_ex2_approx_f16x2_r3,softmax_oratc_targeted_g48s1024_confirm_v1_20260725_sess02_pos1_ptx_f16x2_g48_s1024_cache_reuse_candidate_probe_ptx_f16x2_g48_s00_p03,full,3,1,21,139064.485236,139064.486631,139064.485933,0.00139489999856,10.538070978,5002485874,true,true
softmax_1784950330617_softmax_full_f16io_f32acc_ptx_ex2_approx_f16x2_r3,softmax_oratc_targeted_g48s1024_confirm_v1_20260725_sess02_pos1_ptx_f16x2_g48_s1024_cache_reuse_candidate_probe_ptx_f16x2_g48_s00_p03,full,3,1,22,139064.98679,139064.988198,139064.987494,0.00140819998342,11.039632053,5002602633,true,true
softmax_1784950330617_softmax_full_f16io_f32acc_ptx_ex2_approx_f16x2_r3,softmax_oratc_targeted_g48s1024_confirm_v1_20260725_sess02_pos1_ptx_f16x2_g48_s1024_cache_reuse_candidate_probe_ptx_f16x2_g48_s00_p03,full,3,1,23,139065.488353,139065.489721,139065.489037,0.00136809999822,11.541174629,5002719062,true,false
softmax_1784950330617_softmax_full_f16io_f32acc_ptx_ex2_approx_f16x2_r3,softmax_oratc_targeted_g48s1024_confirm_v1_20260725_sess02_pos1_ptx_f16x2_g48_s1024_cache_reuse_candidate_probe_ptx_f16x2_g48_s00_p03,full,3,1,24,139065.98988,139065.993486,139065.991683,0.00360530000762,12.043820858,5002834692,true,false
softmax_1784950330617_softmax_full_f16io_f32acc_ptx_ex2_approx_f16x2_r3,softmax_oratc_targeted_g48s1024_confirm_v1_20260725_sess02_pos1_ptx_f16x2_g48_s1024_cache_reuse_candidate_probe_ptx_f16x2_g48_s00_p03,full,3,1,25,139066.303212,139066.304848,139066.30403,0.00163590000011,12.356167376,5002894529,true,false
softmax_1784950342986_softmax_full_f16io_f32acc_ptx_ex2_approx_f16x2_r3,softmax_oratc_targeted_g48s1024_confirm_v1_20260725_sess02_pos1_ptx_f16x2_g48_s1024_cache_reuse_candidate_probe_ptx_f16x2_g48_s00_p03,probe_after,3,2,0,139066.315801,139066.317003,139066.316402,0.0012022999872,-0.000608950009337,5002894529,false,false
softmax_1784950342986_softmax_full_f16io_f32acc_ptx_ex2_approx_f16x2_r3,softmax_oratc_targeted_g48s1024_confirm_v1_20260725_sess02_pos1_ptx_f16x2_g48_s1024_cache_reuse_candidate_probe_ptx_f16x2_g48_s00_p03,probe_after,3,2,1,139066.817253,139066.818642,139066.817948,0.00138960001641,0.500937032019,5003005710,true,false
softmax_1784950342986_softmax_full_f16io_f32acc_ptx_ex2_approx_f16x2_r3,softmax_oratc_targeted_g48s1024_confirm_v1_20260725_sess02_pos1_ptx_f16x2_g48_s1024_cache_reuse_candidate_probe_ptx_f16x2_g48_s00_p03,probe_after,3,2,2,139067.318775,139067.320217,139067.319496,0.00144199997885,1.002484864,5003123624,true,false
softmax_1784950342986_softmax_full_f16io_f32acc_ptx_ex2_approx_f16x2_r3,softmax_oratc_targeted_g48s1024_confirm_v1_20260725_sess02_pos1_ptx_f16x2_g48_s1024_cache_reuse_candidate_probe_ptx_f16x2_g48_s00_p03,probe_after,3,2,3,139067.820335,139067.821821,139067.821078,0.00148610101314,1.5040671505,5003241089,true,true
softmax_1784950342986_softmax_full_f16io_f32acc_ptx_ex2_approx_f16x2_r3,softmax_oratc_targeted_g48s1024_confirm_v1_20260725_sess02_pos1_ptx_f16x2_g48_s1024_cache_reuse_candidate_probe_ptx_f16x2_g48_s00_p03,probe_after,3,2,4,139068.32194,139068.323348,139068.322644,0.00140869998722,2.00563328699,5003358069,true,true
softmax_1784950342986_softmax_full_f16io_f32acc_ptx_ex2_approx_f16x2_r3,softmax_oratc_targeted_g48s1024_confirm_v1_20260725_sess02_pos1_ptx_f16x2_g48_s1024_cache_reuse_candidate_probe_ptx_f16x2_g48_s00_p03,probe_after,3,2,5,139068.823465,139068.82485,139068.824157,0.00138519998291,2.50714667598,5003474603,true,true
softmax_1784950342986_softmax_full_f16io_f32acc_ptx_ex2_approx_f16x2_r3,softmax_oratc_targeted_g48s1024_confirm_v1_20260725_sess02_pos1_ptx_f16x2_g48_s1024_cache_reuse_candidate_probe_ptx_f16x2_g48_s00_p03,probe_after,3,2,6,139069.324978,139069.326331,139069.325654,0.00135360000422,3.00864381599,5003590848,true,true
softmax_1784950342986_softmax_full_f16io_f32acc_ptx_ex2_approx_f16x2_r3,softmax_oratc_targeted_g48s1024_confirm_v1_20260725_sess02_pos1_ptx_f16x2_g48_s1024_cache_reuse_candidate_probe_ptx_f16x2_g48_s00_p03,probe_after,3,2,7,139069.826448,139069.827785,139069.827117,0.00133729999652,3.51010611001,5003706795,true,true
softmax_1784950342986_softmax_full_f16io_f32acc_ptx_ex2_approx_f16x2_r3,softmax_oratc_targeted_g48s1024_confirm_v1_20260725_sess02_pos1_ptx_f16x2_g48_s1024_cache_reuse_candidate_probe_ptx_f16x2_g48_s00_p03,probe_after,3,2,8,139070.3279,139070.332367,139070.330134,0.00446750101401,4.0131230535,5003822470,true,true
softmax_1784950342986_softmax_full_f16io_f32acc_ptx_ex2_approx_f16x2_r3,softmax_oratc_targeted_g48s1024_confirm_v1_20260725_sess02_pos1_ptx_f16x2_g48_s1024_cache_reuse_candidate_probe_ptx_f16x2_g48_s00_p03,probe_after,3,2,9,139070.832486,139070.833825,139070.833155,0.00133940100204,4.51614457651,5003941827,true,true
softmax_1784950342986_softmax_full_f16io_f32acc_ptx_ex2_approx_f16x2_r3,softmax_oratc_targeted_g48s1024_confirm_v1_20260725_sess02_pos1_ptx_f16x2_g48_s1024_cache_reuse_candidate_probe_ptx_f16x2_g48_s00_p03,probe_after,3,2,10,139071.333939,139071.335308,139071.334624,0.00136809999822,5.01761285801,5004060757,true,true
softmax_1784950342986_softmax_full_f16io_f32acc_ptx_ex2_approx_f16x2_r3,softmax_oratc_targeted_g48s1024_confirm_v1_20260725_sess02_pos1_ptx_f16x2_g48_s1024_cache_reuse_candidate_probe_ptx_f16x2_g48_s00_p03,probe_after,3,2,11,139071.83543,139071.836774,139071.836102,0.0013434010034,5.51909124249,5004179214,true,true
softmax_1784950342986_softmax_full_f16io_f32acc_ptx_ex2_approx_f16x2_r3,softmax_oratc_targeted_g48s1024_confirm_v1_20260725_sess02_pos1_ptx_f16x2_g48_s1024_cache_reuse_candidate_probe_ptx_f16x2_g48_s00_p03,probe_after,3,2,12,139072.336891,139072.338269,139072.33758,0.00137859999086,6.02056945299,5004297147,true,true
softmax_1784950342986_softmax_full_f16io_f32acc_ptx_ex2_approx_f16x2_r3,softmax_oratc_targeted_g48s1024_confirm_v1_20260725_sess02_pos1_ptx_f16x2_g48_s1024_cache_reuse_candidate_probe_ptx_f16x2_g48_s00_p03,probe_after,3,2,13,139072.838392,139072.839863,139072.839128,0.00147180000204,6.522116882,5004414641,true,true
softmax_1784950342986_softmax_full_f16io_f32acc_ptx_ex2_approx_f16x2_r3,softmax_oratc_targeted_g48s1024_confirm_v1_20260725_sess02_pos1_ptx_f16x2_g48_s1024_cache_reuse_candidate_probe_ptx_f16x2_g48_s00_p03,probe_after,3,2,14,139073.339983,139073.341436,139073.340709,0.00145319997682,7.02369850999,5004531812,true,true
softmax_1784950342986_softmax_full_f16io_f32acc_ptx_ex2_approx_f16x2_r3,softmax_oratc_targeted_g48s1024_confirm_v1_20260725_sess02_pos1_ptx_f16x2_g48_s1024_cache_reuse_candidate_probe_ptx_f16x2_g48_s00_p03,probe_after,3,2,15,139073.841572,139073.842943,139073.842257,0.00137080001878,7.52524664201,5004648634,true,true
softmax_1784950342986_softmax_full_f16io_f32acc_ptx_ex2_approx_f16x2_r3,softmax_oratc_targeted_g48s1024_confirm_v1_20260725_sess02_pos1_ptx_f16x2_g48_s1024_cache_reuse_candidate_probe_ptx_f16x2_g48_s00_p03,probe_after,3,2,16,139074.34306,139074.344484,139074.343772,0.00142360001337,8.026761174,5004765139,true,true
softmax_1784950342986_softmax_full_f16io_f32acc_ptx_ex2_approx_f16x2_r3,softmax_oratc_targeted_g48s1024_confirm_v1_20260725_sess02_pos1_ptx_f16x2_g48_s1024_cache_reuse_candidate_probe_ptx_f16x2_g48_s00_p03,probe_after,3,2,17,139074.844615,139074.845979,139074.845297,0.00136470000143,8.52828636,5004881289,true,true
softmax_1784950342986_softmax_full_f16io_f32acc_ptx_ex2_approx_f16x2_r3,softmax_oratc_targeted_g48s1024_confirm_v1_20260725_sess02_pos1_ptx_f16x2_g48_s1024_cache_reuse_candidate_probe_ptx_f16x2_g48_s00_p03,probe_after,3,2,18,139075.346107,139075.350659,139075.348383,0.00455159999547,9.03137254601,5004996933,true,true
softmax_1784950342986_softmax_full_f16io_f32acc_ptx_ex2_approx_f16x2_r3,softmax_oratc_targeted_g48s1024_confirm_v1_20260725_sess02_pos1_ptx_f16x2_g48_s1024_cache_reuse_candidate_probe_ptx_f16x2_g48_s00_p03,probe_after,3,2,19,139075.850775,139075.852213,139075.851494,0.00143770000432,9.53448323501,5005116249,true,true
softmax_1784950342986_softmax_full_f16io_f32acc_ptx_ex2_approx_f16x2_r3,softmax_oratc_targeted_g48s1024_confirm_v1_20260725_sess02_pos1_ptx_f16x2_g48_s1024_cache_reuse_candidate_probe_ptx_f16x2_g48_s00_p03,probe_after,3,2,20,139076.352329,139076.353747,139076.353038,0.00141789999907,10.036027075,5005235075,true,true
softmax_1784950342986_softmax_full_f16io_f32acc_ptx_ex2_approx_f16x2_r3,softmax_oratc_targeted_g48s1024_confirm_v1_20260725_sess02_pos1_ptx_f16x2_g48_s1024_cache_reuse_candidate_probe_ptx_f16x2_g48_s00_p03,probe_after,3,2,21,139076.853873,139076.855283,139076.854578,0.00141070000245,10.537567418,5005353365,true,true
softmax_1784950342986_softmax_full_f16io_f32acc_ptx_ex2_approx_f16x2_r3,softmax_oratc_targeted_g48s1024_confirm_v1_20260725_sess02_pos1_ptx_f16x2_g48_s1024_cache_reuse_candidate_probe_ptx_f16x2_g48_s00_p03,probe_after,3,2,22,139077.355412,139077.356755,139077.356084,0.00134360001539,11.039072911,5005471284,true,true
softmax_1784950342986_softmax_full_f16io_f32acc_ptx_ex2_approx_f16x2_r3,softmax_oratc_targeted_g48s1024_confirm_v1_20260725_sess02_pos1_ptx_f16x2_g48_s1024_cache_reuse_candidate_probe_ptx_f16x2_g48_s00_p03,probe_after,3,2,23,139077.856874,139077.858245,139077.857559,0.0013709999912,11.540548458,5005588912,true,false
softmax_1784950342986_softmax_full_f16io_f32acc_ptx_ex2_approx_f16x2_r3,softmax_oratc_targeted_g48s1024_confirm_v1_20260725_sess02_pos1_ptx_f16x2_g48_s1024_cache_reuse_candidate_probe_ptx_f16x2_g48_s00_p03,probe_after,3,2,24,139078.358363,139078.36017,139078.359266,0.00180710101267,12.0422557545,5005705989,true,false
softmax_1784950342986_softmax_full_f16io_f32acc_ptx_ex2_approx_f16x2_r3,softmax_oratc_targeted_g48s1024_confirm_v1_20260725_sess02_pos1_ptx_f16x2_g48_s1024_cache_reuse_candidate_probe_ptx_f16x2_g48_s00_p03,probe_after,3,2,25,139078.623536,139078.624928,139078.624232,0.00139210099587,12.3072216025,5005765833,true,false
softmax_1784950355306_softmax_full_f16io_f32acc_ptx_ex2_approx_f16x2_r4,softmax_oratc_targeted_g48s1024_confirm_v1_20260725_sess02_pos1_ptx_f16x2_g48_s1024_cache_reuse_candidate_probe_ptx_f16x2_g48_s00_p04,probe_before,4,0,0,139078.636332,139078.637494,139078.636913,0.00116189999972,-0.000587549991906,5005765833,false,false
softmax_1784950355306_softmax_full_f16io_f32acc_ptx_ex2_approx_f16x2_r4,softmax_oratc_targeted_g48s1024_confirm_v1_20260725_sess02_pos1_ptx_f16x2_g48_s1024_cache_reuse_candidate_probe_ptx_f16x2_g48_s00_p04,probe_before,4,0,1,139079.137759,139079.139123,139079.138441,0.00136340101017,0.500940247497,5005873799,true,false
softmax_1784950355306_softmax_full_f16io_f32acc_ptx_ex2_approx_f16x2_r4,softmax_oratc_targeted_g48s1024_confirm_v1_20260725_sess02_pos1_ptx_f16x2_g48_s1024_cache_reuse_candidate_probe_ptx_f16x2_g48_s00_p04,probe_before,4,0,2,139079.639296,139079.640626,139079.639961,0.00133020000067,1.00246049699,5005990552,true,false
softmax_1784950355306_softmax_full_f16io_f32acc_ptx_ex2_approx_f16x2_r4,softmax_oratc_targeted_g48s1024_confirm_v1_20260725_sess02_pos1_ptx_f16x2_g48_s1024_cache_reuse_candidate_probe_ptx_f16x2_g48_s00_p04,probe_before,4,0,3,139080.140767,139080.142149,139080.141458,0.00138230100856,1.50395709751,5006106969,true,true
softmax_1784950355306_softmax_full_f16io_f32acc_ptx_ex2_approx_f16x2_r4,softmax_oratc_targeted_g48s1024_confirm_v1_20260725_sess02_pos1_ptx_f16x2_g48_s1024_cache_reuse_candidate_probe_ptx_f16x2_g48_s00_p04,probe_before,4,0,4,139080.642315,139080.643678,139080.642996,0.00136269899667,2.00549557948,5006222954,true,true
softmax_1784950355306_softmax_full_f16io_f32acc_ptx_ex2_approx_f16x2_r4,softmax_oratc_targeted_g48s1024_confirm_v1_20260725_sess02_pos1_ptx_f16x2_g48_s1024_cache_reuse_candidate_probe_ptx_f16x2_g48_s00_p04,probe_before,4,0,5,139081.143846,139081.148886,139081.146366,0.00504049699521,2.5088653735,5006338497,true,true
softmax_1784950355306_softmax_full_f16io_f32acc_ptx_ex2_approx_f16x2_r4,softmax_oratc_targeted_g48s1024_confirm_v1_20260725_sess02_pos1_ptx_f16x2_g48_s1024_cache_reuse_candidate_probe_ptx_f16x2_g48_s00_p04,probe_before,4,0,6,139081.649046,139081.650438,139081.649742,0.00139199901605,3.01224101949,5006457664,true,true
softmax_1784950355306_softmax_full_f16io_f32acc_ptx_ex2_approx_f16x2_r4,softmax_oratc_targeted_g48s1024_confirm_v1_20260725_sess02_pos1_ptx_f16x2_g48_s1024_cache_reuse_candidate_probe_ptx_f16x2_g48_s00_p04,probe_before,4,0,7,139082.150557,139082.151916,139082.151236,0.00135880001471,3.51373561801,5006576637,true,true
softmax_1784950355306_softmax_full_f16io_f32acc_ptx_ex2_approx_f16x2_r4,softmax_oratc_targeted_g48s1024_confirm_v1_20260725_sess02_pos1_ptx_f16x2_g48_s1024_cache_reuse_candidate_probe_ptx_f16x2_g48_s00_p04,probe_before,4,0,8,139082.652086,139082.6534,139082.652743,0.00131419999525,4.015242519,5006695235,true,true
softmax_1784950355306_softmax_full_f16io_f32acc_ptx_ex2_approx_f16x2_r4,softmax_oratc_targeted_g48s1024_confirm_v1_20260725_sess02_pos1_ptx_f16x2_g48_s1024_cache_reuse_candidate_probe_ptx_f16x2_g48_s00_p04,probe_before,4,0,9,139083.153566,139083.154941,139083.154253,0.00137509897468,4.51675267148,5006813389,true,true
softmax_1784950355306_softmax_full_f16io_f32acc_ptx_ex2_approx_f16x2_r4,softmax_oratc_targeted_g48s1024_confirm_v1_20260725_sess02_pos1_ptx_f16x2_g48_s1024_cache_reuse_candidate_probe_ptx_f16x2_g48_s00_p04,probe_before,4,0,10,139083.655104,139083.656446,139083.655775,0.00134200000321,5.018273967,5006931026,true,true
softmax_1784950355306_softmax_full_f16io_f32acc_ptx_ex2_approx_f16x2_r4,softmax_oratc_targeted_g48s1024_confirm_v1_20260725_sess02_pos1_ptx_f16x2_g48_s1024_cache_reuse_candidate_probe_ptx_f16x2_g48_s00_p04,probe_before,4,0,11,139084.156602,139084.158334,139084.157468,0.00173180000274,5.51996749602,5007048195,true,true
softmax_1784950355306_softmax_full_f16io_f32acc_ptx_ex2_approx_f16x2_r4,softmax_oratc_targeted_g48s1024_confirm_v1_20260725_sess02_pos1_ptx_f16x2_g48_s1024_cache_reuse_candidate_probe_ptx_f16x2_g48_s00_p04,probe_before,4,0,12,139084.658493,139084.659862,139084.659177,0.00136900000507,6.02167662699,5007164861,true,true
softmax_1784950355306_softmax_full_f16io_f32acc_ptx_ex2_approx_f16x2_r4,softmax_oratc_targeted_g48s1024_confirm_v1_20260725_sess02_pos1_ptx_f16x2_g48_s1024_cache_reuse_candidate_probe_ptx_f16x2_g48_s00_p04,probe_before,4,0,13,139085.160026,139085.16142,139085.160723,0.00139409999247,6.52322220997,5007281036,true,true
softmax_1784950355306_softmax_full_f16io_f32acc_ptx_ex2_approx_f16x2_r4,softmax_oratc_targeted_g48s1024_confirm_v1_20260725_sess02_pos1_ptx_f16x2_g48_s1024_cache_reuse_candidate_probe_ptx_f16x2_g48_s00_p04,probe_before,4,0,14,139085.661599,139085.662842,139085.66222,0.00124290099484,7.02471944448,5007420984,true,true
softmax_1784950355306_softmax_full_f16io_f32acc_ptx_ex2_approx_f16x2_r4,softmax_oratc_targeted_g48s1024_confirm_v1_20260725_sess02_pos1_ptx_f16x2_g48_s1024_cache_reuse_candidate_probe_ptx_f16x2_g48_s00_p04,probe_before,4,0,15,139086.16296,139086.167936,139086.165448,0.0049754010106,7.52794733152,5007540960,true,true
softmax_1784950355306_softmax_full_f16io_f32acc_ptx_ex2_approx_f16x2_r4,softmax_oratc_targeted_g48s1024_confirm_v1_20260725_sess02_pos1_ptx_f16x2_g48_s1024_cache_reuse_candidate_probe_ptx_f16x2_g48_s00_p04,probe_before,4,0,16,139086.668104,139086.669449,139086.668776,0.00134539999999,8.03127556999,5007660234,true,true
softmax_1784950355306_softmax_full_f16io_f32acc_ptx_ex2_approx_f16x2_r4,softmax_oratc_targeted_g48s1024_confirm_v1_20260725_sess02_pos1_ptx_f16x2_g48_s1024_cache_reuse_candidate_probe_ptx_f16x2_g48_s00_p04,probe_before,4,0,17,139087.169617,139087.170988,139087.170302,0.00137089999043,8.53280135998,5007779073,true,true
softmax_1784950355306_softmax_full_f16io_f32acc_ptx_ex2_approx_f16x2_r4,softmax_oratc_targeted_g48s1024_confirm_v1_20260725_sess02_pos1_ptx_f16x2_g48_s1024_cache_reuse_candidate_probe_ptx_f16x2_g48_s00_p04,probe_before,4,0,18,139087.671153,139087.672503,139087.671828,0.00134990000515,9.03432710198,5007897388,true,true
softmax_1784950355306_softmax_full_f16io_f32acc_ptx_ex2_approx_f16x2_r4,softmax_oratc_targeted_g48s1024_confirm_v1_20260725_sess02_pos1_ptx_f16x2_g48_s1024_cache_reuse_candidate_probe_ptx_f16x2_g48_s00_p04,probe_before,4,0,19,139088.172637,139088.173961,139088.173299,0.00132430100348,9.53579844549,5008015234,true,true
softmax_1784950355306_softmax_full_f16io_f32acc_ptx_ex2_approx_f16x2_r4,softmax_oratc_targeted_g48s1024_confirm_v1_20260725_sess02_pos1_ptx_f16x2_g48_s1024_cache_reuse_candidate_probe_ptx_f16x2_g48_s00_p04,probe_before,4,0,20,139088.67409,139088.675444,139088.674767,0.00135349901393,10.0372663455,5008132603,true,true
softmax_1784950355306_softmax_full_f16io_f32acc_ptx_ex2_approx_f16x2_r4,softmax_oratc_targeted_g48s1024_confirm_v1_20260725_sess02_pos1_ptx_f16x2_g48_s1024_cache_reuse_candidate_probe_ptx_f16x2_g48_s00_p04,probe_before,4,0,21,139089.17561,139089.176919,139089.176265,0.0013095989998,10.5387638535,5008249433,true,true
softmax_1784950355306_softmax_full_f16io_f32acc_ptx_ex2_approx_f16x2_r4,softmax_oratc_targeted_g48s1024_confirm_v1_20260725_sess02_pos1_ptx_f16x2_g48_s1024_cache_reuse_candidate_probe_ptx_f16x2_g48_s00_p04,probe_before,4,0,22,139089.677088,139089.678444,139089.677766,0.0013560000225,11.040265514,5008366049,true,true
softmax_1784950355306_softmax_full_f16io_f32acc_ptx_ex2_approx_f16x2_r4,softmax_oratc_targeted_g48s1024_confirm_v1_20260725_sess02_pos1_ptx_f16x2_g48_s1024_cache_reuse_candidate_probe_ptx_f16x2_g48_s00_p04,probe_before,4,0,23,139090.178594,139090.179994,139090.179294,0.00139939898509,11.5417933755,5008482323,true,false
softmax_1784950355306_softmax_full_f16io_f32acc_ptx_ex2_approx_f16x2_r4,softmax_oratc_targeted_g48s1024_confirm_v1_20260725_sess02_pos1_ptx_f16x2_g48_s1024_cache_reuse_candidate_probe_ptx_f16x2_g48_s00_p04,probe_before,4,0,24,139090.6801,139090.681498,139090.680799,0.00139779900201,12.0432982395,5008597364,true,false
softmax_1784950355306_softmax_full_f16io_f32acc_ptx_ex2_approx_f16x2_r4,softmax_oratc_targeted_g48s1024_confirm_v1_20260725_sess02_pos1_ptx_f16x2_g48_s1024_cache_reuse_candidate_probe_ptx_f16x2_g48_s00_p04,probe_before,4,0,25,139090.944962,139090.946325,139090.945643,0.00136319900048,12.3081425685,5008634114,true,false
softmax_1784950367624_softmax_full_f16io_f32acc_ptx_ex2_approx_f16x2_r4,softmax_oratc_targeted_g48s1024_confirm_v1_20260725_sess02_pos1_ptx_f16x2_g48_s1024_cache_reuse_candidate_probe_ptx_f16x2_g48_s00_p04,full,4,1,0,139090.953866,139090.954973,139090.954419,0.00110750002204,-0.000559550011531,5008634114,false,false
softmax_1784950367624_softmax_full_f16io_f32acc_ptx_ex2_approx_f16x2_r4,softmax_oratc_targeted_g48s1024_confirm_v1_20260725_sess02_pos1_ptx_f16x2_g48_s1024_cache_reuse_candidate_probe_ptx_f16x2_g48_s00_p04,full,4,1,1,139091.455239,139091.456647,139091.455943,0.00140770000871,0.500963716011,5008745475,true,false
softmax_1784950367624_softmax_full_f16io_f32acc_ptx_ex2_approx_f16x2_r4,softmax_oratc_targeted_g48s1024_confirm_v1_20260725_sess02_pos1_ptx_f16x2_g48_s1024_cache_reuse_candidate_probe_ptx_f16x2_g48_s00_p04,full,4,1,2,139091.956772,139091.958133,139091.957452,0.0013609000016,1.00247328501,5008862603,true,false
softmax_1784950367624_softmax_full_f16io_f32acc_ptx_ex2_approx_f16x2_r4,softmax_oratc_targeted_g48s1024_confirm_v1_20260725_sess02_pos1_ptx_f16x2_g48_s1024_cache_reuse_candidate_probe_ptx_f16x2_g48_s00_p04,full,4,1,3,139092.458238,139092.459549,139092.458894,0.00131089999923,1.50391465402,5009003551,true,true
softmax_1784950367624_softmax_full_f16io_f32acc_ptx_ex2_approx_f16x2_r4,softmax_oratc_targeted_g48s1024_confirm_v1_20260725_sess02_pos1_ptx_f16x2_g48_s1024_cache_reuse_candidate_probe_ptx_f16x2_g48_s00_p04,full,4,1,4,139092.959676,139092.960963,139092.96032,0.00128649998805,2.00534071599,5009124115,true,true
softmax_1784950367624_softmax_full_f16io_f32acc_ptx_ex2_approx_f16x2_r4,softmax_oratc_targeted_g48s1024_confirm_v1_20260725_sess02_pos1_ptx_f16x2_g48_s1024_cache_reuse_candidate_probe_ptx_f16x2_g48_s00_p04,full,4,1,5,139093.461083,139093.465088,139093.463086,0.00400460101082,2.50810678751,5009244451,true,true
softmax_1784950367624_softmax_full_f16io_f32acc_ptx_ex2_approx_f16x2_r4,softmax_oratc_targeted_g48s1024_confirm_v1_20260725_sess02_pos1_ptx_f16x2_g48_s1024_cache_reuse_candidate_probe_ptx_f16x2_g48_s00_p04,full,4,1,6,139093.965211,139093.96657,139093.965891,0.00135889998637,3.010911761,5009364314,true,true
softmax_1784950367624_softmax_full_f16io_f32acc_ptx_ex2_approx_f16x2_r4,softmax_oratc_targeted_g48s1024_confirm_v1_20260725_sess02_pos1_ptx_f16x2_g48_s1024_cache_reuse_candidate_probe_ptx_f16x2_g48_s00_p04,full,4,1,7,139094.466686,139094.468094,139094.46739,0.00140819998342,3.51241063501,5009483849,true,true
softmax_1784950367624_softmax_full_f16io_f32acc_ptx_ex2_approx_f16x2_r4,softmax_oratc_targeted_g48s1024_confirm_v1_20260725_sess02_pos1_ptx_f16x2_g48_s1024_cache_reuse_candidate_probe_ptx_f16x2_g48_s00_p04,full,4,1,8,139094.968209,139094.969562,139094.968885,0.00135310000041,4.013906412,5009603005,true,true
softmax_1784950367624_softmax_full_f16io_f32acc_ptx_ex2_approx_f16x2_r4,softmax_oratc_targeted_g48s1024_confirm_v1_20260725_sess02_pos1_ptx_f16x2_g48_s1024_cache_reuse_candidate_probe_ptx_f16x2_g48_s00_p04,full,4,1,9,139095.469739,139095.471079,139095.470409,0.00133989998722,4.51543034002,5009721821,true,true
softmax_1784950367624_softmax_full_f16io_f32acc_ptx_ex2_approx_f16x2_r4,softmax_oratc_targeted_g48s1024_confirm_v1_20260725_sess02_pos1_ptx_f16x2_g48_s1024_cache_reuse_candidate_probe_ptx_f16x2_g48_s00_p04,full,4,1,10,139095.971205,139095.97259,139095.971897,0.00138470099773,5.0169184705,5009840179,true,true
softmax_1784950367624_softmax_full_f16io_f32acc_ptx_ex2_approx_f16x2_r4,softmax_oratc_targeted_g48s1024_confirm_v1_20260725_sess02_pos1_ptx_f16x2_g48_s1024_cache_reuse_candidate_probe_ptx_f16x2_g48_s00_p04,full,4,1,11,139096.472714,139096.474066,139096.47339,0.00135269900784,5.51841089351,5009958095,true,true
softmax_1784950367624_softmax_full_f16io_f32acc_ptx_ex2_approx_f16x2_r4,softmax_oratc_targeted_g48s1024_confirm_v1_20260725_sess02_pos1_ptx_f16x2_g48_s1024_cache_reuse_candidate_probe_ptx_f16x2_g48_s00_p04,full,4,1,12,139096.974191,139096.975579,139096.974885,0.00138839898864,6.01990629151,5010075543,true,true
softmax_1784950367624_softmax_full_f16io_f32acc_ptx_ex2_approx_f16x2_r4,softmax_oratc_targeted_g48s1024_confirm_v1_20260725_sess02_pos1_ptx_f16x2_g48_s1024_cache_reuse_candidate_probe_ptx_f16x2_g48_s00_p04,full,4,1,13,139097.475696,139097.477078,139097.476387,0.00138119899202,6.5214080415,5010192563,true,true
softmax_1784950367624_softmax_full_f16io_f32acc_ptx_ex2_approx_f16x2_r4,softmax_oratc_targeted_g48s1024_confirm_v1_20260725_sess02_pos1_ptx_f16x2_g48_s1024_cache_reuse_candidate_probe_ptx_f16x2_g48_s00_p04,full,4,1,14,139097.977267,139097.978678,139097.977972,0.00141019898001,7.02299349351,5010309263,true,true
softmax_1784950367624_softmax_full_f16io_f32acc_ptx_ex2_approx_f16x2_r4,softmax_oratc_targeted_g48s1024_confirm_v1_20260725_sess02_pos1_ptx_f16x2_g48_s1024_cache_reuse_candidate_probe_ptx_f16x2_g48_s00_p04,full,4,1,15,139098.478808,139098.483468,139098.481138,0.00466029701056,7.5261592945,5010425520,true,true
softmax_1784950367624_softmax_full_f16io_f32acc_ptx_ex2_approx_f16x2_r4,softmax_oratc_targeted_g48s1024_confirm_v1_20260725_sess02_pos1_ptx_f16x2_g48_s1024_cache_reuse_candidate_probe_ptx_f16x2_g48_s00_p04,full,4,1,16,139098.983638,139098.985024,139098.984331,0.00138649900327,8.02935194853,5010545552,true,true
softmax_1784950367624_softmax_full_f16io_f32acc_ptx_ex2_approx_f16x2_r4,softmax_oratc_targeted_g48s1024_confirm_v1_20260725_sess02_pos1_ptx_f16x2_g48_s1024_cache_reuse_candidate_probe_ptx_f16x2_g48_s00_p04,full,4,1,17,139099.48515,139099.486512,139099.485831,0.00136219899287,8.53085225553,5010665216,true,true
softmax_1784950367624_softmax_full_f16io_f32acc_ptx_ex2_approx_f16x2_r4,softmax_oratc_targeted_g48s1024_confirm_v1_20260725_sess02_pos1_ptx_f16x2_g48_s1024_cache_reuse_candidate_probe_ptx_f16x2_g48_s00_p04,full,4,1,18,139099.986644,139099.988036,139099.98734,0.00139199997648,9.03236111399,5010784445,true,true
softmax_1784950367624_softmax_full_f16io_f32acc_ptx_ex2_approx_f16x2_r4,softmax_oratc_targeted_g48s1024_confirm_v1_20260725_sess02_pos1_ptx_f16x2_g48_s1024_cache_reuse_candidate_probe_ptx_f16x2_g48_s00_p04,full,4,1,19,139100.488152,139100.489573,139100.488863,0.00142090002191,9.53388375102,5010903259,true,true
softmax_1784950367624_softmax_full_f16io_f32acc_ptx_ex2_approx_f16x2_r4,softmax_oratc_targeted_g48s1024_confirm_v1_20260725_sess02_pos1_ptx_f16x2_g48_s1024_cache_reuse_candidate_probe_ptx_f16x2_g48_s00_p04,full,4,1,20,139100.989702,139100.991088,139100.990395,0.00138510100078,10.0354160505,5011021647,true,true
softmax_1784950367624_softmax_full_f16io_f32acc_ptx_ex2_approx_f16x2_r4,softmax_oratc_targeted_g48s1024_confirm_v1_20260725_sess02_pos1_ptx_f16x2_g48_s1024_cache_reuse_candidate_probe_ptx_f16x2_g48_s00_p04,full,4,1,21,139101.491205,139101.492604,139101.491905,0.00139910000144,10.536925551,5011139434,true,true
softmax_1784950367624_softmax_full_f16io_f32acc_ptx_ex2_approx_f16x2_r4,softmax_oratc_targeted_g48s1024_confirm_v1_20260725_sess02_pos1_ptx_f16x2_g48_s1024_cache_reuse_candidate_probe_ptx_f16x2_g48_s00_p04,full,4,1,22,139101.992733,139101.994094,139101.993413,0.00136100099189,11.0384343045,5011256897,true,true
softmax_1784950367624_softmax_full_f16io_f32acc_ptx_ex2_approx_f16x2_r4,softmax_oratc_targeted_g48s1024_confirm_v1_20260725_sess02_pos1_ptx_f16x2_g48_s1024_cache_reuse_candidate_probe_ptx_f16x2_g48_s00_p04,full,4,1,23,139102.494187,139102.495529,139102.494858,0.00134190099197,11.5398789585,5011373973,true,false
softmax_1784950367624_softmax_full_f16io_f32acc_ptx_ex2_approx_f16x2_r4,softmax_oratc_targeted_g48s1024_confirm_v1_20260725_sess02_pos1_ptx_f16x2_g48_s1024_cache_reuse_candidate_probe_ptx_f16x2_g48_s00_p04,full,4,1,24,139102.995652,139102.997065,139102.996359,0.0014128999901,12.041379865,5011490531,true,false
softmax_1784950367624_softmax_full_f16io_f32acc_ptx_ex2_approx_f16x2_r4,softmax_oratc_targeted_g48s1024_confirm_v1_20260725_sess02_pos1_ptx_f16x2_g48_s1024_cache_reuse_candidate_probe_ptx_f16x2_g48_s00_p04,full,4,1,25,139103.310171,139103.311608,139103.310889,0.00143780000508,12.355910482,5011548451,true,false
softmax_1784950379992_softmax_full_f16io_f32acc_ptx_ex2_approx_f16x2_r4,softmax_oratc_targeted_g48s1024_confirm_v1_20260725_sess02_pos1_ptx_f16x2_g48_s1024_cache_reuse_candidate_probe_ptx_f16x2_g48_s00_p04,probe_after,4,2,0,139103.319688,139103.322841,139103.321265,0.00315270098508,-0.00158295047004,5011548451,false,false
softmax_1784950379992_softmax_full_f16io_f32acc_ptx_ex2_approx_f16x2_r4,softmax_oratc_targeted_g48s1024_confirm_v1_20260725_sess02_pos1_ptx_f16x2_g48_s1024_cache_reuse_candidate_probe_ptx_f16x2_g48_s00_p04,probe_after,4,2,1,139103.823118,139103.824534,139103.823826,0.00141640100628,0.500978109514,5011658230,true,false
softmax_1784950379992_softmax_full_f16io_f32acc_ptx_ex2_approx_f16x2_r4,softmax_oratc_targeted_g48s1024_confirm_v1_20260725_sess02_pos1_ptx_f16x2_g48_s1024_cache_reuse_candidate_probe_ptx_f16x2_g48_s00_p04,probe_after,4,2,2,139104.324694,139104.326183,139104.325439,0.00148910001735,1.00259085302,5011776688,true,false
softmax_1784950379992_softmax_full_f16io_f32acc_ptx_ex2_approx_f16x2_r4,softmax_oratc_targeted_g48s1024_confirm_v1_20260725_sess02_pos1_ptx_f16x2_g48_s1024_cache_reuse_candidate_probe_ptx_f16x2_g48_s00_p04,probe_after,4,2,3,139104.826315,139104.827846,139104.82708,0.00153100001626,1.50423227201,5011894711,true,true
softmax_1784950379992_softmax_full_f16io_f32acc_ptx_ex2_approx_f16x2_r4,softmax_oratc_targeted_g48s1024_confirm_v1_20260725_sess02_pos1_ptx_f16x2_g48_s1024_cache_reuse_candidate_probe_ptx_f16x2_g48_s00_p04,probe_after,4,2,4,139105.328046,139105.329413,139105.32873,0.0013666000159,2.005881941,5012012242,true,true
softmax_1784950379992_softmax_full_f16io_f32acc_ptx_ex2_approx_f16x2_r4,softmax_oratc_targeted_g48s1024_confirm_v1_20260725_sess02_pos1_ptx_f16x2_g48_s1024_cache_reuse_candidate_probe_ptx_f16x2_g48_s00_p04,probe_after,4,2,5,139105.829566,139105.830908,139105.830237,0.00134119999711,2.50738931401,5012129377,true,true
softmax_1784950379992_softmax_full_f16io_f32acc_ptx_ex2_approx_f16x2_r4,softmax_oratc_targeted_g48s1024_confirm_v1_20260725_sess02_pos1_ptx_f16x2_g48_s1024_cache_reuse_candidate_probe_ptx_f16x2_g48_s00_p04,probe_after,4,2,6,139106.331064,139106.332441,139106.331752,0.00137750001159,3.00890453602,5012246263,true,true
softmax_1784950379992_softmax_full_f16io_f32acc_ptx_ex2_approx_f16x2_r4,softmax_oratc_targeted_g48s1024_confirm_v1_20260725_sess02_pos1_ptx_f16x2_g48_s1024_cache_reuse_candidate_probe_ptx_f16x2_g48_s00_p04,probe_after,4,2,7,139106.832565,139106.833943,139106.833254,0.00137820001692,3.51040636201,5012362798,true,true
softmax_1784950379992_softmax_full_f16io_f32acc_ptx_ex2_approx_f16x2_r4,softmax_oratc_targeted_g48s1024_confirm_v1_20260725_sess02_pos1_ptx_f16x2_g48_s1024_cache_reuse_candidate_probe_ptx_f16x2_g48_s00_p04,probe_after,4,2,8,139107.334105,139107.335514,139107.33481,0.00140969999484,4.011961788,5012479022,true,true
softmax_1784950379992_softmax_full_f16io_f32acc_ptx_ex2_approx_f16x2_r4,softmax_oratc_targeted_g48s1024_confirm_v1_20260725_sess02_pos1_ptx_f16x2_g48_s1024_cache_reuse_candidate_probe_ptx_f16x2_g48_s00_p04,probe_after,4,2,9,139107.835674,139107.840744,139107.838209,0.00507059998927,4.51536141703,5012594812,true,true
softmax_1784950379992_softmax_full_f16io_f32acc_ptx_ex2_approx_f16x2_r4,softmax_oratc_targeted_g48s1024_confirm_v1_20260725_sess02_pos1_ptx_f16x2_g48_s1024_cache_reuse_candidate_probe_ptx_f16x2_g48_s00_p04,probe_after,4,2,10,139108.340906,139108.34232,139108.341613,0.00141340002301,5.01876529603,5012714084,true,true
softmax_1784950379992_softmax_full_f16io_f32acc_ptx_ex2_approx_f16x2_r4,softmax_oratc_targeted_g48s1024_confirm_v1_20260725_sess02_pos1_ptx_f16x2_g48_s1024_cache_reuse_candidate_probe_ptx_f16x2_g48_s00_p04,probe_after,4,2,11,139108.842435,139108.843825,139108.84313,0.00139000001946,5.520281879,5012832821,true,true
softmax_1784950379992_softmax_full_f16io_f32acc_ptx_ex2_approx_f16x2_r4,softmax_oratc_targeted_g48s1024_confirm_v1_20260725_sess02_pos1_ptx_f16x2_g48_s1024_cache_reuse_candidate_probe_ptx_f16x2_g48_s00_p04,probe_after,4,2,12,139109.343994,139109.345407,139109.3447,0.00141250001616,6.02185261203,5012951138,true,true
softmax_1784950379992_softmax_full_f16io_f32acc_ptx_ex2_approx_f16x2_r4,softmax_oratc_targeted_g48s1024_confirm_v1_20260725_sess02_pos1_ptx_f16x2_g48_s1024_cache_reuse_candidate_probe_ptx_f16x2_g48_s00_p04,probe_after,4,2,13,139109.845574,139109.846968,139109.846271,0.00139459999627,6.52342304803,5013068957,true,true
softmax_1784950379992_softmax_full_f16io_f32acc_ptx_ex2_approx_f16x2_r4,softmax_oratc_targeted_g48s1024_confirm_v1_20260725_sess02_pos1_ptx_f16x2_g48_s1024_cache_reuse_candidate_probe_ptx_f16x2_g48_s00_p04,probe_after,4,2,14,139110.347138,139110.34851,139110.347824,0.00137189999805,7.024975785,5013186426,true,true
softmax_1784950379992_softmax_full_f16io_f32acc_ptx_ex2_approx_f16x2_r4,softmax_oratc_targeted_g48s1024_confirm_v1_20260725_sess02_pos1_ptx_f16x2_g48_s1024_cache_reuse_candidate_probe_ptx_f16x2_g48_s00_p04,probe_after,4,2,15,139110.848661,139110.850393,139110.849527,0.00173209997592,7.52667927401,5013303539,true,true
softmax_1784950379992_softmax_full_f16io_f32acc_ptx_ex2_approx_f16x2_r4,softmax_oratc_targeted_g48s1024_confirm_v1_20260725_sess02_pos1_ptx_f16x2_g48_s1024_cache_reuse_candidate_probe_ptx_f16x2_g48_s00_p04,probe_after,4,2,16,139111.350564,139111.352023,139111.351294,0.00145849998808,8.02844576401,5013420347,true,true
softmax_1784950379992_softmax_full_f16io_f32acc_ptx_ex2_approx_f16x2_r4,softmax_oratc_targeted_g48s1024_confirm_v1_20260725_sess02_pos1_ptx_f16x2_g48_s1024_cache_reuse_candidate_probe_ptx_f16x2_g48_s00_p04,probe_after,4,2,17,139111.852142,139111.853398,139111.85277,0.00125669999397,8.529922357,5013560872,true,true
softmax_1784950379992_softmax_full_f16io_f32acc_ptx_ex2_approx_f16x2_r4,softmax_oratc_targeted_g48s1024_confirm_v1_20260725_sess02_pos1_ptx_f16x2_g48_s1024_cache_reuse_candidate_probe_ptx_f16x2_g48_s00_p04,probe_after,4,2,18,139112.35356,139112.354864,139112.354212,0.0013038990146,9.03136413853,5013681022,true,true
softmax_1784950379992_softmax_full_f16io_f32acc_ptx_ex2_approx_f16x2_r4,softmax_oratc_targeted_g48s1024_confirm_v1_20260725_sess02_pos1_ptx_f16x2_g48_s1024_cache_reuse_candidate_probe_ptx_f16x2_g48_s00_p04,probe_after,4,2,19,139112.855037,139112.859132,139112.857084,0.00409469997976,9.53423665802,5013800895,true,true
softmax_1784950379992_softmax_full_f16io_f32acc_ptx_ex2_approx_f16x2_r4,softmax_oratc_targeted_g48s1024_confirm_v1_20260725_sess02_pos1_ptx_f16x2_g48_s1024_cache_reuse_candidate_probe_ptx_f16x2_g48_s00_p04,probe_after,4,2,20,139113.359304,139113.360712,139113.360008,0.00140840001404,10.037160128,5013920039,true,true
softmax_1784950379992_softmax_full_f16io_f32acc_ptx_ex2_approx_f16x2_r4,softmax_oratc_targeted_g48s1024_confirm_v1_20260725_sess02_pos1_ptx_f16x2_g48_s1024_cache_reuse_candidate_probe_ptx_f16x2_g48_s00_p04,probe_after,4,2,21,139113.86083,139113.862213,139113.861521,0.0013833999983,10.538673551,5014038727,true,true
softmax_1784950379992_softmax_full_f16io_f32acc_ptx_ex2_approx_f16x2_r4,softmax_oratc_targeted_g48s1024_confirm_v1_20260725_sess02_pos1_ptx_f16x2_g48_s1024_cache_reuse_candidate_probe_ptx_f16x2_g48_s00_p04,probe_after,4,2,22,139114.362383,139114.36375,139114.363066,0.00136640001438,11.040218674,5014157140,true,true
softmax_1784950379992_softmax_full_f16io_f32acc_ptx_ex2_approx_f16x2_r4,softmax_oratc_targeted_g48s1024_confirm_v1_20260725_sess02_pos1_ptx_f16x2_g48_s1024_cache_reuse_candidate_probe_ptx_f16x2_g48_s00_p04,probe_after,4,2,23,139114.863915,139114.865384,139114.86465,0.00146910001058,11.541802051,5014275229,true,false
softmax_1784950379992_softmax_full_f16io_f32acc_ptx_ex2_approx_f16x2_r4,softmax_oratc_targeted_g48s1024_confirm_v1_20260725_sess02_pos1_ptx_f16x2_g48_s1024_cache_reuse_candidate_probe_ptx_f16x2_g48_s00_p04,probe_after,4,2,24,139115.365571,139115.367041,139115.366306,0.00146989998757,12.043457978,5014391985,true,false
softmax_1784950379992_softmax_full_f16io_f32acc_ptx_ex2_approx_f16x2_r4,softmax_oratc_targeted_g48s1024_confirm_v1_20260725_sess02_pos1_ptx_f16x2_g48_s1024_cache_reuse_candidate_probe_ptx_f16x2_g48_s00_p04,probe_after,4,2,25,139115.631626,139115.632935,139115.63228,0.00130939899827,12.3094325905,5014430043,true,false
softmax_1784950392313_softmax_full_f16io_f32acc_ptx_ex2_approx_f16x2_r5,softmax_oratc_targeted_g48s1024_confirm_v1_20260725_sess02_pos1_ptx_f16x2_g48_s1024_cache_reuse_candidate_probe_ptx_f16x2_g48_s00_p05,full_before,5,0,0,139115.642753,139115.643959,139115.643356,0.00120590001461,-0.000608949980233,5014430043,false,false
softmax_1784950392313_softmax_full_f16io_f32acc_ptx_ex2_approx_f16x2_r5,softmax_oratc_targeted_g48s1024_confirm_v1_20260725_sess02_pos1_ptx_f16x2_g48_s1024_cache_reuse_candidate_probe_ptx_f16x2_g48_s00_p05,full_before,5,0,1,139116.144261,139116.145598,139116.144929,0.00133680002182,0.500964529987,5014538657,true,false
softmax_1784950392313_softmax_full_f16io_f32acc_ptx_ex2_approx_f16x2_r5,softmax_oratc_targeted_g48s1024_confirm_v1_20260725_sess02_pos1_ptx_f16x2_g48_s1024_cache_reuse_candidate_probe_ptx_f16x2_g48_s00_p05,full_before,5,0,2,139116.645717,139116.647148,139116.646432,0.00143120001303,1.00246756201,5014656720,true,false
softmax_1784950392313_softmax_full_f16io_f32acc_ptx_ex2_approx_f16x2_r5,softmax_oratc_targeted_g48s1024_confirm_v1_20260725_sess02_pos1_ptx_f16x2_g48_s1024_cache_reuse_candidate_probe_ptx_f16x2_g48_s00_p05,full_before,5,0,3,139117.147278,139117.148786,139117.148032,0.00150740001118,1.504067414,5014774254,true,true
softmax_1784950392313_softmax_full_f16io_f32acc_ptx_ex2_approx_f16x2_r5,softmax_oratc_targeted_g48s1024_confirm_v1_20260725_sess02_pos1_ptx_f16x2_g48_s1024_cache_reuse_candidate_probe_ptx_f16x2_g48_s00_p05,full_before,5,0,4,139117.648923,139117.650263,139117.649593,0.00134000001708,2.005628599,5014891298,true,true
softmax_1784950392313_softmax_full_f16io_f32acc_ptx_ex2_approx_f16x2_r5,softmax_oratc_targeted_g48s1024_confirm_v1_20260725_sess02_pos1_ptx_f16x2_g48_s1024_cache_reuse_candidate_probe_ptx_f16x2_g48_s00_p05,full_before,5,0,5,139118.150399,139118.151719,139118.151059,0.00131970000803,2.50709463598,5015032060,true,true
softmax_1784950392313_softmax_full_f16io_f32acc_ptx_ex2_approx_f16x2_r5,softmax_oratc_targeted_g48s1024_confirm_v1_20260725_sess02_pos1_ptx_f16x2_g48_s1024_cache_reuse_candidate_probe_ptx_f16x2_g48_s00_p05,full_before,5,0,6,139118.651843,139118.653143,139118.652493,0.00130030000582,3.00852812501,5015152570,true,true
softmax_1784950392313_softmax_full_f16io_f32acc_ptx_ex2_approx_f16x2_r5,softmax_oratc_targeted_g48s1024_confirm_v1_20260725_sess02_pos1_ptx_f16x2_g48_s1024_cache_reuse_candidate_probe_ptx_f16x2_g48_s00_p05,full_before,5,0,7,139119.153263,139119.15771,139119.155486,0.00444710100419,3.5115218155,5015272962,true,true
softmax_1784950392313_softmax_full_f16io_f32acc_ptx_ex2_approx_f16x2_r5,softmax_oratc_targeted_g48s1024_confirm_v1_20260725_sess02_pos1_ptx_f16x2_g48_s1024_cache_reuse_candidate_probe_ptx_f16x2_g48_s00_p05,full_before,5,0,8,139119.657834,139119.65921,139119.658522,0.0013753999956,4.01455725799,5015392732,true,true
softmax_1784950392313_softmax_full_f16io_f32acc_ptx_ex2_approx_f16x2_r5,softmax_oratc_targeted_g48s1024_confirm_v1_20260725_sess02_pos1_ptx_f16x2_g48_s1024_cache_reuse_candidate_probe_ptx_f16x2_g48_s00_p05,full_before,5,0,9,139120.159376,139120.160731,139120.160053,0.00135530001717,4.516088801,5015512101,true,true
softmax_1784950392313_softmax_full_f16io_f32acc_ptx_ex2_approx_f16x2_r5,softmax_oratc_targeted_g48s1024_confirm_v1_20260725_sess02_pos1_ptx_f16x2_g48_s1024_cache_reuse_candidate_probe_ptx_f16x2_g48_s00_p05,full_before,5,0,10,139120.660848,139120.66221,139120.661529,0.00136210100027,5.0175642035,5015631037,true,true
softmax_1784950392313_softmax_full_f16io_f32acc_ptx_ex2_approx_f16x2_r5,softmax_oratc_targeted_g48s1024_confirm_v1_20260725_sess02_pos1_ptx_f16x2_g48_s1024_cache_reuse_candidate_probe_ptx_f16x2_g48_s00_p05,full_before,5,0,11,139121.162333,139121.163743,139121.163038,0.00140940002166,5.519073259,5015749615,true,true
softmax_1784950392313_softmax_full_f16io_f32acc_ptx_ex2_approx_f16x2_r5,softmax_oratc_targeted_g48s1024_confirm_v1_20260725_sess02_pos1_ptx_f16x2_g48_s1024_cache_reuse_candidate_probe_ptx_f16x2_g48_s00_p05,full_before,5,0,12,139121.663859,139121.665252,139121.664556,0.00139370001853,6.020590917,5015867706,true,true
softmax_1784950392313_softmax_full_f16io_f32acc_ptx_ex2_approx_f16x2_r5,softmax_oratc_targeted_g48s1024_confirm_v1_20260725_sess02_pos1_ptx_f16x2_g48_s1024_cache_reuse_candidate_probe_ptx_f16x2_g48_s00_p05,full_before,5,0,13,139122.165379,139122.166757,139122.166068,0.00137870101025,6.52210332549,5015985354,true,true
softmax_1784950392313_softmax_full_f16io_f32acc_ptx_ex2_approx_f16x2_r5,softmax_oratc_targeted_g48s1024_confirm_v1_20260725_sess02_pos1_ptx_f16x2_g48_s1024_cache_reuse_candidate_probe_ptx_f16x2_g48_s00_p05,full_before,5,0,14,139122.666883,139122.668275,139122.667579,0.00139140000101,7.023614487,5016102675,true,true
softmax_1784950392313_softmax_full_f16io_f32acc_ptx_ex2_approx_f16x2_r5,softmax_oratc_targeted_g48s1024_confirm_v1_20260725_sess02_pos1_ptx_f16x2_g48_s1024_cache_reuse_candidate_probe_ptx_f16x2_g48_s00_p05,full_before,5,0,15,139123.168393,139123.169803,139123.169098,0.00141009999788,7.525133549,5016219649,true,true
softmax_1784950392313_softmax_full_f16io_f32acc_ptx_ex2_approx_f16x2_r5,softmax_oratc_targeted_g48s1024_confirm_v1_20260725_sess02_pos1_ptx_f16x2_g48_s1024_cache_reuse_candidate_probe_ptx_f16x2_g48_s00_p05,full_before,5,0,16,139123.669931,139123.67128,139123.670605,0.00134860101389,8.02664061351,5016336271,true,true
softmax_1784950392313_softmax_full_f16io_f32acc_ptx_ex2_approx_f16x2_r5,softmax_oratc_targeted_g48s1024_confirm_v1_20260725_sess02_pos1_ptx_f16x2_g48_s1024_cache_reuse_candidate_probe_ptx_f16x2_g48_s00_p05,full_before,5,0,17,139124.171407,139124.175443,139124.173425,0.00403540098341,8.5294604295,5016452544,true,true
softmax_1784950392313_softmax_full_f16io_f32acc_ptx_ex2_approx_f16x2_r5,softmax_oratc_targeted_g48s1024_confirm_v1_20260725_sess02_pos1_ptx_f16x2_g48_s1024_cache_reuse_candidate_probe_ptx_f16x2_g48_s00_p05,full_before,5,0,18,139124.675576,139124.676908,139124.676242,0.00133190100314,9.03227749749,5016572666,true,true
softmax_1784950392313_softmax_full_f16io_f32acc_ptx_ex2_approx_f16x2_r5,softmax_oratc_targeted_g48s1024_confirm_v1_20260725_sess02_pos1_ptx_f16x2_g48_s1024_cache_reuse_candidate_probe_ptx_f16x2_g48_s00_p05,full_before,5,0,19,139125.177059,139125.178446,139125.177752,0.00138669999433,9.53378771601,5016692249,true,true
softmax_1784950392313_softmax_full_f16io_f32acc_ptx_ex2_approx_f16x2_r5,softmax_oratc_targeted_g48s1024_confirm_v1_20260725_sess02_pos1_ptx_f16x2_g48_s1024_cache_reuse_candidate_probe_ptx_f16x2_g48_s00_p05,full_before,5,0,20,139125.678595,139125.680088,139125.679342,0.00149270100519,10.0353769375,5016811368,true,true
softmax_1784950392313_softmax_full_f16io_f32acc_ptx_ex2_approx_f16x2_r5,softmax_oratc_targeted_g48s1024_confirm_v1_20260725_sess02_pos1_ptx_f16x2_g48_s1024_cache_reuse_candidate_probe_ptx_f16x2_g48_s00_p05,full_before,5,0,21,139126.180224,139126.181609,139126.180917,0.00138510100078,10.5369521595,5016930061,true,true
softmax_1784950392313_softmax_full_f16io_f32acc_ptx_ex2_approx_f16x2_r5,softmax_oratc_targeted_g48s1024_confirm_v1_20260725_sess02_pos1_ptx_f16x2_g48_s1024_cache_reuse_candidate_probe_ptx_f16x2_g48_s00_p05,full_before,5,0,22,139126.681745,139126.683078,139126.682412,0.00133309999364,11.038446884,5017048355,true,true
softmax_1784950392313_softmax_full_f16io_f32acc_ptx_ex2_approx_f16x2_r5,softmax_oratc_targeted_g48s1024_confirm_v1_20260725_sess02_pos1_ptx_f16x2_g48_s1024_cache_reuse_candidate_probe_ptx_f16x2_g48_s00_p05,full_before,5,0,23,139127.183248,139127.184581,139127.183914,0.00133390098927,11.5399498095,5017166272,true,false
softmax_1784950392313_softmax_full_f16io_f32acc_ptx_ex2_approx_f16x2_r5,softmax_oratc_targeted_g48s1024_confirm_v1_20260725_sess02_pos1_ptx_f16x2_g48_s1024_cache_reuse_candidate_probe_ptx_f16x2_g48_s00_p05,full_before,5,0,24,139127.684702,139127.686072,139127.685387,0.00136960099917,12.0414220875,5017283552,true,false
softmax_1784950392313_softmax_full_f16io_f32acc_ptx_ex2_approx_f16x2_r5,softmax_oratc_targeted_g48s1024_confirm_v1_20260725_sess02_pos1_ptx_f16x2_g48_s1024_cache_reuse_candidate_probe_ptx_f16x2_g48_s00_p05,full_before,5,0,25,139127.999062,139128.000484,139127.999773,0.00142210000195,12.355808618,5017341743,true,false
softmax_1784950404678_softmax_full_f16io_f32acc_ptx_ex2_approx_f16x2_r5,softmax_oratc_targeted_g48s1024_confirm_v1_20260725_sess02_pos1_ptx_f16x2_g48_s1024_cache_reuse_candidate_probe_ptx_f16x2_g48_s00_p05,probe_middle,5,1,0,139128.007934,139128.009112,139128.008523,0.00117820099695,-0.000596100493567,5017341743,false,false
softmax_1784950404678_softmax_full_f16io_f32acc_ptx_ex2_approx_f16x2_r5,softmax_oratc_targeted_g48s1024_confirm_v1_20260725_sess02_pos1_ptx_f16x2_g48_s1024_cache_reuse_candidate_probe_ptx_f16x2_g48_s00_p05,probe_middle,5,1,1,139128.509401,139128.514473,139128.511937,0.00507200599532,0.502817808039,5017453158,true,false
softmax_1784950404678_softmax_full_f16io_f32acc_ptx_ex2_approx_f16x2_r5,softmax_oratc_targeted_g48s1024_confirm_v1_20260725_sess02_pos1_ptx_f16x2_g48_s1024_cache_reuse_candidate_probe_ptx_f16x2_g48_s00_p05,probe_middle,5,1,2,139129.014616,139129.01596,139129.015288,0.00134433698258,1.00616849653,5017572128,true,false
softmax_1784950404678_softmax_full_f16io_f32acc_ptx_ex2_approx_f16x2_r5,softmax_oratc_targeted_g48s1024_confirm_v1_20260725_sess02_pos1_ptx_f16x2_g48_s1024_cache_reuse_candidate_probe_ptx_f16x2_g48_s00_p05,probe_middle,5,1,3,139129.516041,139129.517459,139129.51675,0.00141792200156,1.507631026,5017690696,true,true
softmax_1784950404678_softmax_full_f16io_f32acc_ptx_ex2_approx_f16x2_r5,softmax_oratc_targeted_g48s1024_confirm_v1_20260725_sess02_pos1_ptx_f16x2_g48_s1024_cache_reuse_candidate_probe_ptx_f16x2_g48_s00_p05,probe_middle,5,1,4,139130.017567,139130.01907,139130.018319,0.00150360600674,2.00919921001,5017808864,true,true
softmax_1784950404678_softmax_full_f16io_f32acc_ptx_ex2_approx_f16x2_r5,softmax_oratc_targeted_g48s1024_confirm_v1_20260725_sess02_pos1_ptx_f16x2_g48_s1024_cache_reuse_candidate_probe_ptx_f16x2_g48_s00_p05,probe_middle,5,1,5,139130.519139,139130.520519,139130.519829,0.0013805310009,2.51070987553,5017926553,true,true
softmax_1784950404678_softmax_full_f16io_f32acc_ptx_ex2_approx_f16x2_r5,softmax_oratc_targeted_g48s1024_confirm_v1_20260725_sess02_pos1_ptx_f16x2_g48_s1024_cache_reuse_candidate_probe_ptx_f16x2_g48_s00_p05,probe_middle,5,1,6,139131.020635,139131.022084,139131.021359,0.00144921700121,3.01223996151,5018044026,true,true
softmax_1784950404678_softmax_full_f16io_f32acc_ptx_ex2_approx_f16x2_r5,softmax_oratc_targeted_g48s1024_confirm_v1_20260725_sess02_pos1_ptx_f16x2_g48_s1024_cache_reuse_candidate_probe_ptx_f16x2_g48_s00_p05,probe_middle,5,1,7,139131.522235,139131.523672,139131.522954,0.00143711999408,3.513834407,5018161129,true,true
softmax_1784950404678_softmax_full_f16io_f32acc_ptx_ex2_approx_f16x2_r5,softmax_oratc_targeted_g48s1024_confirm_v1_20260725_sess02_pos1_ptx_f16x2_g48_s1024_cache_reuse_candidate_probe_ptx_f16x2_g48_s00_p05,probe_middle,5,1,8,139132.023809,139132.02527,139132.02454,0.00146051601041,4.01542042702,5018277915,true,true
softmax_1784950404678_softmax_full_f16io_f32acc_ptx_ex2_approx_f16x2_r5,softmax_oratc_targeted_g48s1024_confirm_v1_20260725_sess02_pos1_ptx_f16x2_g48_s1024_cache_reuse_candidate_probe_ptx_f16x2_g48_s00_p05,probe_middle,5,1,9,139132.525424,139132.526766,139132.526095,0.0013421390031,4.51697592551,5018394204,true,true
softmax_1784950404678_softmax_full_f16io_f32acc_ptx_ex2_approx_f16x2_r5,softmax_oratc_targeted_g48s1024_confirm_v1_20260725_sess02_pos1_ptx_f16x2_g48_s1024_cache_reuse_candidate_probe_ptx_f16x2_g48_s00_p05,probe_middle,5,1,10,139133.026917,139133.031915,139133.029416,0.00499872898217,5.02029655251,5018509886,true,true
softmax_1784950404678_softmax_full_f16io_f32acc_ptx_ex2_approx_f16x2_r5,softmax_oratc_targeted_g48s1024_confirm_v1_20260725_sess02_pos1_ptx_f16x2_g48_s1024_cache_reuse_candidate_probe_ptx_f16x2_g48_s00_p05,probe_middle,5,1,11,139133.532052,139133.533551,139133.532801,0.00149860899546,5.52368209252,5018629072,true,true
softmax_1784950404678_softmax_full_f16io_f32acc_ptx_ex2_approx_f16x2_r5,softmax_oratc_targeted_g48s1024_confirm_v1_20260725_sess02_pos1_ptx_f16x2_g48_s1024_cache_reuse_candidate_probe_ptx_f16x2_g48_s00_p05,probe_middle,5,1,12,139134.033717,139134.035123,139134.03442,0.00140592700336,6.02530024352,5018747737,true,true
softmax_1784950404678_softmax_full_f16io_f32acc_ptx_ex2_approx_f16x2_r5,softmax_oratc_targeted_g48s1024_confirm_v1_20260725_sess02_pos1_ptx_f16x2_g48_s1024_cache_reuse_candidate_probe_ptx_f16x2_g48_s00_p05,probe_middle,5,1,13,139134.535181,139134.536583,139134.535882,0.00140172900865,6.52676265352,5018865948,true,true
softmax_1784950404678_softmax_full_f16io_f32acc_ptx_ex2_approx_f16x2_r5,softmax_oratc_targeted_g48s1024_confirm_v1_20260725_sess02_pos1_ptx_f16x2_g48_s1024_cache_reuse_candidate_probe_ptx_f16x2_g48_s00_p05,probe_middle,5,1,14,139135.03668,139135.038084,139135.037382,0.00140402800753,7.028262921,5018983851,true,true
softmax_1784950404678_softmax_full_f16io_f32acc_ptx_ex2_approx_f16x2_r5,softmax_oratc_targeted_g48s1024_confirm_v1_20260725_sess02_pos1_ptx_f16x2_g48_s1024_cache_reuse_candidate_probe_ptx_f16x2_g48_s00_p05,probe_middle,5,1,15,139135.53817,139135.539549,139135.538859,0.00137883398565,7.52973989103,5019101413,true,true
softmax_1784950404678_softmax_full_f16io_f32acc_ptx_ex2_approx_f16x2_r5,softmax_oratc_targeted_g48s1024_confirm_v1_20260725_sess02_pos1_ptx_f16x2_g48_s1024_cache_reuse_candidate_probe_ptx_f16x2_g48_s00_p05,probe_middle,5,1,16,139136.039691,139136.041197,139136.040444,0.00150600998313,8.031324985,5019218532,true,true
softmax_1784950404678_softmax_full_f16io_f32acc_ptx_ex2_approx_f16x2_r5,softmax_oratc_targeted_g48s1024_confirm_v1_20260725_sess02_pos1_ptx_f16x2_g48_s1024_cache_reuse_candidate_probe_ptx_f16x2_g48_s00_p05,probe_middle,5,1,17,139136.541351,139136.542751,139136.542051,0.00139990900061,8.53293176551,5019335278,true,true
softmax_1784950404678_softmax_full_f16io_f32acc_ptx_ex2_approx_f16x2_r5,softmax_oratc_targeted_g48s1024_confirm_v1_20260725_sess02_pos1_ptx_f16x2_g48_s1024_cache_reuse_candidate_probe_ptx_f16x2_g48_s00_p05,probe_middle,5,1,18,139137.042915,139137.044179,139137.043547,0.00126312801149,9.03442768901,5019475677,true,true
softmax_1784950404678_softmax_full_f16io_f32acc_ptx_ex2_approx_f16x2_r5,softmax_oratc_targeted_g48s1024_confirm_v1_20260725_sess02_pos1_ptx_f16x2_g48_s1024_cache_reuse_candidate_probe_ptx_f16x2_g48_s00_p05,probe_middle,5,1,19,139137.544262,139137.545533,139137.544898,0.0012710269948,9.5357784635,5019595773,true,true
softmax_1784950404678_softmax_full_f16io_f32acc_ptx_ex2_approx_f16x2_r5,softmax_oratc_targeted_g48s1024_confirm_v1_20260725_sess02_pos1_ptx_f16x2_g48_s1024_cache_reuse_candidate_probe_ptx_f16x2_g48_s00_p05,probe_middle,5,1,20,139138.045668,139138.049503,139138.047586,0.00383528001839,10.038466418,5019715525,true,true
softmax_1784950404678_softmax_full_f16io_f32acc_ptx_ex2_approx_f16x2_r5,softmax_oratc_targeted_g48s1024_confirm_v1_20260725_sess02_pos1_ptx_f16x2_g48_s1024_cache_reuse_candidate_probe_ptx_f16x2_g48_s00_p05,probe_middle,5,1,21,139138.549592,139138.550988,139138.55029,0.00139571202453,10.541170703,5019834668,true,true
softmax_1784950404678_softmax_full_f16io_f32acc_ptx_ex2_approx_f16x2_r5,softmax_oratc_targeted_g48s1024_confirm_v1_20260725_sess02_pos1_ptx_f16x2_g48_s1024_cache_reuse_candidate_probe_ptx_f16x2_g48_s00_p05,probe_middle,5,1,22,139139.051087,139139.052457,139139.051772,0.00137031500344,11.0426530125,5019953600,true,true
softmax_1784950404678_softmax_full_f16io_f32acc_ptx_ex2_approx_f16x2_r5,softmax_oratc_targeted_g48s1024_confirm_v1_20260725_sess02_pos1_ptx_f16x2_g48_s1024_cache_reuse_candidate_probe_ptx_f16x2_g48_s00_p05,probe_middle,5,1,23,139139.552545,139139.553944,139139.553244,0.00139941100497,11.5441251575,5020072191,true,false
softmax_1784950404678_softmax_full_f16io_f32acc_ptx_ex2_approx_f16x2_r5,softmax_oratc_targeted_g48s1024_confirm_v1_20260725_sess02_pos1_ptx_f16x2_g48_s1024_cache_reuse_candidate_probe_ptx_f16x2_g48_s00_p05,probe_middle,5,1,24,139140.054119,139140.055619,139140.054869,0.00150089798262,12.045749689,5020189302,true,false
softmax_1784950404678_softmax_full_f16io_f32acc_ptx_ex2_approx_f16x2_r5,softmax_oratc_targeted_g48s1024_confirm_v1_20260725_sess02_pos1_ptx_f16x2_g48_s1024_cache_reuse_candidate_probe_ptx_f16x2_g48_s00_p05,probe_middle,5,1,25,139140.31436,139140.315762,139140.315061,0.00140231099795,12.3059419155,5020227593,true,false
softmax_1784950416997_softmax_full_f16io_f32acc_ptx_ex2_approx_f16x2_r5,softmax_oratc_targeted_g48s1024_confirm_v1_20260725_sess02_pos1_ptx_f16x2_g48_s1024_cache_reuse_candidate_probe_ptx_f16x2_g48_s00_p05,full_after,5,2,0,139140.323585,139140.328329,139140.325957,0.00474436100922,-0.00237817951711,5020227593,false,false
softmax_1784950416997_softmax_full_f16io_f32acc_ptx_ex2_approx_f16x2_r5,softmax_oratc_targeted_g48s1024_confirm_v1_20260725_sess02_pos1_ptx_f16x2_g48_s1024_cache_reuse_candidate_probe_ptx_f16x2_g48_s00_p05,full_after,5,2,1,139140.828651,139140.830054,139140.829352,0.00140291199205,0.501016802969,5020337756,true,false
softmax_1784950416997_softmax_full_f16io_f32acc_ptx_ex2_approx_f16x2_r5,softmax_oratc_targeted_g48s1024_confirm_v1_20260725_sess02_pos1_ptx_f16x2_g48_s1024_cache_reuse_candidate_probe_ptx_f16x2_g48_s00_p05,full_after,5,2,2,139141.330178,139141.331543,139141.33086,0.00136501598172,1.00252464099,5020457215,true,false
softmax_1784950416997_softmax_full_f16io_f32acc_ptx_ex2_approx_f16x2_r5,softmax_oratc_targeted_g48s1024_confirm_v1_20260725_sess02_pos1_ptx_f16x2_g48_s1024_cache_reuse_candidate_probe_ptx_f16x2_g48_s00_p05,full_after,5,2,3,139141.831665,139141.83301,139141.832337,0.00134501999128,1.50400172401,5020576295,true,true
softmax_1784950416997_softmax_full_f16io_f32acc_ptx_ex2_approx_f16x2_r5,softmax_oratc_targeted_g48s1024_confirm_v1_20260725_sess02_pos1_ptx_f16x2_g48_s1024_cache_reuse_candidate_probe_ptx_f16x2_g48_s00_p05,full_after,5,2,4,139142.333122,139142.334545,139142.333834,0.00142300900188,2.0054982045,5020694889,true,true
softmax_1784950416997_softmax_full_f16io_f32acc_ptx_ex2_approx_f16x2_r5,softmax_oratc_targeted_g48s1024_confirm_v1_20260725_sess02_pos1_ptx_f16x2_g48_s1024_cache_reuse_candidate_probe_ptx_f16x2_g48_s00_p05,full_after,5,2,5,139142.834658,139142.835963,139142.83531,0.00130475201877,2.50697492599,5020813124,true,true
softmax_1784950416997_softmax_full_f16io_f32acc_ptx_ex2_approx_f16x2_r5,softmax_oratc_targeted_g48s1024_confirm_v1_20260725_sess02_pos1_ptx_f16x2_g48_s1024_cache_reuse_candidate_probe_ptx_f16x2_g48_s00_p05,full_after,5,2,6,139143.336076,139143.337894,139143.336985,0.00181885398342,3.00864954398,5020931071,true,true
softmax_1784950416997_softmax_full_f16io_f32acc_ptx_ex2_approx_f16x2_r5,softmax_oratc_targeted_g48s1024_confirm_v1_20260725_sess02_pos1_ptx_f16x2_g48_s1024_cache_reuse_candidate_probe_ptx_f16x2_g48_s00_p05,full_after,5,2,7,139143.838031,139143.839437,139143.838734,0.00140663300408,3.5103984875,5021048544,true,true
softmax_1784950416997_softmax_full_f16io_f32acc_ptx_ex2_approx_f16x2_r5,softmax_oratc_targeted_g48s1024_confirm_v1_20260725_sess02_pos1_ptx_f16x2_g48_s1024_cache_reuse_candidate_probe_ptx_f16x2_g48_s00_p05,full_after,5,2,8,139144.339551,139144.340875,139144.340213,0.00132491000113,4.01187762298,5021189872,true,true
softmax_1784950416997_softmax_full_f16io_f32acc_ptx_ex2_approx_f16x2_r5,softmax_oratc_targeted_g48s1024_confirm_v1_20260725_sess02_pos1_ptx_f16x2_g48_s1024_cache_reuse_candidate_probe_ptx_f16x2_g48_s00_p05,full_after,5,2,9,139144.841001,139144.84228,139144.841641,0.00127891698503,4.5133054225,5021310709,true,true
softmax_1784950416997_softmax_full_f16io_f32acc_ptx_ex2_approx_f16x2_r5,softmax_oratc_targeted_g48s1024_confirm_v1_20260725_sess02_pos1_ptx_f16x2_g48_s1024_cache_reuse_candidate_probe_ptx_f16x2_g48_s00_p05,full_after,5,2,10,139145.342412,139145.346805,139145.344608,0.00439377300791,5.01627305447,5021431185,true,true
softmax_1784950416997_softmax_full_f16io_f32acc_ptx_ex2_approx_f16x2_r5,softmax_oratc_targeted_g48s1024_confirm_v1_20260725_sess02_pos1_ptx_f16x2_g48_s1024_cache_reuse_candidate_probe_ptx_f16x2_g48_s00_p05,full_after,5,2,11,139145.846918,139145.848303,139145.84761,0.00138540199259,5.51927491798,5021550963,true,true
softmax_1784950416997_softmax_full_f16io_f32acc_ptx_ex2_approx_f16x2_r5,softmax_oratc_targeted_g48s1024_confirm_v1_20260725_sess02_pos1_ptx_f16x2_g48_s1024_cache_reuse_candidate_probe_ptx_f16x2_g48_s00_p05,full_after,5,2,12,139146.348421,139146.349827,139146.349124,0.00140599999577,6.02078899898,5021670221,true,true
softmax_1784950416997_softmax_full_f16io_f32acc_ptx_ex2_approx_f16x2_r5,softmax_oratc_targeted_g48s1024_confirm_v1_20260725_sess02_pos1_ptx_f16x2_g48_s1024_cache_reuse_candidate_probe_ptx_f16x2_g48_s00_p05,full_after,5,2,13,139146.849939,139146.851364,139146.850652,0.00142499702633,6.52231626248,5021789164,true,true
softmax_1784950416997_softmax_full_f16io_f32acc_ptx_ex2_approx_f16x2_r5,softmax_oratc_targeted_g48s1024_confirm_v1_20260725_sess02_pos1_ptx_f16x2_g48_s1024_cache_reuse_candidate_probe_ptx_f16x2_g48_s00_p05,full_after,5,2,14,139147.351499,139147.352876,139147.352188,0.00137680501211,7.02385223049,5021907593,true,true
softmax_1784950416997_softmax_full_f16io_f32acc_ptx_ex2_approx_f16x2_r5,softmax_oratc_targeted_g48s1024_confirm_v1_20260725_sess02_pos1_ptx_f16x2_g48_s1024_cache_reuse_candidate_probe_ptx_f16x2_g48_s00_p05,full_after,5,2,15,139147.853008,139147.854414,139147.853711,0.00140570002259,7.52537553298,5022025682,true,true
softmax_1784950416997_softmax_full_f16io_f32acc_ptx_ex2_approx_f16x2_r5,softmax_oratc_targeted_g48s1024_confirm_v1_20260725_sess02_pos1_ptx_f16x2_g48_s1024_cache_reuse_candidate_probe_ptx_f16x2_g48_s00_p05,full_after,5,2,16,139148.354516,139148.356025,139148.35527,0.00150898599532,8.02693463699,5022143381,true,true
softmax_1784950416997_softmax_full_f16io_f32acc_ptx_ex2_approx_f16x2_r5,softmax_oratc_targeted_g48s1024_confirm_v1_20260725_sess02_pos1_ptx_f16x2_g48_s1024_cache_reuse_candidate_probe_ptx_f16x2_g48_s00_p05,full_after,5,2,17,139148.856168,139148.85754,139148.856854,0.00137170602102,8.52851881899,5022260660,true,true
softmax_1784950416997_softmax_full_f16io_f32acc_ptx_ex2_approx_f16x2_r5,softmax_oratc_targeted_g48s1024_confirm_v1_20260725_sess02_pos1_ptx_f16x2_g48_s1024_cache_reuse_candidate_probe_ptx_f16x2_g48_s00_p05,full_after,5,2,18,139149.357654,139149.359074,139149.358364,0.0014197989949,9.03002891949,5022377422,true,true
softmax_1784950416997_softmax_full_f16io_f32acc_ptx_ex2_approx_f16x2_r5,softmax_oratc_targeted_g48s1024_confirm_v1_20260725_sess02_pos1_ptx_f16x2_g48_s1024_cache_reuse_candidate_probe_ptx_f16x2_g48_s00_p05,full_after,5,2,19,139149.859184,139149.864129,139149.861656,0.00494460199843,9.53332094802,5022493738,true,true
softmax_1784950416997_softmax_full_f16io_f32acc_ptx_ex2_approx_f16x2_r5,softmax_oratc_targeted_g48s1024_confirm_v1_20260725_sess02_pos1_ptx_f16x2_g48_s1024_cache_reuse_candidate_probe_ptx_f16x2_g48_s00_p05,full_after,5,2,20,139150.364248,139150.36558,139150.364914,0.00133151200134,10.036578542,5022613588,true,true
softmax_1784950416997_softmax_full_f16io_f32acc_ptx_ex2_approx_f16x2_r5,softmax_oratc_targeted_g48s1024_confirm_v1_20260725_sess02_pos1_ptx_f16x2_g48_s1024_cache_reuse_candidate_probe_ptx_f16x2_g48_s00_p05,full_after,5,2,21,139150.865697,139150.867183,139150.86644,0.00148539000656,10.538104707,5022733084,true,true
softmax_1784950416997_softmax_full_f16io_f32acc_ptx_ex2_approx_f16x2_r5,softmax_oratc_targeted_g48s1024_confirm_v1_20260725_sess02_pos1_ptx_f16x2_g48_s1024_cache_reuse_candidate_probe_ptx_f16x2_g48_s00_p05,full_after,5,2,22,139151.367293,139151.368671,139151.367982,0.00137750600697,11.039646782,5022852189,true,true
softmax_1784950416997_softmax_full_f16io_f32acc_ptx_ex2_approx_f16x2_r5,softmax_oratc_targeted_g48s1024_confirm_v1_20260725_sess02_pos1_ptx_f16x2_g48_s1024_cache_reuse_candidate_probe_ptx_f16x2_g48_s00_p05,full_after,5,2,23,139151.86879,139151.870322,139151.869556,0.00153128500096,11.5412206775,5022970975,true,false
softmax_1784950416997_softmax_full_f16io_f32acc_ptx_ex2_approx_f16x2_r5,softmax_oratc_targeted_g48s1024_confirm_v1_20260725_sess02_pos1_ptx_f16x2_g48_s1024_cache_reuse_candidate_probe_ptx_f16x2_g48_s00_p05,full_after,5,2,24,139152.370446,139152.371767,139152.371107,0.0013212430058,12.0427714445,5023088900,true,false
softmax_1784950416997_softmax_full_f16io_f32acc_ptx_ex2_approx_f16x2_r5,softmax_oratc_targeted_g48s1024_confirm_v1_20260725_sess02_pos1_ptx_f16x2_g48_s1024_cache_reuse_candidate_probe_ptx_f16x2_g48_s00_p05,full_after,5,2,25,139152.674873,139152.676231,139152.675552,0.00135813900852,12.3472161945,5023147280,true,false
