run_id,pair_id,role,repeat,sequence_index,sample_index,query_start_s,query_end_s,query_midpoint_s,query_latency_s,relative_to_kernel_start_s,energy_mJ,changed_from_previous,in_fit_window
softmax_1784951641304_softmax_full_f16io_f32acc_fp32_fast___expf_r0,softmax_oratc_targeted_g48s1024_confirm_v1_20260725_sess03_pos3_fp32_g48_s1024_cache_reuse_candidate_probe_g48_s00_p00,probe_before,0,0,0,140364.634227,140364.63541,140364.634819,0.00118310199468,-0.000600151019171,5306121242,false,false
softmax_1784951641304_softmax_full_f16io_f32acc_fp32_fast___expf_r0,softmax_oratc_targeted_g48s1024_confirm_v1_20260725_sess03_pos3_fp32_g48_s1024_cache_reuse_candidate_probe_g48_s00_p00,probe_before,0,0,1,140365.136139,140365.137707,140365.136923,0.00156810099725,0.50150440351,5306230624,true,false
softmax_1784951641304_softmax_full_f16io_f32acc_fp32_fast___expf_r0,softmax_oratc_targeted_g48s1024_confirm_v1_20260725_sess03_pos3_fp32_g48_s1024_cache_reuse_candidate_probe_g48_s00_p00,probe_before,0,0,2,140365.637832,140365.639212,140365.638522,0.00138010198134,1.00310316798,5306344946,true,false
softmax_1784951641304_softmax_full_f16io_f32acc_fp32_fast___expf_r0,softmax_oratc_targeted_g48s1024_confirm_v1_20260725_sess03_pos3_fp32_g48_s1024_cache_reuse_candidate_probe_g48_s00_p00,probe_before,0,0,3,140366.139335,140366.140721,140366.140028,0.00138590100687,1.5046097395,5306458823,true,true
softmax_1784951641304_softmax_full_f16io_f32acc_fp32_fast___expf_r0,softmax_oratc_targeted_g48s1024_confirm_v1_20260725_sess03_pos3_fp32_g48_s1024_cache_reuse_candidate_probe_g48_s00_p00,probe_before,0,0,4,140366.640869,140366.642261,140366.641565,0.00139220201527,2.00614667102,5306572246,true,true
softmax_1784951641304_softmax_full_f16io_f32acc_fp32_fast___expf_r0,softmax_oratc_targeted_g48s1024_confirm_v1_20260725_sess03_pos3_fp32_g48_s1024_cache_reuse_candidate_probe_g48_s00_p00,probe_before,0,0,5,140367.142402,140367.143693,140367.143047,0.0012912020029,2.50762876001,5306685064,true,true
softmax_1784951641304_softmax_full_f16io_f32acc_fp32_fast___expf_r0,softmax_oratc_targeted_g48s1024_confirm_v1_20260725_sess03_pos3_fp32_g48_s1024_cache_reuse_candidate_probe_g48_s00_p00,probe_before,0,0,6,140367.6438,140367.645152,140367.644476,0.00135240200325,3.00905745901,5306797382,true,true
softmax_1784951641304_softmax_full_f16io_f32acc_fp32_fast___expf_r0,softmax_oratc_targeted_g48s1024_confirm_v1_20260725_sess03_pos3_fp32_g48_s1024_cache_reuse_candidate_probe_g48_s00_p00,probe_before,0,0,7,140368.145316,140368.150112,140368.147714,0.00479620599071,3.51229516702,5306909419,true,true
softmax_1784951641304_softmax_full_f16io_f32acc_fp32_fast___expf_r0,softmax_oratc_targeted_g48s1024_confirm_v1_20260725_sess03_pos3_fp32_g48_s1024_cache_reuse_candidate_probe_g48_s00_p00,probe_before,0,0,8,140368.650266,140368.65167,140368.650968,0.00140490199556,4.01554933598,5307025148,true,true
softmax_1784951641304_softmax_full_f16io_f32acc_fp32_fast___expf_r0,softmax_oratc_targeted_g48s1024_confirm_v1_20260725_sess03_pos3_fp32_g48_s1024_cache_reuse_candidate_probe_g48_s00_p00,probe_before,0,0,9,140369.151795,140369.153288,140369.152542,0.00149360200157,4.51712291001,5307140607,true,true
softmax_1784951641304_softmax_full_f16io_f32acc_fp32_fast___expf_r0,softmax_oratc_targeted_g48s1024_confirm_v1_20260725_sess03_pos3_fp32_g48_s1024_cache_reuse_candidate_probe_g48_s00_p00,probe_before,0,0,10,140369.653443,140369.654839,140369.654141,0.00139610198676,5.01872239402,5307255802,true,true
softmax_1784951641304_softmax_full_f16io_f32acc_fp32_fast___expf_r0,softmax_oratc_targeted_g48s1024_confirm_v1_20260725_sess03_pos3_fp32_g48_s1024_cache_reuse_candidate_probe_g48_s00_p00,probe_before,0,0,11,140370.15497,140370.15639,140370.15568,0.00142029501148,5.52026117151,5307370627,true,true
softmax_1784951641304_softmax_full_f16io_f32acc_fp32_fast___expf_r0,softmax_oratc_targeted_g48s1024_confirm_v1_20260725_sess03_pos3_fp32_g48_s1024_cache_reuse_candidate_probe_g48_s00_p00,probe_before,0,0,12,140370.65656,140370.65792,140370.65724,0.00135999498889,6.0218213675,5307484868,true,true
softmax_1784951641304_softmax_full_f16io_f32acc_fp32_fast___expf_r0,softmax_oratc_targeted_g48s1024_confirm_v1_20260725_sess03_pos3_fp32_g48_s1024_cache_reuse_candidate_probe_g48_s00_p00,probe_before,0,0,13,140371.158075,140371.159882,140371.158978,0.00180699300836,6.52355951851,5307598551,true,true
softmax_1784951641304_softmax_full_f16io_f32acc_fp32_fast___expf_r0,softmax_oratc_targeted_g48s1024_confirm_v1_20260725_sess03_pos3_fp32_g48_s1024_cache_reuse_candidate_probe_g48_s00_p00,probe_before,0,0,14,140371.659972,140371.661306,140371.660639,0.00133419502527,7.0252200815,5307711487,true,true
softmax_1784951641304_softmax_full_f16io_f32acc_fp32_fast___expf_r0,softmax_oratc_targeted_g48s1024_confirm_v1_20260725_sess03_pos3_fp32_g48_s1024_cache_reuse_candidate_probe_g48_s00_p00,probe_before,0,0,15,140372.161427,140372.162871,140372.162149,0.0014437949867,7.5267306515,5307847369,true,true
softmax_1784951641304_softmax_full_f16io_f32acc_fp32_fast___expf_r0,softmax_oratc_targeted_g48s1024_confirm_v1_20260725_sess03_pos3_fp32_g48_s1024_cache_reuse_candidate_probe_g48_s00_p00,probe_before,0,0,16,140372.662997,140372.6643,140372.663649,0.00130270101363,8.0282301355,5307963958,true,true
softmax_1784951641304_softmax_full_f16io_f32acc_fp32_fast___expf_r0,softmax_oratc_targeted_g48s1024_confirm_v1_20260725_sess03_pos3_fp32_g48_s1024_cache_reuse_candidate_probe_g48_s00_p00,probe_before,0,0,17,140373.164417,140373.16934,140373.166879,0.00492280500475,8.53145989351,5308080466,true,true
softmax_1784951641304_softmax_full_f16io_f32acc_fp32_fast___expf_r0,softmax_oratc_targeted_g48s1024_confirm_v1_20260725_sess03_pos3_fp32_g48_s1024_cache_reuse_candidate_probe_g48_s00_p00,probe_before,0,0,18,140373.669514,140373.670912,140373.670213,0.00139870101702,9.03479436348,5308196331,true,true
softmax_1784951641304_softmax_full_f16io_f32acc_fp32_fast___expf_r0,softmax_oratc_targeted_g48s1024_confirm_v1_20260725_sess03_pos3_fp32_g48_s1024_cache_reuse_candidate_probe_g48_s00_p00,probe_before,0,0,19,140374.171031,140374.172444,140374.171738,0.0014123019937,9.53631888703,5308311802,true,true
softmax_1784951641304_softmax_full_f16io_f32acc_fp32_fast___expf_r0,softmax_oratc_targeted_g48s1024_confirm_v1_20260725_sess03_pos3_fp32_g48_s1024_cache_reuse_candidate_probe_g48_s00_p00,probe_before,0,0,20,140374.67257,140374.6739,140374.673235,0.0013300019782,10.037816472,5308426597,true,true
softmax_1784951641304_softmax_full_f16io_f32acc_fp32_fast___expf_r0,softmax_oratc_targeted_g48s1024_confirm_v1_20260725_sess03_pos3_fp32_g48_s1024_cache_reuse_candidate_probe_g48_s00_p00,probe_before,0,0,21,140375.174019,140375.175411,140375.174715,0.00139180102269,10.5392961125,5308540805,true,true
softmax_1784951641304_softmax_full_f16io_f32acc_fp32_fast___expf_r0,softmax_oratc_targeted_g48s1024_confirm_v1_20260725_sess03_pos3_fp32_g48_s1024_cache_reuse_candidate_probe_g48_s00_p00,probe_before,0,0,22,140375.675534,140375.676944,140375.676239,0.00141050099046,11.0408204145,5308654610,true,true
softmax_1784951641304_softmax_full_f16io_f32acc_fp32_fast___expf_r0,softmax_oratc_targeted_g48s1024_confirm_v1_20260725_sess03_pos3_fp32_g48_s1024_cache_reuse_candidate_probe_g48_s00_p00,probe_before,0,0,23,140376.177098,140376.178504,140376.177801,0.00140530100907,11.5423821725,5308767969,true,false
softmax_1784951641304_softmax_full_f16io_f32acc_fp32_fast___expf_r0,softmax_oratc_targeted_g48s1024_confirm_v1_20260725_sess03_pos3_fp32_g48_s1024_cache_reuse_candidate_probe_g48_s00_p00,probe_before,0,0,24,140376.678616,140376.680025,140376.679321,0.00140880199615,12.043901892,5308881057,true,false
softmax_1784951641304_softmax_full_f16io_f32acc_fp32_fast___expf_r0,softmax_oratc_targeted_g48s1024_confirm_v1_20260725_sess03_pos3_fp32_g48_s1024_cache_reuse_candidate_probe_g48_s00_p00,probe_before,0,0,25,140377.034808,140377.036235,140377.035521,0.00142690198845,12.40010275,5308938446,true,false
softmax_1784951653716_softmax_full_f16io_f32acc_fp32_fast___expf_r0,softmax_oratc_targeted_g48s1024_confirm_v1_20260725_sess03_pos3_fp32_g48_s1024_cache_reuse_candidate_probe_g48_s00_p00,full,0,1,0,140377.043924,140377.047591,140377.045758,0.003667003999,-0.00184030199307,5308938446,false,false
softmax_1784951653716_softmax_full_f16io_f32acc_fp32_fast___expf_r0,softmax_oratc_targeted_g48s1024_confirm_v1_20260725_sess03_pos3_fp32_g48_s1024_cache_reuse_candidate_probe_g48_s00_p00,full,0,1,1,140377.547868,140377.549284,140377.548576,0.00141610199353,0.500978230993,5309046710,true,false
softmax_1784951653716_softmax_full_f16io_f32acc_fp32_fast___expf_r0,softmax_oratc_targeted_g48s1024_confirm_v1_20260725_sess03_pos3_fp32_g48_s1024_cache_reuse_candidate_probe_g48_s00_p00,full,0,1,2,140378.0494,140378.050802,140378.050101,0.00140229798853,1.00250323699,5309164183,true,false
softmax_1784951653716_softmax_full_f16io_f32acc_fp32_fast___expf_r0,softmax_oratc_targeted_g48s1024_confirm_v1_20260725_sess03_pos3_fp32_g48_s1024_cache_reuse_candidate_probe_g48_s00_p00,full,0,1,3,140378.550927,140378.552316,140378.551621,0.00138899800368,1.50402316,5309281221,true,true
softmax_1784951653716_softmax_full_f16io_f32acc_fp32_fast___expf_r0,softmax_oratc_targeted_g48s1024_confirm_v1_20260725_sess03_pos3_fp32_g48_s1024_cache_reuse_candidate_probe_g48_s00_p00,full,0,1,4,140379.052429,140379.053824,140379.053127,0.00139479897916,2.0055288435,5309398440,true,true
softmax_1784951653716_softmax_full_f16io_f32acc_fp32_fast___expf_r0,softmax_oratc_targeted_g48s1024_confirm_v1_20260725_sess03_pos3_fp32_g48_s1024_cache_reuse_candidate_probe_g48_s00_p00,full,0,1,5,140379.553948,140379.55537,140379.554659,0.00142129798769,2.50706108398,5309515314,true,true
softmax_1784951653716_softmax_full_f16io_f32acc_fp32_fast___expf_r0,softmax_oratc_targeted_g48s1024_confirm_v1_20260725_sess03_pos3_fp32_g48_s1024_cache_reuse_candidate_probe_g48_s00_p00,full,0,1,6,140380.055503,140380.057119,140380.056311,0.00161549801123,3.00871298398,5309631729,true,true
softmax_1784951653716_softmax_full_f16io_f32acc_fp32_fast___expf_r0,softmax_oratc_targeted_g48s1024_confirm_v1_20260725_sess03_pos3_fp32_g48_s1024_cache_reuse_candidate_probe_g48_s00_p00,full,0,1,7,140380.557241,140380.558629,140380.557935,0.00138769799378,3.51033729099,5309747791,true,true
softmax_1784951653716_softmax_full_f16io_f32acc_fp32_fast___expf_r0,softmax_oratc_targeted_g48s1024_confirm_v1_20260725_sess03_pos3_fp32_g48_s1024_cache_reuse_candidate_probe_g48_s00_p00,full,0,1,8,140381.058753,140381.060216,140381.059484,0.00146339798812,4.011886558,5309887487,true,true
softmax_1784951653716_softmax_full_f16io_f32acc_fp32_fast___expf_r0,softmax_oratc_targeted_g48s1024_confirm_v1_20260725_sess03_pos3_fp32_g48_s1024_cache_reuse_candidate_probe_g48_s00_p00,full,0,1,9,140381.560357,140381.561645,140381.561001,0.00128789799055,4.51340273299,5310007188,true,true
softmax_1784951653716_softmax_full_f16io_f32acc_fp32_fast___expf_r0,softmax_oratc_targeted_g48s1024_confirm_v1_20260725_sess03_pos3_fp32_g48_s1024_cache_reuse_candidate_probe_g48_s00_p00,full,0,1,10,140382.061759,140382.065937,140382.063848,0.00417840399314,5.01625016099,5310126798,true,true
softmax_1784951653716_softmax_full_f16io_f32acc_fp32_fast___expf_r0,softmax_oratc_targeted_g48s1024_confirm_v1_20260725_sess03_pos3_fp32_g48_s1024_cache_reuse_candidate_probe_g48_s00_p00,full,0,1,11,140382.566141,140382.567518,140382.566829,0.00137700099731,5.51923134649,5310245713,true,true
softmax_1784951653716_softmax_full_f16io_f32acc_fp32_fast___expf_r0,softmax_oratc_targeted_g48s1024_confirm_v1_20260725_sess03_pos3_fp32_g48_s1024_cache_reuse_candidate_probe_g48_s00_p00,full,0,1,12,140383.06769,140383.069035,140383.068362,0.00134510101634,6.02076449047,5310364095,true,true
softmax_1784951653716_softmax_full_f16io_f32acc_fp32_fast___expf_r0,softmax_oratc_targeted_g48s1024_confirm_v1_20260725_sess03_pos3_fp32_g48_s1024_cache_reuse_candidate_probe_g48_s00_p00,full,0,1,13,140383.569161,140383.570558,140383.56986,0.00139640099951,6.52226174151,5310481924,true,true
softmax_1784951653716_softmax_full_f16io_f32acc_fp32_fast___expf_r0,softmax_oratc_targeted_g48s1024_confirm_v1_20260725_sess03_pos3_fp32_g48_s1024_cache_reuse_candidate_probe_g48_s00_p00,full,0,1,14,140384.070717,140384.072123,140384.07142,0.00140570200165,7.023821902,5310599152,true,true
softmax_1784951653716_softmax_full_f16io_f32acc_fp32_fast___expf_r0,softmax_oratc_targeted_g48s1024_confirm_v1_20260725_sess03_pos3_fp32_g48_s1024_cache_reuse_candidate_probe_g48_s00_p00,full,0,1,15,140384.572244,140384.57371,140384.572977,0.00146540100104,7.52537907049,5310716202,true,true
softmax_1784951653716_softmax_full_f16io_f32acc_fp32_fast___expf_r0,softmax_oratc_targeted_g48s1024_confirm_v1_20260725_sess03_pos3_fp32_g48_s1024_cache_reuse_candidate_probe_g48_s00_p00,full,0,1,16,140385.073848,140385.075238,140385.074543,0.00139000100899,8.02694519749,5310832985,true,true
softmax_1784951653716_softmax_full_f16io_f32acc_fp32_fast___expf_r0,softmax_oratc_targeted_g48s1024_confirm_v1_20260725_sess03_pos3_fp32_g48_s1024_cache_reuse_candidate_probe_g48_s00_p00,full,0,1,17,140385.575378,140385.576717,140385.576047,0.001339000999,8.52844953249,5310949437,true,true
softmax_1784951653716_softmax_full_f16io_f32acc_fp32_fast___expf_r0,softmax_oratc_targeted_g48s1024_confirm_v1_20260725_sess03_pos3_fp32_g48_s1024_cache_reuse_candidate_probe_g48_s00_p00,full,0,1,18,140386.076851,140386.078258,140386.077555,0.00140739799826,9.02995665499,5311065666,true,true
softmax_1784951653716_softmax_full_f16io_f32acc_fp32_fast___expf_r0,softmax_oratc_targeted_g48s1024_confirm_v1_20260725_sess03_pos3_fp32_g48_s1024_cache_reuse_candidate_probe_g48_s00_p00,full,0,1,19,140386.578385,140386.579771,140386.579078,0.00138569800765,9.53148006101,5311181372,true,true
softmax_1784951653716_softmax_full_f16io_f32acc_fp32_fast___expf_r0,softmax_oratc_targeted_g48s1024_confirm_v1_20260725_sess03_pos3_fp32_g48_s1024_cache_reuse_candidate_probe_g48_s00_p00,full,0,1,20,140387.079907,140387.084323,140387.082115,0.00441619401681,10.034516973,5311296606,true,true
softmax_1784951653716_softmax_full_f16io_f32acc_fp32_fast___expf_r0,softmax_oratc_targeted_g48s1024_confirm_v1_20260725_sess03_pos3_fp32_g48_s1024_cache_reuse_candidate_probe_g48_s00_p00,full,0,1,21,140387.584445,140387.585842,140387.585143,0.0013966980041,10.537545493,5311415453,true,true
softmax_1784951653716_softmax_full_f16io_f32acc_fp32_fast___expf_r0,softmax_oratc_targeted_g48s1024_confirm_v1_20260725_sess03_pos3_fp32_g48_s1024_cache_reuse_candidate_probe_g48_s00_p00,full,0,1,22,140388.085958,140388.087377,140388.086667,0.00141889799852,11.039069474,5311533756,true,true
softmax_1784951653716_softmax_full_f16io_f32acc_fp32_fast___expf_r0,softmax_oratc_targeted_g48s1024_confirm_v1_20260725_sess03_pos3_fp32_g48_s1024_cache_reuse_candidate_probe_g48_s00_p00,full,0,1,23,140388.587502,140388.58889,140388.588196,0.00138779799454,11.540598113,5311651672,true,false
softmax_1784951653716_softmax_full_f16io_f32acc_fp32_fast___expf_r0,softmax_oratc_targeted_g48s1024_confirm_v1_20260725_sess03_pos3_fp32_g48_s1024_cache_reuse_candidate_probe_g48_s00_p00,full,0,1,24,140389.089015,140389.090536,140389.089776,0.00152149799396,12.04217776,5311769344,true,false
softmax_1784951653716_softmax_full_f16io_f32acc_fp32_fast___expf_r0,softmax_oratc_targeted_g48s1024_confirm_v1_20260725_sess03_pos3_fp32_g48_s1024_cache_reuse_candidate_probe_g48_s00_p00,full,0,1,25,140389.590702,140389.592119,140389.591411,0.00141690101009,12.5438129305,5311872464,true,false
softmax_1784951653716_softmax_full_f16io_f32acc_fp32_fast___expf_r0,softmax_oratc_targeted_g48s1024_confirm_v1_20260725_sess03_pos3_fp32_g48_s1024_cache_reuse_candidate_probe_g48_s00_p00,full,0,1,26,140389.5939,140389.595282,140389.594591,0.00138190097641,12.5469931335,5311872464,false,false
softmax_1784951666276_softmax_full_f16io_f32acc_fp32_fast___expf_r0,softmax_oratc_targeted_g48s1024_confirm_v1_20260725_sess03_pos3_fp32_g48_s1024_cache_reuse_candidate_probe_g48_s00_p00,probe_after,0,2,0,140389.606088,140389.607312,140389.6067,0.00122390099568,-0.000619350495981,5311872464,false,false
softmax_1784951666276_softmax_full_f16io_f32acc_fp32_fast___expf_r0,softmax_oratc_targeted_g48s1024_confirm_v1_20260725_sess03_pos3_fp32_g48_s1024_cache_reuse_candidate_probe_g48_s00_p00,probe_after,0,2,1,140390.107689,140390.109169,140390.108429,0.00148030099808,0.501109709527,5311981740,true,false
softmax_1784951666276_softmax_full_f16io_f32acc_fp32_fast___expf_r0,softmax_oratc_targeted_g48s1024_confirm_v1_20260725_sess03_pos3_fp32_g48_s1024_cache_reuse_candidate_probe_g48_s00_p00,probe_after,0,2,2,140390.609332,140390.610701,140390.610016,0.00136870099232,1.00269737749,5312097564,true,false
softmax_1784951666276_softmax_full_f16io_f32acc_fp32_fast___expf_r0,softmax_oratc_targeted_g48s1024_confirm_v1_20260725_sess03_pos3_fp32_g48_s1024_cache_reuse_candidate_probe_g48_s00_p00,probe_after,0,2,3,140391.110857,140391.112226,140391.111542,0.00136880102218,1.50422270349,5312212859,true,true
softmax_1784951666276_softmax_full_f16io_f32acc_fp32_fast___expf_r0,softmax_oratc_targeted_g48s1024_confirm_v1_20260725_sess03_pos3_fp32_g48_s1024_cache_reuse_candidate_probe_g48_s00_p00,probe_after,0,2,4,140391.612395,140391.613758,140391.613076,0.00136260199361,2.00575748901,5312327677,true,true
softmax_1784951666276_softmax_full_f16io_f32acc_fp32_fast___expf_r0,softmax_oratc_targeted_g48s1024_confirm_v1_20260725_sess03_pos3_fp32_g48_s1024_cache_reuse_candidate_probe_g48_s00_p00,probe_after,0,2,5,140392.113914,140392.115325,140392.114619,0.00141070099198,2.50730043152,5312441916,true,true
softmax_1784951666276_softmax_full_f16io_f32acc_fp32_fast___expf_r0,softmax_oratc_targeted_g48s1024_confirm_v1_20260725_sess03_pos3_fp32_g48_s1024_cache_reuse_candidate_probe_g48_s00_p00,probe_after,0,2,6,140392.615502,140392.616835,140392.616168,0.00133350101532,3.00884933351,5312555789,true,true
softmax_1784951666276_softmax_full_f16io_f32acc_fp32_fast___expf_r0,softmax_oratc_targeted_g48s1024_confirm_v1_20260725_sess03_pos3_fp32_g48_s1024_cache_reuse_candidate_probe_g48_s00_p00,probe_after,0,2,7,140393.116959,140393.118776,140393.117867,0.00181730199256,3.51054834298,5312669430,true,true
softmax_1784951666276_softmax_full_f16io_f32acc_fp32_fast___expf_r0,softmax_oratc_targeted_g48s1024_confirm_v1_20260725_sess03_pos3_fp32_g48_s1024_cache_reuse_candidate_probe_g48_s00_p00,probe_after,0,2,8,140393.618905,140393.62237,140393.620638,0.00346490298398,4.0133188625,5312782737,true,true
softmax_1784951666276_softmax_full_f16io_f32acc_fp32_fast___expf_r0,softmax_oratc_targeted_g48s1024_confirm_v1_20260725_sess03_pos3_fp32_g48_s1024_cache_reuse_candidate_probe_g48_s00_p00,probe_after,0,2,9,140394.122499,140394.123917,140394.123208,0.00141869898653,4.51588914951,5312900079,true,true
softmax_1784951666276_softmax_full_f16io_f32acc_fp32_fast___expf_r0,softmax_oratc_targeted_g48s1024_confirm_v1_20260725_sess03_pos3_fp32_g48_s1024_cache_reuse_candidate_probe_g48_s00_p00,probe_after,0,2,10,140394.624057,140394.625427,140394.624742,0.00136929898872,5.01742288048,5313017097,true,true
softmax_1784951666276_softmax_full_f16io_f32acc_fp32_fast___expf_r0,softmax_oratc_targeted_g48s1024_confirm_v1_20260725_sess03_pos3_fp32_g48_s1024_cache_reuse_candidate_probe_g48_s00_p00,probe_after,0,2,11,140395.125547,140395.126921,140395.126234,0.00137339899084,5.5189149685,5313133514,true,true
softmax_1784951666276_softmax_full_f16io_f32acc_fp32_fast___expf_r0,softmax_oratc_targeted_g48s1024_confirm_v1_20260725_sess03_pos3_fp32_g48_s1024_cache_reuse_candidate_probe_g48_s00_p00,probe_after,0,2,12,140395.627068,140395.628465,140395.627766,0.00139679899439,6.02044731649,5313249433,true,true
softmax_1784951666276_softmax_full_f16io_f32acc_fp32_fast___expf_r0,softmax_oratc_targeted_g48s1024_confirm_v1_20260725_sess03_pos3_fp32_g48_s1024_cache_reuse_candidate_probe_g48_s00_p00,probe_after,0,2,13,140396.128621,140396.130097,140396.129359,0.00147599901538,6.5220402705,5313364684,true,true
softmax_1784951666276_softmax_full_f16io_f32acc_fp32_fast___expf_r0,softmax_oratc_targeted_g48s1024_confirm_v1_20260725_sess03_pos3_fp32_g48_s1024_cache_reuse_candidate_probe_g48_s00_p00,probe_after,0,2,14,140396.630218,140396.631756,140396.630987,0.00153749901801,7.0236680845,5313479517,true,true
softmax_1784951666276_softmax_full_f16io_f32acc_fp32_fast___expf_r0,softmax_oratc_targeted_g48s1024_confirm_v1_20260725_sess03_pos3_fp32_g48_s1024_cache_reuse_candidate_probe_g48_s00_p00,probe_after,0,2,15,140397.131882,140397.133276,140397.132579,0.00139409900294,7.52526025553,5313594039,true,true
softmax_1784951666276_softmax_full_f16io_f32acc_fp32_fast___expf_r0,softmax_oratc_targeted_g48s1024_confirm_v1_20260725_sess03_pos3_fp32_g48_s1024_cache_reuse_candidate_probe_g48_s00_p00,probe_after,0,2,16,140397.6334,140397.634799,140397.6341,0.00139859798946,8.02678068602,5313708317,true,true
softmax_1784951666276_softmax_full_f16io_f32acc_fp32_fast___expf_r0,softmax_oratc_targeted_g48s1024_confirm_v1_20260725_sess03_pos3_fp32_g48_s1024_cache_reuse_candidate_probe_g48_s00_p00,probe_after,0,2,17,140398.134913,140398.136271,140398.135592,0.00135790099739,8.52827256153,5313822410,true,true
softmax_1784951666276_softmax_full_f16io_f32acc_fp32_fast___expf_r0,softmax_oratc_targeted_g48s1024_confirm_v1_20260725_sess03_pos3_fp32_g48_s1024_cache_reuse_candidate_probe_g48_s00_p00,probe_after,0,2,18,140398.636443,140398.640714,140398.638579,0.00427010501153,9.03125954748,5313936175,true,true
softmax_1784951666276_softmax_full_f16io_f32acc_fp32_fast___expf_r0,softmax_oratc_targeted_g48s1024_confirm_v1_20260725_sess03_pos3_fp32_g48_s1024_cache_reuse_candidate_probe_g48_s00_p00,probe_after,0,2,19,140399.140887,140399.142229,140399.141558,0.00134140098817,9.53423898949,5314053459,true,true
softmax_1784951666276_softmax_full_f16io_f32acc_fp32_fast___expf_r0,softmax_oratc_targeted_g48s1024_confirm_v1_20260725_sess03_pos3_fp32_g48_s1024_cache_reuse_candidate_probe_g48_s00_p00,probe_after,0,2,20,140399.642341,140399.643789,140399.643065,0.00144750101026,10.0357460405,5314170232,true,true
softmax_1784951666276_softmax_full_f16io_f32acc_fp32_fast___expf_r0,softmax_oratc_targeted_g48s1024_confirm_v1_20260725_sess03_pos3_fp32_g48_s1024_cache_reuse_candidate_probe_g48_s00_p00,probe_after,0,2,21,140400.143956,140400.14536,140400.144658,0.00140430100146,10.5373390475,5314286380,true,true
softmax_1784951666276_softmax_full_f16io_f32acc_fp32_fast___expf_r0,softmax_oratc_targeted_g48s1024_confirm_v1_20260725_sess03_pos3_fp32_g48_s1024_cache_reuse_candidate_probe_g48_s00_p00,probe_after,0,2,22,140400.645544,140400.646853,140400.646199,0.00130940199597,11.038879715,5314401995,true,true
softmax_1784951666276_softmax_full_f16io_f32acc_fp32_fast___expf_r0,softmax_oratc_targeted_g48s1024_confirm_v1_20260725_sess03_pos3_fp32_g48_s1024_cache_reuse_candidate_probe_g48_s00_p00,probe_after,0,2,23,140401.14705,140401.148384,140401.147717,0.00133310098317,11.5403979885,5314517327,true,false
softmax_1784951666276_softmax_full_f16io_f32acc_fp32_fast___expf_r0,softmax_oratc_targeted_g48s1024_confirm_v1_20260725_sess03_pos3_fp32_g48_s1024_cache_reuse_candidate_probe_g48_s00_p00,probe_after,0,2,24,140401.64853,140401.650255,140401.649392,0.00172540199128,12.042073372,5314632375,true,false
softmax_1784951666276_softmax_full_f16io_f32acc_fp32_fast___expf_r0,softmax_oratc_targeted_g48s1024_confirm_v1_20260725_sess03_pos3_fp32_g48_s1024_cache_reuse_candidate_probe_g48_s00_p00,probe_after,0,2,25,140402.109011,140402.110441,140402.109726,0.00142989799497,12.502406984,5314734903,true,false
softmax_1784951678792_softmax_full_f16io_f32acc_fp32_fast___expf_r1,softmax_oratc_targeted_g48s1024_confirm_v1_20260725_sess03_pos3_fp32_g48_s1024_cache_reuse_candidate_probe_g48_s00_p01,full_before,1,0,0,140402.122134,140402.123327,140402.122731,0.00119349799934,-0.000603148975642,5314734903,false,false
softmax_1784951678792_softmax_full_f16io_f32acc_fp32_fast___expf_r1,softmax_oratc_targeted_g48s1024_confirm_v1_20260725_sess03_pos3_fp32_g48_s1024_cache_reuse_candidate_probe_g48_s00_p01,full_before,1,0,1,140402.623617,140402.625116,140402.624366,0.0014988979965,0.501032652013,5314844538,true,false
softmax_1784951678792_softmax_full_f16io_f32acc_fp32_fast___expf_r1,softmax_oratc_targeted_g48s1024_confirm_v1_20260725_sess03_pos3_fp32_g48_s1024_cache_reuse_candidate_probe_g48_s00_p01,full_before,1,0,2,140403.125233,140403.126636,140403.125935,0.00140309898416,1.0026007595,5314962079,true,false
softmax_1784951678792_softmax_full_f16io_f32acc_fp32_fast___expf_r1,softmax_oratc_targeted_g48s1024_confirm_v1_20260725_sess03_pos3_fp32_g48_s1024_cache_reuse_candidate_probe_g48_s00_p01,full_before,1,0,3,140403.626752,140403.628151,140403.627451,0.00139959799708,1.50411752702,5315079235,true,true
softmax_1784951678792_softmax_full_f16io_f32acc_fp32_fast___expf_r1,softmax_oratc_targeted_g48s1024_confirm_v1_20260725_sess03_pos3_fp32_g48_s1024_cache_reuse_candidate_probe_g48_s00_p01,full_before,1,0,4,140404.128302,140404.1298,140404.129051,0.00149819799117,2.00571725101,5315195940,true,true
softmax_1784951678792_softmax_full_f16io_f32acc_fp32_fast___expf_r1,softmax_oratc_targeted_g48s1024_confirm_v1_20260725_sess03_pos3_fp32_g48_s1024_cache_reuse_candidate_probe_g48_s00_p01,full_before,1,0,5,140404.629919,140404.631252,140404.630585,0.00133329900564,2.50725163452,5315312146,true,true
softmax_1784951678792_softmax_full_f16io_f32acc_fp32_fast___expf_r1,softmax_oratc_targeted_g48s1024_confirm_v1_20260725_sess03_pos3_fp32_g48_s1024_cache_reuse_candidate_probe_g48_s00_p01,full_before,1,0,6,140405.131378,140405.132752,140405.132065,0.00137469900073,3.00873107451,5315428094,true,true
softmax_1784951678792_softmax_full_f16io_f32acc_fp32_fast___expf_r1,softmax_oratc_targeted_g48s1024_confirm_v1_20260725_sess03_pos3_fp32_g48_s1024_cache_reuse_candidate_probe_g48_s00_p01,full_before,1,0,7,140405.632873,140405.634283,140405.633578,0.00141070102109,3.5102442975,5315543833,true,true
softmax_1784951678792_softmax_full_f16io_f32acc_fp32_fast___expf_r1,softmax_oratc_targeted_g48s1024_confirm_v1_20260725_sess03_pos3_fp32_g48_s1024_cache_reuse_candidate_probe_g48_s00_p01,full_before,1,0,8,140406.134441,140406.138387,140406.136414,0.00394620400039,4.01308033601,5315659146,true,true
softmax_1784951678792_softmax_full_f16io_f32acc_fp32_fast___expf_r1,softmax_oratc_targeted_g48s1024_confirm_v1_20260725_sess03_pos3_fp32_g48_s1024_cache_reuse_candidate_probe_g48_s00_p01,full_before,1,0,9,140406.638563,140406.639978,140406.639271,0.00141500198515,4.51593703401,5315778324,true,true
softmax_1784951678792_softmax_full_f16io_f32acc_fp32_fast___expf_r1,softmax_oratc_targeted_g48s1024_confirm_v1_20260725_sess03_pos3_fp32_g48_s1024_cache_reuse_candidate_probe_g48_s00_p01,full_before,1,0,10,140407.140179,140407.141567,140407.140873,0.00138740200782,5.01753903701,5315897063,true,true
softmax_1784951678792_softmax_full_f16io_f32acc_fp32_fast___expf_r1,softmax_oratc_targeted_g48s1024_confirm_v1_20260725_sess03_pos3_fp32_g48_s1024_cache_reuse_candidate_probe_g48_s00_p01,full_before,1,0,11,140407.641706,140407.643074,140407.64239,0.00136790200486,5.51905650002,5316015324,true,true
softmax_1784951678792_softmax_full_f16io_f32acc_fp32_fast___expf_r1,softmax_oratc_targeted_g48s1024_confirm_v1_20260725_sess03_pos3_fp32_g48_s1024_cache_reuse_candidate_probe_g48_s00_p01,full_before,1,0,12,140408.143201,140408.144604,140408.143903,0.00140300198109,6.02056886899,5316133095,true,true
softmax_1784951678792_softmax_full_f16io_f32acc_fp32_fast___expf_r1,softmax_oratc_targeted_g48s1024_confirm_v1_20260725_sess03_pos3_fp32_g48_s1024_cache_reuse_candidate_probe_g48_s00_p01,full_before,1,0,13,140408.644728,140408.64611,140408.645419,0.00138260200038,6.522085298,5316250289,true,true
softmax_1784951678792_softmax_full_f16io_f32acc_fp32_fast___expf_r1,softmax_oratc_targeted_g48s1024_confirm_v1_20260725_sess03_pos3_fp32_g48_s1024_cache_reuse_candidate_probe_g48_s00_p01,full_before,1,0,14,140409.14625,140409.147939,140409.147095,0.00168920200667,7.02376093299,5316367071,true,true
softmax_1784951678792_softmax_full_f16io_f32acc_fp32_fast___expf_r1,softmax_oratc_targeted_g48s1024_confirm_v1_20260725_sess03_pos3_fp32_g48_s1024_cache_reuse_candidate_probe_g48_s00_p01,full_before,1,0,15,140409.648061,140409.649431,140409.648746,0.00136950099841,7.52541242851,5316483503,true,true
softmax_1784951678792_softmax_full_f16io_f32acc_fp32_fast___expf_r1,softmax_oratc_targeted_g48s1024_confirm_v1_20260725_sess03_pos3_fp32_g48_s1024_cache_reuse_candidate_probe_g48_s00_p01,full_before,1,0,16,140410.149553,140410.150915,140410.150234,0.00136109799496,8.02690017401,5316599717,true,true
softmax_1784951678792_softmax_full_f16io_f32acc_fp32_fast___expf_r1,softmax_oratc_targeted_g48s1024_confirm_v1_20260725_sess03_pos3_fp32_g48_s1024_cache_reuse_candidate_probe_g48_s00_p01,full_before,1,0,17,140410.651033,140410.652367,140410.6517,0.00133329900564,8.52836627953,5316739559,true,true
softmax_1784951678792_softmax_full_f16io_f32acc_fp32_fast___expf_r1,softmax_oratc_targeted_g48s1024_confirm_v1_20260725_sess03_pos3_fp32_g48_s1024_cache_reuse_candidate_probe_g48_s00_p01,full_before,1,0,18,140411.152521,140411.157459,140411.15499,0.0049372939975,9.03165618802,5316859305,true,true
softmax_1784951678792_softmax_full_f16io_f32acc_fp32_fast___expf_r1,softmax_oratc_targeted_g48s1024_confirm_v1_20260725_sess03_pos3_fp32_g48_s1024_cache_reuse_candidate_probe_g48_s00_p01,full_before,1,0,19,140411.657579,140411.658977,140411.658278,0.00139749899972,9.53494420749,5316978177,true,true
softmax_1784951678792_softmax_full_f16io_f32acc_fp32_fast___expf_r1,softmax_oratc_targeted_g48s1024_confirm_v1_20260725_sess03_pos3_fp32_g48_s1024_cache_reuse_candidate_probe_g48_s00_p01,full_before,1,0,20,140412.159151,140412.160566,140412.159859,0.00141569800326,10.036524734,5317096532,true,true
softmax_1784951678792_softmax_full_f16io_f32acc_fp32_fast___expf_r1,softmax_oratc_targeted_g48s1024_confirm_v1_20260725_sess03_pos3_fp32_g48_s1024_cache_reuse_candidate_probe_g48_s00_p01,full_before,1,0,21,140412.660694,140412.662039,140412.661366,0.00134519897983,10.5380323215,5317214449,true,true
softmax_1784951678792_softmax_full_f16io_f32acc_fp32_fast___expf_r1,softmax_oratc_targeted_g48s1024_confirm_v1_20260725_sess03_pos3_fp32_g48_s1024_cache_reuse_candidate_probe_g48_s00_p01,full_before,1,0,22,140413.162161,140413.163552,140413.162857,0.00139089798904,11.039523014,5317331945,true,true
softmax_1784951678792_softmax_full_f16io_f32acc_fp32_fast___expf_r1,softmax_oratc_targeted_g48s1024_confirm_v1_20260725_sess03_pos3_fp32_g48_s1024_cache_reuse_candidate_probe_g48_s00_p01,full_before,1,0,23,140413.66367,140413.665056,140413.664363,0.00138549902476,11.5410291675,5317449253,true,false
softmax_1784951678792_softmax_full_f16io_f32acc_fp32_fast___expf_r1,softmax_oratc_targeted_g48s1024_confirm_v1_20260725_sess03_pos3_fp32_g48_s1024_cache_reuse_candidate_probe_g48_s00_p01,full_before,1,0,24,140414.165234,140414.166584,140414.165909,0.00134950099164,12.0425751405,5317566288,true,false
softmax_1784951678792_softmax_full_f16io_f32acc_fp32_fast___expf_r1,softmax_oratc_targeted_g48s1024_confirm_v1_20260725_sess03_pos3_fp32_g48_s1024_cache_reuse_candidate_probe_g48_s00_p01,full_before,1,0,25,140414.666703,140414.668057,140414.66738,0.00135350201163,12.544046253,5317668355,true,false
softmax_1784951678792_softmax_full_f16io_f32acc_fp32_fast___expf_r1,softmax_oratc_targeted_g48s1024_confirm_v1_20260725_sess03_pos3_fp32_g48_s1024_cache_reuse_candidate_probe_g48_s00_p01,full_before,1,0,26,140414.670461,140414.671849,140414.671155,0.00138830102514,12.5478212565,5317668355,false,false
softmax_1784951691353_softmax_full_f16io_f32acc_fp32_fast___expf_r1,softmax_oratc_targeted_g48s1024_confirm_v1_20260725_sess03_pos3_fp32_g48_s1024_cache_reuse_candidate_probe_g48_s00_p01,probe_middle,1,1,0,140414.68312,140414.684478,140414.683799,0.00135730099282,-0.000685050501488,5317668355,false,false
softmax_1784951691353_softmax_full_f16io_f32acc_fp32_fast___expf_r1,softmax_oratc_targeted_g48s1024_confirm_v1_20260725_sess03_pos3_fp32_g48_s1024_cache_reuse_candidate_probe_g48_s00_p01,probe_middle,1,1,1,140415.184782,140415.18645,140415.185616,0.00166890199762,0.501132067991,5317777724,true,false
softmax_1784951691353_softmax_full_f16io_f32acc_fp32_fast___expf_r1,softmax_oratc_targeted_g48s1024_confirm_v1_20260725_sess03_pos3_fp32_g48_s1024_cache_reuse_candidate_probe_g48_s00_p01,probe_middle,1,1,2,140415.686617,140415.688856,140415.687736,0.00223920200369,1.003252347,5317892458,true,false
softmax_1784951691353_softmax_full_f16io_f32acc_fp32_fast___expf_r1,softmax_oratc_targeted_g48s1024_confirm_v1_20260725_sess03_pos3_fp32_g48_s1024_cache_reuse_candidate_probe_g48_s00_p01,probe_middle,1,1,3,140416.188977,140416.19045,140416.189713,0.00147250198643,1.50522953097,5318006366,true,true
softmax_1784951691353_softmax_full_f16io_f32acc_fp32_fast___expf_r1,softmax_oratc_targeted_g48s1024_confirm_v1_20260725_sess03_pos3_fp32_g48_s1024_cache_reuse_candidate_probe_g48_s00_p01,probe_middle,1,1,4,140416.690603,140416.695333,140416.692968,0.00472950498806,2.00848387749,5318119658,true,true
softmax_1784951691353_softmax_full_f16io_f32acc_fp32_fast___expf_r1,softmax_oratc_targeted_g48s1024_confirm_v1_20260725_sess03_pos3_fp32_g48_s1024_cache_reuse_candidate_probe_g48_s00_p01,probe_middle,1,1,5,140417.195463,140417.196844,140417.196154,0.00138070099638,2.5116696285,5318236519,true,true
softmax_1784951691353_softmax_full_f16io_f32acc_fp32_fast___expf_r1,softmax_oratc_targeted_g48s1024_confirm_v1_20260725_sess03_pos3_fp32_g48_s1024_cache_reuse_candidate_probe_g48_s00_p01,probe_middle,1,1,6,140417.696997,140417.698346,140417.697672,0.0013484020019,3.01318763898,5318353228,true,true
softmax_1784951691353_softmax_full_f16io_f32acc_fp32_fast___expf_r1,softmax_oratc_targeted_g48s1024_confirm_v1_20260725_sess03_pos3_fp32_g48_s1024_cache_reuse_candidate_probe_g48_s00_p01,probe_middle,1,1,7,140418.198509,140418.199915,140418.199212,0.00140599999577,3.51472849198,5318469670,true,true
softmax_1784951691353_softmax_full_f16io_f32acc_fp32_fast___expf_r1,softmax_oratc_targeted_g48s1024_confirm_v1_20260725_sess03_pos3_fp32_g48_s1024_cache_reuse_candidate_probe_g48_s00_p01,probe_middle,1,1,8,140418.700075,140418.701468,140418.700772,0.00139310100349,4.01628795548,5318585900,true,true
softmax_1784951691353_softmax_full_f16io_f32acc_fp32_fast___expf_r1,softmax_oratc_targeted_g48s1024_confirm_v1_20260725_sess03_pos3_fp32_g48_s1024_cache_reuse_candidate_probe_g48_s00_p01,probe_middle,1,1,9,140419.201646,140419.203111,140419.202378,0.00146560100256,4.51789452351,5318701764,true,true
softmax_1784951691353_softmax_full_f16io_f32acc_fp32_fast___expf_r1,softmax_oratc_targeted_g48s1024_confirm_v1_20260725_sess03_pos3_fp32_g48_s1024_cache_reuse_candidate_probe_g48_s00_p01,probe_middle,1,1,10,140419.703223,140419.704647,140419.703935,0.00142420100747,5.01945125349,5318817061,true,true
softmax_1784951691353_softmax_full_f16io_f32acc_fp32_fast___expf_r1,softmax_oratc_targeted_g48s1024_confirm_v1_20260725_sess03_pos3_fp32_g48_s1024_cache_reuse_candidate_probe_g48_s00_p01,probe_middle,1,1,11,140420.204763,140420.206131,140420.205447,0.00136800098699,5.52096278648,5318931854,true,true
softmax_1784951691353_softmax_full_f16io_f32acc_fp32_fast___expf_r1,softmax_oratc_targeted_g48s1024_confirm_v1_20260725_sess03_pos3_fp32_g48_s1024_cache_reuse_candidate_probe_g48_s00_p01,probe_middle,1,1,12,140420.706255,140420.707632,140420.706944,0.00137630099198,6.02245958149,5319046019,true,true
softmax_1784951691353_softmax_full_f16io_f32acc_fp32_fast___expf_r1,softmax_oratc_targeted_g48s1024_confirm_v1_20260725_sess03_pos3_fp32_g48_s1024_cache_reuse_candidate_probe_g48_s00_p01,probe_middle,1,1,13,140421.207763,140421.209108,140421.208435,0.00134480101406,6.5239511815,5319159688,true,true
softmax_1784951691353_softmax_full_f16io_f32acc_fp32_fast___expf_r1,softmax_oratc_targeted_g48s1024_confirm_v1_20260725_sess03_pos3_fp32_g48_s1024_cache_reuse_candidate_probe_g48_s00_p01,probe_middle,1,1,14,140421.709219,140421.713678,140421.711449,0.00445870301337,7.02696489351,5319273192,true,true
softmax_1784951691353_softmax_full_f16io_f32acc_fp32_fast___expf_r1,softmax_oratc_targeted_g48s1024_confirm_v1_20260725_sess03_pos3_fp32_g48_s1024_cache_reuse_candidate_probe_g48_s00_p01,probe_middle,1,1,15,140422.213769,140422.215185,140422.214477,0.00141530099791,7.52999315949,5319390540,true,true
softmax_1784951691353_softmax_full_f16io_f32acc_fp32_fast___expf_r1,softmax_oratc_targeted_g48s1024_confirm_v1_20260725_sess03_pos3_fp32_g48_s1024_cache_reuse_candidate_probe_g48_s00_p01,probe_middle,1,1,16,140422.715306,140422.71671,140422.716008,0.00140400099917,8.0315243855,5319507621,true,true
softmax_1784951691353_softmax_full_f16io_f32acc_fp32_fast___expf_r1,softmax_oratc_targeted_g48s1024_confirm_v1_20260725_sess03_pos3_fp32_g48_s1024_cache_reuse_candidate_probe_g48_s00_p01,probe_middle,1,1,17,140423.216857,140423.218261,140423.217559,0.00140430100146,8.53307541646,5319624371,true,true
softmax_1784951691353_softmax_full_f16io_f32acc_fp32_fast___expf_r1,softmax_oratc_targeted_g48s1024_confirm_v1_20260725_sess03_pos3_fp32_g48_s1024_cache_reuse_candidate_probe_g48_s00_p01,probe_middle,1,1,18,140423.718375,140423.719761,140423.719068,0.00138550100382,9.03458410848,5319740443,true,true
softmax_1784951691353_softmax_full_f16io_f32acc_fp32_fast___expf_r1,softmax_oratc_targeted_g48s1024_confirm_v1_20260725_sess03_pos3_fp32_g48_s1024_cache_reuse_candidate_probe_g48_s00_p01,probe_middle,1,1,19,140424.219918,140424.221398,140424.220658,0.00148050099961,9.53617410449,5319855849,true,true
softmax_1784951691353_softmax_full_f16io_f32acc_fp32_fast___expf_r1,softmax_oratc_targeted_g48s1024_confirm_v1_20260725_sess03_pos3_fp32_g48_s1024_cache_reuse_candidate_probe_g48_s00_p01,probe_middle,1,1,20,140424.721518,140424.722871,140424.722194,0.00135320099071,10.0377105625,5319970693,true,true
softmax_1784951691353_softmax_full_f16io_f32acc_fp32_fast___expf_r1,softmax_oratc_targeted_g48s1024_confirm_v1_20260725_sess03_pos3_fp32_g48_s1024_cache_reuse_candidate_probe_g48_s00_p01,probe_middle,1,1,21,140425.223003,140425.224392,140425.223697,0.00138850099756,10.5392133245,5320085054,true,true
softmax_1784951691353_softmax_full_f16io_f32acc_fp32_fast___expf_r1,softmax_oratc_targeted_g48s1024_confirm_v1_20260725_sess03_pos3_fp32_g48_s1024_cache_reuse_candidate_probe_g48_s00_p01,probe_middle,1,1,22,140425.724477,140425.725929,140425.725203,0.00145160101238,11.0407189975,5320199213,true,true
softmax_1784951691353_softmax_full_f16io_f32acc_fp32_fast___expf_r1,softmax_oratc_targeted_g48s1024_confirm_v1_20260725_sess03_pos3_fp32_g48_s1024_cache_reuse_candidate_probe_g48_s00_p01,probe_middle,1,1,23,140426.226052,140426.227445,140426.226749,0.00139329899685,11.5422646185,5320313106,true,false
softmax_1784951691353_softmax_full_f16io_f32acc_fp32_fast___expf_r1,softmax_oratc_targeted_g48s1024_confirm_v1_20260725_sess03_pos3_fp32_g48_s1024_cache_reuse_candidate_probe_g48_s00_p01,probe_middle,1,1,24,140426.727567,140426.732047,140426.729807,0.0044794990099,12.0453231005,5320426802,true,false
softmax_1784951691353_softmax_full_f16io_f32acc_fp32_fast___expf_r1,softmax_oratc_targeted_g48s1024_confirm_v1_20260725_sess03_pos3_fp32_g48_s1024_cache_reuse_candidate_probe_g48_s00_p01,probe_middle,1,1,25,140427.161638,140427.162995,140427.162317,0.00135710000177,12.477832802,5320531092,true,false
softmax_1784951703844_softmax_full_f16io_f32acc_fp32_fast___expf_r1,softmax_oratc_targeted_g48s1024_confirm_v1_20260725_sess03_pos3_fp32_g48_s1024_cache_reuse_candidate_probe_g48_s00_p01,full_after,1,2,0,140427.174191,140427.175354,140427.174773,0.00116290000733,-0.000590649986407,5320531092,false,false
softmax_1784951703844_softmax_full_f16io_f32acc_fp32_fast___expf_r1,softmax_oratc_targeted_g48s1024_confirm_v1_20260725_sess03_pos3_fp32_g48_s1024_cache_reuse_candidate_probe_g48_s00_p01,full_after,1,2,1,140427.67578,140427.677153,140427.676467,0.00137209999957,0.501102947019,5320643715,true,false
softmax_1784951703844_softmax_full_f16io_f32acc_fp32_fast___expf_r1,softmax_oratc_targeted_g48s1024_confirm_v1_20260725_sess03_pos3_fp32_g48_s1024_cache_reuse_candidate_probe_g48_s00_p01,full_after,1,2,2,140428.177274,140428.178641,140428.177958,0.00136649998603,1.00259414801,5320761275,true,false
softmax_1784951703844_softmax_full_f16io_f32acc_fp32_fast___expf_r1,softmax_oratc_targeted_g48s1024_confirm_v1_20260725_sess03_pos3_fp32_g48_s1024_cache_reuse_candidate_probe_g48_s00_p01,full_after,1,2,3,140428.678767,140428.680123,140428.679445,0.00135550001869,1.50408126001,5320878456,true,true
softmax_1784951703844_softmax_full_f16io_f32acc_fp32_fast___expf_r1,softmax_oratc_targeted_g48s1024_confirm_v1_20260725_sess03_pos3_fp32_g48_s1024_cache_reuse_candidate_probe_g48_s00_p01,full_after,1,2,4,140429.180219,140429.181642,140429.18093,0.00142320001032,2.00556652702,5320995123,true,true
softmax_1784951703844_softmax_full_f16io_f32acc_fp32_fast___expf_r1,softmax_oratc_targeted_g48s1024_confirm_v1_20260725_sess03_pos3_fp32_g48_s1024_cache_reuse_candidate_probe_g48_s00_p01,full_after,1,2,5,140429.681823,140429.6844,140429.683112,0.00257769998279,2.50774800402,5321111532,true,true
softmax_1784951703844_softmax_full_f16io_f32acc_fp32_fast___expf_r1,softmax_oratc_targeted_g48s1024_confirm_v1_20260725_sess03_pos3_fp32_g48_s1024_cache_reuse_candidate_probe_g48_s00_p01,full_after,1,2,6,140430.184535,140430.185936,140430.185235,0.00140179999289,3.00987188602,5321227472,true,true
softmax_1784951703844_softmax_full_f16io_f32acc_fp32_fast___expf_r1,softmax_oratc_targeted_g48s1024_confirm_v1_20260725_sess03_pos3_fp32_g48_s1024_cache_reuse_candidate_probe_g48_s00_p01,full_after,1,2,7,140430.686068,140430.691021,140430.688544,0.00495329900878,3.51318057851,5321343011,true,true
softmax_1784951703844_softmax_full_f16io_f32acc_fp32_fast___expf_r1,softmax_oratc_targeted_g48s1024_confirm_v1_20260725_sess03_pos3_fp32_g48_s1024_cache_reuse_candidate_probe_g48_s00_p01,full_after,1,2,8,140431.191139,140431.192505,140431.191822,0.00136560000828,4.01645827599,5321462109,true,true
softmax_1784951703844_softmax_full_f16io_f32acc_fp32_fast___expf_r1,softmax_oratc_targeted_g48s1024_confirm_v1_20260725_sess03_pos3_fp32_g48_s1024_cache_reuse_candidate_probe_g48_s00_p01,full_after,1,2,9,140431.692677,140431.694056,140431.693366,0.00137890200131,4.51800272602,5321580791,true,true
softmax_1784951703844_softmax_full_f16io_f32acc_fp32_fast___expf_r1,softmax_oratc_targeted_g48s1024_confirm_v1_20260725_sess03_pos3_fp32_g48_s1024_cache_reuse_candidate_probe_g48_s00_p01,full_after,1,2,10,140432.194212,140432.195551,140432.194882,0.00133840201306,5.01951807199,5321699032,true,true
softmax_1784951703844_softmax_full_f16io_f32acc_fp32_fast___expf_r1,softmax_oratc_targeted_g48s1024_confirm_v1_20260725_sess03_pos3_fp32_g48_s1024_cache_reuse_candidate_probe_g48_s00_p01,full_after,1,2,11,140432.69567,140432.697012,140432.696341,0.00134230099502,5.52097772949,5321816821,true,true
softmax_1784951703844_softmax_full_f16io_f32acc_fp32_fast___expf_r1,softmax_oratc_targeted_g48s1024_confirm_v1_20260725_sess03_pos3_fp32_g48_s1024_cache_reuse_candidate_probe_g48_s00_p01,full_after,1,2,12,140433.197139,140433.198683,140433.197911,0.00154420197941,6.02254749101,5321934015,true,true
softmax_1784951703844_softmax_full_f16io_f32acc_fp32_fast___expf_r1,softmax_oratc_targeted_g48s1024_confirm_v1_20260725_sess03_pos3_fp32_g48_s1024_cache_reuse_candidate_probe_g48_s00_p01,full_after,1,2,13,140433.698841,140433.700234,140433.699538,0.00139270201907,6.52417426402,5322050904,true,true
softmax_1784951703844_softmax_full_f16io_f32acc_fp32_fast___expf_r1,softmax_oratc_targeted_g48s1024_confirm_v1_20260725_sess03_pos3_fp32_g48_s1024_cache_reuse_candidate_probe_g48_s00_p01,full_after,1,2,14,140434.200352,140434.201726,140434.201039,0.00137389800511,7.02567514102,5322167451,true,true
softmax_1784951703844_softmax_full_f16io_f32acc_fp32_fast___expf_r1,softmax_oratc_targeted_g48s1024_confirm_v1_20260725_sess03_pos3_fp32_g48_s1024_cache_reuse_candidate_probe_g48_s00_p01,full_after,1,2,15,140434.701836,140434.703224,140434.70253,0.00138829901698,7.5271667215,5322283719,true,true
softmax_1784951703844_softmax_full_f16io_f32acc_fp32_fast___expf_r1,softmax_oratc_targeted_g48s1024_confirm_v1_20260725_sess03_pos3_fp32_g48_s1024_cache_reuse_candidate_probe_g48_s00_p01,full_after,1,2,16,140435.203344,140435.204724,140435.204034,0.0013796990097,8.02867010652,5322399580,true,true
softmax_1784951703844_softmax_full_f16io_f32acc_fp32_fast___expf_r1,softmax_oratc_targeted_g48s1024_confirm_v1_20260725_sess03_pos3_fp32_g48_s1024_cache_reuse_candidate_probe_g48_s00_p01,full_after,1,2,17,140435.704887,140435.709322,140435.707104,0.00443519497639,8.53174055149,5322515099,true,true
softmax_1784951703844_softmax_full_f16io_f32acc_fp32_fast___expf_r1,softmax_oratc_targeted_g48s1024_confirm_v1_20260725_sess03_pos3_fp32_g48_s1024_cache_reuse_candidate_probe_g48_s00_p01,full_after,1,2,18,140436.209481,140436.210825,140436.210153,0.00134389800951,9.0347896,5322634169,true,true
softmax_1784951703844_softmax_full_f16io_f32acc_fp32_fast___expf_r1,softmax_oratc_targeted_g48s1024_confirm_v1_20260725_sess03_pos3_fp32_g48_s1024_cache_reuse_candidate_probe_g48_s00_p01,full_after,1,2,19,140436.710952,140436.712334,140436.711643,0.00138209899887,9.53627941152,5322752732,true,true
softmax_1784951703844_softmax_full_f16io_f32acc_fp32_fast___expf_r1,softmax_oratc_targeted_g48s1024_confirm_v1_20260725_sess03_pos3_fp32_g48_s1024_cache_reuse_candidate_probe_g48_s00_p01,full_after,1,2,20,140437.212455,140437.213792,140437.213123,0.0013371980167,10.037759577,5322870790,true,true
softmax_1784951703844_softmax_full_f16io_f32acc_fp32_fast___expf_r1,softmax_oratc_targeted_g48s1024_confirm_v1_20260725_sess03_pos3_fp32_g48_s1024_cache_reuse_candidate_probe_g48_s00_p01,full_after,1,2,21,140437.713963,140437.71532,140437.714642,0.00135759898694,10.5392781035,5322988539,true,true
softmax_1784951703844_softmax_full_f16io_f32acc_fp32_fast___expf_r1,softmax_oratc_targeted_g48s1024_confirm_v1_20260725_sess03_pos3_fp32_g48_s1024_cache_reuse_candidate_probe_g48_s00_p01,full_after,1,2,22,140438.215443,140438.216853,140438.216148,0.00140999900759,11.0407843345,5323105985,true,true
softmax_1784951703844_softmax_full_f16io_f32acc_fp32_fast___expf_r1,softmax_oratc_targeted_g48s1024_confirm_v1_20260725_sess03_pos3_fp32_g48_s1024_cache_reuse_candidate_probe_g48_s00_p01,full_after,1,2,23,140438.716987,140438.718384,140438.717685,0.00139690202195,11.542321473,5323223134,true,true
softmax_1784951703844_softmax_full_f16io_f32acc_fp32_fast___expf_r1,softmax_oratc_targeted_g48s1024_confirm_v1_20260725_sess03_pos3_fp32_g48_s1024_cache_reuse_candidate_probe_g48_s00_p01,full_after,1,2,24,140439.218576,140439.220058,140439.219317,0.00148230200284,12.043953757,5323339888,true,false
softmax_1784951703844_softmax_full_f16io_f32acc_fp32_fast___expf_r1,softmax_oratc_targeted_g48s1024_confirm_v1_20260725_sess03_pos3_fp32_g48_s1024_cache_reuse_candidate_probe_g48_s00_p01,full_after,1,2,25,140439.72023,140439.721582,140439.720906,0.00135260200477,12.545542303,5323445335,true,false
softmax_1784951703844_softmax_full_f16io_f32acc_fp32_fast___expf_r1,softmax_oratc_targeted_g48s1024_confirm_v1_20260725_sess03_pos3_fp32_g48_s1024_cache_reuse_candidate_probe_g48_s00_p01,full_after,1,2,26,140439.730211,140439.731574,140439.730892,0.0013634019997,12.555528815,5323445335,false,false
softmax_1784951716409_softmax_full_f16io_f32acc_fp32_fast___expf_r2,softmax_oratc_targeted_g48s1024_confirm_v1_20260725_sess03_pos3_fp32_g48_s1024_cache_reuse_candidate_probe_g48_s00_p02,full_before,2,0,0,140439.739033,140439.740161,140439.739597,0.00112760200864,-0.000571001000935,5323445335,false,false
softmax_1784951716409_softmax_full_f16io_f32acc_fp32_fast___expf_r2,softmax_oratc_targeted_g48s1024_confirm_v1_20260725_sess03_pos3_fp32_g48_s1024_cache_reuse_candidate_probe_g48_s00_p02,full_before,2,0,1,140440.240433,140440.241804,140440.241119,0.00137050199555,0.500950847985,5323576419,true,false
softmax_1784951716409_softmax_full_f16io_f32acc_fp32_fast___expf_r2,softmax_oratc_targeted_g48s1024_confirm_v1_20260725_sess03_pos3_fp32_g48_s1024_cache_reuse_candidate_probe_g48_s00_p02,full_before,2,0,2,140440.741959,140440.743166,140440.742562,0.00120730200433,1.00239475898,5323696219,true,false
softmax_1784951716409_softmax_full_f16io_f32acc_fp32_fast___expf_r2,softmax_oratc_targeted_g48s1024_confirm_v1_20260725_sess03_pos3_fp32_g48_s1024_cache_reuse_candidate_probe_g48_s00_p02,full_before,2,0,3,140441.243323,140441.247584,140441.245453,0.00426100601908,1.505285525,5323815696,true,true
softmax_1784951716409_softmax_full_f16io_f32acc_fp32_fast___expf_r2,softmax_oratc_targeted_g48s1024_confirm_v1_20260725_sess03_pos3_fp32_g48_s1024_cache_reuse_candidate_probe_g48_s00_p02,full_before,2,0,4,140441.747715,140441.749057,140441.748386,0.00134190201061,2.008218103,5323934537,true,true
softmax_1784951716409_softmax_full_f16io_f32acc_fp32_fast___expf_r2,softmax_oratc_targeted_g48s1024_confirm_v1_20260725_sess03_pos3_fp32_g48_s1024_cache_reuse_candidate_probe_g48_s00_p02,full_before,2,0,5,140442.249227,140442.250525,140442.249876,0.00129879199085,2.50970823801,5324053149,true,true
softmax_1784951716409_softmax_full_f16io_f32acc_fp32_fast___expf_r2,softmax_oratc_targeted_g48s1024_confirm_v1_20260725_sess03_pos3_fp32_g48_s1024_cache_reuse_candidate_probe_g48_s00_p02,full_before,2,0,6,140442.750646,140442.751934,140442.75129,0.00128799199592,3.011122533,5324171448,true,true
softmax_1784951716409_softmax_full_f16io_f32acc_fp32_fast___expf_r2,softmax_oratc_targeted_g48s1024_confirm_v1_20260725_sess03_pos3_fp32_g48_s1024_cache_reuse_candidate_probe_g48_s00_p02,full_before,2,0,7,140443.252082,140443.253383,140443.252732,0.00130189201445,3.51256478002,5324289488,true,true
softmax_1784951716409_softmax_full_f16io_f32acc_fp32_fast___expf_r2,softmax_oratc_targeted_g48s1024_confirm_v1_20260725_sess03_pos3_fp32_g48_s1024_cache_reuse_candidate_probe_g48_s00_p02,full_before,2,0,8,140443.753547,140443.75488,140443.754214,0.00133289201767,4.01404589001,5324407135,true,true
softmax_1784951716409_softmax_full_f16io_f32acc_fp32_fast___expf_r2,softmax_oratc_targeted_g48s1024_confirm_v1_20260725_sess03_pos3_fp32_g48_s1024_cache_reuse_candidate_probe_g48_s00_p02,full_before,2,0,9,140444.254995,140444.25633,140444.255662,0.00133430099231,4.51549476548,5324524341,true,true
softmax_1784951716409_softmax_full_f16io_f32acc_fp32_fast___expf_r2,softmax_oratc_targeted_g48s1024_confirm_v1_20260725_sess03_pos3_fp32_g48_s1024_cache_reuse_candidate_probe_g48_s00_p02,full_before,2,0,10,140444.756451,140444.757794,140444.757123,0.00134390199673,5.01695482899,5324641028,true,true
softmax_1784951716409_softmax_full_f16io_f32acc_fp32_fast___expf_r2,softmax_oratc_targeted_g48s1024_confirm_v1_20260725_sess03_pos3_fp32_g48_s1024_cache_reuse_candidate_probe_g48_s00_p02,full_before,2,0,11,140445.257911,140445.259229,140445.25857,0.00131780200172,5.51840254499,5324757311,true,true
softmax_1784951716409_softmax_full_f16io_f32acc_fp32_fast___expf_r2,softmax_oratc_targeted_g48s1024_confirm_v1_20260725_sess03_pos3_fp32_g48_s1024_cache_reuse_candidate_probe_g48_s00_p02,full_before,2,0,12,140445.759377,140445.7607,140445.760039,0.00132220101659,6.01987082348,5324873137,true,true
softmax_1784951716409_softmax_full_f16io_f32acc_fp32_fast___expf_r2,softmax_oratc_targeted_g48s1024_confirm_v1_20260725_sess03_pos3_fp32_g48_s1024_cache_reuse_candidate_probe_g48_s00_p02,full_before,2,0,13,140446.26082,140446.265962,140446.263391,0.00514230498811,6.5232231555,5324988592,true,true
softmax_1784951716409_softmax_full_f16io_f32acc_fp32_fast___expf_r2,softmax_oratc_targeted_g48s1024_confirm_v1_20260725_sess03_pos3_fp32_g48_s1024_cache_reuse_candidate_probe_g48_s00_p02,full_before,2,0,14,140446.766086,140446.767413,140446.766749,0.0013269019837,7.02658145101,5325107676,true,true
softmax_1784951716409_softmax_full_f16io_f32acc_fp32_fast___expf_r2,softmax_oratc_targeted_g48s1024_confirm_v1_20260725_sess03_pos3_fp32_g48_s1024_cache_reuse_candidate_probe_g48_s00_p02,full_before,2,0,15,140447.267542,140447.268852,140447.268197,0.00131000101101,7.52802929649,5325226537,true,true
softmax_1784951716409_softmax_full_f16io_f32acc_fp32_fast___expf_r2,softmax_oratc_targeted_g48s1024_confirm_v1_20260725_sess03_pos3_fp32_g48_s1024_cache_reuse_candidate_probe_g48_s00_p02,full_before,2,0,16,140447.768977,140447.770264,140447.76962,0.00128690199926,8.029452355,5325345031,true,true
softmax_1784951716409_softmax_full_f16io_f32acc_fp32_fast___expf_r2,softmax_oratc_targeted_g48s1024_confirm_v1_20260725_sess03_pos3_fp32_g48_s1024_cache_reuse_candidate_probe_g48_s00_p02,full_before,2,0,17,140448.270385,140448.271819,140448.271102,0.00143360102084,8.53093431549,5325463046,true,true
softmax_1784951716409_softmax_full_f16io_f32acc_fp32_fast___expf_r2,softmax_oratc_targeted_g48s1024_confirm_v1_20260725_sess03_pos3_fp32_g48_s1024_cache_reuse_candidate_probe_g48_s00_p02,full_before,2,0,18,140448.77195,140448.773267,140448.772609,0.00131770101143,9.03244088849,5325580542,true,true
softmax_1784951716409_softmax_full_f16io_f32acc_fp32_fast___expf_r2,softmax_oratc_targeted_g48s1024_confirm_v1_20260725_sess03_pos3_fp32_g48_s1024_cache_reuse_candidate_probe_g48_s00_p02,full_before,2,0,19,140449.273394,140449.274702,140449.274048,0.00130770201213,9.53388051398,5325697506,true,true
softmax_1784951716409_softmax_full_f16io_f32acc_fp32_fast___expf_r2,softmax_oratc_targeted_g48s1024_confirm_v1_20260725_sess03_pos3_fp32_g48_s1024_cache_reuse_candidate_probe_g48_s00_p02,full_before,2,0,20,140449.774827,140449.777255,140449.776041,0.00242850300856,10.0358731525,5325814076,true,true
softmax_1784951716409_softmax_full_f16io_f32acc_fp32_fast___expf_r2,softmax_oratc_targeted_g48s1024_confirm_v1_20260725_sess03_pos3_fp32_g48_s1024_cache_reuse_candidate_probe_g48_s00_p02,full_before,2,0,21,140450.277387,140450.278834,140450.278111,0.00144660001388,10.537942954,5325930211,true,true
softmax_1784951716409_softmax_full_f16io_f32acc_fp32_fast___expf_r2,softmax_oratc_targeted_g48s1024_confirm_v1_20260725_sess03_pos3_fp32_g48_s1024_cache_reuse_candidate_probe_g48_s00_p02,full_before,2,0,22,140450.778971,140450.780376,140450.779674,0.00140470001497,11.039506079,5326045935,true,true
softmax_1784951716409_softmax_full_f16io_f32acc_fp32_fast___expf_r2,softmax_oratc_targeted_g48s1024_confirm_v1_20260725_sess03_pos3_fp32_g48_s1024_cache_reuse_candidate_probe_g48_s00_p02,full_before,2,0,23,140451.280538,140451.284562,140451.28255,0.00402409900562,11.5423823555,5326161336,true,false
softmax_1784951716409_softmax_full_f16io_f32acc_fp32_fast___expf_r2,softmax_oratc_targeted_g48s1024_confirm_v1_20260725_sess03_pos3_fp32_g48_s1024_cache_reuse_candidate_probe_g48_s00_p02,full_before,2,0,24,140451.784718,140451.786032,140451.785375,0.00131350001902,12.045207545,5326280580,true,false
softmax_1784951716409_softmax_full_f16io_f32acc_fp32_fast___expf_r2,softmax_oratc_targeted_g48s1024_confirm_v1_20260725_sess03_pos3_fp32_g48_s1024_cache_reuse_candidate_probe_g48_s00_p02,full_before,2,0,25,140452.286153,140452.287495,140452.286824,0.00134210000397,12.546656537,5326386444,true,false
softmax_1784951716409_softmax_full_f16io_f32acc_fp32_fast___expf_r2,softmax_oratc_targeted_g48s1024_confirm_v1_20260725_sess03_pos3_fp32_g48_s1024_cache_reuse_candidate_probe_g48_s00_p02,full_before,2,0,26,140452.288203,140452.289471,140452.288837,0.0012687999988,12.548669387,5326386444,false,false
softmax_1784951728968_softmax_full_f16io_f32acc_fp32_fast___expf_r2,softmax_oratc_targeted_g48s1024_confirm_v1_20260725_sess03_pos3_fp32_g48_s1024_cache_reuse_candidate_probe_g48_s00_p02,probe_middle,2,1,0,140452.29757,140452.298759,140452.298164,0.00118969997857,-0.000600550003583,5326386444,false,false
softmax_1784951728968_softmax_full_f16io_f32acc_fp32_fast___expf_r2,softmax_oratc_targeted_g48s1024_confirm_v1_20260725_sess03_pos3_fp32_g48_s1024_cache_reuse_candidate_probe_g48_s00_p02,probe_middle,2,1,1,140452.799089,140452.803996,140452.801542,0.00490679999348,0.502777304995,5326496526,true,false
softmax_1784951728968_softmax_full_f16io_f32acc_fp32_fast___expf_r2,softmax_oratc_targeted_g48s1024_confirm_v1_20260725_sess03_pos3_fp32_g48_s1024_cache_reuse_candidate_probe_g48_s00_p02,probe_middle,2,1,2,140453.304115,140453.305529,140453.304822,0.00141399999848,1.00605661099,5326613613,true,false
softmax_1784951728968_softmax_full_f16io_f32acc_fp32_fast___expf_r2,softmax_oratc_targeted_g48s1024_confirm_v1_20260725_sess03_pos3_fp32_g48_s1024_cache_reuse_candidate_probe_g48_s00_p02,probe_middle,2,1,3,140453.805663,140453.807029,140453.806346,0.0013666000159,1.50758093101,5326730129,true,true
softmax_1784951728968_softmax_full_f16io_f32acc_fp32_fast___expf_r2,softmax_oratc_targeted_g48s1024_confirm_v1_20260725_sess03_pos3_fp32_g48_s1024_cache_reuse_candidate_probe_g48_s00_p02,probe_middle,2,1,4,140454.307147,140454.308499,140454.307823,0.00135179999052,2.009057952,5326846498,true,true
softmax_1784951728968_softmax_full_f16io_f32acc_fp32_fast___expf_r2,softmax_oratc_targeted_g48s1024_confirm_v1_20260725_sess03_pos3_fp32_g48_s1024_cache_reuse_candidate_probe_g48_s00_p02,probe_middle,2,1,5,140454.808635,140454.80996,140454.809298,0.00132420100272,2.51053258649,5326962661,true,true
softmax_1784951728968_softmax_full_f16io_f32acc_fp32_fast___expf_r2,softmax_oratc_targeted_g48s1024_confirm_v1_20260725_sess03_pos3_fp32_g48_s1024_cache_reuse_candidate_probe_g48_s00_p02,probe_middle,2,1,6,140455.310128,140455.311505,140455.310816,0.00137650000397,3.012051272,5327078489,true,true
softmax_1784951728968_softmax_full_f16io_f32acc_fp32_fast___expf_r2,softmax_oratc_targeted_g48s1024_confirm_v1_20260725_sess03_pos3_fp32_g48_s1024_cache_reuse_candidate_probe_g48_s00_p02,probe_middle,2,1,7,140455.811664,140455.813049,140455.812356,0.00138419997529,3.51359147101,5327194028,true,true
softmax_1784951728968_softmax_full_f16io_f32acc_fp32_fast___expf_r2,softmax_oratc_targeted_g48s1024_confirm_v1_20260725_sess03_pos3_fp32_g48_s1024_cache_reuse_candidate_probe_g48_s00_p02,probe_middle,2,1,8,140456.313277,140456.314804,140456.31404,0.00152700100443,4.01527511852,5327308949,true,true
softmax_1784951728968_softmax_full_f16io_f32acc_fp32_fast___expf_r2,softmax_oratc_targeted_g48s1024_confirm_v1_20260725_sess03_pos3_fp32_g48_s1024_cache_reuse_candidate_probe_g48_s00_p02,probe_middle,2,1,9,140456.814967,140456.81632,140456.815644,0.00135280200629,4.51687868201,5327423355,true,true
softmax_1784951728968_softmax_full_f16io_f32acc_fp32_fast___expf_r2,softmax_oratc_targeted_g48s1024_confirm_v1_20260725_sess03_pos3_fp32_g48_s1024_cache_reuse_candidate_probe_g48_s00_p02,probe_middle,2,1,10,140457.316481,140457.317867,140457.317174,0.00138570100535,5.01840869649,5327537230,true,true
softmax_1784951728968_softmax_full_f16io_f32acc_fp32_fast___expf_r2,softmax_oratc_targeted_g48s1024_confirm_v1_20260725_sess03_pos3_fp32_g48_s1024_cache_reuse_candidate_probe_g48_s00_p02,probe_middle,2,1,11,140457.818026,140457.82232,140457.820173,0.00429360501585,5.52140772651,5327650577,true,true
softmax_1784951728968_softmax_full_f16io_f32acc_fp32_fast___expf_r2,softmax_oratc_targeted_g48s1024_confirm_v1_20260725_sess03_pos3_fp32_g48_s1024_cache_reuse_candidate_probe_g48_s00_p02,probe_middle,2,1,12,140458.322484,140458.323885,140458.323185,0.00140179099981,6.02441953748,5327767527,true,true
softmax_1784951728968_softmax_full_f16io_f32acc_fp32_fast___expf_r2,softmax_oratc_targeted_g48s1024_confirm_v1_20260725_sess03_pos3_fp32_g48_s1024_cache_reuse_candidate_probe_g48_s00_p02,probe_middle,2,1,13,140458.824049,140458.825441,140458.824745,0.00139189098263,6.5259797725,5327884139,true,true
softmax_1784951728968_softmax_full_f16io_f32acc_fp32_fast___expf_r2,softmax_oratc_targeted_g48s1024_confirm_v1_20260725_sess03_pos3_fp32_g48_s1024_cache_reuse_candidate_probe_g48_s00_p02,probe_middle,2,1,14,140459.325557,140459.326936,140459.326246,0.00137919199187,7.027481208,5328000560,true,true
softmax_1784951728968_softmax_full_f16io_f32acc_fp32_fast___expf_r2,softmax_oratc_targeted_g48s1024_confirm_v1_20260725_sess03_pos3_fp32_g48_s1024_cache_reuse_candidate_probe_g48_s00_p02,probe_middle,2,1,15,140459.827109,140459.828581,140459.827845,0.00147110200487,7.529079959,5328116773,true,true
softmax_1784951728968_softmax_full_f16io_f32acc_fp32_fast___expf_r2,softmax_oratc_targeted_g48s1024_confirm_v1_20260725_sess03_pos3_fp32_g48_s1024_cache_reuse_candidate_probe_g48_s00_p02,probe_middle,2,1,16,140460.328737,140460.330107,140460.329422,0.00136970198946,8.030657339,5328232603,true,true
softmax_1784951728968_softmax_full_f16io_f32acc_fp32_fast___expf_r2,softmax_oratc_targeted_g48s1024_confirm_v1_20260725_sess03_pos3_fp32_g48_s1024_cache_reuse_candidate_probe_g48_s00_p02,probe_middle,2,1,17,140460.83028,140460.831945,140460.831113,0.00166500199703,8.53234778298,5328347920,true,true
softmax_1784951728968_softmax_full_f16io_f32acc_fp32_fast___expf_r2,softmax_oratc_targeted_g48s1024_confirm_v1_20260725_sess03_pos3_fp32_g48_s1024_cache_reuse_candidate_probe_g48_s00_p02,probe_middle,2,1,18,140461.332071,140461.33348,140461.332775,0.00140930098132,9.03401042748,5328462525,true,true
softmax_1784951728968_softmax_full_f16io_f32acc_fp32_fast___expf_r2,softmax_oratc_targeted_g48s1024_confirm_v1_20260725_sess03_pos3_fp32_g48_s1024_cache_reuse_candidate_probe_g48_s00_p02,probe_middle,2,1,19,140461.833633,140461.835164,140461.834398,0.00153040100122,9.53563338649,5328600245,true,true
softmax_1784951728968_softmax_full_f16io_f32acc_fp32_fast___expf_r2,softmax_oratc_targeted_g48s1024_confirm_v1_20260725_sess03_pos3_fp32_g48_s1024_cache_reuse_candidate_probe_g48_s00_p02,probe_middle,2,1,20,140462.335317,140462.336638,140462.335978,0.00132040100289,10.0372125955,5328718112,true,true
softmax_1784951728968_softmax_full_f16io_f32acc_fp32_fast___expf_r2,softmax_oratc_targeted_g48s1024_confirm_v1_20260725_sess03_pos3_fp32_g48_s1024_cache_reuse_candidate_probe_g48_s00_p02,probe_middle,2,1,21,140462.836793,140462.840906,140462.838849,0.00411320399144,10.54008412,5328835885,true,true
softmax_1784951728968_softmax_full_f16io_f32acc_fp32_fast___expf_r2,softmax_oratc_targeted_g48s1024_confirm_v1_20260725_sess03_pos3_fp32_g48_s1024_cache_reuse_candidate_probe_g48_s00_p02,probe_middle,2,1,22,140463.341046,140463.342401,140463.341723,0.0013553010067,11.0429584945,5328953175,true,true
softmax_1784951728968_softmax_full_f16io_f32acc_fp32_fast___expf_r2,softmax_oratc_targeted_g48s1024_confirm_v1_20260725_sess03_pos3_fp32_g48_s1024_cache_reuse_candidate_probe_g48_s00_p02,probe_middle,2,1,23,140463.842566,140463.843989,140463.843277,0.00142260201392,11.544512482,5329070188,true,false
softmax_1784951728968_softmax_full_f16io_f32acc_fp32_fast___expf_r2,softmax_oratc_targeted_g48s1024_confirm_v1_20260725_sess03_pos3_fp32_g48_s1024_cache_reuse_candidate_probe_g48_s00_p02,probe_middle,2,1,24,140464.344153,140464.345499,140464.344826,0.00134620198514,12.04606122,5329186688,true,false
softmax_1784951728968_softmax_full_f16io_f32acc_fp32_fast___expf_r2,softmax_oratc_targeted_g48s1024_confirm_v1_20260725_sess03_pos3_fp32_g48_s1024_cache_reuse_candidate_probe_g48_s00_p02,probe_middle,2,1,25,140464.798672,140464.800267,140464.79947,0.00159550199169,12.50070457,5329267625,true,false
softmax_1784951741478_softmax_full_f16io_f32acc_fp32_fast___expf_r2,softmax_oratc_targeted_g48s1024_confirm_v1_20260725_sess03_pos3_fp32_g48_s1024_cache_reuse_candidate_probe_g48_s00_p02,full_after,2,2,0,140464.807736,140464.808812,140464.808274,0.00107690200093,-0.000545151036931,5329267625,false,false
softmax_1784951741478_softmax_full_f16io_f32acc_fp32_fast___expf_r2,softmax_oratc_targeted_g48s1024_confirm_v1_20260725_sess03_pos3_fp32_g48_s1024_cache_reuse_candidate_probe_g48_s00_p02,full_after,2,2,1,140465.309055,140465.310436,140465.309745,0.00138050198439,0.500926300971,5329378795,true,false
softmax_1784951741478_softmax_full_f16io_f32acc_fp32_fast___expf_r2,softmax_oratc_targeted_g48s1024_confirm_v1_20260725_sess03_pos3_fp32_g48_s1024_cache_reuse_candidate_probe_g48_s00_p02,full_after,2,2,2,140465.810565,140465.811964,140465.811264,0.0013985009864,1.00244516649,5329495113,true,false
softmax_1784951741478_softmax_full_f16io_f32acc_fp32_fast___expf_r2,softmax_oratc_targeted_g48s1024_confirm_v1_20260725_sess03_pos3_fp32_g48_s1024_cache_reuse_candidate_probe_g48_s00_p02,full_after,2,2,3,140466.312103,140466.313441,140466.312772,0.00133779802127,1.50395317099,5329611078,true,true
softmax_1784951741478_softmax_full_f16io_f32acc_fp32_fast___expf_r2,softmax_oratc_targeted_g48s1024_confirm_v1_20260725_sess03_pos3_fp32_g48_s1024_cache_reuse_candidate_probe_g48_s00_p02,full_after,2,2,4,140466.813565,140466.814959,140466.814262,0.00139349800884,2.00544295498,5329726804,true,true
softmax_1784951741478_softmax_full_f16io_f32acc_fp32_fast___expf_r2,softmax_oratc_targeted_g48s1024_confirm_v1_20260725_sess03_pos3_fp32_g48_s1024_cache_reuse_candidate_probe_g48_s00_p02,full_after,2,2,5,140467.315095,140467.319605,140467.31735,0.00450939399889,2.508530736,5329842208,true,true
softmax_1784951741478_softmax_full_f16io_f32acc_fp32_fast___expf_r2,softmax_oratc_targeted_g48s1024_confirm_v1_20260725_sess03_pos3_fp32_g48_s1024_cache_reuse_candidate_probe_g48_s00_p02,full_after,2,2,6,140467.819775,140467.821113,140467.820444,0.00133749798988,3.01162493098,5329961377,true,true
softmax_1784951741478_softmax_full_f16io_f32acc_fp32_fast___expf_r2,softmax_oratc_targeted_g48s1024_confirm_v1_20260725_sess03_pos3_fp32_g48_s1024_cache_reuse_candidate_probe_g48_s00_p02,full_after,2,2,7,140468.321329,140468.322721,140468.322025,0.00139159802347,3.51320592899,5330080133,true,true
softmax_1784951741478_softmax_full_f16io_f32acc_fp32_fast___expf_r2,softmax_oratc_targeted_g48s1024_confirm_v1_20260725_sess03_pos3_fp32_g48_s1024_cache_reuse_candidate_probe_g48_s00_p02,full_after,2,2,8,140468.822847,140468.824294,140468.82357,0.00144649797585,4.01475134099,5330198397,true,true
softmax_1784951741478_softmax_full_f16io_f32acc_fp32_fast___expf_r2,softmax_oratc_targeted_g48s1024_confirm_v1_20260725_sess03_pos3_fp32_g48_s1024_cache_reuse_candidate_probe_g48_s00_p02,full_after,2,2,9,140469.324412,140469.325783,140469.325097,0.00137090097996,4.5162781245,5330316259,true,true
softmax_1784951741478_softmax_full_f16io_f32acc_fp32_fast___expf_r2,softmax_oratc_targeted_g48s1024_confirm_v1_20260725_sess03_pos3_fp32_g48_s1024_cache_reuse_candidate_probe_g48_s00_p02,full_after,2,2,10,140469.825916,140469.827257,140469.826586,0.00134040098055,5.01776720348,5330433616,true,true
softmax_1784951741478_softmax_full_f16io_f32acc_fp32_fast___expf_r2,softmax_oratc_targeted_g48s1024_confirm_v1_20260725_sess03_pos3_fp32_g48_s1024_cache_reuse_candidate_probe_g48_s00_p02,full_after,2,2,11,140470.327381,140470.32913,140470.328256,0.0017489019956,5.51943668196,5330550466,true,true
softmax_1784951741478_softmax_full_f16io_f32acc_fp32_fast___expf_r2,softmax_oratc_targeted_g48s1024_confirm_v1_20260725_sess03_pos3_fp32_g48_s1024_cache_reuse_candidate_probe_g48_s00_p02,full_after,2,2,12,140470.829247,140470.830652,140470.82995,0.00140490199556,6.02113062501,5330666960,true,true
softmax_1784951741478_softmax_full_f16io_f32acc_fp32_fast___expf_r2,softmax_oratc_targeted_g48s1024_confirm_v1_20260725_sess03_pos3_fp32_g48_s1024_cache_reuse_candidate_probe_g48_s00_p02,full_after,2,2,13,140471.330809,140471.332179,140471.331494,0.00137030199403,6.522674868,5330807202,true,true
softmax_1784951741478_softmax_full_f16io_f32acc_fp32_fast___expf_r2,softmax_oratc_targeted_g48s1024_confirm_v1_20260725_sess03_pos3_fp32_g48_s1024_cache_reuse_candidate_probe_g48_s00_p02,full_after,2,2,14,140471.832334,140471.833605,140471.83297,0.00127060100203,7.02415067449,5330927341,true,true
softmax_1784951741478_softmax_full_f16io_f32acc_fp32_fast___expf_r2,softmax_oratc_targeted_g48s1024_confirm_v1_20260725_sess03_pos3_fp32_g48_s1024_cache_reuse_candidate_probe_g48_s00_p02,full_after,2,2,15,140472.333721,140472.338455,140472.336088,0.00473450499703,7.52726908351,5331047262,true,true
softmax_1784951741478_softmax_full_f16io_f32acc_fp32_fast___expf_r2,softmax_oratc_targeted_g48s1024_confirm_v1_20260725_sess03_pos3_fp32_g48_s1024_cache_reuse_candidate_probe_g48_s00_p02,full_after,2,2,16,140472.838583,140472.839961,140472.839272,0.00137750100112,8.0304526565,5331166463,true,true
softmax_1784951741478_softmax_full_f16io_f32acc_fp32_fast___expf_r2,softmax_oratc_targeted_g48s1024_confirm_v1_20260725_sess03_pos3_fp32_g48_s1024_cache_reuse_candidate_probe_g48_s00_p02,full_after,2,2,17,140473.340072,140473.341432,140473.340752,0.00136030098656,8.5319332275,5331285079,true,true
softmax_1784951741478_softmax_full_f16io_f32acc_fp32_fast___expf_r2,softmax_oratc_targeted_g48s1024_confirm_v1_20260725_sess03_pos3_fp32_g48_s1024_cache_reuse_candidate_probe_g48_s00_p02,full_after,2,2,18,140473.841587,140473.843029,140473.842308,0.00144130198169,9.033488913,5331403223,true,true
softmax_1784951741478_softmax_full_f16io_f32acc_fp32_fast___expf_r2,softmax_oratc_targeted_g48s1024_confirm_v1_20260725_sess03_pos3_fp32_g48_s1024_cache_reuse_candidate_probe_g48_s00_p02,full_after,2,2,19,140474.343199,140474.344591,140474.343895,0.00139179799589,9.53507617701,5331520871,true,true
softmax_1784951741478_softmax_full_f16io_f32acc_fp32_fast___expf_r2,softmax_oratc_targeted_g48s1024_confirm_v1_20260725_sess03_pos3_fp32_g48_s1024_cache_reuse_candidate_probe_g48_s00_p02,full_after,2,2,20,140474.844706,140474.846099,140474.845402,0.0013934969902,10.0365832715,5331638185,true,true
softmax_1784951741478_softmax_full_f16io_f32acc_fp32_fast___expf_r2,softmax_oratc_targeted_g48s1024_confirm_v1_20260725_sess03_pos3_fp32_g48_s1024_cache_reuse_candidate_probe_g48_s00_p02,full_after,2,2,21,140475.346219,140475.34758,140475.3469,0.00136069799191,10.538080716,5331755154,true,true
softmax_1784951741478_softmax_full_f16io_f32acc_fp32_fast___expf_r2,softmax_oratc_targeted_g48s1024_confirm_v1_20260725_sess03_pos3_fp32_g48_s1024_cache_reuse_candidate_probe_g48_s00_p02,full_after,2,2,22,140475.847698,140475.849175,140475.848437,0.00147779798135,11.039617424,5331871851,true,true
softmax_1784951741478_softmax_full_f16io_f32acc_fp32_fast___expf_r2,softmax_oratc_targeted_g48s1024_confirm_v1_20260725_sess03_pos3_fp32_g48_s1024_cache_reuse_candidate_probe_g48_s00_p02,full_after,2,2,23,140476.349294,140476.350747,140476.350021,0.00145219801925,11.541201383,5331988203,true,false
softmax_1784951741478_softmax_full_f16io_f32acc_fp32_fast___expf_r2,softmax_oratc_targeted_g48s1024_confirm_v1_20260725_sess03_pos3_fp32_g48_s1024_cache_reuse_candidate_probe_g48_s00_p02,full_after,2,2,24,140476.850875,140476.852282,140476.851579,0.00140639801975,12.042759555,5332104023,true,false
softmax_1784951741478_softmax_full_f16io_f32acc_fp32_fast___expf_r2,softmax_oratc_targeted_g48s1024_confirm_v1_20260725_sess03_pos3_fp32_g48_s1024_cache_reuse_candidate_probe_g48_s00_p02,full_after,2,2,25,140477.336916,140477.338285,140477.337601,0.00136920099612,12.5287817165,5332204996,true,false
softmax_1784951754015_softmax_full_f16io_f32acc_fp32_fast___expf_r3,softmax_oratc_targeted_g48s1024_confirm_v1_20260725_sess03_pos3_fp32_g48_s1024_cache_reuse_candidate_probe_g48_s00_p03,probe_before,3,0,0,140477.345318,140477.346516,140477.345917,0.0011972009961,-0.000605300505413,5332204996,false,false
softmax_1784951754015_softmax_full_f16io_f32acc_fp32_fast___expf_r3,softmax_oratc_targeted_g48s1024_confirm_v1_20260725_sess03_pos3_fp32_g48_s1024_cache_reuse_candidate_probe_g48_s00_p03,probe_before,3,0,1,140477.846818,140477.848223,140477.84752,0.00140520100831,0.500998091506,5332318604,true,false
softmax_1784951754015_softmax_full_f16io_f32acc_fp32_fast___expf_r3,softmax_oratc_targeted_g48s1024_confirm_v1_20260725_sess03_pos3_fp32_g48_s1024_cache_reuse_candidate_probe_g48_s00_p03,probe_before,3,0,2,140478.348311,140478.349669,140478.34899,0.00135750099435,1.00246783448,5332432636,true,false
softmax_1784951754015_softmax_full_f16io_f32acc_fp32_fast___expf_r3,softmax_oratc_targeted_g48s1024_confirm_v1_20260725_sess03_pos3_fp32_g48_s1024_cache_reuse_candidate_probe_g48_s00_p03,probe_before,3,0,3,140478.84983,140478.851223,140478.850527,0.0013928010012,1.50400429047,5332546402,true,true
softmax_1784951754015_softmax_full_f16io_f32acc_fp32_fast___expf_r3,softmax_oratc_targeted_g48s1024_confirm_v1_20260725_sess03_pos3_fp32_g48_s1024_cache_reuse_candidate_probe_g48_s00_p03,probe_before,3,0,4,140479.351434,140479.355741,140479.353587,0.00430650400813,2.00706514801,5332660072,true,true
softmax_1784951754015_softmax_full_f16io_f32acc_fp32_fast___expf_r3,softmax_oratc_targeted_g48s1024_confirm_v1_20260725_sess03_pos3_fp32_g48_s1024_cache_reuse_candidate_probe_g48_s00_p03,probe_before,3,0,5,140479.855912,140479.857303,140479.856607,0.00139060200308,2.51008511896,5332777541,true,true
softmax_1784951754015_softmax_full_f16io_f32acc_fp32_fast___expf_r3,softmax_oratc_targeted_g48s1024_confirm_v1_20260725_sess03_pos3_fp32_g48_s1024_cache_reuse_candidate_probe_g48_s00_p03,probe_before,3,0,6,140480.357415,140480.358814,140480.358115,0.00139910099097,3.01159248949,5332894686,true,true
softmax_1784951754015_softmax_full_f16io_f32acc_fp32_fast___expf_r3,softmax_oratc_targeted_g48s1024_confirm_v1_20260725_sess03_pos3_fp32_g48_s1024_cache_reuse_candidate_probe_g48_s00_p03,probe_before,3,0,7,140480.858981,140480.860395,140480.859688,0.00141470102244,3.5131656235,5333011482,true,true
softmax_1784951754015_softmax_full_f16io_f32acc_fp32_fast___expf_r3,softmax_oratc_targeted_g48s1024_confirm_v1_20260725_sess03_pos3_fp32_g48_s1024_cache_reuse_candidate_probe_g48_s00_p03,probe_before,3,0,8,140481.360554,140481.361936,140481.361245,0.00138270200114,4.014722658,5333127625,true,true
softmax_1784951754015_softmax_full_f16io_f32acc_fp32_fast___expf_r3,softmax_oratc_targeted_g48s1024_confirm_v1_20260725_sess03_pos3_fp32_g48_s1024_cache_reuse_candidate_probe_g48_s00_p03,probe_before,3,0,9,140481.86211,140481.863493,140481.862802,0.00138230100856,4.51627930548,5333243171,true,true
softmax_1784951754015_softmax_full_f16io_f32acc_fp32_fast___expf_r3,softmax_oratc_targeted_g48s1024_confirm_v1_20260725_sess03_pos3_fp32_g48_s1024_cache_reuse_candidate_probe_g48_s00_p03,probe_before,3,0,10,140482.363614,140482.365039,140482.364327,0.00142499900539,5.01780456546,5333358087,true,true
softmax_1784951754015_softmax_full_f16io_f32acc_fp32_fast___expf_r3,softmax_oratc_targeted_g48s1024_confirm_v1_20260725_sess03_pos3_fp32_g48_s1024_cache_reuse_candidate_probe_g48_s00_p03,probe_before,3,0,11,140482.865171,140482.867614,140482.866392,0.00244309697882,5.5198698625,5333472748,true,true
softmax_1784951754015_softmax_full_f16io_f32acc_fp32_fast___expf_r3,softmax_oratc_targeted_g48s1024_confirm_v1_20260725_sess03_pos3_fp32_g48_s1024_cache_reuse_candidate_probe_g48_s00_p03,probe_before,3,0,12,140483.367773,140483.369224,140483.368499,0.00145179900574,6.0219762605,5333586980,true,true
softmax_1784951754015_softmax_full_f16io_f32acc_fp32_fast___expf_r3,softmax_oratc_targeted_g48s1024_confirm_v1_20260725_sess03_pos3_fp32_g48_s1024_cache_reuse_candidate_probe_g48_s00_p03,probe_before,3,0,13,140483.869369,140483.874595,140483.871982,0.0052268950094,6.52545977049,5333700793,true,true
softmax_1784951754015_softmax_full_f16io_f32acc_fp32_fast___expf_r3,softmax_oratc_targeted_g48s1024_confirm_v1_20260725_sess03_pos3_fp32_g48_s1024_cache_reuse_candidate_probe_g48_s00_p03,probe_before,3,0,14,140484.374746,140484.376151,140484.375449,0.00140479800757,7.028926281,5333818260,true,true
softmax_1784951754015_softmax_full_f16io_f32acc_fp32_fast___expf_r3,softmax_oratc_targeted_g48s1024_confirm_v1_20260725_sess03_pos3_fp32_g48_s1024_cache_reuse_candidate_probe_g48_s00_p03,probe_before,3,0,15,140484.876284,140484.8777,140484.876992,0.00141589899431,7.53046940648,5333935310,true,true
softmax_1784951754015_softmax_full_f16io_f32acc_fp32_fast___expf_r3,softmax_oratc_targeted_g48s1024_confirm_v1_20260725_sess03_pos3_fp32_g48_s1024_cache_reuse_candidate_probe_g48_s00_p03,probe_before,3,0,16,140485.377813,140485.379199,140485.378506,0.00138569899718,8.03198388251,5334051847,true,true
softmax_1784951754015_softmax_full_f16io_f32acc_fp32_fast___expf_r3,softmax_oratc_targeted_g48s1024_confirm_v1_20260725_sess03_pos3_fp32_g48_s1024_cache_reuse_candidate_probe_g48_s00_p03,probe_before,3,0,17,140485.879373,140485.880774,140485.880073,0.00140090100467,8.53355095748,5334167843,true,true
softmax_1784951754015_softmax_full_f16io_f32acc_fp32_fast___expf_r3,softmax_oratc_targeted_g48s1024_confirm_v1_20260725_sess03_pos3_fp32_g48_s1024_cache_reuse_candidate_probe_g48_s00_p03,probe_before,3,0,18,140486.380926,140486.382413,140486.38167,0.00148700099089,9.0351472995,5334283135,true,true
softmax_1784951754015_softmax_full_f16io_f32acc_fp32_fast___expf_r3,softmax_oratc_targeted_g48s1024_confirm_v1_20260725_sess03_pos3_fp32_g48_s1024_cache_reuse_candidate_probe_g48_s00_p03,probe_before,3,0,19,140486.882534,140486.883942,140486.883238,0.0014079019893,9.53671615399,5334398000,true,true
softmax_1784951754015_softmax_full_f16io_f32acc_fp32_fast___expf_r3,softmax_oratc_targeted_g48s1024_confirm_v1_20260725_sess03_pos3_fp32_g48_s1024_cache_reuse_candidate_probe_g48_s00_p03,probe_before,3,0,20,140487.384058,140487.385467,140487.384763,0.00140880100662,10.0382405095,5334512680,true,true
softmax_1784951754015_softmax_full_f16io_f32acc_fp32_fast___expf_r3,softmax_oratc_targeted_g48s1024_confirm_v1_20260725_sess03_pos3_fp32_g48_s1024_cache_reuse_candidate_probe_g48_s00_p03,probe_before,3,0,21,140487.885638,140487.887095,140487.886366,0.00145710201468,10.539843878,5334627162,true,true
softmax_1784951754015_softmax_full_f16io_f32acc_fp32_fast___expf_r3,softmax_oratc_targeted_g48s1024_confirm_v1_20260725_sess03_pos3_fp32_g48_s1024_cache_reuse_candidate_probe_g48_s00_p03,probe_before,3,0,22,140488.387266,140488.388634,140488.38795,0.00136720101,11.0414277475,5334741346,true,true
softmax_1784951754015_softmax_full_f16io_f32acc_fp32_fast___expf_r3,softmax_oratc_targeted_g48s1024_confirm_v1_20260725_sess03_pos3_fp32_g48_s1024_cache_reuse_candidate_probe_g48_s00_p03,probe_before,3,0,23,140488.888806,140488.892821,140488.890813,0.00401510400116,11.544290931,5334855158,true,false
softmax_1784951754015_softmax_full_f16io_f32acc_fp32_fast___expf_r3,softmax_oratc_targeted_g48s1024_confirm_v1_20260725_sess03_pos3_fp32_g48_s1024_cache_reuse_candidate_probe_g48_s00_p03,probe_before,3,0,24,140489.392938,140489.394347,140489.393643,0.0014091010089,12.0471202655,5334972422,true,false
softmax_1784951754015_softmax_full_f16io_f32acc_fp32_fast___expf_r3,softmax_oratc_targeted_g48s1024_confirm_v1_20260725_sess03_pos3_fp32_g48_s1024_cache_reuse_candidate_probe_g48_s00_p03,probe_before,3,0,25,140489.850433,140489.85236,140489.851396,0.00192710201372,12.504874072,5335074742,true,false
softmax_1784951766530_softmax_full_f16io_f32acc_fp32_fast___expf_r3,softmax_oratc_targeted_g48s1024_confirm_v1_20260725_sess03_pos3_fp32_g48_s1024_cache_reuse_candidate_probe_g48_s00_p03,full,3,1,0,140489.860117,140489.861352,140489.860735,0.00123440101743,-0.00062300049467,5335074742,false,false
softmax_1784951766530_softmax_full_f16io_f32acc_fp32_fast___expf_r3,softmax_oratc_targeted_g48s1024_confirm_v1_20260725_sess03_pos3_fp32_g48_s1024_cache_reuse_candidate_probe_g48_s00_p03,full,3,1,1,140490.361664,140490.363345,140490.362505,0.00168099798611,0.501147267001,5335188552,true,false
softmax_1784951766530_softmax_full_f16io_f32acc_fp32_fast___expf_r3,softmax_oratc_targeted_g48s1024_confirm_v1_20260725_sess03_pos3_fp32_g48_s1024_cache_reuse_candidate_probe_g48_s00_p03,full,3,1,2,140490.863473,140490.865731,140490.864602,0.00225799699547,1.00324402552,5335304685,true,false
softmax_1784951766530_softmax_full_f16io_f32acc_fp32_fast___expf_r3,softmax_oratc_targeted_g48s1024_confirm_v1_20260725_sess03_pos3_fp32_g48_s1024_cache_reuse_candidate_probe_g48_s00_p03,full,3,1,3,140491.365819,140491.367265,140491.366542,0.00144579799962,1.50518428499,5335420338,true,true
softmax_1784951766530_softmax_full_f16io_f32acc_fp32_fast___expf_r3,softmax_oratc_targeted_g48s1024_confirm_v1_20260725_sess03_pos3_fp32_g48_s1024_cache_reuse_candidate_probe_g48_s00_p03,full,3,1,4,140491.867394,140491.872036,140491.869715,0.00464179398841,2.00835775502,5335535794,true,true
softmax_1784951766530_softmax_full_f16io_f32acc_fp32_fast___expf_r3,softmax_oratc_targeted_g48s1024_confirm_v1_20260725_sess03_pos3_fp32_g48_s1024_cache_reuse_candidate_probe_g48_s00_p03,full,3,1,5,140492.372065,140492.373457,140492.372761,0.00139259800198,2.511403526,5335654888,true,true
softmax_1784951766530_softmax_full_f16io_f32acc_fp32_fast___expf_r3,softmax_oratc_targeted_g48s1024_confirm_v1_20260725_sess03_pos3_fp32_g48_s1024_cache_reuse_candidate_probe_g48_s00_p03,full,3,1,6,140492.873576,140492.874992,140492.874284,0.00141559797339,3.01292641301,5335773677,true,true
softmax_1784951766530_softmax_full_f16io_f32acc_fp32_fast___expf_r3,softmax_oratc_targeted_g48s1024_confirm_v1_20260725_sess03_pos3_fp32_g48_s1024_cache_reuse_candidate_probe_g48_s00_p03,full,3,1,7,140493.375104,140493.376457,140493.37578,0.00135290101753,3.5144225515,5335892031,true,true
softmax_1784951766530_softmax_full_f16io_f32acc_fp32_fast___expf_r3,softmax_oratc_targeted_g48s1024_confirm_v1_20260725_sess03_pos3_fp32_g48_s1024_cache_reuse_candidate_probe_g48_s00_p03,full,3,1,8,140493.876568,140493.878011,140493.87729,0.00144240100053,4.01593198749,5336009893,true,true
softmax_1784951766530_softmax_full_f16io_f32acc_fp32_fast___expf_r3,softmax_oratc_targeted_g48s1024_confirm_v1_20260725_sess03_pos3_fp32_g48_s1024_cache_reuse_candidate_probe_g48_s00_p03,full,3,1,9,140494.378135,140494.379617,140494.378876,0.00148250098573,4.51751842551,5336127181,true,true
softmax_1784951766530_softmax_full_f16io_f32acc_fp32_fast___expf_r3,softmax_oratc_targeted_g48s1024_confirm_v1_20260725_sess03_pos3_fp32_g48_s1024_cache_reuse_candidate_probe_g48_s00_p03,full,3,1,10,140494.879745,140494.881159,140494.880452,0.0014135009842,5.01909422551,5336244018,true,true
softmax_1784951766530_softmax_full_f16io_f32acc_fp32_fast___expf_r3,softmax_oratc_targeted_g48s1024_confirm_v1_20260725_sess03_pos3_fp32_g48_s1024_cache_reuse_candidate_probe_g48_s00_p03,full,3,1,11,140495.381279,140495.382644,140495.381962,0.00136540099629,5.52060417651,5336360564,true,true
softmax_1784951766530_softmax_full_f16io_f32acc_fp32_fast___expf_r3,softmax_oratc_targeted_g48s1024_confirm_v1_20260725_sess03_pos3_fp32_g48_s1024_cache_reuse_candidate_probe_g48_s00_p03,full,3,1,12,140495.882765,140495.88418,140495.883473,0.00141500102472,6.02211498952,5336476781,true,true
softmax_1784951766530_softmax_full_f16io_f32acc_fp32_fast___expf_r3,softmax_oratc_targeted_g48s1024_confirm_v1_20260725_sess03_pos3_fp32_g48_s1024_cache_reuse_candidate_probe_g48_s00_p03,full,3,1,13,140496.384268,140496.385658,140496.384963,0.00139070098521,6.52360535451,5336592748,true,true
softmax_1784951766530_softmax_full_f16io_f32acc_fp32_fast___expf_r3,softmax_oratc_targeted_g48s1024_confirm_v1_20260725_sess03_pos3_fp32_g48_s1024_cache_reuse_candidate_probe_g48_s00_p03,full,3,1,14,140496.885784,140496.890263,140496.888024,0.00447870299104,7.0266660825,5336708417,true,true
softmax_1784951766530_softmax_full_f16io_f32acc_fp32_fast___expf_r3,softmax_oratc_targeted_g48s1024_confirm_v1_20260725_sess03_pos3_fp32_g48_s1024_cache_reuse_candidate_probe_g48_s00_p03,full,3,1,15,140497.390402,140497.391824,140497.391113,0.00142190098995,7.52975561252,5336827622,true,true
softmax_1784951766530_softmax_full_f16io_f32acc_fp32_fast___expf_r3,softmax_oratc_targeted_g48s1024_confirm_v1_20260725_sess03_pos3_fp32_g48_s1024_cache_reuse_candidate_probe_g48_s00_p03,full,3,1,16,140497.891953,140497.893461,140497.892707,0.00150850100908,8.0313494525,5336946394,true,true
softmax_1784951766530_softmax_full_f16io_f32acc_fp32_fast___expf_r3,softmax_oratc_targeted_g48s1024_confirm_v1_20260725_sess03_pos3_fp32_g48_s1024_cache_reuse_candidate_probe_g48_s00_p03,full,3,1,17,140498.393588,140498.395011,140498.394299,0.00142279898864,8.53294158552,5337064573,true,true
softmax_1784951766530_softmax_full_f16io_f32acc_fp32_fast___expf_r3,softmax_oratc_targeted_g48s1024_confirm_v1_20260725_sess03_pos3_fp32_g48_s1024_cache_reuse_candidate_probe_g48_s00_p03,full,3,1,18,140498.895133,140498.896504,140498.895819,0.00137129900395,9.0344609695,5337182255,true,true
softmax_1784951766530_softmax_full_f16io_f32acc_fp32_fast___expf_r3,softmax_oratc_targeted_g48s1024_confirm_v1_20260725_sess03_pos3_fp32_g48_s1024_cache_reuse_candidate_probe_g48_s00_p03,full,3,1,19,140499.39662,140499.398033,140499.397327,0.00141239899676,9.53596905552,5337299649,true,true
softmax_1784951766530_softmax_full_f16io_f32acc_fp32_fast___expf_r3,softmax_oratc_targeted_g48s1024_confirm_v1_20260725_sess03_pos3_fp32_g48_s1024_cache_reuse_candidate_probe_g48_s00_p03,full,3,1,20,140499.898162,140499.899531,140499.898847,0.00136919901706,10.0374893025,5337416805,true,true
softmax_1784951766530_softmax_full_f16io_f32acc_fp32_fast___expf_r3,softmax_oratc_targeted_g48s1024_confirm_v1_20260725_sess03_pos3_fp32_g48_s1024_cache_reuse_candidate_probe_g48_s00_p03,full,3,1,21,140500.399649,140500.401079,140500.400364,0.00143029799801,10.539006102,5337533591,true,true
softmax_1784951766530_softmax_full_f16io_f32acc_fp32_fast___expf_r3,softmax_oratc_targeted_g48s1024_confirm_v1_20260725_sess03_pos3_fp32_g48_s1024_cache_reuse_candidate_probe_g48_s00_p03,full,3,1,22,140500.90122,140500.902588,140500.901904,0.00136799798929,11.040546113,5337650100,true,true
softmax_1784951766530_softmax_full_f16io_f32acc_fp32_fast___expf_r3,softmax_oratc_targeted_g48s1024_confirm_v1_20260725_sess03_pos3_fp32_g48_s1024_cache_reuse_candidate_probe_g48_s00_p03,full,3,1,23,140501.402702,140501.40411,140501.403406,0.00140849899617,11.5420484255,5337766148,true,false
softmax_1784951766530_softmax_full_f16io_f32acc_fp32_fast___expf_r3,softmax_oratc_targeted_g48s1024_confirm_v1_20260725_sess03_pos3_fp32_g48_s1024_cache_reuse_candidate_probe_g48_s00_p03,full,3,1,24,140501.904226,140501.90874,140501.906483,0.00451480300399,12.0451255145,5337881710,true,false
softmax_1784951766530_softmax_full_f16io_f32acc_fp32_fast___expf_r3,softmax_oratc_targeted_g48s1024_confirm_v1_20260725_sess03_pos3_fp32_g48_s1024_cache_reuse_candidate_probe_g48_s00_p03,full,3,1,25,140502.408906,140502.410315,140502.409611,0.00140890199691,12.548253045,5337990046,true,false
softmax_1784951766530_softmax_full_f16io_f32acc_fp32_fast___expf_r3,softmax_oratc_targeted_g48s1024_confirm_v1_20260725_sess03_pos3_fp32_g48_s1024_cache_reuse_candidate_probe_g48_s00_p03,full,3,1,26,140502.410459,140502.411759,140502.411109,0.00129950101837,12.5497514465,5337990046,false,false
softmax_1784951779090_softmax_full_f16io_f32acc_fp32_fast___expf_r3,softmax_oratc_targeted_g48s1024_confirm_v1_20260725_sess03_pos3_fp32_g48_s1024_cache_reuse_candidate_probe_g48_s00_p03,probe_after,3,2,0,140502.419582,140502.420816,140502.420199,0.00123390101362,-0.000623250496574,5337990046,false,false
softmax_1784951779090_softmax_full_f16io_f32acc_fp32_fast___expf_r3,softmax_oratc_targeted_g48s1024_confirm_v1_20260725_sess03_pos3_fp32_g48_s1024_cache_reuse_candidate_probe_g48_s00_p03,probe_after,3,2,1,140502.921127,140502.922415,140502.921771,0.0012875010143,0.500949240493,5338122064,true,false
softmax_1784951779090_softmax_full_f16io_f32acc_fp32_fast___expf_r3,softmax_oratc_targeted_g48s1024_confirm_v1_20260725_sess03_pos3_fp32_g48_s1024_cache_reuse_candidate_probe_g48_s00_p03,probe_after,3,2,2,140503.422535,140503.42383,140503.423182,0.00129550098791,1.00236043351,5338239983,true,false
softmax_1784951779090_softmax_full_f16io_f32acc_fp32_fast___expf_r3,softmax_oratc_targeted_g48s1024_confirm_v1_20260725_sess03_pos3_fp32_g48_s1024_cache_reuse_candidate_probe_g48_s00_p03,probe_after,3,2,3,140503.923967,140503.928778,140503.926373,0.00481060400489,1.50555078901,5338357926,true,true
softmax_1784951779090_softmax_full_f16io_f32acc_fp32_fast___expf_r3,softmax_oratc_targeted_g48s1024_confirm_v1_20260725_sess03_pos3_fp32_g48_s1024_cache_reuse_candidate_probe_g48_s00_p03,probe_after,3,2,4,140504.428928,140504.430278,140504.429603,0.00135070100077,2.00878114649,5338475229,true,true
softmax_1784951779090_softmax_full_f16io_f32acc_fp32_fast___expf_r3,softmax_oratc_targeted_g48s1024_confirm_v1_20260725_sess03_pos3_fp32_g48_s1024_cache_reuse_candidate_probe_g48_s00_p03,probe_after,3,2,5,140504.930442,140504.931774,140504.931108,0.0013320010039,2.5102864145,5338592284,true,true
softmax_1784951779090_softmax_full_f16io_f32acc_fp32_fast___expf_r3,softmax_oratc_targeted_g48s1024_confirm_v1_20260725_sess03_pos3_fp32_g48_s1024_cache_reuse_candidate_probe_g48_s00_p03,probe_after,3,2,6,140505.431905,140505.433288,140505.432597,0.00138270200114,3.01177488401,5338708825,true,true
softmax_1784951779090_softmax_full_f16io_f32acc_fp32_fast___expf_r3,softmax_oratc_targeted_g48s1024_confirm_v1_20260725_sess03_pos3_fp32_g48_s1024_cache_reuse_candidate_probe_g48_s00_p03,probe_after,3,2,7,140505.933416,140505.934821,140505.934119,0.00140480100526,3.51329676452,5338824836,true,true
softmax_1784951779090_softmax_full_f16io_f32acc_fp32_fast___expf_r3,softmax_oratc_targeted_g48s1024_confirm_v1_20260725_sess03_pos3_fp32_g48_s1024_cache_reuse_candidate_probe_g48_s00_p03,probe_after,3,2,8,140506.434956,140506.436349,140506.435653,0.00139259899152,4.01483079448,5338940291,true,true
softmax_1784951779090_softmax_full_f16io_f32acc_fp32_fast___expf_r3,softmax_oratc_targeted_g48s1024_confirm_v1_20260725_sess03_pos3_fp32_g48_s1024_cache_reuse_candidate_probe_g48_s00_p03,probe_after,3,2,9,140506.936484,140506.937883,140506.937184,0.00139919898356,4.51636173751,5339055158,true,true
softmax_1784951779090_softmax_full_f16io_f32acc_fp32_fast___expf_r3,softmax_oratc_targeted_g48s1024_confirm_v1_20260725_sess03_pos3_fp32_g48_s1024_cache_reuse_candidate_probe_g48_s00_p03,probe_after,3,2,10,140507.438014,140507.43948,140507.438747,0.00146589899668,5.01792523349,5339169769,true,true
softmax_1784951779090_softmax_full_f16io_f32acc_fp32_fast___expf_r3,softmax_oratc_targeted_g48s1024_confirm_v1_20260725_sess03_pos3_fp32_g48_s1024_cache_reuse_candidate_probe_g48_s00_p03,probe_after,3,2,11,140507.939635,140507.941051,140507.940343,0.00141589899431,5.51952109049,5339284198,true,true
softmax_1784951779090_softmax_full_f16io_f32acc_fp32_fast___expf_r3,softmax_oratc_targeted_g48s1024_confirm_v1_20260725_sess03_pos3_fp32_g48_s1024_cache_reuse_candidate_probe_g48_s00_p03,probe_after,3,2,12,140508.441181,140508.442576,140508.441879,0.00139449900598,6.02105674951,5339398267,true,true
softmax_1784951779090_softmax_full_f16io_f32acc_fp32_fast___expf_r3,softmax_oratc_targeted_g48s1024_confirm_v1_20260725_sess03_pos3_fp32_g48_s1024_cache_reuse_candidate_probe_g48_s00_p03,probe_after,3,2,13,140508.942721,140508.946549,140508.944635,0.00382809698931,6.52381281852,5339512108,true,true
softmax_1784951779090_softmax_full_f16io_f32acc_fp32_fast___expf_r3,softmax_oratc_targeted_g48s1024_confirm_v1_20260725_sess03_pos3_fp32_g48_s1024_cache_reuse_candidate_probe_g48_s00_p03,probe_after,3,2,14,140509.446724,140509.448099,140509.447411,0.00137589898077,7.02658958948,5339629696,true,true
softmax_1784951779090_softmax_full_f16io_f32acc_fp32_fast___expf_r3,softmax_oratc_targeted_g48s1024_confirm_v1_20260725_sess03_pos3_fp32_g48_s1024_cache_reuse_candidate_probe_g48_s00_p03,probe_after,3,2,15,140509.948226,140509.949628,140509.948927,0.00140180098242,7.52810490149,5339746698,true,true
softmax_1784951779090_softmax_full_f16io_f32acc_fp32_fast___expf_r3,softmax_oratc_targeted_g48s1024_confirm_v1_20260725_sess03_pos3_fp32_g48_s1024_cache_reuse_candidate_probe_g48_s00_p03,probe_after,3,2,16,140510.449787,140510.451111,140510.450449,0.00132410100196,8.02962703351,5339863159,true,true
softmax_1784951779090_softmax_full_f16io_f32acc_fp32_fast___expf_r3,softmax_oratc_targeted_g48s1024_confirm_v1_20260725_sess03_pos3_fp32_g48_s1024_cache_reuse_candidate_probe_g48_s00_p03,probe_after,3,2,17,140510.95125,140510.952662,140510.951956,0.00141290100873,8.53113412549,5339978970,true,true
softmax_1784951779090_softmax_full_f16io_f32acc_fp32_fast___expf_r3,softmax_oratc_targeted_g48s1024_confirm_v1_20260725_sess03_pos3_fp32_g48_s1024_cache_reuse_candidate_probe_g48_s00_p03,probe_after,3,2,18,140511.452825,140511.454217,140511.453521,0.00139190099435,9.03269872049,5340094366,true,true
softmax_1784951779090_softmax_full_f16io_f32acc_fp32_fast___expf_r3,softmax_oratc_targeted_g48s1024_confirm_v1_20260725_sess03_pos3_fp32_g48_s1024_cache_reuse_candidate_probe_g48_s00_p03,probe_after,3,2,19,140511.954342,140511.955734,140511.955038,0.00139210102498,9.53421612649,5340209594,true,true
softmax_1784951779090_softmax_full_f16io_f32acc_fp32_fast___expf_r3,softmax_oratc_targeted_g48s1024_confirm_v1_20260725_sess03_pos3_fp32_g48_s1024_cache_reuse_candidate_probe_g48_s00_p03,probe_after,3,2,20,140512.455899,140512.458409,140512.457154,0.00250990199856,10.036332435,5340324624,true,true
softmax_1784951779090_softmax_full_f16io_f32acc_fp32_fast___expf_r3,softmax_oratc_targeted_g48s1024_confirm_v1_20260725_sess03_pos3_fp32_g48_s1024_cache_reuse_candidate_probe_g48_s00_p03,probe_after,3,2,21,140512.958574,140512.960161,140512.959367,0.00158640200971,10.538545504,5340439244,true,true
softmax_1784951779090_softmax_full_f16io_f32acc_fp32_fast___expf_r3,softmax_oratc_targeted_g48s1024_confirm_v1_20260725_sess03_pos3_fp32_g48_s1024_cache_reuse_candidate_probe_g48_s00_p03,probe_after,3,2,22,140513.460323,140513.465327,140513.462825,0.0050047050172,11.0420031775,5340553292,true,true
softmax_1784951779090_softmax_full_f16io_f32acc_fp32_fast___expf_r3,softmax_oratc_targeted_g48s1024_confirm_v1_20260725_sess03_pos3_fp32_g48_s1024_cache_reuse_candidate_probe_g48_s00_p03,probe_after,3,2,23,140513.965505,140513.966769,140513.966137,0.00126420101151,11.5453147605,5340670619,true,false
softmax_1784951779090_softmax_full_f16io_f32acc_fp32_fast___expf_r3,softmax_oratc_targeted_g48s1024_confirm_v1_20260725_sess03_pos3_fp32_g48_s1024_cache_reuse_candidate_probe_g48_s00_p03,probe_after,3,2,24,140514.466886,140514.468306,140514.467596,0.00142079900252,12.0467740425,5340787432,true,false
softmax_1784951779090_softmax_full_f16io_f32acc_fp32_fast___expf_r3,softmax_oratc_targeted_g48s1024_confirm_v1_20260725_sess03_pos3_fp32_g48_s1024_cache_reuse_candidate_probe_g48_s00_p03,probe_after,3,2,25,140514.916043,140514.917491,140514.916767,0.00144799801637,12.495945422,5340870497,true,false
softmax_1784951791599_softmax_full_f16io_f32acc_fp32_fast___expf_r4,softmax_oratc_targeted_g48s1024_confirm_v1_20260725_sess03_pos3_fp32_g48_s1024_cache_reuse_candidate_probe_g48_s00_p04,probe_before,4,0,0,140514.928655,140514.929875,140514.929265,0.00121989898616,-0.000616649485892,5340885092,false,false
softmax_1784951791599_softmax_full_f16io_f32acc_fp32_fast___expf_r4,softmax_oratc_targeted_g48s1024_confirm_v1_20260725_sess03_pos3_fp32_g48_s1024_cache_reuse_candidate_probe_g48_s00_p04,probe_before,4,0,1,140515.430137,140515.431645,140515.430891,0.00150809800834,0.501009183034,5340999408,true,false
softmax_1784951791599_softmax_full_f16io_f32acc_fp32_fast___expf_r4,softmax_oratc_targeted_g48s1024_confirm_v1_20260725_sess03_pos3_fp32_g48_s1024_cache_reuse_candidate_probe_g48_s00_p04,probe_before,4,0,2,140515.93178,140515.933265,140515.932523,0.00148429800174,1.00264122602,5341114681,true,false
softmax_1784951791599_softmax_full_f16io_f32acc_fp32_fast___expf_r4,softmax_oratc_targeted_g48s1024_confirm_v1_20260725_sess03_pos3_fp32_g48_s1024_cache_reuse_candidate_probe_g48_s00_p04,probe_before,4,0,3,140516.433381,140516.43476,140516.434071,0.00137959799031,1.504189222,5341229786,true,true
softmax_1784951791599_softmax_full_f16io_f32acc_fp32_fast___expf_r4,softmax_oratc_targeted_g48s1024_confirm_v1_20260725_sess03_pos3_fp32_g48_s1024_cache_reuse_candidate_probe_g48_s00_p04,probe_before,4,0,4,140516.934892,140516.936296,140516.935594,0.0014034989872,2.00571272851,5341344737,true,true
softmax_1784951791599_softmax_full_f16io_f32acc_fp32_fast___expf_r4,softmax_oratc_targeted_g48s1024_confirm_v1_20260725_sess03_pos3_fp32_g48_s1024_cache_reuse_candidate_probe_g48_s00_p04,probe_before,4,0,5,140517.436425,140517.437811,140517.437118,0.00138629801222,2.50723668703,5341459348,true,true
softmax_1784951791599_softmax_full_f16io_f32acc_fp32_fast___expf_r4,softmax_oratc_targeted_g48s1024_confirm_v1_20260725_sess03_pos3_fp32_g48_s1024_cache_reuse_candidate_probe_g48_s00_p04,probe_before,4,0,6,140517.937945,140517.939324,140517.938634,0.00137859900133,3.00875300649,5341573429,true,true
softmax_1784951791599_softmax_full_f16io_f32acc_fp32_fast___expf_r4,softmax_oratc_targeted_g48s1024_confirm_v1_20260725_sess03_pos3_fp32_g48_s1024_cache_reuse_candidate_probe_g48_s00_p04,probe_before,4,0,7,140518.439448,140518.443542,140518.441495,0.00409380299971,3.51161382851,5341686914,true,true
softmax_1784951791599_softmax_full_f16io_f32acc_fp32_fast___expf_r4,softmax_oratc_targeted_g48s1024_confirm_v1_20260725_sess03_pos3_fp32_g48_s1024_cache_reuse_candidate_probe_g48_s00_p04,probe_before,4,0,8,140518.943676,140518.945075,140518.944375,0.00139890098944,4.01449407451,5341803907,true,true
softmax_1784951791599_softmax_full_f16io_f32acc_fp32_fast___expf_r4,softmax_oratc_targeted_g48s1024_confirm_v1_20260725_sess03_pos3_fp32_g48_s1024_cache_reuse_candidate_probe_g48_s00_p04,probe_before,4,0,9,140519.445199,140519.446596,140519.445897,0.00139740100713,4.51601592251,5341920378,true,true
softmax_1784951791599_softmax_full_f16io_f32acc_fp32_fast___expf_r4,softmax_oratc_targeted_g48s1024_confirm_v1_20260725_sess03_pos3_fp32_g48_s1024_cache_reuse_candidate_probe_g48_s00_p04,probe_before,4,0,10,140519.946722,140519.948195,140519.947458,0.00147330100299,5.01757688049,5342036618,true,true
softmax_1784951791599_softmax_full_f16io_f32acc_fp32_fast___expf_r4,softmax_oratc_targeted_g48s1024_confirm_v1_20260725_sess03_pos3_fp32_g48_s1024_cache_reuse_candidate_probe_g48_s00_p04,probe_before,4,0,11,140520.44831,140520.449662,140520.448986,0.00135260098614,5.51910454151,5342152647,true,true
softmax_1784951791599_softmax_full_f16io_f32acc_fp32_fast___expf_r4,softmax_oratc_targeted_g48s1024_confirm_v1_20260725_sess03_pos3_fp32_g48_s1024_cache_reuse_candidate_probe_g48_s00_p04,probe_before,4,0,12,140520.949799,140520.951155,140520.950477,0.00135600101203,6.02059536151,5342268450,true,true
softmax_1784951791599_softmax_full_f16io_f32acc_fp32_fast___expf_r4,softmax_oratc_targeted_g48s1024_confirm_v1_20260725_sess03_pos3_fp32_g48_s1024_cache_reuse_candidate_probe_g48_s00_p04,probe_before,4,0,13,140521.451281,140521.452662,140521.451971,0.00138100099866,6.52208998552,5342384017,true,true
softmax_1784951791599_softmax_full_f16io_f32acc_fp32_fast___expf_r4,softmax_oratc_targeted_g48s1024_confirm_v1_20260725_sess03_pos3_fp32_g48_s1024_cache_reuse_candidate_probe_g48_s00_p04,probe_before,4,0,14,140521.952801,140521.955431,140521.954116,0.0026301019825,7.02423477001,5342499034,true,true
softmax_1784951791599_softmax_full_f16io_f32acc_fp32_fast___expf_r4,softmax_oratc_targeted_g48s1024_confirm_v1_20260725_sess03_pos3_fp32_g48_s1024_cache_reuse_candidate_probe_g48_s00_p04,probe_before,4,0,15,140522.455523,140522.457015,140522.456269,0.00149199800217,7.52638762901,5342613311,true,true
softmax_1784951791599_softmax_full_f16io_f32acc_fp32_fast___expf_r4,softmax_oratc_targeted_g48s1024_confirm_v1_20260725_sess03_pos3_fp32_g48_s1024_cache_reuse_candidate_probe_g48_s00_p04,probe_before,4,0,16,140522.957146,140522.962401,140522.959774,0.00525459300843,8.02989228649,5342726982,true,true
softmax_1784951791599_softmax_full_f16io_f32acc_fp32_fast___expf_r4,softmax_oratc_targeted_g48s1024_confirm_v1_20260725_sess03_pos3_fp32_g48_s1024_cache_reuse_candidate_probe_g48_s00_p04,probe_before,4,0,17,140523.462523,140523.463905,140523.463214,0.00138189800782,8.533332997,5342843929,true,true
softmax_1784951791599_softmax_full_f16io_f32acc_fp32_fast___expf_r4,softmax_oratc_targeted_g48s1024_confirm_v1_20260725_sess03_pos3_fp32_g48_s1024_cache_reuse_candidate_probe_g48_s00_p04,probe_before,4,0,18,140523.964037,140523.965443,140523.96474,0.00140539801214,9.03485841901,5342960528,true,true
softmax_1784951791599_softmax_full_f16io_f32acc_fp32_fast___expf_r4,softmax_oratc_targeted_g48s1024_confirm_v1_20260725_sess03_pos3_fp32_g48_s1024_cache_reuse_candidate_probe_g48_s00_p04,probe_before,4,0,19,140524.465565,140524.466914,140524.46624,0.00134929799242,9.53635814501,5343076847,true,true
softmax_1784951791599_softmax_full_f16io_f32acc_fp32_fast___expf_r4,softmax_oratc_targeted_g48s1024_confirm_v1_20260725_sess03_pos3_fp32_g48_s1024_cache_reuse_candidate_probe_g48_s00_p04,probe_before,4,0,20,140524.96704,140524.968436,140524.967738,0.00139619898982,10.0378564805,5343192925,true,true
softmax_1784951791599_softmax_full_f16io_f32acc_fp32_fast___expf_r4,softmax_oratc_targeted_g48s1024_confirm_v1_20260725_sess03_pos3_fp32_g48_s1024_cache_reuse_candidate_probe_g48_s00_p04,probe_before,4,0,21,140525.468554,140525.470095,140525.469325,0.00154109799769,10.539443119,5343308773,true,true
softmax_1784951791599_softmax_full_f16io_f32acc_fp32_fast___expf_r4,softmax_oratc_targeted_g48s1024_confirm_v1_20260725_sess03_pos3_fp32_g48_s1024_cache_reuse_candidate_probe_g48_s00_p04,probe_before,4,0,22,140525.970219,140525.971643,140525.970931,0.00142430100823,11.0410497925,5343424116,true,true
softmax_1784951791599_softmax_full_f16io_f32acc_fp32_fast___expf_r4,softmax_oratc_targeted_g48s1024_confirm_v1_20260725_sess03_pos3_fp32_g48_s1024_cache_reuse_candidate_probe_g48_s00_p04,probe_before,4,0,23,140526.47179,140526.473182,140526.472486,0.0013915009913,11.5426044645,5343538887,true,false
softmax_1784951791599_softmax_full_f16io_f32acc_fp32_fast___expf_r4,softmax_oratc_targeted_g48s1024_confirm_v1_20260725_sess03_pos3_fp32_g48_s1024_cache_reuse_candidate_probe_g48_s00_p04,probe_before,4,0,24,140526.973311,140526.974715,140526.974013,0.00140360099613,12.0441313955,5343653105,true,false
softmax_1784951791599_softmax_full_f16io_f32acc_fp32_fast___expf_r4,softmax_oratc_targeted_g48s1024_confirm_v1_20260725_sess03_pos3_fp32_g48_s1024_cache_reuse_candidate_probe_g48_s00_p04,probe_before,4,0,25,140527.406925,140527.408274,140527.407599,0.00134860098478,12.4777178265,5343734552,true,false
softmax_1784951804085_softmax_full_f16io_f32acc_fp32_fast___expf_r4,softmax_oratc_targeted_g48s1024_confirm_v1_20260725_sess03_pos3_fp32_g48_s1024_cache_reuse_candidate_probe_g48_s00_p04,full,4,1,0,140527.415355,140527.416464,140527.415909,0.00110910102376,-0.000563450477784,5343749181,false,false
softmax_1784951804085_softmax_full_f16io_f32acc_fp32_fast___expf_r4,softmax_oratc_targeted_g48s1024_confirm_v1_20260725_sess03_pos3_fp32_g48_s1024_cache_reuse_candidate_probe_g48_s00_p04,full,4,1,1,140527.916764,140527.921352,140527.919058,0.00458840298234,0.502585294511,5343867949,true,false
softmax_1784951804085_softmax_full_f16io_f32acc_fp32_fast___expf_r4,softmax_oratc_targeted_g48s1024_confirm_v1_20260725_sess03_pos3_fp32_g48_s1024_cache_reuse_candidate_probe_g48_s00_p04,full,4,1,2,140528.421488,140528.422855,140528.422171,0.00136670100619,1.0056984415,5343986580,true,false
softmax_1784951804085_softmax_full_f16io_f32acc_fp32_fast___expf_r4,softmax_oratc_targeted_g48s1024_confirm_v1_20260725_sess03_pos3_fp32_g48_s1024_cache_reuse_candidate_probe_g48_s00_p04,full,4,1,3,140528.922994,140528.924381,140528.923687,0.0013866010122,1.50721459751,5344105081,true,true
softmax_1784951804085_softmax_full_f16io_f32acc_fp32_fast___expf_r4,softmax_oratc_targeted_g48s1024_confirm_v1_20260725_sess03_pos3_fp32_g48_s1024_cache_reuse_candidate_probe_g48_s00_p04,full,4,1,4,140529.424509,140529.425889,140529.425199,0.00137960101711,2.0087264055,5344223365,true,true
softmax_1784951804085_softmax_full_f16io_f32acc_fp32_fast___expf_r4,softmax_oratc_targeted_g48s1024_confirm_v1_20260725_sess03_pos3_fp32_g48_s1024_cache_reuse_candidate_probe_g48_s00_p04,full,4,1,5,140529.926025,140529.927413,140529.926719,0.00138850099756,2.5102464745,5344341249,true,true
softmax_1784951804085_softmax_full_f16io_f32acc_fp32_fast___expf_r4,softmax_oratc_targeted_g48s1024_confirm_v1_20260725_sess03_pos3_fp32_g48_s1024_cache_reuse_candidate_probe_g48_s00_p04,full,4,1,6,140530.427532,140530.42892,140530.428226,0.00138759901165,3.0117530475,5344458603,true,true
softmax_1784951804085_softmax_full_f16io_f32acc_fp32_fast___expf_r4,softmax_oratc_targeted_g48s1024_confirm_v1_20260725_sess03_pos3_fp32_g48_s1024_cache_reuse_candidate_probe_g48_s00_p04,full,4,1,7,140530.929057,140530.93035,140530.929703,0.00129279898829,3.51323063849,5344575383,true,true
softmax_1784951804085_softmax_full_f16io_f32acc_fp32_fast___expf_r4,softmax_oratc_targeted_g48s1024_confirm_v1_20260725_sess03_pos3_fp32_g48_s1024_cache_reuse_candidate_probe_g48_s00_p04,full,4,1,8,140531.430466,140531.431886,140531.431176,0.00142019899795,4.01470363251,5344691754,true,true
softmax_1784951804085_softmax_full_f16io_f32acc_fp32_fast___expf_r4,softmax_oratc_targeted_g48s1024_confirm_v1_20260725_sess03_pos3_fp32_g48_s1024_cache_reuse_candidate_probe_g48_s00_p04,full,4,1,9,140531.932072,140531.93339,140531.932731,0.00131819900707,4.51625863652,5344807708,true,true
softmax_1784951804085_softmax_full_f16io_f32acc_fp32_fast___expf_r4,softmax_oratc_targeted_g48s1024_confirm_v1_20260725_sess03_pos3_fp32_g48_s1024_cache_reuse_candidate_probe_g48_s00_p04,full,4,1,10,140532.433486,140532.434802,140532.434144,0.00131589898956,5.01767139349,5344923368,true,true
softmax_1784951804085_softmax_full_f16io_f32acc_fp32_fast___expf_r4,softmax_oratc_targeted_g48s1024_confirm_v1_20260725_sess03_pos3_fp32_g48_s1024_cache_reuse_candidate_probe_g48_s00_p04,full,4,1,11,140532.934931,140532.939069,140532.937,0.00413799699163,5.52052735951,5345038738,true,true
softmax_1784951804085_softmax_full_f16io_f32acc_fp32_fast___expf_r4,softmax_oratc_targeted_g48s1024_confirm_v1_20260725_sess03_pos3_fp32_g48_s1024_cache_reuse_candidate_probe_g48_s00_p04,full,4,1,12,140533.439233,140533.440582,140533.439907,0.00134949898347,6.02343462751,5345158014,true,true
softmax_1784951804085_softmax_full_f16io_f32acc_fp32_fast___expf_r4,softmax_oratc_targeted_g48s1024_confirm_v1_20260725_sess03_pos3_fp32_g48_s1024_cache_reuse_candidate_probe_g48_s00_p04,full,4,1,13,140533.940753,140533.942161,140533.941457,0.00140829902375,6.52498455651,5345276918,true,true
softmax_1784951804085_softmax_full_f16io_f32acc_fp32_fast___expf_r4,softmax_oratc_targeted_g48s1024_confirm_v1_20260725_sess03_pos3_fp32_g48_s1024_cache_reuse_candidate_probe_g48_s00_p04,full,4,1,14,140534.442281,140534.443637,140534.442959,0.00135619900539,7.0264864385,5345395426,true,true
softmax_1784951804085_softmax_full_f16io_f32acc_fp32_fast___expf_r4,softmax_oratc_targeted_g48s1024_confirm_v1_20260725_sess03_pos3_fp32_g48_s1024_cache_reuse_candidate_probe_g48_s00_p04,full,4,1,15,140534.943805,140534.945179,140534.944492,0.00137400097447,7.52801902051,5345513472,true,true
softmax_1784951804085_softmax_full_f16io_f32acc_fp32_fast___expf_r4,softmax_oratc_targeted_g48s1024_confirm_v1_20260725_sess03_pos3_fp32_g48_s1024_cache_reuse_candidate_probe_g48_s00_p04,full,4,1,16,140535.445336,140535.446707,140535.446021,0.00137060100678,8.0295484995,5345630987,true,true
softmax_1784951804085_softmax_full_f16io_f32acc_fp32_fast___expf_r4,softmax_oratc_targeted_g48s1024_confirm_v1_20260725_sess03_pos3_fp32_g48_s1024_cache_reuse_candidate_probe_g48_s00_p04,full,4,1,17,140535.946833,140535.948244,140535.947539,0.00141130102566,8.53106583751,5345748061,true,true
softmax_1784951804085_softmax_full_f16io_f32acc_fp32_fast___expf_r4,softmax_oratc_targeted_g48s1024_confirm_v1_20260725_sess03_pos3_fp32_g48_s1024_cache_reuse_candidate_probe_g48_s00_p04,full,4,1,18,140536.448386,140536.45088,140536.449633,0.00249370199163,9.03316022901,5345864699,true,true
softmax_1784951804085_softmax_full_f16io_f32acc_fp32_fast___expf_r4,softmax_oratc_targeted_g48s1024_confirm_v1_20260725_sess03_pos3_fp32_g48_s1024_cache_reuse_candidate_probe_g48_s00_p04,full,4,1,19,140536.951044,140536.952474,140536.951759,0.00143070099875,9.5352862305,5345980866,true,true
softmax_1784951804085_softmax_full_f16io_f32acc_fp32_fast___expf_r4,softmax_oratc_targeted_g48s1024_confirm_v1_20260725_sess03_pos3_fp32_g48_s1024_cache_reuse_candidate_probe_g48_s00_p04,full,4,1,20,140537.452631,140537.457945,140537.455288,0.00531470499118,10.0388151355,5346096565,true,true
softmax_1784951804085_softmax_full_f16io_f32acc_fp32_fast___expf_r4,softmax_oratc_targeted_g48s1024_confirm_v1_20260725_sess03_pos3_fp32_g48_s1024_cache_reuse_candidate_probe_g48_s00_p04,full,4,1,21,140537.958097,140537.959541,140537.958819,0.00144360100967,10.5423461005,5346215803,true,true
softmax_1784951804085_softmax_full_f16io_f32acc_fp32_fast___expf_r4,softmax_oratc_targeted_g48s1024_confirm_v1_20260725_sess03_pos3_fp32_g48_s1024_cache_reuse_candidate_probe_g48_s00_p04,full,4,1,22,140538.459658,140538.461065,140538.460361,0.0014067979937,11.04388848,5346334542,true,true
softmax_1784951804085_softmax_full_f16io_f32acc_fp32_fast___expf_r4,softmax_oratc_targeted_g48s1024_confirm_v1_20260725_sess03_pos3_fp32_g48_s1024_cache_reuse_candidate_probe_g48_s00_p04,full,4,1,23,140538.961194,140538.962617,140538.961905,0.00142319800216,11.54543255,5346452721,true,true
softmax_1784951804085_softmax_full_f16io_f32acc_fp32_fast___expf_r4,softmax_oratc_targeted_g48s1024_confirm_v1_20260725_sess03_pos3_fp32_g48_s1024_cache_reuse_candidate_probe_g48_s00_p04,full,4,1,24,140539.462779,140539.464157,140539.463468,0.0013772980019,12.046995372,5346570573,true,false
softmax_1784951804085_softmax_full_f16io_f32acc_fp32_fast___expf_r4,softmax_oratc_targeted_g48s1024_confirm_v1_20260725_sess03_pos3_fp32_g48_s1024_cache_reuse_candidate_probe_g48_s00_p04,full,4,1,25,140539.964278,140539.96574,140539.965009,0.0014618979767,12.548536654,5346675391,true,false
softmax_1784951804085_softmax_full_f16io_f32acc_fp32_fast___expf_r4,softmax_oratc_targeted_g48s1024_confirm_v1_20260725_sess03_pos3_fp32_g48_s1024_cache_reuse_candidate_probe_g48_s00_p04,full,4,1,26,140539.976308,140539.977633,140539.97697,0.0013252980134,12.560497737,5346675391,false,false
softmax_1784951816656_softmax_full_f16io_f32acc_fp32_fast___expf_r4,softmax_oratc_targeted_g48s1024_confirm_v1_20260725_sess03_pos3_fp32_g48_s1024_cache_reuse_candidate_probe_g48_s00_p04,probe_after,4,2,0,140539.985638,140539.986879,140539.986259,0.00124099801178,-0.000625899003353,5346675391,false,false
softmax_1784951816656_softmax_full_f16io_f32acc_fp32_fast___expf_r4,softmax_oratc_targeted_g48s1024_confirm_v1_20260725_sess03_pos3_fp32_g48_s1024_cache_reuse_candidate_probe_g48_s00_p04,probe_after,4,2,1,140540.487184,140540.488522,140540.487853,0.00133759799064,0.50096818601,5346782461,true,false
softmax_1784951816656_softmax_full_f16io_f32acc_fp32_fast___expf_r4,softmax_oratc_targeted_g48s1024_confirm_v1_20260725_sess03_pos3_fp32_g48_s1024_cache_reuse_candidate_probe_g48_s00_p04,probe_after,4,2,2,140540.988661,140540.990107,140540.989384,0.00144569799886,1.00249943096,5346896763,true,false
softmax_1784951816656_softmax_full_f16io_f32acc_fp32_fast___expf_r4,softmax_oratc_targeted_g48s1024_confirm_v1_20260725_sess03_pos3_fp32_g48_s1024_cache_reuse_candidate_probe_g48_s00_p04,probe_after,4,2,3,140541.490275,140541.491632,140541.490954,0.00135650098673,1.50406906451,5347011017,true,true
softmax_1784951816656_softmax_full_f16io_f32acc_fp32_fast___expf_r4,softmax_oratc_targeted_g48s1024_confirm_v1_20260725_sess03_pos3_fp32_g48_s1024_cache_reuse_candidate_probe_g48_s00_p04,probe_after,4,2,4,140541.991763,140541.996287,140541.994025,0.0045233030105,2.0071405035,5347124971,true,true
softmax_1784951816656_softmax_full_f16io_f32acc_fp32_fast___expf_r4,softmax_oratc_targeted_g48s1024_confirm_v1_20260725_sess03_pos3_fp32_g48_s1024_cache_reuse_candidate_probe_g48_s00_p04,probe_after,4,2,5,140542.496426,140542.49775,140542.497088,0.0013245009759,2.51020354551,5347242330,true,true
softmax_1784951816656_softmax_full_f16io_f32acc_fp32_fast___expf_r4,softmax_oratc_targeted_g48s1024_confirm_v1_20260725_sess03_pos3_fp32_g48_s1024_cache_reuse_candidate_probe_g48_s00_p04,probe_after,4,2,6,140542.997871,140542.999246,140542.998558,0.00137570098741,3.0116738955,5347359049,true,true
softmax_1784951816656_softmax_full_f16io_f32acc_fp32_fast___expf_r4,softmax_oratc_targeted_g48s1024_confirm_v1_20260725_sess03_pos3_fp32_g48_s1024_cache_reuse_candidate_probe_g48_s00_p04,probe_after,4,2,7,140543.499426,140543.500755,140543.500091,0.00132860100712,3.51320619951,5347475378,true,true
softmax_1784951816656_softmax_full_f16io_f32acc_fp32_fast___expf_r4,softmax_oratc_targeted_g48s1024_confirm_v1_20260725_sess03_pos3_fp32_g48_s1024_cache_reuse_candidate_probe_g48_s00_p04,probe_after,4,2,8,140544.000896,140544.002302,140544.001599,0.0014060009853,4.01471466149,5347591000,true,true
softmax_1784951816656_softmax_full_f16io_f32acc_fp32_fast___expf_r4,softmax_oratc_targeted_g48s1024_confirm_v1_20260725_sess03_pos3_fp32_g48_s1024_cache_reuse_candidate_probe_g48_s00_p04,probe_after,4,2,9,140544.502467,140544.503829,140544.503148,0.00136120102252,4.5162633275,5347706549,true,true
softmax_1784951816656_softmax_full_f16io_f32acc_fp32_fast___expf_r4,softmax_oratc_targeted_g48s1024_confirm_v1_20260725_sess03_pos3_fp32_g48_s1024_cache_reuse_candidate_probe_g48_s00_p04,probe_after,4,2,10,140545.003968,140545.005732,140545.00485,0.00176400100463,5.01796540251,5347821980,true,true
softmax_1784951816656_softmax_full_f16io_f32acc_fp32_fast___expf_r4,softmax_oratc_targeted_g48s1024_confirm_v1_20260725_sess03_pos3_fp32_g48_s1024_cache_reuse_candidate_probe_g48_s00_p04,probe_after,4,2,11,140545.505899,140545.507275,140545.506587,0.00137610099046,5.51970203148,5347937093,true,true
softmax_1784951816656_softmax_full_f16io_f32acc_fp32_fast___expf_r4,softmax_oratc_targeted_g48s1024_confirm_v1_20260725_sess03_pos3_fp32_g48_s1024_cache_reuse_candidate_probe_g48_s00_p04,probe_after,4,2,12,140546.007407,140546.008769,140546.008088,0.00136180099798,6.0212035685,5348051849,true,true
softmax_1784951816656_softmax_full_f16io_f32acc_fp32_fast___expf_r4,softmax_oratc_targeted_g48s1024_confirm_v1_20260725_sess03_pos3_fp32_g48_s1024_cache_reuse_candidate_probe_g48_s00_p04,probe_after,4,2,13,140546.508925,140546.51018,140546.509553,0.00125549899531,6.5226680715,5348189685,true,true
softmax_1784951816656_softmax_full_f16io_f32acc_fp32_fast___expf_r4,softmax_oratc_targeted_g48s1024_confirm_v1_20260725_sess03_pos3_fp32_g48_s1024_cache_reuse_candidate_probe_g48_s00_p04,probe_after,4,2,14,140547.010309,140547.014826,140547.012568,0.00451619600062,7.025682926,5348307702,true,true
softmax_1784951816656_softmax_full_f16io_f32acc_fp32_fast___expf_r4,softmax_oratc_targeted_g48s1024_confirm_v1_20260725_sess03_pos3_fp32_g48_s1024_cache_reuse_candidate_probe_g48_s00_p04,probe_after,4,2,15,140547.514979,140547.516358,140547.515668,0.0013796990097,7.52878388448,5348424827,true,true
softmax_1784951816656_softmax_full_f16io_f32acc_fp32_fast___expf_r4,softmax_oratc_targeted_g48s1024_confirm_v1_20260725_sess03_pos3_fp32_g48_s1024_cache_reuse_candidate_probe_g48_s00_p04,probe_after,4,2,16,140548.016488,140548.017862,140548.017175,0.00137329901918,8.03029050247,5348541291,true,true
softmax_1784951816656_softmax_full_f16io_f32acc_fp32_fast___expf_r4,softmax_oratc_targeted_g48s1024_confirm_v1_20260725_sess03_pos3_fp32_g48_s1024_cache_reuse_candidate_probe_g48_s00_p04,probe_after,4,2,17,140548.518003,140548.519359,140548.518681,0.00135609900462,8.53179622546,5348657432,true,true
softmax_1784951816656_softmax_full_f16io_f32acc_fp32_fast___expf_r4,softmax_oratc_targeted_g48s1024_confirm_v1_20260725_sess03_pos3_fp32_g48_s1024_cache_reuse_candidate_probe_g48_s00_p04,probe_after,4,2,18,140549.019491,140549.020891,140549.020191,0.00140029899194,9.03330615547,5348773427,true,true
softmax_1784951816656_softmax_full_f16io_f32acc_fp32_fast___expf_r4,softmax_oratc_targeted_g48s1024_confirm_v1_20260725_sess03_pos3_fp32_g48_s1024_cache_reuse_candidate_probe_g48_s00_p04,probe_after,4,2,19,140549.521053,140549.522389,140549.521721,0.0013359010045,9.5348367535,5348889184,true,true
softmax_1784951816656_softmax_full_f16io_f32acc_fp32_fast___expf_r4,softmax_oratc_targeted_g48s1024_confirm_v1_20260725_sess03_pos3_fp32_g48_s1024_cache_reuse_candidate_probe_g48_s00_p04,probe_after,4,2,20,140550.02252,140550.023946,140550.023233,0.00142590099131,10.0363482975,5349004710,true,true
softmax_1784951816656_softmax_full_f16io_f32acc_fp32_fast___expf_r4,softmax_oratc_targeted_g48s1024_confirm_v1_20260725_sess03_pos3_fp32_g48_s1024_cache_reuse_candidate_probe_g48_s00_p04,probe_after,4,2,21,140550.524106,140550.525471,140550.524788,0.0013646009902,10.5379037965,5349119702,true,true
softmax_1784951816656_softmax_full_f16io_f32acc_fp32_fast___expf_r4,softmax_oratc_targeted_g48s1024_confirm_v1_20260725_sess03_pos3_fp32_g48_s1024_cache_reuse_candidate_probe_g48_s00_p04,probe_after,4,2,22,140551.025605,140551.027019,140551.026312,0.00141400101711,11.0394277535,5349234183,true,true
softmax_1784951816656_softmax_full_f16io_f32acc_fp32_fast___expf_r4,softmax_oratc_targeted_g48s1024_confirm_v1_20260725_sess03_pos3_fp32_g48_s1024_cache_reuse_candidate_probe_g48_s00_p04,probe_after,4,2,23,140551.527192,140551.528693,140551.527942,0.00150060100714,11.5410576145,5349348052,true,false
softmax_1784951816656_softmax_full_f16io_f32acc_fp32_fast___expf_r4,softmax_oratc_targeted_g48s1024_confirm_v1_20260725_sess03_pos3_fp32_g48_s1024_cache_reuse_candidate_probe_g48_s00_p04,probe_after,4,2,24,140552.028815,140552.033216,140552.031016,0.00440010399325,12.044130934,5349461357,true,false
softmax_1784951816656_softmax_full_f16io_f32acc_fp32_fast___expf_r4,softmax_oratc_targeted_g48s1024_confirm_v1_20260725_sess03_pos3_fp32_g48_s1024_cache_reuse_candidate_probe_g48_s00_p04,probe_after,4,2,25,140552.485354,140552.486886,140552.48612,0.00153240197687,12.499235422,5349544032,true,false
softmax_1784951829167_softmax_full_f16io_f32acc_fp32_fast___expf_r5,softmax_oratc_targeted_g48s1024_confirm_v1_20260725_sess03_pos3_fp32_g48_s1024_cache_reuse_candidate_probe_g48_s00_p05,full_before,5,0,0,140552.49663,140552.497789,140552.497209,0.00115940099931,-0.000586200505495,5349544032,false,false
softmax_1784951829167_softmax_full_f16io_f32acc_fp32_fast___expf_r5,softmax_oratc_targeted_g48s1024_confirm_v1_20260725_sess03_pos3_fp32_g48_s1024_cache_reuse_candidate_probe_g48_s00_p05,full_before,5,0,1,140552.998055,140552.999431,140552.998743,0.00137630099198,0.500947429508,5349652052,true,false
softmax_1784951829167_softmax_full_f16io_f32acc_fp32_fast___expf_r5,softmax_oratc_targeted_g48s1024_confirm_v1_20260725_sess03_pos3_fp32_g48_s1024_cache_reuse_candidate_probe_g48_s00_p05,full_before,5,0,2,140553.499565,140553.500937,140553.500251,0.00137210101821,1.0024551145,5349769434,true,false
softmax_1784951829167_softmax_full_f16io_f32acc_fp32_fast___expf_r5,softmax_oratc_targeted_g48s1024_confirm_v1_20260725_sess03_pos3_fp32_g48_s1024_cache_reuse_candidate_probe_g48_s00_p05,full_before,5,0,3,140554.001069,140554.00274,140554.001904,0.00167110099574,1.50410870748,5349886531,true,true
softmax_1784951829167_softmax_full_f16io_f32acc_fp32_fast___expf_r5,softmax_oratc_targeted_g48s1024_confirm_v1_20260725_sess03_pos3_fp32_g48_s1024_cache_reuse_candidate_probe_g48_s00_p05,full_before,5,0,4,140554.502897,140554.504244,140554.50357,0.00134699899354,2.00577470951,5350003246,true,true
softmax_1784951829167_softmax_full_f16io_f32acc_fp32_fast___expf_r5,softmax_oratc_targeted_g48s1024_confirm_v1_20260725_sess03_pos3_fp32_g48_s1024_cache_reuse_candidate_probe_g48_s00_p05,full_before,5,0,5,140555.004424,140555.005861,140555.005142,0.00143689897959,2.50734666549,5350119417,true,true
softmax_1784951829167_softmax_full_f16io_f32acc_fp32_fast___expf_r5,softmax_oratc_targeted_g48s1024_confirm_v1_20260725_sess03_pos3_fp32_g48_s1024_cache_reuse_candidate_probe_g48_s00_p05,full_before,5,0,6,140555.505983,140555.507239,140555.506611,0.00125619900064,3.00881552551,5350259000,true,true
softmax_1784951829167_softmax_full_f16io_f32acc_fp32_fast___expf_r5,softmax_oratc_targeted_g48s1024_confirm_v1_20260725_sess03_pos3_fp32_g48_s1024_cache_reuse_candidate_probe_g48_s00_p05,full_before,5,0,7,140556.007367,140556.012044,140556.009706,0.00467679701978,3.5119100415,5350378535,true,true
softmax_1784951829167_softmax_full_f16io_f32acc_fp32_fast___expf_r5,softmax_oratc_targeted_g48s1024_confirm_v1_20260725_sess03_pos3_fp32_g48_s1024_cache_reuse_candidate_probe_g48_s00_p05,full_before,5,0,8,140556.512111,140556.513537,140556.512824,0.00142559900996,4.01502866251,5350497338,true,true
softmax_1784951829167_softmax_full_f16io_f32acc_fp32_fast___expf_r5,softmax_oratc_targeted_g48s1024_confirm_v1_20260725_sess03_pos3_fp32_g48_s1024_cache_reuse_candidate_probe_g48_s00_p05,full_before,5,0,9,140557.013672,140557.014968,140557.01432,0.00129549900885,4.51652444148,5350615804,true,true
softmax_1784951829167_softmax_full_f16io_f32acc_fp32_fast___expf_r5,softmax_oratc_targeted_g48s1024_confirm_v1_20260725_sess03_pos3_fp32_g48_s1024_cache_reuse_candidate_probe_g48_s00_p05,full_before,5,0,10,140557.515125,140557.51649,140557.515807,0.00136509898584,5.01801177551,5350734007,true,true
softmax_1784951829167_softmax_full_f16io_f32acc_fp32_fast___expf_r5,softmax_oratc_targeted_g48s1024_confirm_v1_20260725_sess03_pos3_fp32_g48_s1024_cache_reuse_candidate_probe_g48_s00_p05,full_before,5,0,11,140558.016623,140558.017979,140558.017301,0.00135600101203,5.5195050925,5350851977,true,true
softmax_1784951829167_softmax_full_f16io_f32acc_fp32_fast___expf_r5,softmax_oratc_targeted_g48s1024_confirm_v1_20260725_sess03_pos3_fp32_g48_s1024_cache_reuse_candidate_probe_g48_s00_p05,full_before,5,0,12,140558.518073,140558.519414,140558.518743,0.00134070098284,6.02094780852,5350969529,true,true
softmax_1784951829167_softmax_full_f16io_f32acc_fp32_fast___expf_r5,softmax_oratc_targeted_g48s1024_confirm_v1_20260725_sess03_pos3_fp32_g48_s1024_cache_reuse_candidate_probe_g48_s00_p05,full_before,5,0,13,140559.019582,140559.020932,140559.020257,0.00134980099392,6.5224612325,5351086620,true,true
softmax_1784951829167_softmax_full_f16io_f32acc_fp32_fast___expf_r5,softmax_oratc_targeted_g48s1024_confirm_v1_20260725_sess03_pos3_fp32_g48_s1024_cache_reuse_candidate_probe_g48_s00_p05,full_before,5,0,14,140559.521088,140559.522406,140559.521747,0.00131760101067,7.0239514095,5351203262,true,true
softmax_1784951829167_softmax_full_f16io_f32acc_fp32_fast___expf_r5,softmax_oratc_targeted_g48s1024_confirm_v1_20260725_sess03_pos3_fp32_g48_s1024_cache_reuse_candidate_probe_g48_s00_p05,full_before,5,0,15,140560.022568,140560.023906,140560.023237,0.00133740098681,7.5254413955,5351319443,true,true
softmax_1784951829167_softmax_full_f16io_f32acc_fp32_fast___expf_r5,softmax_oratc_targeted_g48s1024_confirm_v1_20260725_sess03_pos3_fp32_g48_s1024_cache_reuse_candidate_probe_g48_s00_p05,full_before,5,0,16,140560.524069,140560.525414,140560.524742,0.00134530098876,8.02694613551,5351435085,true,true
softmax_1784951829167_softmax_full_f16io_f32acc_fp32_fast___expf_r5,softmax_oratc_targeted_g48s1024_confirm_v1_20260725_sess03_pos3_fp32_g48_s1024_cache_reuse_candidate_probe_g48_s00_p05,full_before,5,0,17,140561.025577,140561.030394,140561.027985,0.00481690399465,8.53018973401,5351550542,true,true
softmax_1784951829167_softmax_full_f16io_f32acc_fp32_fast___expf_r5,softmax_oratc_targeted_g48s1024_confirm_v1_20260725_sess03_pos3_fp32_g48_s1024_cache_reuse_candidate_probe_g48_s00_p05,full_before,5,0,18,140561.530515,140561.531819,140561.531167,0.00130410099518,9.03337173653,5351669672,true,true
softmax_1784951829167_softmax_full_f16io_f32acc_fp32_fast___expf_r5,softmax_oratc_targeted_g48s1024_confirm_v1_20260725_sess03_pos3_fp32_g48_s1024_cache_reuse_candidate_probe_g48_s00_p05,full_before,5,0,19,140562.031937,140562.033252,140562.032594,0.00131450098706,9.5347988455,5351788500,true,true
softmax_1784951829167_softmax_full_f16io_f32acc_fp32_fast___expf_r5,softmax_oratc_targeted_g48s1024_confirm_v1_20260725_sess03_pos3_fp32_g48_s1024_cache_reuse_candidate_probe_g48_s00_p05,full_before,5,0,20,140562.533377,140562.534742,140562.53406,0.00136449999991,10.036263991,5351906950,true,true
softmax_1784951829167_softmax_full_f16io_f32acc_fp32_fast___expf_r5,softmax_oratc_targeted_g48s1024_confirm_v1_20260725_sess03_pos3_fp32_g48_s1024_cache_reuse_candidate_probe_g48_s00_p05,full_before,5,0,21,140563.034907,140563.036271,140563.035589,0.0013646990119,10.5377933625,5352024936,true,true
softmax_1784951829167_softmax_full_f16io_f32acc_fp32_fast___expf_r5,softmax_oratc_targeted_g48s1024_confirm_v1_20260725_sess03_pos3_fp32_g48_s1024_cache_reuse_candidate_probe_g48_s00_p05,full_before,5,0,22,140563.536433,140563.537782,140563.537107,0.00134939901181,11.0393116885,5352142460,true,true
softmax_1784951829167_softmax_full_f16io_f32acc_fp32_fast___expf_r5,softmax_oratc_targeted_g48s1024_confirm_v1_20260725_sess03_pos3_fp32_g48_s1024_cache_reuse_candidate_probe_g48_s00_p05,full_before,5,0,23,140564.037931,140564.039317,140564.038624,0.00138589899871,11.5408281215,5352259461,true,false
softmax_1784951829167_softmax_full_f16io_f32acc_fp32_fast___expf_r5,softmax_oratc_targeted_g48s1024_confirm_v1_20260725_sess03_pos3_fp32_g48_s1024_cache_reuse_candidate_probe_g48_s00_p05,full_before,5,0,24,140564.539432,140564.541977,140564.540704,0.00254459900316,12.0429088595,5352376045,true,false
softmax_1784951829167_softmax_full_f16io_f32acc_fp32_fast___expf_r5,softmax_oratc_targeted_g48s1024_confirm_v1_20260725_sess03_pos3_fp32_g48_s1024_cache_reuse_candidate_probe_g48_s00_p05,full_before,5,0,25,140565.042094,140565.043412,140565.042753,0.00131779900403,12.5449576545,5352478666,true,false
softmax_1784951829167_softmax_full_f16io_f32acc_fp32_fast___expf_r5,softmax_oratc_targeted_g48s1024_confirm_v1_20260725_sess03_pos3_fp32_g48_s1024_cache_reuse_candidate_probe_g48_s00_p05,full_before,5,0,26,140565.044143,140565.049198,140565.046671,0.00505479797721,12.548875053,5352478666,false,false
softmax_1784951841727_softmax_full_f16io_f32acc_fp32_fast___expf_r5,softmax_oratc_targeted_g48s1024_confirm_v1_20260725_sess03_pos3_fp32_g48_s1024_cache_reuse_candidate_probe_g48_s00_p05,probe_middle,5,1,0,140565.056576,140565.057834,140565.057205,0.00125779898372,-0.000635699514532,5352478666,false,false
softmax_1784951841727_softmax_full_f16io_f32acc_fp32_fast___expf_r5,softmax_oratc_targeted_g48s1024_confirm_v1_20260725_sess03_pos3_fp32_g48_s1024_cache_reuse_candidate_probe_g48_s00_p05,probe_middle,5,1,1,140565.558198,140565.559621,140565.558909,0.00142299899017,0.501068300509,5352586561,true,false
softmax_1784951841727_softmax_full_f16io_f32acc_fp32_fast___expf_r5,softmax_oratc_targeted_g48s1024_confirm_v1_20260725_sess03_pos3_fp32_g48_s1024_cache_reuse_candidate_probe_g48_s00_p05,probe_middle,5,1,2,140566.059742,140566.061131,140566.060437,0.00138820102438,1.00259572649,5352701296,true,false
softmax_1784951841727_softmax_full_f16io_f32acc_fp32_fast___expf_r5,softmax_oratc_targeted_g48s1024_confirm_v1_20260725_sess03_pos3_fp32_g48_s1024_cache_reuse_candidate_probe_g48_s00_p05,probe_middle,5,1,3,140566.561294,140566.56266,140566.561977,0.00136640100391,1.50413601351,5352815876,true,true
softmax_1784951841727_softmax_full_f16io_f32acc_fp32_fast___expf_r5,softmax_oratc_targeted_g48s1024_confirm_v1_20260725_sess03_pos3_fp32_g48_s1024_cache_reuse_candidate_probe_g48_s00_p05,probe_middle,5,1,4,140567.062796,140567.064444,140567.06362,0.00164850099827,2.00577925751,5352929867,true,true
softmax_1784951841727_softmax_full_f16io_f32acc_fp32_fast___expf_r5,softmax_oratc_targeted_g48s1024_confirm_v1_20260725_sess03_pos3_fp32_g48_s1024_cache_reuse_candidate_probe_g48_s00_p05,probe_middle,5,1,5,140567.56461,140567.56842,140567.566515,0.00381080299849,2.50867430749,5353043283,true,true
softmax_1784951841727_softmax_full_f16io_f32acc_fp32_fast___expf_r5,softmax_oratc_targeted_g48s1024_confirm_v1_20260725_sess03_pos3_fp32_g48_s1024_cache_reuse_candidate_probe_g48_s00_p05,probe_middle,5,1,6,140568.068544,140568.069949,140568.069247,0.00140470199403,3.01140586397,5353160173,true,true
softmax_1784951841727_softmax_full_f16io_f32acc_fp32_fast___expf_r5,softmax_oratc_targeted_g48s1024_confirm_v1_20260725_sess03_pos3_fp32_g48_s1024_cache_reuse_candidate_probe_g48_s00_p05,probe_middle,5,1,7,140568.570116,140568.571582,140568.570849,0.00146560199209,3.51300842501,5353276542,true,true
softmax_1784951841727_softmax_full_f16io_f32acc_fp32_fast___expf_r5,softmax_oratc_targeted_g48s1024_confirm_v1_20260725_sess03_pos3_fp32_g48_s1024_cache_reuse_candidate_probe_g48_s00_p05,probe_middle,5,1,8,140569.071717,140569.073094,140569.072406,0.00137740100035,4.01456474248,5353392626,true,true
softmax_1784951841727_softmax_full_f16io_f32acc_fp32_fast___expf_r5,softmax_oratc_targeted_g48s1024_confirm_v1_20260725_sess03_pos3_fp32_g48_s1024_cache_reuse_candidate_probe_g48_s00_p05,probe_middle,5,1,9,140569.573254,140569.57465,140569.573952,0.00139680100256,4.51611116447,5353508600,true,true
softmax_1784951841727_softmax_full_f16io_f32acc_fp32_fast___expf_r5,softmax_oratc_targeted_g48s1024_confirm_v1_20260725_sess03_pos3_fp32_g48_s1024_cache_reuse_candidate_probe_g48_s00_p05,probe_middle,5,1,10,140570.074806,140570.076148,140570.075477,0.00134280099883,5.01763629349,5353624267,true,true
softmax_1784951841727_softmax_full_f16io_f32acc_fp32_fast___expf_r5,softmax_oratc_targeted_g48s1024_confirm_v1_20260725_sess03_pos3_fp32_g48_s1024_cache_reuse_candidate_probe_g48_s00_p05,probe_middle,5,1,11,140570.576313,140570.577708,140570.577011,0.00139510098961,5.5191697285,5353739742,true,true
softmax_1784951841727_softmax_full_f16io_f32acc_fp32_fast___expf_r5,softmax_oratc_targeted_g48s1024_confirm_v1_20260725_sess03_pos3_fp32_g48_s1024_cache_reuse_candidate_probe_g48_s00_p05,probe_middle,5,1,12,140571.077884,140571.079187,140571.078535,0.00130299999728,6.02069452801,5353854698,true,true
softmax_1784951841727_softmax_full_f16io_f32acc_fp32_fast___expf_r5,softmax_oratc_targeted_g48s1024_confirm_v1_20260725_sess03_pos3_fp32_g48_s1024_cache_reuse_candidate_probe_g48_s00_p05,probe_middle,5,1,13,140571.579342,140571.580738,140571.58004,0.00139610099723,6.52219903347,5353969156,true,true
softmax_1784951841727_softmax_full_f16io_f32acc_fp32_fast___expf_r5,softmax_oratc_targeted_g48s1024_confirm_v1_20260725_sess03_pos3_fp32_g48_s1024_cache_reuse_candidate_probe_g48_s00_p05,probe_middle,5,1,14,140572.080856,140572.082226,140572.081541,0.00136960099917,7.02370004449,5354082974,true,true
softmax_1784951841727_softmax_full_f16io_f32acc_fp32_fast___expf_r5,softmax_oratc_targeted_g48s1024_confirm_v1_20260725_sess03_pos3_fp32_g48_s1024_cache_reuse_candidate_probe_g48_s00_p05,probe_middle,5,1,15,140572.582386,140572.587018,140572.584702,0.00463190200389,7.52686106297,5354196331,true,true
softmax_1784951841727_softmax_full_f16io_f32acc_fp32_fast___expf_r5,softmax_oratc_targeted_g48s1024_confirm_v1_20260725_sess03_pos3_fp32_g48_s1024_cache_reuse_candidate_probe_g48_s00_p05,probe_middle,5,1,16,140573.087173,140573.088546,140573.08786,0.00137350099976,8.03001893649,5354313212,true,true
softmax_1784951841727_softmax_full_f16io_f32acc_fp32_fast___expf_r5,softmax_oratc_targeted_g48s1024_confirm_v1_20260725_sess03_pos3_fp32_g48_s1024_cache_reuse_candidate_probe_g48_s00_p05,probe_middle,5,1,17,140573.588718,140573.590094,140573.589406,0.00137620099122,8.5315650655,5354429898,true,true
softmax_1784951841727_softmax_full_f16io_f32acc_fp32_fast___expf_r5,softmax_oratc_targeted_g48s1024_confirm_v1_20260725_sess03_pos3_fp32_g48_s1024_cache_reuse_candidate_probe_g48_s00_p05,probe_middle,5,1,18,140574.090249,140574.091665,140574.090957,0.00141570097185,9.03311640047,5354546350,true,true
softmax_1784951841727_softmax_full_f16io_f32acc_fp32_fast___expf_r5,softmax_oratc_targeted_g48s1024_confirm_v1_20260725_sess03_pos3_fp32_g48_s1024_cache_reuse_candidate_probe_g48_s00_p05,probe_middle,5,1,19,140574.591813,140574.593297,140574.592555,0.00148420099868,9.53471404148,5354662507,true,true
softmax_1784951841727_softmax_full_f16io_f32acc_fp32_fast___expf_r5,softmax_oratc_targeted_g48s1024_confirm_v1_20260725_sess03_pos3_fp32_g48_s1024_cache_reuse_candidate_probe_g48_s00_p05,probe_middle,5,1,20,140575.093441,140575.09485,140575.094145,0.00140900100814,10.0363043375,5354778213,true,true
softmax_1784951841727_softmax_full_f16io_f32acc_fp32_fast___expf_r5,softmax_oratc_targeted_g48s1024_confirm_v1_20260725_sess03_pos3_fp32_g48_s1024_cache_reuse_candidate_probe_g48_s00_p05,probe_middle,5,1,21,140575.595005,140575.596523,140575.595764,0.00151790102245,10.5379228895,5354893382,true,true
softmax_1784951841727_softmax_full_f16io_f32acc_fp32_fast___expf_r5,softmax_oratc_targeted_g48s1024_confirm_v1_20260725_sess03_pos3_fp32_g48_s1024_cache_reuse_candidate_probe_g48_s00_p05,probe_middle,5,1,22,140576.096698,140576.098099,140576.097399,0.00140020099934,11.0395577475,5355007919,true,true
softmax_1784951841727_softmax_full_f16io_f32acc_fp32_fast___expf_r5,softmax_oratc_targeted_g48s1024_confirm_v1_20260725_sess03_pos3_fp32_g48_s1024_cache_reuse_candidate_probe_g48_s00_p05,probe_middle,5,1,23,140576.598229,140576.599568,140576.598898,0.00133980100509,11.5410576615,5355145431,true,false
softmax_1784951841727_softmax_full_f16io_f32acc_fp32_fast___expf_r5,softmax_oratc_targeted_g48s1024_confirm_v1_20260725_sess03_pos3_fp32_g48_s1024_cache_reuse_candidate_probe_g48_s00_p05,probe_middle,5,1,24,140577.099738,140577.101017,140577.100377,0.00127940098173,12.0425366805,5355263082,true,false
softmax_1784951841727_softmax_full_f16io_f32acc_fp32_fast___expf_r5,softmax_oratc_targeted_g48s1024_confirm_v1_20260725_sess03_pos3_fp32_g48_s1024_cache_reuse_candidate_probe_g48_s00_p05,probe_middle,5,1,25,140577.534162,140577.535575,140577.534869,0.0014135009842,12.4770279115,5355345017,true,false
softmax_1784951854218_softmax_full_f16io_f32acc_fp32_fast___expf_r5,softmax_oratc_targeted_g48s1024_confirm_v1_20260725_sess03_pos3_fp32_g48_s1024_cache_reuse_candidate_probe_g48_s00_p05,full_after,5,2,0,140577.547751,140577.548955,140577.548353,0.00120350098587,-0.000607850495726,5355345017,false,false
softmax_1784951854218_softmax_full_f16io_f32acc_fp32_fast___expf_r5,softmax_oratc_targeted_g48s1024_confirm_v1_20260725_sess03_pos3_fp32_g48_s1024_cache_reuse_candidate_probe_g48_s00_p05,full_after,5,2,1,140578.049278,140578.050643,140578.04996,0.00136520102387,0.500999330514,5355456081,true,false
softmax_1784951854218_softmax_full_f16io_f32acc_fp32_fast___expf_r5,softmax_oratc_targeted_g48s1024_confirm_v1_20260725_sess03_pos3_fp32_g48_s1024_cache_reuse_candidate_probe_g48_s00_p05,full_after,5,2,2,140578.550761,140578.552152,140578.551456,0.0013917000033,1.00249565303,5355573684,true,false
softmax_1784951854218_softmax_full_f16io_f32acc_fp32_fast___expf_r5,softmax_oratc_targeted_g48s1024_confirm_v1_20260725_sess03_pos3_fp32_g48_s1024_cache_reuse_candidate_probe_g48_s00_p05,full_after,5,2,3,140579.052249,140579.053753,140579.053001,0.00150400001439,1.50404057803,5355691012,true,true
softmax_1784951854218_softmax_full_f16io_f32acc_fp32_fast___expf_r5,softmax_oratc_targeted_g48s1024_confirm_v1_20260725_sess03_pos3_fp32_g48_s1024_cache_reuse_candidate_probe_g48_s00_p05,full_after,5,2,4,140579.553888,140579.555233,140579.554561,0.00134550000075,2.00559980702,5355807786,true,true
softmax_1784951854218_softmax_full_f16io_f32acc_fp32_fast___expf_r5,softmax_oratc_targeted_g48s1024_confirm_v1_20260725_sess03_pos3_fp32_g48_s1024_cache_reuse_candidate_probe_g48_s00_p05,full_after,5,2,5,140580.055426,140580.056818,140580.056122,0.00139269998181,2.507161193,5355924174,true,true
softmax_1784951854218_softmax_full_f16io_f32acc_fp32_fast___expf_r5,softmax_oratc_targeted_g48s1024_confirm_v1_20260725_sess03_pos3_fp32_g48_s1024_cache_reuse_candidate_probe_g48_s00_p05,full_after,5,2,6,140580.556934,140580.558286,140580.55761,0.00135189999128,3.00864878402,5356040038,true,true
softmax_1784951854218_softmax_full_f16io_f32acc_fp32_fast___expf_r5,softmax_oratc_targeted_g48s1024_confirm_v1_20260725_sess03_pos3_fp32_g48_s1024_cache_reuse_candidate_probe_g48_s00_p05,full_after,5,2,7,140581.058377,140581.060035,140581.059206,0.00165839999681,3.51024513101,5356155492,true,true
softmax_1784951854218_softmax_full_f16io_f32acc_fp32_fast___expf_r5,softmax_oratc_targeted_g48s1024_confirm_v1_20260725_sess03_pos3_fp32_g48_s1024_cache_reuse_candidate_probe_g48_s00_p05,full_after,5,2,8,140581.560193,140581.564236,140581.562215,0.00404309999431,4.01325368302,5356270697,true,true
softmax_1784951854218_softmax_full_f16io_f32acc_fp32_fast___expf_r5,softmax_oratc_targeted_g48s1024_confirm_v1_20260725_sess03_pos3_fp32_g48_s1024_cache_reuse_candidate_probe_g48_s00_p05,full_after,5,2,9,140582.064394,140582.065763,140582.065079,0.00136829999974,4.51611779202,5356389646,true,true
softmax_1784951854218_softmax_full_f16io_f32acc_fp32_fast___expf_r5,softmax_oratc_targeted_g48s1024_confirm_v1_20260725_sess03_pos3_fp32_g48_s1024_cache_reuse_candidate_probe_g48_s00_p05,full_after,5,2,10,140582.565895,140582.567241,140582.566568,0.00134630000684,5.01760730601,5356508372,true,true
softmax_1784951854218_softmax_full_f16io_f32acc_fp32_fast___expf_r5,softmax_oratc_targeted_g48s1024_confirm_v1_20260725_sess03_pos3_fp32_g48_s1024_cache_reuse_candidate_probe_g48_s00_p05,full_after,5,2,11,140583.067401,140583.068768,140583.068085,0.00136690001818,5.519123926,5356626654,true,true
softmax_1784951854218_softmax_full_f16io_f32acc_fp32_fast___expf_r5,softmax_oratc_targeted_g48s1024_confirm_v1_20260725_sess03_pos3_fp32_g48_s1024_cache_reuse_candidate_probe_g48_s00_p05,full_after,5,2,12,140583.568884,140583.570274,140583.569579,0.00139050002326,6.020617951,5356744507,true,true
softmax_1784951854218_softmax_full_f16io_f32acc_fp32_fast___expf_r5,softmax_oratc_targeted_g48s1024_confirm_v1_20260725_sess03_pos3_fp32_g48_s1024_cache_reuse_candidate_probe_g48_s00_p05,full_after,5,2,13,140584.070433,140584.071806,140584.071119,0.00137270000414,6.522158582,5356861778,true,true
softmax_1784951854218_softmax_full_f16io_f32acc_fp32_fast___expf_r5,softmax_oratc_targeted_g48s1024_confirm_v1_20260725_sess03_pos3_fp32_g48_s1024_cache_reuse_candidate_probe_g48_s00_p05,full_after,5,2,14,140584.57192,140584.573332,140584.572626,0.00141240199446,7.02366490604,5356978622,true,true
softmax_1784951854218_softmax_full_f16io_f32acc_fp32_fast___expf_r5,softmax_oratc_targeted_g48s1024_confirm_v1_20260725_sess03_pos3_fp32_g48_s1024_cache_reuse_candidate_probe_g48_s00_p05,full_after,5,2,15,140585.073495,140585.075013,140585.074254,0.00151820198516,7.525292898,5357095020,true,true
softmax_1784951854218_softmax_full_f16io_f32acc_fp32_fast___expf_r5,softmax_oratc_targeted_g48s1024_confirm_v1_20260725_sess03_pos3_fp32_g48_s1024_cache_reuse_candidate_probe_g48_s00_p05,full_after,5,2,16,140585.575135,140585.576534,140585.575834,0.00139920198126,8.02687339601,5357211064,true,true
softmax_1784951854218_softmax_full_f16io_f32acc_fp32_fast___expf_r5,softmax_oratc_targeted_g48s1024_confirm_v1_20260725_sess03_pos3_fp32_g48_s1024_cache_reuse_candidate_probe_g48_s00_p05,full_after,5,2,17,140586.076668,140586.078051,140586.077359,0.00138230100856,8.52839864953,5357326765,true,true
softmax_1784951854218_softmax_full_f16io_f32acc_fp32_fast___expf_r5,softmax_oratc_targeted_g48s1024_confirm_v1_20260725_sess03_pos3_fp32_g48_s1024_cache_reuse_candidate_probe_g48_s00_p05,full_after,5,2,18,140586.578167,140586.582493,140586.58033,0.0043261940009,9.03136900102,5357442193,true,true
softmax_1784951854218_softmax_full_f16io_f32acc_fp32_fast___expf_r5,softmax_oratc_targeted_g48s1024_confirm_v1_20260725_sess03_pos3_fp32_g48_s1024_cache_reuse_candidate_probe_g48_s00_p05,full_after,5,2,19,140587.082647,140587.084004,140587.083326,0.00135779799893,9.53436470401,5357561374,true,true
softmax_1784951854218_softmax_full_f16io_f32acc_fp32_fast___expf_r5,softmax_oratc_targeted_g48s1024_confirm_v1_20260725_sess03_pos3_fp32_g48_s1024_cache_reuse_candidate_probe_g48_s00_p05,full_after,5,2,20,140587.584158,140587.585544,140587.584851,0.00138589800918,10.035890265,5357680068,true,true
softmax_1784951854218_softmax_full_f16io_f32acc_fp32_fast___expf_r5,softmax_oratc_targeted_g48s1024_confirm_v1_20260725_sess03_pos3_fp32_g48_s1024_cache_reuse_candidate_probe_g48_s00_p05,full_after,5,2,21,140588.085701,140588.087046,140588.086373,0.00134459798574,10.537412532,5357798266,true,true
softmax_1784951854218_softmax_full_f16io_f32acc_fp32_fast___expf_r5,softmax_oratc_targeted_g48s1024_confirm_v1_20260725_sess03_pos3_fp32_g48_s1024_cache_reuse_candidate_probe_g48_s00_p05,full_after,5,2,22,140588.587166,140588.588591,140588.587879,0.00142499801586,11.038918054,5357915917,true,true
softmax_1784951854218_softmax_full_f16io_f32acc_fp32_fast___expf_r5,softmax_oratc_targeted_g48s1024_confirm_v1_20260725_sess03_pos3_fp32_g48_s1024_cache_reuse_candidate_probe_g48_s00_p05,full_after,5,2,23,140589.088745,140589.090131,140589.089438,0.00138549797703,11.540477032,5358033048,true,true
softmax_1784951854218_softmax_full_f16io_f32acc_fp32_fast___expf_r5,softmax_oratc_targeted_g48s1024_confirm_v1_20260725_sess03_pos3_fp32_g48_s1024_cache_reuse_candidate_probe_g48_s00_p05,full_after,5,2,24,140589.590282,140589.591997,140589.591139,0.00171529801446,12.042178465,5358149950,true,false
softmax_1784951854218_softmax_full_f16io_f32acc_fp32_fast___expf_r5,softmax_oratc_targeted_g48s1024_confirm_v1_20260725_sess03_pos3_fp32_g48_s1024_cache_reuse_candidate_probe_g48_s00_p05,full_after,5,2,25,140590.092137,140590.093532,140590.092834,0.00139499799116,12.543873654,5358256853,true,false
softmax_1784951854218_softmax_full_f16io_f32acc_fp32_fast___expf_r5,softmax_oratc_targeted_g48s1024_confirm_v1_20260725_sess03_pos3_fp32_g48_s1024_cache_reuse_candidate_probe_g48_s00_p05,full_after,5,2,26,140590.104313,140590.105661,140590.104987,0.00134809798328,12.556026388,5358271564,true,false
