run_id,pair_id,role,repeat,sequence_index,sample_index,query_start_s,query_end_s,query_midpoint_s,query_latency_s,relative_to_kernel_start_s,energy_mJ,changed_from_previous,in_fit_window
softmax_1784950780619_softmax_full_f16io_f32acc_ptx_ex2_approx_f16_r0,softmax_oratc_targeted_g48s1024_confirm_v1_20260725_sess02_pos3_ptx_f16_g48_s1024_cache_reuse_candidate_probe_ptx_f16_g48_s00_p00,probe_before,0,0,0,139503.949147,139503.95035,139503.949749,0.00120320700807,-0.0006092035037,5103440575,false,false
softmax_1784950780619_softmax_full_f16io_f32acc_ptx_ex2_approx_f16_r0,softmax_oratc_targeted_g48s1024_confirm_v1_20260725_sess02_pos3_ptx_f16_g48_s1024_cache_reuse_candidate_probe_ptx_f16_g48_s00_p00,probe_before,0,0,1,139504.451335,139504.45273,139504.452033,0.00139460898936,0.501674634492,5103557862,true,false
softmax_1784950780619_softmax_full_f16io_f32acc_ptx_ex2_approx_f16_r0,softmax_oratc_targeted_g48s1024_confirm_v1_20260725_sess02_pos3_ptx_f16_g48_s1024_cache_reuse_candidate_probe_ptx_f16_g48_s00_p00,probe_before,0,0,2,139504.952896,139504.957701,139504.955299,0.00480466001318,1.00494055598,5103675730,true,false
softmax_1784950780619_softmax_full_f16io_f32acc_ptx_ex2_approx_f16_r0,softmax_oratc_targeted_g48s1024_confirm_v1_20260725_sess02_pos3_ptx_f16_g48_s1024_cache_reuse_candidate_probe_ptx_f16_g48_s00_p00,probe_before,0,0,3,139505.457818,139505.459168,139505.458493,0.00134928800981,1.50813482,5103797273,true,true
softmax_1784950780619_softmax_full_f16io_f32acc_ptx_ex2_approx_f16_r0,softmax_oratc_targeted_g48s1024_confirm_v1_20260725_sess02_pos3_ptx_f16_g48_s1024_cache_reuse_candidate_probe_ptx_f16_g48_s00_p00,probe_before,0,0,4,139505.959297,139505.960726,139505.960011,0.00142938800855,2.00965321899,5103918370,true,true
softmax_1784950780619_softmax_full_f16io_f32acc_ptx_ex2_approx_f16_r0,softmax_oratc_targeted_g48s1024_confirm_v1_20260725_sess02_pos3_ptx_f16_g48_s1024_cache_reuse_candidate_probe_ptx_f16_g48_s00_p00,probe_before,0,0,5,139506.460856,139506.462245,139506.46155,0.00138878900907,2.51119209148,5104038950,true,true
softmax_1784950780619_softmax_full_f16io_f32acc_ptx_ex2_approx_f16_r0,softmax_oratc_targeted_g48s1024_confirm_v1_20260725_sess02_pos3_ptx_f16_g48_s1024_cache_reuse_candidate_probe_ptx_f16_g48_s00_p00,probe_before,0,0,6,139506.962359,139506.963746,139506.963052,0.00138698800583,3.012694234,5104158989,true,true
softmax_1784950780619_softmax_full_f16io_f32acc_ptx_ex2_approx_f16_r0,softmax_oratc_targeted_g48s1024_confirm_v1_20260725_sess02_pos3_ptx_f16_g48_s1024_cache_reuse_candidate_probe_ptx_f16_g48_s00_p00,probe_before,0,0,7,139507.463917,139507.465267,139507.464592,0.00134998900467,3.5142342005,5104278715,true,true
softmax_1784950780619_softmax_full_f16io_f32acc_ptx_ex2_approx_f16_r0,softmax_oratc_targeted_g48s1024_confirm_v1_20260725_sess02_pos3_ptx_f16_g48_s1024_cache_reuse_candidate_probe_ptx_f16_g48_s00_p00,probe_before,0,0,8,139507.965432,139507.966854,139507.966143,0.00142150800093,4.01578509601,5104398209,true,true
softmax_1784950780619_softmax_full_f16io_f32acc_ptx_ex2_approx_f16_r0,softmax_oratc_targeted_g48s1024_confirm_v1_20260725_sess02_pos3_ptx_f16_g48_s1024_cache_reuse_candidate_probe_ptx_f16_g48_s00_p00,probe_before,0,0,9,139508.467018,139508.469531,139508.468274,0.00251281500096,4.5179162425,5104517494,true,true
softmax_1784950780619_softmax_full_f16io_f32acc_ptx_ex2_approx_f16_r0,softmax_oratc_targeted_g48s1024_confirm_v1_20260725_sess02_pos3_ptx_f16_g48_s1024_cache_reuse_candidate_probe_ptx_f16_g48_s00_p00,probe_before,0,0,10,139508.969688,139508.971142,139508.970415,0.00145430798875,5.02005665799,5104636288,true,true
softmax_1784950780619_softmax_full_f16io_f32acc_ptx_ex2_approx_f16_r0,softmax_oratc_targeted_g48s1024_confirm_v1_20260725_sess02_pos3_ptx_f16_g48_s1024_cache_reuse_candidate_probe_ptx_f16_g48_s00_p00,probe_before,0,0,11,139509.471259,139509.476488,139509.473874,0.0052288309962,5.5235156065,5104754633,true,true
softmax_1784950780619_softmax_full_f16io_f32acc_ptx_ex2_approx_f16_r0,softmax_oratc_targeted_g48s1024_confirm_v1_20260725_sess02_pos3_ptx_f16_g48_s1024_cache_reuse_candidate_probe_ptx_f16_g48_s00_p00,probe_before,0,0,12,139509.976646,139509.978038,139509.977342,0.00139240801218,6.02698377302,5104876422,true,true
softmax_1784950780619_softmax_full_f16io_f32acc_ptx_ex2_approx_f16_r0,softmax_oratc_targeted_g48s1024_confirm_v1_20260725_sess02_pos3_ptx_f16_g48_s1024_cache_reuse_candidate_probe_ptx_f16_g48_s00_p00,probe_before,0,0,13,139510.478198,139510.479508,139510.478853,0.00131040799897,6.52849505399,5104997583,true,true
softmax_1784950780619_softmax_full_f16io_f32acc_ptx_ex2_approx_f16_r0,softmax_oratc_targeted_g48s1024_confirm_v1_20260725_sess02_pos3_ptx_f16_g48_s1024_cache_reuse_candidate_probe_ptx_f16_g48_s00_p00,probe_before,0,0,14,139510.979671,139510.981088,139510.98038,0.00141710799653,7.030021452,5105118167,true,true
softmax_1784950780619_softmax_full_f16io_f32acc_ptx_ex2_approx_f16_r0,softmax_oratc_targeted_g48s1024_confirm_v1_20260725_sess02_pos3_ptx_f16_g48_s1024_cache_reuse_candidate_probe_ptx_f16_g48_s00_p00,probe_before,0,0,15,139511.481217,139511.482573,139511.481895,0.00135530901025,7.53153682649,5105238295,true,true
softmax_1784950780619_softmax_full_f16io_f32acc_ptx_ex2_approx_f16_r0,softmax_oratc_targeted_g48s1024_confirm_v1_20260725_sess02_pos3_ptx_f16_g48_s1024_cache_reuse_candidate_probe_ptx_f16_g48_s00_p00,probe_before,0,0,16,139511.982739,139511.984273,139511.983506,0.00153390999185,8.03314816699,5105358137,true,true
softmax_1784950780619_softmax_full_f16io_f32acc_ptx_ex2_approx_f16_r0,softmax_oratc_targeted_g48s1024_confirm_v1_20260725_sess02_pos3_ptx_f16_g48_s1024_cache_reuse_candidate_probe_ptx_f16_g48_s00_p00,probe_before,0,0,17,139512.484439,139512.485858,139512.485148,0.00141880899901,8.53479038549,5105477609,true,true
softmax_1784950780619_softmax_full_f16io_f32acc_ptx_ex2_approx_f16_r0,softmax_oratc_targeted_g48s1024_confirm_v1_20260725_sess02_pos3_ptx_f16_g48_s1024_cache_reuse_candidate_probe_ptx_f16_g48_s00_p00,probe_before,0,0,18,139512.98603,139512.987408,139512.986719,0.00137788502616,9.03636130251,5105596884,true,true
softmax_1784950780619_softmax_full_f16io_f32acc_ptx_ex2_approx_f16_r0,softmax_oratc_targeted_g48s1024_confirm_v1_20260725_sess02_pos3_ptx_f16_g48_s1024_cache_reuse_candidate_probe_ptx_f16_g48_s00_p00,probe_before,0,0,19,139513.487564,139513.488983,139513.488273,0.00141958499444,9.53791525352,5105715671,true,true
softmax_1784950780619_softmax_full_f16io_f32acc_ptx_ex2_approx_f16_r0,softmax_oratc_targeted_g48s1024_confirm_v1_20260725_sess02_pos3_ptx_f16_g48_s1024_cache_reuse_candidate_probe_ptx_f16_g48_s00_p00,probe_before,0,0,20,139513.989139,139513.990534,139513.989837,0.00139518498327,10.0394787185,5105834017,true,true
softmax_1784950780619_softmax_full_f16io_f32acc_ptx_ex2_approx_f16_r0,softmax_oratc_targeted_g48s1024_confirm_v1_20260725_sess02_pos3_ptx_f16_g48_s1024_cache_reuse_candidate_probe_ptx_f16_g48_s00_p00,probe_before,0,0,21,139514.490718,139514.494817,139514.492768,0.00409925900749,10.5424097485,5105951790,true,true
softmax_1784950780619_softmax_full_f16io_f32acc_ptx_ex2_approx_f16_r0,softmax_oratc_targeted_g48s1024_confirm_v1_20260725_sess02_pos3_ptx_f16_g48_s1024_cache_reuse_candidate_probe_ptx_f16_g48_s00_p00,probe_before,0,0,22,139514.994989,139514.996387,139514.995688,0.00139798599412,11.045329742,5106073331,true,true
softmax_1784950780619_softmax_full_f16io_f32acc_ptx_ex2_approx_f16_r0,softmax_oratc_targeted_g48s1024_confirm_v1_20260725_sess02_pos3_ptx_f16_g48_s1024_cache_reuse_candidate_probe_ptx_f16_g48_s00_p00,probe_before,0,0,23,139515.496505,139515.497912,139515.497208,0.00140668600216,11.546850179,5106194422,true,false
softmax_1784950780619_softmax_full_f16io_f32acc_ptx_ex2_approx_f16_r0,softmax_oratc_targeted_g48s1024_confirm_v1_20260725_sess02_pos3_ptx_f16_g48_s1024_cache_reuse_candidate_probe_ptx_f16_g48_s00_p00,probe_before,0,0,24,139515.998042,139515.999464,139515.998753,0.00142240797868,12.048394844,5106314621,true,false
softmax_1784950780619_softmax_full_f16io_f32acc_ptx_ex2_approx_f16_r0,softmax_oratc_targeted_g48s1024_confirm_v1_20260725_sess02_pos3_ptx_f16_g48_s1024_cache_reuse_candidate_probe_ptx_f16_g48_s00_p00,probe_before,0,0,25,139516.311705,139516.314132,139516.312919,0.00242711399915,12.362560704,5106373599,true,false
softmax_1784950792991_softmax_full_f16io_f32acc_ptx_ex2_approx_f16_r0,softmax_oratc_targeted_g48s1024_confirm_v1_20260725_sess02_pos3_ptx_f16_g48_s1024_cache_reuse_candidate_probe_ptx_f16_g48_s00_p00,full,0,1,0,139516.321286,139516.322443,139516.321865,0.00115620699944,-0.000583703484153,5106373599,false,false
softmax_1784950792991_softmax_full_f16io_f32acc_ptx_ex2_approx_f16_r0,softmax_oratc_targeted_g48s1024_confirm_v1_20260725_sess02_pos3_ptx_f16_g48_s1024_cache_reuse_candidate_probe_ptx_f16_g48_s00_p00,full,0,1,1,139516.822746,139516.824517,139516.823631,0.00177061097929,0.50118307551,5106487037,true,false
softmax_1784950792991_softmax_full_f16io_f32acc_ptx_ex2_approx_f16_r0,softmax_oratc_targeted_g48s1024_confirm_v1_20260725_sess02_pos3_ptx_f16_g48_s1024_cache_reuse_candidate_probe_ptx_f16_g48_s00_p00,full,0,1,2,139517.324614,139517.325966,139517.32529,0.00135200799559,1.002841857,5106606655,true,false
softmax_1784950792991_softmax_full_f16io_f32acc_ptx_ex2_approx_f16_r0,softmax_oratc_targeted_g48s1024_confirm_v1_20260725_sess02_pos3_ptx_f16_g48_s1024_cache_reuse_candidate_probe_ptx_f16_g48_s00_p00,full,0,1,3,139517.826085,139517.827394,139517.82674,0.00130940799136,1.50429122601,5106726000,true,true
softmax_1784950792991_softmax_full_f16io_f32acc_ptx_ex2_approx_f16_r0,softmax_oratc_targeted_g48s1024_confirm_v1_20260725_sess02_pos3_ptx_f16_g48_s1024_cache_reuse_candidate_probe_ptx_f16_g48_s00_p00,full,0,1,4,139518.327513,139518.328812,139518.328163,0.00129880799796,2.00571439703,5106869389,true,true
softmax_1784950792991_softmax_full_f16io_f32acc_ptx_ex2_approx_f16_r0,softmax_oratc_targeted_g48s1024_confirm_v1_20260725_sess02_pos3_ptx_f16_g48_s1024_cache_reuse_candidate_probe_ptx_f16_g48_s00_p00,full,0,1,5,139518.828946,139518.83397,139518.831458,0.00502463098383,2.5090095695,5106992112,true,true
softmax_1784950792991_softmax_full_f16io_f32acc_ptx_ex2_approx_f16_r0,softmax_oratc_targeted_g48s1024_confirm_v1_20260725_sess02_pos3_ptx_f16_g48_s1024_cache_reuse_candidate_probe_ptx_f16_g48_s00_p00,full,0,1,6,139519.334099,139519.335424,139519.334762,0.00132490799297,3.01231329402,5107113913,true,true
softmax_1784950792991_softmax_full_f16io_f32acc_ptx_ex2_approx_f16_r0,softmax_oratc_targeted_g48s1024_confirm_v1_20260725_sess02_pos3_ptx_f16_g48_s1024_cache_reuse_candidate_probe_ptx_f16_g48_s00_p00,full,0,1,7,139519.835541,139519.836869,139519.836205,0.00132780801505,3.513756297,5107235341,true,true
softmax_1784950792991_softmax_full_f16io_f32acc_ptx_ex2_approx_f16_r0,softmax_oratc_targeted_g48s1024_confirm_v1_20260725_sess02_pos3_ptx_f16_g48_s1024_cache_reuse_candidate_probe_ptx_f16_g48_s00_p00,full,0,1,8,139520.336983,139520.338388,139520.337686,0.00140531000216,4.01523750101,5107356537,true,true
softmax_1784950792991_softmax_full_f16io_f32acc_ptx_ex2_approx_f16_r0,softmax_oratc_targeted_g48s1024_confirm_v1_20260725_sess02_pos3_ptx_f16_g48_s1024_cache_reuse_candidate_probe_ptx_f16_g48_s00_p00,full,0,1,9,139520.838553,139520.839889,139520.839221,0.00133539098897,4.51677271453,5107477575,true,true
softmax_1784950792991_softmax_full_f16io_f32acc_ptx_ex2_approx_f16_r0,softmax_oratc_targeted_g48s1024_confirm_v1_20260725_sess02_pos3_ptx_f16_g48_s1024_cache_reuse_candidate_probe_ptx_f16_g48_s00_p00,full,0,1,10,139521.34003,139521.341409,139521.340719,0.00137889100006,5.01827088252,5107598426,true,true
softmax_1784950792991_softmax_full_f16io_f32acc_ptx_ex2_approx_f16_r0,softmax_oratc_targeted_g48s1024_confirm_v1_20260725_sess02_pos3_ptx_f16_g48_s1024_cache_reuse_candidate_probe_ptx_f16_g48_s00_p00,full,0,1,11,139521.841571,139521.842902,139521.842237,0.0013309920032,5.51978864,5107718816,true,true
softmax_1784950792991_softmax_full_f16io_f32acc_ptx_ex2_approx_f16_r0,softmax_oratc_targeted_g48s1024_confirm_v1_20260725_sess02_pos3_ptx_f16_g48_s1024_cache_reuse_candidate_probe_ptx_f16_g48_s00_p00,full,0,1,12,139522.343033,139522.344386,139522.34371,0.00135289298487,6.02126159953,5107838543,true,true
softmax_1784950792991_softmax_full_f16io_f32acc_ptx_ex2_approx_f16_r0,softmax_oratc_targeted_g48s1024_confirm_v1_20260725_sess02_pos3_ptx_f16_g48_s1024_cache_reuse_candidate_probe_ptx_f16_g48_s00_p00,full,0,1,13,139522.844517,139522.845884,139522.845201,0.00136759201996,6.52275234801,5107957684,true,true
softmax_1784950792991_softmax_full_f16io_f32acc_ptx_ex2_approx_f16_r0,softmax_oratc_targeted_g48s1024_confirm_v1_20260725_sess02_pos3_ptx_f16_g48_s1024_cache_reuse_candidate_probe_ptx_f16_g48_s00_p00,full,0,1,14,139523.34598,139523.347336,139523.346658,0.00135599297937,7.02420934851,5108076298,true,true
softmax_1784950792991_softmax_full_f16io_f32acc_ptx_ex2_approx_f16_r0,softmax_oratc_targeted_g48s1024_confirm_v1_20260725_sess02_pos3_ptx_f16_g48_s1024_cache_reuse_candidate_probe_ptx_f16_g48_s00_p00,full,0,1,15,139523.847451,139523.851729,139523.84959,0.00427807599772,7.52714207902,5108194520,true,true
softmax_1784950792991_softmax_full_f16io_f32acc_ptx_ex2_approx_f16_r0,softmax_oratc_targeted_g48s1024_confirm_v1_20260725_sess02_pos3_ptx_f16_g48_s1024_cache_reuse_candidate_probe_ptx_f16_g48_s00_p00,full,0,1,16,139524.351859,139524.353227,139524.352543,0.00136789301177,8.03009466251,5108316599,true,true
softmax_1784950792991_softmax_full_f16io_f32acc_ptx_ex2_approx_f16_r0,softmax_oratc_targeted_g48s1024_confirm_v1_20260725_sess02_pos3_ptx_f16_g48_s1024_cache_reuse_candidate_probe_ptx_f16_g48_s00_p00,full,0,1,17,139524.853394,139524.854704,139524.854049,0.0013098079944,8.53160038101,5108438491,true,true
softmax_1784950792991_softmax_full_f16io_f32acc_ptx_ex2_approx_f16_r0,softmax_oratc_targeted_g48s1024_confirm_v1_20260725_sess02_pos3_ptx_f16_g48_s1024_cache_reuse_candidate_probe_ptx_f16_g48_s00_p00,full,0,1,18,139525.354894,139525.356224,139525.355559,0.0013300080027,9.033110338,5108560271,true,true
softmax_1784950792991_softmax_full_f16io_f32acc_ptx_ex2_approx_f16_r0,softmax_oratc_targeted_g48s1024_confirm_v1_20260725_sess02_pos3_ptx_f16_g48_s1024_cache_reuse_candidate_probe_ptx_f16_g48_s00_p00,full,0,1,19,139525.856339,139525.857693,139525.857016,0.00135360800778,9.534567681,5108681665,true,true
softmax_1784950792991_softmax_full_f16io_f32acc_ptx_ex2_approx_f16_r0,softmax_oratc_targeted_g48s1024_confirm_v1_20260725_sess02_pos3_ptx_f16_g48_s1024_cache_reuse_candidate_probe_ptx_f16_g48_s00_p00,full,0,1,20,139526.357808,139526.359154,139526.358481,0.00134570899536,10.0360323785,5108802489,true,true
softmax_1784950792991_softmax_full_f16io_f32acc_ptx_ex2_approx_f16_r0,softmax_oratc_targeted_g48s1024_confirm_v1_20260725_sess02_pos3_ptx_f16_g48_s1024_cache_reuse_candidate_probe_ptx_f16_g48_s00_p00,full,0,1,21,139526.85924,139526.860543,139526.859891,0.00130280799931,10.537442961,5108922774,true,true
softmax_1784950792991_softmax_full_f16io_f32acc_ptx_ex2_approx_f16_r0,softmax_oratc_targeted_g48s1024_confirm_v1_20260725_sess02_pos3_ptx_f16_g48_s1024_cache_reuse_candidate_probe_ptx_f16_g48_s00_p00,full,0,1,22,139527.360659,139527.363123,139527.361891,0.00246321599116,11.039442602,5109042409,true,true
softmax_1784950792991_softmax_full_f16io_f32acc_ptx_ex2_approx_f16_r0,softmax_oratc_targeted_g48s1024_confirm_v1_20260725_sess02_pos3_ptx_f16_g48_s1024_cache_reuse_candidate_probe_ptx_f16_g48_s00_p00,full,0,1,23,139527.863215,139527.864617,139527.863916,0.00140260902117,11.5414675285,5109161573,true,false
softmax_1784950792991_softmax_full_f16io_f32acc_ptx_ex2_approx_f16_r0,softmax_oratc_targeted_g48s1024_confirm_v1_20260725_sess02_pos3_ptx_f16_g48_s1024_cache_reuse_candidate_probe_ptx_f16_g48_s00_p00,full,0,1,24,139528.364746,139528.366168,139528.365457,0.00142180899275,12.0430087565,5109279636,true,false
softmax_1784950792991_softmax_full_f16io_f32acc_ptx_ex2_approx_f16_r0,softmax_oratc_targeted_g48s1024_confirm_v1_20260725_sess02_pos3_ptx_f16_g48_s1024_cache_reuse_candidate_probe_ptx_f16_g48_s00_p00,full,0,1,25,139528.667718,139528.670597,139528.669157,0.0028786190087,12.3467090625,5109335499,true,false
softmax_1784950805348_softmax_full_f16io_f32acc_ptx_ex2_approx_f16_r0,softmax_oratc_targeted_g48s1024_confirm_v1_20260725_sess02_pos3_ptx_f16_g48_s1024_cache_reuse_candidate_probe_ptx_f16_g48_s00_p00,probe_after,0,2,0,139528.678183,139528.679384,139528.678784,0.00120100798085,-0.000608203990851,5109335499,false,false
softmax_1784950805348_softmax_full_f16io_f32acc_ptx_ex2_approx_f16_r0,softmax_oratc_targeted_g48s1024_confirm_v1_20260725_sess02_pos3_ptx_f16_g48_s1024_cache_reuse_candidate_probe_ptx_f16_g48_s00_p00,probe_after,0,2,1,139529.179649,139529.181019,139529.180334,0.00136927500716,0.500941902515,5109450777,true,false
softmax_1784950805348_softmax_full_f16io_f32acc_ptx_ex2_approx_f16_r0,softmax_oratc_targeted_g48s1024_confirm_v1_20260725_sess02_pos3_ptx_f16_g48_s1024_cache_reuse_candidate_probe_ptx_f16_g48_s00_p00,probe_after,0,2,2,139529.681134,139529.682553,139529.681844,0.00141927498044,1.00245155452,5109570177,true,false
softmax_1784950805348_softmax_full_f16io_f32acc_ptx_ex2_approx_f16_r0,softmax_oratc_targeted_g48s1024_confirm_v1_20260725_sess02_pos3_ptx_f16_g48_s1024_cache_reuse_candidate_probe_ptx_f16_g48_s00_p00,probe_after,0,2,3,139530.182742,139530.184139,139530.18344,0.00139717501588,1.50404808251,5109689126,true,true
softmax_1784950805348_softmax_full_f16io_f32acc_ptx_ex2_approx_f16_r0,softmax_oratc_targeted_g48s1024_confirm_v1_20260725_sess02_pos3_ptx_f16_g48_s1024_cache_reuse_candidate_probe_ptx_f16_g48_s00_p00,probe_after,0,2,4,139530.684285,139530.685698,139530.684991,0.001413674996,2.00559937349,5109807508,true,true
softmax_1784950805348_softmax_full_f16io_f32acc_ptx_ex2_approx_f16_r0,softmax_oratc_targeted_g48s1024_confirm_v1_20260725_sess02_pos3_ptx_f16_g48_s1024_cache_reuse_candidate_probe_ptx_f16_g48_s00_p00,probe_after,0,2,5,139531.185812,139531.18957,139531.187691,0.00375833301223,2.50829877151,5109925296,true,true
softmax_1784950805348_softmax_full_f16io_f32acc_ptx_ex2_approx_f16_r0,softmax_oratc_targeted_g48s1024_confirm_v1_20260725_sess02_pos3_ptx_f16_g48_s1024_cache_reuse_candidate_probe_ptx_f16_g48_s00_p00,probe_after,0,2,6,139531.689731,139531.691112,139531.690421,0.00138120702468,3.01102938451,5110046892,true,true
softmax_1784950805348_softmax_full_f16io_f32acc_ptx_ex2_approx_f16_r0,softmax_oratc_targeted_g48s1024_confirm_v1_20260725_sess02_pos3_ptx_f16_g48_s1024_cache_reuse_candidate_probe_ptx_f16_g48_s00_p00,probe_after,0,2,7,139532.19124,139532.192701,139532.191971,0.00146190798841,3.51257848501,5110168268,true,true
softmax_1784950805348_softmax_full_f16io_f32acc_ptx_ex2_approx_f16_r0,softmax_oratc_targeted_g48s1024_confirm_v1_20260725_sess02_pos3_ptx_f16_g48_s1024_cache_reuse_candidate_probe_ptx_f16_g48_s00_p00,probe_after,0,2,8,139532.692862,139532.694265,139532.693563,0.00140240698238,4.01417134952,5110289370,true,true
softmax_1784950805348_softmax_full_f16io_f32acc_ptx_ex2_approx_f16_r0,softmax_oratc_targeted_g48s1024_confirm_v1_20260725_sess02_pos3_ptx_f16_g48_s1024_cache_reuse_candidate_probe_ptx_f16_g48_s00_p00,probe_after,0,2,9,139533.194396,139533.195713,139533.195054,0.00131610600511,4.515662438,5110410254,true,true
softmax_1784950805348_softmax_full_f16io_f32acc_ptx_ex2_approx_f16_r0,softmax_oratc_targeted_g48s1024_confirm_v1_20260725_sess02_pos3_ptx_f16_g48_s1024_cache_reuse_candidate_probe_ptx_f16_g48_s00_p00,probe_after,0,2,10,139533.695828,139533.697244,139533.696536,0.00141620801878,5.01714419102,5110530914,true,true
softmax_1784950805348_softmax_full_f16io_f32acc_ptx_ex2_approx_f16_r0,softmax_oratc_targeted_g48s1024_confirm_v1_20260725_sess02_pos3_ptx_f16_g48_s1024_cache_reuse_candidate_probe_ptx_f16_g48_s00_p00,probe_after,0,2,11,139534.197369,139534.198753,139534.198061,0.00138360701385,5.51866891852,5110651085,true,true
softmax_1784950805348_softmax_full_f16io_f32acc_ptx_ex2_approx_f16_r0,softmax_oratc_targeted_g48s1024_confirm_v1_20260725_sess02_pos3_ptx_f16_g48_s1024_cache_reuse_candidate_probe_ptx_f16_g48_s00_p00,probe_after,0,2,12,139534.698916,139534.700308,139534.699612,0.00139160698745,6.02021971051,5110770760,true,true
softmax_1784950805348_softmax_full_f16io_f32acc_ptx_ex2_approx_f16_r0,softmax_oratc_targeted_g48s1024_confirm_v1_20260725_sess02_pos3_ptx_f16_g48_s1024_cache_reuse_candidate_probe_ptx_f16_g48_s00_p00,probe_after,0,2,13,139535.200469,139535.201808,139535.201139,0.00133870801073,6.521746577,5110889920,true,true
softmax_1784950805348_softmax_full_f16io_f32acc_ptx_ex2_approx_f16_r0,softmax_oratc_targeted_g48s1024_confirm_v1_20260725_sess02_pos3_ptx_f16_g48_s1024_cache_reuse_candidate_probe_ptx_f16_g48_s00_p00,probe_after,0,2,14,139535.70193,139535.703252,139535.702591,0.00132220701198,7.0231992075,5111008363,true,true
softmax_1784950805348_softmax_full_f16io_f32acc_ptx_ex2_approx_f16_r0,softmax_oratc_targeted_g48s1024_confirm_v1_20260725_sess02_pos3_ptx_f16_g48_s1024_cache_reuse_candidate_probe_ptx_f16_g48_s00_p00,probe_after,0,2,15,139536.203378,139536.208025,139536.205702,0.00464622597792,7.526309521,5111126475,true,true
softmax_1784950805348_softmax_full_f16io_f32acc_ptx_ex2_approx_f16_r0,softmax_oratc_targeted_g48s1024_confirm_v1_20260725_sess02_pos3_ptx_f16_g48_s1024_cache_reuse_candidate_probe_ptx_f16_g48_s00_p00,probe_after,0,2,16,139536.708194,139536.709585,139536.70889,0.00139060799847,8.02949749999,5111248510,true,true
softmax_1784950805348_softmax_full_f16io_f32acc_ptx_ex2_approx_f16_r0,softmax_oratc_targeted_g48s1024_confirm_v1_20260725_sess02_pos3_ptx_f16_g48_s1024_cache_reuse_candidate_probe_ptx_f16_g48_s00_p00,probe_after,0,2,17,139537.209714,139537.211072,139537.210393,0.00135758900433,8.53100111353,5111370379,true,true
softmax_1784950805348_softmax_full_f16io_f32acc_ptx_ex2_approx_f16_r0,softmax_oratc_targeted_g48s1024_confirm_v1_20260725_sess02_pos3_ptx_f16_g48_s1024_cache_reuse_candidate_probe_ptx_f16_g48_s00_p00,probe_after,0,2,18,139537.711201,139537.712589,139537.711895,0.00138828900526,9.03250312549,5111491960,true,true
softmax_1784950805348_softmax_full_f16io_f32acc_ptx_ex2_approx_f16_r0,softmax_oratc_targeted_g48s1024_confirm_v1_20260725_sess02_pos3_ptx_f16_g48_s1024_cache_reuse_candidate_probe_ptx_f16_g48_s00_p00,probe_after,0,2,19,139538.212704,139538.214098,139538.213401,0.00139468899579,9.53400880948,5111613064,true,true
softmax_1784950805348_softmax_full_f16io_f32acc_ptx_ex2_approx_f16_r0,softmax_oratc_targeted_g48s1024_confirm_v1_20260725_sess02_pos3_ptx_f16_g48_s1024_cache_reuse_candidate_probe_ptx_f16_g48_s00_p00,probe_after,0,2,20,139538.714213,139538.715821,139538.715017,0.00160788799985,10.035624859,5111733580,true,true
softmax_1784950805348_softmax_full_f16io_f32acc_ptx_ex2_approx_f16_r0,softmax_oratc_targeted_g48s1024_confirm_v1_20260725_sess02_pos3_ptx_f16_g48_s1024_cache_reuse_candidate_probe_ptx_f16_g48_s00_p00,probe_after,0,2,21,139539.215976,139539.217827,139539.216902,0.00185088600847,10.537509828,5111853539,true,true
softmax_1784950805348_softmax_full_f16io_f32acc_ptx_ex2_approx_f16_r0,softmax_oratc_targeted_g48s1024_confirm_v1_20260725_sess02_pos3_ptx_f16_g48_s1024_cache_reuse_candidate_probe_ptx_f16_g48_s00_p00,probe_after,0,2,22,139539.717953,139539.719309,139539.718631,0.00135598998168,11.039239115,5111972764,true,true
softmax_1784950805348_softmax_full_f16io_f32acc_ptx_ex2_approx_f16_r0,softmax_oratc_targeted_g48s1024_confirm_v1_20260725_sess02_pos3_ptx_f16_g48_s1024_cache_reuse_candidate_probe_ptx_f16_g48_s00_p00,probe_after,0,2,23,139540.219437,139540.220719,139540.220078,0.00128210597904,11.540685965,5112116153,true,false
softmax_1784950805348_softmax_full_f16io_f32acc_ptx_ex2_approx_f16_r0,softmax_oratc_targeted_g48s1024_confirm_v1_20260725_sess02_pos3_ptx_f16_g48_s1024_cache_reuse_candidate_probe_ptx_f16_g48_s00_p00,probe_after,0,2,24,139540.720934,139540.722226,139540.72158,0.00129140698118,12.0421879455,5112237351,true,false
softmax_1784950805348_softmax_full_f16io_f32acc_ptx_ex2_approx_f16_r0,softmax_oratc_targeted_g48s1024_confirm_v1_20260725_sess02_pos3_ptx_f16_g48_s1024_cache_reuse_candidate_probe_ptx_f16_g48_s00_p00,probe_after,0,2,25,139541.039244,139541.040637,139541.039941,0.00139250699431,12.3605485515,5112294725,true,false
softmax_1784950817720_softmax_full_f16io_f32acc_ptx_ex2_approx_f16_r1,softmax_oratc_targeted_g48s1024_confirm_v1_20260725_sess02_pos3_ptx_f16_g48_s1024_cache_reuse_candidate_probe_ptx_f16_g48_s00_p01,full_before,1,0,0,139541.050435,139541.051613,139541.051024,0.00117860597675,-0.000597602978814,5112294725,false,false
softmax_1784950817720_softmax_full_f16io_f32acc_ptx_ex2_approx_f16_r1,softmax_oratc_targeted_g48s1024_confirm_v1_20260725_sess02_pos3_ptx_f16_g48_s1024_cache_reuse_candidate_probe_ptx_f16_g48_s00_p01,full_before,1,0,1,139541.551901,139541.553254,139541.552578,0.00135290698381,0.500956135511,5112409585,true,false
softmax_1784950817720_softmax_full_f16io_f32acc_ptx_ex2_approx_f16_r1,softmax_oratc_targeted_g48s1024_confirm_v1_20260725_sess02_pos3_ptx_f16_g48_s1024_cache_reuse_candidate_probe_ptx_f16_g48_s00_p01,full_before,1,0,2,139542.053383,139542.054715,139542.054049,0.00133210700005,1.00242717352,5112530588,true,false
softmax_1784950817720_softmax_full_f16io_f32acc_ptx_ex2_approx_f16_r1,softmax_oratc_targeted_g48s1024_confirm_v1_20260725_sess02_pos3_ptx_f16_g48_s1024_cache_reuse_candidate_probe_ptx_f16_g48_s00_p01,full_before,1,0,3,139542.554832,139542.556227,139542.55553,0.00139550698805,1.50390774949,5112651099,true,true
softmax_1784950817720_softmax_full_f16io_f32acc_ptx_ex2_approx_f16_r1,softmax_oratc_targeted_g48s1024_confirm_v1_20260725_sess02_pos3_ptx_f16_g48_s1024_cache_reuse_candidate_probe_ptx_f16_g48_s00_p01,full_before,1,0,4,139543.056378,139543.058978,139543.057678,0.00259991397616,2.00605577801,5112771048,true,true
softmax_1784950817720_softmax_full_f16io_f32acc_ptx_ex2_approx_f16_r1,softmax_oratc_targeted_g48s1024_confirm_v1_20260725_sess02_pos3_ptx_f16_g48_s1024_cache_reuse_candidate_probe_ptx_f16_g48_s00_p01,full_before,1,0,5,139543.559131,139543.560611,139543.559871,0.00148050798452,2.50824914599,5112890281,true,true
softmax_1784950817720_softmax_full_f16io_f32acc_ptx_ex2_approx_f16_r1,softmax_oratc_targeted_g48s1024_confirm_v1_20260725_sess02_pos3_ptx_f16_g48_s1024_cache_reuse_candidate_probe_ptx_f16_g48_s00_p01,full_before,1,0,6,139544.060768,139544.065817,139544.063292,0.0050490279973,3.01167031802,5113008886,true,true
softmax_1784950817720_softmax_full_f16io_f32acc_ptx_ex2_approx_f16_r1,softmax_oratc_targeted_g48s1024_confirm_v1_20260725_sess02_pos3_ptx_f16_g48_s1024_cache_reuse_candidate_probe_ptx_f16_g48_s00_p01,full_before,1,0,7,139544.565973,139544.567328,139544.566651,0.00135500798933,3.51502918001,5113131277,true,true
softmax_1784950817720_softmax_full_f16io_f32acc_ptx_ex2_approx_f16_r1,softmax_oratc_targeted_g48s1024_confirm_v1_20260725_sess02_pos3_ptx_f16_g48_s1024_cache_reuse_candidate_probe_ptx_f16_g48_s00_p01,full_before,1,0,8,139545.067451,139545.068782,139545.068117,0.00133160399855,4.01649475103,5113253411,true,true
softmax_1784950817720_softmax_full_f16io_f32acc_ptx_ex2_approx_f16_r1,softmax_oratc_targeted_g48s1024_confirm_v1_20260725_sess02_pos3_ptx_f16_g48_s1024_cache_reuse_candidate_probe_ptx_f16_g48_s00_p01,full_before,1,0,9,139545.568939,139545.570337,139545.569638,0.00139770499663,4.51801625852,5113375353,true,true
softmax_1784950817720_softmax_full_f16io_f32acc_ptx_ex2_approx_f16_r1,softmax_oratc_targeted_g48s1024_confirm_v1_20260725_sess02_pos3_ptx_f16_g48_s1024_cache_reuse_candidate_probe_ptx_f16_g48_s00_p01,full_before,1,0,10,139546.070485,139546.071854,139546.07117,0.0013688049803,5.01954791253,5113497102,true,true
softmax_1784950817720_softmax_full_f16io_f32acc_ptx_ex2_approx_f16_r1,softmax_oratc_targeted_g48s1024_confirm_v1_20260725_sess02_pos3_ptx_f16_g48_s1024_cache_reuse_candidate_probe_ptx_f16_g48_s00_p01,full_before,1,0,11,139546.572054,139546.573556,139546.572805,0.00150230500731,5.52118340752,5113618264,true,true
softmax_1784950817720_softmax_full_f16io_f32acc_ptx_ex2_approx_f16_r1,softmax_oratc_targeted_g48s1024_confirm_v1_20260725_sess02_pos3_ptx_f16_g48_s1024_cache_reuse_candidate_probe_ptx_f16_g48_s00_p01,full_before,1,0,12,139547.073715,139547.075109,139547.074412,0.00139400397893,6.02279034801,5113738788,true,true
softmax_1784950817720_softmax_full_f16io_f32acc_ptx_ex2_approx_f16_r1,softmax_oratc_targeted_g48s1024_confirm_v1_20260725_sess02_pos3_ptx_f16_g48_s1024_cache_reuse_candidate_probe_ptx_f16_g48_s00_p01,full_before,1,0,13,139547.575268,139547.576602,139547.575935,0.00133410500712,6.52431312948,5113858801,true,true
softmax_1784950817720_softmax_full_f16io_f32acc_ptx_ex2_approx_f16_r1,softmax_oratc_targeted_g48s1024_confirm_v1_20260725_sess02_pos3_ptx_f16_g48_s1024_cache_reuse_candidate_probe_ptx_f16_g48_s00_p01,full_before,1,0,14,139548.076776,139548.078176,139548.077476,0.00140030498733,7.02585400653,5113978171,true,true
softmax_1784950817720_softmax_full_f16io_f32acc_ptx_ex2_approx_f16_r1,softmax_oratc_targeted_g48s1024_confirm_v1_20260725_sess02_pos3_ptx_f16_g48_s1024_cache_reuse_candidate_probe_ptx_f16_g48_s00_p01,full_before,1,0,15,139548.578332,139548.579729,139548.57903,0.00139720499283,7.5274084745,5114097181,true,true
softmax_1784950817720_softmax_full_f16io_f32acc_ptx_ex2_approx_f16_r1,softmax_oratc_targeted_g48s1024_confirm_v1_20260725_sess02_pos3_ptx_f16_g48_s1024_cache_reuse_candidate_probe_ptx_f16_g48_s00_p01,full_before,1,0,16,139549.079859,139549.084025,139549.081942,0.00416651400155,8.03031999199,5114216061,true,true
softmax_1784950817720_softmax_full_f16io_f32acc_ptx_ex2_approx_f16_r1,softmax_oratc_targeted_g48s1024_confirm_v1_20260725_sess02_pos3_ptx_f16_g48_s1024_cache_reuse_candidate_probe_ptx_f16_g48_s00_p01,full_before,1,0,17,139549.584192,139549.58558,139549.584886,0.00138820501161,8.53326395253,5114339020,true,true
softmax_1784950817720_softmax_full_f16io_f32acc_ptx_ex2_approx_f16_r1,softmax_oratc_targeted_g48s1024_confirm_v1_20260725_sess02_pos3_ptx_f16_g48_s1024_cache_reuse_candidate_probe_ptx_f16_g48_s00_p01,full_before,1,0,18,139550.085728,139550.087119,139550.086424,0.00139150500763,9.0348019505,5114461606,true,true
softmax_1784950817720_softmax_full_f16io_f32acc_ptx_ex2_approx_f16_r1,softmax_oratc_targeted_g48s1024_confirm_v1_20260725_sess02_pos3_ptx_f16_g48_s1024_cache_reuse_candidate_probe_ptx_f16_g48_s00_p01,full_before,1,0,19,139550.587242,139550.58863,139550.587936,0.00138720599352,9.536314192,5114583620,true,true
softmax_1784950817720_softmax_full_f16io_f32acc_ptx_ex2_approx_f16_r1,softmax_oratc_targeted_g48s1024_confirm_v1_20260725_sess02_pos3_ptx_f16_g48_s1024_cache_reuse_candidate_probe_ptx_f16_g48_s00_p01,full_before,1,0,20,139551.088778,139551.090124,139551.089451,0.00134600498131,10.0378295265,5114705054,true,true
softmax_1784950817720_softmax_full_f16io_f32acc_ptx_ex2_approx_f16_r1,softmax_oratc_targeted_g48s1024_confirm_v1_20260725_sess02_pos3_ptx_f16_g48_s1024_cache_reuse_candidate_probe_ptx_f16_g48_s00_p01,full_before,1,0,21,139551.590257,139551.591641,139551.590949,0.00138350602356,10.539327354,5114825877,true,true
softmax_1784950817720_softmax_full_f16io_f32acc_ptx_ex2_approx_f16_r1,softmax_oratc_targeted_g48s1024_confirm_v1_20260725_sess02_pos3_ptx_f16_g48_s1024_cache_reuse_candidate_probe_ptx_f16_g48_s00_p01,full_before,1,0,22,139552.091797,139552.09319,139552.092494,0.00139320499147,11.0408718235,5114946028,true,true
softmax_1784950817720_softmax_full_f16io_f32acc_ptx_ex2_approx_f16_r1,softmax_oratc_targeted_g48s1024_confirm_v1_20260725_sess02_pos3_ptx_f16_g48_s1024_cache_reuse_candidate_probe_ptx_f16_g48_s00_p01,full_before,1,0,23,139552.593341,139552.594743,139552.594042,0.00140200601891,11.542420387,5115065875,true,false
softmax_1784950817720_softmax_full_f16io_f32acc_ptx_ex2_approx_f16_r1,softmax_oratc_targeted_g48s1024_confirm_v1_20260725_sess02_pos3_ptx_f16_g48_s1024_cache_reuse_candidate_probe_ptx_f16_g48_s00_p01,full_before,1,0,24,139553.0949,139553.096266,139553.095583,0.00136610100162,12.0439614645,5115184973,true,false
softmax_1784950817720_softmax_full_f16io_f32acc_ptx_ex2_approx_f16_r1,softmax_oratc_targeted_g48s1024_confirm_v1_20260725_sess02_pos3_ptx_f16_g48_s1024_cache_reuse_candidate_probe_ptx_f16_g48_s00_p01,full_before,1,0,25,139553.395392,139553.396764,139553.396078,0.00137190101668,12.3444563575,5115243514,true,false
softmax_1784950830076_softmax_full_f16io_f32acc_ptx_ex2_approx_f16_r1,softmax_oratc_targeted_g48s1024_confirm_v1_20260725_sess02_pos3_ptx_f16_g48_s1024_cache_reuse_candidate_probe_ptx_f16_g48_s00_p01,probe_middle,1,1,0,139553.40636,139553.407516,139553.406938,0.00115690100938,-0.000584950495977,5115243514,false,false
softmax_1784950830076_softmax_full_f16io_f32acc_ptx_ex2_approx_f16_r1,softmax_oratc_targeted_g48s1024_confirm_v1_20260725_sess02_pos3_ptx_f16_g48_s1024_cache_reuse_candidate_probe_ptx_f16_g48_s00_p01,probe_middle,1,1,1,139553.907827,139553.909165,139553.908496,0.00133840099443,0.500973290502,5115354394,true,false
softmax_1784950830076_softmax_full_f16io_f32acc_ptx_ex2_approx_f16_r1,softmax_oratc_targeted_g48s1024_confirm_v1_20260725_sess02_pos3_ptx_f16_g48_s1024_cache_reuse_candidate_probe_ptx_f16_g48_s00_p01,probe_middle,1,1,2,139554.409306,139554.410685,139554.409996,0.00137940197601,1.00247259499,5115475093,true,false
softmax_1784950830076_softmax_full_f16io_f32acc_ptx_ex2_approx_f16_r1,softmax_oratc_targeted_g48s1024_confirm_v1_20260725_sess02_pos3_ptx_f16_g48_s1024_cache_reuse_candidate_probe_ptx_f16_g48_s00_p01,probe_middle,1,1,3,139554.910836,139554.91258,139554.911708,0.00174350201269,1.504184922,5115595198,true,true
softmax_1784950830076_softmax_full_f16io_f32acc_ptx_ex2_approx_f16_r1,softmax_oratc_targeted_g48s1024_confirm_v1_20260725_sess02_pos3_ptx_f16_g48_s1024_cache_reuse_candidate_probe_ptx_f16_g48_s00_p01,probe_middle,1,1,4,139555.412709,139555.414076,139555.413392,0.00136760098394,2.00586946151,5115714746,true,true
softmax_1784950830076_softmax_full_f16io_f32acc_ptx_ex2_approx_f16_r1,softmax_oratc_targeted_g48s1024_confirm_v1_20260725_sess02_pos3_ptx_f16_g48_s1024_cache_reuse_candidate_probe_ptx_f16_g48_s00_p01,probe_middle,1,1,5,139555.91421,139555.91556,139555.914885,0.00134970198269,2.50736187302,5115833783,true,true
softmax_1784950830076_softmax_full_f16io_f32acc_ptx_ex2_approx_f16_r1,softmax_oratc_targeted_g48s1024_confirm_v1_20260725_sess02_pos3_ptx_f16_g48_s1024_cache_reuse_candidate_probe_ptx_f16_g48_s00_p01,probe_middle,1,1,6,139556.415685,139556.416982,139556.416333,0.00129620198277,3.00881049802,5115976876,true,true
softmax_1784950830076_softmax_full_f16io_f32acc_ptx_ex2_approx_f16_r1,softmax_oratc_targeted_g48s1024_confirm_v1_20260725_sess02_pos3_ptx_f16_g48_s1024_cache_reuse_candidate_probe_ptx_f16_g48_s00_p01,probe_middle,1,1,7,139556.917124,139556.921797,139556.919461,0.00467310598469,3.51193799599,5116099621,true,true
softmax_1784950830076_softmax_full_f16io_f32acc_ptx_ex2_approx_f16_r1,softmax_oratc_targeted_g48s1024_confirm_v1_20260725_sess02_pos3_ptx_f16_g48_s1024_cache_reuse_candidate_probe_ptx_f16_g48_s00_p01,probe_middle,1,1,8,139557.421924,139557.423334,139557.422629,0.00140990200453,4.015106459,5116221810,true,true
softmax_1784950830076_softmax_full_f16io_f32acc_ptx_ex2_approx_f16_r1,softmax_oratc_targeted_g48s1024_confirm_v1_20260725_sess02_pos3_ptx_f16_g48_s1024_cache_reuse_candidate_probe_ptx_f16_g48_s00_p01,probe_middle,1,1,9,139557.923454,139557.924841,139557.924147,0.00138700200478,4.51662414,5116343722,true,true
softmax_1784950830076_softmax_full_f16io_f32acc_ptx_ex2_approx_f16_r1,softmax_oratc_targeted_g48s1024_confirm_v1_20260725_sess02_pos3_ptx_f16_g48_s1024_cache_reuse_candidate_probe_ptx_f16_g48_s00_p01,probe_middle,1,1,10,139558.424972,139558.426371,139558.425671,0.00139950201265,5.01814843502,5116465412,true,true
softmax_1784950830076_softmax_full_f16io_f32acc_ptx_ex2_approx_f16_r1,softmax_oratc_targeted_g48s1024_confirm_v1_20260725_sess02_pos3_ptx_f16_g48_s1024_cache_reuse_candidate_probe_ptx_f16_g48_s00_p01,probe_middle,1,1,11,139558.926487,139558.92788,139558.927184,0.00139300900628,5.51966059548,5116586473,true,true
softmax_1784950830076_softmax_full_f16io_f32acc_ptx_ex2_approx_f16_r1,softmax_oratc_targeted_g48s1024_confirm_v1_20260725_sess02_pos3_ptx_f16_g48_s1024_cache_reuse_candidate_probe_ptx_f16_g48_s00_p01,probe_middle,1,1,12,139559.428022,139559.429339,139559.428681,0.00131700898055,6.0211579985,5116707038,true,true
softmax_1784950830076_softmax_full_f16io_f32acc_ptx_ex2_approx_f16_r1,softmax_oratc_targeted_g48s1024_confirm_v1_20260725_sess02_pos3_ptx_f16_g48_s1024_cache_reuse_candidate_probe_ptx_f16_g48_s00_p01,probe_middle,1,1,13,139559.929457,139559.93086,139559.930159,0.00140340998769,6.52263587,5116827071,true,true
softmax_1784950830076_softmax_full_f16io_f32acc_ptx_ex2_approx_f16_r1,softmax_oratc_targeted_g48s1024_confirm_v1_20260725_sess02_pos3_ptx_f16_g48_s1024_cache_reuse_candidate_probe_ptx_f16_g48_s00_p01,probe_middle,1,1,14,139560.430987,139560.432341,139560.431664,0.00135360899731,7.02414125748,5116946478,true,true
softmax_1784950830076_softmax_full_f16io_f32acc_ptx_ex2_approx_f16_r1,softmax_oratc_targeted_g48s1024_confirm_v1_20260725_sess02_pos3_ptx_f16_g48_s1024_cache_reuse_candidate_probe_ptx_f16_g48_s00_p01,probe_middle,1,1,15,139560.932495,139560.93388,139560.933187,0.00138479299494,7.52566419353,5117065642,true,true
softmax_1784950830076_softmax_full_f16io_f32acc_ptx_ex2_approx_f16_r1,softmax_oratc_targeted_g48s1024_confirm_v1_20260725_sess02_pos3_ptx_f16_g48_s1024_cache_reuse_candidate_probe_ptx_f16_g48_s00_p01,probe_middle,1,1,16,139561.43401,139561.435452,139561.434731,0.00144209299469,8.02720839251,5117184688,true,true
softmax_1784950830076_softmax_full_f16io_f32acc_ptx_ex2_approx_f16_r1,softmax_oratc_targeted_g48s1024_confirm_v1_20260725_sess02_pos3_ptx_f16_g48_s1024_cache_reuse_candidate_probe_ptx_f16_g48_s00_p01,probe_middle,1,1,17,139561.935639,139561.940037,139561.937838,0.00439807999646,8.53031490202,5117303358,true,true
softmax_1784950830076_softmax_full_f16io_f32acc_ptx_ex2_approx_f16_r1,softmax_oratc_targeted_g48s1024_confirm_v1_20260725_sess02_pos3_ptx_f16_g48_s1024_cache_reuse_candidate_probe_ptx_f16_g48_s00_p01,probe_middle,1,1,18,139562.440152,139562.441557,139562.440854,0.00140549402568,9.03333153002,5117425994,true,true
softmax_1784950830076_softmax_full_f16io_f32acc_ptx_ex2_approx_f16_r1,softmax_oratc_targeted_g48s1024_confirm_v1_20260725_sess02_pos3_ptx_f16_g48_s1024_cache_reuse_candidate_probe_ptx_f16_g48_s00_p01,probe_middle,1,1,19,139562.941681,139562.943066,139562.942373,0.00138509401586,9.53485023,5117548066,true,true
softmax_1784950830076_softmax_full_f16io_f32acc_ptx_ex2_approx_f16_r1,softmax_oratc_targeted_g48s1024_confirm_v1_20260725_sess02_pos3_ptx_f16_g48_s1024_cache_reuse_candidate_probe_ptx_f16_g48_s00_p01,probe_middle,1,1,20,139563.443206,139563.444555,139563.44388,0.00134859399986,10.036357399,5117669565,true,true
softmax_1784950830076_softmax_full_f16io_f32acc_ptx_ex2_approx_f16_r1,softmax_oratc_targeted_g48s1024_confirm_v1_20260725_sess02_pos3_ptx_f16_g48_s1024_cache_reuse_candidate_probe_ptx_f16_g48_s00_p01,probe_middle,1,1,21,139563.944717,139563.946105,139563.945411,0.00138819401036,10.537888083,5117790341,true,true
softmax_1784950830076_softmax_full_f16io_f32acc_ptx_ex2_approx_f16_r1,softmax_oratc_targeted_g48s1024_confirm_v1_20260725_sess02_pos3_ptx_f16_g48_s1024_cache_reuse_candidate_probe_ptx_f16_g48_s00_p01,probe_middle,1,1,22,139564.446258,139564.447656,139564.446957,0.00139849400148,11.039434135,5117910546,true,true
softmax_1784950830076_softmax_full_f16io_f32acc_ptx_ex2_approx_f16_r1,softmax_oratc_targeted_g48s1024_confirm_v1_20260725_sess02_pos3_ptx_f16_g48_s1024_cache_reuse_candidate_probe_ptx_f16_g48_s00_p01,probe_middle,1,1,23,139564.947825,139564.949216,139564.94852,0.00139109499287,11.5409973025,5118030448,true,false
softmax_1784950830076_softmax_full_f16io_f32acc_ptx_ex2_approx_f16_r1,softmax_oratc_targeted_g48s1024_confirm_v1_20260725_sess02_pos3_ptx_f16_g48_s1024_cache_reuse_candidate_probe_ptx_f16_g48_s00_p01,probe_middle,1,1,24,139565.44937,139565.4518,139565.450585,0.00242989000981,12.043061787,5118149128,true,false
softmax_1784950830076_softmax_full_f16io_f32acc_ptx_ex2_approx_f16_r1,softmax_oratc_targeted_g48s1024_confirm_v1_20260725_sess02_pos3_ptx_f16_g48_s1024_cache_reuse_candidate_probe_ptx_f16_g48_s00_p01,probe_middle,1,1,25,139565.773978,139565.779,139565.776489,0.00502207997488,12.36896642,5118205487,true,false
softmax_1784950842457_softmax_full_f16io_f32acc_ptx_ex2_approx_f16_r1,softmax_oratc_targeted_g48s1024_confirm_v1_20260725_sess02_pos3_ptx_f16_g48_s1024_cache_reuse_candidate_probe_ptx_f16_g48_s00_p01,full_after,1,2,0,139565.78715,139565.788341,139565.787745,0.00119109501247,-0.000601847481448,5118205487,false,false
softmax_1784950842457_softmax_full_f16io_f32acc_ptx_ex2_approx_f16_r1,softmax_oratc_targeted_g48s1024_confirm_v1_20260725_sess02_pos3_ptx_f16_g48_s1024_cache_reuse_candidate_probe_ptx_f16_g48_s00_p01,full_after,1,2,1,139566.288708,139566.290088,139566.289398,0.00138020800659,0.501051138999,5118319703,true,false
softmax_1784950842457_softmax_full_f16io_f32acc_ptx_ex2_approx_f16_r1,softmax_oratc_targeted_g48s1024_confirm_v1_20260725_sess02_pos3_ptx_f16_g48_s1024_cache_reuse_candidate_probe_ptx_f16_g48_s00_p01,full_after,1,2,2,139566.79021,139566.791629,139566.790919,0.00141810998321,1.002572561,5118439720,true,false
softmax_1784950842457_softmax_full_f16io_f32acc_ptx_ex2_approx_f16_r1,softmax_oratc_targeted_g48s1024_confirm_v1_20260725_sess02_pos3_ptx_f16_g48_s1024_cache_reuse_candidate_probe_ptx_f16_g48_s00_p01,full_after,1,2,3,139567.291776,139567.293198,139567.292487,0.00142190899351,1.50414014049,5118559280,true,true
softmax_1784950842457_softmax_full_f16io_f32acc_ptx_ex2_approx_f16_r1,softmax_oratc_targeted_g48s1024_confirm_v1_20260725_sess02_pos3_ptx_f16_g48_s1024_cache_reuse_candidate_probe_ptx_f16_g48_s00_p01,full_after,1,2,4,139567.793358,139567.798428,139567.795893,0.00507003400708,2.007546059,5118678163,true,true
softmax_1784950842457_softmax_full_f16io_f32acc_ptx_ex2_approx_f16_r1,softmax_oratc_targeted_g48s1024_confirm_v1_20260725_sess02_pos3_ptx_f16_g48_s1024_cache_reuse_candidate_probe_ptx_f16_g48_s00_p01,full_after,1,2,5,139568.298561,139568.29997,139568.299266,0.00140880901017,2.51091893349,5118800448,true,true
softmax_1784950842457_softmax_full_f16io_f32acc_ptx_ex2_approx_f16_r1,softmax_oratc_targeted_g48s1024_confirm_v1_20260725_sess02_pos3_ptx_f16_g48_s1024_cache_reuse_candidate_probe_ptx_f16_g48_s00_p01,full_after,1,2,6,139568.800099,139568.801445,139568.800772,0.00134600899764,3.01242517249,5118922347,true,true
softmax_1784950842457_softmax_full_f16io_f32acc_ptx_ex2_approx_f16_r1,softmax_oratc_targeted_g48s1024_confirm_v1_20260725_sess02_pos3_ptx_f16_g48_s1024_cache_reuse_candidate_probe_ptx_f16_g48_s00_p01,full_after,1,2,7,139569.301619,139569.303049,139569.302334,0.00143016400398,3.513987354,5119044092,true,true
softmax_1784950842457_softmax_full_f16io_f32acc_ptx_ex2_approx_f16_r1,softmax_oratc_targeted_g48s1024_confirm_v1_20260725_sess02_pos3_ptx_f16_g48_s1024_cache_reuse_candidate_probe_ptx_f16_g48_s00_p01,full_after,1,2,8,139569.803164,139569.804546,139569.803855,0.00138246599818,4.015508282,5119165619,true,true
softmax_1784950842457_softmax_full_f16io_f32acc_ptx_ex2_approx_f16_r1,softmax_oratc_targeted_g48s1024_confirm_v1_20260725_sess02_pos3_ptx_f16_g48_s1024_cache_reuse_candidate_probe_ptx_f16_g48_s00_p01,full_after,1,2,9,139570.304673,139570.30606,139570.305366,0.00138726600562,4.51701926603,5119286931,true,true
softmax_1784950842457_softmax_full_f16io_f32acc_ptx_ex2_approx_f16_r1,softmax_oratc_targeted_g48s1024_confirm_v1_20260725_sess02_pos3_ptx_f16_g48_s1024_cache_reuse_candidate_probe_ptx_f16_g48_s00_p01,full_after,1,2,10,139570.806182,139570.807936,139570.807059,0.00175435698475,5.01871197252,5119407962,true,true
softmax_1784950842457_softmax_full_f16io_f32acc_ptx_ex2_approx_f16_r1,softmax_oratc_targeted_g48s1024_confirm_v1_20260725_sess02_pos3_ptx_f16_g48_s1024_cache_reuse_candidate_probe_ptx_f16_g48_s00_p01,full_after,1,2,11,139571.308046,139571.309528,139571.308787,0.00148216300295,5.52043973352,5119528337,true,true
softmax_1784950842457_softmax_full_f16io_f32acc_ptx_ex2_approx_f16_r1,softmax_oratc_targeted_g48s1024_confirm_v1_20260725_sess02_pos3_ptx_f16_g48_s1024_cache_reuse_candidate_probe_ptx_f16_g48_s00_p01,full_after,1,2,12,139571.809642,139571.810955,139571.810299,0.00131280699861,6.02195159852,5119672693,true,true
softmax_1784950842457_softmax_full_f16io_f32acc_ptx_ex2_approx_f16_r1,softmax_oratc_targeted_g48s1024_confirm_v1_20260725_sess02_pos3_ptx_f16_g48_s1024_cache_reuse_candidate_probe_ptx_f16_g48_s00_p01,full_after,1,2,13,139572.311087,139572.312368,139572.311727,0.0012810069893,6.52338019852,5119796105,true,true
softmax_1784950842457_softmax_full_f16io_f32acc_ptx_ex2_approx_f16_r1,softmax_oratc_targeted_g48s1024_confirm_v1_20260725_sess02_pos3_ptx_f16_g48_s1024_cache_reuse_candidate_probe_ptx_f16_g48_s00_p01,full_after,1,2,14,139572.812496,139572.817222,139572.814859,0.00472672600881,7.02651213499,5119919144,true,true
softmax_1784950842457_softmax_full_f16io_f32acc_ptx_ex2_approx_f16_r1,softmax_oratc_targeted_g48s1024_confirm_v1_20260725_sess02_pos3_ptx_f16_g48_s1024_cache_reuse_candidate_probe_ptx_f16_g48_s00_p01,full_after,1,2,15,139573.317344,139573.318752,139573.318048,0.00140830798773,7.52970092601,5120041521,true,true
softmax_1784950842457_softmax_full_f16io_f32acc_ptx_ex2_approx_f16_r1,softmax_oratc_targeted_g48s1024_confirm_v1_20260725_sess02_pos3_ptx_f16_g48_s1024_cache_reuse_candidate_probe_ptx_f16_g48_s00_p01,full_after,1,2,16,139573.81887,139573.820252,139573.819561,0.00138260799577,8.03121423698,5120163781,true,true
softmax_1784950842457_softmax_full_f16io_f32acc_ptx_ex2_approx_f16_r1,softmax_oratc_targeted_g48s1024_confirm_v1_20260725_sess02_pos3_ptx_f16_g48_s1024_cache_reuse_candidate_probe_ptx_f16_g48_s00_p01,full_after,1,2,17,139574.320387,139574.32169,139574.321038,0.00130280700978,8.5326913005,5120285851,true,true
softmax_1784950842457_softmax_full_f16io_f32acc_ptx_ex2_approx_f16_r1,softmax_oratc_targeted_g48s1024_confirm_v1_20260725_sess02_pos3_ptx_f16_g48_s1024_cache_reuse_candidate_probe_ptx_f16_g48_s00_p01,full_after,1,2,18,139574.821854,139574.823236,139574.822545,0.00138210799196,9.03419769398,5120407627,true,true
softmax_1784950842457_softmax_full_f16io_f32acc_ptx_ex2_approx_f16_r1,softmax_oratc_targeted_g48s1024_confirm_v1_20260725_sess02_pos3_ptx_f16_g48_s1024_cache_reuse_candidate_probe_ptx_f16_g48_s00_p01,full_after,1,2,19,139575.32336,139575.324725,139575.324042,0.00136520797969,9.53569549002,5120528817,true,true
softmax_1784950842457_softmax_full_f16io_f32acc_ptx_ex2_approx_f16_r1,softmax_oratc_targeted_g48s1024_confirm_v1_20260725_sess02_pos3_ptx_f16_g48_s1024_cache_reuse_candidate_probe_ptx_f16_g48_s00_p01,full_after,1,2,20,139575.824889,139575.826237,139575.825563,0.00134780799272,10.037215915,5120649486,true,true
softmax_1784950842457_softmax_full_f16io_f32acc_ptx_ex2_approx_f16_r1,softmax_oratc_targeted_g48s1024_confirm_v1_20260725_sess02_pos3_ptx_f16_g48_s1024_cache_reuse_candidate_probe_ptx_f16_g48_s00_p01,full_after,1,2,21,139576.326377,139576.327715,139576.327046,0.00133760701283,10.5386991425,5120769490,true,true
softmax_1784950842457_softmax_full_f16io_f32acc_ptx_ex2_approx_f16_r1,softmax_oratc_targeted_g48s1024_confirm_v1_20260725_sess02_pos3_ptx_f16_g48_s1024_cache_reuse_candidate_probe_ptx_f16_g48_s00_p01,full_after,1,2,22,139576.827876,139576.829265,139576.828571,0.00138830798096,11.0402237,5120888916,true,true
softmax_1784950842457_softmax_full_f16io_f32acc_ptx_ex2_approx_f16_r1,softmax_oratc_targeted_g48s1024_confirm_v1_20260725_sess02_pos3_ptx_f16_g48_s1024_cache_reuse_candidate_probe_ptx_f16_g48_s00_p01,full_after,1,2,23,139577.329391,139577.330775,139577.330083,0.00138337700628,11.5417361145,5121008145,true,false
softmax_1784950842457_softmax_full_f16io_f32acc_ptx_ex2_approx_f16_r1,softmax_oratc_targeted_g48s1024_confirm_v1_20260725_sess02_pos3_ptx_f16_g48_s1024_cache_reuse_candidate_probe_ptx_f16_g48_s00_p01,full_after,1,2,24,139577.830946,139577.835265,139577.833105,0.00431883201236,12.044758189,5121125979,true,false
softmax_1784950842457_softmax_full_f16io_f32acc_ptx_ex2_approx_f16_r1,softmax_oratc_targeted_g48s1024_confirm_v1_20260725_sess02_pos3_ptx_f16_g48_s1024_cache_reuse_candidate_probe_ptx_f16_g48_s00_p01,full_after,1,2,25,139578.133384,139578.134933,139578.134159,0.00154877500609,12.3458116665,5121184547,true,false
softmax_1784950854813_softmax_full_f16io_f32acc_ptx_ex2_approx_f16_r2,softmax_oratc_targeted_g48s1024_confirm_v1_20260725_sess02_pos3_ptx_f16_g48_s1024_cache_reuse_candidate_probe_ptx_f16_g48_s00_p02,full_before,2,0,0,139578.143183,139578.14438,139578.143782,0.00119738100329,-0.000609289505519,5121184547,false,false
softmax_1784950854813_softmax_full_f16io_f32acc_ptx_ex2_approx_f16_r2,softmax_oratc_targeted_g48s1024_confirm_v1_20260725_sess02_pos3_ptx_f16_g48_s1024_cache_reuse_candidate_probe_ptx_f16_g48_s00_p02,full_before,2,0,1,139578.644662,139578.647065,139578.645864,0.00240336201387,0.501472800999,5121302116,true,false
softmax_1784950854813_softmax_full_f16io_f32acc_ptx_ex2_approx_f16_r2,softmax_oratc_targeted_g48s1024_confirm_v1_20260725_sess02_pos3_ptx_f16_g48_s1024_cache_reuse_candidate_probe_ptx_f16_g48_s00_p02,full_before,2,0,2,139579.147194,139579.148588,139579.147891,0.00139417900937,1.00349982351,5121422000,true,false
softmax_1784950854813_softmax_full_f16io_f32acc_ptx_ex2_approx_f16_r2,softmax_oratc_targeted_g48s1024_confirm_v1_20260725_sess02_pos3_ptx_f16_g48_s1024_cache_reuse_candidate_probe_ptx_f16_g48_s00_p02,full_before,2,0,3,139579.648748,139579.650182,139579.649465,0.00143370701699,1.50507414551,5121541218,true,true
softmax_1784950854813_softmax_full_f16io_f32acc_ptx_ex2_approx_f16_r2,softmax_oratc_targeted_g48s1024_confirm_v1_20260725_sess02_pos3_ptx_f16_g48_s1024_cache_reuse_candidate_probe_ptx_f16_g48_s00_p02,full_before,2,0,4,139580.150343,139580.154561,139580.152452,0.00421822100179,2.00806106051,5121659728,true,true
softmax_1784950854813_softmax_full_f16io_f32acc_ptx_ex2_approx_f16_r2,softmax_oratc_targeted_g48s1024_confirm_v1_20260725_sess02_pos3_ptx_f16_g48_s1024_cache_reuse_candidate_probe_ptx_f16_g48_s00_p02,full_before,2,0,5,139580.654791,139580.656185,139580.655488,0.00139460698119,2.51109717748,5121781991,true,true
softmax_1784950854813_softmax_full_f16io_f32acc_ptx_ex2_approx_f16_r2,softmax_oratc_targeted_g48s1024_confirm_v1_20260725_sess02_pos3_ptx_f16_g48_s1024_cache_reuse_candidate_probe_ptx_f16_g48_s00_p02,full_before,2,0,6,139581.156352,139581.157716,139581.157034,0.00136370700784,3.01264326551,5121903884,true,true
softmax_1784950854813_softmax_full_f16io_f32acc_ptx_ex2_approx_f16_r2,softmax_oratc_targeted_g48s1024_confirm_v1_20260725_sess02_pos3_ptx_f16_g48_s1024_cache_reuse_candidate_probe_ptx_f16_g48_s00_p02,full_before,2,0,7,139581.657886,139581.659287,139581.658587,0.00140050699702,3.51419585649,5122025673,true,true
softmax_1784950854813_softmax_full_f16io_f32acc_ptx_ex2_approx_f16_r2,softmax_oratc_targeted_g48s1024_confirm_v1_20260725_sess02_pos3_ptx_f16_g48_s1024_cache_reuse_candidate_probe_ptx_f16_g48_s00_p02,full_before,2,0,8,139582.159425,139582.160858,139582.160142,0.00143310698331,4.01575087549,5122147270,true,true
softmax_1784950854813_softmax_full_f16io_f32acc_ptx_ex2_approx_f16_r2,softmax_oratc_targeted_g48s1024_confirm_v1_20260725_sess02_pos3_ptx_f16_g48_s1024_cache_reuse_candidate_probe_ptx_f16_g48_s00_p02,full_before,2,0,9,139582.661019,139582.662522,139582.661771,0.00150280800881,4.51737979701,5122268594,true,true
softmax_1784950854813_softmax_full_f16io_f32acc_ptx_ex2_approx_f16_r2,softmax_oratc_targeted_g48s1024_confirm_v1_20260725_sess02_pos3_ptx_f16_g48_s1024_cache_reuse_candidate_probe_ptx_f16_g48_s00_p02,full_before,2,0,10,139583.162685,139583.164186,139583.163436,0.00150090799434,5.01904484801,5122389496,true,true
softmax_1784950854813_softmax_full_f16io_f32acc_ptx_ex2_approx_f16_r2,softmax_oratc_targeted_g48s1024_confirm_v1_20260725_sess02_pos3_ptx_f16_g48_s1024_cache_reuse_candidate_probe_ptx_f16_g48_s00_p02,full_before,2,0,11,139583.664326,139583.665776,139583.665051,0.00144990801346,5.520659801,5122509826,true,true
softmax_1784950854813_softmax_full_f16io_f32acc_ptx_ex2_approx_f16_r2,softmax_oratc_targeted_g48s1024_confirm_v1_20260725_sess02_pos3_ptx_f16_g48_s1024_cache_reuse_candidate_probe_ptx_f16_g48_s00_p02,full_before,2,0,12,139584.165941,139584.167366,139584.166654,0.00142530800076,6.02226268101,5122629411,true,true
softmax_1784950854813_softmax_full_f16io_f32acc_ptx_ex2_approx_f16_r2,softmax_oratc_targeted_g48s1024_confirm_v1_20260725_sess02_pos3_ptx_f16_g48_s1024_cache_reuse_candidate_probe_ptx_f16_g48_s00_p02,full_before,2,0,13,139584.667545,139584.668948,139584.668247,0.0014027080033,6.523855815,5122748525,true,true
softmax_1784950854813_softmax_full_f16io_f32acc_ptx_ex2_approx_f16_r2,softmax_oratc_targeted_g48s1024_confirm_v1_20260725_sess02_pos3_ptx_f16_g48_s1024_cache_reuse_candidate_probe_ptx_f16_g48_s00_p02,full_before,2,0,14,139585.169069,139585.172872,139585.170971,0.00380282301921,7.0265798945,5122866999,true,true
softmax_1784950854813_softmax_full_f16io_f32acc_ptx_ex2_approx_f16_r2,softmax_oratc_targeted_g48s1024_confirm_v1_20260725_sess02_pos3_ptx_f16_g48_s1024_cache_reuse_candidate_probe_ptx_f16_g48_s00_p02,full_before,2,0,15,139585.673029,139585.674388,139585.673709,0.0013591729803,7.5293180625,5122989506,true,true
softmax_1784950854813_softmax_full_f16io_f32acc_ptx_ex2_approx_f16_r2,softmax_oratc_targeted_g48s1024_confirm_v1_20260725_sess02_pos3_ptx_f16_g48_s1024_cache_reuse_candidate_probe_ptx_f16_g48_s00_p02,full_before,2,0,16,139586.174511,139586.175903,139586.175207,0.00139177200617,8.030815832,5123111852,true,true
softmax_1784950854813_softmax_full_f16io_f32acc_ptx_ex2_approx_f16_r2,softmax_oratc_targeted_g48s1024_confirm_v1_20260725_sess02_pos3_ptx_f16_g48_s1024_cache_reuse_candidate_probe_ptx_f16_g48_s00_p02,full_before,2,0,17,139586.676058,139586.677437,139586.676747,0.00137907199678,8.53235640502,5123234086,true,true
softmax_1784950854813_softmax_full_f16io_f32acc_ptx_ex2_approx_f16_r2,softmax_oratc_targeted_g48s1024_confirm_v1_20260725_sess02_pos3_ptx_f16_g48_s1024_cache_reuse_candidate_probe_ptx_f16_g48_s00_p02,full_before,2,0,18,139587.177562,139587.178949,139587.178256,0.00138730599429,9.03386478501,5123356137,true,true
softmax_1784950854813_softmax_full_f16io_f32acc_ptx_ex2_approx_f16_r2,softmax_oratc_targeted_g48s1024_confirm_v1_20260725_sess02_pos3_ptx_f16_g48_s1024_cache_reuse_candidate_probe_ptx_f16_g48_s00_p02,full_before,2,0,19,139587.679046,139587.680359,139587.679703,0.00131220600451,9.53531170203,5123477557,true,true
softmax_1784950854813_softmax_full_f16io_f32acc_ptx_ex2_approx_f16_r2,softmax_oratc_targeted_g48s1024_confirm_v1_20260725_sess02_pos3_ptx_f16_g48_s1024_cache_reuse_candidate_probe_ptx_f16_g48_s00_p02,full_before,2,0,20,139588.180497,139588.181908,139588.181202,0.00141090599936,10.036811444,5123598295,true,true
softmax_1784950854813_softmax_full_f16io_f32acc_ptx_ex2_approx_f16_r2,softmax_oratc_targeted_g48s1024_confirm_v1_20260725_sess02_pos3_ptx_f16_g48_s1024_cache_reuse_candidate_probe_ptx_f16_g48_s00_p02,full_before,2,0,21,139588.682065,139588.683465,139588.682765,0.00140050699702,10.5383741915,5123718491,true,true
softmax_1784950854813_softmax_full_f16io_f32acc_ptx_ex2_approx_f16_r2,softmax_oratc_targeted_g48s1024_confirm_v1_20260725_sess02_pos3_ptx_f16_g48_s1024_cache_reuse_candidate_probe_ptx_f16_g48_s00_p02,full_before,2,0,22,139589.183631,139589.185024,139589.184328,0.00139250699431,11.0399368635,5123838099,true,true
softmax_1784950854813_softmax_full_f16io_f32acc_ptx_ex2_approx_f16_r2,softmax_oratc_targeted_g48s1024_confirm_v1_20260725_sess02_pos3_ptx_f16_g48_s1024_cache_reuse_candidate_probe_ptx_f16_g48_s00_p02,full_before,2,0,23,139589.685209,139589.686631,139589.68592,0.00142190701445,11.5415287905,5123957451,true,false
softmax_1784950854813_softmax_full_f16io_f32acc_ptx_ex2_approx_f16_r2,softmax_oratc_targeted_g48s1024_confirm_v1_20260725_sess02_pos3_ptx_f16_g48_s1024_cache_reuse_candidate_probe_ptx_f16_g48_s00_p02,full_before,2,0,24,139590.18679,139590.191228,139590.189009,0.0044387220114,12.04461825,5124076161,true,false
softmax_1784950854813_softmax_full_f16io_f32acc_ptx_ex2_approx_f16_r2,softmax_oratc_targeted_g48s1024_confirm_v1_20260725_sess02_pos3_ptx_f16_g48_s1024_cache_reuse_candidate_probe_ptx_f16_g48_s00_p02,full_before,2,0,25,139590.487378,139590.491119,139590.489249,0.0037404189934,12.3448578515,5124138105,true,false
softmax_1784950867169_softmax_full_f16io_f32acc_ptx_ex2_approx_f16_r2,softmax_oratc_targeted_g48s1024_confirm_v1_20260725_sess02_pos3_ptx_f16_g48_s1024_cache_reuse_candidate_probe_ptx_f16_g48_s00_p02,probe_middle,2,1,0,139590.49909,139590.500312,139590.499701,0.00122190598631,-0.00061695300974,5124138105,false,false
softmax_1784950867169_softmax_full_f16io_f32acc_ptx_ex2_approx_f16_r2,softmax_oratc_targeted_g48s1024_confirm_v1_20260725_sess02_pos3_ptx_f16_g48_s1024_cache_reuse_candidate_probe_ptx_f16_g48_s00_p02,probe_middle,2,1,1,139591.000615,139591.002076,139591.001346,0.00146120801219,0.501028027997,5124251755,true,false
softmax_1784950867169_softmax_full_f16io_f32acc_ptx_ex2_approx_f16_r2,softmax_oratc_targeted_g48s1024_confirm_v1_20260725_sess02_pos3_ptx_f16_g48_s1024_cache_reuse_candidate_probe_ptx_f16_g48_s00_p02,probe_middle,2,1,2,139591.502233,139591.503676,139591.502955,0.00144330700277,1.00263683547,5124371425,true,false
softmax_1784950867169_softmax_full_f16io_f32acc_ptx_ex2_approx_f16_r2,softmax_oratc_targeted_g48s1024_confirm_v1_20260725_sess02_pos3_ptx_f16_g48_s1024_cache_reuse_candidate_probe_ptx_f16_g48_s00_p02,probe_middle,2,1,3,139592.003807,139592.005192,139592.0045,0.00138520801556,1.50418209497,5124515275,true,true
softmax_1784950867169_softmax_full_f16io_f32acc_ptx_ex2_approx_f16_r2,softmax_oratc_targeted_g48s1024_confirm_v1_20260725_sess02_pos3_ptx_f16_g48_s1024_cache_reuse_candidate_probe_ptx_f16_g48_s00_p02,probe_middle,2,1,4,139592.50532,139592.506764,139592.506042,0.00144390901551,2.00572418148,5124638282,true,true
softmax_1784950867169_softmax_full_f16io_f32acc_ptx_ex2_approx_f16_r2,softmax_oratc_targeted_g48s1024_confirm_v1_20260725_sess02_pos3_ptx_f16_g48_s1024_cache_reuse_candidate_probe_ptx_f16_g48_s00_p02,probe_middle,2,1,5,139593.006885,139593.010979,139593.008932,0.00409427302657,2.50861451749,5124760654,true,true
softmax_1784950867169_softmax_full_f16io_f32acc_ptx_ex2_approx_f16_r2,softmax_oratc_targeted_g48s1024_confirm_v1_20260725_sess02_pos3_ptx_f16_g48_s1024_cache_reuse_candidate_probe_ptx_f16_g48_s00_p02,probe_middle,2,1,6,139593.511129,139593.512535,139593.511832,0.00140579100116,3.01151417449,5124882518,true,true
softmax_1784950867169_softmax_full_f16io_f32acc_ptx_ex2_approx_f16_r2,softmax_oratc_targeted_g48s1024_confirm_v1_20260725_sess02_pos3_ptx_f16_g48_s1024_cache_reuse_candidate_probe_ptx_f16_g48_s00_p02,probe_middle,2,1,7,139594.012652,139594.014035,139594.013344,0.0013836910075,3.51302589147,5125004155,true,true
softmax_1784950867169_softmax_full_f16io_f32acc_ptx_ex2_approx_f16_r2,softmax_oratc_targeted_g48s1024_confirm_v1_20260725_sess02_pos3_ptx_f16_g48_s1024_cache_reuse_candidate_probe_ptx_f16_g48_s00_p02,probe_middle,2,1,8,139594.514184,139594.515578,139594.514881,0.00139379198663,4.01456343598,5125125548,true,true
softmax_1784950867169_softmax_full_f16io_f32acc_ptx_ex2_approx_f16_r2,softmax_oratc_targeted_g48s1024_confirm_v1_20260725_sess02_pos3_ptx_f16_g48_s1024_cache_reuse_candidate_probe_ptx_f16_g48_s00_p02,probe_middle,2,1,9,139595.015743,139595.017107,139595.016425,0.00136419100454,4.5161073815,5125246608,true,true
softmax_1784950867169_softmax_full_f16io_f32acc_ptx_ex2_approx_f16_r2,softmax_oratc_targeted_g48s1024_confirm_v1_20260725_sess02_pos3_ptx_f16_g48_s1024_cache_reuse_candidate_probe_ptx_f16_g48_s00_p02,probe_middle,2,1,10,139595.517257,139595.518626,139595.517941,0.00136889200076,5.01762350599,5125367407,true,true
softmax_1784950867169_softmax_full_f16io_f32acc_ptx_ex2_approx_f16_r2,softmax_oratc_targeted_g48s1024_confirm_v1_20260725_sess02_pos3_ptx_f16_g48_s1024_cache_reuse_candidate_probe_ptx_f16_g48_s00_p02,probe_middle,2,1,11,139596.018752,139596.020132,139596.019442,0.00137979199644,5.51912447999,5125487582,true,true
softmax_1784950867169_softmax_full_f16io_f32acc_ptx_ex2_approx_f16_r2,softmax_oratc_targeted_g48s1024_confirm_v1_20260725_sess02_pos3_ptx_f16_g48_s1024_cache_reuse_candidate_probe_ptx_f16_g48_s00_p02,probe_middle,2,1,12,139596.520257,139596.521643,139596.52095,0.00138590601273,6.02063245099,5125607168,true,true
softmax_1784950867169_softmax_full_f16io_f32acc_ptx_ex2_approx_f16_r2,softmax_oratc_targeted_g48s1024_confirm_v1_20260725_sess02_pos3_ptx_f16_g48_s1024_cache_reuse_candidate_probe_ptx_f16_g48_s00_p02,probe_middle,2,1,13,139597.021765,139597.023162,139597.022463,0.00139740700251,6.52214553548,5125726215,true,true
softmax_1784950867169_softmax_full_f16io_f32acc_ptx_ex2_approx_f16_r2,softmax_oratc_targeted_g48s1024_confirm_v1_20260725_sess02_pos3_ptx_f16_g48_s1024_cache_reuse_candidate_probe_ptx_f16_g48_s00_p02,probe_middle,2,1,14,139597.523294,139597.52468,139597.523987,0.00138560598134,7.023669299,5125844861,true,true
softmax_1784950867169_softmax_full_f16io_f32acc_ptx_ex2_approx_f16_r2,softmax_oratc_targeted_g48s1024_confirm_v1_20260725_sess02_pos3_ptx_f16_g48_s1024_cache_reuse_candidate_probe_ptx_f16_g48_s00_p02,probe_middle,2,1,15,139598.024801,139598.028788,139598.026795,0.00398701897939,7.52647691747,5125963339,true,true
softmax_1784950867169_softmax_full_f16io_f32acc_ptx_ex2_approx_f16_r2,softmax_oratc_targeted_g48s1024_confirm_v1_20260725_sess02_pos3_ptx_f16_g48_s1024_cache_reuse_candidate_probe_ptx_f16_g48_s00_p02,probe_middle,2,1,16,139598.528916,139598.53028,139598.529598,0.00136360700708,8.02928006649,5126085906,true,true
softmax_1784950867169_softmax_full_f16io_f32acc_ptx_ex2_approx_f16_r2,softmax_oratc_targeted_g48s1024_confirm_v1_20260725_sess02_pos3_ptx_f16_g48_s1024_cache_reuse_candidate_probe_ptx_f16_g48_s00_p02,probe_middle,2,1,17,139599.030403,139599.031794,139599.031098,0.00139040697832,8.53078055748,5126208211,true,true
softmax_1784950867169_softmax_full_f16io_f32acc_ptx_ex2_approx_f16_r2,softmax_oratc_targeted_g48s1024_confirm_v1_20260725_sess02_pos3_ptx_f16_g48_s1024_cache_reuse_candidate_probe_ptx_f16_g48_s00_p02,probe_middle,2,1,18,139599.531916,139599.533323,139599.53262,0.00140690701664,9.03230212847,5126330221,true,true
softmax_1784950867169_softmax_full_f16io_f32acc_ptx_ex2_approx_f16_r2,softmax_oratc_targeted_g48s1024_confirm_v1_20260725_sess02_pos3_ptx_f16_g48_s1024_cache_reuse_candidate_probe_ptx_f16_g48_s00_p02,probe_middle,2,1,19,139600.033447,139600.034803,139600.034125,0.00135600700742,9.53380724648,5126451481,true,true
softmax_1784950867169_softmax_full_f16io_f32acc_ptx_ex2_approx_f16_r2,softmax_oratc_targeted_g48s1024_confirm_v1_20260725_sess02_pos3_ptx_f16_g48_s1024_cache_reuse_candidate_probe_ptx_f16_g48_s00_p02,probe_middle,2,1,20,139600.534934,139600.536283,139600.535609,0.00134860700928,10.0352910465,5126572121,true,true
softmax_1784950867169_softmax_full_f16io_f32acc_ptx_ex2_approx_f16_r2,softmax_oratc_targeted_g48s1024_confirm_v1_20260725_sess02_pos3_ptx_f16_g48_s1024_cache_reuse_candidate_probe_ptx_f16_g48_s00_p02,probe_middle,2,1,21,139601.036415,139601.037804,139601.037109,0.00138908700319,10.5367915235,5126692180,true,true
softmax_1784950867169_softmax_full_f16io_f32acc_ptx_ex2_approx_f16_r2,softmax_oratc_targeted_g48s1024_confirm_v1_20260725_sess02_pos3_ptx_f16_g48_s1024_cache_reuse_candidate_probe_ptx_f16_g48_s00_p02,probe_middle,2,1,22,139601.537964,139601.540634,139601.539299,0.00267027501832,11.0389809995,5126811704,true,true
softmax_1784950867169_softmax_full_f16io_f32acc_ptx_ex2_approx_f16_r2,softmax_oratc_targeted_g48s1024_confirm_v1_20260725_sess02_pos3_ptx_f16_g48_s1024_cache_reuse_candidate_probe_ptx_f16_g48_s00_p02,probe_middle,2,1,23,139602.040768,139602.042207,139602.041487,0.00143918697722,11.5411695715,5126930782,true,false
softmax_1784950867169_softmax_full_f16io_f32acc_ptx_ex2_approx_f16_r2,softmax_oratc_targeted_g48s1024_confirm_v1_20260725_sess02_pos3_ptx_f16_g48_s1024_cache_reuse_candidate_probe_ptx_f16_g48_s00_p02,probe_middle,2,1,24,139602.542355,139602.547651,139602.545003,0.00529555199319,12.044685214,5127048558,true,false
softmax_1784950867169_softmax_full_f16io_f32acc_ptx_ex2_approx_f16_r2,softmax_oratc_targeted_g48s1024_confirm_v1_20260725_sess02_pos3_ptx_f16_g48_s1024_cache_reuse_candidate_probe_ptx_f16_g48_s00_p02,probe_middle,2,1,25,139602.863019,139602.867428,139602.865223,0.0044086589769,12.3649057305,5127107739,true,false
softmax_1784950879545_softmax_full_f16io_f32acc_ptx_ex2_approx_f16_r2,softmax_oratc_targeted_g48s1024_confirm_v1_20260725_sess02_pos3_ptx_f16_g48_s1024_cache_reuse_candidate_probe_ptx_f16_g48_s00_p02,full_after,2,2,0,139602.87511,139602.87628,139602.875695,0.00117028900422,-0.000593244505581,5127107739,false,false
softmax_1784950879545_softmax_full_f16io_f32acc_ptx_ex2_approx_f16_r2,softmax_oratc_targeted_g48s1024_confirm_v1_20260725_sess02_pos3_ptx_f16_g48_s1024_cache_reuse_candidate_probe_ptx_f16_g48_s00_p02,full_after,2,2,1,139603.376617,139603.377983,139603.3773,0.00136578801903,0.501011916989,5127222168,true,false
softmax_1784950879545_softmax_full_f16io_f32acc_ptx_ex2_approx_f16_r2,softmax_oratc_targeted_g48s1024_confirm_v1_20260725_sess02_pos3_ptx_f16_g48_s1024_cache_reuse_candidate_probe_ptx_f16_g48_s00_p02,full_after,2,2,2,139603.878142,139603.879494,139603.878818,0.00135220601805,1.00252969199,5127342269,true,false
softmax_1784950879545_softmax_full_f16io_f32acc_ptx_ex2_approx_f16_r2,softmax_oratc_targeted_g48s1024_confirm_v1_20260725_sess02_pos3_ptx_f16_g48_s1024_cache_reuse_candidate_probe_ptx_f16_g48_s00_p02,full_after,2,2,3,139604.379617,139604.380999,139604.380308,0.00138190601137,1.50402035299,5127461866,true,true
softmax_1784950879545_softmax_full_f16io_f32acc_ptx_ex2_approx_f16_r2,softmax_oratc_targeted_g48s1024_confirm_v1_20260725_sess02_pos3_ptx_f16_g48_s1024_cache_reuse_candidate_probe_ptx_f16_g48_s00_p02,full_after,2,2,4,139604.881164,139604.882523,139604.881843,0.00135870598024,2.00555533401,5127580881,true,true
softmax_1784950879545_softmax_full_f16io_f32acc_ptx_ex2_approx_f16_r2,softmax_oratc_targeted_g48s1024_confirm_v1_20260725_sess02_pos3_ptx_f16_g48_s1024_cache_reuse_candidate_probe_ptx_f16_g48_s00_p02,full_after,2,2,5,139605.382647,139605.386577,139605.384612,0.00393021700438,2.5083240775,5127699345,true,true
softmax_1784950879545_softmax_full_f16io_f32acc_ptx_ex2_approx_f16_r2,softmax_oratc_targeted_g48s1024_confirm_v1_20260725_sess02_pos3_ptx_f16_g48_s1024_cache_reuse_candidate_probe_ptx_f16_g48_s00_p02,full_after,2,2,6,139605.886715,139605.888105,139605.88741,0.00138910699752,3.01112209153,5127821777,true,true
softmax_1784950879545_softmax_full_f16io_f32acc_ptx_ex2_approx_f16_r2,softmax_oratc_targeted_g48s1024_confirm_v1_20260725_sess02_pos3_ptx_f16_g48_s1024_cache_reuse_candidate_probe_ptx_f16_g48_s00_p02,full_after,2,2,7,139606.388234,139606.389618,139606.388926,0.00138400698779,3.5126382075,5127944005,true,true
softmax_1784950879545_softmax_full_f16io_f32acc_ptx_ex2_approx_f16_r2,softmax_oratc_targeted_g48s1024_confirm_v1_20260725_sess02_pos3_ptx_f16_g48_s1024_cache_reuse_candidate_probe_ptx_f16_g48_s00_p02,full_after,2,2,8,139606.889721,139606.891067,139606.890394,0.00134610600071,4.01410619201,5128066104,true,true
softmax_1784950879545_softmax_full_f16io_f32acc_ptx_ex2_approx_f16_r2,softmax_oratc_targeted_g48s1024_confirm_v1_20260725_sess02_pos3_ptx_f16_g48_s1024_cache_reuse_candidate_probe_ptx_f16_g48_s00_p02,full_after,2,2,9,139607.391192,139607.392578,139607.391885,0.00138650700683,4.5155971355,5128188030,true,true
softmax_1784950879545_softmax_full_f16io_f32acc_ptx_ex2_approx_f16_r2,softmax_oratc_targeted_g48s1024_confirm_v1_20260725_sess02_pos3_ptx_f16_g48_s1024_cache_reuse_candidate_probe_ptx_f16_g48_s00_p02,full_after,2,2,10,139607.892702,139607.894115,139607.893408,0.00141260700184,5.01712029651,5128309557,true,true
softmax_1784950879545_softmax_full_f16io_f32acc_ptx_ex2_approx_f16_r2,softmax_oratc_targeted_g48s1024_confirm_v1_20260725_sess02_pos3_ptx_f16_g48_s1024_cache_reuse_candidate_probe_ptx_f16_g48_s00_p02,full_after,2,2,11,139608.394197,139608.395959,139608.395078,0.00176200800342,5.51879041799,5128430477,true,true
softmax_1784950879545_softmax_full_f16io_f32acc_ptx_ex2_approx_f16_r2,softmax_oratc_targeted_g48s1024_confirm_v1_20260725_sess02_pos3_ptx_f16_g48_s1024_cache_reuse_candidate_probe_ptx_f16_g48_s00_p02,full_after,2,2,12,139608.896119,139608.89747,139608.896794,0.00135100600892,6.02050640699,5128550807,true,true
softmax_1784950879545_softmax_full_f16io_f32acc_ptx_ex2_approx_f16_r2,softmax_oratc_targeted_g48s1024_confirm_v1_20260725_sess02_pos3_ptx_f16_g48_s1024_cache_reuse_candidate_probe_ptx_f16_g48_s00_p02,full_after,2,2,13,139609.397603,139609.399054,139609.398328,0.00145138800144,6.522040293,5128670428,true,true
softmax_1784950879545_softmax_full_f16io_f32acc_ptx_ex2_approx_f16_r2,softmax_oratc_targeted_g48s1024_confirm_v1_20260725_sess02_pos3_ptx_f16_g48_s1024_cache_reuse_candidate_probe_ptx_f16_g48_s00_p02,full_after,2,2,14,139609.899215,139609.900554,139609.899885,0.00133958901279,7.02359658151,5128814417,true,true
softmax_1784950879545_softmax_full_f16io_f32acc_ptx_ex2_approx_f16_r2,softmax_oratc_targeted_g48s1024_confirm_v1_20260725_sess02_pos3_ptx_f16_g48_s1024_cache_reuse_candidate_probe_ptx_f16_g48_s00_p02,full_after,2,2,15,139610.400673,139610.405632,139610.403153,0.0049585600209,7.52686466699,5128937977,true,true
softmax_1784950879545_softmax_full_f16io_f32acc_ptx_ex2_approx_f16_r2,softmax_oratc_targeted_g48s1024_confirm_v1_20260725_sess02_pos3_ptx_f16_g48_s1024_cache_reuse_candidate_probe_ptx_f16_g48_s00_p02,full_after,2,2,16,139610.905753,139610.907148,139610.906451,0.00139448899426,8.03016266748,5129060910,true,true
softmax_1784950879545_softmax_full_f16io_f32acc_ptx_ex2_approx_f16_r2,softmax_oratc_targeted_g48s1024_confirm_v1_20260725_sess02_pos3_ptx_f16_g48_s1024_cache_reuse_candidate_probe_ptx_f16_g48_s00_p02,full_after,2,2,17,139611.407269,139611.408671,139611.40797,0.00140208902303,8.5316822445,5129183652,true,true
softmax_1784950879545_softmax_full_f16io_f32acc_ptx_ex2_approx_f16_r2,softmax_oratc_targeted_g48s1024_confirm_v1_20260725_sess02_pos3_ptx_f16_g48_s1024_cache_reuse_candidate_probe_ptx_f16_g48_s00_p02,full_after,2,2,18,139611.908796,139611.91021,139611.909503,0.00141350500053,9.0332148525,5129305914,true,true
softmax_1784950879545_softmax_full_f16io_f32acc_ptx_ex2_approx_f16_r2,softmax_oratc_targeted_g48s1024_confirm_v1_20260725_sess02_pos3_ptx_f16_g48_s1024_cache_reuse_candidate_probe_ptx_f16_g48_s00_p02,full_after,2,2,19,139612.410337,139612.411687,139612.411012,0.00134960599826,9.53472383498,5129427575,true,true
softmax_1784950879545_softmax_full_f16io_f32acc_ptx_ex2_approx_f16_r2,softmax_oratc_targeted_g48s1024_confirm_v1_20260725_sess02_pos3_ptx_f16_g48_s1024_cache_reuse_candidate_probe_ptx_f16_g48_s00_p02,full_after,2,2,20,139612.911813,139612.913222,139612.912517,0.00140830600867,10.036229483,5129548627,true,true
softmax_1784950879545_softmax_full_f16io_f32acc_ptx_ex2_approx_f16_r2,softmax_oratc_targeted_g48s1024_confirm_v1_20260725_sess02_pos3_ptx_f16_g48_s1024_cache_reuse_candidate_probe_ptx_f16_g48_s00_p02,full_after,2,2,21,139613.413401,139613.41485,139613.414126,0.00144830701174,10.5378376925,5129669071,true,true
softmax_1784950879545_softmax_full_f16io_f32acc_ptx_ex2_approx_f16_r2,softmax_oratc_targeted_g48s1024_confirm_v1_20260725_sess02_pos3_ptx_f16_g48_s1024_cache_reuse_candidate_probe_ptx_f16_g48_s00_p02,full_after,2,2,22,139613.915034,139613.916495,139613.915765,0.00146110699279,11.0394768665,5129789078,true,true
softmax_1784950879545_softmax_full_f16io_f32acc_ptx_ex2_approx_f16_r2,softmax_oratc_targeted_g48s1024_confirm_v1_20260725_sess02_pos3_ptx_f16_g48_s1024_cache_reuse_candidate_probe_ptx_f16_g48_s00_p02,full_after,2,2,23,139614.416643,139614.418078,139614.41736,0.00143580598524,11.541072502,5129908923,true,false
softmax_1784950879545_softmax_full_f16io_f32acc_ptx_ex2_approx_f16_r2,softmax_oratc_targeted_g48s1024_confirm_v1_20260725_sess02_pos3_ptx_f16_g48_s1024_cache_reuse_candidate_probe_ptx_f16_g48_s00_p02,full_after,2,2,24,139614.918205,139614.919545,139614.918875,0.00134020598489,12.042587051,5130027272,true,false
softmax_1784950879545_softmax_full_f16io_f32acc_ptx_ex2_approx_f16_r2,softmax_oratc_targeted_g48s1024_confirm_v1_20260725_sess02_pos3_ptx_f16_g48_s1024_cache_reuse_candidate_probe_ptx_f16_g48_s00_p02,full_after,2,2,25,139615.219819,139615.223478,139615.221648,0.00365881598555,12.345360409,5130082444,true,false
softmax_1784950891900_softmax_full_f16io_f32acc_ptx_ex2_approx_f16_r3,softmax_oratc_targeted_g48s1024_confirm_v1_20260725_sess02_pos3_ptx_f16_g48_s1024_cache_reuse_candidate_probe_ptx_f16_g48_s00_p03,probe_before,3,0,0,139615.230246,139615.231366,139615.230806,0.00112030500895,-0.00056835252326,5130082444,false,false
softmax_1784950891900_softmax_full_f16io_f32acc_ptx_ex2_approx_f16_r3,softmax_oratc_targeted_g48s1024_confirm_v1_20260725_sess02_pos3_ptx_f16_g48_s1024_cache_reuse_candidate_probe_ptx_f16_g48_s00_p03,probe_before,3,0,1,139615.731638,139615.732968,139615.732303,0.00132950599073,0.500928855996,5130200133,true,false
softmax_1784950891900_softmax_full_f16io_f32acc_ptx_ex2_approx_f16_r3,softmax_oratc_targeted_g48s1024_confirm_v1_20260725_sess02_pos3_ptx_f16_g48_s1024_cache_reuse_candidate_probe_ptx_f16_g48_s00_p03,probe_before,3,0,2,139616.233095,139616.235497,139616.234296,0.00240201200359,1.00292203299,5130320101,true,false
softmax_1784950891900_softmax_full_f16io_f32acc_ptx_ex2_approx_f16_r3,softmax_oratc_targeted_g48s1024_confirm_v1_20260725_sess02_pos3_ptx_f16_g48_s1024_cache_reuse_candidate_probe_ptx_f16_g48_s00_p03,probe_before,3,0,3,139616.735673,139616.737051,139616.736362,0.00137790601002,1.50498807,5130439518,true,true
softmax_1784950891900_softmax_full_f16io_f32acc_ptx_ex2_approx_f16_r3,softmax_oratc_targeted_g48s1024_confirm_v1_20260725_sess02_pos3_ptx_f16_g48_s1024_cache_reuse_candidate_probe_ptx_f16_g48_s00_p03,probe_before,3,0,4,139617.237213,139617.238649,139617.237931,0.00143628998194,2.006556765,5130558212,true,true
softmax_1784950891900_softmax_full_f16io_f32acc_ptx_ex2_approx_f16_r3,softmax_oratc_targeted_g48s1024_confirm_v1_20260725_sess02_pos3_ptx_f16_g48_s1024_cache_reuse_candidate_probe_ptx_f16_g48_s00_p03,probe_before,3,0,5,139617.738772,139617.742883,139617.740827,0.00411017198348,2.50945337099,5130676326,true,true
softmax_1784950891900_softmax_full_f16io_f32acc_ptx_ex2_approx_f16_r3,softmax_oratc_targeted_g48s1024_confirm_v1_20260725_sess02_pos3_ptx_f16_g48_s1024_cache_reuse_candidate_probe_ptx_f16_g48_s00_p03,probe_before,3,0,6,139618.243,139618.24441,139618.243705,0.00140969001222,3.012330892,5130798456,true,true
softmax_1784950891900_softmax_full_f16io_f32acc_ptx_ex2_approx_f16_r3,softmax_oratc_targeted_g48s1024_confirm_v1_20260725_sess02_pos3_ptx_f16_g48_s1024_cache_reuse_candidate_probe_ptx_f16_g48_s00_p03,probe_before,3,0,7,139618.744544,139618.745959,139618.745252,0.00141439100844,3.51387758349,5130920374,true,true
softmax_1784950891900_softmax_full_f16io_f32acc_ptx_ex2_approx_f16_r3,softmax_oratc_targeted_g48s1024_confirm_v1_20260725_sess02_pos3_ptx_f16_g48_s1024_cache_reuse_candidate_probe_ptx_f16_g48_s00_p03,probe_before,3,0,8,139619.246089,139619.247501,139619.246795,0.00141238997458,4.015420938,5131041901,true,true
softmax_1784950891900_softmax_full_f16io_f32acc_ptx_ex2_approx_f16_r3,softmax_oratc_targeted_g48s1024_confirm_v1_20260725_sess02_pos3_ptx_f16_g48_s1024_cache_reuse_candidate_probe_ptx_f16_g48_s00_p03,probe_before,3,0,9,139619.747679,139619.749052,139619.748365,0.00137269101106,4.5169913045,5131163244,true,true
softmax_1784950891900_softmax_full_f16io_f32acc_ptx_ex2_approx_f16_r3,softmax_oratc_targeted_g48s1024_confirm_v1_20260725_sess02_pos3_ptx_f16_g48_s1024_cache_reuse_candidate_probe_ptx_f16_g48_s00_p03,probe_before,3,0,10,139620.249182,139620.250696,139620.249939,0.00151370599633,5.01856466601,5131284113,true,true
softmax_1784950891900_softmax_full_f16io_f32acc_ptx_ex2_approx_f16_r3,softmax_oratc_targeted_g48s1024_confirm_v1_20260725_sess02_pos3_ptx_f16_g48_s1024_cache_reuse_candidate_probe_ptx_f16_g48_s00_p03,probe_before,3,0,11,139620.750825,139620.75216,139620.751493,0.00133460600046,5.52011869301,5131404281,true,true
softmax_1784950891900_softmax_full_f16io_f32acc_ptx_ex2_approx_f16_r3,softmax_oratc_targeted_g48s1024_confirm_v1_20260725_sess02_pos3_ptx_f16_g48_s1024_cache_reuse_candidate_probe_ptx_f16_g48_s00_p03,probe_before,3,0,12,139621.25225,139621.253569,139621.25291,0.00131880599656,6.02153548202,5131523835,true,true
softmax_1784950891900_softmax_full_f16io_f32acc_ptx_ex2_approx_f16_r3,softmax_oratc_targeted_g48s1024_confirm_v1_20260725_sess02_pos3_ptx_f16_g48_s1024_cache_reuse_candidate_probe_ptx_f16_g48_s00_p03,probe_before,3,0,13,139621.753716,139621.755072,139621.754394,0.00135570499697,6.52302018349,5131642972,true,true
softmax_1784950891900_softmax_full_f16io_f32acc_ptx_ex2_approx_f16_r3,softmax_oratc_targeted_g48s1024_confirm_v1_20260725_sess02_pos3_ptx_f16_g48_s1024_cache_reuse_candidate_probe_ptx_f16_g48_s00_p03,probe_before,3,0,14,139622.255233,139622.256664,139622.255948,0.00143030600157,7.024574348,5131761697,true,true
softmax_1784950891900_softmax_full_f16io_f32acc_ptx_ex2_approx_f16_r3,softmax_oratc_targeted_g48s1024_confirm_v1_20260725_sess02_pos3_ptx_f16_g48_s1024_cache_reuse_candidate_probe_ptx_f16_g48_s00_p03,probe_before,3,0,15,139622.756822,139622.761143,139622.758983,0.00432131899288,7.5276086815,5131880261,true,true
softmax_1784950891900_softmax_full_f16io_f32acc_ptx_ex2_approx_f16_r3,softmax_oratc_targeted_g48s1024_confirm_v1_20260725_sess02_pos3_ptx_f16_g48_s1024_cache_reuse_candidate_probe_ptx_f16_g48_s00_p03,probe_before,3,0,16,139623.261265,139623.262672,139623.261969,0.00140690698754,8.0305947265,5132002689,true,true
softmax_1784950891900_softmax_full_f16io_f32acc_ptx_ex2_approx_f16_r3,softmax_oratc_targeted_g48s1024_confirm_v1_20260725_sess02_pos3_ptx_f16_g48_s1024_cache_reuse_candidate_probe_ptx_f16_g48_s00_p03,probe_before,3,0,17,139623.762788,139623.764151,139623.763469,0.0013627060107,8.532095228,5132124873,true,true
softmax_1784950891900_softmax_full_f16io_f32acc_ptx_ex2_approx_f16_r3,softmax_oratc_targeted_g48s1024_confirm_v1_20260725_sess02_pos3_ptx_f16_g48_s1024_cache_reuse_candidate_probe_ptx_f16_g48_s00_p03,probe_before,3,0,18,139624.264321,139624.265739,139624.26503,0.00141800698475,9.03365589149,5132246544,true,true
softmax_1784950891900_softmax_full_f16io_f32acc_ptx_ex2_approx_f16_r3,softmax_oratc_targeted_g48s1024_confirm_v1_20260725_sess02_pos3_ptx_f16_g48_s1024_cache_reuse_candidate_probe_ptx_f16_g48_s00_p03,probe_before,3,0,19,139624.765852,139624.767227,139624.76654,0.00137540700962,9.53516546747,5132367651,true,true
softmax_1784950891900_softmax_full_f16io_f32acc_ptx_ex2_approx_f16_r3,softmax_oratc_targeted_g48s1024_confirm_v1_20260725_sess02_pos3_ptx_f16_g48_s1024_cache_reuse_candidate_probe_ptx_f16_g48_s00_p03,probe_before,3,0,20,139625.267344,139625.268779,139625.268062,0.00143548898632,10.0366874985,5132488130,true,true
softmax_1784950891900_softmax_full_f16io_f32acc_ptx_ex2_approx_f16_r3,softmax_oratc_targeted_g48s1024_confirm_v1_20260725_sess02_pos3_ptx_f16_g48_s1024_cache_reuse_candidate_probe_ptx_f16_g48_s00_p03,probe_before,3,0,21,139625.768916,139625.770256,139625.769586,0.00133989099413,10.5382118385,5132608023,true,true
softmax_1784950891900_softmax_full_f16io_f32acc_ptx_ex2_approx_f16_r3,softmax_oratc_targeted_g48s1024_confirm_v1_20260725_sess02_pos3_ptx_f16_g48_s1024_cache_reuse_candidate_probe_ptx_f16_g48_s00_p03,probe_before,3,0,22,139626.270378,139626.271779,139626.271078,0.00140099099372,11.0397041385,5132727441,true,true
softmax_1784950891900_softmax_full_f16io_f32acc_ptx_ex2_approx_f16_r3,softmax_oratc_targeted_g48s1024_confirm_v1_20260725_sess02_pos3_ptx_f16_g48_s1024_cache_reuse_candidate_probe_ptx_f16_g48_s00_p03,probe_before,3,0,23,139626.771891,139626.773392,139626.772642,0.00150068901712,11.5412675025,5132846703,true,false
softmax_1784950891900_softmax_full_f16io_f32acc_ptx_ex2_approx_f16_r3,softmax_oratc_targeted_g48s1024_confirm_v1_20260725_sess02_pos3_ptx_f16_g48_s1024_cache_reuse_candidate_probe_ptx_f16_g48_s00_p03,probe_before,3,0,24,139627.273525,139627.274933,139627.274229,0.00140748999547,12.042855026,5132965230,true,false
softmax_1784950891900_softmax_full_f16io_f32acc_ptx_ex2_approx_f16_r3,softmax_oratc_targeted_g48s1024_confirm_v1_20260725_sess02_pos3_ptx_f16_g48_s1024_cache_reuse_candidate_probe_ptx_f16_g48_s00_p03,probe_before,3,0,25,139627.598758,139627.600481,139627.59962,0.00172338800621,12.368245724,5133041136,true,false
softmax_1784950904278_softmax_full_f16io_f32acc_ptx_ex2_approx_f16_r3,softmax_oratc_targeted_g48s1024_confirm_v1_20260725_sess02_pos3_ptx_f16_g48_s1024_cache_reuse_candidate_probe_ptx_f16_g48_s00_p03,full,3,1,0,139627.60854,139627.609674,139627.609107,0.00113429297926,-0.000573546509258,5133041136,false,false
softmax_1784950904278_softmax_full_f16io_f32acc_ptx_ex2_approx_f16_r3,softmax_oratc_targeted_g48s1024_confirm_v1_20260725_sess02_pos3_ptx_f16_g48_s1024_cache_reuse_candidate_probe_ptx_f16_g48_s00_p03,full,3,1,1,139628.110002,139628.1114,139628.110701,0.00139839100302,0.501020800497,5133160178,true,false
softmax_1784950904278_softmax_full_f16io_f32acc_ptx_ex2_approx_f16_r3,softmax_oratc_targeted_g48s1024_confirm_v1_20260725_sess02_pos3_ptx_f16_g48_s1024_cache_reuse_candidate_probe_ptx_f16_g48_s00_p03,full,3,1,2,139628.611528,139628.612912,139628.61222,0.00138370599598,1.00253958299,5133280025,true,false
softmax_1784950904278_softmax_full_f16io_f32acc_ptx_ex2_approx_f16_r3,softmax_oratc_targeted_g48s1024_confirm_v1_20260725_sess02_pos3_ptx_f16_g48_s1024_cache_reuse_candidate_probe_ptx_f16_g48_s00_p03,full,3,1,3,139629.113049,139629.114473,139629.113761,0.00142400502227,1.50408090249,5133399367,true,true
softmax_1784950904278_softmax_full_f16io_f32acc_ptx_ex2_approx_f16_r3,softmax_oratc_targeted_g48s1024_confirm_v1_20260725_sess02_pos3_ptx_f16_g48_s1024_cache_reuse_candidate_probe_ptx_f16_g48_s00_p03,full,3,1,4,139629.614644,139629.618945,139629.616795,0.00430101799429,2.00711461902,5133518058,true,true
softmax_1784950904278_softmax_full_f16io_f32acc_ptx_ex2_approx_f16_r3,softmax_oratc_targeted_g48s1024_confirm_v1_20260725_sess02_pos3_ptx_f16_g48_s1024_cache_reuse_candidate_probe_ptx_f16_g48_s00_p03,full,3,1,5,139630.11908,139630.120419,139630.119749,0.00133910600562,2.510069218,5133640546,true,true
softmax_1784950904278_softmax_full_f16io_f32acc_ptx_ex2_approx_f16_r3,softmax_oratc_targeted_g48s1024_confirm_v1_20260725_sess02_pos3_ptx_f16_g48_s1024_cache_reuse_candidate_probe_ptx_f16_g48_s00_p03,full,3,1,6,139630.620551,139630.621878,139630.621214,0.00132700600079,3.01153425197,5133762766,true,true
softmax_1784950904278_softmax_full_f16io_f32acc_ptx_ex2_approx_f16_r3,softmax_oratc_targeted_g48s1024_confirm_v1_20260725_sess02_pos3_ptx_f16_g48_s1024_cache_reuse_candidate_probe_ptx_f16_g48_s00_p03,full,3,1,7,139631.121998,139631.123425,139631.122711,0.00142700597644,3.513030968,5133884781,true,true
softmax_1784950904278_softmax_full_f16io_f32acc_ptx_ex2_approx_f16_r3,softmax_oratc_targeted_g48s1024_confirm_v1_20260725_sess02_pos3_ptx_f16_g48_s1024_cache_reuse_candidate_probe_ptx_f16_g48_s00_p03,full,3,1,8,139631.623595,139631.624983,139631.624289,0.00138770698686,4.01460867649,5134006580,true,true
softmax_1784950904278_softmax_full_f16io_f32acc_ptx_ex2_approx_f16_r3,softmax_oratc_targeted_g48s1024_confirm_v1_20260725_sess02_pos3_ptx_f16_g48_s1024_cache_reuse_candidate_probe_ptx_f16_g48_s00_p03,full,3,1,9,139632.12514,139632.12651,139632.125825,0.00136920600198,4.51614471601,5134128054,true,true
softmax_1784950904278_softmax_full_f16io_f32acc_ptx_ex2_approx_f16_r3,softmax_oratc_targeted_g48s1024_confirm_v1_20260725_sess02_pos3_ptx_f16_g48_s1024_cache_reuse_candidate_probe_ptx_f16_g48_s00_p03,full,3,1,10,139632.626642,139632.628038,139632.62734,0.00139640600537,5.01765964698,5134249055,true,true
softmax_1784950904278_softmax_full_f16io_f32acc_ptx_ex2_approx_f16_r3,softmax_oratc_targeted_g48s1024_confirm_v1_20260725_sess02_pos3_ptx_f16_g48_s1024_cache_reuse_candidate_probe_ptx_f16_g48_s00_p03,full,3,1,11,139633.128174,139633.131025,139633.129599,0.00285048299702,5.51991908849,5134369471,true,true
softmax_1784950904278_softmax_full_f16io_f32acc_ptx_ex2_approx_f16_r3,softmax_oratc_targeted_g48s1024_confirm_v1_20260725_sess02_pos3_ptx_f16_g48_s1024_cache_reuse_candidate_probe_ptx_f16_g48_s00_p03,full,3,1,12,139633.631194,139633.632639,139633.631917,0.00144469199586,6.022236483,5134489002,true,true
softmax_1784950904278_softmax_full_f16io_f32acc_ptx_ex2_approx_f16_r3,softmax_oratc_targeted_g48s1024_confirm_v1_20260725_sess02_pos3_ptx_f16_g48_s1024_cache_reuse_candidate_probe_ptx_f16_g48_s00_p03,full,3,1,13,139634.132757,139634.137845,139634.135301,0.00508766999701,6.52562080199,5134607765,true,true
softmax_1784950904278_softmax_full_f16io_f32acc_ptx_ex2_approx_f16_r3,softmax_oratc_targeted_g48s1024_confirm_v1_20260725_sess02_pos3_ptx_f16_g48_s1024_cache_reuse_candidate_probe_ptx_f16_g48_s00_p03,full,3,1,14,139634.637965,139634.639375,139634.63867,0.00140959100099,7.02898961448,5134730303,true,true
softmax_1784950904278_softmax_full_f16io_f32acc_ptx_ex2_approx_f16_r3,softmax_oratc_targeted_g48s1024_confirm_v1_20260725_sess02_pos3_ptx_f16_g48_s1024_cache_reuse_candidate_probe_ptx_f16_g48_s00_p03,full,3,1,15,139635.139531,139635.140933,139635.140232,0.00140149201616,7.53055196698,5134852692,true,true
softmax_1784950904278_softmax_full_f16io_f32acc_ptx_ex2_approx_f16_r3,softmax_oratc_targeted_g48s1024_confirm_v1_20260725_sess02_pos3_ptx_f16_g48_s1024_cache_reuse_candidate_probe_ptx_f16_g48_s00_p03,full,3,1,16,139635.641095,139635.64244,139635.641767,0.00134559199796,8.03208706301,5134974879,true,true
softmax_1784950904278_softmax_full_f16io_f32acc_ptx_ex2_approx_f16_r3,softmax_oratc_targeted_g48s1024_confirm_v1_20260725_sess02_pos3_ptx_f16_g48_s1024_cache_reuse_candidate_probe_ptx_f16_g48_s00_p03,full,3,1,17,139636.142615,139636.143976,139636.143295,0.00136099199881,8.53361483797,5135096836,true,true
softmax_1784950904278_softmax_full_f16io_f32acc_ptx_ex2_approx_f16_r3,softmax_oratc_targeted_g48s1024_confirm_v1_20260725_sess02_pos3_ptx_f16_g48_s1024_cache_reuse_candidate_probe_ptx_f16_g48_s00_p03,full,3,1,18,139636.644136,139636.645634,139636.644885,0.00149790602154,9.03520504601,5135218239,true,true
softmax_1784950904278_softmax_full_f16io_f32acc_ptx_ex2_approx_f16_r3,softmax_oratc_targeted_g48s1024_confirm_v1_20260725_sess02_pos3_ptx_f16_g48_s1024_cache_reuse_candidate_probe_ptx_f16_g48_s00_p03,full,3,1,19,139637.145806,139637.147246,139637.146526,0.00144000598812,9.53684594599,5135339028,true,true
softmax_1784950904278_softmax_full_f16io_f32acc_ptx_ex2_approx_f16_r3,softmax_oratc_targeted_g48s1024_confirm_v1_20260725_sess02_pos3_ptx_f16_g48_s1024_cache_reuse_candidate_probe_ptx_f16_g48_s00_p03,full,3,1,20,139637.647377,139637.64864,139637.648009,0.00126290501794,10.0383283915,5135459164,true,true
softmax_1784950904278_softmax_full_f16io_f32acc_ptx_ex2_approx_f16_r3,softmax_oratc_targeted_g48s1024_confirm_v1_20260725_sess02_pos3_ptx_f16_g48_s1024_cache_reuse_candidate_probe_ptx_f16_g48_s00_p03,full,3,1,21,139638.148801,139638.150187,139638.149494,0.0013859050232,10.5398141135,5135578775,true,true
softmax_1784950904278_softmax_full_f16io_f32acc_ptx_ex2_approx_f16_r3,softmax_oratc_targeted_g48s1024_confirm_v1_20260725_sess02_pos3_ptx_f16_g48_s1024_cache_reuse_candidate_probe_ptx_f16_g48_s00_p03,full,3,1,22,139638.65033,139638.651686,139638.651008,0.00135610598954,11.041327681,5135698065,true,true
softmax_1784950904278_softmax_full_f16io_f32acc_ptx_ex2_approx_f16_r3,softmax_oratc_targeted_g48s1024_confirm_v1_20260725_sess02_pos3_ptx_f16_g48_s1024_cache_reuse_candidate_probe_ptx_f16_g48_s00_p03,full,3,1,23,139639.151852,139639.156135,139639.153994,0.00428311899304,11.5443136825,5135817168,true,false
softmax_1784950904278_softmax_full_f16io_f32acc_ptx_ex2_approx_f16_r3,softmax_oratc_targeted_g48s1024_confirm_v1_20260725_sess02_pos3_ptx_f16_g48_s1024_cache_reuse_candidate_probe_ptx_f16_g48_s00_p03,full,3,1,24,139639.656293,139639.657739,139639.657016,0.00144560699118,12.0473355795,5135939533,true,false
softmax_1784950904278_softmax_full_f16io_f32acc_ptx_ex2_approx_f16_r3,softmax_oratc_targeted_g48s1024_confirm_v1_20260725_sess02_pos3_ptx_f16_g48_s1024_cache_reuse_candidate_probe_ptx_f16_g48_s00_p03,full,3,1,25,139639.951796,139639.955886,139639.953841,0.00408931798302,12.344160771,5136000033,true,false
softmax_1784950916634_softmax_full_f16io_f32acc_ptx_ex2_approx_f16_r3,softmax_oratc_targeted_g48s1024_confirm_v1_20260725_sess02_pos3_ptx_f16_g48_s1024_cache_reuse_candidate_probe_ptx_f16_g48_s00_p03,probe_after,3,2,0,139639.963666,139639.964866,139639.964266,0.00120060599875,-0.000607302994467,5136000033,false,false
softmax_1784950916634_softmax_full_f16io_f32acc_ptx_ex2_approx_f16_r3,softmax_oratc_targeted_g48s1024_confirm_v1_20260725_sess02_pos3_ptx_f16_g48_s1024_cache_reuse_candidate_probe_ptx_f16_g48_s00_p03,probe_after,3,2,1,139640.465149,139640.466458,139640.465803,0.00130930598243,0.500930032023,5136114118,true,false
softmax_1784950916634_softmax_full_f16io_f32acc_ptx_ex2_approx_f16_r3,softmax_oratc_targeted_g48s1024_confirm_v1_20260725_sess02_pos3_ptx_f16_g48_s1024_cache_reuse_candidate_probe_ptx_f16_g48_s00_p03,probe_after,3,2,2,139640.96661,139640.968053,139640.967331,0.00144309000461,1.00245796199,5136233613,true,false
softmax_1784950916634_softmax_full_f16io_f32acc_ptx_ex2_approx_f16_r3,softmax_oratc_targeted_g48s1024_confirm_v1_20260725_sess02_pos3_ptx_f16_g48_s1024_cache_reuse_candidate_probe_ptx_f16_g48_s00_p03,probe_after,3,2,3,139641.468186,139641.469553,139641.468869,0.00136719099828,1.50399589949,5136352685,true,true
softmax_1784950916634_softmax_full_f16io_f32acc_ptx_ex2_approx_f16_r3,softmax_oratc_targeted_g48s1024_confirm_v1_20260725_sess02_pos3_ptx_f16_g48_s1024_cache_reuse_candidate_probe_ptx_f16_g48_s00_p03,probe_after,3,2,4,139641.969688,139641.971017,139641.970353,0.00132869198569,2.00547929,5136471348,true,true
softmax_1784950916634_softmax_full_f16io_f32acc_ptx_ex2_approx_f16_r3,softmax_oratc_targeted_g48s1024_confirm_v1_20260725_sess02_pos3_ptx_f16_g48_s1024_cache_reuse_candidate_probe_ptx_f16_g48_s00_p03,probe_after,3,2,5,139642.471112,139642.475015,139642.473063,0.00390337599674,2.50818989301,5136589502,true,true
softmax_1784950916634_softmax_full_f16io_f32acc_ptx_ex2_approx_f16_r3,softmax_oratc_targeted_g48s1024_confirm_v1_20260725_sess02_pos3_ptx_f16_g48_s1024_cache_reuse_candidate_probe_ptx_f16_g48_s00_p03,probe_after,3,2,6,139642.975139,139642.976517,139642.975828,0.00137739200727,3.01095469701,5136711683,true,true
softmax_1784950916634_softmax_full_f16io_f32acc_ptx_ex2_approx_f16_r3,softmax_oratc_targeted_g48s1024_confirm_v1_20260725_sess02_pos3_ptx_f16_g48_s1024_cache_reuse_candidate_probe_ptx_f16_g48_s00_p03,probe_after,3,2,7,139643.476643,139643.478006,139643.477324,0.00136349102831,3.51245107953,5136833700,true,true
softmax_1784950916634_softmax_full_f16io_f32acc_ptx_ex2_approx_f16_r3,softmax_oratc_targeted_g48s1024_confirm_v1_20260725_sess02_pos3_ptx_f16_g48_s1024_cache_reuse_candidate_probe_ptx_f16_g48_s00_p03,probe_after,3,2,8,139643.978176,139643.979582,139643.978879,0.00140639100573,4.01400531249,5136955519,true,true
softmax_1784950916634_softmax_full_f16io_f32acc_ptx_ex2_approx_f16_r3,softmax_oratc_targeted_g48s1024_confirm_v1_20260725_sess02_pos3_ptx_f16_g48_s1024_cache_reuse_candidate_probe_ptx_f16_g48_s00_p03,probe_after,3,2,9,139644.479679,139644.481094,139644.480386,0.00141490501119,4.51551308352,5137076968,true,true
softmax_1784950916634_softmax_full_f16io_f32acc_ptx_ex2_approx_f16_r3,softmax_oratc_targeted_g48s1024_confirm_v1_20260725_sess02_pos3_ptx_f16_g48_s1024_cache_reuse_candidate_probe_ptx_f16_g48_s00_p03,probe_after,3,2,10,139644.981212,139644.982621,139644.981917,0.00140870601172,5.01704310201,5137197869,true,true
softmax_1784950916634_softmax_full_f16io_f32acc_ptx_ex2_approx_f16_r3,softmax_oratc_targeted_g48s1024_confirm_v1_20260725_sess02_pos3_ptx_f16_g48_s1024_cache_reuse_candidate_probe_ptx_f16_g48_s00_p03,probe_after,3,2,11,139645.482776,139645.484439,139645.483607,0.00166300698766,5.5187339925,5137318262,true,true
softmax_1784950916634_softmax_full_f16io_f32acc_ptx_ex2_approx_f16_r3,softmax_oratc_targeted_g48s1024_confirm_v1_20260725_sess02_pos3_ptx_f16_g48_s1024_cache_reuse_candidate_probe_ptx_f16_g48_s00_p03,probe_after,3,2,12,139645.984567,139645.985922,139645.985244,0.00135580598726,6.02037108302,5137438005,true,true
softmax_1784950916634_softmax_full_f16io_f32acc_ptx_ex2_approx_f16_r3,softmax_oratc_targeted_g48s1024_confirm_v1_20260725_sess02_pos3_ptx_f16_g48_s1024_cache_reuse_candidate_probe_ptx_f16_g48_s00_p03,probe_after,3,2,13,139646.486036,139646.487377,139646.486707,0.00134170599631,6.52183314404,5137557091,true,true
softmax_1784950916634_softmax_full_f16io_f32acc_ptx_ex2_approx_f16_r3,softmax_oratc_targeted_g48s1024_confirm_v1_20260725_sess02_pos3_ptx_f16_g48_s1024_cache_reuse_candidate_probe_ptx_f16_g48_s00_p03,probe_after,3,2,14,139646.987505,139646.988771,139646.988138,0.0012661050132,7.02326440453,5137700507,true,true
softmax_1784950916634_softmax_full_f16io_f32acc_ptx_ex2_approx_f16_r3,softmax_oratc_targeted_g48s1024_confirm_v1_20260725_sess02_pos3_ptx_f16_g48_s1024_cache_reuse_candidate_probe_ptx_f16_g48_s00_p03,probe_after,3,2,15,139647.488886,139647.493759,139647.491323,0.0048738210171,7.5264491445,5137823622,true,true
softmax_1784950916634_softmax_full_f16io_f32acc_ptx_ex2_approx_f16_r3,softmax_oratc_targeted_g48s1024_confirm_v1_20260725_sess02_pos3_ptx_f16_g48_s1024_cache_reuse_candidate_probe_ptx_f16_g48_s00_p03,probe_after,3,2,16,139647.993892,139647.995233,139647.994562,0.00134150599479,8.02968903401,5137946131,true,true
softmax_1784950916634_softmax_full_f16io_f32acc_ptx_ex2_approx_f16_r3,softmax_oratc_targeted_g48s1024_confirm_v1_20260725_sess02_pos3_ptx_f16_g48_s1024_cache_reuse_candidate_probe_ptx_f16_g48_s00_p03,probe_after,3,2,17,139648.495349,139648.496651,139648.496,0.00130250598886,8.53112638803,5138068220,true,true
softmax_1784950916634_softmax_full_f16io_f32acc_ptx_ex2_approx_f16_r3,softmax_oratc_targeted_g48s1024_confirm_v1_20260725_sess02_pos3_ptx_f16_g48_s1024_cache_reuse_candidate_probe_ptx_f16_g48_s00_p03,probe_after,3,2,18,139648.996773,139648.99813,139648.997452,0.00135719100945,9.03257812152,5138189785,true,true
softmax_1784950916634_softmax_full_f16io_f32acc_ptx_ex2_approx_f16_r3,softmax_oratc_targeted_g48s1024_confirm_v1_20260725_sess02_pos3_ptx_f16_g48_s1024_cache_reuse_candidate_probe_ptx_f16_g48_s00_p03,probe_after,3,2,19,139649.498321,139649.499731,139649.499026,0.00140969100175,9.53415276451,5138310835,true,true
softmax_1784950916634_softmax_full_f16io_f32acc_ptx_ex2_approx_f16_r3,softmax_oratc_targeted_g48s1024_confirm_v1_20260725_sess02_pos3_ptx_f16_g48_s1024_cache_reuse_candidate_probe_ptx_f16_g48_s00_p03,probe_after,3,2,20,139649.999889,139650.001265,139650.000577,0.00137599097798,10.0357034545,5138431348,true,true
softmax_1784950916634_softmax_full_f16io_f32acc_ptx_ex2_approx_f16_r3,softmax_oratc_targeted_g48s1024_confirm_v1_20260725_sess02_pos3_ptx_f16_g48_s1024_cache_reuse_candidate_probe_ptx_f16_g48_s00_p03,probe_after,3,2,21,139650.501379,139650.502757,139650.502068,0.00137809099397,10.5371944685,5138551163,true,true
softmax_1784950916634_softmax_full_f16io_f32acc_ptx_ex2_approx_f16_r3,softmax_oratc_targeted_g48s1024_confirm_v1_20260725_sess02_pos3_ptx_f16_g48_s1024_cache_reuse_candidate_probe_ptx_f16_g48_s00_p03,probe_after,3,2,22,139651.002914,139651.004225,139651.003569,0.00131149200024,11.03869588,5138670670,true,true
softmax_1784950916634_softmax_full_f16io_f32acc_ptx_ex2_approx_f16_r3,softmax_oratc_targeted_g48s1024_confirm_v1_20260725_sess02_pos3_ptx_f16_g48_s1024_cache_reuse_candidate_probe_ptx_f16_g48_s00_p03,probe_after,3,2,23,139651.504347,139651.505744,139651.505046,0.00139709099312,11.5401721145,5138789935,true,false
softmax_1784950916634_softmax_full_f16io_f32acc_ptx_ex2_approx_f16_r3,softmax_oratc_targeted_g48s1024_confirm_v1_20260725_sess02_pos3_ptx_f16_g48_s1024_cache_reuse_candidate_probe_ptx_f16_g48_s00_p03,probe_after,3,2,24,139652.005828,139652.007204,139652.006516,0.00137609199737,12.041642796,5138907724,true,false
softmax_1784950916634_softmax_full_f16io_f32acc_ptx_ex2_approx_f16_r3,softmax_oratc_targeted_g48s1024_confirm_v1_20260725_sess02_pos3_ptx_f16_g48_s1024_cache_reuse_candidate_probe_ptx_f16_g48_s00_p03,probe_after,3,2,25,139652.328531,139652.332099,139652.330315,0.00356781302253,12.3654414715,5138962437,true,false
softmax_1784950929010_softmax_full_f16io_f32acc_ptx_ex2_approx_f16_r4,softmax_oratc_targeted_g48s1024_confirm_v1_20260725_sess02_pos3_ptx_f16_g48_s1024_cache_reuse_candidate_probe_ptx_f16_g48_s00_p04,probe_before,4,0,0,139652.339574,139652.340964,139652.340269,0.00138950601104,-0.000701552984538,5138962437,false,false
softmax_1784950929010_softmax_full_f16io_f32acc_ptx_ex2_approx_f16_r4,softmax_oratc_targeted_g48s1024_confirm_v1_20260725_sess02_pos3_ptx_f16_g48_s1024_cache_reuse_candidate_probe_ptx_f16_g48_s00_p04,probe_before,4,0,1,139652.841284,139652.842677,139652.84198,0.0013921050122,0.501010045497,5139078019,true,false
softmax_1784950929010_softmax_full_f16io_f32acc_ptx_ex2_approx_f16_r4,softmax_oratc_targeted_g48s1024_confirm_v1_20260725_sess02_pos3_ptx_f16_g48_s1024_cache_reuse_candidate_probe_ptx_f16_g48_s00_p04,probe_before,4,0,2,139653.342793,139653.3442,139653.343497,0.00140730501153,1.0025263445,5139197488,true,false
softmax_1784950929010_softmax_full_f16io_f32acc_ptx_ex2_approx_f16_r4,softmax_oratc_targeted_g48s1024_confirm_v1_20260725_sess02_pos3_ptx_f16_g48_s1024_cache_reuse_candidate_probe_ptx_f16_g48_s00_p04,probe_before,4,0,3,139653.844329,139653.845671,139653.845,0.00134190599783,1.50402951203,5139316386,true,true
softmax_1784950929010_softmax_full_f16io_f32acc_ptx_ex2_approx_f16_r4,softmax_oratc_targeted_g48s1024_confirm_v1_20260725_sess02_pos3_ptx_f16_g48_s1024_cache_reuse_candidate_probe_ptx_f16_g48_s00_p04,probe_before,4,0,4,139654.3458,139654.34744,139654.34662,0.00163940698258,2.00564963152,5139434677,true,true
softmax_1784950929010_softmax_full_f16io_f32acc_ptx_ex2_approx_f16_r4,softmax_oratc_targeted_g48s1024_confirm_v1_20260725_sess02_pos3_ptx_f16_g48_s1024_cache_reuse_candidate_probe_ptx_f16_g48_s00_p04,probe_before,4,0,5,139654.847599,139654.851262,139654.84943,0.00366351599223,2.50845992498,5139552543,true,true
softmax_1784950929010_softmax_full_f16io_f32acc_ptx_ex2_approx_f16_r4,softmax_oratc_targeted_g48s1024_confirm_v1_20260725_sess02_pos3_ptx_f16_g48_s1024_cache_reuse_candidate_probe_ptx_f16_g48_s00_p04,probe_before,4,0,6,139655.351385,139655.352791,139655.352088,0.00140650599496,3.01111767002,5139674619,true,true
softmax_1784950929010_softmax_full_f16io_f32acc_ptx_ex2_approx_f16_r4,softmax_oratc_targeted_g48s1024_confirm_v1_20260725_sess02_pos3_ptx_f16_g48_s1024_cache_reuse_candidate_probe_ptx_f16_g48_s00_p04,probe_before,4,0,7,139655.852919,139655.854283,139655.853601,0.00136470599682,3.512630677,5139796484,true,true
softmax_1784950929010_softmax_full_f16io_f32acc_ptx_ex2_approx_f16_r4,softmax_oratc_targeted_g48s1024_confirm_v1_20260725_sess02_pos3_ptx_f16_g48_s1024_cache_reuse_candidate_probe_ptx_f16_g48_s00_p04,probe_before,4,0,8,139656.354409,139656.355819,139656.355114,0.00141020701267,4.0141439375,5139918133,true,true
softmax_1784950929010_softmax_full_f16io_f32acc_ptx_ex2_approx_f16_r4,softmax_oratc_targeted_g48s1024_confirm_v1_20260725_sess02_pos3_ptx_f16_g48_s1024_cache_reuse_candidate_probe_ptx_f16_g48_s00_p04,probe_before,4,0,9,139656.85597,139656.857355,139656.856662,0.00138550600968,4.515692065,5140039496,true,true
softmax_1784950929010_softmax_full_f16io_f32acc_ptx_ex2_approx_f16_r4,softmax_oratc_targeted_g48s1024_confirm_v1_20260725_sess02_pos3_ptx_f16_g48_s1024_cache_reuse_candidate_probe_ptx_f16_g48_s00_p04,probe_before,4,0,10,139657.357531,139657.358927,139657.358229,0.00139559298987,5.0172584735,5140160180,true,true
softmax_1784950929010_softmax_full_f16io_f32acc_ptx_ex2_approx_f16_r4,softmax_oratc_targeted_g48s1024_confirm_v1_20260725_sess02_pos3_ptx_f16_g48_s1024_cache_reuse_candidate_probe_ptx_f16_g48_s00_p04,probe_before,4,0,11,139657.859077,139657.860503,139657.85979,0.00142629200127,5.51881978501,5140280236,true,true
softmax_1784950929010_softmax_full_f16io_f32acc_ptx_ex2_approx_f16_r4,softmax_oratc_targeted_g48s1024_confirm_v1_20260725_sess02_pos3_ptx_f16_g48_s1024_cache_reuse_candidate_probe_ptx_f16_g48_s00_p04,probe_before,4,0,12,139658.360636,139658.361985,139658.361311,0.00134929301566,6.02034035049,5140399755,true,true
softmax_1784950929010_softmax_full_f16io_f32acc_ptx_ex2_approx_f16_r4,softmax_oratc_targeted_g48s1024_confirm_v1_20260725_sess02_pos3_ptx_f16_g48_s1024_cache_reuse_candidate_probe_ptx_f16_g48_s00_p04,probe_before,4,0,13,139658.862141,139658.863535,139658.862838,0.00139409201802,6.52186728202,5140518667,true,true
softmax_1784950929010_softmax_full_f16io_f32acc_ptx_ex2_approx_f16_r4,softmax_oratc_targeted_g48s1024_confirm_v1_20260725_sess02_pos3_ptx_f16_g48_s1024_cache_reuse_candidate_probe_ptx_f16_g48_s00_p04,probe_before,4,0,14,139659.363695,139659.365067,139659.364381,0.00137149199145,7.02341041699,5140637427,true,true
softmax_1784950929010_softmax_full_f16io_f32acc_ptx_ex2_approx_f16_r4,softmax_oratc_targeted_g48s1024_confirm_v1_20260725_sess02_pos3_ptx_f16_g48_s1024_cache_reuse_candidate_probe_ptx_f16_g48_s00_p04,probe_before,4,0,15,139659.865236,139659.869684,139659.86746,0.00444797601085,7.52648945901,5140756011,true,true
softmax_1784950929010_softmax_full_f16io_f32acc_ptx_ex2_approx_f16_r4,softmax_oratc_targeted_g48s1024_confirm_v1_20260725_sess02_pos3_ptx_f16_g48_s1024_cache_reuse_candidate_probe_ptx_f16_g48_s00_p04,probe_before,4,0,16,139660.36985,139660.371208,139660.370529,0.00135849299841,8.02955880651,5140878550,true,true
softmax_1784950929010_softmax_full_f16io_f32acc_ptx_ex2_approx_f16_r4,softmax_oratc_targeted_g48s1024_confirm_v1_20260725_sess02_pos3_ptx_f16_g48_s1024_cache_reuse_candidate_probe_ptx_f16_g48_s00_p04,probe_before,4,0,17,139660.871334,139660.872673,139660.872003,0.00133890498546,8.53103266252,5141000819,true,true
softmax_1784950929010_softmax_full_f16io_f32acc_ptx_ex2_approx_f16_r4,softmax_oratc_targeted_g48s1024_confirm_v1_20260725_sess02_pos3_ptx_f16_g48_s1024_cache_reuse_candidate_probe_ptx_f16_g48_s00_p04,probe_before,4,0,18,139661.372785,139661.37414,139661.373462,0.00135520601179,9.03249201301,5141122314,true,true
softmax_1784950929010_softmax_full_f16io_f32acc_ptx_ex2_approx_f16_r4,softmax_oratc_targeted_g48s1024_confirm_v1_20260725_sess02_pos3_ptx_f16_g48_s1024_cache_reuse_candidate_probe_ptx_f16_g48_s00_p04,probe_before,4,0,19,139661.874297,139661.87569,139661.874994,0.00139300600858,9.53402307801,5141243402,true,true
softmax_1784950929010_softmax_full_f16io_f32acc_ptx_ex2_approx_f16_r4,softmax_oratc_targeted_g48s1024_confirm_v1_20260725_sess02_pos3_ptx_f16_g48_s1024_cache_reuse_candidate_probe_ptx_f16_g48_s00_p04,probe_before,4,0,20,139662.375851,139662.377211,139662.376531,0.0013601059909,10.035560498,5141363942,true,true
softmax_1784950929010_softmax_full_f16io_f32acc_ptx_ex2_approx_f16_r4,softmax_oratc_targeted_g48s1024_confirm_v1_20260725_sess02_pos3_ptx_f16_g48_s1024_cache_reuse_candidate_probe_ptx_f16_g48_s00_p04,probe_before,4,0,21,139662.877368,139662.879088,139662.878228,0.00171960698208,10.5372576825,5141483865,true,true
softmax_1784950929010_softmax_full_f16io_f32acc_ptx_ex2_approx_f16_r4,softmax_oratc_targeted_g48s1024_confirm_v1_20260725_sess02_pos3_ptx_f16_g48_s1024_cache_reuse_candidate_probe_ptx_f16_g48_s00_p04,probe_before,4,0,22,139663.379256,139663.38067,139663.379963,0.00141430599615,11.038992373,5141603525,true,true
softmax_1784950929010_softmax_full_f16io_f32acc_ptx_ex2_approx_f16_r4,softmax_oratc_targeted_g48s1024_confirm_v1_20260725_sess02_pos3_ptx_f16_g48_s1024_cache_reuse_candidate_probe_ptx_f16_g48_s00_p04,probe_before,4,0,23,139663.880825,139663.882426,139663.881625,0.0016013069835,11.5406550755,5141747557,true,false
softmax_1784950929010_softmax_full_f16io_f32acc_ptx_ex2_approx_f16_r4,softmax_oratc_targeted_g48s1024_confirm_v1_20260725_sess02_pos3_ptx_f16_g48_s1024_cache_reuse_candidate_probe_ptx_f16_g48_s00_p04,probe_before,4,0,24,139664.382585,139664.383886,139664.383235,0.00130140499095,12.0422648345,5141869304,true,false
softmax_1784950929010_softmax_full_f16io_f32acc_ptx_ex2_approx_f16_r4,softmax_oratc_targeted_g48s1024_confirm_v1_20260725_sess02_pos3_ptx_f16_g48_s1024_cache_reuse_candidate_probe_ptx_f16_g48_s00_p04,probe_before,4,0,25,139664.701852,139664.703263,139664.702557,0.00141150600393,12.36158693,5141927098,true,false
softmax_1784950941384_softmax_full_f16io_f32acc_ptx_ex2_approx_f16_r4,softmax_oratc_targeted_g48s1024_confirm_v1_20260725_sess02_pos3_ptx_f16_g48_s1024_cache_reuse_candidate_probe_ptx_f16_g48_s00_p04,full,4,1,0,139664.714314,139664.715544,139664.714929,0.00123010601965,-0.000620953011094,5141927098,false,false
softmax_1784950941384_softmax_full_f16io_f32acc_ptx_ex2_approx_f16_r4,softmax_oratc_targeted_g48s1024_confirm_v1_20260725_sess02_pos3_ptx_f16_g48_s1024_cache_reuse_candidate_probe_ptx_f16_g48_s00_p04,full,4,1,1,139665.215828,139665.217209,139665.216518,0.00138059302117,0.500968354492,5142041723,true,false
softmax_1784950941384_softmax_full_f16io_f32acc_ptx_ex2_approx_f16_r4,softmax_oratc_targeted_g48s1024_confirm_v1_20260725_sess02_pos3_ptx_f16_g48_s1024_cache_reuse_candidate_probe_ptx_f16_g48_s00_p04,full,4,1,2,139665.717367,139665.719538,139665.718453,0.00217128900113,1.00290284751,5142162046,true,false
softmax_1784950941384_softmax_full_f16io_f32acc_ptx_ex2_approx_f16_r4,softmax_oratc_targeted_g48s1024_confirm_v1_20260725_sess02_pos3_ptx_f16_g48_s1024_cache_reuse_candidate_probe_ptx_f16_g48_s00_p04,full,4,1,3,139666.219665,139666.221057,139666.220361,0.00139229299384,1.50481080651,5142281673,true,true
softmax_1784950941384_softmax_full_f16io_f32acc_ptx_ex2_approx_f16_r4,softmax_oratc_targeted_g48s1024_confirm_v1_20260725_sess02_pos3_ptx_f16_g48_s1024_cache_reuse_candidate_probe_ptx_f16_g48_s00_p04,full,4,1,4,139666.721177,139666.72262,139666.721898,0.00144309300231,2.00634822052,5142400721,true,true
softmax_1784950941384_softmax_full_f16io_f32acc_ptx_ex2_approx_f16_r4,softmax_oratc_targeted_g48s1024_confirm_v1_20260725_sess02_pos3_ptx_f16_g48_s1024_cache_reuse_candidate_probe_ptx_f16_g48_s00_p04,full,4,1,5,139667.222748,139667.227624,139667.225186,0.00487647601403,2.50963584101,5142519412,true,true
softmax_1784950941384_softmax_full_f16io_f32acc_ptx_ex2_approx_f16_r4,softmax_oratc_targeted_g48s1024_confirm_v1_20260725_sess02_pos3_ptx_f16_g48_s1024_cache_reuse_candidate_probe_ptx_f16_g48_s00_p04,full,4,1,6,139667.727776,139667.729195,139667.728486,0.00141889299266,3.0129359155,5142642062,true,true
softmax_1784950941384_softmax_full_f16io_f32acc_ptx_ex2_approx_f16_r4,softmax_oratc_targeted_g48s1024_confirm_v1_20260725_sess02_pos3_ptx_f16_g48_s1024_cache_reuse_candidate_probe_ptx_f16_g48_s00_p04,full,4,1,7,139668.229314,139668.230672,139668.229993,0.00135829299688,3.5144429135,5142764593,true,true
softmax_1784950941384_softmax_full_f16io_f32acc_ptx_ex2_approx_f16_r4,softmax_oratc_targeted_g48s1024_confirm_v1_20260725_sess02_pos3_ptx_f16_g48_s1024_cache_reuse_candidate_probe_ptx_f16_g48_s00_p04,full,4,1,8,139668.730786,139668.732207,139668.731497,0.00142050499562,4.0159466725,5142886822,true,true
softmax_1784950941384_softmax_full_f16io_f32acc_ptx_ex2_approx_f16_r4,softmax_oratc_targeted_g48s1024_confirm_v1_20260725_sess02_pos3_ptx_f16_g48_s1024_cache_reuse_candidate_probe_ptx_f16_g48_s00_p04,full,4,1,9,139669.232322,139669.233681,139669.233001,0.00135890601086,4.51745145602,5143008577,true,true
softmax_1784950941384_softmax_full_f16io_f32acc_ptx_ex2_approx_f16_r4,softmax_oratc_targeted_g48s1024_confirm_v1_20260725_sess02_pos3_ptx_f16_g48_s1024_cache_reuse_candidate_probe_ptx_f16_g48_s00_p04,full,4,1,10,139669.733842,139669.735342,139669.734592,0.00150020598085,5.01904224299,5143129718,true,true
softmax_1784950941384_softmax_full_f16io_f32acc_ptx_ex2_approx_f16_r4,softmax_oratc_targeted_g48s1024_confirm_v1_20260725_sess02_pos3_ptx_f16_g48_s1024_cache_reuse_candidate_probe_ptx_f16_g48_s00_p04,full,4,1,11,139670.235457,139670.236851,139670.236154,0.0013939049968,5.52060414452,5143250242,true,true
softmax_1784950941384_softmax_full_f16io_f32acc_ptx_ex2_approx_f16_r4,softmax_oratc_targeted_g48s1024_confirm_v1_20260725_sess02_pos3_ptx_f16_g48_s1024_cache_reuse_candidate_probe_ptx_f16_g48_s00_p04,full,4,1,12,139670.73701,139670.738424,139670.737717,0.00141420599539,6.02216690002,5143370206,true,true
softmax_1784950941384_softmax_full_f16io_f32acc_ptx_ex2_approx_f16_r4,softmax_oratc_targeted_g48s1024_confirm_v1_20260725_sess02_pos3_ptx_f16_g48_s1024_cache_reuse_candidate_probe_ptx_f16_g48_s00_p04,full,4,1,13,139671.238548,139671.239957,139671.239253,0.00140910598566,6.52370276899,5143489622,true,true
softmax_1784950941384_softmax_full_f16io_f32acc_ptx_ex2_approx_f16_r4,softmax_oratc_targeted_g48s1024_confirm_v1_20260725_sess02_pos3_ptx_f16_g48_s1024_cache_reuse_candidate_probe_ptx_f16_g48_s00_p04,full,4,1,14,139671.740076,139671.741494,139671.740785,0.00141850599903,7.025235143,5143608863,true,true
softmax_1784950941384_softmax_full_f16io_f32acc_ptx_ex2_approx_f16_r4,softmax_oratc_targeted_g48s1024_confirm_v1_20260725_sess02_pos3_ptx_f16_g48_s1024_cache_reuse_candidate_probe_ptx_f16_g48_s00_p04,full,4,1,15,139672.241624,139672.245956,139672.24379,0.00433201898704,7.52824038549,5143727806,true,true
softmax_1784950941384_softmax_full_f16io_f32acc_ptx_ex2_approx_f16_r4,softmax_oratc_targeted_g48s1024_confirm_v1_20260725_sess02_pos3_ptx_f16_g48_s1024_cache_reuse_candidate_probe_ptx_f16_g48_s00_p04,full,4,1,16,139672.746105,139672.747502,139672.746804,0.00139620600385,8.03125363399,5143850790,true,true
softmax_1784950941384_softmax_full_f16io_f32acc_ptx_ex2_approx_f16_r4,softmax_oratc_targeted_g48s1024_confirm_v1_20260725_sess02_pos3_ptx_f16_g48_s1024_cache_reuse_candidate_probe_ptx_f16_g48_s00_p04,full,4,1,17,139673.247661,139673.249091,139673.248376,0.00143009301974,8.5328260645,5143973303,true,true
softmax_1784950941384_softmax_full_f16io_f32acc_ptx_ex2_approx_f16_r4,softmax_oratc_targeted_g48s1024_confirm_v1_20260725_sess02_pos3_ptx_f16_g48_s1024_cache_reuse_candidate_probe_ptx_f16_g48_s00_p04,full,4,1,18,139673.749235,139673.750614,139673.749925,0.00137899300898,9.03437474152,5144095335,true,true
softmax_1784950941384_softmax_full_f16io_f32acc_ptx_ex2_approx_f16_r4,softmax_oratc_targeted_g48s1024_confirm_v1_20260725_sess02_pos3_ptx_f16_g48_s1024_cache_reuse_candidate_probe_ptx_f16_g48_s00_p04,full,4,1,19,139674.25073,139674.252155,139674.251442,0.00142539298395,9.5358923795,5144216737,true,true
softmax_1784950941384_softmax_full_f16io_f32acc_ptx_ex2_approx_f16_r4,softmax_oratc_targeted_g48s1024_confirm_v1_20260725_sess02_pos3_ptx_f16_g48_s1024_cache_reuse_candidate_probe_ptx_f16_g48_s00_p04,full,4,1,20,139674.752305,139674.753647,139674.752976,0.00134219398024,10.037426074,5144337554,true,true
softmax_1784950941384_softmax_full_f16io_f32acc_ptx_ex2_approx_f16_r4,softmax_oratc_targeted_g48s1024_confirm_v1_20260725_sess02_pos3_ptx_f16_g48_s1024_cache_reuse_candidate_probe_ptx_f16_g48_s00_p04,full,4,1,21,139675.25377,139675.255191,139675.254481,0.00142109399894,10.53893083,5144457785,true,true
softmax_1784950941384_softmax_full_f16io_f32acc_ptx_ex2_approx_f16_r4,softmax_oratc_targeted_g48s1024_confirm_v1_20260725_sess02_pos3_ptx_f16_g48_s1024_cache_reuse_candidate_probe_ptx_f16_g48_s00_p04,full,4,1,22,139675.755359,139675.756773,139675.756066,0.00141409301432,11.0405159915,5144577854,true,true
softmax_1784950941384_softmax_full_f16io_f32acc_ptx_ex2_approx_f16_r4,softmax_oratc_targeted_g48s1024_confirm_v1_20260725_sess02_pos3_ptx_f16_g48_s1024_cache_reuse_candidate_probe_ptx_f16_g48_s00_p04,full,4,1,23,139676.256891,139676.258291,139676.257591,0.00139919301728,11.5420410145,5144697659,true,false
softmax_1784950941384_softmax_full_f16io_f32acc_ptx_ex2_approx_f16_r4,softmax_oratc_targeted_g48s1024_confirm_v1_20260725_sess02_pos3_ptx_f16_g48_s1024_cache_reuse_candidate_probe_ptx_f16_g48_s00_p04,full,4,1,24,139676.758451,139676.759791,139676.759121,0.00134010601323,12.043571413,5144816678,true,false
softmax_1784950941384_softmax_full_f16io_f32acc_ptx_ex2_approx_f16_r4,softmax_oratc_targeted_g48s1024_confirm_v1_20260725_sess02_pos3_ptx_f16_g48_s1024_cache_reuse_candidate_probe_ptx_f16_g48_s00_p04,full,4,1,25,139677.060908,139677.064394,139677.062651,0.0034854139958,12.347101163,5144874915,true,false
softmax_1784950953742_softmax_full_f16io_f32acc_ptx_ex2_approx_f16_r4,softmax_oratc_targeted_g48s1024_confirm_v1_20260725_sess02_pos3_ptx_f16_g48_s1024_cache_reuse_candidate_probe_ptx_f16_g48_s00_p04,probe_after,4,2,0,139677.072284,139677.073495,139677.07289,0.00121130500338,-0.000612052506767,5144874915,false,false
softmax_1784950953742_softmax_full_f16io_f32acc_ptx_ex2_approx_f16_r4,softmax_oratc_targeted_g48s1024_confirm_v1_20260725_sess02_pos3_ptx_f16_g48_s1024_cache_reuse_candidate_probe_ptx_f16_g48_s00_p04,probe_after,4,2,1,139677.573906,139677.575281,139677.574594,0.00137550599175,0.501091663988,5144988361,true,false
softmax_1784950953742_softmax_full_f16io_f32acc_ptx_ex2_approx_f16_r4,softmax_oratc_targeted_g48s1024_confirm_v1_20260725_sess02_pos3_ptx_f16_g48_s1024_cache_reuse_candidate_probe_ptx_f16_g48_s00_p04,probe_after,4,2,2,139678.075446,139678.076819,139678.076133,0.00137330501457,1.0026308145,5145107712,true,false
softmax_1784950953742_softmax_full_f16io_f32acc_ptx_ex2_approx_f16_r4,softmax_oratc_targeted_g48s1024_confirm_v1_20260725_sess02_pos3_ptx_f16_g48_s1024_cache_reuse_candidate_probe_ptx_f16_g48_s00_p04,probe_after,4,2,3,139678.576978,139678.57843,139678.577704,0.00145230599446,1.50420229699,5145251214,true,true
softmax_1784950953742_softmax_full_f16io_f32acc_ptx_ex2_approx_f16_r4,softmax_oratc_targeted_g48s1024_confirm_v1_20260725_sess02_pos3_ptx_f16_g48_s1024_cache_reuse_candidate_probe_ptx_f16_g48_s00_p04,probe_after,4,2,4,139679.078581,139679.083782,139679.081181,0.00520112199592,2.00767952297,5145373958,true,true
softmax_1784950953742_softmax_full_f16io_f32acc_ptx_ex2_approx_f16_r4,softmax_oratc_targeted_g48s1024_confirm_v1_20260725_sess02_pos3_ptx_f16_g48_s1024_cache_reuse_candidate_probe_ptx_f16_g48_s00_p04,probe_after,4,2,5,139679.58394,139679.585324,139679.584632,0.00138420599978,2.51112993099,5145495885,true,true
softmax_1784950953742_softmax_full_f16io_f32acc_ptx_ex2_approx_f16_r4,softmax_oratc_targeted_g48s1024_confirm_v1_20260725_sess02_pos3_ptx_f16_g48_s1024_cache_reuse_candidate_probe_ptx_f16_g48_s00_p04,probe_after,4,2,6,139680.085495,139680.086902,139680.086198,0.00140740600182,3.01269661498,5145617446,true,true
softmax_1784950953742_softmax_full_f16io_f32acc_ptx_ex2_approx_f16_r4,softmax_oratc_targeted_g48s1024_confirm_v1_20260725_sess02_pos3_ptx_f16_g48_s1024_cache_reuse_candidate_probe_ptx_f16_g48_s00_p04,probe_after,4,2,7,139680.587062,139680.588396,139680.587729,0.00133420602651,3.51422683199,5145738816,true,true
softmax_1784950953742_softmax_full_f16io_f32acc_ptx_ex2_approx_f16_r4,softmax_oratc_targeted_g48s1024_confirm_v1_20260725_sess02_pos3_ptx_f16_g48_s1024_cache_reuse_candidate_probe_ptx_f16_g48_s00_p04,probe_after,4,2,8,139681.088511,139681.089918,139681.089215,0.00140729302075,4.01571288149,5145860004,true,true
softmax_1784950953742_softmax_full_f16io_f32acc_ptx_ex2_approx_f16_r4,softmax_oratc_targeted_g48s1024_confirm_v1_20260725_sess02_pos3_ptx_f16_g48_s1024_cache_reuse_candidate_probe_ptx_f16_g48_s00_p04,probe_after,4,2,9,139681.59008,139681.591413,139681.590746,0.00133279399597,4.51724430401,5145980777,true,true
softmax_1784950953742_softmax_full_f16io_f32acc_ptx_ex2_approx_f16_r4,softmax_oratc_targeted_g48s1024_confirm_v1_20260725_sess02_pos3_ptx_f16_g48_s1024_cache_reuse_candidate_probe_ptx_f16_g48_s00_p04,probe_after,4,2,10,139682.091577,139682.092936,139682.092256,0.00135939399479,5.01875460899,5146100908,true,true
softmax_1784950953742_softmax_full_f16io_f32acc_ptx_ex2_approx_f16_r4,softmax_oratc_targeted_g48s1024_confirm_v1_20260725_sess02_pos3_ptx_f16_g48_s1024_cache_reuse_candidate_probe_ptx_f16_g48_s00_p04,probe_after,4,2,11,139682.593085,139682.59446,139682.593772,0.0013748939964,5.520270298,5146220455,true,true
softmax_1784950953742_softmax_full_f16io_f32acc_ptx_ex2_approx_f16_r4,softmax_oratc_targeted_g48s1024_confirm_v1_20260725_sess02_pos3_ptx_f16_g48_s1024_cache_reuse_candidate_probe_ptx_f16_g48_s00_p04,probe_after,4,2,12,139683.09462,139683.09599,139683.095305,0.00137009299942,6.02180336951,5146339347,true,true
softmax_1784950953742_softmax_full_f16io_f32acc_ptx_ex2_approx_f16_r4,softmax_oratc_targeted_g48s1024_confirm_v1_20260725_sess02_pos3_ptx_f16_g48_s1024_cache_reuse_candidate_probe_ptx_f16_g48_s00_p04,probe_after,4,2,13,139683.596141,139683.597533,139683.596837,0.00139159397804,6.52333512501,5146457890,true,true
softmax_1784950953742_softmax_full_f16io_f32acc_ptx_ex2_approx_f16_r4,softmax_oratc_targeted_g48s1024_confirm_v1_20260725_sess02_pos3_ptx_f16_g48_s1024_cache_reuse_candidate_probe_ptx_f16_g48_s00_p04,probe_after,4,2,14,139684.09772,139684.102199,139684.099959,0.00447978000739,7.02645755501,5146576231,true,true
softmax_1784950953742_softmax_full_f16io_f32acc_ptx_ex2_approx_f16_r4,softmax_oratc_targeted_g48s1024_confirm_v1_20260725_sess02_pos3_ptx_f16_g48_s1024_cache_reuse_candidate_probe_ptx_f16_g48_s00_p04,probe_after,4,2,15,139684.602332,139684.6037,139684.603016,0.00136809400283,7.52951447098,5146698542,true,true
softmax_1784950953742_softmax_full_f16io_f32acc_ptx_ex2_approx_f16_r4,softmax_oratc_targeted_g48s1024_confirm_v1_20260725_sess02_pos3_ptx_f16_g48_s1024_cache_reuse_candidate_probe_ptx_f16_g48_s00_p04,probe_after,4,2,16,139685.103895,139685.10532,139685.104608,0.00142500599031,8.03110601101,5146820453,true,true
softmax_1784950953742_softmax_full_f16io_f32acc_ptx_ex2_approx_f16_r4,softmax_oratc_targeted_g48s1024_confirm_v1_20260725_sess02_pos3_ptx_f16_g48_s1024_cache_reuse_candidate_probe_ptx_f16_g48_s00_p04,probe_after,4,2,17,139685.605485,139685.606891,139685.606188,0.00140580601874,8.53268603201,5146942024,true,true
softmax_1784950953742_softmax_full_f16io_f32acc_ptx_ex2_approx_f16_r4,softmax_oratc_targeted_g48s1024_confirm_v1_20260725_sess02_pos3_ptx_f16_g48_s1024_cache_reuse_candidate_probe_ptx_f16_g48_s00_p04,probe_after,4,2,18,139686.107054,139686.108429,139686.107741,0.001374606014,9.034239584,5147063114,true,true
softmax_1784950953742_softmax_full_f16io_f32acc_ptx_ex2_approx_f16_r4,softmax_oratc_targeted_g48s1024_confirm_v1_20260725_sess02_pos3_ptx_f16_g48_s1024_cache_reuse_candidate_probe_ptx_f16_g48_s00_p04,probe_after,4,2,19,139686.608591,139686.609962,139686.609277,0.00137090598582,9.53577492101,5147183618,true,true
softmax_1784950953742_softmax_full_f16io_f32acc_ptx_ex2_approx_f16_r4,softmax_oratc_targeted_g48s1024_confirm_v1_20260725_sess02_pos3_ptx_f16_g48_s1024_cache_reuse_candidate_probe_ptx_f16_g48_s00_p04,probe_after,4,2,20,139687.110128,139687.111567,139687.110848,0.00143990601646,10.037345639,5147303445,true,true
softmax_1784950953742_softmax_full_f16io_f32acc_ptx_ex2_approx_f16_r4,softmax_oratc_targeted_g48s1024_confirm_v1_20260725_sess02_pos3_ptx_f16_g48_s1024_cache_reuse_candidate_probe_ptx_f16_g48_s00_p04,probe_after,4,2,21,139687.611698,139687.614197,139687.612947,0.00249911099672,10.5394451945,5147422820,true,true
softmax_1784950953742_softmax_full_f16io_f32acc_ptx_ex2_approx_f16_r4,softmax_oratc_targeted_g48s1024_confirm_v1_20260725_sess02_pos3_ptx_f16_g48_s1024_cache_reuse_candidate_probe_ptx_f16_g48_s00_p04,probe_after,4,2,22,139688.114362,139688.115794,139688.115078,0.00143170601223,11.04157648,5147541771,true,true
softmax_1784950953742_softmax_full_f16io_f32acc_ptx_ex2_approx_f16_r4,softmax_oratc_targeted_g48s1024_confirm_v1_20260725_sess02_pos3_ptx_f16_g48_s1024_cache_reuse_candidate_probe_ptx_f16_g48_s00_p04,probe_after,4,2,23,139688.615961,139688.621021,139688.618491,0.00505972199608,11.544988908,5147660452,true,false
softmax_1784950953742_softmax_full_f16io_f32acc_ptx_ex2_approx_f16_r4,softmax_oratc_targeted_g48s1024_confirm_v1_20260725_sess02_pos3_ptx_f16_g48_s1024_cache_reuse_candidate_probe_ptx_f16_g48_s00_p04,probe_after,4,2,24,139689.121186,139689.122593,139689.12189,0.00140679199831,12.048387684,5147782057,true,false
softmax_1784950953742_softmax_full_f16io_f32acc_ptx_ex2_approx_f16_r4,softmax_oratc_targeted_g48s1024_confirm_v1_20260725_sess02_pos3_ptx_f16_g48_s1024_cache_reuse_candidate_probe_ptx_f16_g48_s00_p04,probe_after,4,2,25,139689.439614,139689.441054,139689.440334,0.0014401920198,12.366832391,5147841239,true,false
softmax_1784950966119_softmax_full_f16io_f32acc_ptx_ex2_approx_f16_r5,softmax_oratc_targeted_g48s1024_confirm_v1_20260725_sess02_pos3_ptx_f16_g48_s1024_cache_reuse_candidate_probe_ptx_f16_g48_s00_p05,full_before,5,0,0,139689.448721,139689.450066,139689.449393,0.00134499301203,-0.000679196498822,5147841239,false,false
softmax_1784950966119_softmax_full_f16io_f32acc_ptx_ex2_approx_f16_r5,softmax_oratc_targeted_g48s1024_confirm_v1_20260725_sess02_pos3_ptx_f16_g48_s1024_cache_reuse_candidate_probe_ptx_f16_g48_s00_p05,full_before,5,0,1,139689.950334,139689.951921,139689.951128,0.00158769098925,0.501055271481,5147955543,true,false
softmax_1784950966119_softmax_full_f16io_f32acc_ptx_ex2_approx_f16_r5,softmax_oratc_targeted_g48s1024_confirm_v1_20260725_sess02_pos3_ptx_f16_g48_s1024_cache_reuse_candidate_probe_ptx_f16_g48_s00_p05,full_before,5,0,2,139690.452052,139690.453531,139690.452791,0.00147819201811,1.00271915499,5148075360,true,false
softmax_1784950966119_softmax_full_f16io_f32acc_ptx_ex2_approx_f16_r5,softmax_oratc_targeted_g48s1024_confirm_v1_20260725_sess02_pos3_ptx_f16_g48_s1024_cache_reuse_candidate_probe_ptx_f16_g48_s00_p05,full_before,5,0,3,139690.953696,139690.955042,139690.954369,0.00134569301736,1.50429658851,5148194591,true,true
softmax_1784950966119_softmax_full_f16io_f32acc_ptx_ex2_approx_f16_r5,softmax_oratc_targeted_g48s1024_confirm_v1_20260725_sess02_pos3_ptx_f16_g48_s1024_cache_reuse_candidate_probe_ptx_f16_g48_s00_p05,full_before,5,0,4,139691.455162,139691.459849,139691.457506,0.00468707599794,2.00743338,5148313192,true,true
softmax_1784950966119_softmax_full_f16io_f32acc_ptx_ex2_approx_f16_r5,softmax_oratc_targeted_g48s1024_confirm_v1_20260725_sess02_pos3_ptx_f16_g48_s1024_cache_reuse_candidate_probe_ptx_f16_g48_s00_p05,full_before,5,0,5,139691.959979,139691.961386,139691.960683,0.00140669298708,2.51061022049,5148435714,true,true
softmax_1784950966119_softmax_full_f16io_f32acc_ptx_ex2_approx_f16_r5,softmax_oratc_targeted_g48s1024_confirm_v1_20260725_sess02_pos3_ptx_f16_g48_s1024_cache_reuse_candidate_probe_ptx_f16_g48_s00_p05,full_before,5,0,6,139692.46153,139692.463028,139692.462279,0.00149829199654,3.01220648602,5148558026,true,true
softmax_1784950966119_softmax_full_f16io_f32acc_ptx_ex2_approx_f16_r5,softmax_oratc_targeted_g48s1024_confirm_v1_20260725_sess02_pos3_ptx_f16_g48_s1024_cache_reuse_candidate_probe_ptx_f16_g48_s00_p05,full_before,5,0,7,139692.963197,139692.964592,139692.963895,0.00139500602381,3.513822248,5148680078,true,true
softmax_1784950966119_softmax_full_f16io_f32acc_ptx_ex2_approx_f16_r5,softmax_oratc_targeted_g48s1024_confirm_v1_20260725_sess02_pos3_ptx_f16_g48_s1024_cache_reuse_candidate_probe_ptx_f16_g48_s00_p05,full_before,5,0,8,139693.464767,139693.466184,139693.465475,0.00141700598761,4.01540293102,5148801858,true,true
softmax_1784950966119_softmax_full_f16io_f32acc_ptx_ex2_approx_f16_r5,softmax_oratc_targeted_g48s1024_confirm_v1_20260725_sess02_pos3_ptx_f16_g48_s1024_cache_reuse_candidate_probe_ptx_f16_g48_s00_p05,full_before,5,0,9,139693.96635,139693.967716,139693.967033,0.00136600498809,4.5169603625,5148923122,true,true
softmax_1784950966119_softmax_full_f16io_f32acc_ptx_ex2_approx_f16_r5,softmax_oratc_targeted_g48s1024_confirm_v1_20260725_sess02_pos3_ptx_f16_g48_s1024_cache_reuse_candidate_probe_ptx_f16_g48_s00_p05,full_before,5,0,10,139694.467844,139694.469567,139694.468706,0.0017224070034,5.0186332115,5149043858,true,true
softmax_1784950966119_softmax_full_f16io_f32acc_ptx_ex2_approx_f16_r5,softmax_oratc_targeted_g48s1024_confirm_v1_20260725_sess02_pos3_ptx_f16_g48_s1024_cache_reuse_candidate_probe_ptx_f16_g48_s00_p05,full_before,5,0,11,139694.969721,139694.971112,139694.970417,0.00139040598879,5.52034420799,5149163930,true,true
softmax_1784950966119_softmax_full_f16io_f32acc_ptx_ex2_approx_f16_r5,softmax_oratc_targeted_g48s1024_confirm_v1_20260725_sess02_pos3_ptx_f16_g48_s1024_cache_reuse_candidate_probe_ptx_f16_g48_s00_p05,full_before,5,0,12,139695.471235,139695.47266,139695.471947,0.00142550599412,6.02187517099,5149308064,true,true
softmax_1784950966119_softmax_full_f16io_f32acc_ptx_ex2_approx_f16_r5,softmax_oratc_targeted_g48s1024_confirm_v1_20260725_sess02_pos3_ptx_f16_g48_s1024_cache_reuse_candidate_probe_ptx_f16_g48_s00_p05,full_before,5,0,13,139695.972819,139695.974123,139695.973471,0.00130400501075,6.52339878149,5149431315,true,true
softmax_1784950966119_softmax_full_f16io_f32acc_ptx_ex2_approx_f16_r5,softmax_oratc_targeted_g48s1024_confirm_v1_20260725_sess02_pos3_ptx_f16_g48_s1024_cache_reuse_candidate_probe_ptx_f16_g48_s00_p05,full_before,5,0,14,139696.47425,139696.478355,139696.476303,0.00410471897339,7.0262305155,5149554614,true,true
softmax_1784950966119_softmax_full_f16io_f32acc_ptx_ex2_approx_f16_r5,softmax_oratc_targeted_g48s1024_confirm_v1_20260725_sess02_pos3_ptx_f16_g48_s1024_cache_reuse_candidate_probe_ptx_f16_g48_s00_p05,full_before,5,0,15,139696.978487,139696.979853,139696.97917,0.00136540600215,7.52909749601,5149677447,true,true
softmax_1784950966119_softmax_full_f16io_f32acc_ptx_ex2_approx_f16_r5,softmax_oratc_targeted_g48s1024_confirm_v1_20260725_sess02_pos3_ptx_f16_g48_s1024_cache_reuse_candidate_probe_ptx_f16_g48_s00_p05,full_before,5,0,16,139697.479943,139697.481285,139697.480614,0.00134199298918,8.0305412765,5149800085,true,true
softmax_1784950966119_softmax_full_f16io_f32acc_ptx_ex2_approx_f16_r5,softmax_oratc_targeted_g48s1024_confirm_v1_20260725_sess02_pos3_ptx_f16_g48_s1024_cache_reuse_candidate_probe_ptx_f16_g48_s00_p05,full_before,5,0,17,139697.981444,139697.982798,139697.982121,0.00135319298715,8.53204870952,5149922365,true,true
softmax_1784950966119_softmax_full_f16io_f32acc_ptx_ex2_approx_f16_r5,softmax_oratc_targeted_g48s1024_confirm_v1_20260725_sess02_pos3_ptx_f16_g48_s1024_cache_reuse_candidate_probe_ptx_f16_g48_s00_p05,full_before,5,0,18,139698.482918,139698.484393,139698.483655,0.0014751930139,9.03358306151,5150044079,true,true
softmax_1784950966119_softmax_full_f16io_f32acc_ptx_ex2_approx_f16_r5,softmax_oratc_targeted_g48s1024_confirm_v1_20260725_sess02_pos3_ptx_f16_g48_s1024_cache_reuse_candidate_probe_ptx_f16_g48_s00_p05,full_before,5,0,19,139698.984561,139698.9859,139698.985231,0.0013390929962,9.53515830851,5150165180,true,true
softmax_1784950966119_softmax_full_f16io_f32acc_ptx_ex2_approx_f16_r5,softmax_oratc_targeted_g48s1024_confirm_v1_20260725_sess02_pos3_ptx_f16_g48_s1024_cache_reuse_candidate_probe_ptx_f16_g48_s00_p05,full_before,5,0,20,139699.48606,139699.487406,139699.486733,0.00134559397702,10.036660575,5150285635,true,true
softmax_1784950966119_softmax_full_f16io_f32acc_ptx_ex2_approx_f16_r5,softmax_oratc_targeted_g48s1024_confirm_v1_20260725_sess02_pos3_ptx_f16_g48_s1024_cache_reuse_candidate_probe_ptx_f16_g48_s00_p05,full_before,5,0,21,139699.987561,139699.988961,139699.988261,0.00140039299731,10.5381886365,5150405690,true,true
softmax_1784950966119_softmax_full_f16io_f32acc_ptx_ex2_approx_f16_r5,softmax_oratc_targeted_g48s1024_confirm_v1_20260725_sess02_pos3_ptx_f16_g48_s1024_cache_reuse_candidate_probe_ptx_f16_g48_s00_p05,full_before,5,0,22,139700.489075,139700.490449,139700.489762,0.00137379299849,11.0396897175,5150525537,true,true
softmax_1784950966119_softmax_full_f16io_f32acc_ptx_ex2_approx_f16_r5,softmax_oratc_targeted_g48s1024_confirm_v1_20260725_sess02_pos3_ptx_f16_g48_s1024_cache_reuse_candidate_probe_ptx_f16_g48_s00_p05,full_before,5,0,23,139700.990614,139700.992021,139700.991317,0.00140670500696,11.5412448635,5150645171,true,false
softmax_1784950966119_softmax_full_f16io_f32acc_ptx_ex2_approx_f16_r5,softmax_oratc_targeted_g48s1024_confirm_v1_20260725_sess02_pos3_ptx_f16_g48_s1024_cache_reuse_candidate_probe_ptx_f16_g48_s00_p05,full_before,5,0,24,139701.49218,139701.496753,139701.494466,0.00457301799906,12.044394085,5150763416,true,false
softmax_1784950966119_softmax_full_f16io_f32acc_ptx_ex2_approx_f16_r5,softmax_oratc_targeted_g48s1024_confirm_v1_20260725_sess02_pos3_ptx_f16_g48_s1024_cache_reuse_candidate_probe_ptx_f16_g48_s00_p05,full_before,5,0,25,139701.794223,139701.796611,139701.795417,0.00238760901266,12.3453444905,5150822306,true,false
softmax_1784950978474_softmax_full_f16io_f32acc_ptx_ex2_approx_f16_r5,softmax_oratc_targeted_g48s1024_confirm_v1_20260725_sess02_pos3_ptx_f16_g48_s1024_cache_reuse_candidate_probe_ptx_f16_g48_s00_p05,probe_middle,5,1,0,139701.804192,139701.805399,139701.804795,0.00120710398187,-0.000622851977823,5150822306,false,false
softmax_1784950978474_softmax_full_f16io_f32acc_ptx_ex2_approx_f16_r5,softmax_oratc_targeted_g48s1024_confirm_v1_20260725_sess02_pos3_ptx_f16_g48_s1024_cache_reuse_candidate_probe_ptx_f16_g48_s00_p05,probe_middle,5,1,1,139702.305725,139702.307263,139702.306494,0.00153850700008,0.501075857494,5150939554,true,false
softmax_1784950978474_softmax_full_f16io_f32acc_ptx_ex2_approx_f16_r5,softmax_oratc_targeted_g48s1024_confirm_v1_20260725_sess02_pos3_ptx_f16_g48_s1024_cache_reuse_candidate_probe_ptx_f16_g48_s00_p05,probe_middle,5,1,2,139702.807426,139702.809705,139702.808566,0.00227850899682,1.00314762848,5151059040,true,false
softmax_1784950978474_softmax_full_f16io_f32acc_ptx_ex2_approx_f16_r5,softmax_oratc_targeted_g48s1024_confirm_v1_20260725_sess02_pos3_ptx_f16_g48_s1024_cache_reuse_candidate_probe_ptx_f16_g48_s00_p05,probe_middle,5,1,3,139703.309801,139703.31113,139703.310465,0.00132850502268,1.50504740249,5151177853,true,true
softmax_1784950978474_softmax_full_f16io_f32acc_ptx_ex2_approx_f16_r5,softmax_oratc_targeted_g48s1024_confirm_v1_20260725_sess02_pos3_ptx_f16_g48_s1024_cache_reuse_candidate_probe_ptx_f16_g48_s00_p05,probe_middle,5,1,4,139703.811291,139703.816476,139703.813884,0.00518522202037,2.008465794,5151296136,true,true
softmax_1784950978474_softmax_full_f16io_f32acc_ptx_ex2_approx_f16_r5,softmax_oratc_targeted_g48s1024_confirm_v1_20260725_sess02_pos3_ptx_f16_g48_s1024_cache_reuse_candidate_probe_ptx_f16_g48_s00_p05,probe_middle,5,1,5,139704.316607,139704.317973,139704.31729,0.00136600600672,2.51187253799,5151418079,true,true
softmax_1784950978474_softmax_full_f16io_f32acc_ptx_ex2_approx_f16_r5,softmax_oratc_targeted_g48s1024_confirm_v1_20260725_sess02_pos3_ptx_f16_g48_s1024_cache_reuse_candidate_probe_ptx_f16_g48_s00_p05,probe_middle,5,1,6,139704.81814,139704.81958,139704.81886,0.00143960601417,3.01344183501,5151539820,true,true
softmax_1784950978474_softmax_full_f16io_f32acc_ptx_ex2_approx_f16_r5,softmax_oratc_targeted_g48s1024_confirm_v1_20260725_sess02_pos3_ptx_f16_g48_s1024_cache_reuse_candidate_probe_ptx_f16_g48_s00_p05,probe_middle,5,1,7,139705.319746,139705.321164,139705.320455,0.0014175910037,3.51503734651,5151661291,true,true
softmax_1784950978474_softmax_full_f16io_f32acc_ptx_ex2_approx_f16_r5,softmax_oratc_targeted_g48s1024_confirm_v1_20260725_sess02_pos3_ptx_f16_g48_s1024_cache_reuse_candidate_probe_ptx_f16_g48_s00_p05,probe_middle,5,1,8,139705.821335,139705.822723,139705.822029,0.00138849200448,4.01661117401,5151782603,true,true
softmax_1784950978474_softmax_full_f16io_f32acc_ptx_ex2_approx_f16_r5,softmax_oratc_targeted_g48s1024_confirm_v1_20260725_sess02_pos3_ptx_f16_g48_s1024_cache_reuse_candidate_probe_ptx_f16_g48_s00_p05,probe_middle,5,1,9,139706.32284,139706.324393,139706.323617,0.00155328999972,4.518198754,5151903281,true,true
softmax_1784950978474_softmax_full_f16io_f32acc_ptx_ex2_approx_f16_r5,softmax_oratc_targeted_g48s1024_confirm_v1_20260725_sess02_pos3_ptx_f16_g48_s1024_cache_reuse_candidate_probe_ptx_f16_g48_s00_p05,probe_middle,5,1,10,139706.824557,139706.825963,139706.82526,0.00140549201751,5.019841995,5152023335,true,true
softmax_1784950978474_softmax_full_f16io_f32acc_ptx_ex2_approx_f16_r5,softmax_oratc_targeted_g48s1024_confirm_v1_20260725_sess02_pos3_ptx_f16_g48_s1024_cache_reuse_candidate_probe_ptx_f16_g48_s00_p05,probe_middle,5,1,11,139707.326114,139707.327498,139707.326806,0.00138449197402,5.521387938,5152142865,true,true
softmax_1784950978474_softmax_full_f16io_f32acc_ptx_ex2_approx_f16_r5,softmax_oratc_targeted_g48s1024_confirm_v1_20260725_sess02_pos3_ptx_f16_g48_s1024_cache_reuse_candidate_probe_ptx_f16_g48_s00_p05,probe_middle,5,1,12,139707.827654,139707.829027,139707.82834,0.00137289302074,6.02292224349,5152261752,true,true
softmax_1784950978474_softmax_full_f16io_f32acc_ptx_ex2_approx_f16_r5,softmax_oratc_targeted_g48s1024_confirm_v1_20260725_sess02_pos3_ptx_f16_g48_s1024_cache_reuse_candidate_probe_ptx_f16_g48_s00_p05,probe_middle,5,1,13,139708.329186,139708.330931,139708.330058,0.00174469099147,6.52464054851,5152380278,true,true
softmax_1784950978474_softmax_full_f16io_f32acc_ptx_ex2_approx_f16_r5,softmax_oratc_targeted_g48s1024_confirm_v1_20260725_sess02_pos3_ptx_f16_g48_s1024_cache_reuse_candidate_probe_ptx_f16_g48_s00_p05,probe_middle,5,1,14,139708.831088,139708.834566,139708.832827,0.0034786130127,7.02740890949,5152498553,true,true
softmax_1784950978474_softmax_full_f16io_f32acc_ptx_ex2_approx_f16_r5,softmax_oratc_targeted_g48s1024_confirm_v1_20260725_sess02_pos3_ptx_f16_g48_s1024_cache_reuse_candidate_probe_ptx_f16_g48_s00_p05,probe_middle,5,1,15,139709.334715,139709.336151,139709.335433,0.00143640598981,7.53001522401,5152620968,true,true
softmax_1784950978474_softmax_full_f16io_f32acc_ptx_ex2_approx_f16_r5,softmax_oratc_targeted_g48s1024_confirm_v1_20260725_sess02_pos3_ptx_f16_g48_s1024_cache_reuse_candidate_probe_ptx_f16_g48_s00_p05,probe_middle,5,1,16,139709.836353,139709.837783,139709.837068,0.00142980497913,8.03164999749,5152743229,true,true
softmax_1784950978474_softmax_full_f16io_f32acc_ptx_ex2_approx_f16_r5,softmax_oratc_targeted_g48s1024_confirm_v1_20260725_sess02_pos3_ptx_f16_g48_s1024_cache_reuse_candidate_probe_ptx_f16_g48_s00_p05,probe_middle,5,1,17,139710.337942,139710.339316,139710.338629,0.00137410499156,8.53321082151,5152864930,true,true
softmax_1784950978474_softmax_full_f16io_f32acc_ptx_ex2_approx_f16_r5,softmax_oratc_targeted_g48s1024_confirm_v1_20260725_sess02_pos3_ptx_f16_g48_s1024_cache_reuse_candidate_probe_ptx_f16_g48_s00_p05,probe_middle,5,1,18,139710.839433,139710.840847,139710.84014,0.00141430599615,9.034722357,5152985931,true,true
softmax_1784950978474_softmax_full_f16io_f32acc_ptx_ex2_approx_f16_r5,softmax_oratc_targeted_g48s1024_confirm_v1_20260725_sess02_pos3_ptx_f16_g48_s1024_cache_reuse_candidate_probe_ptx_f16_g48_s00_p05,probe_middle,5,1,19,139711.341012,139711.342393,139711.341703,0.00138090600376,9.53628489401,5153106313,true,true
softmax_1784950978474_softmax_full_f16io_f32acc_ptx_ex2_approx_f16_r5,softmax_oratc_targeted_g48s1024_confirm_v1_20260725_sess02_pos3_ptx_f16_g48_s1024_cache_reuse_candidate_probe_ptx_f16_g48_s00_p05,probe_middle,5,1,20,139711.842547,139711.843938,139711.843243,0.0013914060255,10.037824643,5153226180,true,true
softmax_1784950978474_softmax_full_f16io_f32acc_ptx_ex2_approx_f16_r5,softmax_oratc_targeted_g48s1024_confirm_v1_20260725_sess02_pos3_ptx_f16_g48_s1024_cache_reuse_candidate_probe_ptx_f16_g48_s00_p05,probe_middle,5,1,21,139712.344089,139712.345457,139712.344773,0.00136810599361,10.539354792,5153345587,true,true
softmax_1784950978474_softmax_full_f16io_f32acc_ptx_ex2_approx_f16_r5,softmax_oratc_targeted_g48s1024_confirm_v1_20260725_sess02_pos3_ptx_f16_g48_s1024_cache_reuse_candidate_probe_ptx_f16_g48_s00_p05,probe_middle,5,1,22,139712.845604,139712.847003,139712.846303,0.00139850599226,11.040885553,5153464844,true,true
softmax_1784950978474_softmax_full_f16io_f32acc_ptx_ex2_approx_f16_r5,softmax_oratc_targeted_g48s1024_confirm_v1_20260725_sess02_pos3_ptx_f16_g48_s1024_cache_reuse_candidate_probe_ptx_f16_g48_s00_p05,probe_middle,5,1,23,139713.347162,139713.348574,139713.347868,0.00141199299833,11.5424499755,5153583863,true,false
softmax_1784950978474_softmax_full_f16io_f32acc_ptx_ex2_approx_f16_r5,softmax_oratc_targeted_g48s1024_confirm_v1_20260725_sess02_pos3_ptx_f16_g48_s1024_cache_reuse_candidate_probe_ptx_f16_g48_s00_p05,probe_middle,5,1,24,139713.848724,139713.853005,139713.850864,0.00428087898763,12.0454461445,5153702199,true,false
softmax_1784950978474_softmax_full_f16io_f32acc_ptx_ex2_approx_f16_r5,softmax_oratc_targeted_g48s1024_confirm_v1_20260725_sess02_pos3_ptx_f16_g48_s1024_cache_reuse_candidate_probe_ptx_f16_g48_s00_p05,probe_middle,5,1,25,139714.166847,139714.168186,139714.167516,0.00133899302455,12.3620984315,5153781388,true,false
softmax_1784950990850_softmax_full_f16io_f32acc_ptx_ex2_approx_f16_r5,softmax_oratc_targeted_g48s1024_confirm_v1_20260725_sess02_pos3_ptx_f16_g48_s1024_cache_reuse_candidate_probe_ptx_f16_g48_s00_p05,full_after,5,2,0,139714.180213,139714.181332,139714.180773,0.00111939499038,-0.000565896480111,5153781388,false,false
softmax_1784950990850_softmax_full_f16io_f32acc_ptx_ex2_approx_f16_r5,softmax_oratc_targeted_g48s1024_confirm_v1_20260725_sess02_pos3_ptx_f16_g48_s1024_cache_reuse_candidate_probe_ptx_f16_g48_s00_p05,full_after,5,2,1,139714.681635,139714.682988,139714.682312,0.00135259301169,0.500973271497,5153900451,true,false
softmax_1784950990850_softmax_full_f16io_f32acc_ptx_ex2_approx_f16_r5,softmax_oratc_targeted_g48s1024_confirm_v1_20260725_sess02_pos3_ptx_f16_g48_s1024_cache_reuse_candidate_probe_ptx_f16_g48_s00_p05,full_after,5,2,2,139715.183118,139715.184463,139715.18379,0.00134459300898,1.0024518595,5154020330,true,false
softmax_1784950990850_softmax_full_f16io_f32acc_ptx_ex2_approx_f16_r5,softmax_oratc_targeted_g48s1024_confirm_v1_20260725_sess02_pos3_ptx_f16_g48_s1024_cache_reuse_candidate_probe_ptx_f16_g48_s00_p05,full_after,5,2,3,139715.684624,139715.685975,139715.685299,0.00135099299951,1.50396109049,5154139673,true,true
softmax_1784950990850_softmax_full_f16io_f32acc_ptx_ex2_approx_f16_r5,softmax_oratc_targeted_g48s1024_confirm_v1_20260725_sess02_pos3_ptx_f16_g48_s1024_cache_reuse_candidate_probe_ptx_f16_g48_s00_p05,full_after,5,2,4,139716.186141,139716.187473,139716.186807,0.00133229399216,2.00546868998,5154258621,true,true
softmax_1784950990850_softmax_full_f16io_f32acc_ptx_ex2_approx_f16_r5,softmax_oratc_targeted_g48s1024_confirm_v1_20260725_sess02_pos3_ptx_f16_g48_s1024_cache_reuse_candidate_probe_ptx_f16_g48_s00_p05,full_after,5,2,5,139716.687592,139716.692225,139716.689909,0.00463351799408,2.508570217,5154377385,true,true
softmax_1784950990850_softmax_full_f16io_f32acc_ptx_ex2_approx_f16_r5,softmax_oratc_targeted_g48s1024_confirm_v1_20260725_sess02_pos3_ptx_f16_g48_s1024_cache_reuse_candidate_probe_ptx_f16_g48_s00_p05,full_after,5,2,6,139717.192347,139717.193706,139717.193026,0.00135870501981,3.01168802948,5154500053,true,true
softmax_1784950990850_softmax_full_f16io_f32acc_ptx_ex2_approx_f16_r5,softmax_oratc_targeted_g48s1024_confirm_v1_20260725_sess02_pos3_ptx_f16_g48_s1024_cache_reuse_candidate_probe_ptx_f16_g48_s00_p05,full_after,5,2,7,139717.693864,139717.695219,139717.694541,0.00135500499164,3.51320272949,5154622450,true,true
softmax_1784950990850_softmax_full_f16io_f32acc_ptx_ex2_approx_f16_r5,softmax_oratc_targeted_g48s1024_confirm_v1_20260725_sess02_pos3_ptx_f16_g48_s1024_cache_reuse_candidate_probe_ptx_f16_g48_s00_p05,full_after,5,2,8,139718.195385,139718.196749,139718.196067,0.00136350499815,4.01472854751,5154744666,true,true
softmax_1784950990850_softmax_full_f16io_f32acc_ptx_ex2_approx_f16_r5,softmax_oratc_targeted_g48s1024_confirm_v1_20260725_sess02_pos3_ptx_f16_g48_s1024_cache_reuse_candidate_probe_ptx_f16_g48_s00_p05,full_after,5,2,9,139718.696867,139718.698192,139718.697529,0.00132550499984,4.51619105952,5154866272,true,true
softmax_1784950990850_softmax_full_f16io_f32acc_ptx_ex2_approx_f16_r5,softmax_oratc_targeted_g48s1024_confirm_v1_20260725_sess02_pos3_ptx_f16_g48_s1024_cache_reuse_candidate_probe_ptx_f16_g48_s00_p05,full_after,5,2,10,139719.198362,139719.19979,139719.199076,0.00142810601392,5.01773738899,5154987445,true,true
softmax_1784950990850_softmax_full_f16io_f32acc_ptx_ex2_approx_f16_r5,softmax_oratc_targeted_g48s1024_confirm_v1_20260725_sess02_pos3_ptx_f16_g48_s1024_cache_reuse_candidate_probe_ptx_f16_g48_s00_p05,full_after,5,2,11,139719.699906,139719.70124,139719.700573,0.00133460600046,5.51923441302,5155108040,true,true
softmax_1784950990850_softmax_full_f16io_f32acc_ptx_ex2_approx_f16_r5,softmax_oratc_targeted_g48s1024_confirm_v1_20260725_sess02_pos3_ptx_f16_g48_s1024_cache_reuse_candidate_probe_ptx_f16_g48_s00_p05,full_after,5,2,12,139720.201364,139720.203792,139720.202578,0.00242800998967,6.021239806,5155227973,true,true
softmax_1784950990850_softmax_full_f16io_f32acc_ptx_ex2_approx_f16_r5,softmax_oratc_targeted_g48s1024_confirm_v1_20260725_sess02_pos3_ptx_f16_g48_s1024_cache_reuse_candidate_probe_ptx_f16_g48_s00_p05,full_after,5,2,13,139720.703889,139720.705267,139720.704578,0.00137800601078,6.523239645,5155347404,true,true
softmax_1784950990850_softmax_full_f16io_f32acc_ptx_ex2_approx_f16_r5,softmax_oratc_targeted_g48s1024_confirm_v1_20260725_sess02_pos3_ptx_f16_g48_s1024_cache_reuse_candidate_probe_ptx_f16_g48_s00_p05,full_after,5,2,14,139721.205382,139721.206843,139721.206113,0.00146169200889,7.02477421999,5155466561,true,true
softmax_1784950990850_softmax_full_f16io_f32acc_ptx_ex2_approx_f16_r5,softmax_oratc_targeted_g48s1024_confirm_v1_20260725_sess02_pos3_ptx_f16_g48_s1024_cache_reuse_candidate_probe_ptx_f16_g48_s00_p05,full_after,5,2,15,139721.706938,139721.710664,139721.708801,0.0037259789824,7.52746212951,5155585487,true,true
softmax_1784950990850_softmax_full_f16io_f32acc_ptx_ex2_approx_f16_r5,softmax_oratc_targeted_g48s1024_confirm_v1_20260725_sess02_pos3_ptx_f16_g48_s1024_cache_reuse_candidate_probe_ptx_f16_g48_s00_p05,full_after,5,2,16,139722.210792,139722.21215,139722.211471,0.00135759200202,8.03013240499,5155708519,true,true
softmax_1784950990850_softmax_full_f16io_f32acc_ptx_ex2_approx_f16_r5,softmax_oratc_targeted_g48s1024_confirm_v1_20260725_sess02_pos3_ptx_f16_g48_s1024_cache_reuse_candidate_probe_ptx_f16_g48_s00_p05,full_after,5,2,17,139722.712241,139722.713575,139722.712908,0.00133449301939,8.53156968349,5155831165,true,true
softmax_1784950990850_softmax_full_f16io_f32acc_ptx_ex2_approx_f16_r5,softmax_oratc_targeted_g48s1024_confirm_v1_20260725_sess02_pos3_ptx_f16_g48_s1024_cache_reuse_candidate_probe_ptx_f16_g48_s00_p05,full_after,5,2,18,139723.213706,139723.215082,139723.214394,0.00137619301677,9.0330556765,5155953215,true,true
softmax_1784950990850_softmax_full_f16io_f32acc_ptx_ex2_approx_f16_r5,softmax_oratc_targeted_g48s1024_confirm_v1_20260725_sess02_pos3_ptx_f16_g48_s1024_cache_reuse_candidate_probe_ptx_f16_g48_s00_p05,full_after,5,2,19,139723.71518,139723.716607,139723.715893,0.00142769300146,9.53455501649,5156074747,true,true
softmax_1784950990850_softmax_full_f16io_f32acc_ptx_ex2_approx_f16_r5,softmax_oratc_targeted_g48s1024_confirm_v1_20260725_sess02_pos3_ptx_f16_g48_s1024_cache_reuse_candidate_probe_ptx_f16_g48_s00_p05,full_after,5,2,20,139724.216732,139724.218244,139724.217488,0.00151269198977,10.03614972,5156195613,true,true
softmax_1784950990850_softmax_full_f16io_f32acc_ptx_ex2_approx_f16_r5,softmax_oratc_targeted_g48s1024_confirm_v1_20260725_sess02_pos3_ptx_f16_g48_s1024_cache_reuse_candidate_probe_ptx_f16_g48_s00_p05,full_after,5,2,21,139724.718359,139724.719731,139724.719045,0.0013714050001,10.5377065315,5156316121,true,true
softmax_1784950990850_softmax_full_f16io_f32acc_ptx_ex2_approx_f16_r5,softmax_oratc_targeted_g48s1024_confirm_v1_20260725_sess02_pos3_ptx_f16_g48_s1024_cache_reuse_candidate_probe_ptx_f16_g48_s00_p05,full_after,5,2,22,139725.219846,139725.221301,139725.220574,0.00145510598668,11.039235461,5156436407,true,true
softmax_1784950990850_softmax_full_f16io_f32acc_ptx_ex2_approx_f16_r5,softmax_oratc_targeted_g48s1024_confirm_v1_20260725_sess02_pos3_ptx_f16_g48_s1024_cache_reuse_candidate_probe_ptx_f16_g48_s00_p05,full_after,5,2,23,139725.721436,139725.722767,139725.722101,0.00133060498047,11.5407630375,5156556423,true,false
softmax_1784950990850_softmax_full_f16io_f32acc_ptx_ex2_approx_f16_r5,softmax_oratc_targeted_g48s1024_confirm_v1_20260725_sess02_pos3_ptx_f16_g48_s1024_cache_reuse_candidate_probe_ptx_f16_g48_s00_p05,full_after,5,2,24,139726.222892,139726.224257,139726.223574,0.00136500599911,12.042236078,5156675491,true,false
softmax_1784950990850_softmax_full_f16io_f32acc_ptx_ex2_approx_f16_r5,softmax_oratc_targeted_g48s1024_confirm_v1_20260725_sess02_pos3_ptx_f16_g48_s1024_cache_reuse_candidate_probe_ptx_f16_g48_s00_p05,full_after,5,2,25,139726.525968,139726.528981,139726.527475,0.003013612004,12.346136177,5156732770,true,false
