run_id,pair_id,role,repeat,sequence_index,sample_index,query_start_s,query_end_s,query_midpoint_s,query_latency_s,relative_to_kernel_start_s,energy_mJ,changed_from_previous,in_fit_window
softmax_1784951354925_softmax_full_f16io_f32acc_ptx_ex2_approx_f16x2_r0,softmax_oratc_targeted_g48s1024_confirm_v1_20260725_sess03_pos2_ptx_f16x2_g48_s1024_cache_reuse_candidate_probe_ptx_f16x2_g48_s00_p00,probe_before,0,0,0,140078.254792,140078.256245,140078.255519,0.00145290297223,-0.000734551489586,5239308238,false,false
softmax_1784951354925_softmax_full_f16io_f32acc_ptx_ex2_approx_f16x2_r0,softmax_oratc_targeted_g48s1024_confirm_v1_20260725_sess03_pos2_ptx_f16x2_g48_s1024_cache_reuse_candidate_probe_ptx_f16x2_g48_s00_p00,probe_before,0,0,1,140078.757226,140078.759935,140078.758581,0.00270860499586,0.502327202528,5239428401,true,false
softmax_1784951354925_softmax_full_f16io_f32acc_ptx_ex2_approx_f16x2_r0,softmax_oratc_targeted_g48s1024_confirm_v1_20260725_sess03_pos2_ptx_f16x2_g48_s1024_cache_reuse_candidate_probe_ptx_f16x2_g48_s00_p00,probe_before,0,0,2,140079.260052,140079.261521,140079.260787,0.00146840201342,1.00453320902,5239548588,true,false
softmax_1784951354925_softmax_full_f16io_f32acc_ptx_ex2_approx_f16x2_r0,softmax_oratc_targeted_g48s1024_confirm_v1_20260725_sess03_pos2_ptx_f16x2_g48_s1024_cache_reuse_candidate_probe_ptx_f16x2_g48_s00_p00,probe_before,0,0,3,140079.761644,140079.763002,140079.762323,0.00135800300632,1.50606934051,5239668395,true,true
softmax_1784951354925_softmax_full_f16io_f32acc_ptx_ex2_approx_f16x2_r0,softmax_oratc_targeted_g48s1024_confirm_v1_20260725_sess03_pos2_ptx_f16x2_g48_s1024_cache_reuse_candidate_probe_ptx_f16x2_g48_s00_p00,probe_before,0,0,4,140080.263126,140080.264515,140080.26382,0.0013891030103,2.00756672552,5239787699,true,true
softmax_1784951354925_softmax_full_f16io_f32acc_ptx_ex2_approx_f16x2_r0,softmax_oratc_targeted_g48s1024_confirm_v1_20260725_sess03_pos2_ptx_f16x2_g48_s1024_cache_reuse_candidate_probe_ptx_f16x2_g48_s00_p00,probe_before,0,0,5,140080.764647,140080.766018,140080.765332,0.00137080301647,2.50907873752,5239906586,true,true
softmax_1784951354925_softmax_full_f16io_f32acc_ptx_ex2_approx_f16x2_r0,softmax_oratc_targeted_g48s1024_confirm_v1_20260725_sess03_pos2_ptx_f16x2_g48_s1024_cache_reuse_candidate_probe_ptx_f16x2_g48_s00_p00,probe_before,0,0,6,140081.266132,140081.267509,140081.266821,0.00137680297485,3.01056710351,5240025095,true,true
softmax_1784951354925_softmax_full_f16io_f32acc_ptx_ex2_approx_f16x2_r0,softmax_oratc_targeted_g48s1024_confirm_v1_20260725_sess03_pos2_ptx_f16x2_g48_s1024_cache_reuse_candidate_probe_ptx_f16x2_g48_s00_p00,probe_before,0,0,7,140081.767633,140081.769031,140081.768332,0.00139739899896,3.51207846552,5240143295,true,true
softmax_1784951354925_softmax_full_f16io_f32acc_ptx_ex2_approx_f16x2_r0,softmax_oratc_targeted_g48s1024_confirm_v1_20260725_sess03_pos2_ptx_f16x2_g48_s1024_cache_reuse_candidate_probe_ptx_f16x2_g48_s00_p00,probe_before,0,0,8,140082.269152,140082.270503,140082.269828,0.00135119899642,4.0135744315,5240261138,true,true
softmax_1784951354925_softmax_full_f16io_f32acc_ptx_ex2_approx_f16x2_r0,softmax_oratc_targeted_g48s1024_confirm_v1_20260725_sess03_pos2_ptx_f16x2_g48_s1024_cache_reuse_candidate_probe_ptx_f16x2_g48_s00_p00,probe_before,0,0,9,140082.770626,140082.771953,140082.77129,0.00132649901207,4.5150361745,5240378660,true,true
softmax_1784951354925_softmax_full_f16io_f32acc_ptx_ex2_approx_f16x2_r0,softmax_oratc_targeted_g48s1024_confirm_v1_20260725_sess03_pos2_ptx_f16x2_g48_s1024_cache_reuse_candidate_probe_ptx_f16x2_g48_s00_p00,probe_before,0,0,10,140083.272081,140083.273479,140083.27278,0.00139869900886,5.0165264715,5240495736,true,true
softmax_1784951354925_softmax_full_f16io_f32acc_ptx_ex2_approx_f16x2_r0,softmax_oratc_targeted_g48s1024_confirm_v1_20260725_sess03_pos2_ptx_f16x2_g48_s1024_cache_reuse_candidate_probe_ptx_f16x2_g48_s00_p00,probe_before,0,0,11,140083.773601,140083.778231,140083.775916,0.00463049701648,5.51966229451,5240612327,true,true
softmax_1784951354925_softmax_full_f16io_f32acc_ptx_ex2_approx_f16x2_r0,softmax_oratc_targeted_g48s1024_confirm_v1_20260725_sess03_pos2_ptx_f16x2_g48_s1024_cache_reuse_candidate_probe_ptx_f16x2_g48_s00_p00,probe_before,0,0,12,140084.278345,140084.2797,140084.279023,0.00135479899473,6.02276937052,5240732577,true,true
softmax_1784951354925_softmax_full_f16io_f32acc_ptx_ex2_approx_f16x2_r0,softmax_oratc_targeted_g48s1024_confirm_v1_20260725_sess03_pos2_ptx_f16x2_g48_s1024_cache_reuse_candidate_probe_ptx_f16x2_g48_s00_p00,probe_before,0,0,13,140084.779832,140084.781162,140084.780497,0.00132969900733,6.5242438745,5240852343,true,true
softmax_1784951354925_softmax_full_f16io_f32acc_ptx_ex2_approx_f16x2_r0,softmax_oratc_targeted_g48s1024_confirm_v1_20260725_sess03_pos2_ptx_f16x2_g48_s1024_cache_reuse_candidate_probe_ptx_f16x2_g48_s00_p00,probe_before,0,0,14,140085.281277,140085.282688,140085.281982,0.00141160000931,7.025728882,5240971738,true,true
softmax_1784951354925_softmax_full_f16io_f32acc_ptx_ex2_approx_f16x2_r0,softmax_oratc_targeted_g48s1024_confirm_v1_20260725_sess03_pos2_ptx_f16x2_g48_s1024_cache_reuse_candidate_probe_ptx_f16x2_g48_s00_p00,probe_before,0,0,15,140085.782809,140085.784224,140085.783517,0.00141560001066,7.527263066,5241090836,true,true
softmax_1784951354925_softmax_full_f16io_f32acc_ptx_ex2_approx_f16x2_r0,softmax_oratc_targeted_g48s1024_confirm_v1_20260725_sess03_pos2_ptx_f16x2_g48_s1024_cache_reuse_candidate_probe_ptx_f16x2_g48_s00_p00,probe_before,0,0,16,140086.284341,140086.28572,140086.28503,0.00137959900894,8.02877685352,5241209589,true,true
softmax_1784951354925_softmax_full_f16io_f32acc_ptx_ex2_approx_f16x2_r0,softmax_oratc_targeted_g48s1024_confirm_v1_20260725_sess03_pos2_ptx_f16x2_g48_s1024_cache_reuse_candidate_probe_ptx_f16x2_g48_s00_p00,probe_before,0,0,17,140086.785842,140086.787279,140086.786561,0.00143679999746,8.53030706802,5241327971,true,true
softmax_1784951354925_softmax_full_f16io_f32acc_ptx_ex2_approx_f16x2_r0,softmax_oratc_targeted_g48s1024_confirm_v1_20260725_sess03_pos2_ptx_f16x2_g48_s1024_cache_reuse_candidate_probe_ptx_f16x2_g48_s00_p00,probe_before,0,0,18,140087.287449,140087.290021,140087.288735,0.00257259898353,9.03248148551,5241445834,true,true
softmax_1784951354925_softmax_full_f16io_f32acc_ptx_ex2_approx_f16x2_r0,softmax_oratc_targeted_g48s1024_confirm_v1_20260725_sess03_pos2_ptx_f16x2_g48_s1024_cache_reuse_candidate_probe_ptx_f16x2_g48_s00_p00,probe_before,0,0,19,140087.79011,140087.791522,140087.790816,0.00141210001311,9.53456288,5241563030,true,true
softmax_1784951354925_softmax_full_f16io_f32acc_ptx_ex2_approx_f16x2_r0,softmax_oratc_targeted_g48s1024_confirm_v1_20260725_sess03_pos2_ptx_f16x2_g48_s1024_cache_reuse_candidate_probe_ptx_f16x2_g48_s00_p00,probe_before,0,0,20,140088.291645,140088.293096,140088.292371,0.00145100301597,10.0361173425,5241679708,true,true
softmax_1784951354925_softmax_full_f16io_f32acc_ptx_ex2_approx_f16x2_r0,softmax_oratc_targeted_g48s1024_confirm_v1_20260725_sess03_pos2_ptx_f16x2_g48_s1024_cache_reuse_candidate_probe_ptx_f16x2_g48_s00_p00,probe_before,0,0,21,140088.793217,140088.79701,140088.795113,0.00379260600312,10.538859902,5241795882,true,true
softmax_1784951354925_softmax_full_f16io_f32acc_ptx_ex2_approx_f16x2_r0,softmax_oratc_targeted_g48s1024_confirm_v1_20260725_sess03_pos2_ptx_f16x2_g48_s1024_cache_reuse_candidate_probe_ptx_f16x2_g48_s00_p00,probe_before,0,0,22,140089.297135,140089.298514,140089.297825,0.0013797020074,11.041571114,5241915993,true,true
softmax_1784951354925_softmax_full_f16io_f32acc_ptx_ex2_approx_f16x2_r0,softmax_oratc_targeted_g48s1024_confirm_v1_20260725_sess03_pos2_ptx_f16x2_g48_s1024_cache_reuse_candidate_probe_ptx_f16x2_g48_s00_p00,probe_before,0,0,23,140089.798641,140089.799977,140089.799309,0.00133620100678,11.5430558755,5242035898,true,false
softmax_1784951354925_softmax_full_f16io_f32acc_ptx_ex2_approx_f16x2_r0,softmax_oratc_targeted_g48s1024_confirm_v1_20260725_sess03_pos2_ptx_f16x2_g48_s1024_cache_reuse_candidate_probe_ptx_f16x2_g48_s00_p00,probe_before,0,0,24,140090.300098,140090.301699,140090.300899,0.00160180102102,12.0446451005,5242155204,true,false
softmax_1784951354925_softmax_full_f16io_f32acc_ptx_ex2_approx_f16x2_r0,softmax_oratc_targeted_g48s1024_confirm_v1_20260725_sess03_pos2_ptx_f16x2_g48_s1024_cache_reuse_candidate_probe_ptx_f16x2_g48_s00_p00,probe_before,0,0,25,140090.569669,140090.571024,140090.570347,0.00135470199166,12.314093246,5242214549,true,false
softmax_1784951367251_softmax_full_f16io_f32acc_ptx_ex2_approx_f16x2_r0,softmax_oratc_targeted_g48s1024_confirm_v1_20260725_sess03_pos2_ptx_f16x2_g48_s1024_cache_reuse_candidate_probe_ptx_f16x2_g48_s00_p00,full,0,1,0,140090.580635,140090.581753,140090.581194,0.00111780100269,-0.000565500493394,5242214549,false,false
softmax_1784951367251_softmax_full_f16io_f32acc_ptx_ex2_approx_f16x2_r0,softmax_oratc_targeted_g48s1024_confirm_v1_20260725_sess03_pos2_ptx_f16x2_g48_s1024_cache_reuse_candidate_probe_ptx_f16x2_g48_s00_p00,full,0,1,1,140091.08203,140091.083389,140091.08271,0.00135940100881,0.500950353482,5242328214,true,false
softmax_1784951367251_softmax_full_f16io_f32acc_ptx_ex2_approx_f16x2_r0,softmax_oratc_targeted_g48s1024_confirm_v1_20260725_sess03_pos2_ptx_f16x2_g48_s1024_cache_reuse_candidate_probe_ptx_f16x2_g48_s00_p00,full,0,1,2,140091.583513,140091.584856,140091.584185,0.00134340199293,1.00242522298,5242447475,true,false
softmax_1784951367251_softmax_full_f16io_f32acc_ptx_ex2_approx_f16x2_r0,softmax_oratc_targeted_g48s1024_confirm_v1_20260725_sess03_pos2_ptx_f16x2_g48_s1024_cache_reuse_candidate_probe_ptx_f16x2_g48_s00_p00,full,0,1,3,140092.084972,140092.086822,140092.085897,0.00185010198038,1.504137357,5242566294,true,true
softmax_1784951367251_softmax_full_f16io_f32acc_ptx_ex2_approx_f16x2_r0,softmax_oratc_targeted_g48s1024_confirm_v1_20260725_sess03_pos2_ptx_f16x2_g48_s1024_cache_reuse_candidate_probe_ptx_f16x2_g48_s00_p00,full,0,1,4,140092.586985,140092.588964,140092.587975,0.00197900200146,2.00621550702,5242684586,true,true
softmax_1784951367251_softmax_full_f16io_f32acc_ptx_ex2_approx_f16x2_r0,softmax_oratc_targeted_g48s1024_confirm_v1_20260725_sess03_pos2_ptx_f16x2_g48_s1024_cache_reuse_candidate_probe_ptx_f16x2_g48_s00_p00,full,0,1,5,140093.089091,140093.090494,140093.089792,0.00140340102371,2.5080329215,5242802161,true,true
softmax_1784951367251_softmax_full_f16io_f32acc_ptx_ex2_approx_f16x2_r0,softmax_oratc_targeted_g48s1024_confirm_v1_20260725_sess03_pos2_ptx_f16x2_g48_s1024_cache_reuse_candidate_probe_ptx_f16x2_g48_s00_p00,full,0,1,6,140093.590607,140093.595404,140093.593005,0.00479680599528,3.01124595301,5242919470,true,true
softmax_1784951367251_softmax_full_f16io_f32acc_ptx_ex2_approx_f16x2_r0,softmax_oratc_targeted_g48s1024_confirm_v1_20260725_sess03_pos2_ptx_f16x2_g48_s1024_cache_reuse_candidate_probe_ptx_f16x2_g48_s00_p00,full,0,1,7,140094.09552,140094.096895,140094.096207,0.00137460199767,3.51444799799,5243040500,true,true
softmax_1784951367251_softmax_full_f16io_f32acc_ptx_ex2_approx_f16x2_r0,softmax_oratc_targeted_g48s1024_confirm_v1_20260725_sess03_pos2_ptx_f16x2_g48_s1024_cache_reuse_candidate_probe_ptx_f16x2_g48_s00_p00,full,0,1,8,140094.597015,140094.598347,140094.597681,0.00133210199419,4.015921407,5243161228,true,true
softmax_1784951367251_softmax_full_f16io_f32acc_ptx_ex2_approx_f16x2_r0,softmax_oratc_targeted_g48s1024_confirm_v1_20260725_sess03_pos2_ptx_f16x2_g48_s1024_cache_reuse_candidate_probe_ptx_f16x2_g48_s00_p00,full,0,1,9,140095.09848,140095.099806,140095.099143,0.00132610098808,4.51738358047,5243281778,true,true
softmax_1784951367251_softmax_full_f16io_f32acc_ptx_ex2_approx_f16x2_r0,softmax_oratc_targeted_g48s1024_confirm_v1_20260725_sess03_pos2_ptx_f16x2_g48_s1024_cache_reuse_candidate_probe_ptx_f16x2_g48_s00_p00,full,0,1,10,140095.599926,140095.601297,140095.600612,0.00137160200393,5.01885231899,5243401906,true,true
softmax_1784951367251_softmax_full_f16io_f32acc_ptx_ex2_approx_f16x2_r0,softmax_oratc_targeted_g48s1024_confirm_v1_20260725_sess03_pos2_ptx_f16x2_g48_s1024_cache_reuse_candidate_probe_ptx_f16x2_g48_s00_p00,full,0,1,11,140096.101413,140096.102876,140096.102145,0.00146330200369,5.52038537199,5243521339,true,true
softmax_1784951367251_softmax_full_f16io_f32acc_ptx_ex2_approx_f16x2_r0,softmax_oratc_targeted_g48s1024_confirm_v1_20260725_sess03_pos2_ptx_f16x2_g48_s1024_cache_reuse_candidate_probe_ptx_f16x2_g48_s00_p00,full,0,1,12,140096.60299,140096.604247,140096.603618,0.0012568020029,6.02185883999,5243640286,true,true
softmax_1784951367251_softmax_full_f16io_f32acc_ptx_ex2_approx_f16x2_r0,softmax_oratc_targeted_g48s1024_confirm_v1_20260725_sess03_pos2_ptx_f16x2_g48_s1024_cache_reuse_candidate_probe_ptx_f16x2_g48_s00_p00,full,0,1,13,140097.104408,140097.105671,140097.10504,0.00126310199266,6.523280522,5243758820,true,true
softmax_1784951367251_softmax_full_f16io_f32acc_ptx_ex2_approx_f16x2_r0,softmax_oratc_targeted_g48s1024_confirm_v1_20260725_sess03_pos2_ptx_f16x2_g48_s1024_cache_reuse_candidate_probe_ptx_f16x2_g48_s00_p00,full,0,1,14,140097.60579,140097.607097,140097.606444,0.0013071980211,7.024684523,5243876942,true,true
softmax_1784951367251_softmax_full_f16io_f32acc_ptx_ex2_approx_f16x2_r0,softmax_oratc_targeted_g48s1024_confirm_v1_20260725_sess03_pos2_ptx_f16x2_g48_s1024_cache_reuse_candidate_probe_ptx_f16x2_g48_s00_p00,full,0,1,15,140098.107214,140098.108611,140098.107912,0.00139739899896,7.52615309748,5243994765,true,true
softmax_1784951367251_softmax_full_f16io_f32acc_ptx_ex2_approx_f16x2_r0,softmax_oratc_targeted_g48s1024_confirm_v1_20260725_sess03_pos2_ptx_f16x2_g48_s1024_cache_reuse_candidate_probe_ptx_f16x2_g48_s00_p00,full,0,1,16,140098.608723,140098.613644,140098.611184,0.004921595013,8.02942418648,5244112395,true,true
softmax_1784951367251_softmax_full_f16io_f32acc_ptx_ex2_approx_f16x2_r0,softmax_oratc_targeted_g48s1024_confirm_v1_20260725_sess03_pos2_ptx_f16x2_g48_s1024_cache_reuse_candidate_probe_ptx_f16x2_g48_s00_p00,full,0,1,17,140099.113793,140099.115122,140099.114457,0.00132979900809,8.5326980885,5244233700,true,true
softmax_1784951367251_softmax_full_f16io_f32acc_ptx_ex2_approx_f16x2_r0,softmax_oratc_targeted_g48s1024_confirm_v1_20260725_sess03_pos2_ptx_f16x2_g48_s1024_cache_reuse_candidate_probe_ptx_f16x2_g48_s00_p00,full,0,1,18,140099.615236,140099.616557,140099.615896,0.00132059902535,9.03413710851,5244354685,true,true
softmax_1784951367251_softmax_full_f16io_f32acc_ptx_ex2_approx_f16x2_r0,softmax_oratc_targeted_g48s1024_confirm_v1_20260725_sess03_pos2_ptx_f16x2_g48_s1024_cache_reuse_candidate_probe_ptx_f16x2_g48_s00_p00,full,0,1,19,140100.116672,140100.117959,140100.117316,0.00128739900538,9.53555634149,5244475166,true,true
softmax_1784951367251_softmax_full_f16io_f32acc_ptx_ex2_approx_f16x2_r0,softmax_oratc_targeted_g48s1024_confirm_v1_20260725_sess03_pos2_ptx_f16x2_g48_s1024_cache_reuse_candidate_probe_ptx_f16x2_g48_s00_p00,full,0,1,20,140100.618077,140100.619569,140100.618823,0.0014924989955,10.0370634415,5244595133,true,true
softmax_1784951367251_softmax_full_f16io_f32acc_ptx_ex2_approx_f16x2_r0,softmax_oratc_targeted_g48s1024_confirm_v1_20260725_sess03_pos2_ptx_f16x2_g48_s1024_cache_reuse_candidate_probe_ptx_f16x2_g48_s00_p00,full,0,1,21,140101.11969,140101.120951,140101.12032,0.00126129898126,10.5385608035,5244714547,true,true
softmax_1784951367251_softmax_full_f16io_f32acc_ptx_ex2_approx_f16x2_r0,softmax_oratc_targeted_g48s1024_confirm_v1_20260725_sess03_pos2_ptx_f16x2_g48_s1024_cache_reuse_candidate_probe_ptx_f16x2_g48_s00_p00,full,0,1,22,140101.621071,140101.622416,140101.621743,0.00134449900361,11.0399840825,5244833612,true,true
softmax_1784951367251_softmax_full_f16io_f32acc_ptx_ex2_approx_f16x2_r0,softmax_oratc_targeted_g48s1024_confirm_v1_20260725_sess03_pos2_ptx_f16x2_g48_s1024_cache_reuse_candidate_probe_ptx_f16x2_g48_s00_p00,full,0,1,23,140102.122534,140102.123852,140102.123193,0.00131849900936,11.5414337745,5244952355,true,false
softmax_1784951367251_softmax_full_f16io_f32acc_ptx_ex2_approx_f16x2_r0,softmax_oratc_targeted_g48s1024_confirm_v1_20260725_sess03_pos2_ptx_f16x2_g48_s1024_cache_reuse_candidate_probe_ptx_f16x2_g48_s00_p00,full,0,1,24,140102.623964,140102.625304,140102.624634,0.00134040301782,12.0428749115,5245070697,true,false
softmax_1784951367251_softmax_full_f16io_f32acc_ptx_ex2_approx_f16x2_r0,softmax_oratc_targeted_g48s1024_confirm_v1_20260725_sess03_pos2_ptx_f16x2_g48_s1024_cache_reuse_candidate_probe_ptx_f16x2_g48_s00_p00,full,0,1,25,140102.912943,140102.914361,140102.913652,0.00141820200952,12.331892877,5245131531,true,false
softmax_1784951379592_softmax_full_f16io_f32acc_ptx_ex2_approx_f16x2_r0,softmax_oratc_targeted_g48s1024_confirm_v1_20260725_sess03_pos2_ptx_f16x2_g48_s1024_cache_reuse_candidate_probe_ptx_f16x2_g48_s00_p00,probe_after,0,2,0,140102.922034,140102.923226,140102.92263,0.00119240299682,-0.000603201478953,5245131531,false,false
softmax_1784951379592_softmax_full_f16io_f32acc_ptx_ex2_approx_f16x2_r0,softmax_oratc_targeted_g48s1024_confirm_v1_20260725_sess03_pos2_ptx_f16x2_g48_s1024_cache_reuse_candidate_probe_ptx_f16x2_g48_s00_p00,probe_after,0,2,1,140103.423543,140103.424935,140103.424239,0.00139210300404,0.501006335515,5245243933,true,false
softmax_1784951379592_softmax_full_f16io_f32acc_ptx_ex2_approx_f16x2_r0,softmax_oratc_targeted_g48s1024_confirm_v1_20260725_sess03_pos2_ptx_f16x2_g48_s1024_cache_reuse_candidate_probe_ptx_f16x2_g48_s00_p00,probe_after,0,2,2,140103.925051,140103.926526,140103.925788,0.00147510197712,1.002555246,5245361133,true,false
softmax_1784951379592_softmax_full_f16io_f32acc_ptx_ex2_approx_f16x2_r0,softmax_oratc_targeted_g48s1024_confirm_v1_20260725_sess03_pos2_ptx_f16x2_g48_s1024_cache_reuse_candidate_probe_ptx_f16x2_g48_s00_p00,probe_after,0,2,3,140104.42664,140104.431753,140104.429196,0.00511300997459,1.50596341598,5245477932,true,true
softmax_1784951379592_softmax_full_f16io_f32acc_ptx_ex2_approx_f16x2_r0,softmax_oratc_targeted_g48s1024_confirm_v1_20260725_sess03_pos2_ptx_f16x2_g48_s1024_cache_reuse_candidate_probe_ptx_f16x2_g48_s00_p00,probe_after,0,2,4,140104.931878,140104.933299,140104.932588,0.00142140299431,2.00935515951,5245598205,true,true
softmax_1784951379592_softmax_full_f16io_f32acc_ptx_ex2_approx_f16x2_r0,softmax_oratc_targeted_g48s1024_confirm_v1_20260725_sess03_pos2_ptx_f16x2_g48_s1024_cache_reuse_candidate_probe_ptx_f16x2_g48_s00_p00,probe_after,0,2,5,140105.433422,140105.43482,140105.434121,0.00139750301605,2.5108881545,5245718016,true,true
softmax_1784951379592_softmax_full_f16io_f32acc_ptx_ex2_approx_f16x2_r0,softmax_oratc_targeted_g48s1024_confirm_v1_20260725_sess03_pos2_ptx_f16x2_g48_s1024_cache_reuse_candidate_probe_ptx_f16x2_g48_s00_p00,probe_after,0,2,6,140105.934991,140105.936406,140105.935698,0.00141520000761,3.01246504,5245837592,true,true
softmax_1784951379592_softmax_full_f16io_f32acc_ptx_ex2_approx_f16x2_r0,softmax_oratc_targeted_g48s1024_confirm_v1_20260725_sess03_pos2_ptx_f16x2_g48_s1024_cache_reuse_candidate_probe_ptx_f16x2_g48_s00_p00,probe_after,0,2,7,140106.436525,140106.437918,140106.437221,0.0013922000071,3.51398838201,5245956801,true,true
softmax_1784951379592_softmax_full_f16io_f32acc_ptx_ex2_approx_f16x2_r0,softmax_oratc_targeted_g48s1024_confirm_v1_20260725_sess03_pos2_ptx_f16x2_g48_s1024_cache_reuse_candidate_probe_ptx_f16x2_g48_s00_p00,probe_after,0,2,8,140106.938038,140106.939435,140106.938736,0.00139640000998,4.01550334701,5246075642,true,true
softmax_1784951379592_softmax_full_f16io_f32acc_ptx_ex2_approx_f16x2_r0,softmax_oratc_targeted_g48s1024_confirm_v1_20260725_sess03_pos2_ptx_f16x2_g48_s1024_cache_reuse_candidate_probe_ptx_f16x2_g48_s00_p00,probe_after,0,2,9,140107.439562,140107.441356,140107.440459,0.00179360099719,4.5172257185,5246194256,true,true
softmax_1784951379592_softmax_full_f16io_f32acc_ptx_ex2_approx_f16x2_r0,softmax_oratc_targeted_g48s1024_confirm_v1_20260725_sess03_pos2_ptx_f16x2_g48_s1024_cache_reuse_candidate_probe_ptx_f16x2_g48_s00_p00,probe_after,0,2,10,140107.941476,140107.942863,140107.942169,0.00138639999204,5.01893641302,5246312450,true,true
softmax_1784951379592_softmax_full_f16io_f32acc_ptx_ex2_approx_f16x2_r0,softmax_oratc_targeted_g48s1024_confirm_v1_20260725_sess03_pos2_ptx_f16x2_g48_s1024_cache_reuse_candidate_probe_ptx_f16x2_g48_s00_p00,probe_after,0,2,11,140108.442991,140108.444424,140108.443708,0.00143319999916,5.52047481298,5246430022,true,true
softmax_1784951379592_softmax_full_f16io_f32acc_ptx_ex2_approx_f16x2_r0,softmax_oratc_targeted_g48s1024_confirm_v1_20260725_sess03_pos2_ptx_f16x2_g48_s1024_cache_reuse_candidate_probe_ptx_f16x2_g48_s00_p00,probe_after,0,2,12,140108.944547,140108.945851,140108.945199,0.00130350000109,6.02196588597,5246571237,true,true
softmax_1784951379592_softmax_full_f16io_f32acc_ptx_ex2_approx_f16x2_r0,softmax_oratc_targeted_g48s1024_confirm_v1_20260725_sess03_pos2_ptx_f16x2_g48_s1024_cache_reuse_candidate_probe_ptx_f16x2_g48_s00_p00,probe_after,0,2,13,140109.445978,140109.450905,140109.448441,0.00492660197779,6.52520826602,5246692191,true,true
softmax_1784951379592_softmax_full_f16io_f32acc_ptx_ex2_approx_f16x2_r0,softmax_oratc_targeted_g48s1024_confirm_v1_20260725_sess03_pos2_ptx_f16x2_g48_s1024_cache_reuse_candidate_probe_ptx_f16x2_g48_s00_p00,probe_after,0,2,14,140109.951019,140109.952368,140109.951693,0.0013489999983,7.02846031802,5246812365,true,true
softmax_1784951379592_softmax_full_f16io_f32acc_ptx_ex2_approx_f16x2_r0,softmax_oratc_targeted_g48s1024_confirm_v1_20260725_sess03_pos2_ptx_f16x2_g48_s1024_cache_reuse_candidate_probe_ptx_f16x2_g48_s00_p00,probe_after,0,2,15,140110.452487,140110.453857,140110.453172,0.00136940102675,7.52993907648,5246932286,true,true
softmax_1784951379592_softmax_full_f16io_f32acc_ptx_ex2_approx_f16x2_r0,softmax_oratc_targeted_g48s1024_confirm_v1_20260725_sess03_pos2_ptx_f16x2_g48_s1024_cache_reuse_candidate_probe_ptx_f16x2_g48_s00_p00,probe_after,0,2,16,140110.953984,140110.95537,140110.954677,0.00138629999128,8.03144390698,5247051818,true,true
softmax_1784951379592_softmax_full_f16io_f32acc_ptx_ex2_approx_f16x2_r0,softmax_oratc_targeted_g48s1024_confirm_v1_20260725_sess03_pos2_ptx_f16x2_g48_s1024_cache_reuse_candidate_probe_ptx_f16x2_g48_s00_p00,probe_after,0,2,17,140111.455497,140111.456757,140111.456127,0.00125979998847,8.53289374401,5247171086,true,true
softmax_1784951379592_softmax_full_f16io_f32acc_ptx_ex2_approx_f16x2_r0,softmax_oratc_targeted_g48s1024_confirm_v1_20260725_sess03_pos2_ptx_f16x2_g48_s1024_cache_reuse_candidate_probe_ptx_f16x2_g48_s00_p00,probe_after,0,2,18,140111.956872,140111.958297,140111.957584,0.00142490302096,9.03435105251,5247289912,true,true
softmax_1784951379592_softmax_full_f16io_f32acc_ptx_ex2_approx_f16x2_r0,softmax_oratc_targeted_g48s1024_confirm_v1_20260725_sess03_pos2_ptx_f16x2_g48_s1024_cache_reuse_candidate_probe_ptx_f16x2_g48_s00_p00,probe_after,0,2,19,140112.458435,140112.459857,140112.459146,0.00142220398993,9.53591266598,5247408266,true,true
softmax_1784951379592_softmax_full_f16io_f32acc_ptx_ex2_approx_f16x2_r0,softmax_oratc_targeted_g48s1024_confirm_v1_20260725_sess03_pos2_ptx_f16x2_g48_s1024_cache_reuse_candidate_probe_ptx_f16x2_g48_s00_p00,probe_after,0,2,20,140112.959981,140112.961432,140112.960707,0.00145080301445,10.0374736515,5247526109,true,true
softmax_1784951379592_softmax_full_f16io_f32acc_ptx_ex2_approx_f16x2_r0,softmax_oratc_targeted_g48s1024_confirm_v1_20260725_sess03_pos2_ptx_f16x2_g48_s1024_cache_reuse_candidate_probe_ptx_f16x2_g48_s00_p00,probe_after,0,2,21,140113.461616,140113.462995,140113.462305,0.0013790029916,10.5390720435,5247643511,true,true
softmax_1784951379592_softmax_full_f16io_f32acc_ptx_ex2_approx_f16x2_r0,softmax_oratc_targeted_g48s1024_confirm_v1_20260725_sess03_pos2_ptx_f16x2_g48_s1024_cache_reuse_candidate_probe_ptx_f16x2_g48_s00_p00,probe_after,0,2,22,140113.963125,140113.964518,140113.963822,0.00139299800503,11.040588591,5247760503,true,true
softmax_1784951379592_softmax_full_f16io_f32acc_ptx_ex2_approx_f16x2_r0,softmax_oratc_targeted_g48s1024_confirm_v1_20260725_sess03_pos2_ptx_f16x2_g48_s1024_cache_reuse_candidate_probe_ptx_f16x2_g48_s00_p00,probe_after,0,2,23,140114.464676,140114.468816,140114.466746,0.0041399949987,11.5435128145,5247877232,true,false
softmax_1784951379592_softmax_full_f16io_f32acc_ptx_ex2_approx_f16x2_r0,softmax_oratc_targeted_g48s1024_confirm_v1_20260725_sess03_pos2_ptx_f16x2_g48_s1024_cache_reuse_candidate_probe_ptx_f16x2_g48_s00_p00,probe_after,0,2,24,140114.968947,140114.970305,140114.969626,0.00135759901605,12.0463929595,5247997360,true,false
softmax_1784951379592_softmax_full_f16io_f32acc_ptx_ex2_approx_f16x2_r0,softmax_oratc_targeted_g48s1024_confirm_v1_20260725_sess03_pos2_ptx_f16x2_g48_s1024_cache_reuse_candidate_probe_ptx_f16x2_g48_s00_p00,probe_after,0,2,25,140115.230368,140115.231741,140115.231054,0.00137329901918,12.3078213205,5248037687,true,false
softmax_1784951391910_softmax_full_f16io_f32acc_ptx_ex2_approx_f16x2_r1,softmax_oratc_targeted_g48s1024_confirm_v1_20260725_sess03_pos2_ptx_f16x2_g48_s1024_cache_reuse_candidate_probe_ptx_f16x2_g48_s00_p01,full_before,1,0,0,140115.239623,140115.240828,140115.240226,0.00120489901747,-0.000622649502475,5248037687,false,false
softmax_1784951391910_softmax_full_f16io_f32acc_ptx_ex2_approx_f16x2_r1,softmax_oratc_targeted_g48s1024_confirm_v1_20260725_sess03_pos2_ptx_f16x2_g48_s1024_cache_reuse_candidate_probe_ptx_f16x2_g48_s00_p01,full_before,1,0,1,140115.741154,140115.742338,140115.741746,0.00118479898083,0.500897469523,5248174618,true,false
softmax_1784951391910_softmax_full_f16io_f32acc_ptx_ex2_approx_f16x2_r1,softmax_oratc_targeted_g48s1024_confirm_v1_20260725_sess03_pos2_ptx_f16x2_g48_s1024_cache_reuse_candidate_probe_ptx_f16x2_g48_s00_p01,full_before,1,0,2,140116.242459,140116.24368,140116.24307,0.00122119800653,1.00222114401,5248296592,true,false
softmax_1784951391910_softmax_full_f16io_f32acc_ptx_ex2_approx_f16x2_r1,softmax_oratc_targeted_g48s1024_confirm_v1_20260725_sess03_pos2_ptx_f16x2_g48_s1024_cache_reuse_candidate_probe_ptx_f16x2_g48_s00_p01,full_before,1,0,3,140116.743796,140116.748061,140116.745929,0.00426489600795,1.50508039002,5248418355,true,true
softmax_1784951391910_softmax_full_f16io_f32acc_ptx_ex2_approx_f16x2_r1,softmax_oratc_targeted_g48s1024_confirm_v1_20260725_sess03_pos2_ptx_f16x2_g48_s1024_cache_reuse_candidate_probe_ptx_f16x2_g48_s00_p01,full_before,1,0,4,140117.248175,140117.249476,140117.248826,0.00130009901477,2.0079770915,5248539331,true,true
softmax_1784951391910_softmax_full_f16io_f32acc_ptx_ex2_approx_f16x2_r1,softmax_oratc_targeted_g48s1024_confirm_v1_20260725_sess03_pos2_ptx_f16x2_g48_s1024_cache_reuse_candidate_probe_ptx_f16x2_g48_s00_p01,full_before,1,0,5,140117.749598,140117.750907,140117.750253,0.0013089980057,2.509404468,5248659942,true,true
softmax_1784951391910_softmax_full_f16io_f32acc_ptx_ex2_approx_f16x2_r1,softmax_oratc_targeted_g48s1024_confirm_v1_20260725_sess03_pos2_ptx_f16x2_g48_s1024_cache_reuse_candidate_probe_ptx_f16x2_g48_s00_p01,full_before,1,0,6,140118.251023,140118.252319,140118.251671,0.00129619901418,3.01082219952,5248780259,true,true
softmax_1784951391910_softmax_full_f16io_f32acc_ptx_ex2_approx_f16x2_r1,softmax_oratc_targeted_g48s1024_confirm_v1_20260725_sess03_pos2_ptx_f16x2_g48_s1024_cache_reuse_candidate_probe_ptx_f16x2_g48_s00_p01,full_before,1,0,7,140118.752439,140118.753777,140118.753108,0.0013371980167,3.512259654,5248900380,true,true
softmax_1784951391910_softmax_full_f16io_f32acc_ptx_ex2_approx_f16x2_r1,softmax_oratc_targeted_g48s1024_confirm_v1_20260725_sess03_pos2_ptx_f16x2_g48_s1024_cache_reuse_candidate_probe_ptx_f16x2_g48_s00_p01,full_before,1,0,8,140119.253896,140119.255221,140119.254559,0.00132550299168,4.0137102805,5249020298,true,true
softmax_1784951391910_softmax_full_f16io_f32acc_ptx_ex2_approx_f16x2_r1,softmax_oratc_targeted_g48s1024_confirm_v1_20260725_sess03_pos2_ptx_f16x2_g48_s1024_cache_reuse_candidate_probe_ptx_f16x2_g48_s00_p01,full_before,1,0,9,140119.755341,140119.756692,140119.756017,0.00135050297831,4.51516808552,5249139913,true,true
softmax_1784951391910_softmax_full_f16io_f32acc_ptx_ex2_approx_f16x2_r1,softmax_oratc_targeted_g48s1024_confirm_v1_20260725_sess03_pos2_ptx_f16x2_g48_s1024_cache_reuse_candidate_probe_ptx_f16x2_g48_s00_p01,full_before,1,0,10,140120.256823,140120.258193,140120.257508,0.00137060301495,5.01665954449,5249259042,true,true
softmax_1784951391910_softmax_full_f16io_f32acc_ptx_ex2_approx_f16x2_r1,softmax_oratc_targeted_g48s1024_confirm_v1_20260725_sess03_pos2_ptx_f16x2_g48_s1024_cache_reuse_candidate_probe_ptx_f16x2_g48_s00_p01,full_before,1,0,11,140120.758326,140120.759714,140120.75902,0.00138720299583,5.51817147751,5249377641,true,true
softmax_1784951391910_softmax_full_f16io_f32acc_ptx_ex2_approx_f16x2_r1,softmax_oratc_targeted_g48s1024_confirm_v1_20260725_sess03_pos2_ptx_f16x2_g48_s1024_cache_reuse_candidate_probe_ptx_f16x2_g48_s00_p01,full_before,1,0,12,140121.259848,140121.261198,140121.260523,0.00135040300665,6.0196748155,5249495725,true,true
softmax_1784951391910_softmax_full_f16io_f32acc_ptx_ex2_approx_f16x2_r1,softmax_oratc_targeted_g48s1024_confirm_v1_20260725_sess03_pos2_ptx_f16x2_g48_s1024_cache_reuse_candidate_probe_ptx_f16x2_g48_s00_p01,full_before,1,0,13,140121.761327,140121.766491,140121.763909,0.0051637860015,6.523060765,5249613309,true,true
softmax_1784951391910_softmax_full_f16io_f32acc_ptx_ex2_approx_f16x2_r1,softmax_oratc_targeted_g48s1024_confirm_v1_20260725_sess03_pos2_ptx_f16x2_g48_s1024_cache_reuse_candidate_probe_ptx_f16x2_g48_s00_p01,full_before,1,0,14,140122.266619,140122.267956,140122.267288,0.00133669699426,7.0264393845,5249734520,true,true
softmax_1784951391910_softmax_full_f16io_f32acc_ptx_ex2_approx_f16x2_r1,softmax_oratc_targeted_g48s1024_confirm_v1_20260725_sess03_pos2_ptx_f16x2_g48_s1024_cache_reuse_candidate_probe_ptx_f16x2_g48_s00_p01,full_before,1,0,15,140122.768077,140122.769438,140122.768757,0.00136089601438,7.527908783,5249855377,true,true
softmax_1784951391910_softmax_full_f16io_f32acc_ptx_ex2_approx_f16x2_r1,softmax_oratc_targeted_g48s1024_confirm_v1_20260725_sess03_pos2_ptx_f16x2_g48_s1024_cache_reuse_candidate_probe_ptx_f16x2_g48_s00_p01,full_before,1,0,16,140123.269557,140123.270891,140123.270224,0.0013339970028,8.02937553549,5249976017,true,true
softmax_1784951391910_softmax_full_f16io_f32acc_ptx_ex2_approx_f16x2_r1,softmax_oratc_targeted_g48s1024_confirm_v1_20260725_sess03_pos2_ptx_f16x2_g48_s1024_cache_reuse_candidate_probe_ptx_f16x2_g48_s00_p01,full_before,1,0,17,140123.771017,140123.772359,140123.771688,0.00134199700551,8.5308393625,5250096478,true,true
softmax_1784951391910_softmax_full_f16io_f32acc_ptx_ex2_approx_f16x2_r1,softmax_oratc_targeted_g48s1024_confirm_v1_20260725_sess03_pos2_ptx_f16x2_g48_s1024_cache_reuse_candidate_probe_ptx_f16x2_g48_s00_p01,full_before,1,0,18,140124.272473,140124.273865,140124.273169,0.00139209601912,9.03232084302,5250216469,true,true
softmax_1784951391910_softmax_full_f16io_f32acc_ptx_ex2_approx_f16x2_r1,softmax_oratc_targeted_g48s1024_confirm_v1_20260725_sess03_pos2_ptx_f16x2_g48_s1024_cache_reuse_candidate_probe_ptx_f16x2_g48_s00_p01,full_before,1,0,19,140124.774002,140124.775352,140124.774677,0.00135070201941,9.53382849801,5250335845,true,true
softmax_1784951391910_softmax_full_f16io_f32acc_ptx_ex2_approx_f16x2_r1,softmax_oratc_targeted_g48s1024_confirm_v1_20260725_sess03_pos2_ptx_f16x2_g48_s1024_cache_reuse_candidate_probe_ptx_f16x2_g48_s00_p01,full_before,1,0,20,140125.275486,140125.277972,140125.276729,0.00248630400165,10.035880391,5250454651,true,true
softmax_1784951391910_softmax_full_f16io_f32acc_ptx_ex2_approx_f16x2_r1,softmax_oratc_targeted_g48s1024_confirm_v1_20260725_sess03_pos2_ptx_f16x2_g48_s1024_cache_reuse_candidate_probe_ptx_f16x2_g48_s00_p01,full_before,1,0,21,140125.778128,140125.77949,140125.778809,0.00136150300386,10.5379606085,5250572877,true,true
softmax_1784951391910_softmax_full_f16io_f32acc_ptx_ex2_approx_f16x2_r1,softmax_oratc_targeted_g48s1024_confirm_v1_20260725_sess03_pos2_ptx_f16x2_g48_s1024_cache_reuse_candidate_probe_ptx_f16x2_g48_s00_p01,full_before,1,0,22,140126.279613,140126.280999,140126.280306,0.0013859019964,11.039457528,5250690520,true,true
softmax_1784951391910_softmax_full_f16io_f32acc_ptx_ex2_approx_f16x2_r1,softmax_oratc_targeted_g48s1024_confirm_v1_20260725_sess03_pos2_ptx_f16x2_g48_s1024_cache_reuse_candidate_probe_ptx_f16x2_g48_s00_p01,full_before,1,0,23,140126.781115,140126.785115,140126.783115,0.00399990699952,11.5422668745,5250807833,true,false
softmax_1784951391910_softmax_full_f16io_f32acc_ptx_ex2_approx_f16x2_r1,softmax_oratc_targeted_g48s1024_confirm_v1_20260725_sess03_pos2_ptx_f16x2_g48_s1024_cache_reuse_candidate_probe_ptx_f16x2_g48_s00_p01,full_before,1,0,24,140127.285232,140127.286561,140127.285896,0.00132860301528,12.0450479745,5250929092,true,false
softmax_1784951391910_softmax_full_f16io_f32acc_ptx_ex2_approx_f16x2_r1,softmax_oratc_targeted_g48s1024_confirm_v1_20260725_sess03_pos2_ptx_f16x2_g48_s1024_cache_reuse_candidate_probe_ptx_f16x2_g48_s00_p01,full_before,1,0,25,140127.575609,140127.577003,140127.576306,0.00139380298788,12.3354572365,5250990814,true,false
softmax_1784951404258_softmax_full_f16io_f32acc_ptx_ex2_approx_f16x2_r1,softmax_oratc_targeted_g48s1024_confirm_v1_20260725_sess03_pos2_ptx_f16x2_g48_s1024_cache_reuse_candidate_probe_ptx_f16x2_g48_s00_p01,probe_middle,1,1,0,140127.587778,140127.588947,140127.588363,0.00116930197692,-0.000591551011894,5250990814,false,false
softmax_1784951404258_softmax_full_f16io_f32acc_ptx_ex2_approx_f16x2_r1,softmax_oratc_targeted_g48s1024_confirm_v1_20260725_sess03_pos2_ptx_f16x2_g48_s1024_cache_reuse_candidate_probe_ptx_f16x2_g48_s00_p01,probe_middle,1,1,1,140128.089204,140128.090647,140128.089926,0.00144260202069,0.500971673988,5251103257,true,false
softmax_1784951404258_softmax_full_f16io_f32acc_ptx_ex2_approx_f16x2_r1,softmax_oratc_targeted_g48s1024_confirm_v1_20260725_sess03_pos2_ptx_f16x2_g48_s1024_cache_reuse_candidate_probe_ptx_f16x2_g48_s00_p01,probe_middle,1,1,2,140128.590769,140128.592128,140128.591448,0.00135900301393,1.00249416349,5251222378,true,false
softmax_1784951404258_softmax_full_f16io_f32acc_ptx_ex2_approx_f16x2_r1,softmax_oratc_targeted_g48s1024_confirm_v1_20260725_sess03_pos2_ptx_f16x2_g48_s1024_cache_reuse_candidate_probe_ptx_f16x2_g48_s00_p01,probe_middle,1,1,3,140129.092256,140129.093649,140129.092953,0.00139270198997,1.50399851598,5251341058,true,true
softmax_1784951404258_softmax_full_f16io_f32acc_ptx_ex2_approx_f16x2_r1,softmax_oratc_targeted_g48s1024_confirm_v1_20260725_sess03_pos2_ptx_f16x2_g48_s1024_cache_reuse_candidate_probe_ptx_f16x2_g48_s00_p01,probe_middle,1,1,4,140129.59374,140129.595199,140129.594469,0.00145850298577,2.00551533347,5251459213,true,true
softmax_1784951404258_softmax_full_f16io_f32acc_ptx_ex2_approx_f16x2_r1,softmax_oratc_targeted_g48s1024_confirm_v1_20260725_sess03_pos2_ptx_f16x2_g48_s1024_cache_reuse_candidate_probe_ptx_f16x2_g48_s00_p01,probe_middle,1,1,5,140130.095323,140130.096677,140130.096,0.00135460100137,2.50704590548,5251576908,true,true
softmax_1784951404258_softmax_full_f16io_f32acc_ptx_ex2_approx_f16x2_r1,softmax_oratc_targeted_g48s1024_confirm_v1_20260725_sess03_pos2_ptx_f16x2_g48_s1024_cache_reuse_candidate_probe_ptx_f16x2_g48_s00_p01,probe_middle,1,1,6,140130.59679,140130.598142,140130.597466,0.00135190100991,3.0085114695,5251694277,true,true
softmax_1784951404258_softmax_full_f16io_f32acc_ptx_ex2_approx_f16x2_r1,softmax_oratc_targeted_g48s1024_confirm_v1_20260725_sess03_pos2_ptx_f16x2_g48_s1024_cache_reuse_candidate_probe_ptx_f16x2_g48_s00_p01,probe_middle,1,1,7,140131.098258,140131.099669,140131.098964,0.00141070099198,3.5100095965,5251811236,true,true
softmax_1784951404258_softmax_full_f16io_f32acc_ptx_ex2_approx_f16x2_r1,softmax_oratc_targeted_g48s1024_confirm_v1_20260725_sess03_pos2_ptx_f16x2_g48_s1024_cache_reuse_candidate_probe_ptx_f16x2_g48_s00_p01,probe_middle,1,1,8,140131.599791,140131.603522,140131.601656,0.00373100300203,4.01270208848,5251927978,true,true
softmax_1784951404258_softmax_full_f16io_f32acc_ptx_ex2_approx_f16x2_r1,softmax_oratc_targeted_g48s1024_confirm_v1_20260725_sess03_pos2_ptx_f16x2_g48_s1024_cache_reuse_candidate_probe_ptx_f16x2_g48_s00_p01,probe_middle,1,1,9,140132.103653,140132.105009,140132.104331,0.00135590101127,4.51537659348,5252048651,true,true
softmax_1784951404258_softmax_full_f16io_f32acc_ptx_ex2_approx_f16x2_r1,softmax_oratc_targeted_g48s1024_confirm_v1_20260725_sess03_pos2_ptx_f16x2_g48_s1024_cache_reuse_candidate_probe_ptx_f16x2_g48_s00_p01,probe_middle,1,1,10,140132.605127,140132.606483,140132.605805,0.00135640098597,5.0168506125,5252168911,true,true
softmax_1784951404258_softmax_full_f16io_f32acc_ptx_ex2_approx_f16x2_r1,softmax_oratc_targeted_g48s1024_confirm_v1_20260725_sess03_pos2_ptx_f16x2_g48_s1024_cache_reuse_candidate_probe_ptx_f16x2_g48_s00_p01,probe_middle,1,1,11,140133.106598,140133.10802,140133.107309,0.00142260099528,5.51835499448,5252288618,true,true
softmax_1784951404258_softmax_full_f16io_f32acc_ptx_ex2_approx_f16x2_r1,softmax_oratc_targeted_g48s1024_confirm_v1_20260725_sess03_pos2_ptx_f16x2_g48_s1024_cache_reuse_candidate_probe_ptx_f16x2_g48_s00_p01,probe_middle,1,1,12,140133.608144,140133.60955,140133.608847,0.00140550098149,6.01989304149,5252407994,true,true
softmax_1784951404258_softmax_full_f16io_f32acc_ptx_ex2_approx_f16x2_r1,softmax_oratc_targeted_g48s1024_confirm_v1_20260725_sess03_pos2_ptx_f16x2_g48_s1024_cache_reuse_candidate_probe_ptx_f16x2_g48_s00_p01,probe_middle,1,1,13,140134.109677,140134.111085,140134.110381,0.00140830100281,6.52142725149,5252526879,true,true
softmax_1784951404258_softmax_full_f16io_f32acc_ptx_ex2_approx_f16x2_r1,softmax_oratc_targeted_g48s1024_confirm_v1_20260725_sess03_pos2_ptx_f16x2_g48_s1024_cache_reuse_candidate_probe_ptx_f16x2_g48_s00_p01,probe_middle,1,1,14,140134.611258,140134.612725,140134.611992,0.00146720101475,7.02303762551,5252645436,true,true
softmax_1784951404258_softmax_full_f16io_f32acc_ptx_ex2_approx_f16x2_r1,softmax_oratc_targeted_g48s1024_confirm_v1_20260725_sess03_pos2_ptx_f16x2_g48_s1024_cache_reuse_candidate_probe_ptx_f16x2_g48_s00_p01,probe_middle,1,1,15,140135.112861,140135.114215,140135.113538,0.00135480100289,7.52458396248,5252763528,true,true
softmax_1784951404258_softmax_full_f16io_f32acc_ptx_ex2_approx_f16x2_r1,softmax_oratc_targeted_g48s1024_confirm_v1_20260725_sess03_pos2_ptx_f16x2_g48_s1024_cache_reuse_candidate_probe_ptx_f16x2_g48_s00_p01,probe_middle,1,1,16,140135.614337,140135.615682,140135.61501,0.00134480098495,8.02605561449,5252881259,true,true
softmax_1784951404258_softmax_full_f16io_f32acc_ptx_ex2_approx_f16x2_r1,softmax_oratc_targeted_g48s1024_confirm_v1_20260725_sess03_pos2_ptx_f16x2_g48_s1024_cache_reuse_candidate_probe_ptx_f16x2_g48_s00_p01,probe_middle,1,1,17,140136.11578,140136.117141,140136.11646,0.00136140099494,8.52750627848,5252998736,true,true
softmax_1784951404258_softmax_full_f16io_f32acc_ptx_ex2_approx_f16x2_r1,softmax_oratc_targeted_g48s1024_confirm_v1_20260725_sess03_pos2_ptx_f16x2_g48_s1024_cache_reuse_candidate_probe_ptx_f16x2_g48_s00_p01,probe_middle,1,1,18,140136.617299,140136.62193,140136.619614,0.00463070499245,9.03066030948,5253115800,true,true
softmax_1784951404258_softmax_full_f16io_f32acc_ptx_ex2_approx_f16x2_r1,softmax_oratc_targeted_g48s1024_confirm_v1_20260725_sess03_pos2_ptx_f16x2_g48_s1024_cache_reuse_candidate_probe_ptx_f16x2_g48_s00_p01,probe_middle,1,1,19,140137.122057,140137.123499,140137.122778,0.00144150300184,9.5338239625,5253236424,true,true
softmax_1784951404258_softmax_full_f16io_f32acc_ptx_ex2_approx_f16x2_r1,softmax_oratc_targeted_g48s1024_confirm_v1_20260725_sess03_pos2_ptx_f16x2_g48_s1024_cache_reuse_candidate_probe_ptx_f16x2_g48_s00_p01,probe_middle,1,1,20,140137.623666,140137.625073,140137.62437,0.00140719499905,10.0354155195,5253356612,true,true
softmax_1784951404258_softmax_full_f16io_f32acc_ptx_ex2_approx_f16x2_r1,softmax_oratc_targeted_g48s1024_confirm_v1_20260725_sess03_pos2_ptx_f16x2_g48_s1024_cache_reuse_candidate_probe_ptx_f16x2_g48_s00_p01,probe_middle,1,1,21,140138.125198,140138.126569,140138.125883,0.00137039498077,10.5369292795,5253476197,true,true
softmax_1784951404258_softmax_full_f16io_f32acc_ptx_ex2_approx_f16x2_r1,softmax_oratc_targeted_g48s1024_confirm_v1_20260725_sess03_pos2_ptx_f16x2_g48_s1024_cache_reuse_candidate_probe_ptx_f16x2_g48_s00_p01,probe_middle,1,1,22,140138.626693,140138.628076,140138.627384,0.0013835959835,11.038430255,5253595353,true,true
softmax_1784951404258_softmax_full_f16io_f32acc_ptx_ex2_approx_f16x2_r1,softmax_oratc_targeted_g48s1024_confirm_v1_20260725_sess03_pos2_ptx_f16x2_g48_s1024_cache_reuse_candidate_probe_ptx_f16x2_g48_s00_p01,probe_middle,1,1,23,140139.128199,140139.129614,140139.128907,0.00141559599433,11.539952442,5253714233,true,false
softmax_1784951404258_softmax_full_f16io_f32acc_ptx_ex2_approx_f16x2_r1,softmax_oratc_targeted_g48s1024_confirm_v1_20260725_sess03_pos2_ptx_f16x2_g48_s1024_cache_reuse_candidate_probe_ptx_f16x2_g48_s00_p01,probe_middle,1,1,24,140139.629736,140139.631552,140139.630644,0.0018167939852,12.041689844,5253832812,true,false
softmax_1784951404258_softmax_full_f16io_f32acc_ptx_ex2_approx_f16x2_r1,softmax_oratc_targeted_g48s1024_confirm_v1_20260725_sess03_pos2_ptx_f16x2_g48_s1024_cache_reuse_candidate_probe_ptx_f16x2_g48_s00_p01,probe_middle,1,1,25,140139.906999,140139.908401,140139.9077,0.00140209501842,12.3187456625,5253894011,true,false
softmax_1784951416586_softmax_full_f16io_f32acc_ptx_ex2_approx_f16x2_r1,softmax_oratc_targeted_g48s1024_confirm_v1_20260725_sess03_pos2_ptx_f16x2_g48_s1024_cache_reuse_candidate_probe_ptx_f16x2_g48_s00_p01,full_after,1,2,0,140139.915714,140139.916838,140139.916276,0.0011245959904,-0.000567698007217,5253894011,false,false
softmax_1784951416586_softmax_full_f16io_f32acc_ptx_ex2_approx_f16x2_r1,softmax_oratc_targeted_g48s1024_confirm_v1_20260725_sess03_pos2_ptx_f16x2_g48_s1024_cache_reuse_candidate_probe_ptx_f16x2_g48_s00_p01,full_after,1,2,1,140140.417105,140140.420831,140140.418968,0.00372558800154,0.502124716004,5254006179,true,false
softmax_1784951416586_softmax_full_f16io_f32acc_ptx_ex2_approx_f16x2_r1,softmax_oratc_targeted_g48s1024_confirm_v1_20260725_sess03_pos2_ptx_f16x2_g48_s1024_cache_reuse_candidate_probe_ptx_f16x2_g48_s00_p01,full_after,1,2,2,140140.92095,140140.922359,140140.921654,0.00140869498136,1.00481070351,5254127450,true,false
softmax_1784951416586_softmax_full_f16io_f32acc_ptx_ex2_approx_f16x2_r1,softmax_oratc_targeted_g48s1024_confirm_v1_20260725_sess03_pos2_ptx_f16x2_g48_s1024_cache_reuse_candidate_probe_ptx_f16x2_g48_s00_p01,full_after,1,2,3,140141.422474,140141.423822,140141.423148,0.00134829600574,1.50630414899,5254248188,true,true
softmax_1784951416586_softmax_full_f16io_f32acc_ptx_ex2_approx_f16x2_r1,softmax_oratc_targeted_g48s1024_confirm_v1_20260725_sess03_pos2_ptx_f16x2_g48_s1024_cache_reuse_candidate_probe_ptx_f16x2_g48_s00_p01,full_after,1,2,4,140141.923974,140141.92544,140141.924707,0.00146640298772,2.00786356447,5254368443,true,true
softmax_1784951416586_softmax_full_f16io_f32acc_ptx_ex2_approx_f16x2_r1,softmax_oratc_targeted_g48s1024_confirm_v1_20260725_sess03_pos2_ptx_f16x2_g48_s1024_cache_reuse_candidate_probe_ptx_f16x2_g48_s00_p01,full_after,1,2,5,140142.42557,140142.426922,140142.426246,0.00135110199335,2.509402428,5254488185,true,true
softmax_1784951416586_softmax_full_f16io_f32acc_ptx_ex2_approx_f16x2_r1,softmax_oratc_targeted_g48s1024_confirm_v1_20260725_sess03_pos2_ptx_f16x2_g48_s1024_cache_reuse_candidate_probe_ptx_f16x2_g48_s00_p01,full_after,1,2,6,140142.92708,140142.928443,140142.927762,0.00136250298237,3.01091806349,5254607684,true,true
softmax_1784951416586_softmax_full_f16io_f32acc_ptx_ex2_approx_f16x2_r1,softmax_oratc_targeted_g48s1024_confirm_v1_20260725_sess03_pos2_ptx_f16x2_g48_s1024_cache_reuse_candidate_probe_ptx_f16x2_g48_s00_p01,full_after,1,2,7,140143.428574,140143.430355,140143.429465,0.00178100299672,3.51262135449,5254726817,true,true
softmax_1784951416586_softmax_full_f16io_f32acc_ptx_ex2_approx_f16x2_r1,softmax_oratc_targeted_g48s1024_confirm_v1_20260725_sess03_pos2_ptx_f16x2_g48_s1024_cache_reuse_candidate_probe_ptx_f16x2_g48_s00_p01,full_after,1,2,8,140143.930514,140143.931877,140143.931195,0.00136300298618,4.01435161749,5254845641,true,true
softmax_1784951416586_softmax_full_f16io_f32acc_ptx_ex2_approx_f16x2_r1,softmax_oratc_targeted_g48s1024_confirm_v1_20260725_sess03_pos2_ptx_f16x2_g48_s1024_cache_reuse_candidate_probe_ptx_f16x2_g48_s00_p01,full_after,1,2,9,140144.431993,140144.433499,140144.432746,0.00150530302199,4.5159025355,5254988685,true,true
softmax_1784951416586_softmax_full_f16io_f32acc_ptx_ex2_approx_f16x2_r1,softmax_oratc_targeted_g48s1024_confirm_v1_20260725_sess03_pos2_ptx_f16x2_g48_s1024_cache_reuse_candidate_probe_ptx_f16x2_g48_s00_p01,full_after,1,2,10,140144.933629,140144.934927,140144.934278,0.00129800301511,5.01743427449,5255110935,true,true
softmax_1784951416586_softmax_full_f16io_f32acc_ptx_ex2_approx_f16x2_r1,softmax_oratc_targeted_g48s1024_confirm_v1_20260725_sess03_pos2_ptx_f16x2_g48_s1024_cache_reuse_candidate_probe_ptx_f16x2_g48_s00_p01,full_after,1,2,11,140145.435043,140145.439765,140145.437404,0.00472220999654,5.520560573,5255232789,true,true
softmax_1784951416586_softmax_full_f16io_f32acc_ptx_ex2_approx_f16x2_r1,softmax_oratc_targeted_g48s1024_confirm_v1_20260725_sess03_pos2_ptx_f16x2_g48_s1024_cache_reuse_candidate_probe_ptx_f16x2_g48_s00_p01,full_after,1,2,12,140145.939888,140145.94127,140145.940579,0.00138198799687,6.02373525299,5255353837,true,true
softmax_1784951416586_softmax_full_f16io_f32acc_ptx_ex2_approx_f16x2_r1,softmax_oratc_targeted_g48s1024_confirm_v1_20260725_sess03_pos2_ptx_f16x2_g48_s1024_cache_reuse_candidate_probe_ptx_f16x2_g48_s00_p01,full_after,1,2,13,140146.441437,140146.442786,140146.442112,0.00134928800981,6.52526804997,5255474456,true,true
softmax_1784951416586_softmax_full_f16io_f32acc_ptx_ex2_approx_f16x2_r1,softmax_oratc_targeted_g48s1024_confirm_v1_20260725_sess03_pos2_ptx_f16x2_g48_s1024_cache_reuse_candidate_probe_ptx_f16x2_g48_s00_p01,full_after,1,2,14,140146.942949,140146.944283,140146.943616,0.00133358800667,7.026772568,5255594699,true,true
softmax_1784951416586_softmax_full_f16io_f32acc_ptx_ex2_approx_f16x2_r1,softmax_oratc_targeted_g48s1024_confirm_v1_20260725_sess03_pos2_ptx_f16x2_g48_s1024_cache_reuse_candidate_probe_ptx_f16x2_g48_s00_p01,full_after,1,2,15,140147.444412,140147.445837,140147.445124,0.00142448800034,7.528280892,5255714625,true,true
softmax_1784951416586_softmax_full_f16io_f32acc_ptx_ex2_approx_f16x2_r1,softmax_oratc_targeted_g48s1024_confirm_v1_20260725_sess03_pos2_ptx_f16x2_g48_s1024_cache_reuse_candidate_probe_ptx_f16x2_g48_s00_p01,full_after,1,2,16,140147.946005,140147.947393,140147.946699,0.00138798801345,8.029855136,5255834288,true,true
softmax_1784951416586_softmax_full_f16io_f32acc_ptx_ex2_approx_f16x2_r1,softmax_oratc_targeted_g48s1024_confirm_v1_20260725_sess03_pos2_ptx_f16x2_g48_s1024_cache_reuse_candidate_probe_ptx_f16x2_g48_s00_p01,full_after,1,2,17,140148.447559,140148.448912,140148.448236,0.00135290197795,8.53139193699,5255953645,true,true
softmax_1784951416586_softmax_full_f16io_f32acc_ptx_ex2_approx_f16x2_r1,softmax_oratc_targeted_g48s1024_confirm_v1_20260725_sess03_pos2_ptx_f16x2_g48_s1024_cache_reuse_candidate_probe_ptx_f16x2_g48_s00_p01,full_after,1,2,18,140148.949023,140148.950448,140148.949736,0.00142520299414,9.03289208849,5256072558,true,true
softmax_1784951416586_softmax_full_f16io_f32acc_ptx_ex2_approx_f16x2_r1,softmax_oratc_targeted_g48s1024_confirm_v1_20260725_sess03_pos2_ptx_f16x2_g48_s1024_cache_reuse_candidate_probe_ptx_f16x2_g48_s00_p01,full_after,1,2,19,140149.450581,140149.45191,140149.451245,0.00132900199969,9.534401696,5256190923,true,true
softmax_1784951416586_softmax_full_f16io_f32acc_ptx_ex2_approx_f16x2_r1,softmax_oratc_targeted_g48s1024_confirm_v1_20260725_sess03_pos2_ptx_f16x2_g48_s1024_cache_reuse_candidate_probe_ptx_f16x2_g48_s00_p01,full_after,1,2,20,140149.952068,140149.953474,140149.952771,0.00140570200165,10.035927074,5256308734,true,true
softmax_1784951416586_softmax_full_f16io_f32acc_ptx_ex2_approx_f16x2_r1,softmax_oratc_targeted_g48s1024_confirm_v1_20260725_sess03_pos2_ptx_f16x2_g48_s1024_cache_reuse_candidate_probe_ptx_f16x2_g48_s00_p01,full_after,1,2,21,140150.453602,140150.457627,140150.455614,0.00402490701526,10.5387706105,5256426033,true,true
softmax_1784951416586_softmax_full_f16io_f32acc_ptx_ex2_approx_f16x2_r1,softmax_oratc_targeted_g48s1024_confirm_v1_20260725_sess03_pos2_ptx_f16x2_g48_s1024_cache_reuse_candidate_probe_ptx_f16x2_g48_s00_p01,full_after,1,2,22,140150.957748,140150.959105,140150.958427,0.00135690197931,11.041582967,5256547314,true,true
softmax_1784951416586_softmax_full_f16io_f32acc_ptx_ex2_approx_f16x2_r1,softmax_oratc_targeted_g48s1024_confirm_v1_20260725_sess03_pos2_ptx_f16x2_g48_s1024_cache_reuse_candidate_probe_ptx_f16x2_g48_s00_p01,full_after,1,2,23,140151.459232,140151.460554,140151.459893,0.00132190200384,11.543049728,5256668357,true,false
softmax_1784951416586_softmax_full_f16io_f32acc_ptx_ex2_approx_f16x2_r1,softmax_oratc_targeted_g48s1024_confirm_v1_20260725_sess03_pos2_ptx_f16x2_g48_s1024_cache_reuse_candidate_probe_ptx_f16x2_g48_s00_p01,full_after,1,2,24,140151.960676,140151.962047,140151.961362,0.00137050301419,12.0445180085,5256788854,true,false
softmax_1784951416586_softmax_full_f16io_f32acc_ptx_ex2_approx_f16x2_r1,softmax_oratc_targeted_g48s1024_confirm_v1_20260725_sess03_pos2_ptx_f16x2_g48_s1024_cache_reuse_candidate_probe_ptx_f16x2_g48_s00_p01,full_after,1,2,25,140152.247599,140152.249014,140152.248306,0.00141450299998,12.3314627125,5256848870,true,false
softmax_1784951428930_softmax_full_f16io_f32acc_ptx_ex2_approx_f16x2_r2,softmax_oratc_targeted_g48s1024_confirm_v1_20260725_sess03_pos2_ptx_f16x2_g48_s1024_cache_reuse_candidate_probe_ptx_f16x2_g48_s00_p02,full_before,2,0,0,140152.25962,140152.260806,140152.260213,0.00118600198766,-0.000599501014221,5256848870,false,false
softmax_1784951428930_softmax_full_f16io_f32acc_ptx_ex2_approx_f16x2_r2,softmax_oratc_targeted_g48s1024_confirm_v1_20260725_sess03_pos2_ptx_f16x2_g48_s1024_cache_reuse_candidate_probe_ptx_f16x2_g48_s00_p02,full_before,2,0,1,140152.761086,140152.762468,140152.761777,0.00138220199733,0.500964703009,5256963548,true,false
softmax_1784951428930_softmax_full_f16io_f32acc_ptx_ex2_approx_f16x2_r2,softmax_oratc_targeted_g48s1024_confirm_v1_20260725_sess03_pos2_ptx_f16x2_g48_s1024_cache_reuse_candidate_probe_ptx_f16x2_g48_s00_p02,full_before,2,0,2,140153.26259,140153.263908,140153.263249,0.00131850200705,1.00243696,5257083426,true,false
softmax_1784951428930_softmax_full_f16io_f32acc_ptx_ex2_approx_f16x2_r2,softmax_oratc_targeted_g48s1024_confirm_v1_20260725_sess03_pos2_ptx_f16x2_g48_s1024_cache_reuse_candidate_probe_ptx_f16x2_g48_s00_p02,full_before,2,0,3,140153.764032,140153.76536,140153.764696,0.00132799401763,1.50388347698,5257202893,true,true
softmax_1784951428930_softmax_full_f16io_f32acc_ptx_ex2_approx_f16x2_r2,softmax_oratc_targeted_g48s1024_confirm_v1_20260725_sess03_pos2_ptx_f16x2_g48_s1024_cache_reuse_candidate_probe_ptx_f16x2_g48_s00_p02,full_before,2,0,4,140154.265477,140154.266916,140154.266197,0.00143889299943,2.0053846525,5257321833,true,true
softmax_1784951428930_softmax_full_f16io_f32acc_ptx_ex2_approx_f16x2_r2,softmax_oratc_targeted_g48s1024_confirm_v1_20260725_sess03_pos2_ptx_f16x2_g48_s1024_cache_reuse_candidate_probe_ptx_f16x2_g48_s00_p02,full_before,2,0,5,140154.767033,140154.769577,140154.768305,0.00254388901521,2.50749269748,5257440370,true,true
softmax_1784951428930_softmax_full_f16io_f32acc_ptx_ex2_approx_f16x2_r2,softmax_oratc_targeted_g48s1024_confirm_v1_20260725_sess03_pos2_ptx_f16x2_g48_s1024_cache_reuse_candidate_probe_ptx_f16x2_g48_s00_p02,full_before,2,0,6,140155.269691,140155.271097,140155.270394,0.00140549399657,3.00958204598,5257558357,true,true
softmax_1784951428930_softmax_full_f16io_f32acc_ptx_ex2_approx_f16x2_r2,softmax_oratc_targeted_g48s1024_confirm_v1_20260725_sess03_pos2_ptx_f16x2_g48_s1024_cache_reuse_candidate_probe_ptx_f16x2_g48_s00_p02,full_before,2,0,7,140155.771222,140155.776103,140155.773663,0.00488107898855,3.51285051348,5257676013,true,true
softmax_1784951428930_softmax_full_f16io_f32acc_ptx_ex2_approx_f16x2_r2,softmax_oratc_targeted_g48s1024_confirm_v1_20260725_sess03_pos2_ptx_f16x2_g48_s1024_cache_reuse_candidate_probe_ptx_f16x2_g48_s00_p02,full_before,2,0,8,140156.276224,140156.277609,140156.276917,0.00138490198879,4.01610454099,5257797518,true,true
softmax_1784951428930_softmax_full_f16io_f32acc_ptx_ex2_approx_f16x2_r2,softmax_oratc_targeted_g48s1024_confirm_v1_20260725_sess03_pos2_ptx_f16x2_g48_s1024_cache_reuse_candidate_probe_ptx_f16x2_g48_s00_p02,full_before,2,0,9,140156.777733,140156.779131,140156.778432,0.00139870200655,4.51761971801,5257918717,true,true
softmax_1784951428930_softmax_full_f16io_f32acc_ptx_ex2_approx_f16x2_r2,softmax_oratc_targeted_g48s1024_confirm_v1_20260725_sess03_pos2_ptx_f16x2_g48_s1024_cache_reuse_candidate_probe_ptx_f16x2_g48_s00_p02,full_before,2,0,10,140157.279253,140157.280608,140157.279931,0.00135510301334,5.01911849852,5258039363,true,true
softmax_1784951428930_softmax_full_f16io_f32acc_ptx_ex2_approx_f16x2_r2,softmax_oratc_targeted_g48s1024_confirm_v1_20260725_sess03_pos2_ptx_f16x2_g48_s1024_cache_reuse_candidate_probe_ptx_f16x2_g48_s00_p02,full_before,2,0,11,140157.780732,140157.782112,140157.781422,0.00137940200511,5.52060965198,5258159518,true,true
softmax_1784951428930_softmax_full_f16io_f32acc_ptx_ex2_approx_f16x2_r2,softmax_oratc_targeted_g48s1024_confirm_v1_20260725_sess03_pos2_ptx_f16x2_g48_s1024_cache_reuse_candidate_probe_ptx_f16x2_g48_s00_p02,full_before,2,0,12,140158.282268,140158.283603,140158.282935,0.00133580298279,6.02212325847,5258279155,true,true
softmax_1784951428930_softmax_full_f16io_f32acc_ptx_ex2_approx_f16x2_r2,softmax_oratc_targeted_g48s1024_confirm_v1_20260725_sess03_pos2_ptx_f16x2_g48_s1024_cache_reuse_candidate_probe_ptx_f16x2_g48_s00_p02,full_before,2,0,13,140158.783717,140158.785093,140158.784405,0.00137550200452,6.523592838,5258398233,true,true
softmax_1784951428930_softmax_full_f16io_f32acc_ptx_ex2_approx_f16x2_r2,softmax_oratc_targeted_g48s1024_confirm_v1_20260725_sess03_pos2_ptx_f16x2_g48_s1024_cache_reuse_candidate_probe_ptx_f16x2_g48_s00_p02,full_before,2,0,14,140159.285221,140159.286536,140159.285879,0.00131460200646,7.02506642099,5258516988,true,true
softmax_1784951428930_softmax_full_f16io_f32acc_ptx_ex2_approx_f16x2_r2,softmax_oratc_targeted_g48s1024_confirm_v1_20260725_sess03_pos2_ptx_f16x2_g48_s1024_cache_reuse_candidate_probe_ptx_f16x2_g48_s00_p02,full_before,2,0,15,140159.786667,140159.788032,140159.78735,0.00136510300217,7.52653742649,5258635410,true,true
softmax_1784951428930_softmax_full_f16io_f32acc_ptx_ex2_approx_f16x2_r2,softmax_oratc_targeted_g48s1024_confirm_v1_20260725_sess03_pos2_ptx_f16x2_g48_s1024_cache_reuse_candidate_probe_ptx_f16x2_g48_s00_p02,full_before,2,0,16,140160.288147,140160.289499,140160.288823,0.00135190199944,8.02801098497,5258753633,true,true
softmax_1784951428930_softmax_full_f16io_f32acc_ptx_ex2_approx_f16x2_r2,softmax_oratc_targeted_g48s1024_confirm_v1_20260725_sess03_pos2_ptx_f16x2_g48_s1024_cache_reuse_candidate_probe_ptx_f16x2_g48_s00_p02,full_before,2,0,17,140160.789653,140160.794359,140160.792006,0.00470530800521,8.53119397,5258871703,true,true
softmax_1784951428930_softmax_full_f16io_f32acc_ptx_ex2_approx_f16x2_r2,softmax_oratc_targeted_g48s1024_confirm_v1_20260725_sess03_pos2_ptx_f16x2_g48_s1024_cache_reuse_candidate_probe_ptx_f16x2_g48_s00_p02,full_before,2,0,18,140161.29448,140161.295847,140161.295163,0.00136710199877,9.03435125799,5258993283,true,true
softmax_1784951428930_softmax_full_f16io_f32acc_ptx_ex2_approx_f16x2_r2,softmax_oratc_targeted_g48s1024_confirm_v1_20260725_sess03_pos2_ptx_f16x2_g48_s1024_cache_reuse_candidate_probe_ptx_f16x2_g48_s00_p02,full_before,2,0,19,140161.79597,140161.79735,140161.79666,0.00137949199416,9.53584765398,5259114336,true,true
softmax_1784951428930_softmax_full_f16io_f32acc_ptx_ex2_approx_f16x2_r2,softmax_oratc_targeted_g48s1024_confirm_v1_20260725_sess03_pos2_ptx_f16x2_g48_s1024_cache_reuse_candidate_probe_ptx_f16x2_g48_s00_p02,full_before,2,0,20,140162.297474,140162.298807,140162.29814,0.0013335919939,10.037328254,5259234887,true,true
softmax_1784951428930_softmax_full_f16io_f32acc_ptx_ex2_approx_f16x2_r2,softmax_oratc_targeted_g48s1024_confirm_v1_20260725_sess03_pos2_ptx_f16x2_g48_s1024_cache_reuse_candidate_probe_ptx_f16x2_g48_s00_p02,full_before,2,0,21,140162.798934,140162.800332,140162.799633,0.00139839199255,10.538820629,5259354977,true,true
softmax_1784951428930_softmax_full_f16io_f32acc_ptx_ex2_approx_f16x2_r2,softmax_oratc_targeted_g48s1024_confirm_v1_20260725_sess03_pos2_ptx_f16x2_g48_s1024_cache_reuse_candidate_probe_ptx_f16x2_g48_s00_p02,full_before,2,0,22,140163.300461,140163.301834,140163.301148,0.00137349197757,11.040335555,5259474697,true,true
softmax_1784951428930_softmax_full_f16io_f32acc_ptx_ex2_approx_f16x2_r2,softmax_oratc_targeted_g48s1024_confirm_v1_20260725_sess03_pos2_ptx_f16x2_g48_s1024_cache_reuse_candidate_probe_ptx_f16x2_g48_s00_p02,full_before,2,0,23,140163.801958,140163.803303,140163.80263,0.00134519199491,11.541818105,5259594071,true,false
softmax_1784951428930_softmax_full_f16io_f32acc_ptx_ex2_approx_f16x2_r2,softmax_oratc_targeted_g48s1024_confirm_v1_20260725_sess03_pos2_ptx_f16x2_g48_s1024_cache_reuse_candidate_probe_ptx_f16x2_g48_s00_p02,full_before,2,0,24,140164.303423,140164.304755,140164.304089,0.00133280202863,12.043276862,5259713121,true,false
softmax_1784951428930_softmax_full_f16io_f32acc_ptx_ex2_approx_f16x2_r2,softmax_oratc_targeted_g48s1024_confirm_v1_20260725_sess03_pos2_ptx_f16x2_g48_s1024_cache_reuse_candidate_probe_ptx_f16x2_g48_s00_p02,full_before,2,0,25,140164.593472,140164.594843,140164.594157,0.00137110200012,12.333345268,5259774437,true,false
softmax_1784951441272_softmax_full_f16io_f32acc_ptx_ex2_approx_f16x2_r2,softmax_oratc_targeted_g48s1024_confirm_v1_20260725_sess03_pos2_ptx_f16x2_g48_s1024_cache_reuse_candidate_probe_ptx_f16x2_g48_s00_p02,probe_middle,2,1,0,140164.602475,140164.603635,140164.603055,0.00115960199037,-0.00058520102175,5259774437,false,false
softmax_1784951441272_softmax_full_f16io_f32acc_ptx_ex2_approx_f16x2_r2,softmax_oratc_targeted_g48s1024_confirm_v1_20260725_sess03_pos2_ptx_f16x2_g48_s1024_cache_reuse_candidate_probe_ptx_f16x2_g48_s00_p02,probe_middle,2,1,1,140165.103894,140165.105321,140165.104608,0.00142740298179,0.500967390486,5259887305,true,false
softmax_1784951441272_softmax_full_f16io_f32acc_ptx_ex2_approx_f16x2_r2,softmax_oratc_targeted_g48s1024_confirm_v1_20260725_sess03_pos2_ptx_f16x2_g48_s1024_cache_reuse_candidate_probe_ptx_f16x2_g48_s00_p02,probe_middle,2,1,2,140165.605436,140165.606841,140165.606139,0.00140540298889,1.00249839551,5260005081,true,false
softmax_1784951441272_softmax_full_f16io_f32acc_ptx_ex2_approx_f16x2_r2,softmax_oratc_targeted_g48s1024_confirm_v1_20260725_sess03_pos2_ptx_f16x2_g48_s1024_cache_reuse_candidate_probe_ptx_f16x2_g48_s00_p02,probe_middle,2,1,3,140166.107028,140166.108565,140166.107796,0.00153680198127,1.50415621299,5260122285,true,true
softmax_1784951441272_softmax_full_f16io_f32acc_ptx_ex2_approx_f16x2_r2,softmax_oratc_targeted_g48s1024_confirm_v1_20260725_sess03_pos2_ptx_f16x2_g48_s1024_cache_reuse_candidate_probe_ptx_f16x2_g48_s00_p02,probe_middle,2,1,4,140166.608685,140166.612593,140166.610639,0.00390800600871,2.00699894599,5260239010,true,true
softmax_1784951441272_softmax_full_f16io_f32acc_ptx_ex2_approx_f16x2_r2,softmax_oratc_targeted_g48s1024_confirm_v1_20260725_sess03_pos2_ptx_f16x2_g48_s1024_cache_reuse_candidate_probe_ptx_f16x2_g48_s00_p02,probe_middle,2,1,5,140167.112716,140167.114104,140167.11341,0.00138870198862,2.50976984098,5260359585,true,true
softmax_1784951441272_softmax_full_f16io_f32acc_ptx_ex2_approx_f16x2_r2,softmax_oratc_targeted_g48s1024_confirm_v1_20260725_sess03_pos2_ptx_f16x2_g48_s1024_cache_reuse_candidate_probe_ptx_f16x2_g48_s00_p02,probe_middle,2,1,6,140167.614244,140167.615733,140167.614988,0.00148950301809,3.0113481975,5260479890,true,true
softmax_1784951441272_softmax_full_f16io_f32acc_ptx_ex2_approx_f16x2_r2,softmax_oratc_targeted_g48s1024_confirm_v1_20260725_sess03_pos2_ptx_f16x2_g48_s1024_cache_reuse_candidate_probe_ptx_f16x2_g48_s00_p02,probe_middle,2,1,7,140168.115849,140168.117298,140168.116574,0.00144890201045,3.512933566,5260599794,true,true
softmax_1784951441272_softmax_full_f16io_f32acc_ptx_ex2_approx_f16x2_r2,softmax_oratc_targeted_g48s1024_confirm_v1_20260725_sess03_pos2_ptx_f16x2_g48_s1024_cache_reuse_candidate_probe_ptx_f16x2_g48_s00_p02,probe_middle,2,1,8,140168.617417,140168.618801,140168.618109,0.00138370197965,4.014468849,5260719368,true,true
softmax_1784951441272_softmax_full_f16io_f32acc_ptx_ex2_approx_f16x2_r2,softmax_oratc_targeted_g48s1024_confirm_v1_20260725_sess03_pos2_ptx_f16x2_g48_s1024_cache_reuse_candidate_probe_ptx_f16x2_g48_s00_p02,probe_middle,2,1,9,140169.11892,140169.120344,140169.119632,0.00142430199776,4.51599214299,5260838595,true,true
softmax_1784951441272_softmax_full_f16io_f32acc_ptx_ex2_approx_f16x2_r2,softmax_oratc_targeted_g48s1024_confirm_v1_20260725_sess03_pos2_ptx_f16x2_g48_s1024_cache_reuse_candidate_probe_ptx_f16x2_g48_s00_p02,probe_middle,2,1,10,140169.620457,140169.622277,140169.621367,0.00181950299884,5.01772705151,5260957280,true,true
softmax_1784951441272_softmax_full_f16io_f32acc_ptx_ex2_approx_f16x2_r2,softmax_oratc_targeted_g48s1024_confirm_v1_20260725_sess03_pos2_ptx_f16x2_g48_s1024_cache_reuse_candidate_probe_ptx_f16x2_g48_s00_p02,probe_middle,2,1,11,140170.122384,140170.123736,140170.12306,0.00135160097852,5.51941955549,5261075333,true,true
softmax_1784951441272_softmax_full_f16io_f32acc_ptx_ex2_approx_f16x2_r2,softmax_oratc_targeted_g48s1024_confirm_v1_20260725_sess03_pos2_ptx_f16x2_g48_s1024_cache_reuse_candidate_probe_ptx_f16x2_g48_s00_p02,probe_middle,2,1,12,140170.623849,140170.625349,140170.624599,0.00150049998774,6.02095881401,5261217249,true,true
softmax_1784951441272_softmax_full_f16io_f32acc_ptx_ex2_approx_f16x2_r2,softmax_oratc_targeted_g48s1024_confirm_v1_20260725_sess03_pos2_ptx_f16x2_g48_s1024_cache_reuse_candidate_probe_ptx_f16x2_g48_s00_p02,probe_middle,2,1,13,140171.125464,140171.126746,140171.126105,0.00128280100762,6.52246488351,5261338637,true,true
softmax_1784951441272_softmax_full_f16io_f32acc_ptx_ex2_approx_f16x2_r2,softmax_oratc_targeted_g48s1024_confirm_v1_20260725_sess03_pos2_ptx_f16x2_g48_s1024_cache_reuse_candidate_probe_ptx_f16x2_g48_s00_p02,probe_middle,2,1,14,140171.626859,140171.631682,140171.62927,0.00482320302399,7.0256300185,5261459841,true,true
softmax_1784951441272_softmax_full_f16io_f32acc_ptx_ex2_approx_f16x2_r2,softmax_oratc_targeted_g48s1024_confirm_v1_20260725_sess03_pos2_ptx_f16x2_g48_s1024_cache_reuse_candidate_probe_ptx_f16x2_g48_s00_p02,probe_middle,2,1,15,140172.131805,140172.133204,140172.132504,0.00139890101855,7.52886391449,5261580251,true,true
softmax_1784951441272_softmax_full_f16io_f32acc_ptx_ex2_approx_f16x2_r2,softmax_oratc_targeted_g48s1024_confirm_v1_20260725_sess03_pos2_ptx_f16x2_g48_s1024_cache_reuse_candidate_probe_ptx_f16x2_g48_s00_p02,probe_middle,2,1,16,140172.633324,140172.634705,140172.634014,0.00138150100247,8.03037417447,5261700381,true,true
softmax_1784951441272_softmax_full_f16io_f32acc_ptx_ex2_approx_f16x2_r2,softmax_oratc_targeted_g48s1024_confirm_v1_20260725_sess03_pos2_ptx_f16x2_g48_s1024_cache_reuse_candidate_probe_ptx_f16x2_g48_s00_p02,probe_middle,2,1,17,140173.134819,140173.136241,140173.13553,0.00142220102134,8.53188989451,5261820170,true,true
softmax_1784951441272_softmax_full_f16io_f32acc_ptx_ex2_approx_f16x2_r2,softmax_oratc_targeted_g48s1024_confirm_v1_20260725_sess03_pos2_ptx_f16x2_g48_s1024_cache_reuse_candidate_probe_ptx_f16x2_g48_s00_p02,probe_middle,2,1,18,140173.636388,140173.637764,140173.637076,0.00137630000245,9.03343593,5261939451,true,true
softmax_1784951441272_softmax_full_f16io_f32acc_ptx_ex2_approx_f16x2_r2,softmax_oratc_targeted_g48s1024_confirm_v1_20260725_sess03_pos2_ptx_f16x2_g48_s1024_cache_reuse_candidate_probe_ptx_f16x2_g48_s00_p02,probe_middle,2,1,19,140174.137878,140174.139244,140174.138561,0.0013659010001,9.53492082551,5262058280,true,true
softmax_1784951441272_softmax_full_f16io_f32acc_ptx_ex2_approx_f16x2_r2,softmax_oratc_targeted_g48s1024_confirm_v1_20260725_sess03_pos2_ptx_f16x2_g48_s1024_cache_reuse_candidate_probe_ptx_f16x2_g48_s00_p02,probe_middle,2,1,20,140174.639356,140174.640684,140174.64002,0.00132790100179,10.0363801365,5262176580,true,true
softmax_1784951441272_softmax_full_f16io_f32acc_ptx_ex2_approx_f16x2_r2,softmax_oratc_targeted_g48s1024_confirm_v1_20260725_sess03_pos2_ptx_f16x2_g48_s1024_cache_reuse_candidate_probe_ptx_f16x2_g48_s00_p02,probe_middle,2,1,21,140175.140797,140175.14215,140175.141474,0.00135290098842,10.5378335575,5262294477,true,true
softmax_1784951441272_softmax_full_f16io_f32acc_ptx_ex2_approx_f16x2_r2,softmax_oratc_targeted_g48s1024_confirm_v1_20260725_sess03_pos2_ptx_f16x2_g48_s1024_cache_reuse_candidate_probe_ptx_f16x2_g48_s00_p02,probe_middle,2,1,22,140175.642272,140175.643658,140175.642965,0.00138629999128,11.039324594,5262412119,true,true
softmax_1784951441272_softmax_full_f16io_f32acc_ptx_ex2_approx_f16x2_r2,softmax_oratc_targeted_g48s1024_confirm_v1_20260725_sess03_pos2_ptx_f16x2_g48_s1024_cache_reuse_candidate_probe_ptx_f16x2_g48_s00_p02,probe_middle,2,1,23,140176.143776,140176.145094,140176.144435,0.00131820098613,11.5407944905,5262529380,true,false
softmax_1784951441272_softmax_full_f16io_f32acc_ptx_ex2_approx_f16x2_r2,softmax_oratc_targeted_g48s1024_confirm_v1_20260725_sess03_pos2_ptx_f16x2_g48_s1024_cache_reuse_candidate_probe_ptx_f16x2_g48_s00_p02,probe_middle,2,1,24,140176.645215,140176.649434,140176.647324,0.00421830400592,12.043684303,5262645850,true,false
softmax_1784951441272_softmax_full_f16io_f32acc_ptx_ex2_approx_f16x2_r2,softmax_oratc_targeted_g48s1024_confirm_v1_20260725_sess03_pos2_ptx_f16x2_g48_s1024_cache_reuse_candidate_probe_ptx_f16x2_g48_s00_p02,probe_middle,2,1,25,140176.911452,140176.912808,140176.91213,0.00135620101355,12.3084900495,5262686690,true,false
softmax_1784951453590_softmax_full_f16io_f32acc_ptx_ex2_approx_f16x2_r2,softmax_oratc_targeted_g48s1024_confirm_v1_20260725_sess03_pos2_ptx_f16x2_g48_s1024_cache_reuse_candidate_probe_ptx_f16x2_g48_s00_p02,full_after,2,2,0,140176.920469,140176.921663,140176.921066,0.00119390100008,-0.000603450491326,5262686690,false,false
softmax_1784951453590_softmax_full_f16io_f32acc_ptx_ex2_approx_f16x2_r2,softmax_oratc_targeted_g48s1024_confirm_v1_20260725_sess03_pos2_ptx_f16x2_g48_s1024_cache_reuse_candidate_probe_ptx_f16x2_g48_s00_p02,full_after,2,2,1,140177.422015,140177.423277,140177.422646,0.00126140099019,0.500976275507,5262823651,true,false
softmax_1784951453590_softmax_full_f16io_f32acc_ptx_ex2_approx_f16x2_r2,softmax_oratc_targeted_g48s1024_confirm_v1_20260725_sess03_pos2_ptx_f16x2_g48_s1024_cache_reuse_candidate_probe_ptx_f16x2_g48_s00_p02,full_after,2,2,2,140177.923402,140177.924702,140177.924052,0.00130029398133,1.002381973,5262945646,true,false
softmax_1784951453590_softmax_full_f16io_f32acc_ptx_ex2_approx_f16x2_r2,softmax_oratc_targeted_g48s1024_confirm_v1_20260725_sess03_pos2_ptx_f16x2_g48_s1024_cache_reuse_candidate_probe_ptx_f16x2_g48_s00_p02,full_after,2,2,3,140178.424867,140178.429564,140178.427215,0.00469737901585,1.5055455215,5263067405,true,true
softmax_1784951453590_softmax_full_f16io_f32acc_ptx_ex2_approx_f16x2_r2,softmax_oratc_targeted_g48s1024_confirm_v1_20260725_sess03_pos2_ptx_f16x2_g48_s1024_cache_reuse_candidate_probe_ptx_f16x2_g48_s00_p02,full_after,2,2,4,140178.929693,140178.931071,140178.930382,0.00137839399395,2.00871224,5263188323,true,true
softmax_1784951453590_softmax_full_f16io_f32acc_ptx_ex2_approx_f16x2_r2,softmax_oratc_targeted_g48s1024_confirm_v1_20260725_sess03_pos2_ptx_f16x2_g48_s1024_cache_reuse_candidate_probe_ptx_f16x2_g48_s00_p02,full_after,2,2,5,140179.431206,140179.432587,140179.431896,0.00138119401527,2.51022647103,5263308806,true,true
softmax_1784951453590_softmax_full_f16io_f32acc_ptx_ex2_approx_f16x2_r2,softmax_oratc_targeted_g48s1024_confirm_v1_20260725_sess03_pos2_ptx_f16x2_g48_s1024_cache_reuse_candidate_probe_ptx_f16x2_g48_s00_p02,full_after,2,2,6,140179.93272,140179.934121,140179.933421,0.0014017939975,3.01175072198,5263428972,true,true
softmax_1784951453590_softmax_full_f16io_f32acc_ptx_ex2_approx_f16x2_r2,softmax_oratc_targeted_g48s1024_confirm_v1_20260725_sess03_pos2_ptx_f16x2_g48_s1024_cache_reuse_candidate_probe_ptx_f16x2_g48_s00_p02,full_after,2,2,7,140180.434292,140180.435677,140180.434985,0.0013849940151,3.51331487802,5263548891,true,true
softmax_1784951453590_softmax_full_f16io_f32acc_ptx_ex2_approx_f16x2_r2,softmax_oratc_targeted_g48s1024_confirm_v1_20260725_sess03_pos2_ptx_f16x2_g48_s1024_cache_reuse_candidate_probe_ptx_f16x2_g48_s00_p02,full_after,2,2,8,140180.935843,140180.937285,140180.936564,0.00144170198473,4.01489394103,5263668440,true,true
softmax_1784951453590_softmax_full_f16io_f32acc_ptx_ex2_approx_f16x2_r2,softmax_oratc_targeted_g48s1024_confirm_v1_20260725_sess03_pos2_ptx_f16x2_g48_s1024_cache_reuse_candidate_probe_ptx_f16x2_g48_s00_p02,full_after,2,2,9,140181.437447,140181.438886,140181.438167,0.00143900199328,4.51649668202,5263787719,true,true
softmax_1784951453590_softmax_full_f16io_f32acc_ptx_ex2_approx_f16x2_r2,softmax_oratc_targeted_g48s1024_confirm_v1_20260725_sess03_pos2_ptx_f16x2_g48_s1024_cache_reuse_candidate_probe_ptx_f16x2_g48_s00_p02,full_after,2,2,10,140181.93902,140181.940411,140181.939715,0.00139140200918,5.01804559302,5263906496,true,true
softmax_1784951453590_softmax_full_f16io_f32acc_ptx_ex2_approx_f16x2_r2,softmax_oratc_targeted_g48s1024_confirm_v1_20260725_sess03_pos2_ptx_f16x2_g48_s1024_cache_reuse_candidate_probe_ptx_f16x2_g48_s00_p02,full_after,2,2,11,140182.440577,140182.441963,140182.44127,0.00138620202779,5.51960020899,5264024710,true,true
softmax_1784951453590_softmax_full_f16io_f32acc_ptx_ex2_approx_f16x2_r2,softmax_oratc_targeted_g48s1024_confirm_v1_20260725_sess03_pos2_ptx_f16x2_g48_s1024_cache_reuse_candidate_probe_ptx_f16x2_g48_s00_p02,full_after,2,2,12,140182.94213,140182.943526,140182.942828,0.00139670199133,6.02115829402,5264142358,true,true
softmax_1784951453590_softmax_full_f16io_f32acc_ptx_ex2_approx_f16x2_r2,softmax_oratc_targeted_g48s1024_confirm_v1_20260725_sess03_pos2_ptx_f16x2_g48_s1024_cache_reuse_candidate_probe_ptx_f16x2_g48_s00_p02,full_after,2,2,13,140183.443665,140183.447308,140183.445487,0.00364350498421,6.5238168365,5264259552,true,true
softmax_1784951453590_softmax_full_f16io_f32acc_ptx_ex2_approx_f16x2_r2,softmax_oratc_targeted_g48s1024_confirm_v1_20260725_sess03_pos2_ptx_f16x2_g48_s1024_cache_reuse_candidate_probe_ptx_f16x2_g48_s00_p02,full_after,2,2,14,140183.947443,140183.948852,140183.948148,0.00140860301326,7.0264777485,5264380758,true,true
softmax_1784951453590_softmax_full_f16io_f32acc_ptx_ex2_approx_f16x2_r2,softmax_oratc_targeted_g48s1024_confirm_v1_20260725_sess03_pos2_ptx_f16x2_g48_s1024_cache_reuse_candidate_probe_ptx_f16x2_g48_s00_p02,full_after,2,2,15,140184.449016,140184.45042,140184.449718,0.0014041030081,7.5280478645,5264501738,true,true
softmax_1784951453590_softmax_full_f16io_f32acc_ptx_ex2_approx_f16x2_r2,softmax_oratc_targeted_g48s1024_confirm_v1_20260725_sess03_pos2_ptx_f16x2_g48_s1024_cache_reuse_candidate_probe_ptx_f16x2_g48_s00_p02,full_after,2,2,16,140184.950556,140184.95192,140184.951238,0.00136410197592,8.02956785003,5264622374,true,true
softmax_1784951453590_softmax_full_f16io_f32acc_ptx_ex2_approx_f16x2_r2,softmax_oratc_targeted_g48s1024_confirm_v1_20260725_sess03_pos2_ptx_f16x2_g48_s1024_cache_reuse_candidate_probe_ptx_f16x2_g48_s00_p02,full_after,2,2,17,140185.45208,140185.45349,140185.452785,0.00140990299406,8.53111544051,5264742621,true,true
softmax_1784951453590_softmax_full_f16io_f32acc_ptx_ex2_approx_f16x2_r2,softmax_oratc_targeted_g48s1024_confirm_v1_20260725_sess03_pos2_ptx_f16x2_g48_s1024_cache_reuse_candidate_probe_ptx_f16x2_g48_s00_p02,full_after,2,2,18,140185.953659,140185.955022,140185.954341,0.00136309998925,9.03267086399,5264862335,true,true
softmax_1784951453590_softmax_full_f16io_f32acc_ptx_ex2_approx_f16x2_r2,softmax_oratc_targeted_g48s1024_confirm_v1_20260725_sess03_pos2_ptx_f16x2_g48_s1024_cache_reuse_candidate_probe_ptx_f16x2_g48_s00_p02,full_after,2,2,19,140186.455156,140186.456544,140186.45585,0.00138810000499,9.534180066,5264981569,true,true
softmax_1784951453590_softmax_full_f16io_f32acc_ptx_ex2_approx_f16x2_r2,softmax_oratc_targeted_g48s1024_confirm_v1_20260725_sess03_pos2_ptx_f16x2_g48_s1024_cache_reuse_candidate_probe_ptx_f16x2_g48_s00_p02,full_after,2,2,20,140186.956676,140186.959223,140186.95795,0.00254650102579,10.0362798865,5265100235,true,true
softmax_1784951453590_softmax_full_f16io_f32acc_ptx_ex2_approx_f16x2_r2,softmax_oratc_targeted_g48s1024_confirm_v1_20260725_sess03_pos2_ptx_f16x2_g48_s1024_cache_reuse_candidate_probe_ptx_f16x2_g48_s00_p02,full_after,2,2,21,140187.45937,140187.460749,140187.460059,0.00137880101101,10.5383893635,5265218227,true,true
softmax_1784951453590_softmax_full_f16io_f32acc_ptx_ex2_approx_f16x2_r2,softmax_oratc_targeted_g48s1024_confirm_v1_20260725_sess03_pos2_ptx_f16x2_g48_s1024_cache_reuse_candidate_probe_ptx_f16x2_g48_s00_p02,full_after,2,2,22,140187.960885,140187.966319,140187.963602,0.00543390098028,11.0419319595,5265335766,true,true
softmax_1784951453590_softmax_full_f16io_f32acc_ptx_ex2_approx_f16x2_r2,softmax_oratc_targeted_g48s1024_confirm_v1_20260725_sess03_pos2_ptx_f16x2_g48_s1024_cache_reuse_candidate_probe_ptx_f16x2_g48_s00_p02,full_after,2,2,23,140188.466452,140188.467832,140188.467142,0.0013803000038,11.545472312,5265456985,true,false
softmax_1784951453590_softmax_full_f16io_f32acc_ptx_ex2_approx_f16x2_r2,softmax_oratc_targeted_g48s1024_confirm_v1_20260725_sess03_pos2_ptx_f16x2_g48_s1024_cache_reuse_candidate_probe_ptx_f16x2_g48_s00_p02,full_after,2,2,24,140188.967997,140188.969386,140188.968692,0.00138870000956,12.047021982,5265577861,true,false
softmax_1784951453590_softmax_full_f16io_f32acc_ptx_ex2_approx_f16x2_r2,softmax_oratc_targeted_g48s1024_confirm_v1_20260725_sess03_pos2_ptx_f16x2_g48_s1024_cache_reuse_candidate_probe_ptx_f16x2_g48_s00_p02,full_after,2,2,25,140189.261999,140189.265682,140189.26384,0.00368290097686,12.3421702815,5265639262,true,false
softmax_1784951465943_softmax_full_f16io_f32acc_ptx_ex2_approx_f16x2_r3,softmax_oratc_targeted_g48s1024_confirm_v1_20260725_sess03_pos2_ptx_f16x2_g48_s1024_cache_reuse_candidate_probe_ptx_f16x2_g48_s00_p03,probe_before,3,0,0,140189.273347,140189.274505,140189.273926,0.00115799999912,-0.000584500026889,5265639262,false,false
softmax_1784951465943_softmax_full_f16io_f32acc_ptx_ex2_approx_f16x2_r3,softmax_oratc_targeted_g48s1024_confirm_v1_20260725_sess03_pos2_ptx_f16x2_g48_s1024_cache_reuse_candidate_probe_ptx_f16x2_g48_s00_p03,probe_before,3,0,1,140189.774835,140189.776257,140189.775546,0.00142190101906,0.501035641471,5265753604,true,false
softmax_1784951465943_softmax_full_f16io_f32acc_ptx_ex2_approx_f16x2_r3,softmax_oratc_targeted_g48s1024_confirm_v1_20260725_sess03_pos2_ptx_f16x2_g48_s1024_cache_reuse_candidate_probe_ptx_f16x2_g48_s00_p03,probe_before,3,0,2,140190.276378,140190.277797,140190.277087,0.00141840000288,1.00257718598,5265871456,true,false
softmax_1784951465943_softmax_full_f16io_f32acc_ptx_ex2_approx_f16x2_r3,softmax_oratc_targeted_g48s1024_confirm_v1_20260725_sess03_pos2_ptx_f16x2_g48_s1024_cache_reuse_candidate_probe_ptx_f16x2_g48_s00_p03,probe_before,3,0,3,140190.777921,140190.779392,140190.778656,0.00147130098776,1.50414595247,5265988880,true,true
softmax_1784951465943_softmax_full_f16io_f32acc_ptx_ex2_approx_f16x2_r3,softmax_oratc_targeted_g48s1024_confirm_v1_20260725_sess03_pos2_ptx_f16x2_g48_s1024_cache_reuse_candidate_probe_ptx_f16x2_g48_s00_p03,probe_before,3,0,4,140191.279491,140191.280912,140191.280202,0.00142120101373,2.00569132151,5266105839,true,true
softmax_1784951465943_softmax_full_f16io_f32acc_ptx_ex2_approx_f16x2_r3,softmax_oratc_targeted_g48s1024_confirm_v1_20260725_sess03_pos2_ptx_f16x2_g48_s1024_cache_reuse_candidate_probe_ptx_f16x2_g48_s00_p03,probe_before,3,0,5,140191.78103,140191.784832,140191.782931,0.00380180199863,2.50842056298,5266222379,true,true
softmax_1784951465943_softmax_full_f16io_f32acc_ptx_ex2_approx_f16x2_r3,softmax_oratc_targeted_g48s1024_confirm_v1_20260725_sess03_pos2_ptx_f16x2_g48_s1024_cache_reuse_candidate_probe_ptx_f16x2_g48_s00_p03,probe_before,3,0,6,140192.284948,140192.286346,140192.285647,0.00139800200122,3.011136332,5266342886,true,true
softmax_1784951465943_softmax_full_f16io_f32acc_ptx_ex2_approx_f16x2_r3,softmax_oratc_targeted_g48s1024_confirm_v1_20260725_sess03_pos2_ptx_f16x2_g48_s1024_cache_reuse_candidate_probe_ptx_f16x2_g48_s00_p03,probe_before,3,0,7,140192.786464,140192.787812,140192.787138,0.00134800199885,3.51262778798,5266463099,true,true
softmax_1784951465943_softmax_full_f16io_f32acc_ptx_ex2_approx_f16x2_r3,softmax_oratc_targeted_g48s1024_confirm_v1_20260725_sess03_pos2_ptx_f16x2_g48_s1024_cache_reuse_candidate_probe_ptx_f16x2_g48_s00_p03,probe_before,3,0,8,140193.287934,140193.289357,140193.288646,0.00142250300269,4.01413529651,5266583001,true,true
softmax_1784951465943_softmax_full_f16io_f32acc_ptx_ex2_approx_f16x2_r3,softmax_oratc_targeted_g48s1024_confirm_v1_20260725_sess03_pos2_ptx_f16x2_g48_s1024_cache_reuse_candidate_probe_ptx_f16x2_g48_s00_p03,probe_before,3,0,9,140193.789474,140193.790859,140193.790167,0.00138469398371,4.515656434,5266702523,true,true
softmax_1784951465943_softmax_full_f16io_f32acc_ptx_ex2_approx_f16x2_r3,softmax_oratc_targeted_g48s1024_confirm_v1_20260725_sess03_pos2_ptx_f16x2_g48_s1024_cache_reuse_candidate_probe_ptx_f16x2_g48_s00_p03,probe_before,3,0,10,140194.290973,140194.29236,140194.291666,0.00138649399742,5.01715610299,5266821537,true,true
softmax_1784951465943_softmax_full_f16io_f32acc_ptx_ex2_approx_f16x2_r3,softmax_oratc_targeted_g48s1024_confirm_v1_20260725_sess03_pos2_ptx_f16x2_g48_s1024_cache_reuse_candidate_probe_ptx_f16x2_g48_s00_p03,probe_before,3,0,11,140194.792475,140194.793858,140194.793166,0.00138289399911,5.51865599398,5266940055,true,true
softmax_1784951465943_softmax_full_f16io_f32acc_ptx_ex2_approx_f16x2_r3,softmax_oratc_targeted_g48s1024_confirm_v1_20260725_sess03_pos2_ptx_f16x2_g48_s1024_cache_reuse_candidate_probe_ptx_f16x2_g48_s00_p03,probe_before,3,0,12,140195.293972,140195.295412,140195.294692,0.00143959399429,6.02018163697,5267058113,true,true
softmax_1784951465943_softmax_full_f16io_f32acc_ptx_ex2_approx_f16x2_r3,softmax_oratc_targeted_g48s1024_confirm_v1_20260725_sess03_pos2_ptx_f16x2_g48_s1024_cache_reuse_candidate_probe_ptx_f16x2_g48_s00_p03,probe_before,3,0,13,140195.795527,140195.79706,140195.796293,0.00153299400699,6.52178295201,5267175761,true,true
softmax_1784951465943_softmax_full_f16io_f32acc_ptx_ex2_approx_f16x2_r3,softmax_oratc_targeted_g48s1024_confirm_v1_20260725_sess03_pos2_ptx_f16x2_g48_s1024_cache_reuse_candidate_probe_ptx_f16x2_g48_s00_p03,probe_before,3,0,14,140196.297182,140196.298573,140196.297877,0.00139089499135,7.02336711949,5267293017,true,true
softmax_1784951465943_softmax_full_f16io_f32acc_ptx_ex2_approx_f16x2_r3,softmax_oratc_targeted_g48s1024_confirm_v1_20260725_sess03_pos2_ptx_f16x2_g48_s1024_cache_reuse_candidate_probe_ptx_f16x2_g48_s00_p03,probe_before,3,0,15,140196.798678,140196.803279,140196.800979,0.00460070697591,7.52646830649,5267409932,true,true
softmax_1784951465943_softmax_full_f16io_f32acc_ptx_ex2_approx_f16x2_r3,softmax_oratc_targeted_g48s1024_confirm_v1_20260725_sess03_pos2_ptx_f16x2_g48_s1024_cache_reuse_candidate_probe_ptx_f16x2_g48_s00_p03,probe_before,3,0,16,140197.303419,140197.3049,140197.30416,0.00148130199523,8.02964946197,5267530664,true,true
softmax_1784951465943_softmax_full_f16io_f32acc_ptx_ex2_approx_f16x2_r3,softmax_oratc_targeted_g48s1024_confirm_v1_20260725_sess03_pos2_ptx_f16x2_g48_s1024_cache_reuse_candidate_probe_ptx_f16x2_g48_s00_p03,probe_before,3,0,17,140197.805031,140197.806401,140197.805716,0.0013696020178,8.53120588697,5267651080,true,true
softmax_1784951465943_softmax_full_f16io_f32acc_ptx_ex2_approx_f16x2_r3,softmax_oratc_targeted_g48s1024_confirm_v1_20260725_sess03_pos2_ptx_f16x2_g48_s1024_cache_reuse_candidate_probe_ptx_f16x2_g48_s00_p03,probe_before,3,0,18,140198.306519,140198.307973,140198.307246,0.00145450199489,9.03273591399,5267770967,true,true
softmax_1784951465943_softmax_full_f16io_f32acc_ptx_ex2_approx_f16x2_r3,softmax_oratc_targeted_g48s1024_confirm_v1_20260725_sess03_pos2_ptx_f16x2_g48_s1024_cache_reuse_candidate_probe_ptx_f16x2_g48_s00_p03,probe_before,3,0,19,140198.808098,140198.809521,140198.80881,0.00142230198253,9.53429931399,5267890305,true,true
softmax_1784951465943_softmax_full_f16io_f32acc_ptx_ex2_approx_f16x2_r3,softmax_oratc_targeted_g48s1024_confirm_v1_20260725_sess03_pos2_ptx_f16x2_g48_s1024_cache_reuse_candidate_probe_ptx_f16x2_g48_s00_p03,probe_before,3,0,20,140199.309637,140199.311055,140199.310346,0.00141730200266,10.035835715,5268009124,true,true
softmax_1784951465943_softmax_full_f16io_f32acc_ptx_ex2_approx_f16x2_r3,softmax_oratc_targeted_g48s1024_confirm_v1_20260725_sess03_pos2_ptx_f16x2_g48_s1024_cache_reuse_candidate_probe_ptx_f16x2_g48_s00_p03,probe_before,3,0,21,140199.811233,140199.813143,140199.812188,0.00190980301704,10.5376780895,5268127489,true,true
softmax_1784951465943_softmax_full_f16io_f32acc_ptx_ex2_approx_f16x2_r3,softmax_oratc_targeted_g48s1024_confirm_v1_20260725_sess03_pos2_ptx_f16x2_g48_s1024_cache_reuse_candidate_probe_ptx_f16x2_g48_s00_p03,probe_before,3,0,22,140200.313257,140200.31457,140200.313914,0.00131340199732,11.039403415,5268245364,true,true
softmax_1784951465943_softmax_full_f16io_f32acc_ptx_ex2_approx_f16x2_r3,softmax_oratc_targeted_g48s1024_confirm_v1_20260725_sess03_pos2_ptx_f16x2_g48_s1024_cache_reuse_candidate_probe_ptx_f16x2_g48_s00_p03,probe_before,3,0,23,140200.814696,140200.815904,140200.8153,0.00120840201271,11.540789963,5268387281,true,false
softmax_1784951465943_softmax_full_f16io_f32acc_ptx_ex2_approx_f16x2_r3,softmax_oratc_targeted_g48s1024_confirm_v1_20260725_sess03_pos2_ptx_f16x2_g48_s1024_cache_reuse_candidate_probe_ptx_f16x2_g48_s00_p03,probe_before,3,0,24,140201.316041,140201.317242,140201.316641,0.00120100198546,12.042131112,5268508170,true,false
softmax_1784951465943_softmax_full_f16io_f32acc_ptx_ex2_approx_f16x2_r3,softmax_oratc_targeted_g48s1024_confirm_v1_20260725_sess03_pos2_ptx_f16x2_g48_s1024_cache_reuse_candidate_probe_ptx_f16x2_g48_s00_p03,probe_before,3,0,25,140201.580036,140201.581824,140201.58093,0.00178840299486,12.3064196715,5268548782,true,false
softmax_1784951478259_softmax_full_f16io_f32acc_ptx_ex2_approx_f16x2_r3,softmax_oratc_targeted_g48s1024_confirm_v1_20260725_sess03_pos2_ptx_f16x2_g48_s1024_cache_reuse_candidate_probe_ptx_f16x2_g48_s00_p03,full,3,1,0,140201.589596,140201.590676,140201.590136,0.0010795010021,-0.000546150520677,5268548782,false,false
softmax_1784951478259_softmax_full_f16io_f32acc_ptx_ex2_approx_f16x2_r3,softmax_oratc_targeted_g48s1024_confirm_v1_20260725_sess03_pos2_ptx_f16x2_g48_s1024_cache_reuse_candidate_probe_ptx_f16x2_g48_s00_p03,full,3,1,1,140202.091036,140202.092412,140202.091724,0.00137629700475,0.501041760464,5268662391,true,false
softmax_1784951478259_softmax_full_f16io_f32acc_ptx_ex2_approx_f16x2_r3,softmax_oratc_targeted_g48s1024_confirm_v1_20260725_sess03_pos2_ptx_f16x2_g48_s1024_cache_reuse_candidate_probe_ptx_f16x2_g48_s00_p03,full,3,1,2,140202.592544,140202.593898,140202.593221,0.0013539979991,1.00253920697,5268780872,true,false
softmax_1784951478259_softmax_full_f16io_f32acc_ptx_ex2_approx_f16x2_r3,softmax_oratc_targeted_g48s1024_confirm_v1_20260725_sess03_pos2_ptx_f16x2_g48_s1024_cache_reuse_candidate_probe_ptx_f16x2_g48_s00_p03,full,3,1,3,140203.094024,140203.095355,140203.09469,0.00133179800468,1.504007615,5268898855,true,true
softmax_1784951478259_softmax_full_f16io_f32acc_ptx_ex2_approx_f16x2_r3,softmax_oratc_targeted_g48s1024_confirm_v1_20260725_sess03_pos2_ptx_f16x2_g48_s1024_cache_reuse_candidate_probe_ptx_f16x2_g48_s00_p03,full,3,1,4,140203.595477,140203.596821,140203.596149,0.00134319701465,2.00546693549,5269016428,true,true
softmax_1784951478259_softmax_full_f16io_f32acc_ptx_ex2_approx_f16x2_r3,softmax_oratc_targeted_g48s1024_confirm_v1_20260725_sess03_pos2_ptx_f16x2_g48_s1024_cache_reuse_candidate_probe_ptx_f16x2_g48_s00_p03,full,3,1,5,140204.096948,140204.101029,140204.098988,0.00408099300694,2.5083061645,5269133714,true,true
softmax_1784951478259_softmax_full_f16io_f32acc_ptx_ex2_approx_f16x2_r3,softmax_oratc_targeted_g48s1024_confirm_v1_20260725_sess03_pos2_ptx_f16x2_g48_s1024_cache_reuse_candidate_probe_ptx_f16x2_g48_s00_p03,full,3,1,6,140204.601153,140204.602551,140204.601852,0.00139889700222,3.0111700565,5269255061,true,true
softmax_1784951478259_softmax_full_f16io_f32acc_ptx_ex2_approx_f16x2_r3,softmax_oratc_targeted_g48s1024_confirm_v1_20260725_sess03_pos2_ptx_f16x2_g48_s1024_cache_reuse_candidate_probe_ptx_f16x2_g48_s00_p03,full,3,1,7,140205.102667,140205.104101,140205.103384,0.00143309799023,3.512702012,5269376081,true,true
softmax_1784951478259_softmax_full_f16io_f32acc_ptx_ex2_approx_f16x2_r3,softmax_oratc_targeted_g48s1024_confirm_v1_20260725_sess03_pos2_ptx_f16x2_g48_s1024_cache_reuse_candidate_probe_ptx_f16x2_g48_s00_p03,full,3,1,8,140205.604219,140205.605601,140205.60491,0.001381501992,4.014227943,5269496818,true,true
softmax_1784951478259_softmax_full_f16io_f32acc_ptx_ex2_approx_f16x2_r3,softmax_oratc_targeted_g48s1024_confirm_v1_20260725_sess03_pos2_ptx_f16x2_g48_s1024_cache_reuse_candidate_probe_ptx_f16x2_g48_s00_p03,full,3,1,9,140206.105719,140206.107194,140206.106456,0.00147580300109,4.51577447847,5269617084,true,true
softmax_1784951478259_softmax_full_f16io_f32acc_ptx_ex2_approx_f16x2_r3,softmax_oratc_targeted_g48s1024_confirm_v1_20260725_sess03_pos2_ptx_f16x2_g48_s1024_cache_reuse_candidate_probe_ptx_f16x2_g48_s00_p03,full,3,1,10,140206.607312,140206.608683,140206.607997,0.00137070298661,5.01731552649,5269736943,true,true
softmax_1784951478259_softmax_full_f16io_f32acc_ptx_ex2_approx_f16x2_r3,softmax_oratc_targeted_g48s1024_confirm_v1_20260725_sess03_pos2_ptx_f16x2_g48_s1024_cache_reuse_candidate_probe_ptx_f16x2_g48_s00_p03,full,3,1,11,140207.108808,140207.11047,140207.109639,0.00166170301964,5.51895703547,5269856275,true,true
softmax_1784951478259_softmax_full_f16io_f32acc_ptx_ex2_approx_f16x2_r3,softmax_oratc_targeted_g48s1024_confirm_v1_20260725_sess03_pos2_ptx_f16x2_g48_s1024_cache_reuse_candidate_probe_ptx_f16x2_g48_s00_p03,full,3,1,12,140207.610672,140207.612024,140207.611348,0.00135180199868,6.02066630797,5269975025,true,true
softmax_1784951478259_softmax_full_f16io_f32acc_ptx_ex2_approx_f16x2_r3,softmax_oratc_targeted_g48s1024_confirm_v1_20260725_sess03_pos2_ptx_f16x2_g48_s1024_cache_reuse_candidate_probe_ptx_f16x2_g48_s00_p03,full,3,1,13,140208.112165,140208.11353,140208.112847,0.00136500201188,6.52216514098,5270093223,true,true
softmax_1784951478259_softmax_full_f16io_f32acc_ptx_ex2_approx_f16x2_r3,softmax_oratc_targeted_g48s1024_confirm_v1_20260725_sess03_pos2_ptx_f16x2_g48_s1024_cache_reuse_candidate_probe_ptx_f16x2_g48_s00_p03,full,3,1,14,140208.613678,140208.614969,140208.614324,0.0012905029871,7.02364163651,5270235773,true,true
softmax_1784951478259_softmax_full_f16io_f32acc_ptx_ex2_approx_f16x2_r3,softmax_oratc_targeted_g48s1024_confirm_v1_20260725_sess03_pos2_ptx_f16x2_g48_s1024_cache_reuse_candidate_probe_ptx_f16x2_g48_s00_p03,full,3,1,15,140209.115123,140209.119567,140209.117345,0.00444390700432,7.52666289549,5270357935,true,true
softmax_1784951478259_softmax_full_f16io_f32acc_ptx_ex2_approx_f16x2_r3,softmax_oratc_targeted_g48s1024_confirm_v1_20260725_sess03_pos2_ptx_f16x2_g48_s1024_cache_reuse_candidate_probe_ptx_f16x2_g48_s00_p03,full,3,1,16,140209.619687,140209.621018,140209.620352,0.00133050201111,8.02967036798,5270479472,true,true
softmax_1784951478259_softmax_full_f16io_f32acc_ptx_ex2_approx_f16x2_r3,softmax_oratc_targeted_g48s1024_confirm_v1_20260725_sess03_pos2_ptx_f16x2_g48_s1024_cache_reuse_candidate_probe_ptx_f16x2_g48_s00_p03,full,3,1,17,140210.121135,140210.122521,140210.121828,0.00138649201836,8.53114617997,5270600671,true,true
softmax_1784951478259_softmax_full_f16io_f32acc_ptx_ex2_approx_f16x2_r3,softmax_oratc_targeted_g48s1024_confirm_v1_20260725_sess03_pos2_ptx_f16x2_g48_s1024_cache_reuse_candidate_probe_ptx_f16x2_g48_s00_p03,full,3,1,18,140210.622639,140210.623988,140210.623314,0.00134919199627,9.03263157498,5270721369,true,true
softmax_1784951478259_softmax_full_f16io_f32acc_ptx_ex2_approx_f16x2_r3,softmax_oratc_targeted_g48s1024_confirm_v1_20260725_sess03_pos2_ptx_f16x2_g48_s1024_cache_reuse_candidate_probe_ptx_f16x2_g48_s00_p03,full,3,1,19,140211.124107,140211.125463,140211.124785,0.00135589198908,9.53410267999,5270841495,true,true
softmax_1784951478259_softmax_full_f16io_f32acc_ptx_ex2_approx_f16x2_r3,softmax_oratc_targeted_g48s1024_confirm_v1_20260725_sess03_pos2_ptx_f16x2_g48_s1024_cache_reuse_candidate_probe_ptx_f16x2_g48_s00_p03,full,3,1,20,140211.625586,140211.626926,140211.626256,0.00133999300306,10.0355743985,5270961080,true,true
softmax_1784951478259_softmax_full_f16io_f32acc_ptx_ex2_approx_f16x2_r3,softmax_oratc_targeted_g48s1024_confirm_v1_20260725_sess03_pos2_ptx_f16x2_g48_s1024_cache_reuse_candidate_probe_ptx_f16x2_g48_s00_p03,full,3,1,21,140212.127084,140212.128427,140212.127755,0.00134300198988,10.537073479,5271080171,true,true
softmax_1784951478259_softmax_full_f16io_f32acc_ptx_ex2_approx_f16x2_r3,softmax_oratc_targeted_g48s1024_confirm_v1_20260725_sess03_pos2_ptx_f16x2_g48_s1024_cache_reuse_candidate_probe_ptx_f16x2_g48_s00_p03,full,3,1,22,140212.628548,140212.629867,140212.629207,0.00131940099527,11.0385254095,5271198922,true,true
softmax_1784951478259_softmax_full_f16io_f32acc_ptx_ex2_approx_f16x2_r3,softmax_oratc_targeted_g48s1024_confirm_v1_20260725_sess03_pos2_ptx_f16x2_g48_s1024_cache_reuse_candidate_probe_ptx_f16x2_g48_s00_p03,full,3,1,23,140213.129959,140213.131257,140213.130608,0.00129830199876,11.539925799,5271317405,true,false
softmax_1784951478259_softmax_full_f16io_f32acc_ptx_ex2_approx_f16x2_r3,softmax_oratc_targeted_g48s1024_confirm_v1_20260725_sess03_pos2_ptx_f16x2_g48_s1024_cache_reuse_candidate_probe_ptx_f16x2_g48_s00_p03,full,3,1,24,140213.631382,140213.632734,140213.632058,0.00135170199792,12.041376053,5271435523,true,false
softmax_1784951478259_softmax_full_f16io_f32acc_ptx_ex2_approx_f16x2_r3,softmax_oratc_targeted_g48s1024_confirm_v1_20260725_sess03_pos2_ptx_f16x2_g48_s1024_cache_reuse_candidate_probe_ptx_f16x2_g48_s00_p03,full,3,1,25,140213.927878,140213.929253,140213.928565,0.00137540200376,12.337883495,5271493018,true,false
softmax_1784951490609_softmax_full_f16io_f32acc_ptx_ex2_approx_f16x2_r3,softmax_oratc_targeted_g48s1024_confirm_v1_20260725_sess03_pos2_ptx_f16x2_g48_s1024_cache_reuse_candidate_probe_ptx_f16x2_g48_s00_p03,probe_after,3,2,0,140213.939544,140213.940632,140213.940088,0.00108770097722,-0.000552150479052,5271493018,false,false
softmax_1784951490609_softmax_full_f16io_f32acc_ptx_ex2_approx_f16x2_r3,softmax_oratc_targeted_g48s1024_confirm_v1_20260725_sess03_pos2_ptx_f16x2_g48_s1024_cache_reuse_candidate_probe_ptx_f16x2_g48_s00_p03,probe_after,3,2,1,140214.440957,140214.442449,140214.441703,0.00149240199244,0.501062368014,5271607320,true,false
softmax_1784951490609_softmax_full_f16io_f32acc_ptx_ex2_approx_f16x2_r3,softmax_oratc_targeted_g48s1024_confirm_v1_20260725_sess03_pos2_ptx_f16x2_g48_s1024_cache_reuse_candidate_probe_ptx_f16x2_g48_s00_p03,probe_after,3,2,2,140214.942614,140214.944078,140214.943346,0.00146320200292,1.002705455,5271726654,true,false
softmax_1784951490609_softmax_full_f16io_f32acc_ptx_ex2_approx_f16x2_r3,softmax_oratc_targeted_g48s1024_confirm_v1_20260725_sess03_pos2_ptx_f16x2_g48_s1024_cache_reuse_candidate_probe_ptx_f16x2_g48_s00_p03,probe_after,3,2,3,140215.444206,140215.445582,140215.444894,0.00137570200604,1.504253697,5271845535,true,true
softmax_1784951490609_softmax_full_f16io_f32acc_ptx_ex2_approx_f16x2_r3,softmax_oratc_targeted_g48s1024_confirm_v1_20260725_sess03_pos2_ptx_f16x2_g48_s1024_cache_reuse_candidate_probe_ptx_f16x2_g48_s00_p03,probe_after,3,2,4,140215.945749,140215.94706,140215.946405,0.00131100197905,2.00576445699,5271964030,true,true
softmax_1784951490609_softmax_full_f16io_f32acc_ptx_ex2_approx_f16x2_r3,softmax_oratc_targeted_g48s1024_confirm_v1_20260725_sess03_pos2_ptx_f16x2_g48_s1024_cache_reuse_candidate_probe_ptx_f16x2_g48_s00_p03,probe_after,3,2,5,140216.44718,140216.449769,140216.448475,0.00258860399481,2.50783407301,5272082157,true,true
softmax_1784951490609_softmax_full_f16io_f32acc_ptx_ex2_approx_f16x2_r3,softmax_oratc_targeted_g48s1024_confirm_v1_20260725_sess03_pos2_ptx_f16x2_g48_s1024_cache_reuse_candidate_probe_ptx_f16x2_g48_s00_p03,probe_after,3,2,6,140216.949938,140216.951389,140216.950663,0.00145090199658,3.01002295798,5272199743,true,true
softmax_1784951490609_softmax_full_f16io_f32acc_ptx_ex2_approx_f16x2_r3,softmax_oratc_targeted_g48s1024_confirm_v1_20260725_sess03_pos2_ptx_f16x2_g48_s1024_cache_reuse_candidate_probe_ptx_f16x2_g48_s00_p03,probe_after,3,2,7,140217.451484,140217.452833,140217.452158,0.0013484020019,3.51151784702,5272316866,true,true
softmax_1784951490609_softmax_full_f16io_f32acc_ptx_ex2_approx_f16x2_r3,softmax_oratc_targeted_g48s1024_confirm_v1_20260725_sess03_pos2_ptx_f16x2_g48_s1024_cache_reuse_candidate_probe_ptx_f16x2_g48_s00_p03,probe_after,3,2,8,140217.952954,140217.956934,140217.954944,0.00398089498049,4.0143035615,5272433720,true,true
softmax_1784951490609_softmax_full_f16io_f32acc_ptx_ex2_approx_f16x2_r3,softmax_oratc_targeted_g48s1024_confirm_v1_20260725_sess03_pos2_ptx_f16x2_g48_s1024_cache_reuse_candidate_probe_ptx_f16x2_g48_s00_p03,probe_after,3,2,9,140218.457065,140218.458382,140218.457724,0.00131689800764,4.51708331401,5272554370,true,true
softmax_1784951490609_softmax_full_f16io_f32acc_ptx_ex2_approx_f16x2_r3,softmax_oratc_targeted_g48s1024_confirm_v1_20260725_sess03_pos2_ptx_f16x2_g48_s1024_cache_reuse_candidate_probe_ptx_f16x2_g48_s00_p03,probe_after,3,2,10,140218.958546,140218.959939,140218.959242,0.00139309800579,5.018601786,5272674533,true,true
softmax_1784951490609_softmax_full_f16io_f32acc_ptx_ex2_approx_f16x2_r3,softmax_oratc_targeted_g48s1024_confirm_v1_20260725_sess03_pos2_ptx_f16x2_g48_s1024_cache_reuse_candidate_probe_ptx_f16x2_g48_s00_p03,probe_after,3,2,11,140219.460057,140219.461419,140219.460738,0.00136179800029,5.52009771403,5272794287,true,true
softmax_1784951490609_softmax_full_f16io_f32acc_ptx_ex2_approx_f16x2_r3,softmax_oratc_targeted_g48s1024_confirm_v1_20260725_sess03_pos2_ptx_f16x2_g48_s1024_cache_reuse_candidate_probe_ptx_f16x2_g48_s00_p03,probe_after,3,2,12,140219.961555,140219.962921,140219.962238,0.00136619800469,6.02159720901,5272913530,true,true
softmax_1784951490609_softmax_full_f16io_f32acc_ptx_ex2_approx_f16x2_r3,softmax_oratc_targeted_g48s1024_confirm_v1_20260725_sess03_pos2_ptx_f16x2_g48_s1024_cache_reuse_candidate_probe_ptx_f16x2_g48_s00_p03,probe_after,3,2,13,140220.463075,140220.464511,140220.463793,0.00143539797864,6.52315251,5273032325,true,true
softmax_1784951490609_softmax_full_f16io_f32acc_ptx_ex2_approx_f16x2_r3,softmax_oratc_targeted_g48s1024_confirm_v1_20260725_sess03_pos2_ptx_f16x2_g48_s1024_cache_reuse_candidate_probe_ptx_f16x2_g48_s00_p03,probe_after,3,2,14,140220.964684,140220.966091,140220.965388,0.00140769800055,7.02474707802,5273150785,true,true
softmax_1784951490609_softmax_full_f16io_f32acc_ptx_ex2_approx_f16x2_r3,softmax_oratc_targeted_g48s1024_confirm_v1_20260725_sess03_pos2_ptx_f16x2_g48_s1024_cache_reuse_candidate_probe_ptx_f16x2_g48_s00_p03,probe_after,3,2,15,140221.466222,140221.467614,140221.466918,0.00139159799437,7.52627775201,5273268817,true,true
softmax_1784951490609_softmax_full_f16io_f32acc_ptx_ex2_approx_f16x2_r3,softmax_oratc_targeted_g48s1024_confirm_v1_20260725_sess03_pos2_ptx_f16x2_g48_s1024_cache_reuse_candidate_probe_ptx_f16x2_g48_s00_p03,probe_after,3,2,16,140221.967778,140221.969141,140221.96846,0.00136370200198,8.02781903601,5273386593,true,true
softmax_1784951490609_softmax_full_f16io_f32acc_ptx_ex2_approx_f16x2_r3,softmax_oratc_targeted_g48s1024_confirm_v1_20260725_sess03_pos2_ptx_f16x2_g48_s1024_cache_reuse_candidate_probe_ptx_f16x2_g48_s00_p03,probe_after,3,2,17,140222.469264,140222.470673,140222.469968,0.00140930199996,8.529327992,5273503957,true,true
softmax_1784951490609_softmax_full_f16io_f32acc_ptx_ex2_approx_f16x2_r3,softmax_oratc_targeted_g48s1024_confirm_v1_20260725_sess03_pos2_ptx_f16x2_g48_s1024_cache_reuse_candidate_probe_ptx_f16x2_g48_s00_p03,probe_after,3,2,18,140222.970837,140222.975151,140222.972994,0.00431320499047,9.03235361649,5273620778,true,true
softmax_1784951490609_softmax_full_f16io_f32acc_ptx_ex2_approx_f16x2_r3,softmax_oratc_targeted_g48s1024_confirm_v1_20260725_sess03_pos2_ptx_f16x2_g48_s1024_cache_reuse_candidate_probe_ptx_f16x2_g48_s00_p03,probe_after,3,2,19,140223.475278,140223.476686,140223.475982,0.00140760099748,9.53534179751,5273741263,true,true
softmax_1784951490609_softmax_full_f16io_f32acc_ptx_ex2_approx_f16x2_r3,softmax_oratc_targeted_g48s1024_confirm_v1_20260725_sess03_pos2_ptx_f16x2_g48_s1024_cache_reuse_candidate_probe_ptx_f16x2_g48_s00_p03,probe_after,3,2,20,140223.97678,140223.978171,140223.977476,0.00139100200613,10.036835293,5273861277,true,true
softmax_1784951490609_softmax_full_f16io_f32acc_ptx_ex2_approx_f16x2_r3,softmax_oratc_targeted_g48s1024_confirm_v1_20260725_sess03_pos2_ptx_f16x2_g48_s1024_cache_reuse_candidate_probe_ptx_f16x2_g48_s00_p03,probe_after,3,2,21,140224.478333,140224.479736,140224.479035,0.00140360198566,10.538394195,5273980829,true,true
softmax_1784951490609_softmax_full_f16io_f32acc_ptx_ex2_approx_f16x2_r3,softmax_oratc_targeted_g48s1024_confirm_v1_20260725_sess03_pos2_ptx_f16x2_g48_s1024_cache_reuse_candidate_probe_ptx_f16x2_g48_s00_p03,probe_after,3,2,22,140224.979903,140224.981257,140224.98058,0.00135320200934,11.039939514,5274100085,true,true
softmax_1784951490609_softmax_full_f16io_f32acc_ptx_ex2_approx_f16x2_r3,softmax_oratc_targeted_g48s1024_confirm_v1_20260725_sess03_pos2_ptx_f16x2_g48_s1024_cache_reuse_candidate_probe_ptx_f16x2_g48_s00_p03,probe_after,3,2,23,140225.481385,140225.482763,140225.482074,0.00137810199521,11.541433289,5274219023,true,false
softmax_1784951490609_softmax_full_f16io_f32acc_ptx_ex2_approx_f16x2_r3,softmax_oratc_targeted_g48s1024_confirm_v1_20260725_sess03_pos2_ptx_f16x2_g48_s1024_cache_reuse_candidate_probe_ptx_f16x2_g48_s00_p03,probe_after,3,2,24,140225.982926,140225.984406,140225.983666,0.00148009698023,12.0430258725,5274337609,true,false
softmax_1784951490609_softmax_full_f16io_f32acc_ptx_ex2_approx_f16x2_r3,softmax_oratc_targeted_g48s1024_confirm_v1_20260725_sess03_pos2_ptx_f16x2_g48_s1024_cache_reuse_candidate_probe_ptx_f16x2_g48_s00_p03,probe_after,3,2,25,140226.24841,140226.249796,140226.249103,0.00138539698673,12.3084625005,5274397481,true,false
softmax_1784951502931_softmax_full_f16io_f32acc_ptx_ex2_approx_f16x2_r4,softmax_oratc_targeted_g48s1024_confirm_v1_20260725_sess03_pos2_ptx_f16x2_g48_s1024_cache_reuse_candidate_probe_ptx_f16x2_g48_s00_p04,probe_before,4,0,0,140226.260769,140226.261964,140226.261367,0.00119519702275,-0.000604998524068,5274397481,false,false
softmax_1784951502931_softmax_full_f16io_f32acc_ptx_ex2_approx_f16x2_r4,softmax_oratc_targeted_g48s1024_confirm_v1_20260725_sess03_pos2_ptx_f16x2_g48_s1024_cache_reuse_candidate_probe_ptx_f16x2_g48_s00_p04,probe_before,4,0,1,140226.762225,140226.763676,140226.76295,0.00145049701678,0.500978484488,5274508632,true,false
softmax_1784951502931_softmax_full_f16io_f32acc_ptx_ex2_approx_f16x2_r4,softmax_oratc_targeted_g48s1024_confirm_v1_20260725_sess03_pos2_ptx_f16x2_g48_s1024_cache_reuse_candidate_probe_ptx_f16x2_g48_s00_p04,probe_before,4,0,2,140227.263782,140227.265246,140227.264514,0.00146339699859,1.00254197148,5274626716,true,false
softmax_1784951502931_softmax_full_f16io_f32acc_ptx_ex2_approx_f16x2_r4,softmax_oratc_targeted_g48s1024_confirm_v1_20260725_sess03_pos2_ptx_f16x2_g48_s1024_cache_reuse_candidate_probe_ptx_f16x2_g48_s00_p04,probe_before,4,0,3,140227.765363,140227.766696,140227.76603,0.0013327979832,1.50405782799,5274744455,true,true
softmax_1784951502931_softmax_full_f16io_f32acc_ptx_ex2_approx_f16x2_r4,softmax_oratc_targeted_g48s1024_confirm_v1_20260725_sess03_pos2_ptx_f16x2_g48_s1024_cache_reuse_candidate_probe_ptx_f16x2_g48_s00_p04,probe_before,4,0,4,140228.26683,140228.268303,140228.267566,0.00147259698133,2.00559448751,5274861740,true,true
softmax_1784951502931_softmax_full_f16io_f32acc_ptx_ex2_approx_f16x2_r4,softmax_oratc_targeted_g48s1024_confirm_v1_20260725_sess03_pos2_ptx_f16x2_g48_s1024_cache_reuse_candidate_probe_ptx_f16x2_g48_s00_p04,probe_before,4,0,5,140228.768429,140228.77338,140228.770904,0.00495079098619,2.5089322635,5274978623,true,true
softmax_1784951502931_softmax_full_f16io_f32acc_ptx_ex2_approx_f16x2_r4,softmax_oratc_targeted_g48s1024_confirm_v1_20260725_sess03_pos2_ptx_f16x2_g48_s1024_cache_reuse_candidate_probe_ptx_f16x2_g48_s00_p04,probe_before,4,0,6,140229.273494,140229.274857,140229.274175,0.00136240202119,3.012203477,5275099225,true,true
softmax_1784951502931_softmax_full_f16io_f32acc_ptx_ex2_approx_f16x2_r4,softmax_oratc_targeted_g48s1024_confirm_v1_20260725_sess03_pos2_ptx_f16x2_g48_s1024_cache_reuse_candidate_probe_ptx_f16x2_g48_s00_p04,probe_before,4,0,7,140229.774979,140229.776284,140229.775631,0.00130530202296,3.51365936399,5275219492,true,true
softmax_1784951502931_softmax_full_f16io_f32acc_ptx_ex2_approx_f16x2_r4,softmax_oratc_targeted_g48s1024_confirm_v1_20260725_sess03_pos2_ptx_f16x2_g48_s1024_cache_reuse_candidate_probe_ptx_f16x2_g48_s00_p04,probe_before,4,0,8,140230.276404,140230.277713,140230.277058,0.00130890199216,4.01508630399,5275339356,true,true
softmax_1784951502931_softmax_full_f16io_f32acc_ptx_ex2_approx_f16x2_r4,softmax_oratc_targeted_g48s1024_confirm_v1_20260725_sess03_pos2_ptx_f16x2_g48_s1024_cache_reuse_candidate_probe_ptx_f16x2_g48_s00_p04,probe_before,4,0,9,140230.77783,140230.779247,140230.778538,0.00141750200419,4.51656656398,5275458792,true,true
softmax_1784951502931_softmax_full_f16io_f32acc_ptx_ex2_approx_f16x2_r4,softmax_oratc_targeted_g48s1024_confirm_v1_20260725_sess03_pos2_ptx_f16x2_g48_s1024_cache_reuse_candidate_probe_ptx_f16x2_g48_s00_p04,probe_before,4,0,10,140231.279369,140231.280684,140231.280026,0.00131470200722,5.01805452697,5275577784,true,true
softmax_1784951502931_softmax_full_f16io_f32acc_ptx_ex2_approx_f16x2_r4,softmax_oratc_targeted_g48s1024_confirm_v1_20260725_sess03_pos2_ptx_f16x2_g48_s1024_cache_reuse_candidate_probe_ptx_f16x2_g48_s00_p04,probe_before,4,0,11,140231.780804,140231.782166,140231.781485,0.00136180198751,5.51951275999,5275696310,true,true
softmax_1784951502931_softmax_full_f16io_f32acc_ptx_ex2_approx_f16x2_r4,softmax_oratc_targeted_g48s1024_confirm_v1_20260725_sess03_pos2_ptx_f16x2_g48_s1024_cache_reuse_candidate_probe_ptx_f16x2_g48_s00_p04,probe_before,4,0,12,140232.282281,140232.283635,140232.282958,0.00135440198937,6.02098584498,5275814383,true,true
softmax_1784951502931_softmax_full_f16io_f32acc_ptx_ex2_approx_f16x2_r4,softmax_oratc_targeted_g48s1024_confirm_v1_20260725_sess03_pos2_ptx_f16x2_g48_s1024_cache_reuse_candidate_probe_ptx_f16x2_g48_s00_p04,probe_before,4,0,13,140232.783748,140232.785093,140232.78442,0.0013452010171,6.52244855047,5275932036,true,true
softmax_1784951502931_softmax_full_f16io_f32acc_ptx_ex2_approx_f16x2_r4,softmax_oratc_targeted_g48s1024_confirm_v1_20260725_sess03_pos2_ptx_f16x2_g48_s1024_cache_reuse_candidate_probe_ptx_f16x2_g48_s00_p04,probe_before,4,0,14,140233.28521,140233.286516,140233.285863,0.00130610098131,7.02389120849,5276049408,true,true
softmax_1784951502931_softmax_full_f16io_f32acc_ptx_ex2_approx_f16x2_r4,softmax_oratc_targeted_g48s1024_confirm_v1_20260725_sess03_pos2_ptx_f16x2_g48_s1024_cache_reuse_candidate_probe_ptx_f16x2_g48_s00_p04,probe_before,4,0,15,140233.786628,140233.791746,140233.789187,0.00511749199359,7.52721500199,5276166492,true,true
softmax_1784951502931_softmax_full_f16io_f32acc_ptx_ex2_approx_f16x2_r4,softmax_oratc_targeted_g48s1024_confirm_v1_20260725_sess03_pos2_ptx_f16x2_g48_s1024_cache_reuse_candidate_probe_ptx_f16x2_g48_s00_p04,probe_before,4,0,16,140234.29186,140234.293161,140234.29251,0.00130139800604,8.030538625,5276287256,true,true
softmax_1784951502931_softmax_full_f16io_f32acc_ptx_ex2_approx_f16x2_r4,softmax_oratc_targeted_g48s1024_confirm_v1_20260725_sess03_pos2_ptx_f16x2_g48_s1024_cache_reuse_candidate_probe_ptx_f16x2_g48_s00_p04,probe_before,4,0,17,140234.793304,140234.794651,140234.793977,0.0013464980002,8.53200557196,5276407601,true,true
softmax_1784951502931_softmax_full_f16io_f32acc_ptx_ex2_approx_f16x2_r4,softmax_oratc_targeted_g48s1024_confirm_v1_20260725_sess03_pos2_ptx_f16x2_g48_s1024_cache_reuse_candidate_probe_ptx_f16x2_g48_s00_p04,probe_before,4,0,18,140235.294766,140235.29609,140235.295428,0.00132459797896,9.03345612099,5276527403,true,true
softmax_1784951502931_softmax_full_f16io_f32acc_ptx_ex2_approx_f16x2_r4,softmax_oratc_targeted_g48s1024_confirm_v1_20260725_sess03_pos2_ptx_f16x2_g48_s1024_cache_reuse_candidate_probe_ptx_f16x2_g48_s00_p04,probe_before,4,0,19,140235.796219,140235.797601,140235.79691,0.001382197981,9.53493774097,5276646756,true,true
softmax_1784951502931_softmax_full_f16io_f32acc_ptx_ex2_approx_f16x2_r4,softmax_oratc_targeted_g48s1024_confirm_v1_20260725_sess03_pos2_ptx_f16x2_g48_s1024_cache_reuse_candidate_probe_ptx_f16x2_g48_s00_p04,probe_before,4,0,20,140236.29772,140236.299075,140236.298398,0.00135499800672,10.036425762,5276765656,true,true
softmax_1784951502931_softmax_full_f16io_f32acc_ptx_ex2_approx_f16x2_r4,softmax_oratc_targeted_g48s1024_confirm_v1_20260725_sess03_pos2_ptx_f16x2_g48_s1024_cache_reuse_candidate_probe_ptx_f16x2_g48_s00_p04,probe_before,4,0,21,140236.799188,140236.800897,140236.800043,0.00170929799788,10.538070654,5276883972,true,true
softmax_1784951502931_softmax_full_f16io_f32acc_ptx_ex2_approx_f16x2_r4,softmax_oratc_targeted_g48s1024_confirm_v1_20260725_sess03_pos2_ptx_f16x2_g48_s1024_cache_reuse_candidate_probe_ptx_f16x2_g48_s00_p04,probe_before,4,0,22,140237.30102,140237.302312,140237.301666,0.0012919989822,11.0396937475,5277002083,true,true
softmax_1784951502931_softmax_full_f16io_f32acc_ptx_ex2_approx_f16x2_r4,softmax_oratc_targeted_g48s1024_confirm_v1_20260725_sess03_pos2_ptx_f16x2_g48_s1024_cache_reuse_candidate_probe_ptx_f16x2_g48_s00_p04,probe_before,4,0,23,140237.802471,140237.803814,140237.803142,0.00134220198379,11.541170551,5277119800,true,false
softmax_1784951502931_softmax_full_f16io_f32acc_ptx_ex2_approx_f16x2_r4,softmax_oratc_targeted_g48s1024_confirm_v1_20260725_sess03_pos2_ptx_f16x2_g48_s1024_cache_reuse_candidate_probe_ptx_f16x2_g48_s00_p04,probe_before,4,0,24,140238.303932,140238.30521,140238.304571,0.00127830199199,12.042598951,5277260869,true,false
softmax_1784951502931_softmax_full_f16io_f32acc_ptx_ex2_approx_f16x2_r4,softmax_oratc_targeted_g48s1024_confirm_v1_20260725_sess03_pos2_ptx_f16x2_g48_s1024_cache_reuse_candidate_probe_ptx_f16x2_g48_s00_p04,probe_before,4,0,25,140238.57464,140238.57624,140238.57544,0.00159930199152,12.313468013,5277301514,true,false
softmax_1784951515253_softmax_full_f16io_f32acc_ptx_ex2_approx_f16x2_r4,softmax_oratc_targeted_g48s1024_confirm_v1_20260725_sess03_pos2_ptx_f16x2_g48_s1024_cache_reuse_candidate_probe_ptx_f16x2_g48_s00_p04,full,4,1,0,140238.583579,140238.584648,140238.584113,0.00106880199746,-0.000540300970897,5277301514,false,false
softmax_1784951515253_softmax_full_f16io_f32acc_ptx_ex2_approx_f16x2_r4,softmax_oratc_targeted_g48s1024_confirm_v1_20260725_sess03_pos2_ptx_f16x2_g48_s1024_cache_reuse_candidate_probe_ptx_f16x2_g48_s00_p04,full,4,1,1,140239.084959,140239.090097,140239.087528,0.00513790699188,0.502874124504,5277413809,true,false
softmax_1784951515253_softmax_full_f16io_f32acc_ptx_ex2_approx_f16x2_r4,softmax_oratc_targeted_g48s1024_confirm_v1_20260725_sess03_pos2_ptx_f16x2_g48_s1024_cache_reuse_candidate_probe_ptx_f16x2_g48_s00_p04,full,4,1,2,140239.590215,140239.591572,140239.590894,0.00135730198235,1.00623991102,5277534928,true,false
softmax_1784951515253_softmax_full_f16io_f32acc_ptx_ex2_approx_f16x2_r4,softmax_oratc_targeted_g48s1024_confirm_v1_20260725_sess03_pos2_ptx_f16x2_g48_s1024_cache_reuse_candidate_probe_ptx_f16x2_g48_s00_p04,full,4,1,3,140240.091707,140240.093138,140240.092423,0.00143080198904,1.507769057,5277655493,true,true
softmax_1784951515253_softmax_full_f16io_f32acc_ptx_ex2_approx_f16x2_r4,softmax_oratc_targeted_g48s1024_confirm_v1_20260725_sess03_pos2_ptx_f16x2_g48_s1024_cache_reuse_candidate_probe_ptx_f16x2_g48_s00_p04,full,4,1,4,140240.593263,140240.594614,140240.593939,0.00135100199259,2.00928496302,5277775609,true,true
softmax_1784951515253_softmax_full_f16io_f32acc_ptx_ex2_approx_f16x2_r4,softmax_oratc_targeted_g48s1024_confirm_v1_20260725_sess03_pos2_ptx_f16x2_g48_s1024_cache_reuse_candidate_probe_ptx_f16x2_g48_s00_p04,full,4,1,5,140241.094742,140241.096168,140241.095455,0.0014255020069,2.51080113099,5277895358,true,true
softmax_1784951515253_softmax_full_f16io_f32acc_ptx_ex2_approx_f16x2_r4,softmax_oratc_targeted_g48s1024_confirm_v1_20260725_sess03_pos2_ptx_f16x2_g48_s1024_cache_reuse_candidate_probe_ptx_f16x2_g48_s00_p04,full,4,1,6,140241.596293,140241.597661,140241.596977,0.00136790200486,3.01232326002,5278014916,true,true
softmax_1784951515253_softmax_full_f16io_f32acc_ptx_ex2_approx_f16x2_r4,softmax_oratc_targeted_g48s1024_confirm_v1_20260725_sess03_pos2_ptx_f16x2_g48_s1024_cache_reuse_candidate_probe_ptx_f16x2_g48_s00_p04,full,4,1,7,140242.097781,140242.099554,140242.098668,0.00177329700091,3.51401401352,5278134199,true,true
softmax_1784951515253_softmax_full_f16io_f32acc_ptx_ex2_approx_f16x2_r4,softmax_oratc_targeted_g48s1024_confirm_v1_20260725_sess03_pos2_ptx_f16x2_g48_s1024_cache_reuse_candidate_probe_ptx_f16x2_g48_s00_p04,full,4,1,8,140242.599679,140242.601085,140242.600382,0.00140619798913,4.01572817599,5278253193,true,true
softmax_1784951515253_softmax_full_f16io_f32acc_ptx_ex2_approx_f16x2_r4,softmax_oratc_targeted_g48s1024_confirm_v1_20260725_sess03_pos2_ptx_f16x2_g48_s1024_cache_reuse_candidate_probe_ptx_f16x2_g48_s00_p04,full,4,1,9,140243.101244,140243.102669,140243.101956,0.00142529798904,4.51730264901,5278371636,true,true
softmax_1784951515253_softmax_full_f16io_f32acc_ptx_ex2_approx_f16x2_r4,softmax_oratc_targeted_g48s1024_confirm_v1_20260725_sess03_pos2_ptx_f16x2_g48_s1024_cache_reuse_candidate_probe_ptx_f16x2_g48_s00_p04,full,4,1,10,140243.60279,140243.604071,140243.603431,0.00128059799317,5.01877713401,5278513957,true,true
softmax_1784951515253_softmax_full_f16io_f32acc_ptx_ex2_approx_f16x2_r4,softmax_oratc_targeted_g48s1024_confirm_v1_20260725_sess03_pos2_ptx_f16x2_g48_s1024_cache_reuse_candidate_probe_ptx_f16x2_g48_s00_p04,full,4,1,11,140244.104195,140244.108615,140244.106405,0.00441949401284,5.521751127,5278635821,true,true
softmax_1784951515253_softmax_full_f16io_f32acc_ptx_ex2_approx_f16x2_r4,softmax_oratc_targeted_g48s1024_confirm_v1_20260725_sess03_pos2_ptx_f16x2_g48_s1024_cache_reuse_candidate_probe_ptx_f16x2_g48_s00_p04,full,4,1,12,140244.608743,140244.610122,140244.609433,0.00137819800875,6.02477893198,5278756869,true,true
softmax_1784951515253_softmax_full_f16io_f32acc_ptx_ex2_approx_f16x2_r4,softmax_oratc_targeted_g48s1024_confirm_v1_20260725_sess03_pos2_ptx_f16x2_g48_s1024_cache_reuse_candidate_probe_ptx_f16x2_g48_s00_p04,full,4,1,13,140245.110288,140245.111643,140245.110966,0.00135479899473,6.52631219948,5278877525,true,true
softmax_1784951515253_softmax_full_f16io_f32acc_ptx_ex2_approx_f16x2_r4,softmax_oratc_targeted_g48s1024_confirm_v1_20260725_sess03_pos2_ptx_f16x2_g48_s1024_cache_reuse_candidate_probe_ptx_f16x2_g48_s00_p04,full,4,1,14,140245.611775,140245.613171,140245.612473,0.00139509799192,7.027819329,5278997953,true,true
softmax_1784951515253_softmax_full_f16io_f32acc_ptx_ex2_approx_f16x2_r4,softmax_oratc_targeted_g48s1024_confirm_v1_20260725_sess03_pos2_ptx_f16x2_g48_s1024_cache_reuse_candidate_probe_ptx_f16x2_g48_s00_p04,full,4,1,15,140246.113299,140246.11468,140246.113989,0.00138090201654,7.529335856,5279118142,true,true
softmax_1784951515253_softmax_full_f16io_f32acc_ptx_ex2_approx_f16x2_r4,softmax_oratc_targeted_g48s1024_confirm_v1_20260725_sess03_pos2_ptx_f16x2_g48_s1024_cache_reuse_candidate_probe_ptx_f16x2_g48_s00_p04,full,4,1,16,140246.614809,140246.616223,140246.615516,0.00141350200283,8.03086212202,5279238124,true,true
softmax_1784951515253_softmax_full_f16io_f32acc_ptx_ex2_approx_f16x2_r4,softmax_oratc_targeted_g48s1024_confirm_v1_20260725_sess03_pos2_ptx_f16x2_g48_s1024_cache_reuse_candidate_probe_ptx_f16x2_g48_s00_p04,full,4,1,17,140247.116381,140247.117735,140247.117058,0.00135390201467,8.53240469802,5279357553,true,true
softmax_1784951515253_softmax_full_f16io_f32acc_ptx_ex2_approx_f16x2_r4,softmax_oratc_targeted_g48s1024_confirm_v1_20260725_sess03_pos2_ptx_f16x2_g48_s1024_cache_reuse_candidate_probe_ptx_f16x2_g48_s00_p04,full,4,1,18,140247.61789,140247.619288,140247.618589,0.00139720199513,9.03393543599,5279476279,true,true
softmax_1784951515253_softmax_full_f16io_f32acc_ptx_ex2_approx_f16x2_r4,softmax_oratc_targeted_g48s1024_confirm_v1_20260725_sess03_pos2_ptx_f16x2_g48_s1024_cache_reuse_candidate_probe_ptx_f16x2_g48_s00_p04,full,4,1,19,140248.119451,140248.120777,140248.120114,0.00132600200595,9.53545993401,5279594566,true,true
softmax_1784951515253_softmax_full_f16io_f32acc_ptx_ex2_approx_f16x2_r4,softmax_oratc_targeted_g48s1024_confirm_v1_20260725_sess03_pos2_ptx_f16x2_g48_s1024_cache_reuse_candidate_probe_ptx_f16x2_g48_s00_p04,full,4,1,20,140248.620907,140248.622302,140248.621604,0.00139480197686,10.036950844,5279712311,true,true
softmax_1784951515253_softmax_full_f16io_f32acc_ptx_ex2_approx_f16x2_r4,softmax_oratc_targeted_g48s1024_confirm_v1_20260725_sess03_pos2_ptx_f16x2_g48_s1024_cache_reuse_candidate_probe_ptx_f16x2_g48_s00_p04,full,4,1,21,140249.122433,140249.127021,140249.124727,0.00458810597775,10.540073216,5279829544,true,true
softmax_1784951515253_softmax_full_f16io_f32acc_ptx_ex2_approx_f16x2_r4,softmax_oratc_targeted_g48s1024_confirm_v1_20260725_sess03_pos2_ptx_f16x2_g48_s1024_cache_reuse_candidate_probe_ptx_f16x2_g48_s00_p04,full,4,1,22,140249.627146,140249.628591,140249.627868,0.00144430200453,11.043214851,5279950718,true,true
softmax_1784951515253_softmax_full_f16io_f32acc_ptx_ex2_approx_f16x2_r4,softmax_oratc_targeted_g48s1024_confirm_v1_20260725_sess03_pos2_ptx_f16x2_g48_s1024_cache_reuse_candidate_probe_ptx_f16x2_g48_s00_p04,full,4,1,23,140250.128721,140250.130098,140250.129409,0.0013771969825,11.5447555505,5280071640,true,false
softmax_1784951515253_softmax_full_f16io_f32acc_ptx_ex2_approx_f16x2_r4,softmax_oratc_targeted_g48s1024_confirm_v1_20260725_sess03_pos2_ptx_f16x2_g48_s1024_cache_reuse_candidate_probe_ptx_f16x2_g48_s00_p04,full,4,1,24,140250.630219,140250.631615,140250.630917,0.00139629701152,12.0462632765,5280192057,true,false
softmax_1784951515253_softmax_full_f16io_f32acc_ptx_ex2_approx_f16x2_r4,softmax_oratc_targeted_g48s1024_confirm_v1_20260725_sess03_pos2_ptx_f16x2_g48_s1024_cache_reuse_candidate_probe_ptx_f16x2_g48_s00_p04,full,4,1,25,140250.91725,140250.918586,140250.917918,0.00133549701422,12.3332643955,5280251960,true,false
softmax_1784951527599_softmax_full_f16io_f32acc_ptx_ex2_approx_f16x2_r4,softmax_oratc_targeted_g48s1024_confirm_v1_20260725_sess03_pos2_ptx_f16x2_g48_s1024_cache_reuse_candidate_probe_ptx_f16x2_g48_s00_p04,probe_after,4,2,0,140250.929025,140250.930179,140250.929602,0.00115379798808,-0.000583499000641,5280251960,false,false
softmax_1784951527599_softmax_full_f16io_f32acc_ptx_ex2_approx_f16x2_r4,softmax_oratc_targeted_g48s1024_confirm_v1_20260725_sess03_pos2_ptx_f16x2_g48_s1024_cache_reuse_candidate_probe_ptx_f16x2_g48_s00_p04,probe_after,4,2,1,140251.430514,140251.431864,140251.431189,0.00134979799623,0.501003090001,5280365761,true,false
softmax_1784951527599_softmax_full_f16io_f32acc_ptx_ex2_approx_f16x2_r4,softmax_oratc_targeted_g48s1024_confirm_v1_20260725_sess03_pos2_ptx_f16x2_g48_s1024_cache_reuse_candidate_probe_ptx_f16x2_g48_s00_p04,probe_after,4,2,2,140251.931999,140251.933461,140251.93273,0.00146169701475,1.00254444653,5280484753,true,false
softmax_1784951527599_softmax_full_f16io_f32acc_ptx_ex2_approx_f16x2_r4,softmax_oratc_targeted_g48s1024_confirm_v1_20260725_sess03_pos2_ptx_f16x2_g48_s1024_cache_reuse_candidate_probe_ptx_f16x2_g48_s00_p04,probe_after,4,2,3,140252.43358,140252.434883,140252.434231,0.00130289798835,1.50404565802,5280603324,true,true
softmax_1784951527599_softmax_full_f16io_f32acc_ptx_ex2_approx_f16x2_r4,softmax_oratc_targeted_g48s1024_confirm_v1_20260725_sess03_pos2_ptx_f16x2_g48_s1024_cache_reuse_candidate_probe_ptx_f16x2_g48_s00_p04,probe_after,4,2,4,140252.934971,140252.936422,140252.935696,0.00145099702058,2.00551043652,5280721443,true,true
softmax_1784951527599_softmax_full_f16io_f32acc_ptx_ex2_approx_f16x2_r4,softmax_oratc_targeted_g48s1024_confirm_v1_20260725_sess03_pos2_ptx_f16x2_g48_s1024_cache_reuse_candidate_probe_ptx_f16x2_g48_s00_p04,probe_after,4,2,5,140253.436548,140253.439108,140253.437828,0.00255990299047,2.50764202353,5280839301,true,true
softmax_1784951527599_softmax_full_f16io_f32acc_ptx_ex2_approx_f16x2_r4,softmax_oratc_targeted_g48s1024_confirm_v1_20260725_sess03_pos2_ptx_f16x2_g48_s1024_cache_reuse_candidate_probe_ptx_f16x2_g48_s00_p04,probe_after,4,2,6,140253.939239,140253.940627,140253.939933,0.00138850099756,3.00974745952,5280956508,true,true
softmax_1784951527599_softmax_full_f16io_f32acc_ptx_ex2_approx_f16x2_r4,softmax_oratc_targeted_g48s1024_confirm_v1_20260725_sess03_pos2_ptx_f16x2_g48_s1024_cache_reuse_candidate_probe_ptx_f16x2_g48_s00_p04,probe_after,4,2,7,140254.440762,140254.445575,140254.443168,0.00481390597997,3.51298280101,5281073392,true,true
softmax_1784951527599_softmax_full_f16io_f32acc_ptx_ex2_approx_f16x2_r4,softmax_oratc_targeted_g48s1024_confirm_v1_20260725_sess03_pos2_ptx_f16x2_g48_s1024_cache_reuse_candidate_probe_ptx_f16x2_g48_s00_p04,probe_after,4,2,8,140254.945705,140254.947167,140254.946436,0.00146210199455,4.01625056,5281194039,true,true
softmax_1784951527599_softmax_full_f16io_f32acc_ptx_ex2_approx_f16x2_r4,softmax_oratc_targeted_g48s1024_confirm_v1_20260725_sess03_pos2_ptx_f16x2_g48_s1024_cache_reuse_candidate_probe_ptx_f16x2_g48_s00_p04,probe_after,4,2,9,140255.447295,140255.448744,140255.44802,0.0014493020135,4.51783392101,5281314274,true,true
softmax_1784951527599_softmax_full_f16io_f32acc_ptx_ex2_approx_f16x2_r4,softmax_oratc_targeted_g48s1024_confirm_v1_20260725_sess03_pos2_ptx_f16x2_g48_s1024_cache_reuse_candidate_probe_ptx_f16x2_g48_s00_p04,probe_after,4,2,10,140255.948861,140255.950259,140255.94956,0.00139760199818,5.01937454901,5281434053,true,true
softmax_1784951527599_softmax_full_f16io_f32acc_ptx_ex2_approx_f16x2_r4,softmax_oratc_targeted_g48s1024_confirm_v1_20260725_sess03_pos2_ptx_f16x2_g48_s1024_cache_reuse_candidate_probe_ptx_f16x2_g48_s00_p04,probe_after,4,2,11,140256.450386,140256.451698,140256.451042,0.00131200198666,5.520856332,5281553266,true,true
softmax_1784951527599_softmax_full_f16io_f32acc_ptx_ex2_approx_f16x2_r4,softmax_oratc_targeted_g48s1024_confirm_v1_20260725_sess03_pos2_ptx_f16x2_g48_s1024_cache_reuse_candidate_probe_ptx_f16x2_g48_s00_p04,probe_after,4,2,12,140256.951831,140256.953289,140256.95256,0.00145810199319,6.02237398204,5281671944,true,true
softmax_1784951527599_softmax_full_f16io_f32acc_ptx_ex2_approx_f16x2_r4,softmax_oratc_targeted_g48s1024_confirm_v1_20260725_sess03_pos2_ptx_f16x2_g48_s1024_cache_reuse_candidate_probe_ptx_f16x2_g48_s00_p04,probe_after,4,2,13,140257.453418,140257.454755,140257.454086,0.0013370020024,6.52390083604,5281790281,true,true
softmax_1784951527599_softmax_full_f16io_f32acc_ptx_ex2_approx_f16x2_r4,softmax_oratc_targeted_g48s1024_confirm_v1_20260725_sess03_pos2_ptx_f16x2_g48_s1024_cache_reuse_candidate_probe_ptx_f16x2_g48_s00_p04,probe_after,4,2,14,140257.954891,140257.956264,140257.955577,0.00137320099748,7.02539161753,5281908279,true,true
softmax_1784951527599_softmax_full_f16io_f32acc_ptx_ex2_approx_f16x2_r4,softmax_oratc_targeted_g48s1024_confirm_v1_20260725_sess03_pos2_ptx_f16x2_g48_s1024_cache_reuse_candidate_probe_ptx_f16x2_g48_s00_p04,probe_after,4,2,15,140258.456398,140258.457739,140258.457068,0.00134100098512,7.52688265449,5282026003,true,true
softmax_1784951527599_softmax_full_f16io_f32acc_ptx_ex2_approx_f16x2_r4,softmax_oratc_targeted_g48s1024_confirm_v1_20260725_sess03_pos2_ptx_f16x2_g48_s1024_cache_reuse_candidate_probe_ptx_f16x2_g48_s00_p04,probe_after,4,2,16,140258.957838,140258.959251,140258.958544,0.00141260097735,8.02835880851,5282143399,true,true
softmax_1784951527599_softmax_full_f16io_f32acc_ptx_ex2_approx_f16x2_r4,softmax_oratc_targeted_g48s1024_confirm_v1_20260725_sess03_pos2_ptx_f16x2_g48_s1024_cache_reuse_candidate_probe_ptx_f16x2_g48_s00_p04,probe_after,4,2,17,140259.459352,140259.463875,140259.461613,0.00452280300669,8.53142776852,5282260315,true,true
softmax_1784951527599_softmax_full_f16io_f32acc_ptx_ex2_approx_f16x2_r4,softmax_oratc_targeted_g48s1024_confirm_v1_20260725_sess03_pos2_ptx_f16x2_g48_s1024_cache_reuse_candidate_probe_ptx_f16x2_g48_s00_p04,probe_after,4,2,18,140259.964037,140259.965434,140259.964736,0.00139660100103,9.03455004454,5282380838,true,true
softmax_1784951527599_softmax_full_f16io_f32acc_ptx_ex2_approx_f16x2_r4,softmax_oratc_targeted_g48s1024_confirm_v1_20260725_sess03_pos2_ptx_f16x2_g48_s1024_cache_reuse_candidate_probe_ptx_f16x2_g48_s00_p04,probe_after,4,2,19,140260.465573,140260.466899,140260.466236,0.00132560098427,9.53605032552,5282500936,true,true
softmax_1784951527599_softmax_full_f16io_f32acc_ptx_ex2_approx_f16x2_r4,softmax_oratc_targeted_g48s1024_confirm_v1_20260725_sess03_pos2_ptx_f16x2_g48_s1024_cache_reuse_candidate_probe_ptx_f16x2_g48_s00_p04,probe_after,4,2,20,140260.967033,140260.968474,140260.967753,0.00144080098835,10.0375676215,5282620621,true,true
softmax_1784951527599_softmax_full_f16io_f32acc_ptx_ex2_approx_f16x2_r4,softmax_oratc_targeted_g48s1024_confirm_v1_20260725_sess03_pos2_ptx_f16x2_g48_s1024_cache_reuse_candidate_probe_ptx_f16x2_g48_s00_p04,probe_after,4,2,21,140261.468605,140261.469971,140261.469288,0.00136670100619,10.5391022735,5282739925,true,true
softmax_1784951527599_softmax_full_f16io_f32acc_ptx_ex2_approx_f16x2_r4,softmax_oratc_targeted_g48s1024_confirm_v1_20260725_sess03_pos2_ptx_f16x2_g48_s1024_cache_reuse_candidate_probe_ptx_f16x2_g48_s00_p04,probe_after,4,2,22,140261.970106,140261.97147,140261.970788,0.00136410098639,11.0406026915,5282858900,true,true
softmax_1784951527599_softmax_full_f16io_f32acc_ptx_ex2_approx_f16x2_r4,softmax_oratc_targeted_g48s1024_confirm_v1_20260725_sess03_pos2_ptx_f16x2_g48_s1024_cache_reuse_candidate_probe_ptx_f16x2_g48_s00_p04,probe_after,4,2,23,140262.471602,140262.472977,140262.47229,0.00137460097903,11.5421038645,5282977512,true,false
softmax_1784951527599_softmax_full_f16io_f32acc_ptx_ex2_approx_f16x2_r4,softmax_oratc_targeted_g48s1024_confirm_v1_20260725_sess03_pos2_ptx_f16x2_g48_s1024_cache_reuse_candidate_probe_ptx_f16x2_g48_s00_p04,probe_after,4,2,24,140262.973144,140262.97451,140262.973827,0.00136660100543,12.0436412035,5283095688,true,false
softmax_1784951527599_softmax_full_f16io_f32acc_ptx_ex2_approx_f16x2_r4,softmax_oratc_targeted_g48s1024_confirm_v1_20260725_sess03_pos2_ptx_f16x2_g48_s1024_cache_reuse_candidate_probe_ptx_f16x2_g48_s00_p04,probe_after,4,2,25,140263.238433,140263.242783,140263.240608,0.00434990398935,12.310422587,5283155090,true,false
softmax_1784951539920_softmax_full_f16io_f32acc_ptx_ex2_approx_f16x2_r5,softmax_oratc_targeted_g48s1024_confirm_v1_20260725_sess03_pos2_ptx_f16x2_g48_s1024_cache_reuse_candidate_probe_ptx_f16x2_g48_s00_p05,full_before,5,0,0,140263.250525,140263.251697,140263.251111,0.00117210100871,-0.000594450510107,5283155090,false,false
softmax_1784951539920_softmax_full_f16io_f32acc_ptx_ex2_approx_f16x2_r5,softmax_oratc_targeted_g48s1024_confirm_v1_20260725_sess03_pos2_ptx_f16x2_g48_s1024_cache_reuse_candidate_probe_ptx_f16x2_g48_s00_p05,full_before,5,0,1,140263.752049,140263.753352,140263.7527,0.00130270098452,0.500994806498,5283270052,true,false
softmax_1784951539920_softmax_full_f16io_f32acc_ptx_ex2_approx_f16x2_r5,softmax_oratc_targeted_g48s1024_confirm_v1_20260725_sess03_pos2_ptx_f16x2_g48_s1024_cache_reuse_candidate_probe_ptx_f16x2_g48_s00_p05,full_before,5,0,2,140264.253534,140264.254958,140264.254246,0.00142410100671,1.00254056649,5283388591,true,false
softmax_1784951539920_softmax_full_f16io_f32acc_ptx_ex2_approx_f16x2_r5,softmax_oratc_targeted_g48s1024_confirm_v1_20260725_sess03_pos2_ptx_f16x2_g48_s1024_cache_reuse_candidate_probe_ptx_f16x2_g48_s00_p05,full_before,5,0,3,140264.755063,140264.756372,140264.755717,0.00130850099958,1.50401194449,5283506725,true,true
softmax_1784951539920_softmax_full_f16io_f32acc_ptx_ex2_approx_f16x2_r5,softmax_oratc_targeted_g48s1024_confirm_v1_20260725_sess03_pos2_ptx_f16x2_g48_s1024_cache_reuse_candidate_probe_ptx_f16x2_g48_s00_p05,full_before,5,0,4,140265.256463,140265.257811,140265.257137,0.00134820200037,2.00543167599,5283624282,true,true
softmax_1784951539920_softmax_full_f16io_f32acc_ptx_ex2_approx_f16x2_r5,softmax_oratc_targeted_g48s1024_confirm_v1_20260725_sess03_pos2_ptx_f16x2_g48_s1024_cache_reuse_candidate_probe_ptx_f16x2_g48_s00_p05,full_before,5,0,5,140265.757946,140265.762024,140265.759985,0.00407870399067,2.50827962699,5283741557,true,true
softmax_1784951539920_softmax_full_f16io_f32acc_ptx_ex2_approx_f16x2_r5,softmax_oratc_targeted_g48s1024_confirm_v1_20260725_sess03_pos2_ptx_f16x2_g48_s1024_cache_reuse_candidate_probe_ptx_f16x2_g48_s00_p05,full_before,5,0,6,140266.262197,140266.263575,140266.262886,0.00137749800342,3.01118063499,5283862804,true,true
softmax_1784951539920_softmax_full_f16io_f32acc_ptx_ex2_approx_f16x2_r5,softmax_oratc_targeted_g48s1024_confirm_v1_20260725_sess03_pos2_ptx_f16x2_g48_s1024_cache_reuse_candidate_probe_ptx_f16x2_g48_s00_p05,full_before,5,0,7,140266.763738,140266.7651,140266.764419,0.00136149898754,3.51271380848,5283983619,true,true
softmax_1784951539920_softmax_full_f16io_f32acc_ptx_ex2_approx_f16x2_r5,softmax_oratc_targeted_g48s1024_confirm_v1_20260725_sess03_pos2_ptx_f16x2_g48_s1024_cache_reuse_candidate_probe_ptx_f16x2_g48_s00_p05,full_before,5,0,8,140267.265205,140267.266508,140267.265856,0.00130269897636,4.01415108549,5284104199,true,true
softmax_1784951539920_softmax_full_f16io_f32acc_ptx_ex2_approx_f16x2_r5,softmax_oratc_targeted_g48s1024_confirm_v1_20260725_sess03_pos2_ptx_f16x2_g48_s1024_cache_reuse_candidate_probe_ptx_f16x2_g48_s00_p05,full_before,5,0,9,140267.766637,140267.768049,140267.767343,0.00141129898839,4.51563748048,5284224376,true,true
softmax_1784951539920_softmax_full_f16io_f32acc_ptx_ex2_approx_f16x2_r5,softmax_oratc_targeted_g48s1024_confirm_v1_20260725_sess03_pos2_ptx_f16x2_g48_s1024_cache_reuse_candidate_probe_ptx_f16x2_g48_s00_p05,full_before,5,0,10,140268.268213,140268.269584,140268.268899,0.00137099900167,5.0171933285,5284344073,true,true
softmax_1784951539920_softmax_full_f16io_f32acc_ptx_ex2_approx_f16x2_r5,softmax_oratc_targeted_g48s1024_confirm_v1_20260725_sess03_pos2_ptx_f16x2_g48_s1024_cache_reuse_candidate_probe_ptx_f16x2_g48_s00_p05,full_before,5,0,11,140268.769708,140268.771066,140268.770387,0.00135789898923,5.51868199449,5284463196,true,true
softmax_1784951539920_softmax_full_f16io_f32acc_ptx_ex2_approx_f16x2_r5,softmax_oratc_targeted_g48s1024_confirm_v1_20260725_sess03_pos2_ptx_f16x2_g48_s1024_cache_reuse_candidate_probe_ptx_f16x2_g48_s00_p05,full_before,5,0,12,140269.271224,140269.272561,140269.271893,0.00133669900242,6.02018741349,5284581770,true,true
softmax_1784951539920_softmax_full_f16io_f32acc_ptx_ex2_approx_f16x2_r5,softmax_oratc_targeted_g48s1024_confirm_v1_20260725_sess03_pos2_ptx_f16x2_g48_s1024_cache_reuse_candidate_probe_ptx_f16x2_g48_s00_p05,full_before,5,0,13,140269.772692,140269.774089,140269.77339,0.00139679899439,6.52168480048,5284699991,true,true
softmax_1784951539920_softmax_full_f16io_f32acc_ptx_ex2_approx_f16x2_r5,softmax_oratc_targeted_g48s1024_confirm_v1_20260725_sess03_pos2_ptx_f16x2_g48_s1024_cache_reuse_candidate_probe_ptx_f16x2_g48_s00_p05,full_before,5,0,14,140270.274211,140270.275507,140270.274859,0.00129590198048,7.02315362098,5284817844,true,true
softmax_1784951539920_softmax_full_f16io_f32acc_ptx_ex2_approx_f16x2_r5,softmax_oratc_targeted_g48s1024_confirm_v1_20260725_sess03_pos2_ptx_f16x2_g48_s1024_cache_reuse_candidate_probe_ptx_f16x2_g48_s00_p05,full_before,5,0,15,140270.775651,140270.780341,140270.777996,0.00468960698345,7.52629032047,5284935476,true,true
softmax_1784951539920_softmax_full_f16io_f32acc_ptx_ex2_approx_f16x2_r5,softmax_oratc_targeted_g48s1024_confirm_v1_20260725_sess03_pos2_ptx_f16x2_g48_s1024_cache_reuse_candidate_probe_ptx_f16x2_g48_s00_p05,full_before,5,0,16,140271.280465,140271.281812,140271.281139,0.00134670198895,8.02943312199,5285056960,true,true
softmax_1784951539920_softmax_full_f16io_f32acc_ptx_ex2_approx_f16x2_r5,softmax_oratc_targeted_g48s1024_confirm_v1_20260725_sess03_pos2_ptx_f16x2_g48_s1024_cache_reuse_candidate_probe_ptx_f16x2_g48_s00_p05,full_before,5,0,17,140271.781931,140271.783293,140271.782612,0.00136220199056,8.53090694,5285177960,true,true
softmax_1784951539920_softmax_full_f16io_f32acc_ptx_ex2_approx_f16x2_r5,softmax_oratc_targeted_g48s1024_confirm_v1_20260725_sess03_pos2_ptx_f16x2_g48_s1024_cache_reuse_candidate_probe_ptx_f16x2_g48_s00_p05,full_before,5,0,18,140272.283459,140272.284785,140272.284122,0.00132590200519,9.03241636098,5285298409,true,true
softmax_1784951539920_softmax_full_f16io_f32acc_ptx_ex2_approx_f16x2_r5,softmax_oratc_targeted_g48s1024_confirm_v1_20260725_sess03_pos2_ptx_f16x2_g48_s1024_cache_reuse_candidate_probe_ptx_f16x2_g48_s00_p05,full_before,5,0,19,140272.784948,140272.786268,140272.785608,0.00131970198709,9.53390244997,5285418465,true,true
softmax_1784951539920_softmax_full_f16io_f32acc_ptx_ex2_approx_f16x2_r5,softmax_oratc_targeted_g48s1024_confirm_v1_20260725_sess03_pos2_ptx_f16x2_g48_s1024_cache_reuse_candidate_probe_ptx_f16x2_g48_s00_p05,full_before,5,0,20,140273.286423,140273.287785,140273.287104,0.00136150198523,10.035398841,5285537987,true,true
softmax_1784951539920_softmax_full_f16io_f32acc_ptx_ex2_approx_f16x2_r5,softmax_oratc_targeted_g48s1024_confirm_v1_20260725_sess03_pos2_ptx_f16x2_g48_s1024_cache_reuse_candidate_probe_ptx_f16x2_g48_s00_p05,full_before,5,0,21,140273.787905,140273.789678,140273.788791,0.00177250299021,10.5370859515,5285657016,true,true
softmax_1784951539920_softmax_full_f16io_f32acc_ptx_ex2_approx_f16x2_r5,softmax_oratc_targeted_g48s1024_confirm_v1_20260725_sess03_pos2_ptx_f16x2_g48_s1024_cache_reuse_candidate_probe_ptx_f16x2_g48_s00_p05,full_before,5,0,22,140274.289834,140274.291216,140274.290525,0.00138269600575,11.038819453,5285775840,true,true
softmax_1784951539920_softmax_full_f16io_f32acc_ptx_ex2_approx_f16x2_r5,softmax_oratc_targeted_g48s1024_confirm_v1_20260725_sess03_pos2_ptx_f16x2_g48_s1024_cache_reuse_candidate_probe_ptx_f16x2_g48_s00_p05,full_before,5,0,23,140274.791357,140274.792801,140274.792079,0.00144469700172,11.5403735415,5285894273,true,false
softmax_1784951539920_softmax_full_f16io_f32acc_ptx_ex2_approx_f16x2_r5,softmax_oratc_targeted_g48s1024_confirm_v1_20260725_sess03_pos2_ptx_f16x2_g48_s1024_cache_reuse_candidate_probe_ptx_f16x2_g48_s00_p05,full_before,5,0,24,140275.292957,140275.294238,140275.293598,0.00128129697987,12.0418924315,5286036615,true,false
softmax_1784951539920_softmax_full_f16io_f32acc_ptx_ex2_approx_f16x2_r5,softmax_oratc_targeted_g48s1024_confirm_v1_20260725_sess03_pos2_ptx_f16x2_g48_s1024_cache_reuse_candidate_probe_ptx_f16x2_g48_s00_p05,full_before,5,0,25,140275.59316,140275.594556,140275.593858,0.00139539598604,12.342152708,5286097096,true,false
softmax_1784951552276_softmax_full_f16io_f32acc_ptx_ex2_approx_f16x2_r5,softmax_oratc_targeted_g48s1024_confirm_v1_20260725_sess03_pos2_ptx_f16x2_g48_s1024_cache_reuse_candidate_probe_ptx_f16x2_g48_s00_p05,probe_middle,5,1,0,140275.6061,140275.607258,140275.606679,0.00115799700143,-0.000586198497331,5286097096,false,false
softmax_1784951552276_softmax_full_f16io_f32acc_ptx_ex2_approx_f16x2_r5,softmax_oratc_targeted_g48s1024_confirm_v1_20260725_sess03_pos2_ptx_f16x2_g48_s1024_cache_reuse_candidate_probe_ptx_f16x2_g48_s00_p05,probe_middle,5,1,1,140276.107544,140276.108888,140276.108216,0.00134449699544,0.500950662507,5286214216,true,false
softmax_1784951552276_softmax_full_f16io_f32acc_ptx_ex2_approx_f16x2_r5,softmax_oratc_targeted_g48s1024_confirm_v1_20260725_sess03_pos2_ptx_f16x2_g48_s1024_cache_reuse_candidate_probe_ptx_f16x2_g48_s00_p05,probe_middle,5,1,2,140276.609008,140276.610328,140276.609668,0.00131949700881,1.0024024845,5286332084,true,false
softmax_1784951552276_softmax_full_f16io_f32acc_ptx_ex2_approx_f16x2_r5,softmax_oratc_targeted_g48s1024_confirm_v1_20260725_sess03_pos2_ptx_f16x2_g48_s1024_cache_reuse_candidate_probe_ptx_f16x2_g48_s00_p05,probe_middle,5,1,3,140277.110443,140277.111805,140277.111124,0.00136179701076,1.50385846649,5286449523,true,true
softmax_1784951552276_softmax_full_f16io_f32acc_ptx_ex2_approx_f16x2_r5,softmax_oratc_targeted_g48s1024_confirm_v1_20260725_sess03_pos2_ptx_f16x2_g48_s1024_cache_reuse_candidate_probe_ptx_f16x2_g48_s00_p05,probe_middle,5,1,4,140277.611926,140277.613288,140277.612607,0.00136120201205,2.005341663,5286566530,true,true
softmax_1784951552276_softmax_full_f16io_f32acc_ptx_ex2_approx_f16x2_r5,softmax_oratc_targeted_g48s1024_confirm_v1_20260725_sess03_pos2_ptx_f16x2_g48_s1024_cache_reuse_candidate_probe_ptx_f16x2_g48_s00_p05,probe_middle,5,1,5,140278.113404,140278.117961,140278.115683,0.00455760600744,2.50841727102,5286683219,true,true
softmax_1784951552276_softmax_full_f16io_f32acc_ptx_ex2_approx_f16x2_r5,softmax_oratc_targeted_g48s1024_confirm_v1_20260725_sess03_pos2_ptx_f16x2_g48_s1024_cache_reuse_candidate_probe_ptx_f16x2_g48_s00_p05,probe_middle,5,1,6,140278.618075,140278.619457,140278.618766,0.00138240199885,3.01150089104,5286803707,true,true
softmax_1784951552276_softmax_full_f16io_f32acc_ptx_ex2_approx_f16x2_r5,softmax_oratc_targeted_g48s1024_confirm_v1_20260725_sess03_pos2_ptx_f16x2_g48_s1024_cache_reuse_candidate_probe_ptx_f16x2_g48_s00_p05,probe_middle,5,1,7,140279.119579,140279.120948,140279.120264,0.00136880201171,3.51299831699,5286923884,true,true
softmax_1784951552276_softmax_full_f16io_f32acc_ptx_ex2_approx_f16x2_r5,softmax_oratc_targeted_g48s1024_confirm_v1_20260725_sess03_pos2_ptx_f16x2_g48_s1024_cache_reuse_candidate_probe_ptx_f16x2_g48_s00_p05,probe_middle,5,1,8,140279.621059,140279.622414,140279.621736,0.00135500202305,4.01447085603,5287043702,true,true
softmax_1784951552276_softmax_full_f16io_f32acc_ptx_ex2_approx_f16x2_r5,softmax_oratc_targeted_g48s1024_confirm_v1_20260725_sess03_pos2_ptx_f16x2_g48_s1024_cache_reuse_candidate_probe_ptx_f16x2_g48_s00_p05,probe_middle,5,1,9,140280.122531,140280.123858,140280.123195,0.0013269019837,4.51592955299,5287162955,true,true
softmax_1784951552276_softmax_full_f16io_f32acc_ptx_ex2_approx_f16x2_r5,softmax_oratc_targeted_g48s1024_confirm_v1_20260725_sess03_pos2_ptx_f16x2_g48_s1024_cache_reuse_candidate_probe_ptx_f16x2_g48_s00_p05,probe_middle,5,1,10,140280.623974,140280.625328,140280.624651,0.00135370198404,5.01738531201,5287281768,true,true
softmax_1784951552276_softmax_full_f16io_f32acc_ptx_ex2_approx_f16x2_r5,softmax_oratc_targeted_g48s1024_confirm_v1_20260725_sess03_pos2_ptx_f16x2_g48_s1024_cache_reuse_candidate_probe_ptx_f16x2_g48_s00_p05,probe_middle,5,1,11,140281.125442,140281.126778,140281.12611,0.00133620199631,5.51884463002,5287400209,true,true
softmax_1784951552276_softmax_full_f16io_f32acc_ptx_ex2_approx_f16x2_r5,softmax_oratc_targeted_g48s1024_confirm_v1_20260725_sess03_pos2_ptx_f16x2_g48_s1024_cache_reuse_candidate_probe_ptx_f16x2_g48_s00_p05,probe_middle,5,1,12,140281.626892,140281.629283,140281.628088,0.0023907040013,6.02082246001,5287518131,true,true
softmax_1784951552276_softmax_full_f16io_f32acc_ptx_ex2_approx_f16x2_r5,softmax_oratc_targeted_g48s1024_confirm_v1_20260725_sess03_pos2_ptx_f16x2_g48_s1024_cache_reuse_candidate_probe_ptx_f16x2_g48_s00_p05,probe_middle,5,1,13,140282.129458,140282.130885,140282.130172,0.00142689899076,6.52290640751,5287635628,true,true
softmax_1784951552276_softmax_full_f16io_f32acc_ptx_ex2_approx_f16x2_r5,softmax_oratc_targeted_g48s1024_confirm_v1_20260725_sess03_pos2_ptx_f16x2_g48_s1024_cache_reuse_candidate_probe_ptx_f16x2_g48_s00_p05,probe_middle,5,1,14,140282.630999,140282.632414,140282.631706,0.00141499898746,7.02444090552,5287752646,true,true
softmax_1784951552276_softmax_full_f16io_f32acc_ptx_ex2_approx_f16x2_r5,softmax_oratc_targeted_g48s1024_confirm_v1_20260725_sess03_pos2_ptx_f16x2_g48_s1024_cache_reuse_candidate_probe_ptx_f16x2_g48_s00_p05,probe_middle,5,1,15,140283.132529,140283.136705,140283.134617,0.00417549701524,7.5273517115,5287869323,true,true
softmax_1784951552276_softmax_full_f16io_f32acc_ptx_ex2_approx_f16x2_r5,softmax_oratc_targeted_g48s1024_confirm_v1_20260725_sess03_pos2_ptx_f16x2_g48_s1024_cache_reuse_candidate_probe_ptx_f16x2_g48_s00_p05,probe_middle,5,1,16,140283.636827,140283.638219,140283.637523,0.0013915989839,8.03025762949,5287989899,true,true
softmax_1784951552276_softmax_full_f16io_f32acc_ptx_ex2_approx_f16x2_r5,softmax_oratc_targeted_g48s1024_confirm_v1_20260725_sess03_pos2_ptx_f16x2_g48_s1024_cache_reuse_candidate_probe_ptx_f16x2_g48_s00_p05,probe_middle,5,1,17,140284.138342,140284.139721,140284.139032,0.00137869900209,8.53176645751,5288109995,true,true
softmax_1784951552276_softmax_full_f16io_f32acc_ptx_ex2_approx_f16x2_r5,softmax_oratc_targeted_g48s1024_confirm_v1_20260725_sess03_pos2_ptx_f16x2_g48_s1024_cache_reuse_candidate_probe_ptx_f16x2_g48_s00_p05,probe_middle,5,1,18,140284.639841,140284.641191,140284.640516,0.00134999898728,9.03325089751,5288229581,true,true
softmax_1784951552276_softmax_full_f16io_f32acc_ptx_ex2_approx_f16x2_r5,softmax_oratc_targeted_g48s1024_confirm_v1_20260725_sess03_pos2_ptx_f16x2_g48_s1024_cache_reuse_candidate_probe_ptx_f16x2_g48_s00_p05,probe_middle,5,1,19,140285.141315,140285.14265,140285.141983,0.00133550001192,9.534717245,5288348808,true,true
softmax_1784951552276_softmax_full_f16io_f32acc_ptx_ex2_approx_f16x2_r5,softmax_oratc_targeted_g48s1024_confirm_v1_20260725_sess03_pos2_ptx_f16x2_g48_s1024_cache_reuse_candidate_probe_ptx_f16x2_g48_s00_p05,probe_middle,5,1,20,140285.642772,140285.644175,140285.643474,0.00140249897959,10.0362081555,5288467545,true,true
softmax_1784951552276_softmax_full_f16io_f32acc_ptx_ex2_approx_f16x2_r5,softmax_oratc_targeted_g48s1024_confirm_v1_20260725_sess03_pos2_ptx_f16x2_g48_s1024_cache_reuse_candidate_probe_ptx_f16x2_g48_s00_p05,probe_middle,5,1,21,140286.144297,140286.145627,140286.144962,0.00132999900961,10.5376964235,5288585879,true,true
softmax_1784951552276_softmax_full_f16io_f32acc_ptx_ex2_approx_f16x2_r5,softmax_oratc_targeted_g48s1024_confirm_v1_20260725_sess03_pos2_ptx_f16x2_g48_s1024_cache_reuse_candidate_probe_ptx_f16x2_g48_s00_p05,probe_middle,5,1,22,140286.645743,140286.647089,140286.646416,0.00134609901579,11.0391509045,5288703826,true,true
softmax_1784951552276_softmax_full_f16io_f32acc_ptx_ex2_approx_f16x2_r5,softmax_oratc_targeted_g48s1024_confirm_v1_20260725_sess03_pos2_ptx_f16x2_g48_s1024_cache_reuse_candidate_probe_ptx_f16x2_g48_s00_p05,probe_middle,5,1,23,140287.147249,140287.14863,140287.147939,0.00138030201197,11.540673995,5288821449,true,false
softmax_1784951552276_softmax_full_f16io_f32acc_ptx_ex2_approx_f16x2_r5,softmax_oratc_targeted_g48s1024_confirm_v1_20260725_sess03_pos2_ptx_f16x2_g48_s1024_cache_reuse_candidate_probe_ptx_f16x2_g48_s00_p05,probe_middle,5,1,24,140287.648756,140287.650104,140287.64943,0.00134740199428,12.042164699,5288938623,true,false
softmax_1784951552276_softmax_full_f16io_f32acc_ptx_ex2_approx_f16x2_r5,softmax_oratc_targeted_g48s1024_confirm_v1_20260725_sess03_pos2_ptx_f16x2_g48_s1024_cache_reuse_candidate_probe_ptx_f16x2_g48_s00_p05,probe_middle,5,1,25,140287.919566,140287.920979,140287.920273,0.00141350200283,12.313007161,5288996422,true,false
softmax_1784951564598_softmax_full_f16io_f32acc_ptx_ex2_approx_f16x2_r5,softmax_oratc_targeted_g48s1024_confirm_v1_20260725_sess03_pos2_ptx_f16x2_g48_s1024_cache_reuse_candidate_probe_ptx_f16x2_g48_s00_p05,full_after,5,2,0,140287.928553,140287.929718,140287.929135,0.00116440202692,-0.000588601018535,5288996422,false,false
softmax_1784951564598_softmax_full_f16io_f32acc_ptx_ex2_approx_f16x2_r5,softmax_oratc_targeted_g48s1024_confirm_v1_20260725_sess03_pos2_ptx_f16x2_g48_s1024_cache_reuse_candidate_probe_ptx_f16x2_g48_s00_p05,full_after,5,2,1,140288.429996,140288.435077,140288.432536,0.00508160798927,0.50281246801,5289111447,true,false
softmax_1784951564598_softmax_full_f16io_f32acc_ptx_ex2_approx_f16x2_r5,softmax_oratc_targeted_g48s1024_confirm_v1_20260725_sess03_pos2_ptx_f16x2_g48_s1024_cache_reuse_candidate_probe_ptx_f16x2_g48_s00_p05,full_after,5,2,2,140288.935246,140288.936631,140288.935938,0.00138520199107,1.00621445299,5289232376,true,false
softmax_1784951564598_softmax_full_f16io_f32acc_ptx_ex2_approx_f16x2_r5,softmax_oratc_targeted_g48s1024_confirm_v1_20260725_sess03_pos2_ptx_f16x2_g48_s1024_cache_reuse_candidate_probe_ptx_f16x2_g48_s00_p05,full_after,5,2,3,140289.436757,140289.438104,140289.43743,0.00134740199428,1.50770633901,5289352846,true,true
softmax_1784951564598_softmax_full_f16io_f32acc_ptx_ex2_approx_f16x2_r5,softmax_oratc_targeted_g48s1024_confirm_v1_20260725_sess03_pos2_ptx_f16x2_g48_s1024_cache_reuse_candidate_probe_ptx_f16x2_g48_s00_p05,full_after,5,2,4,140289.938233,140289.939626,140289.938929,0.0013925920066,2.00920542199,5289472878,true,true
softmax_1784951564598_softmax_full_f16io_f32acc_ptx_ex2_approx_f16x2_r5,softmax_oratc_targeted_g48s1024_confirm_v1_20260725_sess03_pos2_ptx_f16x2_g48_s1024_cache_reuse_candidate_probe_ptx_f16x2_g48_s00_p05,full_after,5,2,5,140290.439752,140290.441117,140290.440434,0.00136449298589,2.5107105895,5289592602,true,true
softmax_1784951564598_softmax_full_f16io_f32acc_ptx_ex2_approx_f16x2_r5,softmax_oratc_targeted_g48s1024_confirm_v1_20260725_sess03_pos2_ptx_f16x2_g48_s1024_cache_reuse_candidate_probe_ptx_f16x2_g48_s00_p05,full_after,5,2,6,140290.941241,140290.942771,140290.942006,0.00152969299234,3.01228222248,5289712106,true,true
softmax_1784951564598_softmax_full_f16io_f32acc_ptx_ex2_approx_f16x2_r5,softmax_oratc_targeted_g48s1024_confirm_v1_20260725_sess03_pos2_ptx_f16x2_g48_s1024_cache_reuse_candidate_probe_ptx_f16x2_g48_s00_p05,full_after,5,2,7,140291.442885,140291.444222,140291.443554,0.00133669300703,3.5138296595,5289831261,true,true
softmax_1784951564598_softmax_full_f16io_f32acc_ptx_ex2_approx_f16x2_r5,softmax_oratc_targeted_g48s1024_confirm_v1_20260725_sess03_pos2_ptx_f16x2_g48_s1024_cache_reuse_candidate_probe_ptx_f16x2_g48_s00_p05,full_after,5,2,8,140291.944347,140291.945677,140291.945012,0.00132989301346,4.0152879135,5289950141,true,true
softmax_1784951564598_softmax_full_f16io_f32acc_ptx_ex2_approx_f16x2_r5,softmax_oratc_targeted_g48s1024_confirm_v1_20260725_sess03_pos2_ptx_f16x2_g48_s1024_cache_reuse_candidate_probe_ptx_f16x2_g48_s00_p05,full_after,5,2,9,140292.445802,140292.44713,140292.446466,0.0013277020189,4.516742187,5290068548,true,true
softmax_1784951564598_softmax_full_f16io_f32acc_ptx_ex2_approx_f16x2_r5,softmax_oratc_targeted_g48s1024_confirm_v1_20260725_sess03_pos2_ptx_f16x2_g48_s1024_cache_reuse_candidate_probe_ptx_f16x2_g48_s00_p05,full_after,5,2,10,140292.947252,140292.948654,140292.947953,0.00140210101381,5.0182291565,5290186499,true,true
softmax_1784951564598_softmax_full_f16io_f32acc_ptx_ex2_approx_f16x2_r5,softmax_oratc_targeted_g48s1024_confirm_v1_20260725_sess03_pos2_ptx_f16x2_g48_s1024_cache_reuse_candidate_probe_ptx_f16x2_g48_s00_p05,full_after,5,2,11,140293.448779,140293.453331,140293.451055,0.0045520059939,5.521331483,5290303872,true,true
softmax_1784951564598_softmax_full_f16io_f32acc_ptx_ex2_approx_f16x2_r5,softmax_oratc_targeted_g48s1024_confirm_v1_20260725_sess03_pos2_ptx_f16x2_g48_s1024_cache_reuse_candidate_probe_ptx_f16x2_g48_s00_p05,full_after,5,2,12,140293.953488,140293.954881,140293.954184,0.00139380100882,6.0244605745,5290424845,true,true
softmax_1784951564598_softmax_full_f16io_f32acc_ptx_ex2_approx_f16x2_r5,softmax_oratc_targeted_g48s1024_confirm_v1_20260725_sess03_pos2_ptx_f16x2_g48_s1024_cache_reuse_candidate_probe_ptx_f16x2_g48_s00_p05,full_after,5,2,13,140294.454998,140294.4564,140294.455699,0.00140230200486,6.525975419,5290545511,true,true
softmax_1784951564598_softmax_full_f16io_f32acc_ptx_ex2_approx_f16x2_r5,softmax_oratc_targeted_g48s1024_confirm_v1_20260725_sess03_pos2_ptx_f16x2_g48_s1024_cache_reuse_candidate_probe_ptx_f16x2_g48_s00_p05,full_after,5,2,14,140294.956521,140294.957887,140294.957204,0.00136560198735,7.02747997802,5290666045,true,true
softmax_1784951564598_softmax_full_f16io_f32acc_ptx_ex2_approx_f16x2_r5,softmax_oratc_targeted_g48s1024_confirm_v1_20260725_sess03_pos2_ptx_f16x2_g48_s1024_cache_reuse_candidate_probe_ptx_f16x2_g48_s00_p05,full_after,5,2,15,140295.458002,140295.459494,140295.458748,0.00149130201316,7.52902424298,5290786232,true,true
softmax_1784951564598_softmax_full_f16io_f32acc_ptx_ex2_approx_f16x2_r5,softmax_oratc_targeted_g48s1024_confirm_v1_20260725_sess03_pos2_ptx_f16x2_g48_s1024_cache_reuse_candidate_probe_ptx_f16x2_g48_s00_p05,full_after,5,2,16,140295.959609,140295.961117,140295.960363,0.00150850298814,8.0306388725,5290906059,true,true
softmax_1784951564598_softmax_full_f16io_f32acc_ptx_ex2_approx_f16x2_r5,softmax_oratc_targeted_g48s1024_confirm_v1_20260725_sess03_pos2_ptx_f16x2_g48_s1024_cache_reuse_candidate_probe_ptx_f16x2_g48_s00_p05,full_after,5,2,17,140296.461241,140296.462624,140296.461932,0.00138340200647,8.53220845698,5291025403,true,true
softmax_1784951564598_softmax_full_f16io_f32acc_ptx_ex2_approx_f16x2_r5,softmax_oratc_targeted_g48s1024_confirm_v1_20260725_sess03_pos2_ptx_f16x2_g48_s1024_cache_reuse_candidate_probe_ptx_f16x2_g48_s00_p05,full_after,5,2,18,140296.962749,140296.964141,140296.963445,0.00139230198693,9.033721357,5291144208,true,true
softmax_1784951564598_softmax_full_f16io_f32acc_ptx_ex2_approx_f16x2_r5,softmax_oratc_targeted_g48s1024_confirm_v1_20260725_sess03_pos2_ptx_f16x2_g48_s1024_cache_reuse_candidate_probe_ptx_f16x2_g48_s00_p05,full_after,5,2,19,140297.464265,140297.465775,140297.46502,0.00151010300033,9.53529621148,5291262475,true,true
softmax_1784951564598_softmax_full_f16io_f32acc_ptx_ex2_approx_f16x2_r5,softmax_oratc_targeted_g48s1024_confirm_v1_20260725_sess03_pos2_ptx_f16x2_g48_s1024_cache_reuse_candidate_probe_ptx_f16x2_g48_s00_p05,full_after,5,2,20,140297.96589,140297.967283,140297.966587,0.0013923960214,10.036862734,5291380194,true,true
softmax_1784951564598_softmax_full_f16io_f32acc_ptx_ex2_approx_f16x2_r5,softmax_oratc_targeted_g48s1024_confirm_v1_20260725_sess03_pos2_ptx_f16x2_g48_s1024_cache_reuse_candidate_probe_ptx_f16x2_g48_s00_p05,full_after,5,2,21,140298.467398,140298.471691,140298.469544,0.0042930849886,10.5398205365,5291497396,true,true
softmax_1784951564598_softmax_full_f16io_f32acc_ptx_ex2_approx_f16x2_r5,softmax_oratc_targeted_g48s1024_confirm_v1_20260725_sess03_pos2_ptx_f16x2_g48_s1024_cache_reuse_candidate_probe_ptx_f16x2_g48_s00_p05,full_after,5,2,22,140298.971822,140298.973169,140298.972496,0.00134729599813,11.042771604,5291618512,true,true
softmax_1784951564598_softmax_full_f16io_f32acc_ptx_ex2_approx_f16x2_r5,softmax_oratc_targeted_g48s1024_confirm_v1_20260725_sess03_pos2_ptx_f16x2_g48_s1024_cache_reuse_candidate_probe_ptx_f16x2_g48_s00_p05,full_after,5,2,23,140299.473294,140299.474639,140299.473966,0.00134469597833,11.544242582,5291739379,true,false
softmax_1784951564598_softmax_full_f16io_f32acc_ptx_ex2_approx_f16x2_r5,softmax_oratc_targeted_g48s1024_confirm_v1_20260725_sess03_pos2_ptx_f16x2_g48_s1024_cache_reuse_candidate_probe_ptx_f16x2_g48_s00_p05,full_after,5,2,24,140299.974776,140299.976255,140299.975516,0.00147869501961,12.0457917745,5291859950,true,false
softmax_1784951564598_softmax_full_f16io_f32acc_ptx_ex2_approx_f16x2_r5,softmax_oratc_targeted_g48s1024_confirm_v1_20260725_sess03_pos2_ptx_f16x2_g48_s1024_cache_reuse_candidate_probe_ptx_f16x2_g48_s00_p05,full_after,5,2,25,140300.260696,140300.262077,140300.261387,0.0013811950048,12.3316627505,5291923232,true,false
