run_id,pair_id,role,repeat,sequence_index,sample_index,query_start_s,query_end_s,query_midpoint_s,query_latency_s,relative_to_kernel_start_s,energy_mJ,changed_from_previous,in_fit_window
softmax_1784951067547_softmax_full_f16io_f32acc_ptx_ex2_approx_f16_r0,softmax_oratc_targeted_g48s1024_confirm_v1_20260725_sess03_pos1_ptx_f16_g48_s1024_cache_reuse_candidate_probe_ptx_f16_g48_s00_p00,probe_before,0,0,0,139790.876605,139790.877939,139790.877272,0.00133420398924,-0.000679702003254,5171335289,false,false
softmax_1784951067547_softmax_full_f16io_f32acc_ptx_ex2_approx_f16_r0,softmax_oratc_targeted_g48s1024_confirm_v1_20260725_sess03_pos1_ptx_f16_g48_s1024_cache_reuse_candidate_probe_ptx_f16_g48_s00_p00,probe_before,0,0,1,139791.378967,139791.381582,139791.380274,0.00261510899873,0.50232236649,5171451912,true,false
softmax_1784951067547_softmax_full_f16io_f32acc_ptx_ex2_approx_f16_r0,softmax_oratc_targeted_g48s1024_confirm_v1_20260725_sess03_pos1_ptx_f16_g48_s1024_cache_reuse_candidate_probe_ptx_f16_g48_s00_p00,probe_before,0,0,2,139791.881747,139791.883167,139791.882457,0.00142010499258,1.00450493049,5171570774,true,false
softmax_1784951067547_softmax_full_f16io_f32acc_ptx_ex2_approx_f16_r0,softmax_oratc_targeted_g48s1024_confirm_v1_20260725_sess03_pos1_ptx_f16_g48_s1024_cache_reuse_candidate_probe_ptx_f16_g48_s00_p00,probe_before,0,0,3,139792.383295,139792.384721,139792.384008,0.0014260050084,1.50605614847,5171689089,true,true
softmax_1784951067547_softmax_full_f16io_f32acc_ptx_ex2_approx_f16_r0,softmax_oratc_targeted_g48s1024_confirm_v1_20260725_sess03_pos1_ptx_f16_g48_s1024_cache_reuse_candidate_probe_ptx_f16_g48_s00_p00,probe_before,0,0,4,139792.884859,139792.88863,139792.886744,0.00377171399305,2.008792618,5171806856,true,true
softmax_1784951067547_softmax_full_f16io_f32acc_ptx_ex2_approx_f16_r0,softmax_oratc_targeted_g48s1024_confirm_v1_20260725_sess03_pos1_ptx_f16_g48_s1024_cache_reuse_candidate_probe_ptx_f16_g48_s00_p00,probe_before,0,0,5,139793.388758,139793.39007,139793.389414,0.00131189500098,2.51146216449,5171928445,true,true
softmax_1784951067547_softmax_full_f16io_f32acc_ptx_ex2_approx_f16_r0,softmax_oratc_targeted_g48s1024_confirm_v1_20260725_sess03_pos1_ptx_f16_g48_s1024_cache_reuse_candidate_probe_ptx_f16_g48_s00_p00,probe_before,0,0,6,139793.890191,139793.891599,139793.890895,0.0014080949768,3.01294328048,5172049529,true,true
softmax_1784951067547_softmax_full_f16io_f32acc_ptx_ex2_approx_f16_r0,softmax_oratc_targeted_g48s1024_confirm_v1_20260725_sess03_pos1_ptx_f16_g48_s1024_cache_reuse_candidate_probe_ptx_f16_g48_s00_p00,probe_before,0,0,7,139794.391764,139794.393119,139794.392441,0.00135559600312,3.514489753,5172170224,true,true
softmax_1784951067547_softmax_full_f16io_f32acc_ptx_ex2_approx_f16_r0,softmax_oratc_targeted_g48s1024_confirm_v1_20260725_sess03_pos1_ptx_f16_g48_s1024_cache_reuse_candidate_probe_ptx_f16_g48_s00_p00,probe_before,0,0,8,139794.893241,139794.894654,139794.893948,0.00141269498272,4.0159959725,5172290670,true,true
softmax_1784951067547_softmax_full_f16io_f32acc_ptx_ex2_approx_f16_r0,softmax_oratc_targeted_g48s1024_confirm_v1_20260725_sess03_pos1_ptx_f16_g48_s1024_cache_reuse_candidate_probe_ptx_f16_g48_s00_p00,probe_before,0,0,9,139795.394777,139795.396238,139795.395508,0.00146079598926,4.517555798,5172411003,true,true
softmax_1784951067547_softmax_full_f16io_f32acc_ptx_ex2_approx_f16_r0,softmax_oratc_targeted_g48s1024_confirm_v1_20260725_sess03_pos1_ptx_f16_g48_s1024_cache_reuse_candidate_probe_ptx_f16_g48_s00_p00,probe_before,0,0,10,139795.89637,139795.897797,139795.897084,0.00142709500506,5.01913207051,5172531022,true,true
softmax_1784951067547_softmax_full_f16io_f32acc_ptx_ex2_approx_f16_r0,softmax_oratc_targeted_g48s1024_confirm_v1_20260725_sess03_pos1_ptx_f16_g48_s1024_cache_reuse_candidate_probe_ptx_f16_g48_s00_p00,probe_before,0,0,11,139796.39796,139796.39932,139796.39864,0.00135989498813,5.5206881995,5172650539,true,true
softmax_1784951067547_softmax_full_f16io_f32acc_ptx_ex2_approx_f16_r0,softmax_oratc_targeted_g48s1024_confirm_v1_20260725_sess03_pos1_ptx_f16_g48_s1024_cache_reuse_candidate_probe_ptx_f16_g48_s00_p00,probe_before,0,0,12,139796.899485,139796.900876,139796.900181,0.00139020502684,6.02222875951,5172769520,true,true
softmax_1784951067547_softmax_full_f16io_f32acc_ptx_ex2_approx_f16_r0,softmax_oratc_targeted_g48s1024_confirm_v1_20260725_sess03_pos1_ptx_f16_g48_s1024_cache_reuse_candidate_probe_ptx_f16_g48_s00_p00,probe_before,0,0,13,139797.400988,139797.402429,139797.401708,0.00144060500315,6.52375675351,5172887899,true,true
softmax_1784951067547_softmax_full_f16io_f32acc_ptx_ex2_approx_f16_r0,softmax_oratc_targeted_g48s1024_confirm_v1_20260725_sess03_pos1_ptx_f16_g48_s1024_cache_reuse_candidate_probe_ptx_f16_g48_s00_p00,probe_before,0,0,14,139797.902528,139797.906899,139797.904714,0.00437081599375,7.02676199799,5173005685,true,true
softmax_1784951067547_softmax_full_f16io_f32acc_ptx_ex2_approx_f16_r0,softmax_oratc_targeted_g48s1024_confirm_v1_20260725_sess03_pos1_ptx_f16_g48_s1024_cache_reuse_candidate_probe_ptx_f16_g48_s00_p00,probe_before,0,0,15,139798.407057,139798.408391,139798.407724,0.00133380500483,7.52977265048,5173127126,true,true
softmax_1784951067547_softmax_full_f16io_f32acc_ptx_ex2_approx_f16_r0,softmax_oratc_targeted_g48s1024_confirm_v1_20260725_sess03_pos1_ptx_f16_g48_s1024_cache_reuse_candidate_probe_ptx_f16_g48_s00_p00,probe_before,0,0,16,139798.908519,139798.909898,139798.909208,0.00137940500281,8.03125674251,5173248395,true,true
softmax_1784951067547_softmax_full_f16io_f32acc_ptx_ex2_approx_f16_r0,softmax_oratc_targeted_g48s1024_confirm_v1_20260725_sess03_pos1_ptx_f16_g48_s1024_cache_reuse_candidate_probe_ptx_f16_g48_s00_p00,probe_before,0,0,17,139799.410065,139799.411457,139799.410761,0.00139240600402,8.53280944299,5173369443,true,true
softmax_1784951067547_softmax_full_f16io_f32acc_ptx_ex2_approx_f16_r0,softmax_oratc_targeted_g48s1024_confirm_v1_20260725_sess03_pos1_ptx_f16_g48_s1024_cache_reuse_candidate_probe_ptx_f16_g48_s00_p00,probe_before,0,0,18,139799.911579,139799.913003,139799.912291,0.00142480499926,9.03433928851,5173490402,true,true
softmax_1784951067547_softmax_full_f16io_f32acc_ptx_ex2_approx_f16_r0,softmax_oratc_targeted_g48s1024_confirm_v1_20260725_sess03_pos1_ptx_f16_g48_s1024_cache_reuse_candidate_probe_ptx_f16_g48_s00_p00,probe_before,0,0,19,139800.413158,139800.41456,139800.413859,0.00140240500332,9.53590734149,5173610914,true,true
softmax_1784951067547_softmax_full_f16io_f32acc_ptx_ex2_approx_f16_r0,softmax_oratc_targeted_g48s1024_confirm_v1_20260725_sess03_pos1_ptx_f16_g48_s1024_cache_reuse_candidate_probe_ptx_f16_g48_s00_p00,probe_before,0,0,20,139800.9147,139800.916105,139800.915402,0.0014053049963,10.0374505895,5173730793,true,true
softmax_1784951067547_softmax_full_f16io_f32acc_ptx_ex2_approx_f16_r0,softmax_oratc_targeted_g48s1024_confirm_v1_20260725_sess03_pos1_ptx_f16_g48_s1024_cache_reuse_candidate_probe_ptx_f16_g48_s00_p00,probe_before,0,0,21,139801.416228,139801.417613,139801.416921,0.00138547999086,10.538968899,5173850074,true,true
softmax_1784951067547_softmax_full_f16io_f32acc_ptx_ex2_approx_f16_r0,softmax_oratc_targeted_g48s1024_confirm_v1_20260725_sess03_pos1_ptx_f16_g48_s1024_cache_reuse_candidate_probe_ptx_f16_g48_s00_p00,probe_before,0,0,22,139801.917745,139801.919089,139801.918417,0.00134347999119,11.04046516,5173968823,true,true
softmax_1784951067547_softmax_full_f16io_f32acc_ptx_ex2_approx_f16_r0,softmax_oratc_targeted_g48s1024_confirm_v1_20260725_sess03_pos1_ptx_f16_g48_s1024_cache_reuse_candidate_probe_ptx_f16_g48_s00_p00,probe_before,0,0,23,139802.419205,139802.420623,139802.419914,0.00141787901521,11.5419621295,5174087197,true,false
softmax_1784951067547_softmax_full_f16io_f32acc_ptx_ex2_approx_f16_r0,softmax_oratc_targeted_g48s1024_confirm_v1_20260725_sess03_pos1_ptx_f16_g48_s1024_cache_reuse_candidate_probe_ptx_f16_g48_s00_p00,probe_before,0,0,24,139802.92074,139802.925291,139802.923015,0.00455083500128,12.0450634195,5174205304,true,false
softmax_1784951067547_softmax_full_f16io_f32acc_ptx_ex2_approx_f16_r0,softmax_oratc_targeted_g48s1024_confirm_v1_20260725_sess03_pos1_ptx_f16_g48_s1024_cache_reuse_candidate_probe_ptx_f16_g48_s00_p00,probe_before,0,0,25,139803.269411,139803.270858,139803.270134,0.00144720400567,12.392182706,5174289949,true,false
softmax_1784951079949_softmax_full_f16io_f32acc_ptx_ex2_approx_f16_r0,softmax_oratc_targeted_g48s1024_confirm_v1_20260725_sess03_pos1_ptx_f16_g48_s1024_cache_reuse_candidate_probe_ptx_f16_g48_s00_p00,full,0,1,0,139803.279077,139803.280337,139803.279707,0.00126010298845,-0.000655951473163,5174289949,false,false
softmax_1784951079949_softmax_full_f16io_f32acc_ptx_ex2_approx_f16_r0,softmax_oratc_targeted_g48s1024_confirm_v1_20260725_sess03_pos1_ptx_f16_g48_s1024_cache_reuse_candidate_probe_ptx_f16_g48_s00_p00,full,0,1,1,139803.780686,139803.785354,139803.78302,0.00466871200479,0.502657228993,5174405973,true,false
softmax_1784951079949_softmax_full_f16io_f32acc_ptx_ex2_approx_f16_r0,softmax_oratc_targeted_g48s1024_confirm_v1_20260725_sess03_pos1_ptx_f16_g48_s1024_cache_reuse_candidate_probe_ptx_f16_g48_s00_p00,full,0,1,2,139804.285513,139804.286863,139804.286188,0.00135020402377,1.00582516499,5174528567,true,false
softmax_1784951079949_softmax_full_f16io_f32acc_ptx_ex2_approx_f16_r0,softmax_oratc_targeted_g48s1024_confirm_v1_20260725_sess03_pos1_ptx_f16_g48_s1024_cache_reuse_candidate_probe_ptx_f16_g48_s00_p00,full,0,1,3,139804.786988,139804.788376,139804.787682,0.00138840300497,1.50731959351,5174650559,true,true
softmax_1784951079949_softmax_full_f16io_f32acc_ptx_ex2_approx_f16_r0,softmax_oratc_targeted_g48s1024_confirm_v1_20260725_sess03_pos1_ptx_f16_g48_s1024_cache_reuse_candidate_probe_ptx_f16_g48_s00_p00,full,0,1,4,139805.288538,139805.2899,139805.289219,0.00136230399949,2.00885657701,5174771980,true,true
softmax_1784951079949_softmax_full_f16io_f32acc_ptx_ex2_approx_f16_r0,softmax_oratc_targeted_g48s1024_confirm_v1_20260725_sess03_pos1_ptx_f16_g48_s1024_cache_reuse_candidate_probe_ptx_f16_g48_s00_p00,full,0,1,5,139805.790061,139805.79147,139805.790765,0.00140870400355,2.51040265799,5174892897,true,true
softmax_1784951079949_softmax_full_f16io_f32acc_ptx_ex2_approx_f16_r0,softmax_oratc_targeted_g48s1024_confirm_v1_20260725_sess03_pos1_ptx_f16_g48_s1024_cache_reuse_candidate_probe_ptx_f16_g48_s00_p00,full,0,1,6,139806.291586,139806.29315,139806.292368,0.00156360497931,3.0120055945,5175013157,true,true
softmax_1784951079949_softmax_full_f16io_f32acc_ptx_ex2_approx_f16_r0,softmax_oratc_targeted_g48s1024_confirm_v1_20260725_sess03_pos1_ptx_f16_g48_s1024_cache_reuse_candidate_probe_ptx_f16_g48_s00_p00,full,0,1,7,139806.793305,139806.794716,139806.79401,0.00141070401878,3.51364747799,5175133092,true,true
softmax_1784951079949_softmax_full_f16io_f32acc_ptx_ex2_approx_f16_r0,softmax_oratc_targeted_g48s1024_confirm_v1_20260725_sess03_pos1_ptx_f16_g48_s1024_cache_reuse_candidate_probe_ptx_f16_g48_s00_p00,full,0,1,8,139807.294898,139807.296383,139807.29564,0.00148480400094,4.01527766601,5175252758,true,true
softmax_1784951079949_softmax_full_f16io_f32acc_ptx_ex2_approx_f16_r0,softmax_oratc_targeted_g48s1024_confirm_v1_20260725_sess03_pos1_ptx_f16_g48_s1024_cache_reuse_candidate_probe_ptx_f16_g48_s00_p00,full,0,1,9,139807.796509,139807.79794,139807.797224,0.0014309050166,4.5168616015,5175372182,true,true
softmax_1784951079949_softmax_full_f16io_f32acc_ptx_ex2_approx_f16_r0,softmax_oratc_targeted_g48s1024_confirm_v1_20260725_sess03_pos1_ptx_f16_g48_s1024_cache_reuse_candidate_probe_ptx_f16_g48_s00_p00,full,0,1,10,139808.29807,139808.299767,139808.298918,0.0016974049795,5.01855554149,5175491419,true,true
softmax_1784951079949_softmax_full_f16io_f32acc_ptx_ex2_approx_f16_r0,softmax_oratc_targeted_g48s1024_confirm_v1_20260725_sess03_pos1_ptx_f16_g48_s1024_cache_reuse_candidate_probe_ptx_f16_g48_s00_p00,full,0,1,11,139808.799927,139808.80358,139808.801753,0.00365331201465,5.52139073299,5175610163,true,true
softmax_1784951079949_softmax_full_f16io_f32acc_ptx_ex2_approx_f16_r0,softmax_oratc_targeted_g48s1024_confirm_v1_20260725_sess03_pos1_ptx_f16_g48_s1024_cache_reuse_candidate_probe_ptx_f16_g48_s00_p00,full,0,1,12,139809.303744,139809.305096,139809.30442,0.00135259900708,6.0240572285,5175732725,true,true
softmax_1784951079949_softmax_full_f16io_f32acc_ptx_ex2_approx_f16_r0,softmax_oratc_targeted_g48s1024_confirm_v1_20260725_sess03_pos1_ptx_f16_g48_s1024_cache_reuse_candidate_probe_ptx_f16_g48_s00_p00,full,0,1,13,139809.805227,139809.80663,139809.805928,0.00140319898492,6.5255654715,5175854676,true,true
softmax_1784951079949_softmax_full_f16io_f32acc_ptx_ex2_approx_f16_r0,softmax_oratc_targeted_g48s1024_confirm_v1_20260725_sess03_pos1_ptx_f16_g48_s1024_cache_reuse_candidate_probe_ptx_f16_g48_s00_p00,full,0,1,14,139810.306793,139810.30827,139810.307532,0.00147669899161,7.02716886849,5175975906,true,true
softmax_1784951079949_softmax_full_f16io_f32acc_ptx_ex2_approx_f16_r0,softmax_oratc_targeted_g48s1024_confirm_v1_20260725_sess03_pos1_ptx_f16_g48_s1024_cache_reuse_candidate_probe_ptx_f16_g48_s00_p00,full,0,1,15,139810.808387,139810.809786,139810.809086,0.00139979901724,7.52872381351,5176096996,true,true
softmax_1784951079949_softmax_full_f16io_f32acc_ptx_ex2_approx_f16_r0,softmax_oratc_targeted_g48s1024_confirm_v1_20260725_sess03_pos1_ptx_f16_g48_s1024_cache_reuse_candidate_probe_ptx_f16_g48_s00_p00,full,0,1,16,139811.309941,139811.311301,139811.310621,0.00136009900598,8.0302585625,5176217709,true,true
softmax_1784951079949_softmax_full_f16io_f32acc_ptx_ex2_approx_f16_r0,softmax_oratc_targeted_g48s1024_confirm_v1_20260725_sess03_pos1_ptx_f16_g48_s1024_cache_reuse_candidate_probe_ptx_f16_g48_s00_p00,full,0,1,17,139811.811422,139811.812799,139811.81211,0.00137719899067,8.53174765952,5176338147,true,true
softmax_1784951079949_softmax_full_f16io_f32acc_ptx_ex2_approx_f16_r0,softmax_oratc_targeted_g48s1024_confirm_v1_20260725_sess03_pos1_ptx_f16_g48_s1024_cache_reuse_candidate_probe_ptx_f16_g48_s00_p00,full,0,1,18,139812.312969,139812.314295,139812.313632,0.00132549900445,9.03326925848,5176458417,true,true
softmax_1784951079949_softmax_full_f16io_f32acc_ptx_ex2_approx_f16_r0,softmax_oratc_targeted_g48s1024_confirm_v1_20260725_sess03_pos1_ptx_f16_g48_s1024_cache_reuse_candidate_probe_ptx_f16_g48_s00_p00,full,0,1,19,139812.814459,139812.815858,139812.815159,0.00139919901267,9.5347959075,5176578252,true,true
softmax_1784951079949_softmax_full_f16io_f32acc_ptx_ex2_approx_f16_r0,softmax_oratc_targeted_g48s1024_confirm_v1_20260725_sess03_pos1_ptx_f16_g48_s1024_cache_reuse_candidate_probe_ptx_f16_g48_s00_p00,full,0,1,20,139813.316033,139813.317421,139813.316727,0.00138799898559,10.0363644085,5176697514,true,true
softmax_1784951079949_softmax_full_f16io_f32acc_ptx_ex2_approx_f16_r0,softmax_oratc_targeted_g48s1024_confirm_v1_20260725_sess03_pos1_ptx_f16_g48_s1024_cache_reuse_candidate_probe_ptx_f16_g48_s00_p00,full,0,1,21,139813.817557,139813.821972,139813.819765,0.00441469799262,10.539402008,5176816227,true,true
softmax_1784951079949_softmax_full_f16io_f32acc_ptx_ex2_approx_f16_r0,softmax_oratc_targeted_g48s1024_confirm_v1_20260725_sess03_pos1_ptx_f16_g48_s1024_cache_reuse_candidate_probe_ptx_f16_g48_s00_p00,full,0,1,22,139814.3221,139814.323512,139814.322806,0.00141230400186,11.042443566,5176938373,true,true
softmax_1784951079949_softmax_full_f16io_f32acc_ptx_ex2_approx_f16_r0,softmax_oratc_targeted_g48s1024_confirm_v1_20260725_sess03_pos1_ptx_f16_g48_s1024_cache_reuse_candidate_probe_ptx_f16_g48_s00_p00,full,0,1,23,139814.823688,139814.825155,139814.824421,0.0014666049974,11.5440587815,5177059992,true,false
softmax_1784951079949_softmax_full_f16io_f32acc_ptx_ex2_approx_f16_r0,softmax_oratc_targeted_g48s1024_confirm_v1_20260725_sess03_pos1_ptx_f16_g48_s1024_cache_reuse_candidate_probe_ptx_f16_g48_s00_p00,full,0,1,24,139815.325292,139815.326696,139815.325994,0.00140360501246,12.0456314475,5177181454,true,false
softmax_1784951079949_softmax_full_f16io_f32acc_ptx_ex2_approx_f16_r0,softmax_oratc_targeted_g48s1024_confirm_v1_20260725_sess03_pos1_ptx_f16_g48_s1024_cache_reuse_candidate_probe_ptx_f16_g48_s00_p00,full,0,1,25,139815.697956,139815.701473,139815.699715,0.0035170110059,12.4193522515,5177266183,true,false
softmax_1784951092379_softmax_full_f16io_f32acc_ptx_ex2_approx_f16_r0,softmax_oratc_targeted_g48s1024_confirm_v1_20260725_sess03_pos1_ptx_f16_g48_s1024_cache_reuse_candidate_probe_ptx_f16_g48_s00_p00,probe_after,0,2,0,139815.709127,139815.710323,139815.709725,0.001195904013,-0.000603752007009,5177266183,false,false
softmax_1784951092379_softmax_full_f16io_f32acc_ptx_ex2_approx_f16_r0,softmax_oratc_targeted_g48s1024_confirm_v1_20260725_sess03_pos1_ptx_f16_g48_s1024_cache_reuse_candidate_probe_ptx_f16_g48_s00_p00,probe_after,0,2,1,139816.210618,139816.21203,139816.211324,0.00141210400034,0.500995164999,5177379973,true,false
softmax_1784951092379_softmax_full_f16io_f32acc_ptx_ex2_approx_f16_r0,softmax_oratc_targeted_g48s1024_confirm_v1_20260725_sess03_pos1_ptx_f16_g48_s1024_cache_reuse_candidate_probe_ptx_f16_g48_s00_p00,probe_after,0,2,2,139816.712169,139816.713534,139816.712851,0.0013652050111,1.00252247052,5177499449,true,false
softmax_1784951092379_softmax_full_f16io_f32acc_ptx_ex2_approx_f16_r0,softmax_oratc_targeted_g48s1024_confirm_v1_20260725_sess03_pos1_ptx_f16_g48_s1024_cache_reuse_candidate_probe_ptx_f16_g48_s00_p00,probe_after,0,2,3,139817.213659,139817.215048,139817.214353,0.00138869698276,1.50402429551,5177618366,true,true
softmax_1784951092379_softmax_full_f16io_f32acc_ptx_ex2_approx_f16_r0,softmax_oratc_targeted_g48s1024_confirm_v1_20260725_sess03_pos1_ptx_f16_g48_s1024_cache_reuse_candidate_probe_ptx_f16_g48_s00_p00,probe_after,0,2,4,139817.715137,139817.716531,139817.715834,0.00139479601057,2.005505009,5177736714,true,true
softmax_1784951092379_softmax_full_f16io_f32acc_ptx_ex2_approx_f16_r0,softmax_oratc_targeted_g48s1024_confirm_v1_20260725_sess03_pos1_ptx_f16_g48_s1024_cache_reuse_candidate_probe_ptx_f16_g48_s00_p00,probe_after,0,2,5,139818.216663,139818.220583,139818.218623,0.00392039000872,2.50829398198,5177854492,true,true
softmax_1784951092379_softmax_full_f16io_f32acc_ptx_ex2_approx_f16_r0,softmax_oratc_targeted_g48s1024_confirm_v1_20260725_sess03_pos1_ptx_f16_g48_s1024_cache_reuse_candidate_probe_ptx_f16_g48_s00_p00,probe_after,0,2,6,139818.720734,139818.722128,139818.721431,0.00139409699477,3.0111022435,5177976126,true,true
softmax_1784951092379_softmax_full_f16io_f32acc_ptx_ex2_approx_f16_r0,softmax_oratc_targeted_g48s1024_confirm_v1_20260725_sess03_pos1_ptx_f16_g48_s1024_cache_reuse_candidate_probe_ptx_f16_g48_s00_p00,probe_after,0,2,7,139819.222253,139819.223603,139819.222928,0.00135019602021,3.51259942001,5178097521,true,true
softmax_1784951092379_softmax_full_f16io_f32acc_ptx_ex2_approx_f16_r0,softmax_oratc_targeted_g48s1024_confirm_v1_20260725_sess03_pos1_ptx_f16_g48_s1024_cache_reuse_candidate_probe_ptx_f16_g48_s00_p00,probe_after,0,2,8,139819.72376,139819.72512,139819.72444,0.00135969699477,4.01411083553,5178218807,true,true
softmax_1784951092379_softmax_full_f16io_f32acc_ptx_ex2_approx_f16_r0,softmax_oratc_targeted_g48s1024_confirm_v1_20260725_sess03_pos1_ptx_f16_g48_s1024_cache_reuse_candidate_probe_ptx_f16_g48_s00_p00,probe_after,0,2,9,139820.225259,139820.226615,139820.225937,0.00135559600312,4.515607963,5178339901,true,true
softmax_1784951092379_softmax_full_f16io_f32acc_ptx_ex2_approx_f16_r0,softmax_oratc_targeted_g48s1024_confirm_v1_20260725_sess03_pos1_ptx_f16_g48_s1024_cache_reuse_candidate_probe_ptx_f16_g48_s00_p00,probe_after,0,2,10,139820.726782,139820.728344,139820.727563,0.00156189699192,5.01723412951,5178460744,true,true
softmax_1784951092379_softmax_full_f16io_f32acc_ptx_ex2_approx_f16_r0,softmax_oratc_targeted_g48s1024_confirm_v1_20260725_sess03_pos1_ptx_f16_g48_s1024_cache_reuse_candidate_probe_ptx_f16_g48_s00_p00,probe_after,0,2,11,139821.228508,139821.230164,139821.229336,0.00165569700766,5.51900685651,5178580913,true,true
softmax_1784951092379_softmax_full_f16io_f32acc_ptx_ex2_approx_f16_r0,softmax_oratc_targeted_g48s1024_confirm_v1_20260725_sess03_pos1_ptx_f16_g48_s1024_cache_reuse_candidate_probe_ptx_f16_g48_s00_p00,probe_after,0,2,12,139821.730285,139821.73169,139821.730987,0.0014047040022,6.02065837799,5178700427,true,true
softmax_1784951092379_softmax_full_f16io_f32acc_ptx_ex2_approx_f16_r0,softmax_oratc_targeted_g48s1024_confirm_v1_20260725_sess03_pos1_ptx_f16_g48_s1024_cache_reuse_candidate_probe_ptx_f16_g48_s00_p00,probe_after,0,2,13,139822.231816,139822.23329,139822.232553,0.00147410400677,6.522224135,5178843908,true,true
softmax_1784951092379_softmax_full_f16io_f32acc_ptx_ex2_approx_f16_r0,softmax_oratc_targeted_g48s1024_confirm_v1_20260725_sess03_pos1_ptx_f16_g48_s1024_cache_reuse_candidate_probe_ptx_f16_g48_s00_p00,probe_after,0,2,14,139822.733458,139822.734736,139822.734097,0.00127810399863,7.023767832,5178966533,true,true
softmax_1784951092379_softmax_full_f16io_f32acc_ptx_ex2_approx_f16_r0,softmax_oratc_targeted_g48s1024_confirm_v1_20260725_sess03_pos1_ptx_f16_g48_s1024_cache_reuse_candidate_probe_ptx_f16_g48_s00_p00,probe_after,0,2,15,139823.234867,139823.239198,139823.237033,0.00433081400115,7.52670369399,5179089022,true,true
softmax_1784951092379_softmax_full_f16io_f32acc_ptx_ex2_approx_f16_r0,softmax_oratc_targeted_g48s1024_confirm_v1_20260725_sess03_pos1_ptx_f16_g48_s1024_cache_reuse_candidate_probe_ptx_f16_g48_s00_p00,probe_after,0,2,16,139823.739361,139823.740758,139823.740059,0.0013978050265,8.02973044649,5179211117,true,true
softmax_1784951092379_softmax_full_f16io_f32acc_ptx_ex2_approx_f16_r0,softmax_oratc_targeted_g48s1024_confirm_v1_20260725_sess03_pos1_ptx_f16_g48_s1024_cache_reuse_candidate_probe_ptx_f16_g48_s00_p00,probe_after,0,2,17,139824.240882,139824.24242,139824.241651,0.00153760600369,8.53132230401,5179332965,true,true
softmax_1784951092379_softmax_full_f16io_f32acc_ptx_ex2_approx_f16_r0,softmax_oratc_targeted_g48s1024_confirm_v1_20260725_sess03_pos1_ptx_f16_g48_s1024_cache_reuse_candidate_probe_ptx_f16_g48_s00_p00,probe_after,0,2,18,139824.742549,139824.743911,139824.74323,0.00136230501812,9.0329010525,5179454567,true,true
softmax_1784951092379_softmax_full_f16io_f32acc_ptx_ex2_approx_f16_r0,softmax_oratc_targeted_g48s1024_confirm_v1_20260725_sess03_pos1_ptx_f16_g48_s1024_cache_reuse_candidate_probe_ptx_f16_g48_s00_p00,probe_after,0,2,19,139825.244072,139825.24537,139825.244721,0.00129809300415,9.5343923475,5179575665,true,true
softmax_1784951092379_softmax_full_f16io_f32acc_ptx_ex2_approx_f16_r0,softmax_oratc_targeted_g48s1024_confirm_v1_20260725_sess03_pos1_ptx_f16_g48_s1024_cache_reuse_candidate_probe_ptx_f16_g48_s00_p00,probe_after,0,2,20,139825.74554,139825.746945,139825.746243,0.001405093004,10.0359137455,5179696271,true,true
softmax_1784951092379_softmax_full_f16io_f32acc_ptx_ex2_approx_f16_r0,softmax_oratc_targeted_g48s1024_confirm_v1_20260725_sess03_pos1_ptx_f16_g48_s1024_cache_reuse_candidate_probe_ptx_f16_g48_s00_p00,probe_after,0,2,21,139826.247072,139826.2485,139826.247786,0.00142809300451,10.5374572535,5179816186,true,true
softmax_1784951092379_softmax_full_f16io_f32acc_ptx_ex2_approx_f16_r0,softmax_oratc_targeted_g48s1024_confirm_v1_20260725_sess03_pos1_ptx_f16_g48_s1024_cache_reuse_candidate_probe_ptx_f16_g48_s00_p00,probe_after,0,2,22,139826.748721,139826.750107,139826.749414,0.00138579300256,11.0390847515,5179935505,true,true
softmax_1784951092379_softmax_full_f16io_f32acc_ptx_ex2_approx_f16_r0,softmax_oratc_targeted_g48s1024_confirm_v1_20260725_sess03_pos1_ptx_f16_g48_s1024_cache_reuse_candidate_probe_ptx_f16_g48_s00_p00,probe_after,0,2,23,139827.250268,139827.251654,139827.250961,0.00138589297421,11.5406319595,5180054510,true,false
softmax_1784951092379_softmax_full_f16io_f32acc_ptx_ex2_approx_f16_r0,softmax_oratc_targeted_g48s1024_confirm_v1_20260725_sess03_pos1_ptx_f16_g48_s1024_cache_reuse_candidate_probe_ptx_f16_g48_s00_p00,probe_after,0,2,24,139827.751781,139827.753163,139827.752472,0.00138239300577,12.0421431085,5180173076,true,false
softmax_1784951092379_softmax_full_f16io_f32acc_ptx_ex2_approx_f16_r0,softmax_oratc_targeted_g48s1024_confirm_v1_20260725_sess03_pos1_ptx_f16_g48_s1024_cache_reuse_candidate_probe_ptx_f16_g48_s00_p00,probe_after,0,2,25,139828.104908,139828.106301,139828.105604,0.00139319399022,12.395275353,5180232279,true,false
softmax_1784951104787_softmax_full_f16io_f32acc_ptx_ex2_approx_f16_r1,softmax_oratc_targeted_g48s1024_confirm_v1_20260725_sess03_pos1_ptx_f16_g48_s1024_cache_reuse_candidate_probe_ptx_f16_g48_s00_p01,full_before,1,0,0,139828.114378,139828.117993,139828.116185,0.00361478200648,-0.00181409099605,5180232279,false,false
softmax_1784951104787_softmax_full_f16io_f32acc_ptx_ex2_approx_f16_r1,softmax_oratc_targeted_g48s1024_confirm_v1_20260725_sess03_pos1_ptx_f16_g48_s1024_cache_reuse_candidate_probe_ptx_f16_g48_s00_p01,full_before,1,0,1,139828.618253,139828.619654,139828.618954,0.00140140400617,0.500954427989,5180344533,true,false
softmax_1784951104787_softmax_full_f16io_f32acc_ptx_ex2_approx_f16_r1,softmax_oratc_targeted_g48s1024_confirm_v1_20260725_sess03_pos1_ptx_f16_g48_s1024_cache_reuse_candidate_probe_ptx_f16_g48_s00_p01,full_before,1,0,2,139829.119813,139829.121216,139829.120515,0.00140250401455,1.00251547003,5180466693,true,false
softmax_1784951104787_softmax_full_f16io_f32acc_ptx_ex2_approx_f16_r1,softmax_oratc_targeted_g48s1024_confirm_v1_20260725_sess03_pos1_ptx_f16_g48_s1024_cache_reuse_candidate_probe_ptx_f16_g48_s00_p01,full_before,1,0,3,139829.621343,139829.62273,139829.622037,0.00138750500628,1.50403739052,5180588444,true,true
softmax_1784951104787_softmax_full_f16io_f32acc_ptx_ex2_approx_f16_r1,softmax_oratc_targeted_g48s1024_confirm_v1_20260725_sess03_pos1_ptx_f16_g48_s1024_cache_reuse_candidate_probe_ptx_f16_g48_s00_p01,full_before,1,0,4,139830.122852,139830.124179,139830.123516,0.00132660401869,2.00551638199,5180709552,true,true
softmax_1784951104787_softmax_full_f16io_f32acc_ptx_ex2_approx_f16_r1,softmax_oratc_targeted_g48s1024_confirm_v1_20260725_sess03_pos1_ptx_f16_g48_s1024_cache_reuse_candidate_probe_ptx_f16_g48_s00_p01,full_before,1,0,5,139830.624304,139830.625641,139830.624973,0.00133660397842,2.50697335199,5180830175,true,true
softmax_1784951104787_softmax_full_f16io_f32acc_ptx_ex2_approx_f16_r1,softmax_oratc_targeted_g48s1024_confirm_v1_20260725_sess03_pos1_ptx_f16_g48_s1024_cache_reuse_candidate_probe_ptx_f16_g48_s00_p01,full_before,1,0,6,139831.125764,139831.127396,139831.12658,0.00163200599491,3.00858074403,5180950237,true,true
softmax_1784951104787_softmax_full_f16io_f32acc_ptx_ex2_approx_f16_r1,softmax_oratc_targeted_g48s1024_confirm_v1_20260725_sess03_pos1_ptx_f16_g48_s1024_cache_reuse_candidate_probe_ptx_f16_g48_s00_p01,full_before,1,0,7,139831.627526,139831.628921,139831.628224,0.00139470500289,3.51022431452,5181070078,true,true
softmax_1784951104787_softmax_full_f16io_f32acc_ptx_ex2_approx_f16_r1,softmax_oratc_targeted_g48s1024_confirm_v1_20260725_sess03_pos1_ptx_f16_g48_s1024_cache_reuse_candidate_probe_ptx_f16_g48_s00_p01,full_before,1,0,8,139832.129038,139832.130428,139832.129733,0.00138970499393,4.0117339555,5181214577,true,true
softmax_1784951104787_softmax_full_f16io_f32acc_ptx_ex2_approx_f16_r1,softmax_oratc_targeted_g48s1024_confirm_v1_20260725_sess03_pos1_ptx_f16_g48_s1024_cache_reuse_candidate_probe_ptx_f16_g48_s00_p01,full_before,1,0,9,139832.630554,139832.631906,139832.63123,0.00135250500171,4.51323052551,5181338534,true,true
softmax_1784951104787_softmax_full_f16io_f32acc_ptx_ex2_approx_f16_r1,softmax_oratc_targeted_g48s1024_confirm_v1_20260725_sess03_pos1_ptx_f16_g48_s1024_cache_reuse_candidate_probe_ptx_f16_g48_s00_p01,full_before,1,0,10,139833.132023,139833.136602,139833.134312,0.00457931600977,5.01631312101,5181462050,true,true
softmax_1784951104787_softmax_full_f16io_f32acc_ptx_ex2_approx_f16_r1,softmax_oratc_targeted_g48s1024_confirm_v1_20260725_sess03_pos1_ptx_f16_g48_s1024_cache_reuse_candidate_probe_ptx_f16_g48_s00_p01,full_before,1,0,11,139833.636719,139833.638127,139833.637423,0.00140839500818,5.5194237135,5181584705,true,true
softmax_1784951104787_softmax_full_f16io_f32acc_ptx_ex2_approx_f16_r1,softmax_oratc_targeted_g48s1024_confirm_v1_20260725_sess03_pos1_ptx_f16_g48_s1024_cache_reuse_candidate_probe_ptx_f16_g48_s00_p01,full_before,1,0,12,139834.138282,139834.13978,139834.139031,0.0014982940047,6.02103158701,5181706815,true,true
softmax_1784951104787_softmax_full_f16io_f32acc_ptx_ex2_approx_f16_r1,softmax_oratc_targeted_g48s1024_confirm_v1_20260725_sess03_pos1_ptx_f16_g48_s1024_cache_reuse_candidate_probe_ptx_f16_g48_s00_p01,full_before,1,0,13,139834.6399,139834.6413,139834.6406,0.00139969401062,6.52260064101,5181828391,true,true
softmax_1784951104787_softmax_full_f16io_f32acc_ptx_ex2_approx_f16_r1,softmax_oratc_targeted_g48s1024_confirm_v1_20260725_sess03_pos1_ptx_f16_g48_s1024_cache_reuse_candidate_probe_ptx_f16_g48_s00_p01,full_before,1,0,14,139835.141453,139835.142829,139835.142141,0.00137629499659,7.0241419145,5181949361,true,true
softmax_1784951104787_softmax_full_f16io_f32acc_ptx_ex2_approx_f16_r1,softmax_oratc_targeted_g48s1024_confirm_v1_20260725_sess03_pos1_ptx_f16_g48_s1024_cache_reuse_candidate_probe_ptx_f16_g48_s00_p01,full_before,1,0,15,139835.642963,139835.64445,139835.643707,0.00148649400217,7.52570741798,5182070126,true,true
softmax_1784951104787_softmax_full_f16io_f32acc_ptx_ex2_approx_f16_r1,softmax_oratc_targeted_g48s1024_confirm_v1_20260725_sess03_pos1_ptx_f16_g48_s1024_cache_reuse_candidate_probe_ptx_f16_g48_s00_p01,full_before,1,0,16,139836.144567,139836.145945,139836.145256,0.00137749398709,8.02725684003,5182190679,true,true
softmax_1784951104787_softmax_full_f16io_f32acc_ptx_ex2_approx_f16_r1,softmax_oratc_targeted_g48s1024_confirm_v1_20260725_sess03_pos1_ptx_f16_g48_s1024_cache_reuse_candidate_probe_ptx_f16_g48_s00_p01,full_before,1,0,17,139836.64607,139836.647446,139836.646758,0.00137599397567,8.52875904302,5182311066,true,true
softmax_1784951104787_softmax_full_f16io_f32acc_ptx_ex2_approx_f16_r1,softmax_oratc_targeted_g48s1024_confirm_v1_20260725_sess03_pos1_ptx_f16_g48_s1024_cache_reuse_candidate_probe_ptx_f16_g48_s00_p01,full_before,1,0,18,139837.147565,139837.148958,139837.148261,0.00139300400042,9.03026189998,5182431109,true,true
softmax_1784951104787_softmax_full_f16io_f32acc_ptx_ex2_approx_f16_r1,softmax_oratc_targeted_g48s1024_confirm_v1_20260725_sess03_pos1_ptx_f16_g48_s1024_cache_reuse_candidate_probe_ptx_f16_g48_s00_p01,full_before,1,0,19,139837.649073,139837.650453,139837.649763,0.0013801039895,9.53176377001,5182550604,true,true
softmax_1784951104787_softmax_full_f16io_f32acc_ptx_ex2_approx_f16_r1,softmax_oratc_targeted_g48s1024_confirm_v1_20260725_sess03_pos1_ptx_f16_g48_s1024_cache_reuse_candidate_probe_ptx_f16_g48_s00_p01,full_before,1,0,20,139838.150619,139838.154377,139838.152498,0.00375811199774,10.034498413,5182669478,true,true
softmax_1784951104787_softmax_full_f16io_f32acc_ptx_ex2_approx_f16_r1,softmax_oratc_targeted_g48s1024_confirm_v1_20260725_sess03_pos1_ptx_f16_g48_s1024_cache_reuse_candidate_probe_ptx_f16_g48_s00_p01,full_before,1,0,21,139838.654496,139838.655872,139838.655184,0.00137550500222,10.5371845865,5182791932,true,true
softmax_1784951104787_softmax_full_f16io_f32acc_ptx_ex2_approx_f16_r1,softmax_oratc_targeted_g48s1024_confirm_v1_20260725_sess03_pos1_ptx_f16_g48_s1024_cache_reuse_candidate_probe_ptx_f16_g48_s00_p01,full_before,1,0,22,139839.156063,139839.15748,139839.156772,0.00141660502413,11.0387724245,5182913827,true,true
softmax_1784951104787_softmax_full_f16io_f32acc_ptx_ex2_approx_f16_r1,softmax_oratc_targeted_g48s1024_confirm_v1_20260725_sess03_pos1_ptx_f16_g48_s1024_cache_reuse_candidate_probe_ptx_f16_g48_s00_p01,full_before,1,0,23,139839.657594,139839.658946,139839.65827,0.00135220499942,11.5402710435,5183035495,true,false
softmax_1784951104787_softmax_full_f16io_f32acc_ptx_ex2_approx_f16_r1,softmax_oratc_targeted_g48s1024_confirm_v1_20260725_sess03_pos1_ptx_f16_g48_s1024_cache_reuse_candidate_probe_ptx_f16_g48_s00_p01,full_before,1,0,24,139840.159104,139840.1605,139840.159802,0.00139580399264,12.04180288,5183156830,true,false
softmax_1784951104787_softmax_full_f16io_f32acc_ptx_ex2_approx_f16_r1,softmax_oratc_targeted_g48s1024_confirm_v1_20260725_sess03_pos1_ptx_f16_g48_s1024_cache_reuse_candidate_probe_ptx_f16_g48_s00_p01,full_before,1,0,25,139840.522918,139840.52454,139840.523729,0.00162130501121,12.4057297355,5183219520,true,false
softmax_1784951117206_softmax_full_f16io_f32acc_ptx_ex2_approx_f16_r1,softmax_oratc_targeted_g48s1024_confirm_v1_20260725_sess03_pos1_ptx_f16_g48_s1024_cache_reuse_candidate_probe_ptx_f16_g48_s00_p01,probe_middle,1,1,0,139840.536499,139840.537667,139840.537083,0.0011684029887,-0.00059000152396,5183234617,false,false
softmax_1784951117206_softmax_full_f16io_f32acc_ptx_ex2_approx_f16_r1,softmax_oratc_targeted_g48s1024_confirm_v1_20260725_sess03_pos1_ptx_f16_g48_s1024_cache_reuse_candidate_probe_ptx_f16_g48_s00_p01,probe_middle,1,1,1,139841.038022,139841.039391,139841.038706,0.00136910399306,0.501032934,5183354667,true,false
softmax_1784951117206_softmax_full_f16io_f32acc_ptx_ex2_approx_f16_r1,softmax_oratc_targeted_g48s1024_confirm_v1_20260725_sess03_pos1_ptx_f16_g48_s1024_cache_reuse_candidate_probe_ptx_f16_g48_s00_p01,probe_middle,1,1,2,139841.539508,139841.540899,139841.540203,0.00139169499744,1.00253008149,5183475520,true,false
softmax_1784951117206_softmax_full_f16io_f32acc_ptx_ex2_approx_f16_r1,softmax_oratc_targeted_g48s1024_confirm_v1_20260725_sess03_pos1_ptx_f16_g48_s1024_cache_reuse_candidate_probe_ptx_f16_g48_s00_p01,probe_middle,1,1,3,139842.041075,139842.042477,139842.041776,0.00140139501309,1.50410278249,5183595797,true,true
softmax_1784951117206_softmax_full_f16io_f32acc_ptx_ex2_approx_f16_r1,softmax_oratc_targeted_g48s1024_confirm_v1_20260725_sess03_pos1_ptx_f16_g48_s1024_cache_reuse_candidate_probe_ptx_f16_g48_s00_p01,probe_middle,1,1,4,139842.542593,139842.543959,139842.543276,0.00136589500471,2.00560260349,5183715534,true,true
softmax_1784951117206_softmax_full_f16io_f32acc_ptx_ex2_approx_f16_r1,softmax_oratc_targeted_g48s1024_confirm_v1_20260725_sess03_pos1_ptx_f16_g48_s1024_cache_reuse_candidate_probe_ptx_f16_g48_s00_p01,probe_middle,1,1,5,139843.044191,139843.045592,139843.044892,0.00140129501233,2.50721840249,5183834623,true,true
softmax_1784951117206_softmax_full_f16io_f32acc_ptx_ex2_approx_f16_r1,softmax_oratc_targeted_g48s1024_confirm_v1_20260725_sess03_pos1_ptx_f16_g48_s1024_cache_reuse_candidate_probe_ptx_f16_g48_s00_p01,probe_middle,1,1,6,139843.545712,139843.547059,139843.546385,0.00134629599052,3.00871212198,5183953368,true,true
softmax_1784951117206_softmax_full_f16io_f32acc_ptx_ex2_approx_f16_r1,softmax_oratc_targeted_g48s1024_confirm_v1_20260725_sess03_pos1_ptx_f16_g48_s1024_cache_reuse_candidate_probe_ptx_f16_g48_s00_p01,probe_middle,1,1,7,139844.047212,139844.048518,139844.047865,0.00130599600379,3.51019121998,5184072018,true,true
softmax_1784951117206_softmax_full_f16io_f32acc_ptx_ex2_approx_f16_r1,softmax_oratc_targeted_g48s1024_confirm_v1_20260725_sess03_pos1_ptx_f16_g48_s1024_cache_reuse_candidate_probe_ptx_f16_g48_s00_p01,probe_middle,1,1,8,139844.548643,139844.552394,139844.550519,0.00375058798818,4.01284548399,5184190406,true,true
softmax_1784951117206_softmax_full_f16io_f32acc_ptx_ex2_approx_f16_r1,softmax_oratc_targeted_g48s1024_confirm_v1_20260725_sess03_pos1_ptx_f16_g48_s1024_cache_reuse_candidate_probe_ptx_f16_g48_s00_p01,probe_middle,1,1,9,139845.052553,139845.054035,139845.053294,0.00148260500282,4.51562074048,5184312861,true,true
softmax_1784951117206_softmax_full_f16io_f32acc_ptx_ex2_approx_f16_r1,softmax_oratc_targeted_g48s1024_confirm_v1_20260725_sess03_pos1_ptx_f16_g48_s1024_cache_reuse_candidate_probe_ptx_f16_g48_s00_p01,probe_middle,1,1,10,139845.554166,139845.555567,139845.554867,0.00140140400617,5.01719325397,5184434747,true,true
softmax_1784951117206_softmax_full_f16io_f32acc_ptx_ex2_approx_f16_r1,softmax_oratc_targeted_g48s1024_confirm_v1_20260725_sess03_pos1_ptx_f16_g48_s1024_cache_reuse_candidate_probe_ptx_f16_g48_s00_p01,probe_middle,1,1,11,139846.055726,139846.057126,139846.056426,0.00139950399171,5.51875274401,5184556079,true,true
softmax_1784951117206_softmax_full_f16io_f32acc_ptx_ex2_approx_f16_r1,softmax_oratc_targeted_g48s1024_confirm_v1_20260725_sess03_pos1_ptx_f16_g48_s1024_cache_reuse_candidate_probe_ptx_f16_g48_s00_p01,probe_middle,1,1,12,139846.557256,139846.558714,139846.557985,0.0014586050238,6.02031155548,5184676916,true,true
softmax_1784951117206_softmax_full_f16io_f32acc_ptx_ex2_approx_f16_r1,softmax_oratc_targeted_g48s1024_confirm_v1_20260725_sess03_pos1_ptx_f16_g48_s1024_cache_reuse_candidate_probe_ptx_f16_g48_s00_p01,probe_middle,1,1,13,139847.058879,139847.060251,139847.059565,0.00137220398756,6.52189144399,5184797075,true,true
softmax_1784951117206_softmax_full_f16io_f32acc_ptx_ex2_approx_f16_r1,softmax_oratc_targeted_g48s1024_confirm_v1_20260725_sess03_pos1_ptx_f16_g48_s1024_cache_reuse_candidate_probe_ptx_f16_g48_s00_p01,probe_middle,1,1,14,139847.560372,139847.561693,139847.561033,0.00132100499468,7.02335965348,5184916873,true,true
softmax_1784951117206_softmax_full_f16io_f32acc_ptx_ex2_approx_f16_r1,softmax_oratc_targeted_g48s1024_confirm_v1_20260725_sess03_pos1_ptx_f16_g48_s1024_cache_reuse_candidate_probe_ptx_f16_g48_s00_p01,probe_middle,1,1,15,139848.061851,139848.064425,139848.063138,0.00257400798728,7.52546479198,5185036381,true,true
softmax_1784951117206_softmax_full_f16io_f32acc_ptx_ex2_approx_f16_r1,softmax_oratc_targeted_g48s1024_confirm_v1_20260725_sess03_pos1_ptx_f16_g48_s1024_cache_reuse_candidate_probe_ptx_f16_g48_s00_p01,probe_middle,1,1,16,139848.564551,139848.565941,139848.565246,0.00139020499773,8.02757235148,5185155501,true,true
softmax_1784951117206_softmax_full_f16io_f32acc_ptx_ex2_approx_f16_r1,softmax_oratc_targeted_g48s1024_confirm_v1_20260725_sess03_pos1_ptx_f16_g48_s1024_cache_reuse_candidate_probe_ptx_f16_g48_s00_p01,probe_middle,1,1,17,139849.066069,139849.071184,139849.068626,0.005115218024,8.53095314198,5185274335,true,true
softmax_1784951117206_softmax_full_f16io_f32acc_ptx_ex2_approx_f16_r1,softmax_oratc_targeted_g48s1024_confirm_v1_20260725_sess03_pos1_ptx_f16_g48_s1024_cache_reuse_candidate_probe_ptx_f16_g48_s00_p01,probe_middle,1,1,18,139849.571312,139849.572711,139849.572011,0.00139979398227,9.03433818801,5185396907,true,true
softmax_1784951117206_softmax_full_f16io_f32acc_ptx_ex2_approx_f16_r1,softmax_oratc_targeted_g48s1024_confirm_v1_20260725_sess03_pos1_ptx_f16_g48_s1024_cache_reuse_candidate_probe_ptx_f16_g48_s00_p01,probe_middle,1,1,19,139850.072864,139850.074262,139850.073563,0.00139779399615,9.53588964298,5185518901,true,true
softmax_1784951117206_softmax_full_f16io_f32acc_ptx_ex2_approx_f16_r1,softmax_oratc_targeted_g48s1024_confirm_v1_20260725_sess03_pos1_ptx_f16_g48_s1024_cache_reuse_candidate_probe_ptx_f16_g48_s00_p01,probe_middle,1,1,20,139850.574377,139850.575863,139850.57512,0.0014863940014,10.03744652,5185640218,true,true
softmax_1784951117206_softmax_full_f16io_f32acc_ptx_ex2_approx_f16_r1,softmax_oratc_targeted_g48s1024_confirm_v1_20260725_sess03_pos1_ptx_f16_g48_s1024_cache_reuse_candidate_probe_ptx_f16_g48_s00_p01,probe_middle,1,1,21,139851.076083,139851.077584,139851.076834,0.00150039300206,10.5391602215,5185760898,true,true
softmax_1784951117206_softmax_full_f16io_f32acc_ptx_ex2_approx_f16_r1,softmax_oratc_targeted_g48s1024_confirm_v1_20260725_sess03_pos1_ptx_f16_g48_s1024_cache_reuse_candidate_probe_ptx_f16_g48_s00_p01,probe_middle,1,1,22,139851.5777,139851.579157,139851.578429,0.00145749401418,11.040755297,5185881030,true,true
softmax_1784951117206_softmax_full_f16io_f32acc_ptx_ex2_approx_f16_r1,softmax_oratc_targeted_g48s1024_confirm_v1_20260725_sess03_pos1_ptx_f16_g48_s1024_cache_reuse_candidate_probe_ptx_f16_g48_s00_p01,probe_middle,1,1,23,139852.07931,139852.080724,139852.080017,0.00141409499338,11.5423439465,5186000943,true,false
softmax_1784951117206_softmax_full_f16io_f32acc_ptx_ex2_approx_f16_r1,softmax_oratc_targeted_g48s1024_confirm_v1_20260725_sess03_pos1_ptx_f16_g48_s1024_cache_reuse_candidate_probe_ptx_f16_g48_s00_p01,probe_middle,1,1,24,139852.580849,139852.582258,139852.581553,0.00140889399336,12.04388002,5186120669,true,false
softmax_1784951117206_softmax_full_f16io_f32acc_ptx_ex2_approx_f16_r1,softmax_oratc_targeted_g48s1024_confirm_v1_20260725_sess03_pos1_ptx_f16_g48_s1024_cache_reuse_candidate_probe_ptx_f16_g48_s00_p01,probe_middle,1,1,25,139852.929526,139852.930913,139852.930219,0.00138690401218,12.392546042,5186201065,true,false
softmax_1784951129608_softmax_full_f16io_f32acc_ptx_ex2_approx_f16_r1,softmax_oratc_targeted_g48s1024_confirm_v1_20260725_sess03_pos1_ptx_f16_g48_s1024_cache_reuse_candidate_probe_ptx_f16_g48_s00_p01,full_after,1,2,0,139852.938499,139852.939633,139852.939066,0.00113390298793,-0.000573551515117,5186201065,false,false
softmax_1784951129608_softmax_full_f16io_f32acc_ptx_ex2_approx_f16_r1,softmax_oratc_targeted_g48s1024_confirm_v1_20260725_sess03_pos1_ptx_f16_g48_s1024_cache_reuse_candidate_probe_ptx_f16_g48_s00_p01,full_after,1,2,1,139853.440033,139853.441361,139853.440697,0.00132800400024,0.50105777898,5186320223,true,false
softmax_1784951129608_softmax_full_f16io_f32acc_ptx_ex2_approx_f16_r1,softmax_oratc_targeted_g48s1024_confirm_v1_20260725_sess03_pos1_ptx_f16_g48_s1024_cache_reuse_candidate_probe_ptx_f16_g48_s00_p01,full_after,1,2,2,139853.941522,139853.942903,139853.942212,0.00138100402546,1.002572597,5186440098,true,false
softmax_1784951129608_softmax_full_f16io_f32acc_ptx_ex2_approx_f16_r1,softmax_oratc_targeted_g48s1024_confirm_v1_20260725_sess03_pos1_ptx_f16_g48_s1024_cache_reuse_candidate_probe_ptx_f16_g48_s00_p01,full_after,1,2,3,139854.443063,139854.444437,139854.44375,0.00137400400126,1.50411052498,5186559466,true,true
softmax_1784951129608_softmax_full_f16io_f32acc_ptx_ex2_approx_f16_r1,softmax_oratc_targeted_g48s1024_confirm_v1_20260725_sess03_pos1_ptx_f16_g48_s1024_cache_reuse_candidate_probe_ptx_f16_g48_s00_p01,full_after,1,2,4,139854.9446,139854.949106,139854.946853,0.00450611399719,2.007213245,5186678240,true,true
softmax_1784951129608_softmax_full_f16io_f32acc_ptx_ex2_approx_f16_r1,softmax_oratc_targeted_g48s1024_confirm_v1_20260725_sess03_pos1_ptx_f16_g48_s1024_cache_reuse_candidate_probe_ptx_f16_g48_s00_p01,full_after,1,2,5,139855.449277,139855.450708,139855.449992,0.00143130499055,2.5103526265,5186800635,true,true
softmax_1784951129608_softmax_full_f16io_f32acc_ptx_ex2_approx_f16_r1,softmax_oratc_targeted_g48s1024_confirm_v1_20260725_sess03_pos1_ptx_f16_g48_s1024_cache_reuse_candidate_probe_ptx_f16_g48_s00_p01,full_after,1,2,6,139855.950866,139855.952264,139855.951565,0.00139710400254,3.011925339,5186922661,true,true
softmax_1784951129608_softmax_full_f16io_f32acc_ptx_ex2_approx_f16_r1,softmax_oratc_targeted_g48s1024_confirm_v1_20260725_sess03_pos1_ptx_f16_g48_s1024_cache_reuse_candidate_probe_ptx_f16_g48_s00_p01,full_after,1,2,7,139856.452402,139856.453752,139856.453077,0.00134990501101,3.5134374625,5187044513,true,true
softmax_1784951129608_softmax_full_f16io_f32acc_ptx_ex2_approx_f16_r1,softmax_oratc_targeted_g48s1024_confirm_v1_20260725_sess03_pos1_ptx_f16_g48_s1024_cache_reuse_candidate_probe_ptx_f16_g48_s00_p01,full_after,1,2,8,139856.953896,139856.955299,139856.954597,0.00140250398545,4.01495772199,5187166096,true,true
softmax_1784951129608_softmax_full_f16io_f32acc_ptx_ex2_approx_f16_r1,softmax_oratc_targeted_g48s1024_confirm_v1_20260725_sess03_pos1_ptx_f16_g48_s1024_cache_reuse_candidate_probe_ptx_f16_g48_s00_p01,full_after,1,2,9,139857.455436,139857.456853,139857.456144,0.00141749100294,4.51650462748,5187287605,true,true
softmax_1784951129608_softmax_full_f16io_f32acc_ptx_ex2_approx_f16_r1,softmax_oratc_targeted_g48s1024_confirm_v1_20260725_sess03_pos1_ptx_f16_g48_s1024_cache_reuse_candidate_probe_ptx_f16_g48_s00_p01,full_after,1,2,10,139857.957013,139857.958532,139857.957773,0.00151909099077,5.01813304651,5187408567,true,true
softmax_1784951129608_softmax_full_f16io_f32acc_ptx_ex2_approx_f16_r1,softmax_oratc_targeted_g48s1024_confirm_v1_20260725_sess03_pos1_ptx_f16_g48_s1024_cache_reuse_candidate_probe_ptx_f16_g48_s00_p01,full_after,1,2,11,139858.458691,139858.461342,139858.460017,0.00265148401377,5.52037687297,5187528843,true,true
softmax_1784951129608_softmax_full_f16io_f32acc_ptx_ex2_approx_f16_r1,softmax_oratc_targeted_g48s1024_confirm_v1_20260725_sess03_pos1_ptx_f16_g48_s1024_cache_reuse_candidate_probe_ptx_f16_g48_s00_p01,full_after,1,2,12,139858.961553,139858.962988,139858.962271,0.00143539099372,6.02263108548,5187648342,true,true
softmax_1784951129608_softmax_full_f16io_f32acc_ptx_ex2_approx_f16_r1,softmax_oratc_targeted_g48s1024_confirm_v1_20260725_sess03_pos1_ptx_f16_g48_s1024_cache_reuse_candidate_probe_ptx_f16_g48_s00_p01,full_after,1,2,13,139859.463267,139859.46807,139859.465669,0.00480277099996,6.5260288525,5187767157,true,true
softmax_1784951129608_softmax_full_f16io_f32acc_ptx_ex2_approx_f16_r1,softmax_oratc_targeted_g48s1024_confirm_v1_20260725_sess03_pos1_ptx_f16_g48_s1024_cache_reuse_candidate_probe_ptx_f16_g48_s00_p01,full_after,1,2,14,139859.968237,139859.969627,139859.968932,0.00138959201286,7.02929205599,5187889675,true,true
softmax_1784951129608_softmax_full_f16io_f32acc_ptx_ex2_approx_f16_r1,softmax_oratc_targeted_g48s1024_confirm_v1_20260725_sess03_pos1_ptx_f16_g48_s1024_cache_reuse_candidate_probe_ptx_f16_g48_s00_p01,full_after,1,2,15,139860.469745,139860.471175,139860.47046,0.00142990399036,7.53082040197,5188011983,true,true
softmax_1784951129608_softmax_full_f16io_f32acc_ptx_ex2_approx_f16_r1,softmax_oratc_targeted_g48s1024_confirm_v1_20260725_sess03_pos1_ptx_f16_g48_s1024_cache_reuse_candidate_probe_ptx_f16_g48_s00_p01,full_after,1,2,16,139860.971335,139860.97273,139860.972033,0.00139450398274,8.03239298999,5188134081,true,true
softmax_1784951129608_softmax_full_f16io_f32acc_ptx_ex2_approx_f16_r1,softmax_oratc_targeted_g48s1024_confirm_v1_20260725_sess03_pos1_ptx_f16_g48_s1024_cache_reuse_candidate_probe_ptx_f16_g48_s00_p01,full_after,1,2,17,139861.47291,139861.474267,139861.473588,0.00135700398823,8.53394843999,5188255941,true,true
softmax_1784951129608_softmax_full_f16io_f32acc_ptx_ex2_approx_f16_r1,softmax_oratc_targeted_g48s1024_confirm_v1_20260725_sess03_pos1_ptx_f16_g48_s1024_cache_reuse_candidate_probe_ptx_f16_g48_s00_p01,full_after,1,2,18,139861.974408,139861.975872,139861.97514,0.00146380401566,9.03550027497,5188377324,true,true
softmax_1784951129608_softmax_full_f16io_f32acc_ptx_ex2_approx_f16_r1,softmax_oratc_targeted_g48s1024_confirm_v1_20260725_sess03_pos1_ptx_f16_g48_s1024_cache_reuse_candidate_probe_ptx_f16_g48_s00_p01,full_after,1,2,19,139862.476083,139862.477508,139862.476795,0.00142540398519,9.53715552299,5188498098,true,true
softmax_1784951129608_softmax_full_f16io_f32acc_ptx_ex2_approx_f16_r1,softmax_oratc_targeted_g48s1024_confirm_v1_20260725_sess03_pos1_ptx_f16_g48_s1024_cache_reuse_candidate_probe_ptx_f16_g48_s00_p01,full_after,1,2,20,139862.977646,139862.979068,139862.978357,0.00142110398156,10.038717254,5188618192,true,true
softmax_1784951129608_softmax_full_f16io_f32acc_ptx_ex2_approx_f16_r1,softmax_oratc_targeted_g48s1024_confirm_v1_20260725_sess03_pos1_ptx_f16_g48_s1024_cache_reuse_candidate_probe_ptx_f16_g48_s00_p01,full_after,1,2,21,139863.479206,139863.480593,139863.479899,0.00138670500019,10.5402595485,5188737763,true,true
softmax_1784951129608_softmax_full_f16io_f32acc_ptx_ex2_approx_f16_r1,softmax_oratc_targeted_g48s1024_confirm_v1_20260725_sess03_pos1_ptx_f16_g48_s1024_cache_reuse_candidate_probe_ptx_f16_g48_s00_p01,full_after,1,2,22,139863.980757,139863.982176,139863.981467,0.00141890399391,11.041826976,5188856919,true,true
softmax_1784951129608_softmax_full_f16io_f32acc_ptx_ex2_approx_f16_r1,softmax_oratc_targeted_g48s1024_confirm_v1_20260725_sess03_pos1_ptx_f16_g48_s1024_cache_reuse_candidate_probe_ptx_f16_g48_s00_p01,full_after,1,2,23,139864.48234,139864.486212,139864.484276,0.00387241199496,11.544636571,5188975855,true,false
softmax_1784951129608_softmax_full_f16io_f32acc_ptx_ex2_approx_f16_r1,softmax_oratc_targeted_g48s1024_confirm_v1_20260725_sess03_pos1_ptx_f16_g48_s1024_cache_reuse_candidate_probe_ptx_f16_g48_s00_p01,full_after,1,2,24,139864.986355,139864.987685,139864.98702,0.00133000401547,12.047380649,5189098852,true,false
softmax_1784951129608_softmax_full_f16io_f32acc_ptx_ex2_approx_f16_r1,softmax_oratc_targeted_g48s1024_confirm_v1_20260725_sess03_pos1_ptx_f16_g48_s1024_cache_reuse_candidate_probe_ptx_f16_g48_s00_p01,full_after,1,2,25,139865.355129,139865.356622,139865.355875,0.00149349399726,12.416235781,5189182918,true,false
softmax_1784951142038_softmax_full_f16io_f32acc_ptx_ex2_approx_f16_r2,softmax_oratc_targeted_g48s1024_confirm_v1_20260725_sess03_pos1_ptx_f16_g48_s1024_cache_reuse_candidate_probe_ptx_f16_g48_s00_p02,full_before,2,0,0,139865.368262,139865.369425,139865.368843,0.00116349500604,-0.000588147493545,5189182918,false,false
softmax_1784951142038_softmax_full_f16io_f32acc_ptx_ex2_approx_f16_r2,softmax_oratc_targeted_g48s1024_confirm_v1_20260725_sess03_pos1_ptx_f16_g48_s1024_cache_reuse_candidate_probe_ptx_f16_g48_s00_p02,full_before,2,0,1,139865.869664,139865.871083,139865.870373,0.00141839397838,0.500941850012,5189297669,true,false
softmax_1784951142038_softmax_full_f16io_f32acc_ptx_ex2_approx_f16_r2,softmax_oratc_targeted_g48s1024_confirm_v1_20260725_sess03_pos1_ptx_f16_g48_s1024_cache_reuse_candidate_probe_ptx_f16_g48_s00_p02,full_before,2,0,2,139866.37124,139866.372646,139866.371943,0.00140609501977,1.0025112505,5189419243,true,false
softmax_1784951142038_softmax_full_f16io_f32acc_ptx_ex2_approx_f16_r2,softmax_oratc_targeted_g48s1024_confirm_v1_20260725_sess03_pos1_ptx_f16_g48_s1024_cache_reuse_candidate_probe_ptx_f16_g48_s00_p02,full_before,2,0,3,139866.872782,139866.874328,139866.873555,0.001545393985,1.50412339403,5189540236,true,true
softmax_1784951142038_softmax_full_f16io_f32acc_ptx_ex2_approx_f16_r2,softmax_oratc_targeted_g48s1024_confirm_v1_20260725_sess03_pos1_ptx_f16_g48_s1024_cache_reuse_candidate_probe_ptx_f16_g48_s00_p02,full_before,2,0,4,139867.374464,139867.375858,139867.375161,0.00139379501343,2.00572929051,5189660596,true,true
softmax_1784951142038_softmax_full_f16io_f32acc_ptx_ex2_approx_f16_r2,softmax_oratc_targeted_g48s1024_confirm_v1_20260725_sess03_pos1_ptx_f16_g48_s1024_cache_reuse_candidate_probe_ptx_f16_g48_s00_p02,full_before,2,0,5,139867.875994,139867.877429,139867.876711,0.001434995007,2.50727963052,5189780405,true,true
softmax_1784951142038_softmax_full_f16io_f32acc_ptx_ex2_approx_f16_r2,softmax_oratc_targeted_g48s1024_confirm_v1_20260725_sess03_pos1_ptx_f16_g48_s1024_cache_reuse_candidate_probe_ptx_f16_g48_s00_p02,full_before,2,0,6,139868.377556,139868.37894,139868.378248,0.00138419499854,3.00881627452,5189900000,true,true
softmax_1784951142038_softmax_full_f16io_f32acc_ptx_ex2_approx_f16_r2,softmax_oratc_targeted_g48s1024_confirm_v1_20260725_sess03_pos1_ptx_f16_g48_s1024_cache_reuse_candidate_probe_ptx_f16_g48_s00_p02,full_before,2,0,7,139868.879066,139868.880522,139868.879794,0.00145550401066,3.51036275999,5190019441,true,true
softmax_1784951142038_softmax_full_f16io_f32acc_ptx_ex2_approx_f16_r2,softmax_oratc_targeted_g48s1024_confirm_v1_20260725_sess03_pos1_ptx_f16_g48_s1024_cache_reuse_candidate_probe_ptx_f16_g48_s00_p02,full_before,2,0,8,139869.380649,139869.384746,139869.382697,0.00409751100233,4.0132659215,5190138668,true,true
softmax_1784951142038_softmax_full_f16io_f32acc_ptx_ex2_approx_f16_r2,softmax_oratc_targeted_g48s1024_confirm_v1_20260725_sess03_pos1_ptx_f16_g48_s1024_cache_reuse_candidate_probe_ptx_f16_g48_s00_p02,full_before,2,0,9,139869.884875,139869.886243,139869.885559,0.00136860401835,4.51612737501,5190261896,true,true
softmax_1784951142038_softmax_full_f16io_f32acc_ptx_ex2_approx_f16_r2,softmax_oratc_targeted_g48s1024_confirm_v1_20260725_sess03_pos1_ptx_f16_g48_s1024_cache_reuse_candidate_probe_ptx_f16_g48_s00_p02,full_before,2,0,10,139870.386381,139870.387757,139870.387069,0.00137600299786,5.01763757953,5190384450,true,true
softmax_1784951142038_softmax_full_f16io_f32acc_ptx_ex2_approx_f16_r2,softmax_oratc_targeted_g48s1024_confirm_v1_20260725_sess03_pos1_ptx_f16_g48_s1024_cache_reuse_candidate_probe_ptx_f16_g48_s00_p02,full_before,2,0,11,139870.887915,139870.889346,139870.88863,0.00143050399492,5.519198775,5190506476,true,true
softmax_1784951142038_softmax_full_f16io_f32acc_ptx_ex2_approx_f16_r2,softmax_oratc_targeted_g48s1024_confirm_v1_20260725_sess03_pos1_ptx_f16_g48_s1024_cache_reuse_candidate_probe_ptx_f16_g48_s00_p02,full_before,2,0,12,139871.389497,139871.390945,139871.390221,0.00144710400491,6.020789526,5190627846,true,true
softmax_1784951142038_softmax_full_f16io_f32acc_ptx_ex2_approx_f16_r2,softmax_oratc_targeted_g48s1024_confirm_v1_20260725_sess03_pos1_ptx_f16_g48_s1024_cache_reuse_candidate_probe_ptx_f16_g48_s00_p02,full_before,2,0,13,139871.891063,139871.892459,139871.891761,0.00139530398883,6.52232951802,5190748658,true,true
softmax_1784951142038_softmax_full_f16io_f32acc_ptx_ex2_approx_f16_r2,softmax_oratc_targeted_g48s1024_confirm_v1_20260725_sess03_pos1_ptx_f16_g48_s1024_cache_reuse_candidate_probe_ptx_f16_g48_s00_p02,full_before,2,0,14,139872.392582,139872.393979,139872.393281,0.00139680400025,7.02384936402,5190869157,true,true
softmax_1784951142038_softmax_full_f16io_f32acc_ptx_ex2_approx_f16_r2,softmax_oratc_targeted_g48s1024_confirm_v1_20260725_sess03_pos1_ptx_f16_g48_s1024_cache_reuse_candidate_probe_ptx_f16_g48_s00_p02,full_before,2,0,15,139872.894098,139872.895533,139872.894816,0.00143500501872,7.5253844015,5190989475,true,true
softmax_1784951142038_softmax_full_f16io_f32acc_ptx_ex2_approx_f16_r2,softmax_oratc_targeted_g48s1024_confirm_v1_20260725_sess03_pos1_ptx_f16_g48_s1024_cache_reuse_candidate_probe_ptx_f16_g48_s00_p02,full_before,2,0,16,139873.395658,139873.397042,139873.39635,0.00138389598578,8.02691854301,5191109559,true,true
softmax_1784951142038_softmax_full_f16io_f32acc_ptx_ex2_approx_f16_r2,softmax_oratc_targeted_g48s1024_confirm_v1_20260725_sess03_pos1_ptx_f16_g48_s1024_cache_reuse_candidate_probe_ptx_f16_g48_s00_p02,full_before,2,0,17,139873.897164,139873.898576,139873.89787,0.00141129599069,8.528438412,5191229464,true,true
softmax_1784951142038_softmax_full_f16io_f32acc_ptx_ex2_approx_f16_r2,softmax_oratc_targeted_g48s1024_confirm_v1_20260725_sess03_pos1_ptx_f16_g48_s1024_cache_reuse_candidate_probe_ptx_f16_g48_s00_p02,full_before,2,0,18,139874.398697,139874.403103,139874.4009,0.00440668800729,9.03146848199,5191348807,true,true
softmax_1784951142038_softmax_full_f16io_f32acc_ptx_ex2_approx_f16_r2,softmax_oratc_targeted_g48s1024_confirm_v1_20260725_sess03_pos1_ptx_f16_g48_s1024_cache_reuse_candidate_probe_ptx_f16_g48_s00_p02,full_before,2,0,19,139874.903228,139874.904645,139874.903937,0.00141709600575,9.53450519202,5191471771,true,true
softmax_1784951142038_softmax_full_f16io_f32acc_ptx_ex2_approx_f16_r2,softmax_oratc_targeted_g48s1024_confirm_v1_20260725_sess03_pos1_ptx_f16_g48_s1024_cache_reuse_candidate_probe_ptx_f16_g48_s00_p02,full_before,2,0,20,139875.404767,139875.406199,139875.405483,0.00143209600355,10.036051913,5191594085,true,true
softmax_1784951142038_softmax_full_f16io_f32acc_ptx_ex2_approx_f16_r2,softmax_oratc_targeted_g48s1024_confirm_v1_20260725_sess03_pos1_ptx_f16_g48_s1024_cache_reuse_candidate_probe_ptx_f16_g48_s00_p02,full_before,2,0,21,139875.906337,139875.907769,139875.907053,0.00143199600279,10.537621222,5191715871,true,true
softmax_1784951142038_softmax_full_f16io_f32acc_ptx_ex2_approx_f16_r2,softmax_oratc_targeted_g48s1024_confirm_v1_20260725_sess03_pos1_ptx_f16_g48_s1024_cache_reuse_candidate_probe_ptx_f16_g48_s00_p02,full_before,2,0,22,139876.40793,139876.40931,139876.40862,0.00137999700382,11.0391881885,5191837309,true,true
softmax_1784951142038_softmax_full_f16io_f32acc_ptx_ex2_approx_f16_r2,softmax_oratc_targeted_g48s1024_confirm_v1_20260725_sess03_pos1_ptx_f16_g48_s1024_cache_reuse_candidate_probe_ptx_f16_g48_s00_p02,full_before,2,0,23,139876.909411,139876.910761,139876.910086,0.00134929700289,11.5406545435,5191958569,true,false
softmax_1784951142038_softmax_full_f16io_f32acc_ptx_ex2_approx_f16_r2,softmax_oratc_targeted_g48s1024_confirm_v1_20260725_sess03_pos1_ptx_f16_g48_s1024_cache_reuse_candidate_probe_ptx_f16_g48_s00_p02,full_before,2,0,24,139877.410878,139877.412548,139877.411713,0.00166990398429,12.042281794,5192079434,true,false
softmax_1784951142038_softmax_full_f16io_f32acc_ptx_ex2_approx_f16_r2,softmax_oratc_targeted_g48s1024_confirm_v1_20260725_sess03_pos1_ptx_f16_g48_s1024_cache_reuse_candidate_probe_ptx_f16_g48_s00_p02,full_before,2,0,25,139877.778483,139877.78222,139877.780352,0.00373721000506,12.410920276,5192163710,true,false
softmax_1784951154460_softmax_full_f16io_f32acc_ptx_ex2_approx_f16_r2,softmax_oratc_targeted_g48s1024_confirm_v1_20260725_sess03_pos1_ptx_f16_g48_s1024_cache_reuse_candidate_probe_ptx_f16_g48_s00_p02,probe_middle,2,1,0,139877.790041,139877.791214,139877.790628,0.00117260401021,-0.000592302007135,5192163710,false,false
softmax_1784951154460_softmax_full_f16io_f32acc_ptx_ex2_approx_f16_r2,softmax_oratc_targeted_g48s1024_confirm_v1_20260725_sess03_pos1_ptx_f16_g48_s1024_cache_reuse_candidate_probe_ptx_f16_g48_s00_p02,probe_middle,2,1,1,139878.291509,139878.29279,139878.29215,0.00128100399161,0.500929501985,5192277866,true,false
softmax_1784951154460_softmax_full_f16io_f32acc_ptx_ex2_approx_f16_r2,softmax_oratc_targeted_g48s1024_confirm_v1_20260725_sess03_pos1_ptx_f16_g48_s1024_cache_reuse_candidate_probe_ptx_f16_g48_s00_p02,probe_middle,2,1,2,139878.792965,139878.794376,139878.793671,0.00141080399044,1.00245054698,5192397649,true,false
softmax_1784951154460_softmax_full_f16io_f32acc_ptx_ex2_approx_f16_r2,softmax_oratc_targeted_g48s1024_confirm_v1_20260725_sess03_pos1_ptx_f16_g48_s1024_cache_reuse_candidate_probe_ptx_f16_g48_s00_p02,probe_middle,2,1,3,139879.294498,139879.295886,139879.295192,0.00138820399297,1.50397189599,5192516660,true,true
softmax_1784951154460_softmax_full_f16io_f32acc_ptx_ex2_approx_f16_r2,softmax_oratc_targeted_g48s1024_confirm_v1_20260725_sess03_pos1_ptx_f16_g48_s1024_cache_reuse_candidate_probe_ptx_f16_g48_s00_p02,probe_middle,2,1,4,139879.796043,139879.797417,139879.79673,0.00137490400812,2.00550993698,5192635224,true,true
softmax_1784951154460_softmax_full_f16io_f32acc_ptx_ex2_approx_f16_r2,softmax_oratc_targeted_g48s1024_confirm_v1_20260725_sess03_pos1_ptx_f16_g48_s1024_cache_reuse_candidate_probe_ptx_f16_g48_s00_p02,probe_middle,2,1,5,139880.297541,139880.301377,139880.299459,0.00383661102387,2.5082387845,5192753325,true,true
softmax_1784951154460_softmax_full_f16io_f32acc_ptx_ex2_approx_f16_r2,softmax_oratc_targeted_g48s1024_confirm_v1_20260725_sess03_pos1_ptx_f16_g48_s1024_cache_reuse_candidate_probe_ptx_f16_g48_s00_p02,probe_middle,2,1,6,139880.801469,139880.802796,139880.802133,0.00132620398654,3.01091242398,5192875526,true,true
softmax_1784951154460_softmax_full_f16io_f32acc_ptx_ex2_approx_f16_r2,softmax_oratc_targeted_g48s1024_confirm_v1_20260725_sess03_pos1_ptx_f16_g48_s1024_cache_reuse_candidate_probe_ptx_f16_g48_s00_p02,probe_middle,2,1,7,139881.302917,139881.304293,139881.303605,0.00137539498974,3.51238480548,5192997537,true,true
softmax_1784951154460_softmax_full_f16io_f32acc_ptx_ex2_approx_f16_r2,softmax_oratc_targeted_g48s1024_confirm_v1_20260725_sess03_pos1_ptx_f16_g48_s1024_cache_reuse_candidate_probe_ptx_f16_g48_s00_p02,probe_middle,2,1,8,139881.804456,139881.805847,139881.805151,0.00139029399725,4.01393129898,5193119362,true,true
softmax_1784951154460_softmax_full_f16io_f32acc_ptx_ex2_approx_f16_r2,softmax_oratc_targeted_g48s1024_confirm_v1_20260725_sess03_pos1_ptx_f16_g48_s1024_cache_reuse_candidate_probe_ptx_f16_g48_s00_p02,probe_middle,2,1,9,139882.305974,139882.307355,139882.306665,0.0013811950048,4.51544459548,5193240830,true,true
softmax_1784951154460_softmax_full_f16io_f32acc_ptx_ex2_approx_f16_r2,softmax_oratc_targeted_g48s1024_confirm_v1_20260725_sess03_pos1_ptx_f16_g48_s1024_cache_reuse_candidate_probe_ptx_f16_g48_s00_p02,probe_middle,2,1,10,139882.807518,139882.808953,139882.808235,0.00143499398837,5.01701528399,5193361708,true,true
softmax_1784951154460_softmax_full_f16io_f32acc_ptx_ex2_approx_f16_r2,softmax_oratc_targeted_g48s1024_confirm_v1_20260725_sess03_pos1_ptx_f16_g48_s1024_cache_reuse_candidate_probe_ptx_f16_g48_s00_p02,probe_middle,2,1,11,139883.309068,139883.31086,139883.309964,0.00179219301208,5.51874387451,5193481921,true,true
softmax_1784951154460_softmax_full_f16io_f32acc_ptx_ex2_approx_f16_r2,softmax_oratc_targeted_g48s1024_confirm_v1_20260725_sess03_pos1_ptx_f16_g48_s1024_cache_reuse_candidate_probe_ptx_f16_g48_s00_p02,probe_middle,2,1,12,139883.811024,139883.812384,139883.811704,0.00135949399555,6.02048375699,5193601583,true,true
softmax_1784951154460_softmax_full_f16io_f32acc_ptx_ex2_approx_f16_r2,softmax_oratc_targeted_g48s1024_confirm_v1_20260725_sess03_pos1_ptx_f16_g48_s1024_cache_reuse_candidate_probe_ptx_f16_g48_s00_p02,probe_middle,2,1,13,139884.312498,139884.313877,139884.313187,0.00137939400156,6.521967343,5193720588,true,true
softmax_1784951154460_softmax_full_f16io_f32acc_ptx_ex2_approx_f16_r2,softmax_oratc_targeted_g48s1024_confirm_v1_20260725_sess03_pos1_ptx_f16_g48_s1024_cache_reuse_candidate_probe_ptx_f16_g48_s00_p02,probe_middle,2,1,14,139884.814001,139884.815323,139884.814662,0.00132200401276,7.02344183499,5193863957,true,true
softmax_1784951154460_softmax_full_f16io_f32acc_ptx_ex2_approx_f16_r2,softmax_oratc_targeted_g48s1024_confirm_v1_20260725_sess03_pos1_ptx_f16_g48_s1024_cache_reuse_candidate_probe_ptx_f16_g48_s00_p02,probe_middle,2,1,15,139885.315438,139885.320329,139885.317884,0.00489031302277,7.52666342349,5193986884,true,true
softmax_1784951154460_softmax_full_f16io_f32acc_ptx_ex2_approx_f16_r2,softmax_oratc_targeted_g48s1024_confirm_v1_20260725_sess03_pos1_ptx_f16_g48_s1024_cache_reuse_candidate_probe_ptx_f16_g48_s00_p02,probe_middle,2,1,16,139885.820534,139885.821874,139885.821204,0.00134000400431,8.02998355497,5194109180,true,true
softmax_1784951154460_softmax_full_f16io_f32acc_ptx_ex2_approx_f16_r2,softmax_oratc_targeted_g48s1024_confirm_v1_20260725_sess03_pos1_ptx_f16_g48_s1024_cache_reuse_candidate_probe_ptx_f16_g48_s00_p02,probe_middle,2,1,17,139886.321992,139886.323408,139886.3227,0.00141680400702,8.53147983301,5194231067,true,true
softmax_1784951154460_softmax_full_f16io_f32acc_ptx_ex2_approx_f16_r2,softmax_oratc_targeted_g48s1024_confirm_v1_20260725_sess03_pos1_ptx_f16_g48_s1024_cache_reuse_candidate_probe_ptx_f16_g48_s00_p02,probe_middle,2,1,18,139886.823525,139886.824933,139886.824229,0.00140820399974,9.03300895501,5194352424,true,true
softmax_1784951154460_softmax_full_f16io_f32acc_ptx_ex2_approx_f16_r2,softmax_oratc_targeted_g48s1024_confirm_v1_20260725_sess03_pos1_ptx_f16_g48_s1024_cache_reuse_candidate_probe_ptx_f16_g48_s00_p02,probe_middle,2,1,19,139887.325057,139887.326447,139887.325752,0.0013897040044,9.53453202799,5194473118,true,true
softmax_1784951154460_softmax_full_f16io_f32acc_ptx_ex2_approx_f16_r2,softmax_oratc_targeted_g48s1024_confirm_v1_20260725_sess03_pos1_ptx_f16_g48_s1024_cache_reuse_candidate_probe_ptx_f16_g48_s00_p02,probe_middle,2,1,20,139887.826603,139887.828018,139887.827311,0.00141550402623,10.036090494,5194593259,true,true
softmax_1784951154460_softmax_full_f16io_f32acc_ptx_ex2_approx_f16_r2,softmax_oratc_targeted_g48s1024_confirm_v1_20260725_sess03_pos1_ptx_f16_g48_s1024_cache_reuse_candidate_probe_ptx_f16_g48_s00_p02,probe_middle,2,1,21,139888.328156,139888.32954,139888.328848,0.00138380401768,10.537627811,5194712825,true,true
softmax_1784951154460_softmax_full_f16io_f32acc_ptx_ex2_approx_f16_r2,softmax_oratc_targeted_g48s1024_confirm_v1_20260725_sess03_pos1_ptx_f16_g48_s1024_cache_reuse_candidate_probe_ptx_f16_g48_s00_p02,probe_middle,2,1,22,139888.829665,139888.831058,139888.830362,0.00139310400118,11.039141772,5194832267,true,true
softmax_1784951154460_softmax_full_f16io_f32acc_ptx_ex2_approx_f16_r2,softmax_oratc_targeted_g48s1024_confirm_v1_20260725_sess03_pos1_ptx_f16_g48_s1024_cache_reuse_candidate_probe_ptx_f16_g48_s00_p02,probe_middle,2,1,23,139889.331173,139889.332584,139889.331879,0.00141099400935,11.540658549,5194951449,true,false
softmax_1784951154460_softmax_full_f16io_f32acc_ptx_ex2_approx_f16_r2,softmax_oratc_targeted_g48s1024_confirm_v1_20260725_sess03_pos1_ptx_f16_g48_s1024_cache_reuse_candidate_probe_ptx_f16_g48_s00_p02,probe_middle,2,1,24,139889.832686,139889.834108,139889.833397,0.00142219499685,12.0421771235,5195070364,true,false
softmax_1784951154460_softmax_full_f16io_f32acc_ptx_ex2_approx_f16_r2,softmax_oratc_targeted_g48s1024_confirm_v1_20260725_sess03_pos1_ptx_f16_g48_s1024_cache_reuse_candidate_probe_ptx_f16_g48_s00_p02,probe_middle,2,1,25,139890.187029,139890.188374,139890.187702,0.00134469501791,12.3964814425,5195129961,true,false
softmax_1784951166868_softmax_full_f16io_f32acc_ptx_ex2_approx_f16_r2,softmax_oratc_targeted_g48s1024_confirm_v1_20260725_sess03_pos1_ptx_f16_g48_s1024_cache_reuse_candidate_probe_ptx_f16_g48_s00_p02,full_after,2,2,0,139890.196394,139890.199293,139890.197843,0.00289968799916,-0.00145744401379,5195129961,false,false
softmax_1784951166868_softmax_full_f16io_f32acc_ptx_ex2_approx_f16_r2,softmax_oratc_targeted_g48s1024_confirm_v1_20260725_sess03_pos1_ptx_f16_g48_s1024_cache_reuse_candidate_probe_ptx_f16_g48_s00_p02,full_after,2,2,1,139890.699652,139890.701038,139890.700345,0.00138549500844,0.501043858501,5195242085,true,false
softmax_1784951166868_softmax_full_f16io_f32acc_ptx_ex2_approx_f16_r2,softmax_oratc_targeted_g48s1024_confirm_v1_20260725_sess03_pos1_ptx_f16_g48_s1024_cache_reuse_candidate_probe_ptx_f16_g48_s00_p02,full_after,2,2,2,139891.20119,139891.202525,139891.201858,0.00133459398057,1.00255672701,5195364051,true,false
softmax_1784951166868_softmax_full_f16io_f32acc_ptx_ex2_approx_f16_r2,softmax_oratc_targeted_g48s1024_confirm_v1_20260725_sess03_pos1_ptx_f16_g48_s1024_cache_reuse_candidate_probe_ptx_f16_g48_s00_p02,full_after,2,2,3,139891.702646,139891.704067,139891.703356,0.00142129400047,1.504055528,5195485569,true,true
softmax_1784951166868_softmax_full_f16io_f32acc_ptx_ex2_approx_f16_r2,softmax_oratc_targeted_g48s1024_confirm_v1_20260725_sess03_pos1_ptx_f16_g48_s1024_cache_reuse_candidate_probe_ptx_f16_g48_s00_p02,full_after,2,2,4,139892.204192,139892.205498,139892.204845,0.00130549501046,2.0055439905,5195606447,true,true
softmax_1784951166868_softmax_full_f16io_f32acc_ptx_ex2_approx_f16_r2,softmax_oratc_targeted_g48s1024_confirm_v1_20260725_sess03_pos1_ptx_f16_g48_s1024_cache_reuse_candidate_probe_ptx_f16_g48_s00_p02,full_after,2,2,5,139892.705649,139892.707249,139892.706449,0.0015991939872,2.50714803502,5195726927,true,true
softmax_1784951166868_softmax_full_f16io_f32acc_ptx_ex2_approx_f16_r2,softmax_oratc_targeted_g48s1024_confirm_v1_20260725_sess03_pos1_ptx_f16_g48_s1024_cache_reuse_candidate_probe_ptx_f16_g48_s00_p02,full_after,2,2,6,139893.207415,139893.208813,139893.208114,0.00139740400482,3.00881297901,5195847183,true,true
softmax_1784951166868_softmax_full_f16io_f32acc_ptx_ex2_approx_f16_r2,softmax_oratc_targeted_g48s1024_confirm_v1_20260725_sess03_pos1_ptx_f16_g48_s1024_cache_reuse_candidate_probe_ptx_f16_g48_s00_p02,full_after,2,2,7,139893.708968,139893.710347,139893.709658,0.00137910401099,3.51035698302,5195967199,true,true
softmax_1784951166868_softmax_full_f16io_f32acc_ptx_ex2_approx_f16_r2,softmax_oratc_targeted_g48s1024_confirm_v1_20260725_sess03_pos1_ptx_f16_g48_s1024_cache_reuse_candidate_probe_ptx_f16_g48_s00_p02,full_after,2,2,8,139894.210489,139894.211781,139894.211135,0.00129210299929,4.01183364753,5196111858,true,true
softmax_1784951166868_softmax_full_f16io_f32acc_ptx_ex2_approx_f16_r2,softmax_oratc_targeted_g48s1024_confirm_v1_20260725_sess03_pos1_ptx_f16_g48_s1024_cache_reuse_candidate_probe_ptx_f16_g48_s00_p02,full_after,2,2,9,139894.711943,139894.717498,139894.714721,0.00555571599398,4.515419651,5196235825,true,true
softmax_1784951166868_softmax_full_f16io_f32acc_ptx_ex2_approx_f16_r2,softmax_oratc_targeted_g48s1024_confirm_v1_20260725_sess03_pos1_ptx_f16_g48_s1024_cache_reuse_candidate_probe_ptx_f16_g48_s00_p02,full_after,2,2,10,139895.217653,139895.21904,139895.218346,0.00138720398536,5.019045516,5196358523,true,true
softmax_1784951166868_softmax_full_f16io_f32acc_ptx_ex2_approx_f16_r2,softmax_oratc_targeted_g48s1024_confirm_v1_20260725_sess03_pos1_ptx_f16_g48_s1024_cache_reuse_candidate_probe_ptx_f16_g48_s00_p02,full_after,2,2,11,139895.719197,139895.720601,139895.719899,0.00140360399382,5.52059795801,5196480609,true,true
softmax_1784951166868_softmax_full_f16io_f32acc_ptx_ex2_approx_f16_r2,softmax_oratc_targeted_g48s1024_confirm_v1_20260725_sess03_pos1_ptx_f16_g48_s1024_cache_reuse_candidate_probe_ptx_f16_g48_s00_p02,full_after,2,2,12,139896.220735,139896.222118,139896.221427,0.00138290401082,6.02212566099,5196602124,true,true
softmax_1784951166868_softmax_full_f16io_f32acc_ptx_ex2_approx_f16_r2,softmax_oratc_targeted_g48s1024_confirm_v1_20260725_sess03_pos1_ptx_f16_g48_s1024_cache_reuse_candidate_probe_ptx_f16_g48_s00_p02,full_after,2,2,13,139896.722269,139896.723704,139896.722986,0.00143590400694,6.523685547,5196723267,true,true
softmax_1784951166868_softmax_full_f16io_f32acc_ptx_ex2_approx_f16_r2,softmax_oratc_targeted_g48s1024_confirm_v1_20260725_sess03_pos1_ptx_f16_g48_s1024_cache_reuse_candidate_probe_ptx_f16_g48_s00_p02,full_after,2,2,14,139897.223869,139897.225308,139897.224589,0.00143870399916,7.02528774299,5196844045,true,true
softmax_1784951166868_softmax_full_f16io_f32acc_ptx_ex2_approx_f16_r2,softmax_oratc_targeted_g48s1024_confirm_v1_20260725_sess03_pos1_ptx_f16_g48_s1024_cache_reuse_candidate_probe_ptx_f16_g48_s00_p02,full_after,2,2,15,139897.725468,139897.726807,139897.726138,0.00133889500285,7.5268369765,5196964615,true,true
softmax_1784951166868_softmax_full_f16io_f32acc_ptx_ex2_approx_f16_r2,softmax_oratc_targeted_g48s1024_confirm_v1_20260725_sess03_pos1_ptx_f16_g48_s1024_cache_reuse_candidate_probe_ptx_f16_g48_s00_p02,full_after,2,2,16,139898.226938,139898.22828,139898.227609,0.00134189499659,8.02830800248,5197084913,true,true
softmax_1784951166868_softmax_full_f16io_f32acc_ptx_ex2_approx_f16_r2,softmax_oratc_targeted_g48s1024_confirm_v1_20260725_sess03_pos1_ptx_f16_g48_s1024_cache_reuse_candidate_probe_ptx_f16_g48_s00_p02,full_after,2,2,17,139898.728439,139898.729761,139898.7291,0.00132149498677,8.5297992625,5197204785,true,true
softmax_1784951166868_softmax_full_f16io_f32acc_ptx_ex2_approx_f16_r2,softmax_oratc_targeted_g48s1024_confirm_v1_20260725_sess03_pos1_ptx_f16_g48_s1024_cache_reuse_candidate_probe_ptx_f16_g48_s00_p02,full_after,2,2,18,139899.229882,139899.231264,139899.230573,0.00138189501013,9.03127213151,5197324076,true,true
softmax_1784951166868_softmax_full_f16io_f32acc_ptx_ex2_approx_f16_r2,softmax_oratc_targeted_g48s1024_confirm_v1_20260725_sess03_pos1_ptx_f16_g48_s1024_cache_reuse_candidate_probe_ptx_f16_g48_s00_p02,full_after,2,2,19,139899.731433,139899.735277,139899.733355,0.00384368697996,9.53405383052,5197442745,true,true
softmax_1784951166868_softmax_full_f16io_f32acc_ptx_ex2_approx_f16_r2,softmax_oratc_targeted_g48s1024_confirm_v1_20260725_sess03_pos1_ptx_f16_g48_s1024_cache_reuse_candidate_probe_ptx_f16_g48_s00_p02,full_after,2,2,20,139900.235456,139900.236929,139900.236192,0.00147299497621,10.0368914885,5197565297,true,true
softmax_1784951166868_softmax_full_f16io_f32acc_ptx_ex2_approx_f16_r2,softmax_oratc_targeted_g48s1024_confirm_v1_20260725_sess03_pos1_ptx_f16_g48_s1024_cache_reuse_candidate_probe_ptx_f16_g48_s00_p02,full_after,2,2,21,139900.737092,139900.73847,139900.737781,0.00137809599983,10.538479885,5197687317,true,true
softmax_1784951166868_softmax_full_f16io_f32acc_ptx_ex2_approx_f16_r2,softmax_oratc_targeted_g48s1024_confirm_v1_20260725_sess03_pos1_ptx_f16_g48_s1024_cache_reuse_candidate_probe_ptx_f16_g48_s00_p02,full_after,2,2,22,139901.238623,139901.239993,139901.239308,0.00136950300657,11.0400070995,5197809136,true,true
softmax_1784951166868_softmax_full_f16io_f32acc_ptx_ex2_approx_f16_r2,softmax_oratc_targeted_g48s1024_confirm_v1_20260725_sess03_pos1_ptx_f16_g48_s1024_cache_reuse_candidate_probe_ptx_f16_g48_s00_p02,full_after,2,2,23,139901.740113,139901.741513,139901.740813,0.00139940300141,11.5415121795,5197930791,true,false
softmax_1784951166868_softmax_full_f16io_f32acc_ptx_ex2_approx_f16_r2,softmax_oratc_targeted_g48s1024_confirm_v1_20260725_sess03_pos1_ptx_f16_g48_s1024_cache_reuse_candidate_probe_ptx_f16_g48_s00_p02,full_after,2,2,24,139902.241644,139902.242943,139902.242293,0.00129980398924,12.042992518,5198052166,true,false
softmax_1784951166868_softmax_full_f16io_f32acc_ptx_ex2_approx_f16_r2,softmax_oratc_targeted_g48s1024_confirm_v1_20260725_sess03_pos1_ptx_f16_g48_s1024_cache_reuse_candidate_probe_ptx_f16_g48_s00_p02,full_after,2,2,25,139902.609557,139902.614612,139902.612084,0.00505481398432,12.412783328,5198132724,true,false
softmax_1784951179292_softmax_full_f16io_f32acc_ptx_ex2_approx_f16_r3,softmax_oratc_targeted_g48s1024_confirm_v1_20260725_sess03_pos1_ptx_f16_g48_s1024_cache_reuse_candidate_probe_ptx_f16_g48_s00_p03,probe_before,3,0,0,139902.622302,139902.62349,139902.622896,0.0011878029909,-0.00060070148902,5198132724,false,false
softmax_1784951179292_softmax_full_f16io_f32acc_ptx_ex2_approx_f16_r3,softmax_oratc_targeted_g48s1024_confirm_v1_20260725_sess03_pos1_ptx_f16_g48_s1024_cache_reuse_candidate_probe_ptx_f16_g48_s00_p03,probe_before,3,0,1,139903.123815,139903.125227,139903.124521,0.00141260400414,0.501023980003,5198251513,true,false
softmax_1784951179292_softmax_full_f16io_f32acc_ptx_ex2_approx_f16_r3,softmax_oratc_targeted_g48s1024_confirm_v1_20260725_sess03_pos1_ptx_f16_g48_s1024_cache_reuse_candidate_probe_ptx_f16_g48_s00_p03,probe_before,3,0,2,139903.625343,139903.62673,139903.626037,0.00138660398079,1.00253978602,5198370991,true,false
softmax_1784951179292_softmax_full_f16io_f32acc_ptx_ex2_approx_f16_r3,softmax_oratc_targeted_g48s1024_confirm_v1_20260725_sess03_pos1_ptx_f16_g48_s1024_cache_reuse_candidate_probe_ptx_f16_g48_s00_p03,probe_before,3,0,3,139904.126844,139904.128253,139904.127549,0.00140930400812,1.50405176103,5198489844,true,true
softmax_1784951179292_softmax_full_f16io_f32acc_ptx_ex2_approx_f16_r3,softmax_oratc_targeted_g48s1024_confirm_v1_20260725_sess03_pos1_ptx_f16_g48_s1024_cache_reuse_candidate_probe_ptx_f16_g48_s00_p03,probe_before,3,0,4,139904.628369,139904.629736,139904.629052,0.00136710400693,2.00555521002,5198608261,true,true
softmax_1784951179292_softmax_full_f16io_f32acc_ptx_ex2_approx_f16_r3,softmax_oratc_targeted_g48s1024_confirm_v1_20260725_sess03_pos1_ptx_f16_g48_s1024_cache_reuse_candidate_probe_ptx_f16_g48_s00_p03,probe_before,3,0,5,139905.12987,139905.133667,139905.131769,0.00379681101185,2.50827193153,5198726473,true,true
softmax_1784951179292_softmax_full_f16io_f32acc_ptx_ex2_approx_f16_r3,softmax_oratc_targeted_g48s1024_confirm_v1_20260725_sess03_pos1_ptx_f16_g48_s1024_cache_reuse_candidate_probe_ptx_f16_g48_s00_p03,probe_before,3,0,6,139905.633783,139905.635122,139905.634453,0.00133879599161,3.01095565001,5198848851,true,true
softmax_1784951179292_softmax_full_f16io_f32acc_ptx_ex2_approx_f16_r3,softmax_oratc_targeted_g48s1024_confirm_v1_20260725_sess03_pos1_ptx_f16_g48_s1024_cache_reuse_candidate_probe_ptx_f16_g48_s00_p03,probe_before,3,0,7,139906.135241,139906.136583,139906.135912,0.00134179598535,3.51241471103,5198971085,true,true
softmax_1784951179292_softmax_full_f16io_f32acc_ptx_ex2_approx_f16_r3,softmax_oratc_targeted_g48s1024_confirm_v1_20260725_sess03_pos1_ptx_f16_g48_s1024_cache_reuse_candidate_probe_ptx_f16_g48_s00_p03,probe_before,3,0,8,139906.636699,139906.638068,139906.637384,0.00136969500454,4.0138867475,5199092973,true,true
softmax_1784951179292_softmax_full_f16io_f32acc_ptx_ex2_approx_f16_r3,softmax_oratc_targeted_g48s1024_confirm_v1_20260725_sess03_pos1_ptx_f16_g48_s1024_cache_reuse_candidate_probe_ptx_f16_g48_s00_p03,probe_before,3,0,9,139907.138195,139907.139652,139907.138924,0.00145679499838,4.5154269005,5199214346,true,true
softmax_1784951179292_softmax_full_f16io_f32acc_ptx_ex2_approx_f16_r3,softmax_oratc_targeted_g48s1024_confirm_v1_20260725_sess03_pos1_ptx_f16_g48_s1024_cache_reuse_candidate_probe_ptx_f16_g48_s00_p03,probe_before,3,0,10,139907.639771,139907.641181,139907.640476,0.00140929501504,5.01697917952,5199335144,true,true
softmax_1784951179292_softmax_full_f16io_f32acc_ptx_ex2_approx_f16_r3,softmax_oratc_targeted_g48s1024_confirm_v1_20260725_sess03_pos1_ptx_f16_g48_s1024_cache_reuse_candidate_probe_ptx_f16_g48_s00_p03,probe_before,3,0,11,139908.141304,139908.142708,139908.142006,0.00140379500226,5.51850907554,5199455305,true,true
softmax_1784951179292_softmax_full_f16io_f32acc_ptx_ex2_approx_f16_r3,softmax_oratc_targeted_g48s1024_confirm_v1_20260725_sess03_pos1_ptx_f16_g48_s1024_cache_reuse_candidate_probe_ptx_f16_g48_s00_p03,probe_before,3,0,12,139908.642821,139908.645399,139908.64411,0.00257749197772,6.02061319601,5199574886,true,true
softmax_1784951179292_softmax_full_f16io_f32acc_ptx_ex2_approx_f16_r3,softmax_oratc_targeted_g48s1024_confirm_v1_20260725_sess03_pos1_ptx_f16_g48_s1024_cache_reuse_candidate_probe_ptx_f16_g48_s00_p03,probe_before,3,0,13,139909.145524,139909.146941,139909.146233,0.00141620298382,6.52273561052,5199694070,true,true
softmax_1784951179292_softmax_full_f16io_f32acc_ptx_ex2_approx_f16_r3,softmax_oratc_targeted_g48s1024_confirm_v1_20260725_sess03_pos1_ptx_f16_g48_s1024_cache_reuse_candidate_probe_ptx_f16_g48_s00_p03,probe_before,3,0,14,139909.647057,139909.652399,139909.649728,0.00534151401371,7.02623127701,5199812818,true,true
softmax_1784951179292_softmax_full_f16io_f32acc_ptx_ex2_approx_f16_r3,softmax_oratc_targeted_g48s1024_confirm_v1_20260725_sess03_pos1_ptx_f16_g48_s1024_cache_reuse_candidate_probe_ptx_f16_g48_s00_p03,probe_before,3,0,15,139910.152494,139910.153838,139910.153166,0.00134370400338,7.52966941003,5199935362,true,true
softmax_1784951179292_softmax_full_f16io_f32acc_ptx_ex2_approx_f16_r3,softmax_oratc_targeted_g48s1024_confirm_v1_20260725_sess03_pos1_ptx_f16_g48_s1024_cache_reuse_candidate_probe_ptx_f16_g48_s00_p03,probe_before,3,0,16,139910.653953,139910.655353,139910.654653,0.00140060400008,8.03115611404,5200057671,true,true
softmax_1784951179292_softmax_full_f16io_f32acc_ptx_ex2_approx_f16_r3,softmax_oratc_targeted_g48s1024_confirm_v1_20260725_sess03_pos1_ptx_f16_g48_s1024_cache_reuse_candidate_probe_ptx_f16_g48_s00_p03,probe_before,3,0,17,139911.155469,139911.156845,139911.156157,0.00137590398663,8.53266043399,5200179456,true,true
softmax_1784951179292_softmax_full_f16io_f32acc_ptx_ex2_approx_f16_r3,softmax_oratc_targeted_g48s1024_confirm_v1_20260725_sess03_pos1_ptx_f16_g48_s1024_cache_reuse_candidate_probe_ptx_f16_g48_s00_p03,probe_before,3,0,18,139911.656962,139911.658345,139911.657654,0.00138290401082,9.03415663101,5200300561,true,true
softmax_1784951179292_softmax_full_f16io_f32acc_ptx_ex2_approx_f16_r3,softmax_oratc_targeted_g48s1024_confirm_v1_20260725_sess03_pos1_ptx_f16_g48_s1024_cache_reuse_candidate_probe_ptx_f16_g48_s00_p03,probe_before,3,0,19,139912.158466,139912.159902,139912.159184,0.0014360039786,9.535686894,5200421048,true,true
softmax_1784951179292_softmax_full_f16io_f32acc_ptx_ex2_approx_f16_r3,softmax_oratc_targeted_g48s1024_confirm_v1_20260725_sess03_pos1_ptx_f16_g48_s1024_cache_reuse_candidate_probe_ptx_f16_g48_s00_p03,probe_before,3,0,20,139912.660036,139912.661424,139912.66073,0.00138800399145,10.037233133,5200541039,true,true
softmax_1784951179292_softmax_full_f16io_f32acc_ptx_ex2_approx_f16_r3,softmax_oratc_targeted_g48s1024_confirm_v1_20260725_sess03_pos1_ptx_f16_g48_s1024_cache_reuse_candidate_probe_ptx_f16_g48_s00_p03,probe_before,3,0,21,139913.16154,139913.162914,139913.162227,0.00137400400126,10.538730288,5200660621,true,true
softmax_1784951179292_softmax_full_f16io_f32acc_ptx_ex2_approx_f16_r3,softmax_oratc_targeted_g48s1024_confirm_v1_20260725_sess03_pos1_ptx_f16_g48_s1024_cache_reuse_candidate_probe_ptx_f16_g48_s00_p03,probe_before,3,0,22,139913.66304,139913.664393,139913.663717,0.00135259499075,11.0402197485,5200779962,true,true
softmax_1784951179292_softmax_full_f16io_f32acc_ptx_ex2_approx_f16_r3,softmax_oratc_targeted_g48s1024_confirm_v1_20260725_sess03_pos1_ptx_f16_g48_s1024_cache_reuse_candidate_probe_ptx_f16_g48_s00_p03,probe_before,3,0,23,139914.164508,139914.165909,139914.165209,0.0014017939975,11.541711614,5200899070,true,false
softmax_1784951179292_softmax_full_f16io_f32acc_ptx_ex2_approx_f16_r3,softmax_oratc_targeted_g48s1024_confirm_v1_20260725_sess03_pos1_ptx_f16_g48_s1024_cache_reuse_candidate_probe_ptx_f16_g48_s00_p03,probe_before,3,0,24,139914.666023,139914.670716,139914.66837,0.00469348297338,12.0448727505,5201018027,true,false
softmax_1784951179292_softmax_full_f16io_f32acc_ptx_ex2_approx_f16_r3,softmax_oratc_targeted_g48s1024_confirm_v1_20260725_sess03_pos1_ptx_f16_g48_s1024_cache_reuse_candidate_probe_ptx_f16_g48_s00_p03,probe_before,3,0,25,139915.021585,139915.023031,139915.022308,0.00144589500269,12.3988113145,5201101879,true,false
softmax_1784951191703_softmax_full_f16io_f32acc_ptx_ex2_approx_f16_r3,softmax_oratc_targeted_g48s1024_confirm_v1_20260725_sess03_pos1_ptx_f16_g48_s1024_cache_reuse_candidate_probe_ptx_f16_g48_s00_p03,full,3,1,0,139915.033461,139915.034649,139915.034055,0.00118829499115,-0.000599847524427,5201101879,false,false
softmax_1784951191703_softmax_full_f16io_f32acc_ptx_ex2_approx_f16_r3,softmax_oratc_targeted_g48s1024_confirm_v1_20260725_sess03_pos1_ptx_f16_g48_s1024_cache_reuse_candidate_probe_ptx_f16_g48_s00_p03,full,3,1,1,139915.53493,139915.536355,139915.535642,0.00142519400106,0.500987025967,5201217510,true,false
softmax_1784951191703_softmax_full_f16io_f32acc_ptx_ex2_approx_f16_r3,softmax_oratc_targeted_g48s1024_confirm_v1_20260725_sess03_pos1_ptx_f16_g48_s1024_cache_reuse_candidate_probe_ptx_f16_g48_s00_p03,full,3,1,2,139916.036506,139916.037901,139916.037204,0.00139499502257,1.00254887549,5201338528,true,false
softmax_1784951191703_softmax_full_f16io_f32acc_ptx_ex2_approx_f16_r3,softmax_oratc_targeted_g48s1024_confirm_v1_20260725_sess03_pos1_ptx_f16_g48_s1024_cache_reuse_candidate_probe_ptx_f16_g48_s00_p03,full,3,1,3,139916.538032,139916.539421,139916.538727,0.00138849500217,1.50407159148,5201459099,true,true
softmax_1784951191703_softmax_full_f16io_f32acc_ptx_ex2_approx_f16_r3,softmax_oratc_targeted_g48s1024_confirm_v1_20260725_sess03_pos1_ptx_f16_g48_s1024_cache_reuse_candidate_probe_ptx_f16_g48_s00_p03,full,3,1,4,139917.039589,139917.041921,139917.040755,0.00233250600286,2.00609966399,5201579123,true,true
softmax_1784951191703_softmax_full_f16io_f32acc_ptx_ex2_approx_f16_r3,softmax_oratc_targeted_g48s1024_confirm_v1_20260725_sess03_pos1_ptx_f16_g48_s1024_cache_reuse_candidate_probe_ptx_f16_g48_s00_p03,full,3,1,5,139917.542075,139917.543517,139917.542796,0.0014424030087,2.5081406965,5201698869,true,true
softmax_1784951191703_softmax_full_f16io_f32acc_ptx_ex2_approx_f16_r3,softmax_oratc_targeted_g48s1024_confirm_v1_20260725_sess03_pos1_ptx_f16_g48_s1024_cache_reuse_candidate_probe_ptx_f16_g48_s00_p03,full,3,1,6,139918.043675,139918.045122,139918.044398,0.00144670400186,3.00974325201,5201818264,true,true
softmax_1784951191703_softmax_full_f16io_f32acc_ptx_ex2_approx_f16_r3,softmax_oratc_targeted_g48s1024_confirm_v1_20260725_sess03_pos1_ptx_f16_g48_s1024_cache_reuse_candidate_probe_ptx_f16_g48_s00_p03,full,3,1,7,139918.545259,139918.549637,139918.547448,0.00437841101666,3.51279292948,5201937349,true,true
softmax_1784951191703_softmax_full_f16io_f32acc_ptx_ex2_approx_f16_r3,softmax_oratc_targeted_g48s1024_confirm_v1_20260725_sess03_pos1_ptx_f16_g48_s1024_cache_reuse_candidate_probe_ptx_f16_g48_s00_p03,full,3,1,8,139919.049766,139919.051093,139919.05043,0.00132730300538,4.0157746305,5202060411,true,true
softmax_1784951191703_softmax_full_f16io_f32acc_ptx_ex2_approx_f16_r3,softmax_oratc_targeted_g48s1024_confirm_v1_20260725_sess03_pos1_ptx_f16_g48_s1024_cache_reuse_candidate_probe_ptx_f16_g48_s00_p03,full,3,1,9,139919.551254,139919.552643,139919.551949,0.00138850399526,4.517293596,5202182965,true,true
softmax_1784951191703_softmax_full_f16io_f32acc_ptx_ex2_approx_f16_r3,softmax_oratc_targeted_g48s1024_confirm_v1_20260725_sess03_pos1_ptx_f16_g48_s1024_cache_reuse_candidate_probe_ptx_f16_g48_s00_p03,full,3,1,10,139920.052807,139920.054163,139920.053485,0.00135520400363,5.018829935,5202304936,true,true
softmax_1784951191703_softmax_full_f16io_f32acc_ptx_ex2_approx_f16_r3,softmax_oratc_targeted_g48s1024_confirm_v1_20260725_sess03_pos1_ptx_f16_g48_s1024_cache_reuse_candidate_probe_ptx_f16_g48_s00_p03,full,3,1,11,139920.554281,139920.555625,139920.554953,0.00134450398036,5.52029769198,5202426283,true,true
softmax_1784951191703_softmax_full_f16io_f32acc_ptx_ex2_approx_f16_r3,softmax_oratc_targeted_g48s1024_confirm_v1_20260725_sess03_pos1_ptx_f16_g48_s1024_cache_reuse_candidate_probe_ptx_f16_g48_s00_p03,full,3,1,12,139921.055781,139921.057282,139921.056532,0.00150130401016,6.02187672298,5202547040,true,true
softmax_1784951191703_softmax_full_f16io_f32acc_ptx_ex2_approx_f16_r3,softmax_oratc_targeted_g48s1024_confirm_v1_20260725_sess03_pos1_ptx_f16_g48_s1024_cache_reuse_candidate_probe_ptx_f16_g48_s00_p03,full,3,1,13,139921.557407,139921.55884,139921.558124,0.00143269498949,6.5234687255,5202667592,true,true
softmax_1784951191703_softmax_full_f16io_f32acc_ptx_ex2_approx_f16_r3,softmax_oratc_targeted_g48s1024_confirm_v1_20260725_sess03_pos1_ptx_f16_g48_s1024_cache_reuse_candidate_probe_ptx_f16_g48_s00_p03,full,3,1,14,139922.059002,139922.060391,139922.059697,0.0013891949784,7.02504169449,5202787808,true,true
softmax_1784951191703_softmax_full_f16io_f32acc_ptx_ex2_approx_f16_r3,softmax_oratc_targeted_g48s1024_confirm_v1_20260725_sess03_pos1_ptx_f16_g48_s1024_cache_reuse_candidate_probe_ptx_f16_g48_s00_p03,full,3,1,15,139922.560519,139922.561929,139922.561224,0.00140969600761,7.52656878199,5202907845,true,true
softmax_1784951191703_softmax_full_f16io_f32acc_ptx_ex2_approx_f16_r3,softmax_oratc_targeted_g48s1024_confirm_v1_20260725_sess03_pos1_ptx_f16_g48_s1024_cache_reuse_candidate_probe_ptx_f16_g48_s00_p03,full,3,1,16,139923.062096,139923.063506,139923.062801,0.00140969501808,8.02814604249,5203027641,true,true
softmax_1784951191703_softmax_full_f16io_f32acc_ptx_ex2_approx_f16_r3,softmax_oratc_targeted_g48s1024_confirm_v1_20260725_sess03_pos1_ptx_f16_g48_s1024_cache_reuse_candidate_probe_ptx_f16_g48_s00_p03,full,3,1,17,139923.563628,139923.568098,139923.565863,0.00447048500064,8.5312080165,5203146898,true,true
softmax_1784951191703_softmax_full_f16io_f32acc_ptx_ex2_approx_f16_r3,softmax_oratc_targeted_g48s1024_confirm_v1_20260725_sess03_pos1_ptx_f16_g48_s1024_cache_reuse_candidate_probe_ptx_f16_g48_s00_p03,full,3,1,18,139924.068259,139924.069639,139924.068949,0.0013798949949,9.03429391247,5203269782,true,true
softmax_1784951191703_softmax_full_f16io_f32acc_ptx_ex2_approx_f16_r3,softmax_oratc_targeted_g48s1024_confirm_v1_20260725_sess03_pos1_ptx_f16_g48_s1024_cache_reuse_candidate_probe_ptx_f16_g48_s00_p03,full,3,1,19,139924.569755,139924.571171,139924.570463,0.0014156960242,9.53580813401,5203392046,true,true
softmax_1784951191703_softmax_full_f16io_f32acc_ptx_ex2_approx_f16_r3,softmax_oratc_targeted_g48s1024_confirm_v1_20260725_sess03_pos1_ptx_f16_g48_s1024_cache_reuse_candidate_probe_ptx_f16_g48_s00_p03,full,3,1,20,139925.071301,139925.072692,139925.071996,0.00139080401277,10.037341169,5203513701,true,true
softmax_1784951191703_softmax_full_f16io_f32acc_ptx_ex2_approx_f16_r3,softmax_oratc_targeted_g48s1024_confirm_v1_20260725_sess03_pos1_ptx_f16_g48_s1024_cache_reuse_candidate_probe_ptx_f16_g48_s00_p03,full,3,1,21,139925.572804,139925.574118,139925.573461,0.00131380400853,10.53880594,5203635128,true,true
softmax_1784951191703_softmax_full_f16io_f32acc_ptx_ex2_approx_f16_r3,softmax_oratc_targeted_g48s1024_confirm_v1_20260725_sess03_pos1_ptx_f16_g48_s1024_cache_reuse_candidate_probe_ptx_f16_g48_s00_p03,full,3,1,22,139926.074276,139926.075669,139926.074972,0.00139280300937,11.0403170325,5203756358,true,true
softmax_1784951191703_softmax_full_f16io_f32acc_ptx_ex2_approx_f16_r3,softmax_oratc_targeted_g48s1024_confirm_v1_20260725_sess03_pos1_ptx_f16_g48_s1024_cache_reuse_candidate_probe_ptx_f16_g48_s00_p03,full,3,1,23,139926.575785,139926.577142,139926.576464,0.00135730401962,11.541808495,5203877371,true,false
softmax_1784951191703_softmax_full_f16io_f32acc_ptx_ex2_approx_f16_r3,softmax_oratc_targeted_g48s1024_confirm_v1_20260725_sess03_pos1_ptx_f16_g48_s1024_cache_reuse_candidate_probe_ptx_f16_g48_s00_p03,full,3,1,24,139927.07728,139927.078745,139927.078013,0.00146470402251,12.043357729,5203998186,true,false
softmax_1784951191703_softmax_full_f16io_f32acc_ptx_ex2_approx_f16_r3,softmax_oratc_targeted_g48s1024_confirm_v1_20260725_sess03_pos1_ptx_f16_g48_s1024_cache_reuse_candidate_probe_ptx_f16_g48_s00_p03,full,3,1,25,139927.444898,139927.446823,139927.445861,0.00192530499771,12.4112055165,5204080852,true,false
softmax_1784951204124_softmax_full_f16io_f32acc_ptx_ex2_approx_f16_r3,softmax_oratc_targeted_g48s1024_confirm_v1_20260725_sess03_pos1_ptx_f16_g48_s1024_cache_reuse_candidate_probe_ptx_f16_g48_s00_p03,probe_after,3,2,0,139927.454062,139927.455308,139927.454685,0.00124570299522,-0.000629051501164,5204080852,false,false
softmax_1784951204124_softmax_full_f16io_f32acc_ptx_ex2_approx_f16_r3,softmax_oratc_targeted_g48s1024_confirm_v1_20260725_sess03_pos1_ptx_f16_g48_s1024_cache_reuse_candidate_probe_ptx_f16_g48_s00_p03,probe_after,3,2,1,139927.955613,139927.957091,139927.956352,0.00147840401041,0.501037873997,5204196710,true,false
softmax_1784951204124_softmax_full_f16io_f32acc_ptx_ex2_approx_f16_r3,softmax_oratc_targeted_g48s1024_confirm_v1_20260725_sess03_pos1_ptx_f16_g48_s1024_cache_reuse_candidate_probe_ptx_f16_g48_s00_p03,probe_after,3,2,2,139928.457217,139928.458591,139928.457904,0.00137430400355,1.00259020901,5204316380,true,false
softmax_1784951204124_softmax_full_f16io_f32acc_ptx_ex2_approx_f16_r3,softmax_oratc_targeted_g48s1024_confirm_v1_20260725_sess03_pos1_ptx_f16_g48_s1024_cache_reuse_candidate_probe_ptx_f16_g48_s00_p03,probe_after,3,2,3,139928.958727,139928.960076,139928.959401,0.00134930401691,1.50408732399,5204435457,true,true
softmax_1784951204124_softmax_full_f16io_f32acc_ptx_ex2_approx_f16_r3,softmax_oratc_targeted_g48s1024_confirm_v1_20260725_sess03_pos1_ptx_f16_g48_s1024_cache_reuse_candidate_probe_ptx_f16_g48_s00_p03,probe_after,3,2,4,139929.460246,139929.461584,139929.460915,0.00133809601539,2.00560137499,5204554020,true,true
softmax_1784951204124_softmax_full_f16io_f32acc_ptx_ex2_approx_f16_r3,softmax_oratc_targeted_g48s1024_confirm_v1_20260725_sess03_pos1_ptx_f16_g48_s1024_cache_reuse_candidate_probe_ptx_f16_g48_s00_p03,probe_after,3,2,5,139929.961704,139929.966023,139929.963863,0.00431948798359,2.50854948701,5204672406,true,true
softmax_1784951204124_softmax_full_f16io_f32acc_ptx_ex2_approx_f16_r3,softmax_oratc_targeted_g48s1024_confirm_v1_20260725_sess03_pos1_ptx_f16_g48_s1024_cache_reuse_candidate_probe_ptx_f16_g48_s00_p03,probe_after,3,2,6,139930.466179,139930.467605,139930.466892,0.00142649601912,3.011578109,5204794786,true,true
softmax_1784951204124_softmax_full_f16io_f32acc_ptx_ex2_approx_f16_r3,softmax_oratc_targeted_g48s1024_confirm_v1_20260725_sess03_pos1_ptx_f16_g48_s1024_cache_reuse_candidate_probe_ptx_f16_g48_s00_p03,probe_after,3,2,7,139930.967773,139930.969151,139930.968462,0.00137779599754,3.513147816,5204917027,true,true
softmax_1784951204124_softmax_full_f16io_f32acc_ptx_ex2_approx_f16_r3,softmax_oratc_targeted_g48s1024_confirm_v1_20260725_sess03_pos1_ptx_f16_g48_s1024_cache_reuse_candidate_probe_ptx_f16_g48_s00_p03,probe_after,3,2,8,139931.469322,139931.470721,139931.470021,0.00139889598358,4.014707133,5205038801,true,true
softmax_1784951204124_softmax_full_f16io_f32acc_ptx_ex2_approx_f16_r3,softmax_oratc_targeted_g48s1024_confirm_v1_20260725_sess03_pos1_ptx_f16_g48_s1024_cache_reuse_candidate_probe_ptx_f16_g48_s00_p03,probe_after,3,2,9,139931.970882,139931.972298,139931.97159,0.00141609599814,4.51627583001,5205159960,true,true
softmax_1784951204124_softmax_full_f16io_f32acc_ptx_ex2_approx_f16_r3,softmax_oratc_targeted_g48s1024_confirm_v1_20260725_sess03_pos1_ptx_f16_g48_s1024_cache_reuse_candidate_probe_ptx_f16_g48_s00_p03,probe_after,3,2,10,139932.47243,139932.473801,139932.473116,0.0013709970226,5.01780188849,5205280500,true,true
softmax_1784951204124_softmax_full_f16io_f32acc_ptx_ex2_approx_f16_r3,softmax_oratc_targeted_g48s1024_confirm_v1_20260725_sess03_pos1_ptx_f16_g48_s1024_cache_reuse_candidate_probe_ptx_f16_g48_s00_p03,probe_after,3,2,11,139932.973929,139932.975245,139932.974587,0.00131609701202,5.51927257652,5205400489,true,true
softmax_1784951204124_softmax_full_f16io_f32acc_ptx_ex2_approx_f16_r3,softmax_oratc_targeted_g48s1024_confirm_v1_20260725_sess03_pos1_ptx_f16_g48_s1024_cache_reuse_candidate_probe_ptx_f16_g48_s00_p03,probe_after,3,2,12,139933.475404,139933.476755,139933.47608,0.00135110298288,6.02076567049,5205519920,true,true
softmax_1784951204124_softmax_full_f16io_f32acc_ptx_ex2_approx_f16_r3,softmax_oratc_targeted_g48s1024_confirm_v1_20260725_sess03_pos1_ptx_f16_g48_s1024_cache_reuse_candidate_probe_ptx_f16_g48_s00_p03,probe_after,3,2,13,139933.976914,139933.978326,139933.97762,0.00141210400034,6.52230606199,5205639064,true,true
softmax_1784951204124_softmax_full_f16io_f32acc_ptx_ex2_approx_f16_r3,softmax_oratc_targeted_g48s1024_confirm_v1_20260725_sess03_pos1_ptx_f16_g48_s1024_cache_reuse_candidate_probe_ptx_f16_g48_s00_p03,probe_after,3,2,14,139934.478445,139934.479843,139934.479144,0.00139780400787,7.02382961501,5205757952,true,true
softmax_1784951204124_softmax_full_f16io_f32acc_ptx_ex2_approx_f16_r3,softmax_oratc_targeted_g48s1024_confirm_v1_20260725_sess03_pos1_ptx_f16_g48_s1024_cache_reuse_candidate_probe_ptx_f16_g48_s00_p03,probe_after,3,2,15,139934.979961,139934.984401,139934.982181,0.00443981197895,7.526867351,5205876781,true,true
softmax_1784951204124_softmax_full_f16io_f32acc_ptx_ex2_approx_f16_r3,softmax_oratc_targeted_g48s1024_confirm_v1_20260725_sess03_pos1_ptx_f16_g48_s1024_cache_reuse_candidate_probe_ptx_f16_g48_s00_p03,probe_after,3,2,16,139935.484563,139935.486062,139935.485312,0.00149970399798,8.02999834999,5205999303,true,true
softmax_1784951204124_softmax_full_f16io_f32acc_ptx_ex2_approx_f16_r3,softmax_oratc_targeted_g48s1024_confirm_v1_20260725_sess03_pos1_ptx_f16_g48_s1024_cache_reuse_candidate_probe_ptx_f16_g48_s00_p03,probe_after,3,2,17,139935.986229,139935.98767,139935.98695,0.00144100398757,8.531635972,5206121349,true,true
softmax_1784951204124_softmax_full_f16io_f32acc_ptx_ex2_approx_f16_r3,softmax_oratc_targeted_g48s1024_confirm_v1_20260725_sess03_pos1_ptx_f16_g48_s1024_cache_reuse_candidate_probe_ptx_f16_g48_s00_p03,probe_after,3,2,18,139936.487828,139936.489212,139936.48852,0.00138420402072,9.033205757,5206242765,true,true
softmax_1784951204124_softmax_full_f16io_f32acc_ptx_ex2_approx_f16_r3,softmax_oratc_targeted_g48s1024_confirm_v1_20260725_sess03_pos1_ptx_f16_g48_s1024_cache_reuse_candidate_probe_ptx_f16_g48_s00_p03,probe_after,3,2,19,139936.989332,139936.990752,139936.990042,0.00142000400228,9.53472786999,5206363572,true,true
softmax_1784951204124_softmax_full_f16io_f32acc_ptx_ex2_approx_f16_r3,softmax_oratc_targeted_g48s1024_confirm_v1_20260725_sess03_pos1_ptx_f16_g48_s1024_cache_reuse_candidate_probe_ptx_f16_g48_s00_p03,probe_after,3,2,20,139937.490917,139937.492352,139937.491634,0.001435194019,10.036320333,5206483936,true,true
softmax_1784951204124_softmax_full_f16io_f32acc_ptx_ex2_approx_f16_r3,softmax_oratc_targeted_g48s1024_confirm_v1_20260725_sess03_pos1_ptx_f16_g48_s1024_cache_reuse_candidate_probe_ptx_f16_g48_s00_p03,probe_after,3,2,21,139937.992478,139937.994194,139937.993336,0.00171649298863,10.5380219715,5206604002,true,true
softmax_1784951204124_softmax_full_f16io_f32acc_ptx_ex2_approx_f16_r3,softmax_oratc_targeted_g48s1024_confirm_v1_20260725_sess03_pos1_ptx_f16_g48_s1024_cache_reuse_candidate_probe_ptx_f16_g48_s00_p03,probe_after,3,2,22,139938.494357,139938.495674,139938.495016,0.00131679399055,11.039701523,5206723713,true,true
softmax_1784951204124_softmax_full_f16io_f32acc_ptx_ex2_approx_f16_r3,softmax_oratc_targeted_g48s1024_confirm_v1_20260725_sess03_pos1_ptx_f16_g48_s1024_cache_reuse_candidate_probe_ptx_f16_g48_s00_p03,probe_after,3,2,23,139938.995789,139938.997105,139938.996447,0.00131509499624,11.5411330035,5206867887,true,false
softmax_1784951204124_softmax_full_f16io_f32acc_ptx_ex2_approx_f16_r3,softmax_oratc_targeted_g48s1024_confirm_v1_20260725_sess03_pos1_ptx_f16_g48_s1024_cache_reuse_candidate_probe_ptx_f16_g48_s00_p03,probe_after,3,2,24,139939.497263,139939.498592,139939.497927,0.00132859399309,12.042613296,5206991349,true,false
softmax_1784951204124_softmax_full_f16io_f32acc_ptx_ex2_approx_f16_r3,softmax_oratc_targeted_g48s1024_confirm_v1_20260725_sess03_pos1_ptx_f16_g48_s1024_cache_reuse_candidate_probe_ptx_f16_g48_s00_p03,probe_after,3,2,25,139939.844509,139939.845879,139939.845194,0.00137009398895,12.38987984,5207053815,true,false
softmax_1784951216524_softmax_full_f16io_f32acc_ptx_ex2_approx_f16_r4,softmax_oratc_targeted_g48s1024_confirm_v1_20260725_sess03_pos1_ptx_f16_g48_s1024_cache_reuse_candidate_probe_ptx_f16_g48_s00_p04,probe_before,4,0,0,139939.853637,139939.854843,139939.85424,0.00120589500875,-0.000608947477303,5207053815,false,false
softmax_1784951216524_softmax_full_f16io_f32acc_ptx_ex2_approx_f16_r4,softmax_oratc_targeted_g48s1024_confirm_v1_20260725_sess03_pos1_ptx_f16_g48_s1024_cache_reuse_candidate_probe_ptx_f16_g48_s00_p04,probe_before,4,0,1,139940.355108,139940.35656,139940.355834,0.00145179498941,0.500985273509,5207168871,true,false
softmax_1784951216524_softmax_full_f16io_f32acc_ptx_ex2_approx_f16_r4,softmax_oratc_targeted_g48s1024_confirm_v1_20260725_sess03_pos1_ptx_f16_g48_s1024_cache_reuse_candidate_probe_ptx_f16_g48_s00_p04,probe_before,4,0,2,139940.856713,139940.858105,139940.857409,0.00139240300632,1.00256020454,5207287628,true,false
softmax_1784951216524_softmax_full_f16io_f32acc_ptx_ex2_approx_f16_r4,softmax_oratc_targeted_g48s1024_confirm_v1_20260725_sess03_pos1_ptx_f16_g48_s1024_cache_reuse_candidate_probe_ptx_f16_g48_s00_p04,probe_before,4,0,3,139941.358273,139941.362453,139941.360363,0.00418001101934,1.50551461353,5207405826,true,true
softmax_1784951216524_softmax_full_f16io_f32acc_ptx_ex2_approx_f16_r4,softmax_oratc_targeted_g48s1024_confirm_v1_20260725_sess03_pos1_ptx_f16_g48_s1024_cache_reuse_candidate_probe_ptx_f16_g48_s00_p04,probe_before,4,0,4,139941.862608,139941.863975,139941.863292,0.00136730298982,2.0084428105,5207527865,true,true
softmax_1784951216524_softmax_full_f16io_f32acc_ptx_ex2_approx_f16_r4,softmax_oratc_targeted_g48s1024_confirm_v1_20260725_sess03_pos1_ptx_f16_g48_s1024_cache_reuse_candidate_probe_ptx_f16_g48_s00_p04,probe_before,4,0,5,139942.364103,139942.365448,139942.364776,0.00134490401251,2.509927156,5207649680,true,true
softmax_1784951216524_softmax_full_f16io_f32acc_ptx_ex2_approx_f16_r4,softmax_oratc_targeted_g48s1024_confirm_v1_20260725_sess03_pos1_ptx_f16_g48_s1024_cache_reuse_candidate_probe_ptx_f16_g48_s00_p04,probe_before,4,0,6,139942.865611,139942.867008,139942.86631,0.00139690301148,3.01146083951,5207771309,true,true
softmax_1784951216524_softmax_full_f16io_f32acc_ptx_ex2_approx_f16_r4,softmax_oratc_targeted_g48s1024_confirm_v1_20260725_sess03_pos1_ptx_f16_g48_s1024_cache_reuse_candidate_probe_ptx_f16_g48_s00_p04,probe_before,4,0,7,139943.367153,139943.368544,139943.367848,0.00139170399052,3.512999625,5207892591,true,true
softmax_1784951216524_softmax_full_f16io_f32acc_ptx_ex2_approx_f16_r4,softmax_oratc_targeted_g48s1024_confirm_v1_20260725_sess03_pos1_ptx_f16_g48_s1024_cache_reuse_candidate_probe_ptx_f16_g48_s00_p04,probe_before,4,0,8,139943.868663,139943.870063,139943.869363,0.00139940300141,4.01451419853,5208013339,true,true
softmax_1784951216524_softmax_full_f16io_f32acc_ptx_ex2_approx_f16_r4,softmax_oratc_targeted_g48s1024_confirm_v1_20260725_sess03_pos1_ptx_f16_g48_s1024_cache_reuse_candidate_probe_ptx_f16_g48_s00_p04,probe_before,4,0,9,139944.370225,139944.371609,139944.370917,0.00138420402072,4.51606862401,5208133552,true,true
softmax_1784951216524_softmax_full_f16io_f32acc_ptx_ex2_approx_f16_r4,softmax_oratc_targeted_g48s1024_confirm_v1_20260725_sess03_pos1_ptx_f16_g48_s1024_cache_reuse_candidate_probe_ptx_f16_g48_s00_p04,probe_before,4,0,10,139944.87174,139944.873127,139944.872433,0.00138720398536,5.01758448701,5208253242,true,true
softmax_1784951216524_softmax_full_f16io_f32acc_ptx_ex2_approx_f16_r4,softmax_oratc_targeted_g48s1024_confirm_v1_20260725_sess03_pos1_ptx_f16_g48_s1024_cache_reuse_candidate_probe_ptx_f16_g48_s00_p04,probe_before,4,0,11,139945.373323,139945.37471,139945.374016,0.00138730200706,5.519167591,5208372386,true,true
softmax_1784951216524_softmax_full_f16io_f32acc_ptx_ex2_approx_f16_r4,softmax_oratc_targeted_g48s1024_confirm_v1_20260725_sess03_pos1_ptx_f16_g48_s1024_cache_reuse_candidate_probe_ptx_f16_g48_s00_p04,probe_before,4,0,12,139945.874876,139945.876235,139945.875555,0.00135870100348,6.0207064405,5208491037,true,true
softmax_1784951216524_softmax_full_f16io_f32acc_ptx_ex2_approx_f16_r4,softmax_oratc_targeted_g48s1024_confirm_v1_20260725_sess03_pos1_ptx_f16_g48_s1024_cache_reuse_candidate_probe_ptx_f16_g48_s00_p04,probe_before,4,0,13,139946.376392,139946.380891,139946.378642,0.00449820599169,6.52379274502,5208609404,true,true
softmax_1784951216524_softmax_full_f16io_f32acc_ptx_ex2_approx_f16_r4,softmax_oratc_targeted_g48s1024_confirm_v1_20260725_sess03_pos1_ptx_f16_g48_s1024_cache_reuse_candidate_probe_ptx_f16_g48_s00_p04,probe_before,4,0,14,139946.881076,139946.882446,139946.881761,0.00137050199555,7.026912286,5208731819,true,true
softmax_1784951216524_softmax_full_f16io_f32acc_ptx_ex2_approx_f16_r4,softmax_oratc_targeted_g48s1024_confirm_v1_20260725_sess03_pos1_ptx_f16_g48_s1024_cache_reuse_candidate_probe_ptx_f16_g48_s00_p04,probe_before,4,0,15,139947.382583,139947.383934,139947.383258,0.00135100100306,7.52840962849,5208853987,true,true
softmax_1784951216524_softmax_full_f16io_f32acc_ptx_ex2_approx_f16_r4,softmax_oratc_targeted_g48s1024_confirm_v1_20260725_sess03_pos1_ptx_f16_g48_s1024_cache_reuse_candidate_probe_ptx_f16_g48_s00_p04,probe_before,4,0,16,139947.88406,139947.885476,139947.884768,0.00141620199429,8.02991945701,5208975797,true,true
softmax_1784951216524_softmax_full_f16io_f32acc_ptx_ex2_approx_f16_r4,softmax_oratc_targeted_g48s1024_confirm_v1_20260725_sess03_pos1_ptx_f16_g48_s1024_cache_reuse_candidate_probe_ptx_f16_g48_s00_p04,probe_before,4,0,17,139948.385607,139948.387003,139948.386305,0.00139620198752,8.531455989,5209096992,true,true
softmax_1784951216524_softmax_full_f16io_f32acc_ptx_ex2_approx_f16_r4,softmax_oratc_targeted_g48s1024_confirm_v1_20260725_sess03_pos1_ptx_f16_g48_s1024_cache_reuse_candidate_probe_ptx_f16_g48_s00_p04,probe_before,4,0,18,139948.887128,139948.88852,139948.887824,0.00139210201451,9.03297480702,5209217547,true,true
softmax_1784951216524_softmax_full_f16io_f32acc_ptx_ex2_approx_f16_r4,softmax_oratc_targeted_g48s1024_confirm_v1_20260725_sess03_pos1_ptx_f16_g48_s1024_cache_reuse_candidate_probe_ptx_f16_g48_s00_p04,probe_before,4,0,19,139949.388646,139949.390381,139949.389513,0.00173500200617,9.53466452903,5209337464,true,true
softmax_1784951216524_softmax_full_f16io_f32acc_ptx_ex2_approx_f16_r4,softmax_oratc_targeted_g48s1024_confirm_v1_20260725_sess03_pos1_ptx_f16_g48_s1024_cache_reuse_candidate_probe_ptx_f16_g48_s00_p04,probe_before,4,0,20,139949.890506,139949.891866,139949.891186,0.00136000200291,10.036337137,5209456840,true,true
softmax_1784951216524_softmax_full_f16io_f32acc_ptx_ex2_approx_f16_r4,softmax_oratc_targeted_g48s1024_confirm_v1_20260725_sess03_pos1_ptx_f16_g48_s1024_cache_reuse_candidate_probe_ptx_f16_g48_s00_p04,probe_before,4,0,21,139950.391979,139950.393476,139950.392727,0.0014969019976,10.537878398,5209575974,true,true
softmax_1784951216524_softmax_full_f16io_f32acc_ptx_ex2_approx_f16_r4,softmax_oratc_targeted_g48s1024_confirm_v1_20260725_sess03_pos1_ptx_f16_g48_s1024_cache_reuse_candidate_probe_ptx_f16_g48_s00_p04,probe_before,4,0,22,139950.893588,139950.894877,139950.894233,0.00128960201982,11.039383794,5209719539,true,true
softmax_1784951216524_softmax_full_f16io_f32acc_ptx_ex2_approx_f16_r4,softmax_oratc_targeted_g48s1024_confirm_v1_20260725_sess03_pos1_ptx_f16_g48_s1024_cache_reuse_candidate_probe_ptx_f16_g48_s00_p04,probe_before,4,0,23,139951.394997,139951.399485,139951.397241,0.00448810699163,11.5423923975,5209842734,true,false
softmax_1784951216524_softmax_full_f16io_f32acc_ptx_ex2_approx_f16_r4,softmax_oratc_targeted_g48s1024_confirm_v1_20260725_sess03_pos1_ptx_f16_g48_s1024_cache_reuse_candidate_probe_ptx_f16_g48_s00_p04,probe_before,4,0,24,139951.899607,139951.901031,139951.900319,0.00142330300878,12.0454701855,5209965190,true,false
softmax_1784951216524_softmax_full_f16io_f32acc_ptx_ex2_approx_f16_r4,softmax_oratc_targeted_g48s1024_confirm_v1_20260725_sess03_pos1_ptx_f16_g48_s1024_cache_reuse_candidate_probe_ptx_f16_g48_s00_p04,probe_before,4,0,25,139952.253207,139952.254937,139952.254072,0.00173080299282,12.3992232895,5210027211,true,false
softmax_1784951228936_softmax_full_f16io_f32acc_ptx_ex2_approx_f16_r4,softmax_oratc_targeted_g48s1024_confirm_v1_20260725_sess03_pos1_ptx_f16_g48_s1024_cache_reuse_candidate_probe_ptx_f16_g48_s00_p04,full,4,1,0,139952.266113,139952.26732,139952.266716,0.00120720200357,-0.000609701004578,5210027211,false,false
softmax_1784951228936_softmax_full_f16io_f32acc_ptx_ex2_approx_f16_r4,softmax_oratc_targeted_g48s1024_confirm_v1_20260725_sess03_pos1_ptx_f16_g48_s1024_cache_reuse_candidate_probe_ptx_f16_g48_s00_p04,full,4,1,1,139952.767569,139952.768953,139952.768261,0.00138440399314,0.500934956974,5210138251,true,false
softmax_1784951228936_softmax_full_f16io_f32acc_ptx_ex2_approx_f16_r4,softmax_oratc_targeted_g48s1024_confirm_v1_20260725_sess03_pos1_ptx_f16_g48_s1024_cache_reuse_candidate_probe_ptx_f16_g48_s00_p04,full,4,1,2,139953.269067,139953.27046,139953.269764,0.00139290399966,1.00243786201,5210258033,true,false
softmax_1784951228936_softmax_full_f16io_f32acc_ptx_ex2_approx_f16_r4,softmax_oratc_targeted_g48s1024_confirm_v1_20260725_sess03_pos1_ptx_f16_g48_s1024_cache_reuse_candidate_probe_ptx_f16_g48_s00_p04,full,4,1,3,139953.770592,139953.771983,139953.771287,0.00139140099054,1.50396144949,5210377398,true,true
softmax_1784951228936_softmax_full_f16io_f32acc_ptx_ex2_approx_f16_r4,softmax_oratc_targeted_g48s1024_confirm_v1_20260725_sess03_pos1_ptx_f16_g48_s1024_cache_reuse_candidate_probe_ptx_f16_g48_s00_p04,full,4,1,4,139954.272107,139954.273437,139954.272772,0.00132979999762,2.00544640399,5210496482,true,true
softmax_1784951228936_softmax_full_f16io_f32acc_ptx_ex2_approx_f16_r4,softmax_oratc_targeted_g48s1024_confirm_v1_20260725_sess03_pos1_ptx_f16_g48_s1024_cache_reuse_candidate_probe_ptx_f16_g48_s00_p04,full,4,1,5,139954.773553,139954.778272,139954.775913,0.00471980101429,2.5085866935,5210615438,true,true
softmax_1784951228936_softmax_full_f16io_f32acc_ptx_ex2_approx_f16_r4,softmax_oratc_targeted_g48s1024_confirm_v1_20260725_sess03_pos1_ptx_f16_g48_s1024_cache_reuse_candidate_probe_ptx_f16_g48_s00_p04,full,4,1,6,139955.278389,139955.279762,139955.279075,0.00137310000719,3.01174933798,5210738272,true,true
softmax_1784951228936_softmax_full_f16io_f32acc_ptx_ex2_approx_f16_r4,softmax_oratc_targeted_g48s1024_confirm_v1_20260725_sess03_pos1_ptx_f16_g48_s1024_cache_reuse_candidate_probe_ptx_f16_g48_s00_p04,full,4,1,7,139955.779887,139955.781242,139955.780565,0.00135520001641,3.513238716,5210860912,true,true
softmax_1784951228936_softmax_full_f16io_f32acc_ptx_ex2_approx_f16_r4,softmax_oratc_targeted_g48s1024_confirm_v1_20260725_sess03_pos1_ptx_f16_g48_s1024_cache_reuse_candidate_probe_ptx_f16_g48_s00_p04,full,4,1,8,139956.281358,139956.282789,139956.282073,0.00143120100256,4.0147472485,5210983126,true,true
softmax_1784951228936_softmax_full_f16io_f32acc_ptx_ex2_approx_f16_r4,softmax_oratc_targeted_g48s1024_confirm_v1_20260725_sess03_pos1_ptx_f16_g48_s1024_cache_reuse_candidate_probe_ptx_f16_g48_s00_p04,full,4,1,9,139956.782952,139956.784424,139956.783688,0.00147170099081,4.51636186548,5211104674,true,true
softmax_1784951228936_softmax_full_f16io_f32acc_ptx_ex2_approx_f16_r4,softmax_oratc_targeted_g48s1024_confirm_v1_20260725_sess03_pos1_ptx_f16_g48_s1024_cache_reuse_candidate_probe_ptx_f16_g48_s00_p04,full,4,1,10,139957.28457,139957.286056,139957.285313,0.0014857010101,5.01798703748,5211225585,true,true
softmax_1784951228936_softmax_full_f16io_f32acc_ptx_ex2_approx_f16_r4,softmax_oratc_targeted_g48s1024_confirm_v1_20260725_sess03_pos1_ptx_f16_g48_s1024_cache_reuse_candidate_probe_ptx_f16_g48_s00_p04,full,4,1,11,139957.786221,139957.787934,139957.787078,0.00171320099616,5.5197516935,5211345832,true,true
softmax_1784951228936_softmax_full_f16io_f32acc_ptx_ex2_approx_f16_r4,softmax_oratc_targeted_g48s1024_confirm_v1_20260725_sess03_pos1_ptx_f16_g48_s1024_cache_reuse_candidate_probe_ptx_f16_g48_s00_p04,full,4,1,12,139958.288092,139958.28951,139958.288801,0.00141840099241,6.02147540348,5211465619,true,true
softmax_1784951228936_softmax_full_f16io_f32acc_ptx_ex2_approx_f16_r4,softmax_oratc_targeted_g48s1024_confirm_v1_20260725_sess03_pos1_ptx_f16_g48_s1024_cache_reuse_candidate_probe_ptx_f16_g48_s00_p04,full,4,1,13,139958.789637,139958.791053,139958.790345,0.00141560100019,6.5230192485,5211610056,true,true
softmax_1784951228936_softmax_full_f16io_f32acc_ptx_ex2_approx_f16_r4,softmax_oratc_targeted_g48s1024_confirm_v1_20260725_sess03_pos1_ptx_f16_g48_s1024_cache_reuse_candidate_probe_ptx_f16_g48_s00_p04,full,4,1,14,139959.29118,139959.292394,139959.291787,0.00121380397468,7.02446124898,5211733777,true,true
softmax_1784951228936_softmax_full_f16io_f32acc_ptx_ex2_approx_f16_r4,softmax_oratc_targeted_g48s1024_confirm_v1_20260725_sess03_pos1_ptx_f16_g48_s1024_cache_reuse_candidate_probe_ptx_f16_g48_s00_p04,full,4,1,15,139959.792549,139959.796845,139959.794697,0.00429551300476,7.52737092649,5211857464,true,true
softmax_1784951228936_softmax_full_f16io_f32acc_ptx_ex2_approx_f16_r4,softmax_oratc_targeted_g48s1024_confirm_v1_20260725_sess03_pos1_ptx_f16_g48_s1024_cache_reuse_candidate_probe_ptx_f16_g48_s00_p04,full,4,1,16,139960.296995,139960.298339,139960.297667,0.00134360400261,8.03034130699,5211980397,true,true
softmax_1784951228936_softmax_full_f16io_f32acc_ptx_ex2_approx_f16_r4,softmax_oratc_targeted_g48s1024_confirm_v1_20260725_sess03_pos1_ptx_f16_g48_s1024_cache_reuse_candidate_probe_ptx_f16_g48_s00_p04,full,4,1,17,139960.798476,139960.79981,139960.799143,0.00133360401378,8.53181686901,5212102836,true,true
softmax_1784951228936_softmax_full_f16io_f32acc_ptx_ex2_approx_f16_r4,softmax_oratc_targeted_g48s1024_confirm_v1_20260725_sess03_pos1_ptx_f16_g48_s1024_cache_reuse_candidate_probe_ptx_f16_g48_s00_p04,full,4,1,18,139961.299977,139961.301292,139961.300635,0.00131480401615,9.03330873299,5212224623,true,true
softmax_1784951228936_softmax_full_f16io_f32acc_ptx_ex2_approx_f16_r4,softmax_oratc_targeted_g48s1024_confirm_v1_20260725_sess03_pos1_ptx_f16_g48_s1024_cache_reuse_candidate_probe_ptx_f16_g48_s00_p04,full,4,1,19,139961.801466,139961.802862,139961.802164,0.00139589700848,9.53483822549,5212345806,true,true
softmax_1784951228936_softmax_full_f16io_f32acc_ptx_ex2_approx_f16_r4,softmax_oratc_targeted_g48s1024_confirm_v1_20260725_sess03_pos1_ptx_f16_g48_s1024_cache_reuse_candidate_probe_ptx_f16_g48_s00_p04,full,4,1,20,139962.302993,139962.30436,139962.303676,0.00136689699139,10.0363505725,5212466591,true,true
softmax_1784951228936_softmax_full_f16io_f32acc_ptx_ex2_approx_f16_r4,softmax_oratc_targeted_g48s1024_confirm_v1_20260725_sess03_pos1_ptx_f16_g48_s1024_cache_reuse_candidate_probe_ptx_f16_g48_s00_p04,full,4,1,21,139962.804496,139962.805853,139962.805174,0.00135619699722,10.5378486055,5212587130,true,true
softmax_1784951228936_softmax_full_f16io_f32acc_ptx_ex2_approx_f16_r4,softmax_oratc_targeted_g48s1024_confirm_v1_20260725_sess03_pos1_ptx_f16_g48_s1024_cache_reuse_candidate_probe_ptx_f16_g48_s00_p04,full,4,1,22,139963.306013,139963.307341,139963.306677,0.00132829701761,11.0393509405,5212707458,true,true
softmax_1784951228936_softmax_full_f16io_f32acc_ptx_ex2_approx_f16_r4,softmax_oratc_targeted_g48s1024_confirm_v1_20260725_sess03_pos1_ptx_f16_g48_s1024_cache_reuse_candidate_probe_ptx_f16_g48_s00_p04,full,4,1,23,139963.80748,139963.808805,139963.808143,0.0013246969902,11.5408166625,5212827586,true,false
softmax_1784951228936_softmax_full_f16io_f32acc_ptx_ex2_approx_f16_r4,softmax_oratc_targeted_g48s1024_confirm_v1_20260725_sess03_pos1_ptx_f16_g48_s1024_cache_reuse_candidate_probe_ptx_f16_g48_s00_p04,full,4,1,24,139964.308949,139964.310257,139964.309603,0.00130769700627,12.0422767855,5212947280,true,false
softmax_1784951228936_softmax_full_f16io_f32acc_ptx_ex2_approx_f16_r4,softmax_oratc_targeted_g48s1024_confirm_v1_20260725_sess03_pos1_ptx_f16_g48_s1024_cache_reuse_candidate_probe_ptx_f16_g48_s00_p04,full,4,1,25,139964.684431,139964.686068,139964.68525,0.00163759599673,12.417923781,5213007293,true,false
softmax_1784951241368_softmax_full_f16io_f32acc_ptx_ex2_approx_f16_r4,softmax_oratc_targeted_g48s1024_confirm_v1_20260725_sess03_pos1_ptx_f16_g48_s1024_cache_reuse_candidate_probe_ptx_f16_g48_s00_p04,probe_after,4,2,0,139964.697795,139964.698977,139964.698386,0.00118149700575,-0.000597048492637,5213022276,false,false
softmax_1784951241368_softmax_full_f16io_f32acc_ptx_ex2_approx_f16_r4,softmax_oratc_targeted_g48s1024_confirm_v1_20260725_sess03_pos1_ptx_f16_g48_s1024_cache_reuse_candidate_probe_ptx_f16_g48_s00_p04,probe_after,4,2,1,139965.199317,139965.200661,139965.199989,0.00134399699164,0.501006162522,5213142173,true,false
softmax_1784951241368_softmax_full_f16io_f32acc_ptx_ex2_approx_f16_r4,softmax_oratc_targeted_g48s1024_confirm_v1_20260725_sess03_pos1_ptx_f16_g48_s1024_cache_reuse_candidate_probe_ptx_f16_g48_s00_p04,probe_after,4,2,2,139965.700768,139965.702157,139965.701463,0.00138899698504,1.00247945249,5213262661,true,false
softmax_1784951241368_softmax_full_f16io_f32acc_ptx_ex2_approx_f16_r4,softmax_oratc_targeted_g48s1024_confirm_v1_20260725_sess03_pos1_ptx_f16_g48_s1024_cache_reuse_candidate_probe_ptx_f16_g48_s00_p04,probe_after,4,2,3,139966.20232,139966.203684,139966.203002,0.00136409699917,1.5040191015,5213382734,true,true
softmax_1784951241368_softmax_full_f16io_f32acc_ptx_ex2_approx_f16_r4,softmax_oratc_targeted_g48s1024_confirm_v1_20260725_sess03_pos1_ptx_f16_g48_s1024_cache_reuse_candidate_probe_ptx_f16_g48_s00_p04,probe_after,4,2,4,139966.703852,139966.705152,139966.704502,0.0012994039862,2.005518747,5213502540,true,true
softmax_1784951241368_softmax_full_f16io_f32acc_ptx_ex2_approx_f16_r4,softmax_oratc_targeted_g48s1024_confirm_v1_20260725_sess03_pos1_ptx_f16_g48_s1024_cache_reuse_candidate_probe_ptx_f16_g48_s00_p04,probe_after,4,2,5,139967.205357,139967.206758,139967.206058,0.00140050399932,2.50707443399,5213622145,true,true
softmax_1784951241368_softmax_full_f16io_f32acc_ptx_ex2_approx_f16_r4,softmax_oratc_targeted_g48s1024_confirm_v1_20260725_sess03_pos1_ptx_f16_g48_s1024_cache_reuse_candidate_probe_ptx_f16_g48_s00_p04,probe_after,4,2,6,139967.706893,139967.70833,139967.707612,0.00143680398469,3.00862864903,5213741513,true,true
softmax_1784951241368_softmax_full_f16io_f32acc_ptx_ex2_approx_f16_r4,softmax_oratc_targeted_g48s1024_confirm_v1_20260725_sess03_pos1_ptx_f16_g48_s1024_cache_reuse_candidate_probe_ptx_f16_g48_s00_p04,probe_after,4,2,7,139968.208456,139968.209805,139968.209131,0.00134830398019,3.51014747401,5213860538,true,true
softmax_1784951241368_softmax_full_f16io_f32acc_ptx_ex2_approx_f16_r4,softmax_oratc_targeted_g48s1024_confirm_v1_20260725_sess03_pos1_ptx_f16_g48_s1024_cache_reuse_candidate_probe_ptx_f16_g48_s00_p04,probe_after,4,2,8,139968.709942,139968.713908,139968.711925,0.00396591299796,4.01294208053,5213979034,true,true
softmax_1784951241368_softmax_full_f16io_f32acc_ptx_ex2_approx_f16_r4,softmax_oratc_targeted_g48s1024_confirm_v1_20260725_sess03_pos1_ptx_f16_g48_s1024_cache_reuse_candidate_probe_ptx_f16_g48_s00_p04,probe_after,4,2,9,139969.214076,139969.21542,139969.214748,0.0013439040049,4.51576499702,5214101345,true,true
softmax_1784951241368_softmax_full_f16io_f32acc_ptx_ex2_approx_f16_r4,softmax_oratc_targeted_g48s1024_confirm_v1_20260725_sess03_pos1_ptx_f16_g48_s1024_cache_reuse_candidate_probe_ptx_f16_g48_s00_p04,probe_after,4,2,10,139969.71555,139969.7169,139969.716225,0.00134988498758,5.01724185553,5214223042,true,true
softmax_1784951241368_softmax_full_f16io_f32acc_ptx_ex2_approx_f16_r4,softmax_oratc_targeted_g48s1024_confirm_v1_20260725_sess03_pos1_ptx_f16_g48_s1024_cache_reuse_candidate_probe_ptx_f16_g48_s00_p04,probe_after,4,2,11,139970.217037,139970.218394,139970.217715,0.00135698600207,5.51873223102,5214344191,true,true
softmax_1784951241368_softmax_full_f16io_f32acc_ptx_ex2_approx_f16_r4,softmax_oratc_targeted_g48s1024_confirm_v1_20260725_sess03_pos1_ptx_f16_g48_s1024_cache_reuse_candidate_probe_ptx_f16_g48_s00_p04,probe_after,4,2,12,139970.718528,139970.719855,139970.719191,0.0013268860057,6.020208136,5214465185,true,true
softmax_1784951241368_softmax_full_f16io_f32acc_ptx_ex2_approx_f16_r4,softmax_oratc_targeted_g48s1024_confirm_v1_20260725_sess03_pos1_ptx_f16_g48_s1024_cache_reuse_candidate_probe_ptx_f16_g48_s00_p04,probe_after,4,2,13,139971.219986,139971.22132,139971.220653,0.0013343860046,6.52166995002,5214585938,true,true
softmax_1784951241368_softmax_full_f16io_f32acc_ptx_ex2_approx_f16_r4,softmax_oratc_targeted_g48s1024_confirm_v1_20260725_sess03_pos1_ptx_f16_g48_s1024_cache_reuse_candidate_probe_ptx_f16_g48_s00_p04,probe_after,4,2,14,139971.721452,139971.722815,139971.722134,0.00136328602093,7.02315069202,5214706385,true,true
softmax_1784951241368_softmax_full_f16io_f32acc_ptx_ex2_approx_f16_r4,softmax_oratc_targeted_g48s1024_confirm_v1_20260725_sess03_pos1_ptx_f16_g48_s1024_cache_reuse_candidate_probe_ptx_f16_g48_s00_p04,probe_after,4,2,15,139972.222952,139972.225558,139972.224255,0.00260627301759,7.52527168652,5214826603,true,true
softmax_1784951241368_softmax_full_f16io_f32acc_ptx_ex2_approx_f16_r4,softmax_oratc_targeted_g48s1024_confirm_v1_20260725_sess03_pos1_ptx_f16_g48_s1024_cache_reuse_candidate_probe_ptx_f16_g48_s00_p04,probe_after,4,2,16,139972.725735,139972.727163,139972.726449,0.00142860400956,8.02746603801,5214945977,true,true
softmax_1784951241368_softmax_full_f16io_f32acc_ptx_ex2_approx_f16_r4,softmax_oratc_targeted_g48s1024_confirm_v1_20260725_sess03_pos1_ptx_f16_g48_s1024_cache_reuse_candidate_probe_ptx_f16_g48_s00_p04,probe_after,4,2,17,139973.227332,139973.232679,139973.230006,0.00534771301318,8.5310224175,5215064688,true,true
softmax_1784951241368_softmax_full_f16io_f32acc_ptx_ex2_approx_f16_r4,softmax_oratc_targeted_g48s1024_confirm_v1_20260725_sess03_pos1_ptx_f16_g48_s1024_cache_reuse_candidate_probe_ptx_f16_g48_s00_p04,probe_after,4,2,18,139973.732815,139973.734215,139973.733515,0.00140030300827,9.03453177653,5215186829,true,true
softmax_1784951241368_softmax_full_f16io_f32acc_ptx_ex2_approx_f16_r4,softmax_oratc_targeted_g48s1024_confirm_v1_20260725_sess03_pos1_ptx_f16_g48_s1024_cache_reuse_candidate_probe_ptx_f16_g48_s00_p04,probe_after,4,2,19,139974.234353,139974.23573,139974.235042,0.00137680300395,9.5360583885,5215308336,true,true
softmax_1784951241368_softmax_full_f16io_f32acc_ptx_ex2_approx_f16_r4,softmax_oratc_targeted_g48s1024_confirm_v1_20260725_sess03_pos1_ptx_f16_g48_s1024_cache_reuse_candidate_probe_ptx_f16_g48_s00_p04,probe_after,4,2,20,139974.735839,139974.737188,139974.736513,0.00134920299752,10.0375303805,5215429609,true,true
softmax_1784951241368_softmax_full_f16io_f32acc_ptx_ex2_approx_f16_r4,softmax_oratc_targeted_g48s1024_confirm_v1_20260725_sess03_pos1_ptx_f16_g48_s1024_cache_reuse_candidate_probe_ptx_f16_g48_s00_p04,probe_after,4,2,21,139975.237315,139975.238707,139975.238011,0.00139170399052,10.53902803,5215550660,true,true
softmax_1784951241368_softmax_full_f16io_f32acc_ptx_ex2_approx_f16_r4,softmax_oratc_targeted_g48s1024_confirm_v1_20260725_sess03_pos1_ptx_f16_g48_s1024_cache_reuse_candidate_probe_ptx_f16_g48_s00_p04,probe_after,4,2,22,139975.738846,139975.740278,139975.739562,0.00143190298695,11.0405787595,5215671367,true,true
softmax_1784951241368_softmax_full_f16io_f32acc_ptx_ex2_approx_f16_r4,softmax_oratc_targeted_g48s1024_confirm_v1_20260725_sess03_pos1_ptx_f16_g48_s1024_cache_reuse_candidate_probe_ptx_f16_g48_s00_p04,probe_after,4,2,23,139976.240454,139976.241864,139976.241159,0.0014103029971,11.5421757965,5215791956,true,false
softmax_1784951241368_softmax_full_f16io_f32acc_ptx_ex2_approx_f16_r4,softmax_oratc_targeted_g48s1024_confirm_v1_20260725_sess03_pos1_ptx_f16_g48_s1024_cache_reuse_candidate_probe_ptx_f16_g48_s00_p04,probe_after,4,2,24,139976.742037,139976.743434,139976.742736,0.00139740400482,12.043752614,5215912010,true,false
softmax_1784951241368_softmax_full_f16io_f32acc_ptx_ex2_approx_f16_r4,softmax_oratc_targeted_g48s1024_confirm_v1_20260725_sess03_pos1_ptx_f16_g48_s1024_cache_reuse_candidate_probe_ptx_f16_g48_s00_p04,probe_after,4,2,25,139977.092072,139977.093404,139977.092738,0.00133190301131,12.3937550225,5215992381,true,false
softmax_1784951253770_softmax_full_f16io_f32acc_ptx_ex2_approx_f16_r5,softmax_oratc_targeted_g48s1024_confirm_v1_20260725_sess03_pos1_ptx_f16_g48_s1024_cache_reuse_candidate_probe_ptx_f16_g48_s00_p05,full_before,5,0,0,139977.10038,139977.101473,139977.100926,0.00109340299969,-0.000554501486477,5215992381,false,false
softmax_1784951253770_softmax_full_f16io_f32acc_ptx_ex2_approx_f16_r5,softmax_oratc_targeted_g48s1024_confirm_v1_20260725_sess03_pos1_ptx_f16_g48_s1024_cache_reuse_candidate_probe_ptx_f16_g48_s00_p05,full_before,5,0,1,139977.601779,139977.603113,139977.602446,0.00133348599775,0.500965301006,5216111228,true,false
softmax_1784951253770_softmax_full_f16io_f32acc_ptx_ex2_approx_f16_r5,softmax_oratc_targeted_g48s1024_confirm_v1_20260725_sess03_pos1_ptx_f16_g48_s1024_cache_reuse_candidate_probe_ptx_f16_g48_s00_p05,full_before,5,0,2,139978.103246,139978.104578,139978.103912,0.00133228601771,1.00243101199,5216230560,true,false
softmax_1784951253770_softmax_full_f16io_f32acc_ptx_ex2_approx_f16_r5,softmax_oratc_targeted_g48s1024_confirm_v1_20260725_sess03_pos1_ptx_f16_g48_s1024_cache_reuse_candidate_probe_ptx_f16_g48_s00_p05,full_before,5,0,3,139978.604753,139978.606219,139978.605486,0.00146538499394,1.50400509051,5216349408,true,true
softmax_1784951253770_softmax_full_f16io_f32acc_ptx_ex2_approx_f16_r5,softmax_oratc_targeted_g48s1024_confirm_v1_20260725_sess03_pos1_ptx_f16_g48_s1024_cache_reuse_candidate_probe_ptx_f16_g48_s00_p05,full_before,5,0,4,139979.106378,139979.11062,139979.108499,0.00424235698301,2.0070182225,5216468063,true,true
softmax_1784951253770_softmax_full_f16io_f32acc_ptx_ex2_approx_f16_r5,softmax_oratc_targeted_g48s1024_confirm_v1_20260725_sess03_pos1_ptx_f16_g48_s1024_cache_reuse_candidate_probe_ptx_f16_g48_s00_p05,full_before,5,0,5,139979.610757,139979.612173,139979.611465,0.00141540300683,2.50998388848,5216590778,true,true
softmax_1784951253770_softmax_full_f16io_f32acc_ptx_ex2_approx_f16_r5,softmax_oratc_targeted_g48s1024_confirm_v1_20260725_sess03_pos1_ptx_f16_g48_s1024_cache_reuse_candidate_probe_ptx_f16_g48_s00_p05,full_before,5,0,6,139980.112258,139980.113719,139980.112988,0.00146080300328,3.01150756353,5216713378,true,true
softmax_1784951253770_softmax_full_f16io_f32acc_ptx_ex2_approx_f16_r5,softmax_oratc_targeted_g48s1024_confirm_v1_20260725_sess03_pos1_ptx_f16_g48_s1024_cache_reuse_candidate_probe_ptx_f16_g48_s00_p05,full_before,5,0,7,139980.613849,139980.615238,139980.614543,0.00138880300801,3.5130625595,5216835634,true,true
softmax_1784951253770_softmax_full_f16io_f32acc_ptx_ex2_approx_f16_r5,softmax_oratc_targeted_g48s1024_confirm_v1_20260725_sess03_pos1_ptx_f16_g48_s1024_cache_reuse_candidate_probe_ptx_f16_g48_s00_p05,full_before,5,0,8,139981.115369,139981.116782,139981.116075,0.00141260298551,4.01459457248,5216957294,true,true
softmax_1784951253770_softmax_full_f16io_f32acc_ptx_ex2_approx_f16_r5,softmax_oratc_targeted_g48s1024_confirm_v1_20260725_sess03_pos1_ptx_f16_g48_s1024_cache_reuse_candidate_probe_ptx_f16_g48_s00_p05,full_before,5,0,9,139981.61692,139981.618351,139981.617636,0.00143110300996,4.51615485549,5217078265,true,true
softmax_1784951253770_softmax_full_f16io_f32acc_ptx_ex2_approx_f16_r5,softmax_oratc_targeted_g48s1024_confirm_v1_20260725_sess03_pos1_ptx_f16_g48_s1024_cache_reuse_candidate_probe_ptx_f16_g48_s00_p05,full_before,5,0,10,139982.118465,139982.119773,139982.119119,0.00130850297865,5.0176380045,5217198642,true,true
softmax_1784951253770_softmax_full_f16io_f32acc_ptx_ex2_approx_f16_r5,softmax_oratc_targeted_g48s1024_confirm_v1_20260725_sess03_pos1_ptx_f16_g48_s1024_cache_reuse_candidate_probe_ptx_f16_g48_s00_p05,full_before,5,0,11,139982.619911,139982.622384,139982.621148,0.00247220601887,5.519666626,5217318659,true,true
softmax_1784951253770_softmax_full_f16io_f32acc_ptx_ex2_approx_f16_r5,softmax_oratc_targeted_g48s1024_confirm_v1_20260725_sess03_pos1_ptx_f16_g48_s1024_cache_reuse_candidate_probe_ptx_f16_g48_s00_p05,full_before,5,0,12,139983.122542,139983.123983,139983.123262,0.00144170300337,6.0217814635,5217438210,true,true
softmax_1784951253770_softmax_full_f16io_f32acc_ptx_ex2_approx_f16_r5,softmax_oratc_targeted_g48s1024_confirm_v1_20260725_sess03_pos1_ptx_f16_g48_s1024_cache_reuse_candidate_probe_ptx_f16_g48_s00_p05,full_before,5,0,13,139983.624111,139983.629489,139983.6268,0.00537811301183,6.5253186755,5217557365,true,true
softmax_1784951253770_softmax_full_f16io_f32acc_ptx_ex2_approx_f16_r5,softmax_oratc_targeted_g48s1024_confirm_v1_20260725_sess03_pos1_ptx_f16_g48_s1024_cache_reuse_candidate_probe_ptx_f16_g48_s00_p05,full_before,5,0,14,139984.129639,139984.131082,139984.130361,0.00144330298644,7.02887960349,5217680332,true,true
softmax_1784951253770_softmax_full_f16io_f32acc_ptx_ex2_approx_f16_r5,softmax_oratc_targeted_g48s1024_confirm_v1_20260725_sess03_pos1_ptx_f16_g48_s1024_cache_reuse_candidate_probe_ptx_f16_g48_s00_p05,full_before,5,0,15,139984.631198,139984.632576,139984.631887,0.00137740399805,7.530405898,5217802928,true,true
softmax_1784951253770_softmax_full_f16io_f32acc_ptx_ex2_approx_f16_r5,softmax_oratc_targeted_g48s1024_confirm_v1_20260725_sess03_pos1_ptx_f16_g48_s1024_cache_reuse_candidate_probe_ptx_f16_g48_s00_p05,full_before,5,0,16,139985.132725,139985.134142,139985.133433,0.00141670298763,8.0319524075,5217924928,true,true
softmax_1784951253770_softmax_full_f16io_f32acc_ptx_ex2_approx_f16_r5,softmax_oratc_targeted_g48s1024_confirm_v1_20260725_sess03_pos1_ptx_f16_g48_s1024_cache_reuse_candidate_probe_ptx_f16_g48_s00_p05,full_before,5,0,17,139985.634259,139985.635621,139985.63494,0.0013625890133,8.5334592305,5218046326,true,true
softmax_1784951253770_softmax_full_f16io_f32acc_ptx_ex2_approx_f16_r5,softmax_oratc_targeted_g48s1024_confirm_v1_20260725_sess03_pos1_ptx_f16_g48_s1024_cache_reuse_candidate_probe_ptx_f16_g48_s00_p05,full_before,5,0,18,139986.13574,139986.137182,139986.136461,0.00144248802098,9.03498017602,5218167104,true,true
softmax_1784951253770_softmax_full_f16io_f32acc_ptx_ex2_approx_f16_r5,softmax_oratc_targeted_g48s1024_confirm_v1_20260725_sess03_pos1_ptx_f16_g48_s1024_cache_reuse_candidate_probe_ptx_f16_g48_s00_p05,full_before,5,0,19,139986.63734,139986.638759,139986.63805,0.00141898798756,9.536568643,5218287308,true,true
softmax_1784951253770_softmax_full_f16io_f32acc_ptx_ex2_approx_f16_r5,softmax_oratc_targeted_g48s1024_confirm_v1_20260725_sess03_pos1_ptx_f16_g48_s1024_cache_reuse_candidate_probe_ptx_f16_g48_s00_p05,full_before,5,0,20,139987.138913,139987.140332,139987.139623,0.00141928798985,10.038141725,5218407302,true,true
softmax_1784951253770_softmax_full_f16io_f32acc_ptx_ex2_approx_f16_r5,softmax_oratc_targeted_g48s1024_confirm_v1_20260725_sess03_pos1_ptx_f16_g48_s1024_cache_reuse_candidate_probe_ptx_f16_g48_s00_p05,full_before,5,0,21,139987.640505,139987.642088,139987.641297,0.0015832039935,10.53981564,5218527190,true,true
softmax_1784951253770_softmax_full_f16io_f32acc_ptx_ex2_approx_f16_r5,softmax_oratc_targeted_g48s1024_confirm_v1_20260725_sess03_pos1_ptx_f16_g48_s1024_cache_reuse_candidate_probe_ptx_f16_g48_s00_p05,full_before,5,0,22,139988.142218,139988.143656,139988.142937,0.00143890298204,11.0414560835,5218646708,true,true
softmax_1784951253770_softmax_full_f16io_f32acc_ptx_ex2_approx_f16_r5,softmax_oratc_targeted_g48s1024_confirm_v1_20260725_sess03_pos1_ptx_f16_g48_s1024_cache_reuse_candidate_probe_ptx_f16_g48_s00_p05,full_before,5,0,23,139988.643794,139988.64777,139988.645782,0.00397660897579,11.5443011515,5218766004,true,false
softmax_1784951253770_softmax_full_f16io_f32acc_ptx_ex2_approx_f16_r5,softmax_oratc_targeted_g48s1024_confirm_v1_20260725_sess03_pos1_ptx_f16_g48_s1024_cache_reuse_candidate_probe_ptx_f16_g48_s00_p05,full_before,5,0,24,139989.147932,139989.149359,139989.148645,0.00142750298255,12.0471645345,5218889137,true,false
softmax_1784951253770_softmax_full_f16io_f32acc_ptx_ex2_approx_f16_r5,softmax_oratc_targeted_g48s1024_confirm_v1_20260725_sess03_pos1_ptx_f16_g48_s1024_cache_reuse_candidate_probe_ptx_f16_g48_s00_p05,full_before,5,0,25,139989.506855,139989.508321,139989.507588,0.00146610298543,12.4061071555,5218973260,true,false
softmax_1784951266186_softmax_full_f16io_f32acc_ptx_ex2_approx_f16_r5,softmax_oratc_targeted_g48s1024_confirm_v1_20260725_sess03_pos1_ptx_f16_g48_s1024_cache_reuse_candidate_probe_ptx_f16_g48_s00_p05,probe_middle,5,1,0,139989.516059,139989.517275,139989.516667,0.00121670300723,-0.000613851530943,5218973260,false,false
softmax_1784951266186_softmax_full_f16io_f32acc_ptx_ex2_approx_f16_r5,softmax_oratc_targeted_g48s1024_confirm_v1_20260725_sess03_pos1_ptx_f16_g48_s1024_cache_reuse_candidate_probe_ptx_f16_g48_s00_p05,probe_middle,5,1,1,139990.017582,139990.020143,139990.018862,0.00256090599578,0.501581115997,5219089939,true,false
softmax_1784951266186_softmax_full_f16io_f32acc_ptx_ex2_approx_f16_r5,softmax_oratc_targeted_g48s1024_confirm_v1_20260725_sess03_pos1_ptx_f16_g48_s1024_cache_reuse_candidate_probe_ptx_f16_g48_s00_p05,probe_middle,5,1,2,139990.520268,139990.521631,139990.520949,0.00136360301985,1.0036684465,5219208682,true,false
softmax_1784951266186_softmax_full_f16io_f32acc_ptx_ex2_approx_f16_r5,softmax_oratc_targeted_g48s1024_confirm_v1_20260725_sess03_pos1_ptx_f16_g48_s1024_cache_reuse_candidate_probe_ptx_f16_g48_s00_p05,probe_middle,5,1,3,139991.021762,139991.027141,139991.024451,0.0053787130164,1.50717020349,5219326958,true,true
softmax_1784951266186_softmax_full_f16io_f32acc_ptx_ex2_approx_f16_r5,softmax_oratc_targeted_g48s1024_confirm_v1_20260725_sess03_pos1_ptx_f16_g48_s1024_cache_reuse_candidate_probe_ptx_f16_g48_s00_p05,probe_middle,5,1,4,139991.52729,139991.528769,139991.52803,0.00147880398436,2.01074887399,5219449015,true,true
softmax_1784951266186_softmax_full_f16io_f32acc_ptx_ex2_approx_f16_r5,softmax_oratc_targeted_g48s1024_confirm_v1_20260725_sess03_pos1_ptx_f16_g48_s1024_cache_reuse_candidate_probe_ptx_f16_g48_s00_p05,probe_middle,5,1,5,139992.028893,139992.030256,139992.029574,0.00136280301376,2.51229351247,5219570840,true,true
softmax_1784951266186_softmax_full_f16io_f32acc_ptx_ex2_approx_f16_r5,softmax_oratc_targeted_g48s1024_confirm_v1_20260725_sess03_pos1_ptx_f16_g48_s1024_cache_reuse_candidate_probe_ptx_f16_g48_s00_p05,probe_middle,5,1,6,139992.530386,139992.53181,139992.531098,0.00142390400288,3.01381741499,5219692479,true,true
softmax_1784951266186_softmax_full_f16io_f32acc_ptx_ex2_approx_f16_r5,softmax_oratc_targeted_g48s1024_confirm_v1_20260725_sess03_pos1_ptx_f16_g48_s1024_cache_reuse_candidate_probe_ptx_f16_g48_s00_p05,probe_middle,5,1,7,139993.031927,139993.033336,139993.032631,0.00140910301707,3.51535018947,5219813710,true,true
softmax_1784951266186_softmax_full_f16io_f32acc_ptx_ex2_approx_f16_r5,softmax_oratc_targeted_g48s1024_confirm_v1_20260725_sess03_pos1_ptx_f16_g48_s1024_cache_reuse_candidate_probe_ptx_f16_g48_s00_p05,probe_middle,5,1,8,139993.533455,139993.534854,139993.534154,0.00139859798946,4.01687350497,5219934454,true,true
softmax_1784951266186_softmax_full_f16io_f32acc_ptx_ex2_approx_f16_r5,softmax_oratc_targeted_g48s1024_confirm_v1_20260725_sess03_pos1_ptx_f16_g48_s1024_cache_reuse_candidate_probe_ptx_f16_g48_s00_p05,probe_middle,5,1,9,139994.034971,139994.036354,139994.035662,0.00138309801696,4.51838130198,5220054481,true,true
softmax_1784951266186_softmax_full_f16io_f32acc_ptx_ex2_approx_f16_r5,softmax_oratc_targeted_g48s1024_confirm_v1_20260725_sess03_pos1_ptx_f16_g48_s1024_cache_reuse_candidate_probe_ptx_f16_g48_s00_p05,probe_middle,5,1,10,139994.53648,139994.537836,139994.537158,0.00135609798599,5.01987746198,5220173793,true,true
softmax_1784951266186_softmax_full_f16io_f32acc_ptx_ex2_approx_f16_r5,softmax_oratc_targeted_g48s1024_confirm_v1_20260725_sess03_pos1_ptx_f16_g48_s1024_cache_reuse_candidate_probe_ptx_f16_g48_s00_p05,probe_middle,5,1,11,139995.037953,139995.039355,139995.038654,0.00140149798244,5.52137314499,5220292764,true,true
softmax_1784951266186_softmax_full_f16io_f32acc_ptx_ex2_approx_f16_r5,softmax_oratc_targeted_g48s1024_confirm_v1_20260725_sess03_pos1_ptx_f16_g48_s1024_cache_reuse_candidate_probe_ptx_f16_g48_s00_p05,probe_middle,5,1,12,139995.539474,139995.54088,139995.540177,0.00140599900624,6.02289629148,5220411557,true,true
softmax_1784951266186_softmax_full_f16io_f32acc_ptx_ex2_approx_f16_r5,softmax_oratc_targeted_g48s1024_confirm_v1_20260725_sess03_pos1_ptx_f16_g48_s1024_cache_reuse_candidate_probe_ptx_f16_g48_s00_p05,probe_middle,5,1,13,139996.040997,139996.045511,139996.043254,0.00451379298465,6.52597300749,5220530202,true,true
softmax_1784951266186_softmax_full_f16io_f32acc_ptx_ex2_approx_f16_r5,softmax_oratc_targeted_g48s1024_confirm_v1_20260725_sess03_pos1_ptx_f16_g48_s1024_cache_reuse_candidate_probe_ptx_f16_g48_s00_p05,probe_middle,5,1,14,139996.545633,139996.546977,139996.546305,0.00134449900361,7.02902418849,5220652783,true,true
softmax_1784951266186_softmax_full_f16io_f32acc_ptx_ex2_approx_f16_r5,softmax_oratc_targeted_g48s1024_confirm_v1_20260725_sess03_pos1_ptx_f16_g48_s1024_cache_reuse_candidate_probe_ptx_f16_g48_s00_p05,probe_middle,5,1,15,139997.047096,139997.048401,139997.047748,0.00130579801043,7.53046749299,5220774911,true,true
softmax_1784951266186_softmax_full_f16io_f32acc_ptx_ex2_approx_f16_r5,softmax_oratc_targeted_g48s1024_confirm_v1_20260725_sess03_pos1_ptx_f16_g48_s1024_cache_reuse_candidate_probe_ptx_f16_g48_s00_p05,probe_middle,5,1,16,139997.548513,139997.549911,139997.549212,0.0013984029938,8.03193081147,5220896421,true,true
softmax_1784951266186_softmax_full_f16io_f32acc_ptx_ex2_approx_f16_r5,softmax_oratc_targeted_g48s1024_confirm_v1_20260725_sess03_pos1_ptx_f16_g48_s1024_cache_reuse_candidate_probe_ptx_f16_g48_s00_p05,probe_middle,5,1,17,139998.050027,139998.051472,139998.050749,0.00144510398968,8.53346839797,5221017374,true,true
softmax_1784951266186_softmax_full_f16io_f32acc_ptx_ex2_approx_f16_r5,softmax_oratc_targeted_g48s1024_confirm_v1_20260725_sess03_pos1_ptx_f16_g48_s1024_cache_reuse_candidate_probe_ptx_f16_g48_s00_p05,probe_middle,5,1,18,139998.551593,139998.552983,139998.552288,0.00139090398443,9.03500704997,5221137710,true,true
softmax_1784951266186_softmax_full_f16io_f32acc_ptx_ex2_approx_f16_r5,softmax_oratc_targeted_g48s1024_confirm_v1_20260725_sess03_pos1_ptx_f16_g48_s1024_cache_reuse_candidate_probe_ptx_f16_g48_s00_p05,probe_middle,5,1,19,139999.053102,139999.054663,139999.053883,0.00156150301336,9.53660172247,5221257540,true,true
softmax_1784951266186_softmax_full_f16io_f32acc_ptx_ex2_approx_f16_r5,softmax_oratc_targeted_g48s1024_confirm_v1_20260725_sess03_pos1_ptx_f16_g48_s1024_cache_reuse_candidate_probe_ptx_f16_g48_s00_p05,probe_middle,5,1,20,139999.554784,139999.556169,139999.555476,0.00138500300818,10.0381950605,5221377222,true,true
softmax_1784951266186_softmax_full_f16io_f32acc_ptx_ex2_approx_f16_r5,softmax_oratc_targeted_g48s1024_confirm_v1_20260725_sess03_pos1_ptx_f16_g48_s1024_cache_reuse_candidate_probe_ptx_f16_g48_s00_p05,probe_middle,5,1,21,140000.056284,140000.057718,140000.057001,0.00143370300066,10.5397198185,5221496586,true,true
softmax_1784951266186_softmax_full_f16io_f32acc_ptx_ex2_approx_f16_r5,softmax_oratc_targeted_g48s1024_confirm_v1_20260725_sess03_pos1_ptx_f16_g48_s1024_cache_reuse_candidate_probe_ptx_f16_g48_s00_p05,probe_middle,5,1,22,140000.557833,140000.559318,140000.558575,0.00148540400551,11.041294492,5221615726,true,true
softmax_1784951266186_softmax_full_f16io_f32acc_ptx_ex2_approx_f16_r5,softmax_oratc_targeted_g48s1024_confirm_v1_20260725_sess03_pos1_ptx_f16_g48_s1024_cache_reuse_candidate_probe_ptx_f16_g48_s00_p05,probe_middle,5,1,23,140001.059443,140001.063936,140001.06169,0.00449351099087,11.5444087895,5221734566,true,false
softmax_1784951266186_softmax_full_f16io_f32acc_ptx_ex2_approx_f16_r5,softmax_oratc_targeted_g48s1024_confirm_v1_20260725_sess03_pos1_ptx_f16_g48_s1024_cache_reuse_candidate_probe_ptx_f16_g48_s00_p05,probe_middle,5,1,24,140001.564026,140001.565422,140001.564724,0.00139639698318,12.0474433075,5221856944,true,false
softmax_1784951266186_softmax_full_f16io_f32acc_ptx_ex2_approx_f16_r5,softmax_oratc_targeted_g48s1024_confirm_v1_20260725_sess03_pos1_ptx_f16_g48_s1024_cache_reuse_candidate_probe_ptx_f16_g48_s00_p05,probe_middle,5,1,25,140001.908203,140001.909608,140001.908905,0.00140419698437,12.3916245175,5221941337,true,false
softmax_1784951278587_softmax_full_f16io_f32acc_ptx_ex2_approx_f16_r5,softmax_oratc_targeted_g48s1024_confirm_v1_20260725_sess03_pos1_ptx_f16_g48_s1024_cache_reuse_candidate_probe_ptx_f16_g48_s00_p05,full_after,5,2,0,140001.917308,140001.918503,140001.917905,0.0011947969906,-0.000603498512646,5221941337,false,false
softmax_1784951278587_softmax_full_f16io_f32acc_ptx_ex2_approx_f16_r5,softmax_oratc_targeted_g48s1024_confirm_v1_20260725_sess03_pos1_ptx_f16_g48_s1024_cache_reuse_candidate_probe_ptx_f16_g48_s00_p05,full_after,5,2,1,140002.418772,140002.423663,140002.421218,0.00489088898757,0.502709202497,5222057376,true,false
softmax_1784951278587_softmax_full_f16io_f32acc_ptx_ex2_approx_f16_r5,softmax_oratc_targeted_g48s1024_confirm_v1_20260725_sess03_pos1_ptx_f16_g48_s1024_cache_reuse_candidate_probe_ptx_f16_g48_s00_p05,full_after,5,2,2,140002.923792,140002.925169,140002.924481,0.00137629700475,1.00597178348,5222179541,true,false
softmax_1784951278587_softmax_full_f16io_f32acc_ptx_ex2_approx_f16_r5,softmax_oratc_targeted_g48s1024_confirm_v1_20260725_sess03_pos1_ptx_f16_g48_s1024_cache_reuse_candidate_probe_ptx_f16_g48_s00_p05,full_after,5,2,3,140003.425335,140003.426705,140003.42602,0.00137019698741,1.50751142349,5222301543,true,true
softmax_1784951278587_softmax_full_f16io_f32acc_ptx_ex2_approx_f16_r5,softmax_oratc_targeted_g48s1024_confirm_v1_20260725_sess03_pos1_ptx_f16_g48_s1024_cache_reuse_candidate_probe_ptx_f16_g48_s00_p05,full_after,5,2,4,140003.926828,140003.928253,140003.927541,0.00142529699951,2.00903189348,5222423364,true,true
softmax_1784951278587_softmax_full_f16io_f32acc_ptx_ex2_approx_f16_r5,softmax_oratc_targeted_g48s1024_confirm_v1_20260725_sess03_pos1_ptx_f16_g48_s1024_cache_reuse_candidate_probe_ptx_f16_g48_s00_p05,full_after,5,2,5,140004.42841,140004.429816,140004.429113,0.00140639799065,2.51060446998,5222545026,true,true
softmax_1784951278587_softmax_full_f16io_f32acc_ptx_ex2_approx_f16_r5,softmax_oratc_targeted_g48s1024_confirm_v1_20260725_sess03_pos1_ptx_f16_g48_s1024_cache_reuse_candidate_probe_ptx_f16_g48_s00_p05,full_after,5,2,6,140004.92999,140004.931475,140004.930732,0.00148489701678,3.01222357451,5222666351,true,true
softmax_1784951278587_softmax_full_f16io_f32acc_ptx_ex2_approx_f16_r5,softmax_oratc_targeted_g48s1024_confirm_v1_20260725_sess03_pos1_ptx_f16_g48_s1024_cache_reuse_candidate_probe_ptx_f16_g48_s00_p05,full_after,5,2,7,140005.431596,140005.432974,140005.432285,0.00137790298322,3.51377601249,5222787240,true,true
softmax_1784951278587_softmax_full_f16io_f32acc_ptx_ex2_approx_f16_r5,softmax_oratc_targeted_g48s1024_confirm_v1_20260725_sess03_pos1_ptx_f16_g48_s1024_cache_reuse_candidate_probe_ptx_f16_g48_s00_p05,full_after,5,2,8,140005.933141,140005.934515,140005.933828,0.0013733030064,4.01531924849,5222907386,true,true
softmax_1784951278587_softmax_full_f16io_f32acc_ptx_ex2_approx_f16_r5,softmax_oratc_targeted_g48s1024_confirm_v1_20260725_sess03_pos1_ptx_f16_g48_s1024_cache_reuse_candidate_probe_ptx_f16_g48_s00_p05,full_after,5,2,9,140006.434639,140006.43602,140006.435329,0.00138020399027,4.51682074199,5223027076,true,true
softmax_1784951278587_softmax_full_f16io_f32acc_ptx_ex2_approx_f16_r5,softmax_oratc_targeted_g48s1024_confirm_v1_20260725_sess03_pos1_ptx_f16_g48_s1024_cache_reuse_candidate_probe_ptx_f16_g48_s00_p05,full_after,5,2,10,140006.936158,140006.937673,140006.936916,0.0015151030093,5.0184070635,5223146163,true,true
softmax_1784951278587_softmax_full_f16io_f32acc_ptx_ex2_approx_f16_r5,softmax_oratc_targeted_g48s1024_confirm_v1_20260725_sess03_pos1_ptx_f16_g48_s1024_cache_reuse_candidate_probe_ptx_f16_g48_s00_p05,full_after,5,2,11,140007.437792,140007.442015,140007.439903,0.00422291000723,5.52139464597,5223264843,true,true
softmax_1784951278587_softmax_full_f16io_f32acc_ptx_ex2_approx_f16_r5,softmax_oratc_targeted_g48s1024_confirm_v1_20260725_sess03_pos1_ptx_f16_g48_s1024_cache_reuse_candidate_probe_ptx_f16_g48_s00_p05,full_after,5,2,12,140007.94216,140007.943587,140007.942874,0.00142690399662,6.02436485598,5223387460,true,true
softmax_1784951278587_softmax_full_f16io_f32acc_ptx_ex2_approx_f16_r5,softmax_oratc_targeted_g48s1024_confirm_v1_20260725_sess03_pos1_ptx_f16_g48_s1024_cache_reuse_candidate_probe_ptx_f16_g48_s00_p05,full_after,5,2,13,140008.44376,140008.445143,140008.444451,0.00138300299295,6.52594232047,5223509942,true,true
softmax_1784951278587_softmax_full_f16io_f32acc_ptx_ex2_approx_f16_r5,softmax_oratc_targeted_g48s1024_confirm_v1_20260725_sess03_pos1_ptx_f16_g48_s1024_cache_reuse_candidate_probe_ptx_f16_g48_s00_p05,full_after,5,2,14,140008.945278,140008.946606,140008.945942,0.00132830400253,7.027433212,5223632101,true,true
softmax_1784951278587_softmax_full_f16io_f32acc_ptx_ex2_approx_f16_r5,softmax_oratc_targeted_g48s1024_confirm_v1_20260725_sess03_pos1_ptx_f16_g48_s1024_cache_reuse_candidate_probe_ptx_f16_g48_s00_p05,full_after,5,2,15,140009.446762,140009.4482,140009.447481,0.0014380030043,7.52897261147,5223753877,true,true
softmax_1784951278587_softmax_full_f16io_f32acc_ptx_ex2_approx_f16_r5,softmax_oratc_targeted_g48s1024_confirm_v1_20260725_sess03_pos1_ptx_f16_g48_s1024_cache_reuse_candidate_probe_ptx_f16_g48_s00_p05,full_after,5,2,16,140009.948362,140009.949731,140009.949047,0.00136909299181,8.03053796251,5223875030,true,true
softmax_1784951278587_softmax_full_f16io_f32acc_ptx_ex2_approx_f16_r5,softmax_oratc_targeted_g48s1024_confirm_v1_20260725_sess03_pos1_ptx_f16_g48_s1024_cache_reuse_candidate_probe_ptx_f16_g48_s00_p05,full_after,5,2,17,140010.449858,140010.451277,140010.450568,0.0014187929919,8.5320589855,5223995495,true,true
softmax_1784951278587_softmax_full_f16io_f32acc_ptx_ex2_approx_f16_r5,softmax_oratc_targeted_g48s1024_confirm_v1_20260725_sess03_pos1_ptx_f16_g48_s1024_cache_reuse_candidate_probe_ptx_f16_g48_s00_p05,full_after,5,2,18,140010.951442,140010.952814,140010.952128,0.00137169400114,9.03361953498,5224115368,true,true
softmax_1784951278587_softmax_full_f16io_f32acc_ptx_ex2_approx_f16_r5,softmax_oratc_targeted_g48s1024_confirm_v1_20260725_sess03_pos1_ptx_f16_g48_s1024_cache_reuse_candidate_probe_ptx_f16_g48_s00_p05,full_after,5,2,19,140011.452975,140011.45438,140011.453677,0.00140459398972,9.53516849299,5224234853,true,true
softmax_1784951278587_softmax_full_f16io_f32acc_ptx_ex2_approx_f16_r5,softmax_oratc_targeted_g48s1024_confirm_v1_20260725_sess03_pos1_ptx_f16_g48_s1024_cache_reuse_candidate_probe_ptx_f16_g48_s00_p05,full_after,5,2,20,140011.954509,140011.955889,140011.955199,0.00138049400994,10.036690478,5224354078,true,true
softmax_1784951278587_softmax_full_f16io_f32acc_ptx_ex2_approx_f16_r5,softmax_oratc_targeted_g48s1024_confirm_v1_20260725_sess03_pos1_ptx_f16_g48_s1024_cache_reuse_candidate_probe_ptx_f16_g48_s00_p05,full_after,5,2,21,140012.456043,140012.460279,140012.458161,0.00423550899723,10.5396522765,5224473052,true,true
softmax_1784951278587_softmax_full_f16io_f32acc_ptx_ex2_approx_f16_r5,softmax_oratc_targeted_g48s1024_confirm_v1_20260725_sess03_pos1_ptx_f16_g48_s1024_cache_reuse_candidate_probe_ptx_f16_g48_s00_p05,full_after,5,2,22,140012.960407,140012.961808,140012.961108,0.00140080199344,11.042599038,5224595992,true,true
softmax_1784951278587_softmax_full_f16io_f32acc_ptx_ex2_approx_f16_r5,softmax_oratc_targeted_g48s1024_confirm_v1_20260725_sess03_pos1_ptx_f16_g48_s1024_cache_reuse_candidate_probe_ptx_f16_g48_s00_p05,full_after,5,2,23,140013.461972,140013.463302,140013.462637,0.00132940299227,11.5441282555,5224718668,true,false
softmax_1784951278587_softmax_full_f16io_f32acc_ptx_ex2_approx_f16_r5,softmax_oratc_targeted_g48s1024_confirm_v1_20260725_sess03_pos1_ptx_f16_g48_s1024_cache_reuse_candidate_probe_ptx_f16_g48_s00_p05,full_after,5,2,24,140013.963437,140013.964771,140013.964104,0.00133350299438,12.0455951485,5224840725,true,false
softmax_1784951278587_softmax_full_f16io_f32acc_ptx_ex2_approx_f16_r5,softmax_oratc_targeted_g48s1024_confirm_v1_20260725_sess03_pos1_ptx_f16_g48_s1024_cache_reuse_candidate_probe_ptx_f16_g48_s00_p05,full_after,5,2,25,140014.337851,140014.34061,140014.33923,0.00275870598853,12.420721729,5224925933,true,false
